product	path	category	tree_status	baseline_sha256	incoming_sha256	comparison_basis	semantic_interpretation
BACKEND	Dockerfile	CONFIG_INFRA	SAME_CONTENT	1a582935e1df82393f95333b1b215596edecbf72feef175acc2a15caf50f661c	1a582935e1df82393f95333b1b215596edecbf72feef175acc2a15caf50f661c	source-directory-byte-hash-unrelated-snapshot	NOT_ASSESSED_BY_FILE_DELTA
BACKEND	Dockerfile.production	CONFIG_INFRA	SAME_CONTENT	f33be31cd4a451c49c451fb789936175a1535b33afb96db77f279022e82bc928	f33be31cd4a451c49c451fb789936175a1535b33afb96db77f279022e82bc928	source-directory-byte-hash-unrelated-snapshot	NOT_ASSESSED_BY_FILE_DELTA
BACKEND	ENVIRONMENT.md	BACKEND	SAME_CONTENT	2e1c50eea22a43db07f89bd72bf69516e030c3d7a1fac7001c9a9903c6f004fe	2e1c50eea22a43db07f89bd72bf69516e030c3d7a1fac7001c9a9903c6f004fe	source-directory-byte-hash-unrelated-snapshot	NOT_ASSESSED_BY_FILE_DELTA
BACKEND	NABDAH_PROJECT_REFERENCE.md	BACKEND	BASELINE_ONLY	cfeda7126d562bbf26a35af5913e2507421939522445fd33d17b544a3665ada0		source-directory-byte-hash-unrelated-snapshot	NOT_ASSESSED_BY_FILE_DELTA
BACKEND	NabdProvider-provider.zip	BACKEND	BASELINE_ONLY	73c363440c8f4d68ad1ba3f7e9e78cfdab87167a16be20c66deea46d64214a4c		source-directory-byte-hash-unrelated-snapshot	NOT_ASSESSED_BY_FILE_DELTA
BACKEND	assets/insurance-logos/README.md	BACKEND	SAME_CONTENT	d60c10ae0bc8c70b3d6be46e5672c03a3f083eb47e7ea1022848d2cad791a922	d60c10ae0bc8c70b3d6be46e5672c03a3f083eb47e7ea1022848d2cad791a922	source-directory-byte-hash-unrelated-snapshot	NOT_ASSESSED_BY_FILE_DELTA
BACKEND	assets/insurance-logos/acig.webp	BACKEND	SAME_CONTENT	041c9cd3bae243374e8b9d4a63d52d9aefbe5124d72b32c39529a68e58c90906	041c9cd3bae243374e8b9d4a63d52d9aefbe5124d72b32c39529a68e58c90906	source-directory-byte-hash-unrelated-snapshot	NOT_ASSESSED_BY_FILE_DELTA
BACKEND	assets/insurance-logos/al_rajhi_takaful.webp	BACKEND	SAME_CONTENT	739a6e2376584db4d4f5f644eee21ce4f61782b6aece1c2a8577c9c501e185c8	739a6e2376584db4d4f5f644eee21ce4f61782b6aece1c2a8577c9c501e185c8	source-directory-byte-hash-unrelated-snapshot	NOT_ASSESSED_BY_FILE_DELTA
BACKEND	assets/insurance-logos/al_sagr.webp	BACKEND	SAME_CONTENT	a70cba1c1ad3fc7e28955834c2387d0fce324b64172fd60377779e7cf9372ebc	a70cba1c1ad3fc7e28955834c2387d0fce324b64172fd60377779e7cf9372ebc	source-directory-byte-hash-unrelated-snapshot	NOT_ASSESSED_BY_FILE_DELTA
BACKEND	assets/insurance-logos/aljazira_takaful.webp	BACKEND	SAME_CONTENT	393f8660a6580beb6ba33e2a9216b88f9e911fcfa76c8c7e8773c8b20b1ce41e	393f8660a6580beb6ba33e2a9216b88f9e911fcfa76c8c7e8773c8b20b1ce41e	source-directory-byte-hash-unrelated-snapshot	NOT_ASSESSED_BY_FILE_DELTA
BACKEND	assets/insurance-logos/amana.webp	BACKEND	SAME_CONTENT	2639d2482e0878561c891f59c0c664ef89374646e89f822c33f8a4a7847999dc	2639d2482e0878561c891f59c0c664ef89374646e89f822c33f8a4a7847999dc	source-directory-byte-hash-unrelated-snapshot	NOT_ASSESSED_BY_FILE_DELTA
BACKEND	assets/insurance-logos/arabia_insurance.webp	BACKEND	SAME_CONTENT	572a447f2b56808459d1b212fd04ab63fa25daf5af548a5863a5528107947c21	572a447f2b56808459d1b212fd04ab63fa25daf5af548a5863a5528107947c21	source-directory-byte-hash-unrelated-snapshot	NOT_ASSESSED_BY_FILE_DELTA
BACKEND	assets/insurance-logos/arabian_shield.webp	BACKEND	SAME_CONTENT	e280d158efb252b6f842f99c8658936bda4705d4921fbd1e256f801e0d374129	e280d158efb252b6f842f99c8658936bda4705d4921fbd1e256f801e0d374129	source-directory-byte-hash-unrelated-snapshot	NOT_ASSESSED_BY_FILE_DELTA
BACKEND	assets/insurance-logos/bupa.webp	BACKEND	SAME_CONTENT	43d4eedb6167d3754d1ec28dede3ea7e3e3f63e97efedc312eddb433b9e976c5	43d4eedb6167d3754d1ec28dede3ea7e3e3f63e97efedc312eddb433b9e976c5	source-directory-byte-hash-unrelated-snapshot	NOT_ASSESSED_BY_FILE_DELTA
BACKEND	assets/insurance-logos/chubb_arabia.webp	BACKEND	SAME_CONTENT	2ad752bf04986c3b8d69ad281a510a5bbd2538db5a01fbd6a4d448cb4159addf	2ad752bf04986c3b8d69ad281a510a5bbd2538db5a01fbd6a4d448cb4159addf	source-directory-byte-hash-unrelated-snapshot	NOT_ASSESSED_BY_FILE_DELTA
BACKEND	assets/insurance-logos/cigna.webp	BACKEND	SAME_CONTENT	889bec3f443c7ac217766799c12ab9164de9daac242f3e5d0d14439b0390d565	889bec3f443c7ac217766799c12ab9164de9daac242f3e5d0d14439b0390d565	source-directory-byte-hash-unrelated-snapshot	NOT_ASSESSED_BY_FILE_DELTA
BACKEND	assets/insurance-logos/gig_gulf.webp	BACKEND	SAME_CONTENT	e627f1fa288f064174877b3a2e284dc332754a257faaa087f11d74e3edeee473	e627f1fa288f064174877b3a2e284dc332754a257faaa087f11d74e3edeee473	source-directory-byte-hash-unrelated-snapshot	NOT_ASSESSED_BY_FILE_DELTA
BACKEND	assets/insurance-logos/gulf_general.webp	BACKEND	SAME_CONTENT	5de7996e87d7085b9c21aa5c43b81a6c1bff1a3e2f2349f458584de89d977c1d	5de7996e87d7085b9c21aa5c43b81a6c1bff1a3e2f2349f458584de89d977c1d	source-directory-byte-hash-unrelated-snapshot	NOT_ASSESSED_BY_FILE_DELTA
BACKEND	assets/insurance-logos/liva.webp	BACKEND	SAME_CONTENT	8d351cde8087f5b77afbb248a6927a0e3c5ee840c5646450f83c4190780e9dc0	8d351cde8087f5b77afbb248a6927a0e3c5ee840c5646450f83c4190780e9dc0	source-directory-byte-hash-unrelated-snapshot	NOT_ASSESSED_BY_FILE_DELTA
BACKEND	assets/insurance-logos/manifest.json	BACKEND	SAME_CONTENT	b4cbcfdab7b894db1b3e4a0a1696353802ee28a936520caff813eb22f3fb4761	b4cbcfdab7b894db1b3e4a0a1696353802ee28a936520caff813eb22f3fb4761	source-directory-byte-hash-unrelated-snapshot	NOT_ASSESSED_BY_FILE_DELTA
BACKEND	assets/insurance-logos/medgulf.webp	BACKEND	SAME_CONTENT	1baf5005b682acd78a164f2162928a6709fae69f9c7e90de7ebd8d9d40b47566	1baf5005b682acd78a164f2162928a6709fae69f9c7e90de7ebd8d9d40b47566	source-directory-byte-hash-unrelated-snapshot	NOT_ASSESSED_BY_FILE_DELTA
BACKEND	assets/insurance-logos/saico.webp	BACKEND	SAME_CONTENT	d12a895eb77e16aa167efd078aa91424f2652a67036a4c475b338e03b321ac0e	d12a895eb77e16aa167efd078aa91424f2652a67036a4c475b338e03b321ac0e	source-directory-byte-hash-unrelated-snapshot	NOT_ASSESSED_BY_FILE_DELTA
BACKEND	assets/insurance-logos/salama.webp	BACKEND	SAME_CONTENT	da589d2911a1516fd208b3b2ad829e3d796be7d98670f736af202b0c35e2e257	da589d2911a1516fd208b3b2ad829e3d796be7d98670f736af202b0c35e2e257	source-directory-byte-hash-unrelated-snapshot	NOT_ASSESSED_BY_FILE_DELTA
BACKEND	assets/insurance-logos/saudi_enaya.webp	BACKEND	SAME_CONTENT	b5816eb3be4ee5d9cc617ae043e74815945cebe745c6c6b922d12332ce32210c	b5816eb3be4ee5d9cc617ae043e74815945cebe745c6c6b922d12332ce32210c	source-directory-byte-hash-unrelated-snapshot	NOT_ASSESSED_BY_FILE_DELTA
BACKEND	assets/insurance-logos/tawuniya.webp	BACKEND	SAME_CONTENT	e82845c5ba20dfb55d3344511371712aec338fe826a255d2b23348b1220bb066	e82845c5ba20dfb55d3344511371712aec338fe826a255d2b23348b1220bb066	source-directory-byte-hash-unrelated-snapshot	NOT_ASSESSED_BY_FILE_DELTA
BACKEND	assets/insurance-logos/walaa.webp	BACKEND	SAME_CONTENT	8e7ba98a7e2d6b6508ed0699ba3e9f069f204d3f44ec18de4dbe3fc41a4c6bc0	8e7ba98a7e2d6b6508ed0699ba3e9f069f204d3f44ec18de4dbe3fc41a4c6bc0	source-directory-byte-hash-unrelated-snapshot	NOT_ASSESSED_BY_FILE_DELTA
BACKEND	audit-artifacts/ADMIN_DISPUTES_SOURCE_SCOPE_BLOCKER_20260818.md	BACKEND	BASELINE_ONLY	73c2592f7886c8fad2a52204f9028c868b72be57f55c9baed8be514d46e10280		source-directory-byte-hash-unrelated-snapshot	NOT_ASSESSED_BY_FILE_DELTA
BACKEND	audit-artifacts/ADMIN_QA_ROUTE_BUTTON_INVENTORY_20260818.txt	BACKEND	BASELINE_ONLY	c1de3cbf858101b65ce89032020a428fccd24bc1e94f8fe3ba5dc3dc0f0d1899		source-directory-byte-hash-unrelated-snapshot	NOT_ASSESSED_BY_FILE_DELTA
BACKEND	audit-artifacts/ADMIN_SOURCE_INVENTORY_20260818.txt	BACKEND	BASELINE_ONLY	7ff8b14eebdbd8c4b2015a8fece3c289ae7e82696e407a4d5e8357c172af6659		source-directory-byte-hash-unrelated-snapshot	NOT_ASSESSED_BY_FILE_DELTA
BACKEND	audit-artifacts/AUDIT_REPORT_BUILD_GATE_20260818.md	BACKEND	BASELINE_ONLY	198673d7b788302f64a976795bdd69cbabb366219ea2e852eacb66c8e9365207		source-directory-byte-hash-unrelated-snapshot	NOT_ASSESSED_BY_FILE_DELTA
BACKEND	audit-artifacts/AUTHORITATIVE_SOURCE_HASH_SNAPSHOT_20260818.txt	BACKEND	BASELINE_ONLY	9b5b3b7a4c5c59b34760303e1966528b0af2daaa8cdb63ce00d7778cec15e2e3		source-directory-byte-hash-unrelated-snapshot	NOT_ASSESSED_BY_FILE_DELTA
BACKEND	audit-artifacts/AUTHORITATIVE_SOURCE_REGISTER_20260818.md	BACKEND	BASELINE_ONLY	852333eb330c65798a4f3525b89a01e57ed0d9e2b4301a4802b51d9fa89d72f2		source-directory-byte-hash-unrelated-snapshot	NOT_ASSESSED_BY_FILE_DELTA
BACKEND	audit-artifacts/BACKEND_SOURCE_IMPORT_PROVENANCE_20260822.md	BACKEND	BASELINE_ONLY	1abf0c25682b27f1bf5fe386b8b84dda780440daa68515af121b9ccb4ef97c76		source-directory-byte-hash-unrelated-snapshot	NOT_ASSESSED_BY_FILE_DELTA
BACKEND	audit-artifacts/COMMUNICATIONS_IMPLEMENTATION_VERIFICATION_20260817.md	BACKEND	BASELINE_ONLY	71635c6c882689a98d6eefdf5f2f69f3ba9a8941a00235e41e0927aad2b227c4		source-directory-byte-hash-unrelated-snapshot	NOT_ASSESSED_BY_FILE_DELTA
BACKEND	audit-artifacts/COMMUNICATIONS_SOURCE_TRACE_20260817.txt	BACKEND	BASELINE_ONLY	bf80baa70f467741b46b725ed10d57cdb53ba132440a69d79e3ee8a10239d78b		source-directory-byte-hash-unrelated-snapshot	NOT_ASSESSED_BY_FILE_DELTA
BACKEND	audit-artifacts/COMPREHENSIVE_SERVICE_SCENARIO_MATRIX_20260818.md	BACKEND	BASELINE_ONLY	982e1076517a57473404f90af83ad40a5119d82bf4c21da2f6dad3853f673d10		source-directory-byte-hash-unrelated-snapshot	NOT_ASSESSED_BY_FILE_DELTA
BACKEND	audit-artifacts/CONSENT_CONTRACT_REVIEW_DRAFT_20260817.md	BACKEND	BASELINE_ONLY	95c46c7b1d81ca77812c8b45fd85f325f7fdced300638cb828c04b6db4974b20		source-directory-byte-hash-unrelated-snapshot	NOT_ASSESSED_BY_FILE_DELTA
BACKEND	audit-artifacts/CONSULTATION_BACKEND_APP_CONTRACT_MAP_20260818.txt	BACKEND	BASELINE_ONLY	4bf00cc79e81c4f6c40496e8e99db55a711995d7de5aa2eadb07ebbdf7a254b8		source-directory-byte-hash-unrelated-snapshot	NOT_ASSESSED_BY_FILE_DELTA
BACKEND	audit-artifacts/CONTRACT_PACK_V1_IMPLEMENTATION_FILE_MANIFEST_20260822.md	BACKEND	BASELINE_ONLY	6ddf83103f96a631b6d4153dce8d9ff8b4880df90959c363e346427076323975		source-directory-byte-hash-unrelated-snapshot	NOT_ASSESSED_BY_FILE_DELTA
BACKEND	audit-artifacts/CONTRACT_PACK_V1_REMAINING_GAP_MATRIX_20260822.md	BACKEND	BASELINE_ONLY	a44929a6a8e1f107ffd83ed6a7063b67760eb534132a8b71cadee8aab6fd7399		source-directory-byte-hash-unrelated-snapshot	NOT_ASSESSED_BY_FILE_DELTA
BACKEND	audit-artifacts/DEPLOYMENT_AND_POST_DEPLOY_GATE_20260818.md	BACKEND	BASELINE_ONLY	4abbd37b6645555f444132453f89718261cab78167acfe47632fe225f0fe5376		source-directory-byte-hash-unrelated-snapshot	NOT_ASSESSED_BY_FILE_DELTA
BACKEND	audit-artifacts/DEVICE_AUTOMATED_BUILD_RESULTS_20260817.md	BACKEND	BASELINE_ONLY	04fac1c0292e400494ef82d8fee747500755fbcaccc706d7a2d2f1f530f3421d		source-directory-byte-hash-unrelated-snapshot	NOT_ASSESSED_BY_FILE_DELTA
BACKEND	audit-artifacts/DEVICE_FARM_BLOCKER_20260817.md	BACKEND	BASELINE_ONLY	4404d10dca79859ed96fe51315acc6f664c1b0a6070e2a5dd7526b8978eeb915		source-directory-byte-hash-unrelated-snapshot	NOT_ASSESSED_BY_FILE_DELTA
BACKEND	audit-artifacts/DEVICE_NabdProvider-android-build.out	BACKEND	BASELINE_ONLY	1e90d6d1f84344cf24dfd67652c7bbe63654668fa247be338d7fe63adf79de65		source-directory-byte-hash-unrelated-snapshot	NOT_ASSESSED_BY_FILE_DELTA
BACKEND	audit-artifacts/DEVICE_NabdProvider-eas-build.out	BACKEND	BASELINE_ONLY	19473f86b0d12802fa0b49c6e7cac3ced150391eb70203c646cdfdbff5569e37		source-directory-byte-hash-unrelated-snapshot	NOT_ASSESSED_BY_FILE_DELTA
BACKEND	audit-artifacts/DEVICE_NabdProvider-expo-config.json	BACKEND	BASELINE_ONLY	940aefccaaacb1fea127386a861d97033e31676cdabe1ba134f7eb86216f4b4a		source-directory-byte-hash-unrelated-snapshot	NOT_ASSESSED_BY_FILE_DELTA
BACKEND	audit-artifacts/DEVICE_NabdProvider-prebuild.out	BACKEND	BASELINE_ONLY	8216291ad75eba6c32b02e40382f8b25182bfdfec8013e3c6f449111f02df097		source-directory-byte-hash-unrelated-snapshot	NOT_ASSESSED_BY_FILE_DELTA
BACKEND	audit-artifacts/DEVICE_NabdProvider-web-export.out	BACKEND	BASELINE_ONLY	c75c3c9b1a2276f8f6cb7add5ed2db6eeda378a3b895c156c4b409da43a06676		source-directory-byte-hash-unrelated-snapshot	NOT_ASSESSED_BY_FILE_DELTA
BACKEND	audit-artifacts/DEVICE_READINESS_REPORT_20260817.md	BACKEND	BASELINE_ONLY	9368a878ec25b985d74d61db4d78bbdddc72c7ef6143b3ad4166f94ccc892e37		source-directory-byte-hash-unrelated-snapshot	NOT_ASSESSED_BY_FILE_DELTA
BACKEND	audit-artifacts/DEVICE_SCREEN_ROUTE_INVENTORY_20260817.md	BACKEND	BASELINE_ONLY	1ac02634e14893c645fd99d0affc76d8af52c24527bea977269067c3822446eb		source-directory-byte-hash-unrelated-snapshot	NOT_ASSESSED_BY_FILE_DELTA
BACKEND	audit-artifacts/DEVICE_VALIDATION_INVENTORY_20260817.md	BACKEND	BASELINE_ONLY	82fd1d945f0f00442ad2ffc4fe76f64e0b7943c485b3e8341b3ba556947e4830		source-directory-byte-hash-unrelated-snapshot	NOT_ASSESSED_BY_FILE_DELTA
BACKEND	audit-artifacts/DEVICE_nabd_plus-android-build.out	BACKEND	BASELINE_ONLY	fa0c37bab01bf11eb3636c5dab52fbd2d6d1c5e230133f282fa109d82eba0272		source-directory-byte-hash-unrelated-snapshot	NOT_ASSESSED_BY_FILE_DELTA
BACKEND	audit-artifacts/DEVICE_nabd_plus-eas-build.out	BACKEND	BASELINE_ONLY	b65e6fe63889e82f9ce98fd7dc6e4bb384f30d7a7269c04dc86a89a5b5db6f4c		source-directory-byte-hash-unrelated-snapshot	NOT_ASSESSED_BY_FILE_DELTA
BACKEND	audit-artifacts/DEVICE_nabd_plus-expo-config.json	BACKEND	BASELINE_ONLY	b1e885d59c78777470703eef092aaa3cd2a56b03a50adcf792ea682fef8718f5		source-directory-byte-hash-unrelated-snapshot	NOT_ASSESSED_BY_FILE_DELTA
BACKEND	audit-artifacts/DEVICE_nabd_plus-prebuild.out	BACKEND	BASELINE_ONLY	f0781739239c79945171bf0fcb32ecbc4b8761ba9a056269b070d48cd1df55c4		source-directory-byte-hash-unrelated-snapshot	NOT_ASSESSED_BY_FILE_DELTA
BACKEND	audit-artifacts/DEVICE_nabd_plus-web-export.out	BACKEND	BASELINE_ONLY	5f3544d5bc6312e0e89ba51801b90b7b472710cec709f35b8f449fde5863909f		source-directory-byte-hash-unrelated-snapshot	NOT_ASSESSED_BY_FILE_DELTA
BACKEND	audit-artifacts/EMERGENCY_LOCATION_POLICY_REVIEW_DRAFT_20260817.md	BACKEND	BASELINE_ONLY	762cb469131baf9a3dc179d03cfca4ce4f4cbd6aa35621d5ecdd7bef4f7ad3c1		source-directory-byte-hash-unrelated-snapshot	NOT_ASSESSED_BY_FILE_DELTA
BACKEND	audit-artifacts/ERROR_CODE_REGISTRY_REVIEW_DRAFT_20260817.md	BACKEND	BASELINE_ONLY	f4214e076551ac15452ca79692e1e79d5230474d64b34457d75f6ec8768586ad		source-directory-byte-hash-unrelated-snapshot	NOT_ASSESSED_BY_FILE_DELTA
BACKEND	audit-artifacts/EXECUTION_COMPLETION_MATRIX_20260816.md	BACKEND	BASELINE_ONLY	23941c59c99711e629b62effd998883e330cfc8975d49368696793eb6f706f0d		source-directory-byte-hash-unrelated-snapshot	NOT_ASSESSED_BY_FILE_DELTA
BACKEND	audit-artifacts/FULL_CLOSURE_BASELINE_20260818.md	BACKEND	BASELINE_ONLY	9bc6128714da95850ec93eae47cb7026ab2fdbb9d7361f419de55da1fbd454af		source-directory-byte-hash-unrelated-snapshot	NOT_ASSESSED_BY_FILE_DELTA
BACKEND	audit-artifacts/FULL_E2E_BACKEND_ROUTE_CONTRACTS_20260817.md	BACKEND	BASELINE_ONLY	5427b2246fb0ad0a376840a6c4e51531c0829dcb2ca3cf7623ee8c6b31d035e3		source-directory-byte-hash-unrelated-snapshot	NOT_ASSESSED_BY_FILE_DELTA
BACKEND	audit-artifacts/FULL_PLAN_RECONCILIATION_WORKING_NOTES_20260817.md	BACKEND	BASELINE_ONLY	32e5213860b8eab965d095fd6fb62a5ab4a6d2082fe4b1b069d4dcc4089064a5		source-directory-byte-hash-unrelated-snapshot	NOT_ASSESSED_BY_FILE_DELTA
BACKEND	audit-artifacts/FULL_PRODUCTION_E2E_TRACEABILITY_20260817.md	BACKEND	BASELINE_ONLY	14147c2e08be0e430a611ece44b9ff51398b6a3c95f58d98afbefd736dba969a		source-directory-byte-hash-unrelated-snapshot	NOT_ASSESSED_BY_FILE_DELTA
BACKEND	audit-artifacts/FULL_SYSTEMATIC_QA_EXECUTION_REGISTER_20260818.md	BACKEND	BASELINE_ONLY	7f379b1831046061c957d862f3fd8f41c19d87d8fd8ab7ad577cb5473f966ae5		source-directory-byte-hash-unrelated-snapshot	NOT_ASSESSED_BY_FILE_DELTA
BACKEND	audit-artifacts/FULL_SYSTEMATIC_QA_FINAL_REPORT_20260818.md	BACKEND	BASELINE_ONLY	600c1f375983ae8f94ef6cf2483a8079db319b9962956fc5ed2f59ecb07af08f		source-directory-byte-hash-unrelated-snapshot	NOT_ASSESSED_BY_FILE_DELTA
BACKEND	audit-artifacts/INSURANCE_NETWORK_PROVENANCE_AUDIT_20260820.md	BACKEND	BASELINE_ONLY	da859387c93417152d4d1fefbc4e50a0fb5598a95214a2b0b70582263670a28e		source-directory-byte-hash-unrelated-snapshot	NOT_ASSESSED_BY_FILE_DELTA
BACKEND	audit-artifacts/INSURANCE_OFFICIAL_SOURCE_FINDINGS_20260820.md	BACKEND	BASELINE_ONLY	63640218478c95ac2bf870c12d8ae422e62d593ac38a2a97987a25e34a34d4b6		source-directory-byte-hash-unrelated-snapshot	NOT_ASSESSED_BY_FILE_DELTA
BACKEND	audit-artifacts/LABS_ENGINE_LEGACY_AUTH_DRIFT_20260818.md	BACKEND	BASELINE_ONLY	8307d877a39c0f63d498b40e3313ab735d9d47f681371f6dcbdfe05f947911d6		source-directory-byte-hash-unrelated-snapshot	NOT_ASSESSED_BY_FILE_DELTA
BACKEND	audit-artifacts/LAB_CONTRACT_RECONCILIATION_BLOCKER_20260818.md	BACKEND	BASELINE_ONLY	97f4408dcca4df2c9c3082bc5bb6aeb069f7fe6f5f61747006d61156bdfab45b		source-directory-byte-hash-unrelated-snapshot	NOT_ASSESSED_BY_FILE_DELTA
BACKEND	audit-artifacts/LAB_INBOX_ELIGIBILITY_SUMMARY_20260818.json	BACKEND	BASELINE_ONLY	a9b6af87d89fc27945bb7b47e4a191c4c95aecd875195bda3988e369c83d7a53		source-directory-byte-hash-unrelated-snapshot	NOT_ASSESSED_BY_FILE_DELTA
BACKEND	audit-artifacts/NABDAH_ACTUAL_API_CALLS_20260818.tsv	BACKEND	BASELINE_ONLY	c8e762bd15fbe0c0ecb8e97fecfa1d1f6233ce316602f06174e07a90386e4fb1		source-directory-byte-hash-unrelated-snapshot	NOT_ASSESSED_BY_FILE_DELTA
BACKEND	audit-artifacts/NABDAH_ACTUAL_API_RECONCILIATION_20260818.md	BACKEND	BASELINE_ONLY	1fde3696723bed03a4ad9d9b6850b5f102f4e51fe4bec93813153d67f9bdff0d		source-directory-byte-hash-unrelated-snapshot	NOT_ASSESSED_BY_FILE_DELTA
BACKEND	audit-artifacts/NABDAH_ACTUAL_API_ROUTE_MATCH_20260818.tsv	BACKEND	BASELINE_ONLY	848a6259bd1fe029af62f6758545c55e16988b4eb0ae37a68d8a037c5c162722		source-directory-byte-hash-unrelated-snapshot	NOT_ASSESSED_BY_FILE_DELTA
BACKEND	audit-artifacts/NABDAH_AGENT_TRANSITION_OPEN_WORK_AND_REMAINING_PHASES_20260819.md	BACKEND	BASELINE_ONLY	eddcf451c503f05417d066e268af831d280ba33c6f2ebc01c485397df3710929		source-directory-byte-hash-unrelated-snapshot	NOT_ASSESSED_BY_FILE_DELTA
BACKEND	audit-artifacts/NABDAH_BACKEND_COMPILED_ROUTES_20260818.tsv	BACKEND	BASELINE_ONLY	e8fe9cb82f8c284b6d335dac0778a271b36b4edaf1e982267f25749386baa8a5		source-directory-byte-hash-unrelated-snapshot	NOT_ASSESSED_BY_FILE_DELTA
BACKEND	audit-artifacts/NABDAH_BACKEND_DEPENDENCY_MIGRATION_20260819.md	BACKEND	BASELINE_ONLY	ff71912df8beb2262304b5ba0c859fca8ec334e2dfdbc9f2f3b6eb674e773bd3		source-directory-byte-hash-unrelated-snapshot	NOT_ASSESSED_BY_FILE_DELTA
BACKEND	audit-artifacts/NABDAH_BRANCH_COMPONENT_MAP_20260818.md	BACKEND	BASELINE_ONLY	e9c499a76bec7491261b2abc331ab723dae3cb374e8521511ee75d397c5da9d6		source-directory-byte-hash-unrelated-snapshot	NOT_ASSESSED_BY_FILE_DELTA
BACKEND	audit-artifacts/NABDAH_BRANCH_HISTORY_AND_APP_SCOPE_VERIFICATION_20260818.md	BACKEND	BASELINE_ONLY	36b7e981b8c699a30120c0c3f27b5689f7101df0b9746e2ed57b067f61ee1a78		source-directory-byte-hash-unrelated-snapshot	NOT_ASSESSED_BY_FILE_DELTA
BACKEND	audit-artifacts/NABDAH_BUILD_ENVIRONMENT_GATE_20260818.md	BACKEND	BASELINE_ONLY	f5b574babb18b9c91d2689e4d74fb9a49c0949306d24ab8d8bc4ca750fa510be		source-directory-byte-hash-unrelated-snapshot	NOT_ASSESSED_BY_FILE_DELTA
BACKEND	audit-artifacts/NABDAH_CATALOG_GOVERNANCE_PUBLICATION_HARDENING_20260820.md	BACKEND	BASELINE_ONLY	baae9ba028d6fbfbf873f40bfc2b9e8829bde7e2bb6d5fb7d2a2da857c3c26ab		source-directory-byte-hash-unrelated-snapshot	NOT_ASSESSED_BY_FILE_DELTA
BACKEND	audit-artifacts/NABDAH_DEPENDENCY_REMEDIATION_FINAL_DOUBLE_CHECK_20260819.md	BACKEND	BASELINE_ONLY	28fcbf36be3f20b3035dc23532747cbc9bd21313e06ed7c2cec101218b7732e7		source-directory-byte-hash-unrelated-snapshot	NOT_ASSESSED_BY_FILE_DELTA
BACKEND	audit-artifacts/NABDAH_DIRECT_BACKEND_BUILD_ENV_BLOCKER_20260818.md	BACKEND	BASELINE_ONLY	f5cbb53726cb03e8e323f3beeb10997f7354a75c45f64ad43cc370cb2574ef96		source-directory-byte-hash-unrelated-snapshot	NOT_ASSESSED_BY_FILE_DELTA
BACKEND	audit-artifacts/NABDAH_DIRECT_COMPONENT_INVENTORY_20260818.txt	BACKEND	BASELINE_ONLY	a6a939328fdcebf1593d47e15a72fae698d4188df008e1d2e2e296b8ab7adc12		source-directory-byte-hash-unrelated-snapshot	NOT_ASSESSED_BY_FILE_DELTA
BACKEND	audit-artifacts/NABDAH_DIRECT_SOURCE_BRANCH_EVIDENCE_20260818.md	BACKEND	BASELINE_ONLY	ebacbb0393afe06cd58d0199961fae8d3889a4e0892c12eca0b064cd398514bc		source-directory-byte-hash-unrelated-snapshot	NOT_ASSESSED_BY_FILE_DELTA
BACKEND	audit-artifacts/NABDAH_ENDPOINT_CONTROLLER_MATCH_20260818.tsv	BACKEND	BASELINE_ONLY	70e39f96861486dc86bb4f974462b8a34eabde1b38097eb0a2b12945ddf02f9b		source-directory-byte-hash-unrelated-snapshot	NOT_ASSESSED_BY_FILE_DELTA
BACKEND	audit-artifacts/NABDAH_ENDPOINT_CONTROLLER_RECONCILIATION_20260818.md	BACKEND	BASELINE_ONLY	e94f109782a17fc549c6f49cdcbb8ef7a9c7aca2816d1a7c4a090b18e333e0e4		source-directory-byte-hash-unrelated-snapshot	NOT_ASSESSED_BY_FILE_DELTA
BACKEND	audit-artifacts/NABDAH_ENDPOINT_CONTROLLER_RECONCILIATION_20260818.tsv	BACKEND	BASELINE_ONLY	ef4947bd68149cda834b3221e21ae3de5969b3672b239c3c8542efa6a3e6e80f		source-directory-byte-hash-unrelated-snapshot	NOT_ASSESSED_BY_FILE_DELTA
BACKEND	audit-artifacts/NABDAH_EXPANDED_FULL_SYSTEMATIC_QA_MATRIX_20260818.md	BACKEND	BASELINE_ONLY	9b53cfc5d661fa8308379f68514bb5bc8b9838ff85a1bd8be3c31fd3f2554d6d		source-directory-byte-hash-unrelated-snapshot	NOT_ASSESSED_BY_FILE_DELTA
BACKEND	audit-artifacts/NABDAH_EXPO_MIGRATION_METHOD_20260819.md	BACKEND	BASELINE_ONLY	1a4656ddd91fb6941cd38c2ac63078ee6e658f75c1f730b4dfd2c4877a30baac		source-directory-byte-hash-unrelated-snapshot	NOT_ASSESSED_BY_FILE_DELTA
BACKEND	audit-artifacts/NABDAH_FINAL_PHASED_EXECUTION_PLAN_20260818.md	BACKEND	BASELINE_ONLY	4d58a7f51bc4cf8b1854322480cee45c9ea128705b664749360199a7607b4de0		source-directory-byte-hash-unrelated-snapshot	NOT_ASSESSED_BY_FILE_DELTA
BACKEND	audit-artifacts/NABDAH_FINAL_REMEDIATION_AND_RELEASE_READINESS_20260815.md	BACKEND	BASELINE_ONLY	c049d97492ca4962dc4de8593a73e7fd9b73308bce8b1c8c35fee41681c736aa		source-directory-byte-hash-unrelated-snapshot	NOT_ASSESSED_BY_FILE_DELTA
BACKEND	audit-artifacts/NABDAH_FULL_PLAN_STATUS_20260817.md	BACKEND	BASELINE_ONLY	7dcba00d10f83929f58eed1984615c680da2a2fca2bdc171a890ad24f9a66d36		source-directory-byte-hash-unrelated-snapshot	NOT_ASSESSED_BY_FILE_DELTA
BACKEND	audit-artifacts/NABDAH_GATEKEEPER_REMEDIATION_REPORT_20260817.md	BACKEND	BASELINE_ONLY	57a906c9a8ba607e84485541422a38be2b93d62dc69a5ab815ab7d3a539bb79d		source-directory-byte-hash-unrelated-snapshot	NOT_ASSESSED_BY_FILE_DELTA
BACKEND	audit-artifacts/NABDAH_HARDENING_BASELINE_AND_SAFE_CHANGE_POLICY_20260820.md	BACKEND	BASELINE_ONLY	18b36e1ea2302041743148d468458eaf32532b3973cdc6a38755ccbe41c1f9cc		source-directory-byte-hash-unrelated-snapshot	NOT_ASSESSED_BY_FILE_DELTA
BACKEND	audit-artifacts/NABDAH_LIVE_RECONCILIATION_REGISTER_20260815.md	BACKEND	BASELINE_ONLY	26a7d6a4f26628a7b92ad19a29dc57a3afb2e0d5d07950f066195f7ad6caf404		source-directory-byte-hash-unrelated-snapshot	NOT_ASSESSED_BY_FILE_DELTA
BACKEND	audit-artifacts/NABDAH_LOCALE_AND_MONGOOSE_INDEX_HARDENING_20260820.md	BACKEND	BASELINE_ONLY	5c922d5c929dc3961ec6c5b47ede4cf10385d7cfa679eb487aa743f5df4379f5		source-directory-byte-hash-unrelated-snapshot	NOT_ASSESSED_BY_FILE_DELTA
BACKEND	audit-artifacts/NABDAH_MAIN_VS_RECONCILIATION_COMPLETENESS_REPORT_20260818.md	BACKEND	BASELINE_ONLY	7d234a0a5dcc6d5c646333d81b4c0604f8f41835836fc259f5c68fab3744f0fa		source-directory-byte-hash-unrelated-snapshot	NOT_ASSESSED_BY_FILE_DELTA
BACKEND	audit-artifacts/NABDAH_MASTER_FULL_SYSTEMATIC_QA_AND_REMEDIATION_PLAN_20260818.md	BACKEND	BASELINE_ONLY	a8aa552e3a54cba876b24b15e6cbe5f2982ec4cbfd22ceff7e8cc84dc4094769		source-directory-byte-hash-unrelated-snapshot	NOT_ASSESSED_BY_FILE_DELTA
BACKEND	audit-artifacts/NABDAH_MOBILE_DEPENDENCY_REMEDIATION_STATUS_20260820.md	BACKEND	BASELINE_ONLY	01f2e379314d0493c808987afc6f2623d4066e104a5ad37dbc09c4d1a8aea0fd		source-directory-byte-hash-unrelated-snapshot	NOT_ASSESSED_BY_FILE_DELTA
BACKEND	audit-artifacts/NABDAH_NEW_REPOSITORY_BRANCH_INDEX_20260818.txt	BACKEND	BASELINE_ONLY	65381805c8fd0ce343541fb16fdb724d805a2a75d958fdb3e8166cbf03a49ab8		source-directory-byte-hash-unrelated-snapshot	NOT_ASSESSED_BY_FILE_DELTA
BACKEND	audit-artifacts/NABDAH_OPENAPI_INSURANCE_CONTRACT_HARDENING_20260820.md	BACKEND	BASELINE_ONLY	92ff03d5c47fbeb449cecb926cb4684c92ce453816b0d804f4fba6dd1c6daa00		source-directory-byte-hash-unrelated-snapshot	NOT_ASSESSED_BY_FILE_DELTA
BACKEND	audit-artifacts/NABDAH_OWNER_REVIEWER_NEXT_ACTIONS_20260820.md	BACKEND	BASELINE_ONLY	5b516813e2b44406e4f928e06174635f51f086dde5f89e5fb249ee9b72a9aad6		source-directory-byte-hash-unrelated-snapshot	NOT_ASSESSED_BY_FILE_DELTA
BACKEND	audit-artifacts/NABDAH_PASTED_CONTENT_17_REQUIREMENTS_ANALYSIS_20260818.md	BACKEND	BASELINE_ONLY	d7a49c6645a4d703f217cab386eae51deb9eb4deada80e0cf0dd55e81ab71dcf		source-directory-byte-hash-unrelated-snapshot	NOT_ASSESSED_BY_FILE_DELTA
BACKEND	audit-artifacts/NABDAH_PATIENT_EXPO_SDK57_MIGRATION_20260819.md	BACKEND	BASELINE_ONLY	7d67776316ce921459239d27ca985e023226fc1063e2a7668a1b44e5a869bffa		source-directory-byte-hash-unrelated-snapshot	NOT_ASSESSED_BY_FILE_DELTA
BACKEND	audit-artifacts/NABDAH_PHASE10_ADMIN_DEPENDENCY_AUDIT_REMEDIATION_20260819.md	BACKEND	BASELINE_ONLY	078aad4c371e6ad392885b920a2d3c230f8a0725ada36159284a10a66391d9ea		source-directory-byte-hash-unrelated-snapshot	NOT_ASSESSED_BY_FILE_DELTA
BACKEND	audit-artifacts/NABDAH_PHASE10_DEPENDENCY_RISK_TRIAGE_20260819.md	BACKEND	BASELINE_ONLY	6bbec058760016d1ab56c36bcb2e79740e4d27074a5aaffea1750a02ca69085e		source-directory-byte-hash-unrelated-snapshot	NOT_ASSESSED_BY_FILE_DELTA
BACKEND	audit-artifacts/NABDAH_PHASE10_FINAL_DOUBLE_CHECK_20260819.md	BACKEND	BASELINE_ONLY	21d122dffc1acf05c644031954e73786a1b75066ccff4afb03e8111e3bc0e666		source-directory-byte-hash-unrelated-snapshot	NOT_ASSESSED_BY_FILE_DELTA
BACKEND	audit-artifacts/NABDAH_PHASE10_RELEASE_GATE_RECHECK_20260819.md	BACKEND	BASELINE_ONLY	6bb5fbfe1862d2758dd1abc286bacc2af63ebab1f751652a16d491a72612aa49		source-directory-byte-hash-unrelated-snapshot	NOT_ASSESSED_BY_FILE_DELTA
BACKEND	audit-artifacts/NABDAH_PHASE11_FINAL_DOUBLE_CHECK_20260819.md	BACKEND	BASELINE_ONLY	45444579e85879461b0d6246750600c0db46e431399992df43c1618624d26086		source-directory-byte-hash-unrelated-snapshot	NOT_ASSESSED_BY_FILE_DELTA
BACKEND	audit-artifacts/NABDAH_PHASE11_PRESCRIPTIONS_AUTHORIZATION_REMEDIATION_20260819.md	BACKEND	BASELINE_ONLY	18d2829e22edf0bbad6565f43d9cfa38bc1ef1f95bb7c617dc669b03b2f85273		source-directory-byte-hash-unrelated-snapshot	NOT_ASSESSED_BY_FILE_DELTA
BACKEND	audit-artifacts/NABDAH_PHASE11_SANDBOX_ACCEPTANCE_BOUNDARY_20260819.md	BACKEND	BASELINE_ONLY	4bba2b65cdd7b7421cd46b58d2bf6d8d7aa1b7ac37771cf34647c03b84872b7a		source-directory-byte-hash-unrelated-snapshot	NOT_ASSESSED_BY_FILE_DELTA
BACKEND	audit-artifacts/NABDAH_PHASE11_SANDBOX_READONLY_AUTHORIZATION_WAVE1_20260819.md	BACKEND	BASELINE_ONLY	8d095bf4285ac2ba92ef3417a06d2433fb66d66bae506dcdc03a3aa2e7f4905b		source-directory-byte-hash-unrelated-snapshot	NOT_ASSESSED_BY_FILE_DELTA
BACKEND	audit-artifacts/NABDAH_PHASE11_SANDBOX_READONLY_AUTHORIZATION_WAVE2_20260819.md	BACKEND	BASELINE_ONLY	9e7f58a5f323f2dad97639bc90554dd6b02d849dd92cb8367c351731f7596ad7		source-directory-byte-hash-unrelated-snapshot	NOT_ASSESSED_BY_FILE_DELTA
BACKEND	audit-artifacts/NABDAH_PHASE12_FINAL_PRODUCTION_READINESS_REPORT_20260819.md	BACKEND	BASELINE_ONLY	3ce14d0be8f7a0577364da2dc801ab43a39b2427ec99b8ff6a40d6de49ee69cf		source-directory-byte-hash-unrelated-snapshot	NOT_ASSESSED_BY_FILE_DELTA
BACKEND	audit-artifacts/NABDAH_PHASE13_CONTRACT_CLASSIFICATION_20260819.md	BACKEND	BASELINE_ONLY	ff6e08b94a747880dac4f71687835e57c946b3b061ee28c6773743d5fbe70aaf		source-directory-byte-hash-unrelated-snapshot	NOT_ASSESSED_BY_FILE_DELTA
BACKEND	audit-artifacts/NABDAH_PHASE13_CONTRACT_INVENTORY_V4_20260819.json	BACKEND	BASELINE_ONLY	33a0bc05e0388b4f6243924a4639c7da64093a3d12c5656773861c128a121e99		source-directory-byte-hash-unrelated-snapshot	NOT_ASSESSED_BY_FILE_DELTA
BACKEND	audit-artifacts/NABDAH_PHASE13_CONTRACT_INVENTORY_V4_SUMMARY_20260819.md	BACKEND	BASELINE_ONLY	a89d772802e68b52d7eea8d5710443a06d2f7c275db6e2d91fda17f3d3a647cb		source-directory-byte-hash-unrelated-snapshot	NOT_ASSESSED_BY_FILE_DELTA
BACKEND	audit-artifacts/NABDAH_PHASE13_EXIT_CRITERIA_REVIEW_20260819.md	BACKEND	BASELINE_ONLY	1c646b8694a6eb050bf3a3ab70900e53f6ccdabaecc7ccd465fbb5feee9de8db		source-directory-byte-hash-unrelated-snapshot	NOT_ASSESSED_BY_FILE_DELTA
BACKEND	audit-artifacts/NABDAH_PHASE13_UI_ACTION_INVENTORY_V2_20260819.json	BACKEND	BASELINE_ONLY	a4d4d7169173f75f00dbfb9e32098f0f0513fbba02b29ccf3f8b68d40a5adede		source-directory-byte-hash-unrelated-snapshot	NOT_ASSESSED_BY_FILE_DELTA
BACKEND	audit-artifacts/NABDAH_PHASE13_UI_ACTION_INVENTORY_V2_SUMMARY_20260819.md	BACKEND	BASELINE_ONLY	dc48f01537dbb0b3780c755b0c708347e213609e54d001527ca88fedc68871e8		source-directory-byte-hash-unrelated-snapshot	NOT_ASSESSED_BY_FILE_DELTA
BACKEND	audit-artifacts/NABDAH_PHASE14_EXIT_CRITERIA_REVIEW_20260819.md	BACKEND	BASELINE_ONLY	4ab9fc43540604d1c8d5e8b3073523fe9c603e5b2e3b1952467fd62ac2de9cce		source-directory-byte-hash-unrelated-snapshot	NOT_ASSESSED_BY_FILE_DELTA
BACKEND	audit-artifacts/NABDAH_PHASE14_PROVIDER_CONTRACT_REMEDIATION_20260819.md	BACKEND	BASELINE_ONLY	108a525549d6e1b9af0d11e2ae33fcd1d1b4da3eb9cf82b78cfd08bbcd7ddb7e		source-directory-byte-hash-unrelated-snapshot	NOT_ASSESSED_BY_FILE_DELTA
BACKEND	audit-artifacts/NABDAH_PHASE15_EXIT_CRITERIA_REVIEW_20260819.md	BACKEND	BASELINE_ONLY	5c26fc980c012130b4b68fae4a750fbc7badee76182d3819661ba6f837e13894		source-directory-byte-hash-unrelated-snapshot	NOT_ASSESSED_BY_FILE_DELTA
BACKEND	audit-artifacts/NABDAH_PHASE15_MIGRATION_INDEX_PREFLIGHT_20260819.md	BACKEND	BASELINE_ONLY	2f90300d5e8734084cc9d3badf85123923f0c5c8cae432393761a7be0aa68c7d		source-directory-byte-hash-unrelated-snapshot	NOT_ASSESSED_BY_FILE_DELTA
BACKEND	audit-artifacts/NABDAH_PHASE15_REVIEWER_DEPLOYMENT_CANDIDATE_20260819.md	BACKEND	BASELINE_ONLY	85f96ed2c1dac11eb77585a5747aa992d8503203f0cf1fe180b5fbf24de2592e		source-directory-byte-hash-unrelated-snapshot	NOT_ASSESSED_BY_FILE_DELTA
BACKEND	audit-artifacts/NABDAH_PHASE16_CONSULTATION_CASH_AUTOCONFIRM_P0_REMEDIATION_20260819.md	BACKEND	BASELINE_ONLY	76084ff478527b5f63e3a4f7086ed8b17abd712523524bd31b5bc1eeb44e3743		source-directory-byte-hash-unrelated-snapshot	NOT_ASSESSED_BY_FILE_DELTA
BACKEND	audit-artifacts/NABDAH_PHASE16_HOSPITAL_PROVIDER_ROLE_REMEDIATION_20260819.md	BACKEND	BASELINE_ONLY	f6283c2ffa03def307b308da970f1dcb36ae88994192e38ec8393cf4650ddaea		source-directory-byte-hash-unrelated-snapshot	NOT_ASSESSED_BY_FILE_DELTA
BACKEND	audit-artifacts/NABDAH_PHASE16_LAB_EMBEDDED_REPORT_CONTRACT_REMEDIATION_20260819.md	BACKEND	BASELINE_ONLY	ab718127517f5dcd2624eadcb41a40069de1eda62ad3ccf3e4cb0382bcb0df24		source-directory-byte-hash-unrelated-snapshot	NOT_ASSESSED_BY_FILE_DELTA
BACKEND	audit-artifacts/NABDAH_PHASE16_NURSING_AUTHORIZATION_P0_REMEDIATION_20260819.md	BACKEND	BASELINE_ONLY	d5d7143ccb435debe41ab09ddb472701f3f2742a89fa47d4f3c7f5fe8aaf37a6		source-directory-byte-hash-unrelated-snapshot	NOT_ASSESSED_BY_FILE_DELTA
BACKEND	audit-artifacts/NABDAH_PHASE16_PRESCRIPTION_CONTRACT_AND_BOLA_REMEDIATION_20260819.md	BACKEND	BASELINE_ONLY	3e0b08a7e6d49b34f2b2aef59f7650ef013764e66ff1be6b082c67d87c941a2d		source-directory-byte-hash-unrelated-snapshot	NOT_ASSESSED_BY_FILE_DELTA
BACKEND	audit-artifacts/NABDAH_PHASE16_PRESCRIPTION_DOCTOR_IDENTITY_P0_REMEDIATION_20260820.md	BACKEND	BASELINE_ONLY	08d10484f461c49b9b5f32cf6a4c8c3c17c9e0d692d5290cb8840e206e299d23		source-directory-byte-hash-unrelated-snapshot	NOT_ASSESSED_BY_FILE_DELTA
BACKEND	audit-artifacts/NABDAH_PHASE16_PROVIDER_SELF_PROFILE_IDENTITY_REMEDIATION_20260820.md	BACKEND	BASELINE_ONLY	21f7e822f9714be5028b205173bc372a20d7fdcc5946389fbc0d95778d9ebd76		source-directory-byte-hash-unrelated-snapshot	NOT_ASSESSED_BY_FILE_DELTA
BACKEND	audit-artifacts/NABDAH_PHASE16_SANDBOX_EXECUTION_REGISTER_20260819.md	BACKEND	BASELINE_ONLY	be75e98167e60712e6e48c0ea17084d2d26b9c88f8da3216a8e86eb325862773		source-directory-byte-hash-unrelated-snapshot	NOT_ASSESSED_BY_FILE_DELTA
BACKEND	audit-artifacts/NABDAH_PHASE17_NATIVE_BUILD_AND_DEVICE_BLOCKERS_20260819.md	BACKEND	BASELINE_ONLY	26213603e7b79a220dcfe442f4c624daa1986b2e2793b6de75956a35d90f40a1		source-directory-byte-hash-unrelated-snapshot	NOT_ASSESSED_BY_FILE_DELTA
BACKEND	audit-artifacts/NABDAH_PHASE18_LOCALE_ACCESSIBILITY_TECHNICAL_ACCEPTANCE_20260819.md	BACKEND	BASELINE_ONLY	d999c090ab5698617ae9a5dd91ab0cf83f42b904dc010698ef344f8e2e56937b		source-directory-byte-hash-unrelated-snapshot	NOT_ASSESSED_BY_FILE_DELTA
BACKEND	audit-artifacts/NABDAH_PHASE19_FINAL_READINESS_VERDICT_20260819.md	BACKEND	BASELINE_ONLY	fa97fc4fca50c4ca347157cde15748f32033f64d10c67f35b72287379d2b82dd		source-directory-byte-hash-unrelated-snapshot	NOT_ASSESSED_BY_FILE_DELTA
BACKEND	audit-artifacts/NABDAH_PHASE19_RERUN_STATUS_AND_EXECUTABLE_BLOCKERS_20260820.md	BACKEND	BASELINE_ONLY	ccad8b2c1fb1b235f3cb39c32ee9820f436c96f27962d32ad45891e97e0b98d9		source-directory-byte-hash-unrelated-snapshot	NOT_ASSESSED_BY_FILE_DELTA
BACKEND	audit-artifacts/NABDAH_PHASE1_MAIN_SOURCE_BASELINE_20260818.md	BACKEND	BASELINE_ONLY	9fe0d41ad2262b1688328a2f49ffbe13ff41a3bc0ae026ed1bad93792837aa1e		source-directory-byte-hash-unrelated-snapshot	NOT_ASSESSED_BY_FILE_DELTA
BACKEND	audit-artifacts/NABDAH_PHASE2_ADDRESS_CREATE_REMEDIATION_TESTS_20260818.md	BACKEND	BASELINE_ONLY	789c21dad718e958668a9117449062b5158429b2359f2628389ffb66c26e4d7d		source-directory-byte-hash-unrelated-snapshot	NOT_ASSESSED_BY_FILE_DELTA
BACKEND	audit-artifacts/NABDAH_PHASE2_CHRONIC_REFILL_CONTRACT_GAP_20260819.md	BACKEND	BASELINE_ONLY	c5a5ece0c7fa3c4e133fe1134135fe71dfd4cf17e682da1711627a9dcaeb2ea8		source-directory-byte-hash-unrelated-snapshot	NOT_ASSESSED_BY_FILE_DELTA
BACKEND	audit-artifacts/NABDAH_PHASE2_CLOSURE_MATRIX_20260818.tsv	BACKEND	BASELINE_ONLY	077e9c39f9d987f9297951ece60f96c6e1715dcfb45d5c5cac709a78b5c233ca		source-directory-byte-hash-unrelated-snapshot	NOT_ASSESSED_BY_FILE_DELTA
BACKEND	audit-artifacts/NABDAH_PHASE2_CONSULTATION_INSURANCE_FINANCIAL_GAP_20260819.md	BACKEND	BASELINE_ONLY	c8120645751722140f2680233232a2deceef8bd5274d9e6e860d518df1176b05		source-directory-byte-hash-unrelated-snapshot	NOT_ASSESSED_BY_FILE_DELTA
BACKEND	audit-artifacts/NABDAH_PHASE2_DIAGNOSTICS_BOOKING_CONTRACT_GAP_20260819.md	BACKEND	BASELINE_ONLY	5eba0dc2e9c88c4b988e38a006d83ba746f5e9b835ea3a48aa49a17b0570704a		source-directory-byte-hash-unrelated-snapshot	NOT_ASSESSED_BY_FILE_DELTA
BACKEND	audit-artifacts/NABDAH_PHASE2_DIAGNOSTICS_LAB_RADIOLOGY_WORKFLOW_GAPS_20260819.md	BACKEND	BASELINE_ONLY	a9dd7fc2a4f3e910e1dd519ab89b00d4cb6271f8a5d0e693c4d3e297e081a87c		source-directory-byte-hash-unrelated-snapshot	NOT_ASSESSED_BY_FILE_DELTA
BACKEND	audit-artifacts/NABDAH_PHASE2_FAMILY_CALENDAR_CONTRACT_GAP_20260819.md	BACKEND	BASELINE_ONLY	cfc0c298e18beebacab46115f97f02ea04104742af9e26b6f93e1cae3779396b		source-directory-byte-hash-unrelated-snapshot	NOT_ASSESSED_BY_FILE_DELTA
BACKEND	audit-artifacts/NABDAH_PHASE2_FAMILY_CHAT_MEMBERSHIP_CONTRACT_GAP_20260819.md	BACKEND	BASELINE_ONLY	956cea8f7b9e3b128488a893694e33a0639fd286b64953f4b211445a701aea92		source-directory-byte-hash-unrelated-snapshot	NOT_ASSESSED_BY_FILE_DELTA
BACKEND	audit-artifacts/NABDAH_PHASE2_FAMILY_PERMISSIONS_CONTRACT_GAP_20260819.md	BACKEND	BASELINE_ONLY	78c73bcecd270280a276a6ad5d5cfc93a8efa3ca453e36b437cd246f5e48dbcf		source-directory-byte-hash-unrelated-snapshot	NOT_ASSESSED_BY_FILE_DELTA
BACKEND	audit-artifacts/NABDAH_PHASE2_FINAL_CLOSURE_DOUBLE_CHECK_20260819.md	BACKEND	BASELINE_ONLY	fd3b86dc3cc33e10c264ab28fd15b33c3d3878484fdcba7b9d1833c5f06525bd		source-directory-byte-hash-unrelated-snapshot	NOT_ASSESSED_BY_FILE_DELTA
BACKEND	audit-artifacts/NABDAH_PHASE2_HOME_CARE_NURSING_WORKFLOW_CONTRACT_GAPS_20260819.md	BACKEND	BASELINE_ONLY	9bb0c7d5ab29bd283aa8bfd1f580ced7b0b780a164bf3d79e8c29fc60d798064		source-directory-byte-hash-unrelated-snapshot	NOT_ASSESSED_BY_FILE_DELTA
BACKEND	audit-artifacts/NABDAH_PHASE2_INSURANCE_APPROVAL_PAYMENT_HANDOFF_GAP_20260819.md	BACKEND	BASELINE_ONLY	9f751388d6cf6911802cadb29b3e78e44dd0b282b8c8f2bb5c8576a43c4a644f		source-directory-byte-hash-unrelated-snapshot	NOT_ASSESSED_BY_FILE_DELTA
BACKEND	audit-artifacts/NABDAH_PHASE2_INSURANCE_PAYMENT_SPLIT_MISSING_ROUTE_20260819.md	BACKEND	BASELINE_ONLY	6bb3a2412b7292c46effa02d719091948b087173a2dd5438a7f8d657e3bb6f58		source-directory-byte-hash-unrelated-snapshot	NOT_ASSESSED_BY_FILE_DELTA
BACKEND	audit-artifacts/NABDAH_PHASE2_LOYALTY_REWARD_CONTRACT_GAPS_20260819.md	BACKEND	BASELINE_ONLY	6ad9bde72ab50fd7fe8bb2f9c0015decc3acda186c14f9a12e7418ea0a82aef0		source-directory-byte-hash-unrelated-snapshot	NOT_ASSESSED_BY_FILE_DELTA
BACKEND	audit-artifacts/NABDAH_PHASE2_MAIN_PATIENT_INVENTORY_AND_VERSION_DECISIONS_20260818.md	BACKEND	BASELINE_ONLY	5aec7a476cd0861e0b64500b47bd4a09a83267255acec3fe9a3ed165311ccf29		source-directory-byte-hash-unrelated-snapshot	NOT_ASSESSED_BY_FILE_DELTA
BACKEND	audit-artifacts/NABDAH_PHASE2_MANUAL_FINDINGS_BATCH_01_20260818.md	BACKEND	BASELINE_ONLY	ff7207701dadca7ed12bd1d666d2bf42ef514d58f1c68c55ec02f814dfd5d4a3		source-directory-byte-hash-unrelated-snapshot	NOT_ASSESSED_BY_FILE_DELTA
BACKEND	audit-artifacts/NABDAH_PHASE2_MATERNITY_CLINICAL_STATE_GAP_20260819.md	BACKEND	BASELINE_ONLY	713a6ff7bbd869929509e5d4988a13687193c0dcbc5636a50df8887b6d133429		source-directory-byte-hash-unrelated-snapshot	NOT_ASSESSED_BY_FILE_DELTA
BACKEND	audit-artifacts/NABDAH_PHASE2_MEDICAL_DATA_RISK_REVIEW_20260819.md	BACKEND	BASELINE_ONLY	83ba829c22a0b1518dcca1a0d676b073b1db9316db95dd61786f383c50e8da49		source-directory-byte-hash-unrelated-snapshot	NOT_ASSESSED_BY_FILE_DELTA
BACKEND	audit-artifacts/NABDAH_PHASE2_MEDICAL_REPORT_VIEWER_AND_AI_CONTRACT_GAPS_20260819.md	BACKEND	BASELINE_ONLY	ab32bace1766c08af2a43614da7dea5c8d15ec28de1e9f3a5551c92c2859de24		source-directory-byte-hash-unrelated-snapshot	NOT_ASSESSED_BY_FILE_DELTA
BACKEND	audit-artifacts/NABDAH_PHASE2_MEDICATION_REMINDER_CONTRACT_GAP_20260819.md	BACKEND	BASELINE_ONLY	eeb133896e4f2d0deed2edf3f99c14197ef1b499c08d52069c90c72bd1a532c7		source-directory-byte-hash-unrelated-snapshot	NOT_ASSESSED_BY_FILE_DELTA
BACKEND	audit-artifacts/NABDAH_PHASE2_MONTHLY_REPORT_DATA_LOCALIZATION_GAP_20260819.md	BACKEND	BASELINE_ONLY	7423ef2b95b9c772d21c4f50034a2038bdfaa8c6a424a6dfabd84f341f75691c		source-directory-byte-hash-unrelated-snapshot	NOT_ASSESSED_BY_FILE_DELTA
BACKEND	audit-artifacts/NABDAH_PHASE2_MOOD_JOURNAL_CONTRACT_GAP_20260819.md	BACKEND	BASELINE_ONLY	a116890b985ddb059beb33fff2c7be74add0786af3908b0dfdd24d46c3d256ff		source-directory-byte-hash-unrelated-snapshot	NOT_ASSESSED_BY_FILE_DELTA
BACKEND	audit-artifacts/NABDAH_PHASE2_NO_EXACT_ROUTE_REVIEW_20260819.md	BACKEND	BASELINE_ONLY	4d63cde7df39002ce373b741ed239d435b91cbd114809ed3cfed09874e63ddc9		source-directory-byte-hash-unrelated-snapshot	NOT_ASSESSED_BY_FILE_DELTA
BACKEND	audit-artifacts/NABDAH_PHASE2_NUTRITION_AI_PLAN_CONTRACT_GAP_20260819.md	BACKEND	BASELINE_ONLY	672bec28ecdc27b169ae2b1d3f72e9b4e4adda925bb62195d19bfa5e399be087		source-directory-byte-hash-unrelated-snapshot	NOT_ASSESSED_BY_FILE_DELTA
BACKEND	audit-artifacts/NABDAH_PHASE2_PATIENT_FEATURE_DECISION_SUMMARY_20260818.md	BACKEND	BASELINE_ONLY	28722111cf7bfbabc0787e443e0104736dc6ec0c327dc3a82bf4ad8ebacd437e		source-directory-byte-hash-unrelated-snapshot	NOT_ASSESSED_BY_FILE_DELTA
BACKEND	audit-artifacts/NABDAH_PHASE2_PATIENT_FULL_TREE_SOURCE_COMPARISON_20260819.md	BACKEND	BASELINE_ONLY	107645d3dd5891360be1993320393f13f2099eb23df2f063cd836f037970c94a		source-directory-byte-hash-unrelated-snapshot	NOT_ASSESSED_BY_FILE_DELTA
BACKEND	audit-artifacts/NABDAH_PHASE2_PATIENT_MAIN_RISK_MARKERS_20260818.tsv	BACKEND	BASELINE_ONLY	c91de16a634df0533bab867781315f8d740b64b688a5fdd064afabe866ca28a1		source-directory-byte-hash-unrelated-snapshot	NOT_ASSESSED_BY_FILE_DELTA
BACKEND	audit-artifacts/NABDAH_PHASE2_PATIENT_MAIN_RISK_REVIEW_20260818.md	BACKEND	BASELINE_ONLY	c8a09aef6c1be24e49f2631f1e742d8193cd0bba6adc6e40b1b87f7c0e5d39bb		source-directory-byte-hash-unrelated-snapshot	NOT_ASSESSED_BY_FILE_DELTA
BACKEND	audit-artifacts/NABDAH_PHASE2_PATIENT_METHOD_MISMATCH_REMEDIATION_QUEUE_20260818.tsv	BACKEND	BASELINE_ONLY	0b6b00b2972a9f7503aaf8f4280e2a14694db41f9e8bf2b9e7874804dce002a1		source-directory-byte-hash-unrelated-snapshot	NOT_ASSESSED_BY_FILE_DELTA
BACKEND	audit-artifacts/NABDAH_PHASE2_PATIENT_OPEN_CONTRACT_CLASSIFICATION_20260818.tsv	BACKEND	BASELINE_ONLY	36edc37d53c036525fed91b6e92b7baef741075bbd95716bda3b41941099b1c5		source-directory-byte-hash-unrelated-snapshot	NOT_ASSESSED_BY_FILE_DELTA
BACKEND	audit-artifacts/NABDAH_PHASE2_PATIENT_OPEN_CONTRACT_CLASSIFICATION_FINAL_20260818.tsv	BACKEND	BASELINE_ONLY	3daa2cbfce96a5dbaa5c65edb5a226e2117c01a2dabe2e25820d43c0b72c3052		source-directory-byte-hash-unrelated-snapshot	NOT_ASSESSED_BY_FILE_DELTA
BACKEND	audit-artifacts/NABDAH_PHASE2_PATIENT_PLACEHOLDER_TRIAGE_20260819.md	BACKEND	BASELINE_ONLY	f0f268ef0dcb4a9fff941c00d15fbbf054880e84cb2bfdd3ac67e92edf836aef		source-directory-byte-hash-unrelated-snapshot	NOT_ASSESSED_BY_FILE_DELTA
BACKEND	audit-artifacts/NABDAH_PHASE2_PATIENT_UIUX_LOCALIZATION_BASELINE_20260819.md	BACKEND	BASELINE_ONLY	004585bce814e57aec649cd6959658debb6ff4cbef504e810a79ba2a4c73f203		source-directory-byte-hash-unrelated-snapshot	NOT_ASSESSED_BY_FILE_DELTA
BACKEND	audit-artifacts/NABDAH_PHASE2_PLAN_DOUBLE_CHECK_20260818.md	BACKEND	BASELINE_ONLY	3c4240141c62e648fa9380ea9a8c21ef5beedeb091db4d8a634e8e4ad5d4afcd		source-directory-byte-hash-unrelated-snapshot	NOT_ASSESSED_BY_FILE_DELTA
BACKEND	audit-artifacts/NABDAH_PHASE2_PRESCRIPTION_TRANSLATOR_CONTRACT_SAFETY_GAPS_20260819.md	BACKEND	BASELINE_ONLY	5c2d70e7b994de4b2b199e850bce93b3a979c0a3ee4813b46aecd499b4addc77		source-directory-byte-hash-unrelated-snapshot	NOT_ASSESSED_BY_FILE_DELTA
BACKEND	audit-artifacts/NABDAH_PHASE2_PROFILE_NOTIFICATION_SETTINGS_GAPS_20260819.md	BACKEND	BASELINE_ONLY	e7fa77b7e0d9b39c95e3feebd226402df357cdea7d2705533286195c68ca7d30		source-directory-byte-hash-unrelated-snapshot	NOT_ASSESSED_BY_FILE_DELTA
BACKEND	audit-artifacts/NABDAH_PHASE2_SENSITIVE_CANDIDATE_IDENTICAL_REVIEW_20260819.md	BACKEND	BASELINE_ONLY	defd8f0432c65bbf02a4549b5d33654ccf21e36b4d87e6d0c564977ed1449980		source-directory-byte-hash-unrelated-snapshot	NOT_ASSESSED_BY_FILE_DELTA
BACKEND	audit-artifacts/NABDAH_PHASE2_SENSITIVE_PATIENT_DECISION_MATRIX_20260818.tsv	BACKEND	BASELINE_ONLY	d158eb311ef378db303d506ba0929c8ab1d527b14abc40d5bcc9a98cfd780874		source-directory-byte-hash-unrelated-snapshot	NOT_ASSESSED_BY_FILE_DELTA
BACKEND	audit-artifacts/NABDAH_PHASE2_SKIN_ANALYSIS_SAFETY_PRIVACY_GAPS_20260819.md	BACKEND	BASELINE_ONLY	6df4dcba766ada015a2b464605eee2876323c0ebfd67aeee9eb66328872de44c		source-directory-byte-hash-unrelated-snapshot	NOT_ASSESSED_BY_FILE_DELTA
BACKEND	audit-artifacts/NABDAH_PHASE2_SUPPORT_CHAT_TICKET_CONTRACT_GAPS_20260819.md	BACKEND	BASELINE_ONLY	b0f4f6c6890bf301375723bd14ba8a4f5bbaad252cf8bab51619c1d83a7ec4de		source-directory-byte-hash-unrelated-snapshot	NOT_ASSESSED_BY_FILE_DELTA
BACKEND	audit-artifacts/NABDAH_PHASE2_TRIAGE_DRUG_INTERACTION_SAFETY_GAPS_20260819.md	BACKEND	BASELINE_ONLY	4a6136f8dc61458de3ae63bf4d92abd98413e542deaa96bb0b59b903d95bac65		source-directory-byte-hash-unrelated-snapshot	NOT_ASSESSED_BY_FILE_DELTA
BACKEND	audit-artifacts/NABDAH_PHASE2_VITALS_CONTRACT_CLINICAL_SAFETY_GAP_20260819.md	BACKEND	BASELINE_ONLY	6abc6da453850484d0268947f98a6e941f87c5a4f83421cb6fc281343bc3177a		source-directory-byte-hash-unrelated-snapshot	NOT_ASSESSED_BY_FILE_DELTA
BACKEND	audit-artifacts/NABDAH_PHASE2_WALLET_TRANSFER_CARD_CONTRACT_GAPS_20260819.md	BACKEND	BASELINE_ONLY	a4860e48120715fa1b67c4823d781aed001ecefa2c3b4c52e6a0994cc593da16		source-directory-byte-hash-unrelated-snapshot	NOT_ASSESSED_BY_FILE_DELTA
BACKEND	audit-artifacts/NABDAH_PHASE3_DOCTOR_PROVIDER_CONFIGURATION_GAPS_20260819.md	BACKEND	BASELINE_ONLY	b7bf70396e1cc8f10eca069e31700f4a8a8390ee793a2eea96a314567de88b87		source-directory-byte-hash-unrelated-snapshot	NOT_ASSESSED_BY_FILE_DELTA
BACKEND	audit-artifacts/NABDAH_PHASE3_DOCTOR_REGISTRATION_KYC_GAPS_20260819.md	BACKEND	BASELINE_ONLY	14a94a6a90b4a3cfc2175d5362550c725a92571689dd54be506134adbf5a53ae		source-directory-byte-hash-unrelated-snapshot	NOT_ASSESSED_BY_FILE_DELTA
BACKEND	audit-artifacts/NABDAH_PHASE3_FINAL_CLOSURE_DOUBLE_CHECK_20260819.md	BACKEND	BASELINE_ONLY	79d7831d2b3b481e9d333a17bd807d31bc72992086ad93b87b292e6d696dfe67		source-directory-byte-hash-unrelated-snapshot	NOT_ASSESSED_BY_FILE_DELTA
BACKEND	audit-artifacts/NABDAH_PHASE3_PROVIDER_AMBULANCE_EMERGENCY_GAPS_20260819.md	BACKEND	BASELINE_ONLY	17e84f5b1611122d78a12ed7f1b422de78feb2d27c9771547a2b9724e1bf4428		source-directory-byte-hash-unrelated-snapshot	NOT_ASSESSED_BY_FILE_DELTA
BACKEND	audit-artifacts/NABDAH_PHASE3_PROVIDER_DOCTOR_CLINICAL_WORKFLOW_GAPS_20260819.md	BACKEND	BASELINE_ONLY	aa97eaa419d45a0c4d6055e226057c3d8486dff080f116f726d7d7ef8b67fe4b		source-directory-byte-hash-unrelated-snapshot	NOT_ASSESSED_BY_FILE_DELTA
BACKEND	audit-artifacts/NABDAH_PHASE3_PROVIDER_DOCTOR_RECEPTION_GAPS_20260819.md	BACKEND	BASELINE_ONLY	b6f5fccba8e35b06c7f9e726c59ceea0a5f6b6402c8b35b3370d752fe801b5aa		source-directory-byte-hash-unrelated-snapshot	NOT_ASSESSED_BY_FILE_DELTA
BACKEND	audit-artifacts/NABDAH_PHASE3_PROVIDER_FACILITY_OPERATIONS_GAPS_20260819.md	BACKEND	BASELINE_ONLY	23358dde40df466e386a920f6c27d8d1e11ae1f5c2170745389d1c3d02baf61a		source-directory-byte-hash-unrelated-snapshot	NOT_ASSESSED_BY_FILE_DELTA
BACKEND	audit-artifacts/NABDAH_PHASE3_PROVIDER_LAB_OPERATIONS_GAPS_20260819.md	BACKEND	BASELINE_ONLY	57c9f1eba7b4328b75b88bfa56f0afe7a7b1ea9e2fa7ddc2d2f99f14273682cd		source-directory-byte-hash-unrelated-snapshot	NOT_ASSESSED_BY_FILE_DELTA
BACKEND	audit-artifacts/NABDAH_PHASE3_PROVIDER_NETWORK_ONBOARDING_BASELINE_20260819.md	BACKEND	BASELINE_ONLY	db3a9c40181edf3822e97866c27e62a48148f0b42b2a16c27d6b49480a4b2fea		source-directory-byte-hash-unrelated-snapshot	NOT_ASSESSED_BY_FILE_DELTA
BACKEND	audit-artifacts/NABDAH_PHASE3_PROVIDER_NURSING_OPERATIONS_GAPS_20260819.md	BACKEND	BASELINE_ONLY	a4409579c1f09bb4bcfc39c3022c0a467a9ebe2637f0cd9c05f2513ac64466d0		source-directory-byte-hash-unrelated-snapshot	NOT_ASSESSED_BY_FILE_DELTA
BACKEND	audit-artifacts/NABDAH_PHASE3_PROVIDER_PAYOUT_WALLET_GAPS_20260819.md	BACKEND	BASELINE_ONLY	baff52373b4c85966d5d3431ceb1b34dcad9eeb8164226e2eebf8476b4c3cee4		source-directory-byte-hash-unrelated-snapshot	NOT_ASSESSED_BY_FILE_DELTA
BACKEND	audit-artifacts/NABDAH_PHASE3_PROVIDER_PHARMACY_BROADCAST_GAPS_20260819.md	BACKEND	BASELINE_ONLY	a8019dab93da1c1cbfa0303052c5fe37d645e379cbaab83a6ca4e493a441b124		source-directory-byte-hash-unrelated-snapshot	NOT_ASSESSED_BY_FILE_DELTA
BACKEND	audit-artifacts/NABDAH_PHASE3_PROVIDER_RADIOLOGY_OPERATIONS_GAPS_20260819.md	BACKEND	BASELINE_ONLY	7f6d1b132b03551c30861edc19202110071f089d921a3ed80796f526a98c9522		source-directory-byte-hash-unrelated-snapshot	NOT_ASSESSED_BY_FILE_DELTA
BACKEND	audit-artifacts/NABDAH_PHASE3_PROVIDER_SHARED_COMMUNICATION_SUPPORT_GAPS_20260819.md	BACKEND	BASELINE_ONLY	dbd452caf6346f24c4e236d5d64ae32d26170118f7e88d586e05061b48f89470		source-directory-byte-hash-unrelated-snapshot	NOT_ASSESSED_BY_FILE_DELTA
BACKEND	audit-artifacts/NABDAH_PHASE3_PROVIDER_SHARED_SECURITY_ANALYTICS_GAPS_20260819.md	BACKEND	BASELINE_ONLY	969b7b81d0f7defab40d199910cb5f146fd51f1f2c06224fe8f935210a50165c		source-directory-byte-hash-unrelated-snapshot	NOT_ASSESSED_BY_FILE_DELTA
BACKEND	audit-artifacts/NABDAH_PHASE4_ADMIN_AI_GATEWAY_GAPS_20260819.md	BACKEND	BASELINE_ONLY	a4ae7fbb8687311f2bcdb7a3361983bd409f00725b80a101e90d6eff95d00006		source-directory-byte-hash-unrelated-snapshot	NOT_ASSESSED_BY_FILE_DELTA
BACKEND	audit-artifacts/NABDAH_PHASE4_ADMIN_AUDIT_LOG_GAPS_20260819.md	BACKEND	BASELINE_ONLY	ca79ea013bbc94c5fe583223387e688268c124ceea2c127c3d115d4a05dff605		source-directory-byte-hash-unrelated-snapshot	NOT_ASSESSED_BY_FILE_DELTA
BACKEND	audit-artifacts/NABDAH_PHASE4_ADMIN_AUTHORIZATION_SHELL_BASELINE_20260819.md	BACKEND	BASELINE_ONLY	65c006a5795941dfa5bb89ba0af7e6aa497e9dffcfd1f69f3532252d9882b0b7		source-directory-byte-hash-unrelated-snapshot	NOT_ASSESSED_BY_FILE_DELTA
BACKEND	audit-artifacts/NABDAH_PHASE4_ADMIN_COMMAND_CENTER_GAPS_20260819.md	BACKEND	BASELINE_ONLY	ac899a73515e179ec955648780ee45d93a7fa8b89272010b50b62066c9ecd08a		source-directory-byte-hash-unrelated-snapshot	NOT_ASSESSED_BY_FILE_DELTA
BACKEND	audit-artifacts/NABDAH_PHASE4_ADMIN_CONFIG_MAINTENANCE_GAPS_20260819.md	BACKEND	BASELINE_ONLY	e59147f04a8e531bf190f66f87f0e8eb4f0c7aa145511914b61743afab853245		source-directory-byte-hash-unrelated-snapshot	NOT_ASSESSED_BY_FILE_DELTA
BACKEND	audit-artifacts/NABDAH_PHASE4_ADMIN_DISPUTE_RESOLUTION_GAPS_20260819.md	BACKEND	BASELINE_ONLY	e3e5d382e3436b4b99cc07b765d5d236a49beafb56ceb6e0261eb34e5616b166		source-directory-byte-hash-unrelated-snapshot	NOT_ASSESSED_BY_FILE_DELTA
BACKEND	audit-artifacts/NABDAH_PHASE4_ADMIN_FINANCIAL_LEDGER_WAREHOUSE_GAPS_20260819.md	BACKEND	BASELINE_ONLY	c3afa5f8cc6a8acac8cfaaede090879f09c162b4860701fd0c5f6fd040cd023c		source-directory-byte-hash-unrelated-snapshot	NOT_ASSESSED_BY_FILE_DELTA
BACKEND	audit-artifacts/NABDAH_PHASE4_ADMIN_INSURANCE_REFUND_GAPS_20260819.md	BACKEND	BASELINE_ONLY	f7f316e935de490ad381486f69530d1f00756ab18d611bd70134e69922d2fad5		source-directory-byte-hash-unrelated-snapshot	NOT_ASSESSED_BY_FILE_DELTA
BACKEND	audit-artifacts/NABDAH_PHASE4_ADMIN_MEDICINE_CATALOG_GAPS_20260819.md	BACKEND	BASELINE_ONLY	17fe7f4e24e8940556495636e7172c7c535fcaccf9a11cfa7d21bce1a8f5d295		source-directory-byte-hash-unrelated-snapshot	NOT_ASSESSED_BY_FILE_DELTA
BACKEND	audit-artifacts/NABDAH_PHASE4_ADMIN_NOTIFICATION_CAMPAIGN_GAPS_20260819.md	BACKEND	BASELINE_ONLY	577807d42a5f21a3881e1f883eee64f6940d9a2c5d2f3a3714a7f52f85280b02		source-directory-byte-hash-unrelated-snapshot	NOT_ASSESSED_BY_FILE_DELTA
BACKEND	audit-artifacts/NABDAH_PHASE4_ADMIN_NURSING_OPERATIONS_GAPS_20260819.md	BACKEND	BASELINE_ONLY	631fd47a4bbbe0a40b6526a3bf597784561e99e2ad0266749dc0a53dc75ac118		source-directory-byte-hash-unrelated-snapshot	NOT_ASSESSED_BY_FILE_DELTA
BACKEND	audit-artifacts/NABDAH_PHASE4_ADMIN_PAYOUT_FINANCE_GAPS_20260819.md	BACKEND	BASELINE_ONLY	35942332352b50d3613660e1579f9b10e845fffaadd139dec5be020893e2637d		source-directory-byte-hash-unrelated-snapshot	NOT_ASSESSED_BY_FILE_DELTA
BACKEND	audit-artifacts/NABDAH_PHASE4_ADMIN_PROVIDER_MODERATION_GAPS_20260819.md	BACKEND	BASELINE_ONLY	d1b790b3117174374af02e7f953c520546e491d1bb2a3872e29c328ddb0acc8a		source-directory-byte-hash-unrelated-snapshot	NOT_ASSESSED_BY_FILE_DELTA
BACKEND	audit-artifacts/NABDAH_PHASE4_ADMIN_RBAC_MATRIX_GAPS_20260819.md	BACKEND	BASELINE_ONLY	fb2340aaa51efd7b5dabae73f9b7bbc8442999cdc55f4848422e4dd3ed438782		source-directory-byte-hash-unrelated-snapshot	NOT_ASSESSED_BY_FILE_DELTA
BACKEND	audit-artifacts/NABDAH_PHASE4_ADMIN_SERVICE_CATALOG_GAPS_20260819.md	BACKEND	BASELINE_ONLY	13aff8da208bb2abbc69562c0b867d956d89cd5465383883828b77e3bced6382		source-directory-byte-hash-unrelated-snapshot	NOT_ASSESSED_BY_FILE_DELTA
BACKEND	audit-artifacts/NABDAH_PHASE4_ADMIN_SOS_EMERGENCY_GOVERNANCE_GAPS_20260819.md	BACKEND	BASELINE_ONLY	9fb6d8133b67de5a469c11d397ba05571ba98ca3886b7706557cc43f1d83b3dd		source-directory-byte-hash-unrelated-snapshot	NOT_ASSESSED_BY_FILE_DELTA
BACKEND	audit-artifacts/NABDAH_PHASE4_ADMIN_SUPPORT_TICKETS_GAPS_20260819.md	BACKEND	BASELINE_ONLY	b922f19a22b75cbfb3d4a88c7fcbec204bbe5d36dd5e83b7e956eb6e4562009b		source-directory-byte-hash-unrelated-snapshot	NOT_ASSESSED_BY_FILE_DELTA
BACKEND	audit-artifacts/NABDAH_PHASE4_ADMIN_USER_MANAGEMENT_GAPS_20260819.md	BACKEND	BASELINE_ONLY	ca9d188449a60ed78eae6b93e89b038c697244e9f4d6f66a71ebc3dfab4dd1a9		source-directory-byte-hash-unrelated-snapshot	NOT_ASSESSED_BY_FILE_DELTA
BACKEND	audit-artifacts/NABDAH_PHASE4_FINAL_CLOSURE_DOUBLE_CHECK_20260819.md	BACKEND	BASELINE_ONLY	7516395f59f5319a72b100538b8b852108aa9c1f9aee56e32c5207cd498f9f28		source-directory-byte-hash-unrelated-snapshot	NOT_ASSESSED_BY_FILE_DELTA
BACKEND	audit-artifacts/NABDAH_PHASE5_AUTHORIZATION_GUARD_GAPS_20260819.md	BACKEND	BASELINE_ONLY	f64b5e14df89e86b08785a810aac47389f5749a7c9cac47d6334f397a2a8c76c		source-directory-byte-hash-unrelated-snapshot	NOT_ASSESSED_BY_FILE_DELTA
BACKEND	audit-artifacts/NABDAH_PHASE5_CONSISTENCY_RECONCILIATION_GAPS_20260819.md	BACKEND	BASELINE_ONLY	b62df038e469f48cdf4ebd1ce9253193174a9613f89cd60de7ad99bdfa7f2330		source-directory-byte-hash-unrelated-snapshot	NOT_ASSESSED_BY_FILE_DELTA
BACKEND	audit-artifacts/NABDAH_PHASE5_EVENT_BUS_OUTBOX_GAPS_20260819.md	BACKEND	BASELINE_ONLY	380ec809f669fced1483eee149b5d003c0f32c1d94fe9ebde32b000337943db9		source-directory-byte-hash-unrelated-snapshot	NOT_ASSESSED_BY_FILE_DELTA
BACKEND	audit-artifacts/NABDAH_PHASE5_FINAL_CLOSURE_DOUBLE_CHECK_20260819.md	BACKEND	BASELINE_ONLY	2d79d71cb02383e6a0394a921a9018aaf097dadb9aabd27963c4664ea34cddee		source-directory-byte-hash-unrelated-snapshot	NOT_ASSESSED_BY_FILE_DELTA
BACKEND	audit-artifacts/NABDAH_PHASE5_INSURANCE_QUOTE_CONTRACT_GAPS_20260819.md	BACKEND	BASELINE_ONLY	04c5c0aa059ea73a27d122da1392bef57fb0c94abf9cfa0ac6e98e595f7f434c		source-directory-byte-hash-unrelated-snapshot	NOT_ASSESSED_BY_FILE_DELTA
BACKEND	audit-artifacts/NABDAH_PHASE5_LEGACY_CANONICAL_DATA_SOURCE_GAPS_20260819.md	BACKEND	BASELINE_ONLY	3a6828968bbcb517501e3fe0041502959500df28615707e19cf30c34774982c5		source-directory-byte-hash-unrelated-snapshot	NOT_ASSESSED_BY_FILE_DELTA
BACKEND	audit-artifacts/NABDAH_PHASE5_PAYMENT_ENGINE_CONTRACT_GAPS_20260819.md	BACKEND	BASELINE_ONLY	4b145de1bdfe250843dff8713fd800ce7f97dec974792051805de4493b98379a		source-directory-byte-hash-unrelated-snapshot	NOT_ASSESSED_BY_FILE_DELTA
BACKEND	audit-artifacts/NABDAH_PHASE5_REALTIME_WEBSOCKET_SECURITY_GAPS_20260819.md	BACKEND	BASELINE_ONLY	635b1699f0f01c7d230109bf510c2896937bfc4b0df74af97db1112122b5300f		source-directory-byte-hash-unrelated-snapshot	NOT_ASSESSED_BY_FILE_DELTA
BACKEND	audit-artifacts/NABDAH_PHASE5_STORAGE_MEDIA_PRIVACY_GAPS_20260819.md	BACKEND	BASELINE_ONLY	693ad910d8abf30b7e39e5f1c86f70516f01b7d57a93889c0ff4e54efff1a9f8		source-directory-byte-hash-unrelated-snapshot	NOT_ASSESSED_BY_FILE_DELTA
BACKEND	audit-artifacts/NABDAH_PHASE5_TRANSACTION_SCHEMA_DATA_GAPS_20260819.md	BACKEND	BASELINE_ONLY	c0d4d03b24a9448a626e22ceaa5af5813b5b6ffd9434d960588b84c6a920b005		source-directory-byte-hash-unrelated-snapshot	NOT_ASSESSED_BY_FILE_DELTA
BACKEND	audit-artifacts/NABDAH_PHASE5_WORKFLOW_ENGINE_CONTRACT_GAPS_20260819.md	BACKEND	BASELINE_ONLY	a3079e5673da3b0919af573474bcf0083f1500571f85fc86e2382b1e62f2f077		source-directory-byte-hash-unrelated-snapshot	NOT_ASSESSED_BY_FILE_DELTA
BACKEND	audit-artifacts/NABDAH_PHASE6_FINAL_CLOSURE_DOUBLE_CHECK_20260819.md	BACKEND	BASELINE_ONLY	0222d52d67b54f8f1b11a7bc16ba96fdd866d87cdfad162ac0ef208cd4ea59bb		source-directory-byte-hash-unrelated-snapshot	NOT_ASSESSED_BY_FILE_DELTA
BACKEND	audit-artifacts/NABDAH_PHASE6_PUBLIC_CARE_DISCOVERY_PRIVACY_GAPS_20260819.md	BACKEND	BASELINE_ONLY	823aaf8aacda8a2f09c6021b681d7a8b0e28ea9ef232fe3b05e643462817bba6		source-directory-byte-hash-unrelated-snapshot	NOT_ASSESSED_BY_FILE_DELTA
BACKEND	audit-artifacts/NABDAH_PHASE6_SECURITY_OWNERSHIP_PRIVACY_MATRIX_20260819.md	BACKEND	BASELINE_ONLY	1e41e69e0e214c820fcc85a6a77ba34ba854aa26272b3d963d261867f35da9bb		source-directory-byte-hash-unrelated-snapshot	NOT_ASSESSED_BY_FILE_DELTA
BACKEND	audit-artifacts/NABDAH_PHASE7_COMPETITOR_UX_BENCHMARK_20260819.md	BACKEND	BASELINE_ONLY	4d4fe5ad39986889bd0574a5d8faf4999a7da330f6dff9bbbbfac7440c804446		source-directory-byte-hash-unrelated-snapshot	NOT_ASSESSED_BY_FILE_DELTA
BACKEND	audit-artifacts/NABDAH_PHASE7_FINAL_CLOSURE_DOUBLE_CHECK_20260819.md	BACKEND	BASELINE_ONLY	f848925df4ef11661fc87868aaa8db3a28a42a572de04fc2c9a108d0386e474a		source-directory-byte-hash-unrelated-snapshot	NOT_ASSESSED_BY_FILE_DELTA
BACKEND	audit-artifacts/NABDAH_PHASE8_BATCH_AA_PROVIDER_PAYOUT_RESERVATION_INTEGRITY_20260819.md	BACKEND	BASELINE_ONLY	f5c82fa1c65861cb2ae936fbf490625216515f1ef91e4524d6c37d618498d9dd		source-directory-byte-hash-unrelated-snapshot	NOT_ASSESSED_BY_FILE_DELTA
BACKEND	audit-artifacts/NABDAH_PHASE8_BATCH_AB_PROVIDER_NURSING_QUEUE_CONTRACT_20260819.md	BACKEND	BASELINE_ONLY	2232d37c8c61d424f6ccd29a8259fa97c0b737e5fd5aeae9d6c77fddfc32c608		source-directory-byte-hash-unrelated-snapshot	NOT_ASSESSED_BY_FILE_DELTA
BACKEND	audit-artifacts/NABDAH_PHASE8_BATCH_AC_FACILITY_STAFF_ASSIGNMENT_INTEGRITY_20260819.md	BACKEND	BASELINE_ONLY	7b94c52062662f74ad6a84c661d0e00c06b17fbf9c6207b183a2848da25d92d0		source-directory-byte-hash-unrelated-snapshot	NOT_ASSESSED_BY_FILE_DELTA
BACKEND	audit-artifacts/NABDAH_PHASE8_BATCH_AD_ADMIN_REFUND_DECISION_INTEGRITY_20260819.md	BACKEND	BASELINE_ONLY	46797a6d1105f42cbf38fb58fe7bcb5967b47453ec2df2d33f9e470a0199770f		source-directory-byte-hash-unrelated-snapshot	NOT_ASSESSED_BY_FILE_DELTA
BACKEND	audit-artifacts/NABDAH_PHASE8_BATCH_AE_AMBULANCE_EMERGENCY_RECORD_INTEGRITY_20260819.md	BACKEND	BASELINE_ONLY	d7daa62769d84995313ca683ab8f033eae5ae3e75734af823d5b421b85c133a1		source-directory-byte-hash-unrelated-snapshot	NOT_ASSESSED_BY_FILE_DELTA
BACKEND	audit-artifacts/NABDAH_PHASE8_BATCH_AF_DOCTOR_CLINICAL_RECORD_INTEGRITY_20260819.md	BACKEND	BASELINE_ONLY	da4e515d88782493b8b41af41a755e503ff548bf9ed669aa37127398516a6bad		source-directory-byte-hash-unrelated-snapshot	NOT_ASSESSED_BY_FILE_DELTA
BACKEND	audit-artifacts/NABDAH_PHASE8_BATCH_AG_ADMIN_GOVERNANCE_MAINTENANCE_INTEGRITY_20260819.md	BACKEND	BASELINE_ONLY	2d3fbe21380e7485a4aab7111d76f28f3369740c68b3e49e6db72143b43e1fa3		source-directory-byte-hash-unrelated-snapshot	NOT_ASSESSED_BY_FILE_DELTA
BACKEND	audit-artifacts/NABDAH_PHASE8_BATCH_AH_ADMIN_CAMPAIGN_DELIVERY_GOVERNANCE_20260819.md	BACKEND	BASELINE_ONLY	74683440b7dbf8f7fa7697f046cb134da73778dd88969f990bedec458a3cdc92		source-directory-byte-hash-unrelated-snapshot	NOT_ASSESSED_BY_FILE_DELTA
BACKEND	audit-artifacts/NABDAH_PHASE8_BATCH_AI_ADMIN_SOS_PRIVACY_DISPATCH_CONTAINMENT_20260819.md	BACKEND	BASELINE_ONLY	112fcf4857c4ef2942b0985fab2e14f3f6667d5a68326e69ef9b6e7f2706144e		source-directory-byte-hash-unrelated-snapshot	NOT_ASSESSED_BY_FILE_DELTA
BACKEND	audit-artifacts/NABDAH_PHASE8_BATCH_AJ_PATIENT_LOCALE_TECHNICAL_KEY_CONTAINMENT_20260819.md	BACKEND	BASELINE_ONLY	2baf16b9532c1376c6ebed3d782c215304fe1668008e1f7ff57fab5fac422da4		source-directory-byte-hash-unrelated-snapshot	NOT_ASSESSED_BY_FILE_DELTA
BACKEND	audit-artifacts/NABDAH_PHASE8_BATCH_AK_ADMIN_AI_PHI_GOVERNANCE_CONTAINMENT_20260819.md	BACKEND	BASELINE_ONLY	3b550d5a40d823afa9ce23c24665f248aacf8098f10929f1080ee5ff4b01a89c		source-directory-byte-hash-unrelated-snapshot	NOT_ASSESSED_BY_FILE_DELTA
BACKEND	audit-artifacts/NABDAH_PHASE8_BATCH_AL_PROVIDER_SHARED_UI_ACCESSIBILITY_RTL_20260819.md	BACKEND	BASELINE_ONLY	bd8e9a4b95fa79041c75c9496626cd4dc71fac91f5cccaa521cd441cc6243b86		source-directory-byte-hash-unrelated-snapshot	NOT_ASSESSED_BY_FILE_DELTA
BACKEND	audit-artifacts/NABDAH_PHASE8_BATCH_AM_PATIENT_SHARED_UI_ACCESSIBILITY_RTL_20260819.md	BACKEND	BASELINE_ONLY	2ffc4426bbc6b3262cda68cd3465f6f9600ee207330bac0ff324d611d1f5cb6a		source-directory-byte-hash-unrelated-snapshot	NOT_ASSESSED_BY_FILE_DELTA
BACKEND	audit-artifacts/NABDAH_PHASE8_BATCH_AN_ADMIN_NURSING_PRIVACY_ASSIGNMENT_CONTAINMENT_20260819.md	BACKEND	BASELINE_ONLY	62484e43d34b87348b75e9a72708e5bf6eb7fe9df2b52290942e79f2f640eccd		source-directory-byte-hash-unrelated-snapshot	NOT_ASSESSED_BY_FILE_DELTA
BACKEND	audit-artifacts/NABDAH_PHASE8_BATCH_AO_ADMIN_DISPUTE_FINANCIAL_CONTAINMENT_20260819.md	BACKEND	BASELINE_ONLY	f71adbebb4b3d8521fde71c65a5ea240ce44564697a4eb7602153c5b022fe235		source-directory-byte-hash-unrelated-snapshot	NOT_ASSESSED_BY_FILE_DELTA
BACKEND	audit-artifacts/NABDAH_PHASE8_BATCH_AP_ADMIN_SERVICE_CATALOG_PUBLICATION_CONTAINMENT_20260819.md	BACKEND	BASELINE_ONLY	ad89daec72cf0274eb1dc05f1bc61b6623b59e06bc4796c6c36358b28fe50fdf		source-directory-byte-hash-unrelated-snapshot	NOT_ASSESSED_BY_FILE_DELTA
BACKEND	audit-artifacts/NABDAH_PHASE8_BATCH_A_PUBLIC_CARE_DISCOVERY_REMEDIATION_20260819.md	BACKEND	BASELINE_ONLY	b45a68af37cf1c840b0d579cd6d10c550a75e4c430191144a03a363f1c8e2008		source-directory-byte-hash-unrelated-snapshot	NOT_ASSESSED_BY_FILE_DELTA
BACKEND	audit-artifacts/NABDAH_PHASE8_BATCH_B_REALTIME_ROOM_AUTHORIZATION_20260819.md	BACKEND	BASELINE_ONLY	c8a11696cdf5b570e201e1a1fd9c083ef4984a9630cd0d35b99353be4b0b2628		source-directory-byte-hash-unrelated-snapshot	NOT_ASSESSED_BY_FILE_DELTA
BACKEND	audit-artifacts/NABDAH_PHASE8_BATCH_C_PAYMENT_AUTHORIZATION_WEBHOOKS_20260819.md	BACKEND	BASELINE_ONLY	9c6325dbbd26f15c4e158c8478766bb7cd93c1b3a15fd4402a150f4a57741fda		source-directory-byte-hash-unrelated-snapshot	NOT_ASSESSED_BY_FILE_DELTA
BACKEND	audit-artifacts/NABDAH_PHASE8_BATCH_D_PRIVILEGED_JWT_IMPERSONATION_20260819.md	BACKEND	BASELINE_ONLY	8a4a93368a5e14c2a58071db87f8c7b8eb2a368ee982f5c34268b41c7836b9d6		source-directory-byte-hash-unrelated-snapshot	NOT_ASSESSED_BY_FILE_DELTA
BACKEND	audit-artifacts/NABDAH_PHASE8_BATCH_E_PATIENT_LOCALE_NAVIGATION_20260819.md	BACKEND	BASELINE_ONLY	0985455d8804708d8c5edb8bec9ed99652763feb6d388b87a9dd0a81cc175184		source-directory-byte-hash-unrelated-snapshot	NOT_ASSESSED_BY_FILE_DELTA
BACKEND	audit-artifacts/NABDAH_PHASE8_BATCH_F_FAMILY_OWNERSHIP_CONTRACTS_20260819.md	BACKEND	BASELINE_ONLY	86552f45e6800782f45ea021d65ff7d5a8a1103e19c6a8d6fcc64b2fc007346e		source-directory-byte-hash-unrelated-snapshot	NOT_ASSESSED_BY_FILE_DELTA
BACKEND	audit-artifacts/NABDAH_PHASE8_BATCH_G_CLINICAL_VITALS_CONTRACT_20260819.md	BACKEND	BASELINE_ONLY	dd1d06ce784a03bb4cfd2d4dc5079c5600b7e0009222609972fe84c768945f0e		source-directory-byte-hash-unrelated-snapshot	NOT_ASSESSED_BY_FILE_DELTA
BACKEND	audit-artifacts/NABDAH_PHASE8_BATCH_H_MATERNITY_CLINICAL_STATE_REVALIDATION_20260819.md	BACKEND	BASELINE_ONLY	49b98ec2a839ffcbbbc0e3f07d013ed1a0c7723d8da47806422526c6b2305239		source-directory-byte-hash-unrelated-snapshot	NOT_ASSESSED_BY_FILE_DELTA
BACKEND	audit-artifacts/NABDAH_PHASE8_BATCH_I_NUTRITION_PLAN_TRUTHFULNESS_REVALIDATION_20260819.md	BACKEND	BASELINE_ONLY	4eb5f3d20d04e34c3e5be59a5f271159e86825d2b86a99874e91a277425c81e1		source-directory-byte-hash-unrelated-snapshot	NOT_ASSESSED_BY_FILE_DELTA
BACKEND	audit-artifacts/NABDAH_PHASE8_BATCH_J_MEDICATION_REMINDER_FIDELITY_20260819.md	BACKEND	BASELINE_ONLY	9aba068028672e9a29492a4c93b1080385b9a2ec64314f54d73c940f234315e6		source-directory-byte-hash-unrelated-snapshot	NOT_ASSESSED_BY_FILE_DELTA
BACKEND	audit-artifacts/NABDAH_PHASE8_BATCH_K_PAYMENT_INTENT_IDEMPOTENCY_20260819.md	BACKEND	BASELINE_ONLY	f3d2bdaecbaab99baa9b586f4c24e2323e89c8e0d55d0e6ce632b5524461dd55		source-directory-byte-hash-unrelated-snapshot	NOT_ASSESSED_BY_FILE_DELTA
BACKEND	audit-artifacts/NABDAH_PHASE8_BATCH_L_INSURANCE_COPAY_INTEGRITY_20260819.md	BACKEND	BASELINE_ONLY	cb86d489e6eb898fd3d1ae069371d8c24a1a365a17661c95641a087d61090f8c		source-directory-byte-hash-unrelated-snapshot	NOT_ASSESSED_BY_FILE_DELTA
BACKEND	audit-artifacts/NABDAH_PHASE8_BATCH_M_PROTECTED_MEDIA_STORAGE_20260819.md	BACKEND	BASELINE_ONLY	86e4f15a4f9c33c1fd0258e94de4d6f2dab0ff7a98361500f4148b08c6e153c2		source-directory-byte-hash-unrelated-snapshot	NOT_ASSESSED_BY_FILE_DELTA
BACKEND	audit-artifacts/NABDAH_PHASE8_BATCH_N_WORKFLOW_EVENT_INTEGRITY_20260819.md	BACKEND	BASELINE_ONLY	d43ac132f5f3f6a21cff4675b0a469faa1b099f98012c1583e8c9e43d39b463b		source-directory-byte-hash-unrelated-snapshot	NOT_ASSESSED_BY_FILE_DELTA
BACKEND	audit-artifacts/NABDAH_PHASE8_BATCH_O_DIAGNOSTICS_TRUTHFULNESS_20260819.md	BACKEND	BASELINE_ONLY	775b11f4a639595d79a1a16af306a188a82da61180c363c55f2cae55604d6c44		source-directory-byte-hash-unrelated-snapshot	NOT_ASSESSED_BY_FILE_DELTA
BACKEND	audit-artifacts/NABDAH_PHASE8_BATCH_P_PROVIDER_DIAGNOSTIC_REPORT_INTEGRITY_20260819.md	BACKEND	BASELINE_ONLY	1317b89df880fa2b745fdd5d6395561b3cedc1586816bca3b93926113989a960		source-directory-byte-hash-unrelated-snapshot	NOT_ASSESSED_BY_FILE_DELTA
BACKEND	audit-artifacts/NABDAH_PHASE8_BATCH_Q_MOOD_JOURNAL_TRUTHFULNESS_20260819.md	BACKEND	BASELINE_ONLY	c7e0d1c8d7e9a0667bb452666679f15cf1fac707364c4bd471d4dbe0b3a19664		source-directory-byte-hash-unrelated-snapshot	NOT_ASSESSED_BY_FILE_DELTA
BACKEND	audit-artifacts/NABDAH_PHASE8_BATCH_R_CHRONIC_REFILL_INTEGRITY_20260819.md	BACKEND	BASELINE_ONLY	ba9d49a304377f55cb02d691e3ed64d81dad0743534b00f35b44160904438ca5		source-directory-byte-hash-unrelated-snapshot	NOT_ASSESSED_BY_FILE_DELTA
BACKEND	audit-artifacts/NABDAH_PHASE8_BATCH_S_FAMILY_CALENDAR_CONTRACT_20260819.md	BACKEND	BASELINE_ONLY	438abb2f1d9f31154ed3c90fd2f30d383a0ec86730227f5b06d8ec8fc4b8d016		source-directory-byte-hash-unrelated-snapshot	NOT_ASSESSED_BY_FILE_DELTA
BACKEND	audit-artifacts/NABDAH_PHASE8_BATCH_T_INSURANCE_COPAY_INTEGRITY_20260819.md	BACKEND	BASELINE_ONLY	f11dc3d700663162ede76ccfd77b5336c7fe4d9bc22d5aacbaec8da377d92905		source-directory-byte-hash-unrelated-snapshot	NOT_ASSESSED_BY_FILE_DELTA
BACKEND	audit-artifacts/NABDAH_PHASE8_BATCH_U_MONTHLY_HEALTH_REPORT_TEMPORAL_INTEGRITY_20260819.md	BACKEND	BASELINE_ONLY	d9d755f2482eba6309f3119401dcafeac28a635eeae2a4bd265b3095aa34be87		source-directory-byte-hash-unrelated-snapshot	NOT_ASSESSED_BY_FILE_DELTA
BACKEND	audit-artifacts/NABDAH_PHASE8_BATCH_V_PROVIDER_NETWORK_CONFIGURATION_INTEGRITY_20260819.md	BACKEND	BASELINE_ONLY	face98b60c128ef6b5548aad1657c612ffd2e2c01db8bf3572eea33fb22ff206		source-directory-byte-hash-unrelated-snapshot	NOT_ASSESSED_BY_FILE_DELTA
BACKEND	audit-artifacts/NABDAH_PHASE8_BATCH_W_PROVIDER_KYC_STATE_GATE_20260819.md	BACKEND	BASELINE_ONLY	4918c039af1ae4888bba15963f9f7631b405e8e8b5c003200f8c66d1a6b5163f		source-directory-byte-hash-unrelated-snapshot	NOT_ASSESSED_BY_FILE_DELTA
BACKEND	audit-artifacts/NABDAH_PHASE8_BATCH_X_PROVIDER_PHARMACY_BROADCAST_CONTRACT_20260819.md	BACKEND	BASELINE_ONLY	52c2569b44bfebab281d59a09b5f24e4b5c021ca12e58684b23e3171e1964a99		source-directory-byte-hash-unrelated-snapshot	NOT_ASSESSED_BY_FILE_DELTA
BACKEND	audit-artifacts/NABDAH_PHASE8_BATCH_Y_LABORATORY_WORKFLOW_INTEGRITY_20260819.md	BACKEND	BASELINE_ONLY	4bc6323f14be3b6a3dcec8ec9d3138f3cc4c565207c76d620c028896e44ea11b		source-directory-byte-hash-unrelated-snapshot	NOT_ASSESSED_BY_FILE_DELTA
BACKEND	audit-artifacts/NABDAH_PHASE8_BATCH_Z_ADMIN_SESSION_GOVERNANCE_INTEGRITY_20260819.md	BACKEND	BASELINE_ONLY	15e7288fae5f5d27b54f2e5b87ff2607ea68e9ddb18617aecba602a529aa178f		source-directory-byte-hash-unrelated-snapshot	NOT_ASSESSED_BY_FILE_DELTA
BACKEND	audit-artifacts/NABDAH_PHASE8_FINAL_CLOSURE_DOUBLE_CHECK_20260819.md	BACKEND	BASELINE_ONLY	256225347696b2a81ea555f06896c96b1ef30c6ff92f67051fa4d4d79002296e		source-directory-byte-hash-unrelated-snapshot	NOT_ASSESSED_BY_FILE_DELTA
BACKEND	audit-artifacts/NABDAH_PHASE8_POST_AE_REMEDIATION_INVENTORY_20260819.md	BACKEND	BASELINE_ONLY	9121f6a17608a7ca9b0ae1504fb92158fa9786ea0d251b87a2a194339f0a46a4		source-directory-byte-hash-unrelated-snapshot	NOT_ASSESSED_BY_FILE_DELTA
BACKEND	audit-artifacts/NABDAH_PHASE9_BACKEND_DEPENDENCY_LOCK_INTEGRITY_20260819.md	BACKEND	BASELINE_ONLY	0e61c63616ce691710b4b03266839c058ed6145a2e2623c6598ebcc90b22cc3c		source-directory-byte-hash-unrelated-snapshot	NOT_ASSESSED_BY_FILE_DELTA
BACKEND	audit-artifacts/NABDAH_PHASE9_BUILD_GATE_BASELINE_20260819.md	BACKEND	BASELINE_ONLY	ca97b5013275d9b4ce85f8530dfcb00182033ed08966aa676989d3acb4295333		source-directory-byte-hash-unrelated-snapshot	NOT_ASSESSED_BY_FILE_DELTA
BACKEND	audit-artifacts/NABDAH_PHASE9_FINAL_DOUBLE_CHECK_20260819.md	BACKEND	BASELINE_ONLY	350179fdd90250ab84071b74b97aeff28dc52fb64b05e1fcebd2c5163abec323		source-directory-byte-hash-unrelated-snapshot	NOT_ASSESSED_BY_FILE_DELTA
BACKEND	audit-artifacts/NABDAH_PHASE9_PROVIDER_DEPENDENCY_LOCK_INTEGRITY_20260819.md	BACKEND	BASELINE_ONLY	f3097d3587812c502cfac6b84b3caa2e8beb28d230c4289e2518dae872d69ef9		source-directory-byte-hash-unrelated-snapshot	NOT_ASSESSED_BY_FILE_DELTA
BACKEND	audit-artifacts/NABDAH_PHASE9_RELEASE_CANDIDATE_AND_ROLLBACK_PLAN_20260819.md	BACKEND	BASELINE_ONLY	07cee6c4ce51aa0abeec78e7baddf627132580ed69d66418ee3b84e2d9901ecd		source-directory-byte-hash-unrelated-snapshot	NOT_ASSESSED_BY_FILE_DELTA
BACKEND	audit-artifacts/NABDAH_PLAN_COMPLETENESS_GAP_REVIEW_20260818.md	BACKEND	BASELINE_ONLY	77d041d009ddac6cb00b32ac246c390bbdfedf13130423d41ae192156483c3ba		source-directory-byte-hash-unrelated-snapshot	NOT_ASSESSED_BY_FILE_DELTA
BACKEND	audit-artifacts/NABDAH_PREPHASE13_DOCTOR_PRESCRIPTION_REMEDIATION_20260819.md	BACKEND	BASELINE_ONLY	fe2086b8bb6a1235464c8a821c2e64fcc76c392e70b5875b24ff98e5a2c447af		source-directory-byte-hash-unrelated-snapshot	NOT_ASSESSED_BY_FILE_DELTA
BACKEND	audit-artifacts/NABDAH_PROVIDER_AGREEMENT_FAIL_CLOSED_20260819.md	BACKEND	BASELINE_ONLY	06b5e40cba8928e0afd1b99618c3121d90d88563a379393a0ae1280a5d001efd		source-directory-byte-hash-unrelated-snapshot	NOT_ASSESSED_BY_FILE_DELTA
BACKEND	audit-artifacts/NABDAH_PROVIDER_CHAT_TRUTHFULNESS_20260819.md	BACKEND	BASELINE_ONLY	7d521b216083f6b594ed7907ebbbf7ca159548b9ba2885c613604fc2c6b94ae5		source-directory-byte-hash-unrelated-snapshot	NOT_ASSESSED_BY_FILE_DELTA
BACKEND	audit-artifacts/NABDAH_PROVIDER_DOCTOR_TRUTHFULNESS_20260819.md	BACKEND	BASELINE_ONLY	910657ba92604440e6557967037b35246344a3f0b98ea84d8372356eecf7f52a		source-directory-byte-hash-unrelated-snapshot	NOT_ASSESSED_BY_FILE_DELTA
BACKEND	audit-artifacts/NABDAH_PROVIDER_EXPO_SDK57_MIGRATION_20260819.md	BACKEND	BASELINE_ONLY	aa7503870cf8a48b75c39e5b31890dbed54f71bcfb24047bb7f932cba38fce4a		source-directory-byte-hash-unrelated-snapshot	NOT_ASSESSED_BY_FILE_DELTA
BACKEND	audit-artifacts/NABDAH_PROVIDER_FULL_LOCALE_STATIC_TEXT_MIGRATION_20260819.md	BACKEND	BASELINE_ONLY	97a70e6d6f261e9407f84232c93fd49c686a382e202ca1e61eb102dc83459b10		source-directory-byte-hash-unrelated-snapshot	NOT_ASSESSED_BY_FILE_DELTA
BACKEND	audit-artifacts/NABDAH_PROVIDER_LAB_TRUTHFULNESS_20260819.md	BACKEND	BASELINE_ONLY	7d00af49488d4eb46ca054457a28dfd738511046d3d59473050b16be0d27e41e		source-directory-byte-hash-unrelated-snapshot	NOT_ASSESSED_BY_FILE_DELTA
BACKEND	audit-artifacts/NABDAH_PROVIDER_LOCALIZATION_INVENTORY_20260819.md	BACKEND	BASELINE_ONLY	525188b2c031dbadc3f8550da5e8e60ebea692c3255b8c66a41c7b435eb20bdc		source-directory-byte-hash-unrelated-snapshot	NOT_ASSESSED_BY_FILE_DELTA
BACKEND	audit-artifacts/NABDAH_PROVIDER_SHARED_OPERATION_TRUTHFULNESS_20260819.md	BACKEND	BASELINE_ONLY	6a8a2d24906ce43260b520be1ed6ea0fa8f8b73178f57a1bc0f82123e78ff343		source-directory-byte-hash-unrelated-snapshot	NOT_ASSESSED_BY_FILE_DELTA
BACKEND	audit-artifacts/NABDAH_PROVIDER_SIX_LOCALE_FOUNDATION_20260819.md	BACKEND	BASELINE_ONLY	a8f951f88f06c643873b6aed2d8ae1b1fe587cdea0f0813e1861126d13897782		source-directory-byte-hash-unrelated-snapshot	NOT_ASSESSED_BY_FILE_DELTA
BACKEND	audit-artifacts/NABDAH_PROVIDER_TEMPLATE_LOCALE_MIGRATION_20260819.md	BACKEND	BASELINE_ONLY	a6b67c76b9a02e885398b62447e480a5b78aabe0a2e3412855ef13c52312f991		source-directory-byte-hash-unrelated-snapshot	NOT_ASSESSED_BY_FILE_DELTA
BACKEND	audit-artifacts/NABDAH_READINESS_RESUMPTION_BLOCKER_RECONCILIATION_20260819.md	BACKEND	BASELINE_ONLY	376d0866113be6c1eb136fc05c3ac74d749c83f5e50be9047f1041f57061e2b3		source-directory-byte-hash-unrelated-snapshot	NOT_ASSESSED_BY_FILE_DELTA
BACKEND	audit-artifacts/NABDAH_RECONCILIATION_ACTUAL_API_CALLS_20260818.tsv	BACKEND	BASELINE_ONLY	982ba56865f4f8e591834dc5ab0f95d1d3fed433a3666a4e67d7423dec822fa2		source-directory-byte-hash-unrelated-snapshot	NOT_ASSESSED_BY_FILE_DELTA
BACKEND	audit-artifacts/NABDAH_RECONCILIATION_API_ROUTE_MATCH_20260818.tsv	BACKEND	BASELINE_ONLY	6b67d149c7fbd1f4c46f22799991bf2629985cb722010cd5a46fa1c534c91082		source-directory-byte-hash-unrelated-snapshot	NOT_ASSESSED_BY_FILE_DELTA
BACKEND	audit-artifacts/NABDAH_RECONCILIATION_BACKEND_ROUTES_20260818.tsv	BACKEND	BASELINE_ONLY	6fbb050bd8acd33be841d61bb1d30898ca5485098664bd40207016a2ac615893		source-directory-byte-hash-unrelated-snapshot	NOT_ASSESSED_BY_FILE_DELTA
BACKEND	audit-artifacts/NABDAH_RECONCILIATION_CURRENT_SOURCE_QA_20260818.md	BACKEND	BASELINE_ONLY	cfcf8b94acaa826a743543ccf7d6b0a816d76a89eec535db5221f95db43da63d		source-directory-byte-hash-unrelated-snapshot	NOT_ASSESSED_BY_FILE_DELTA
BACKEND	audit-artifacts/NABDAH_RECONCILIATION_SOURCE_UI_MARKERS_20260818.tsv	BACKEND	BASELINE_ONLY	9ab7b70d79e2162a39e3a2d1554c315eb585883fcdc6f1d06260f1b590f33f81		source-directory-byte-hash-unrelated-snapshot	NOT_ASSESSED_BY_FILE_DELTA
BACKEND	audit-artifacts/NABDAH_REVIEW_HANDOVER_CURRENT_STATE_20260819.md	BACKEND	BASELINE_ONLY	b43cb710ce22d10bb89352d54583a87899e5c837525215c8c369db0a4e87f13e		source-directory-byte-hash-unrelated-snapshot	NOT_ASSESSED_BY_FILE_DELTA
BACKEND	audit-artifacts/NABDAH_ROUTE_MATCH_RECONCILIATION_20260818.md	BACKEND	BASELINE_ONLY	766130284356f577adc11f56056a853e196cd9d3500a40356bd058639dab3560		source-directory-byte-hash-unrelated-snapshot	NOT_ASSESSED_BY_FILE_DELTA
BACKEND	audit-artifacts/NABDAH_SCREEN_BUTTON_CONTRACT_INVENTORY_20260818.tsv	BACKEND	BASELINE_ONLY	944d89403f820bff40d0073ecf866772beccc1239977dbbdadeca806c3c20064		source-directory-byte-hash-unrelated-snapshot	NOT_ASSESSED_BY_FILE_DELTA
BACKEND	audit-artifacts/NABDAH_SCREEN_BUTTON_CONTRACT_UNIQUE_20260818.tsv	BACKEND	BASELINE_ONLY	ac80b0cacbb1f9e02ea9da18bd7f1c6fc49047ccce591b35f165fe704fa0a82c		source-directory-byte-hash-unrelated-snapshot	NOT_ASSESSED_BY_FILE_DELTA
BACKEND	audit-artifacts/NABDAH_SMART_CATALOG_BACKFILL_REVIEWER_RUNBOOK_20260820.md	BACKEND	BASELINE_ONLY	16a62c4a3db298d0792c80f0890bbf014c3f31bb90259fa600015016d02e6e59		source-directory-byte-hash-unrelated-snapshot	NOT_ASSESSED_BY_FILE_DELTA
BACKEND	audit-artifacts/NABDAH_SOURCE_AUTHORITY_CORRECTION_20260818.md	BACKEND	BASELINE_ONLY	1da55d0feb1445c9b28034eda6a3d0b0c005bbf010aa49bb3ee63b3636196dd0		source-directory-byte-hash-unrelated-snapshot	NOT_ASSESSED_BY_FILE_DELTA
BACKEND	audit-artifacts/NABDAH_SOURCE_AUTHORITY_VERIFICATION_20260818.md	BACKEND	BASELINE_ONLY	3bf734820d44c9dd02fb3a853abae20183742f3ea2dd66b2b232ec3a4fbaeff7		source-directory-byte-hash-unrelated-snapshot	NOT_ASSESSED_BY_FILE_DELTA
BACKEND	audit-artifacts/NABDAH_SOURCE_MERGE_TRIAL_20260818.md	BACKEND	BASELINE_ONLY	57a7e22a03bf1a644d81156ebd9ab9b9fdcbba6d86d124f3743d0f01569eacde		source-directory-byte-hash-unrelated-snapshot	NOT_ASSESSED_BY_FILE_DELTA
BACKEND	audit-artifacts/NABDAH_UNMATCHED_API_REVIEW_20260818.tsv	BACKEND	BASELINE_ONLY	82c2c02654414e5a57270927fd2fbc2064137988a158f250296cce3721006c11		source-directory-byte-hash-unrelated-snapshot	NOT_ASSESSED_BY_FILE_DELTA
BACKEND	audit-artifacts/NEW_TRACK_SOURCE_INVENTORY_20260817.txt	BACKEND	BASELINE_ONLY	ce6a6b02d556e15c344343727fbbb5107bf47cc2d502ffd556881477fc163a9e		source-directory-byte-hash-unrelated-snapshot	NOT_ASSESSED_BY_FILE_DELTA
BACKEND	audit-artifacts/PATIENT1_SELECTED_ORDER_20260818.json	BACKEND	BASELINE_ONLY	3c80fd06245e6fb4e4956694a44e688c7603d5ffd20c8e1738a7428ec7367f38		source-directory-byte-hash-unrelated-snapshot	NOT_ASSESSED_BY_FILE_DELTA
BACKEND	audit-artifacts/PATIENT2_BOLA_CANCEL_BEFORE_AFTER_20260818.json	BACKEND	BASELINE_ONLY	9fee77f77ca324cb23df6dcd3931c92d722bae43806ba298ebd8c3ff076f29e8		source-directory-byte-hash-unrelated-snapshot	NOT_ASSESSED_BY_FILE_DELTA
BACKEND	audit-artifacts/PATIENT2_BOLA_READ_20260818.json	BACKEND	BASELINE_ONLY	0fec2c82571402feab0a36fa065aa7808e3493241a8f146cbf45dac28449d7c2		source-directory-byte-hash-unrelated-snapshot	NOT_ASSESSED_BY_FILE_DELTA
BACKEND	audit-artifacts/PATIENT2_BOLA_REPORT_RECHECK_20260818.json	BACKEND	BASELINE_ONLY	5a39b5d9b09d8d5bb9cf14e5de388e4d3658cf7f265e53609607c0078f76bd41		source-directory-byte-hash-unrelated-snapshot	NOT_ASSESSED_BY_FILE_DELTA
BACKEND	audit-artifacts/PATIENT_404_CONTRACT_CLASSIFICATION_20260818.md	BACKEND	BASELINE_ONLY	1574fe1e9863db9eaa912331235de29cbbea1242a2c3d13e9fb9039082fd3bc6		source-directory-byte-hash-unrelated-snapshot	NOT_ASSESSED_BY_FILE_DELTA
BACKEND	audit-artifacts/PATIENT_CONSULTATION_CONSUMER_MAP_20260818.txt	BACKEND	BASELINE_ONLY	8abf63f1d1879479763f611c56048f960a428ed2be27a0167f2a3141b8511e6e		source-directory-byte-hash-unrelated-snapshot	NOT_ASSESSED_BY_FILE_DELTA
BACKEND	audit-artifacts/PATIENT_CONSUMER_BACKEND_ROUTE_MAP_20260818.txt	BACKEND	BASELINE_ONLY	62f8f0073c3aff5d2a3e3984d3d3215e7e613254e3caac9921c933e4f379d1fe		source-directory-byte-hash-unrelated-snapshot	NOT_ASSESSED_BY_FILE_DELTA
BACKEND	audit-artifacts/PATIENT_EXACT_READ_PROBE_20260818.md	BACKEND	BASELINE_ONLY	27a26835169ea1617f4e0a1ea593428e90247b1631e646fde512a71a7cbe4dc2		source-directory-byte-hash-unrelated-snapshot	NOT_ASSESSED_BY_FILE_DELTA
BACKEND	audit-artifacts/PATIENT_EXACT_READ_RETRY_20260818.json	BACKEND	BASELINE_ONLY	2511f33d06b0a7990bea3722409c01fe0951ee85943ce7a4794a7a8fdb4d7643		source-directory-byte-hash-unrelated-snapshot	NOT_ASSESSED_BY_FILE_DELTA
BACKEND	audit-artifacts/PATIENT_EXACT_READ_ROUTE_CONTRACTS_20260818.md	BACKEND	BASELINE_ONLY	8e7b79b4247b2825c5c4663db59651f4d9d587319b98e736167ad1059e7316a6		source-directory-byte-hash-unrelated-snapshot	NOT_ASSESSED_BY_FILE_DELTA
BACKEND	audit-artifacts/PATIENT_QA_ROUTE_BUTTON_INVENTORY_20260818.txt	BACKEND	BASELINE_ONLY	31582092e1eb7db3b68605e0717c80ec1f9e74b179f895f9d902140084a1ad8d		source-directory-byte-hash-unrelated-snapshot	NOT_ASSESSED_BY_FILE_DELTA
BACKEND	audit-artifacts/PATIENT_READONLY_LIVE_MATRIX_20260818.json	BACKEND	BASELINE_ONLY	b22acfcb9fe0d92c2930cd8e404eaf6127d8004d04f012f22a2990770b913605		source-directory-byte-hash-unrelated-snapshot	NOT_ASSESSED_BY_FILE_DELTA
BACKEND	audit-artifacts/PATIENT_ROUTE_CONTRACT_RECONCILIATION_20260818.md	BACKEND	BASELINE_ONLY	26f23dc4901207ae09fb63021108d650af96808ddaa4b0b33fa810d0a3fc002a		source-directory-byte-hash-unrelated-snapshot	NOT_ASSESSED_BY_FILE_DELTA
BACKEND	audit-artifacts/PATIENT_SINGLE_LOGIN_RETRY_20260818.json	BACKEND	BASELINE_ONLY	3cb37ca287cb0e91594079c240d59ed9ea283ee438265bbde961a6bf3312d8fe		source-directory-byte-hash-unrelated-snapshot	NOT_ASSESSED_BY_FILE_DELTA
BACKEND	audit-artifacts/PATIENT_SOURCE_INVENTORY_20260818.txt	BACKEND	BASELINE_ONLY	8f73c3fae63eda739c2f783f7f5a525494e5c47453309943019512acc9843081		source-directory-byte-hash-unrelated-snapshot	NOT_ASSESSED_BY_FILE_DELTA
BACKEND	audit-artifacts/PATIENT_WEB_BUILD_GUIDE.md	BACKEND	BASELINE_ONLY	4fed8f4488a5e55d1328c80bb684e7391b3f9c9df8d39f21be4cf2ec190e77b2		source-directory-byte-hash-unrelated-snapshot	NOT_ASSESSED_BY_FILE_DELTA
BACKEND	audit-artifacts/PATIENT_WEB_CONTRACT_PACK_V1.md	BACKEND	BASELINE_ONLY	b773566e91fd9c2ce048639c17f8f3a4f2e4bd829c7d519fd5131e05a1df65eb		source-directory-byte-hash-unrelated-snapshot	NOT_ASSESSED_BY_FILE_DELTA
BACKEND	audit-artifacts/PHASE5_REVALIDATION_SUMMARY_20260818.md	BACKEND	BASELINE_ONLY	c223c478f04b87eaa1e951a8a776edb17d65cb542a93b7dbfb4e588040ea879a		source-directory-byte-hash-unrelated-snapshot	NOT_ASSESSED_BY_FILE_DELTA
BACKEND	audit-artifacts/PHASE6_STAGING_E2E_MATRIX_20260817.md	BACKEND	BASELINE_ONLY	4e56afdd0bd6609b4a67b5ea6bad604b96302c3a6d93063086e668e7f04e1d7e		source-directory-byte-hash-unrelated-snapshot	NOT_ASSESSED_BY_FILE_DELTA
BACKEND	audit-artifacts/PLACEHOLDER_APP_ONLY_SCAN_20260818.txt	BACKEND	BASELINE_ONLY	bd2a7854932103877a347b23f8c390772cb242225a4559977a02e8a868b2c252		source-directory-byte-hash-unrelated-snapshot	NOT_ASSESSED_BY_FILE_DELTA
BACKEND	audit-artifacts/PLACEHOLDER_SUSPICIOUS_FINDINGS_20260818.md	BACKEND	BASELINE_ONLY	0554d44338dcf496a76148fa3e4372e9ec4cb6c5954ddecd97d254d74e390eee		source-directory-byte-hash-unrelated-snapshot	NOT_ASSESSED_BY_FILE_DELTA
BACKEND	audit-artifacts/POST_REMEDIATION_E2E_EXECUTION_PLAN.md	BACKEND	BASELINE_ONLY	9fc798112e902a3e53e46bae85dc115e2099e54f6516c61c3e0f2f4cb7336e73		source-directory-byte-hash-unrelated-snapshot	NOT_ASSESSED_BY_FILE_DELTA
BACKEND	audit-artifacts/PRODUCTION_HEALTH_GATE_20260818.json	BACKEND	BASELINE_ONLY	96d1c21a2d64c6c494ca586d4c7e4a144a350afde07d2a0fc979d56214fdb2ee		source-directory-byte-hash-unrelated-snapshot	NOT_ASSESSED_BY_FILE_DELTA
BACKEND	audit-artifacts/PROVIDER_ANDROID_EXPORT_METADATA_20260818.json	BACKEND	BASELINE_ONLY	d0d14347d4329749c97d6983a07b5691ee5f6ab00bfaec1a1e997157c94afb95		source-directory-byte-hash-unrelated-snapshot	NOT_ASSESSED_BY_FILE_DELTA
BACKEND	audit-artifacts/PROVIDER_API_CONSUMER_CALLS_20260818.txt	BACKEND	BASELINE_ONLY	ef94caf34d55a58be91781c6ff32cad23159516c85d9c880a89ae1349890f7f3		source-directory-byte-hash-unrelated-snapshot	NOT_ASSESSED_BY_FILE_DELTA
BACKEND	audit-artifacts/PROVIDER_API_CONSUMER_FINDINGS_20260818.md	BACKEND	BASELINE_ONLY	c57775a9ce8e0e5367bce7a135c8e3dce5ae5ff9e0827f2396910576a1f08bcb		source-directory-byte-hash-unrelated-snapshot	NOT_ASSESSED_BY_FILE_DELTA
BACKEND	audit-artifacts/PROVIDER_AUTH_CONTRACT_DRIFT_20260818.md	BACKEND	BASELINE_ONLY	333c27b1bc7179613e27e0cb224a88282179211cbaf4b944eda4ff2ee2cef233		source-directory-byte-hash-unrelated-snapshot	NOT_ASSESSED_BY_FILE_DELTA
BACKEND	audit-artifacts/PROVIDER_AUTH_CONTROLLER_SOURCE_20260818.txt	BACKEND	BASELINE_ONLY	a56bc215014ae822585276e26186fd720280046c522f7c42d38d96253438ad2e		source-directory-byte-hash-unrelated-snapshot	NOT_ASSESSED_BY_FILE_DELTA
BACKEND	audit-artifacts/PROVIDER_DOCTOR_EXACT_READ_20260818.json	BACKEND	BASELINE_ONLY	1fb55576b837aaf238c8d745a8663b8384715d63ec4ac46c2d482025bda81e1c		source-directory-byte-hash-unrelated-snapshot	NOT_ASSESSED_BY_FILE_DELTA
BACKEND	audit-artifacts/PROVIDER_DOCTOR_SINGLE_LOGIN_20260818.json	BACKEND	BASELINE_ONLY	3cb37ca287cb0e91594079c240d59ed9ea283ee438265bbde961a6bf3312d8fe		source-directory-byte-hash-unrelated-snapshot	NOT_ASSESSED_BY_FILE_DELTA
BACKEND	audit-artifacts/PROVIDER_ENTRYPOINT_CANDIDATE_COMPARISON_20260818.md	BACKEND	BASELINE_ONLY	9d3345965679f950051d2b1dd508d89ae293ab051688b0c60fad4aff7c2290ad		source-directory-byte-hash-unrelated-snapshot	NOT_ASSESSED_BY_FILE_DELTA
BACKEND	audit-artifacts/PROVIDER_EXPO_BUILD_BLOCKER_20260818.md	BACKEND	BASELINE_ONLY	bccc7cc39dce5842ac34a4c97e3c2642c8f526adb1fbb14d0f8d183708b57225		source-directory-byte-hash-unrelated-snapshot	NOT_ASSESSED_BY_FILE_DELTA
BACKEND	audit-artifacts/PROVIDER_FAKE_ACTION_FINDINGS_20260818.md	BACKEND	BASELINE_ONLY	e9bd144567d02cebe72e5e9153f961ffed5c8d598d9d2389765704333c88cef1		source-directory-byte-hash-unrelated-snapshot	NOT_ASSESSED_BY_FILE_DELTA
BACKEND	audit-artifacts/PROVIDER_HARDCODED_BUSINESS_DATA_20260818.txt	BACKEND	BASELINE_ONLY	da42f784b0dd25a3cf8e98d44e12cfa2b2cbff54ab746d9126dac46146c88406		source-directory-byte-hash-unrelated-snapshot	NOT_ASSESSED_BY_FILE_DELTA
BACKEND	audit-artifacts/PROVIDER_HOSPITAL_EXACT_READ_20260818.json	BACKEND	BASELINE_ONLY	d087d538dfcc30246ada86a02acd7c9e776656ff4389c93b3b6dec1776d45477		source-directory-byte-hash-unrelated-snapshot	NOT_ASSESSED_BY_FILE_DELTA
BACKEND	audit-artifacts/PROVIDER_HOSPITAL_SINGLE_LOGIN_20260818.json	BACKEND	BASELINE_ONLY	3cb37ca287cb0e91594079c240d59ed9ea283ee438265bbde961a6bf3312d8fe		source-directory-byte-hash-unrelated-snapshot	NOT_ASSESSED_BY_FILE_DELTA
BACKEND	audit-artifacts/PROVIDER_INTAKE_BACKEND_ROUTE_MAP_20260818.txt	BACKEND	BASELINE_ONLY	4a8b126bf49ab82e7614322046143687ab5773d9bf5b157ad48a62c722f9b9ea		source-directory-byte-hash-unrelated-snapshot	NOT_ASSESSED_BY_FILE_DELTA
BACKEND	audit-artifacts/PROVIDER_INTAKE_CONSUMER_MAP_20260818.txt	BACKEND	BASELINE_ONLY	41d878bb727c843d6cfac27f9b38e8d9aa42401d5b8ee290831d3a7d3136cca6		source-directory-byte-hash-unrelated-snapshot	NOT_ASSESSED_BY_FILE_DELTA
BACKEND	audit-artifacts/PROVIDER_LAB_EXACT_READ_20260818.json	BACKEND	BASELINE_ONLY	12364e9aff32bbc1ab020259718e874987a354fc24c72c7f2332538da0d29744		source-directory-byte-hash-unrelated-snapshot	NOT_ASSESSED_BY_FILE_DELTA
BACKEND	audit-artifacts/PROVIDER_LAB_SINGLE_LOGIN_20260818.json	BACKEND	BASELINE_ONLY	3cb37ca287cb0e91594079c240d59ed9ea283ee438265bbde961a6bf3312d8fe		source-directory-byte-hash-unrelated-snapshot	NOT_ASSESSED_BY_FILE_DELTA
BACKEND	audit-artifacts/PROVIDER_MY_PROFILE_SOURCE_DRIFT_20260818.md	BACKEND	BASELINE_ONLY	09eac3a2b77a4188d32975122705be2881fae1953cd3e5d8c7c6a6d326c87234		source-directory-byte-hash-unrelated-snapshot	NOT_ASSESSED_BY_FILE_DELTA
BACKEND	audit-artifacts/PROVIDER_NATIVE_PREBUILD_20260818.md	BACKEND	BASELINE_ONLY	15843bfcc0dda493a34ae2064fc1a6044d6d70493b36ef2ad7846499c16ed964		source-directory-byte-hash-unrelated-snapshot	NOT_ASSESSED_BY_FILE_DELTA
BACKEND	audit-artifacts/PROVIDER_NURSING_EXACT_READ_20260818.json	BACKEND	BASELINE_ONLY	3aa1e298a1c4d8be7f9ebb1a8ee92d6fa0f147b8d266fc76d72830feb594f815		source-directory-byte-hash-unrelated-snapshot	NOT_ASSESSED_BY_FILE_DELTA
BACKEND	audit-artifacts/PROVIDER_NURSING_SINGLE_LOGIN_20260818.json	BACKEND	BASELINE_ONLY	3cb37ca287cb0e91594079c240d59ed9ea283ee438265bbde961a6bf3312d8fe		source-directory-byte-hash-unrelated-snapshot	NOT_ASSESSED_BY_FILE_DELTA
BACKEND	audit-artifacts/PROVIDER_OPERATIONAL_ROUTE_CATALOG_20260818.md	BACKEND	BASELINE_ONLY	59e4ac7556c6fb7d49642006a5cefcc266af06f83e9a7a41574eda5d2d052eb5		source-directory-byte-hash-unrelated-snapshot	NOT_ASSESSED_BY_FILE_DELTA
BACKEND	audit-artifacts/PROVIDER_PHARMACY_CORRECT_BROADCAST_READ_20260818.json	BACKEND	BASELINE_ONLY	d228c07e8179652dcf2517af63c56b52e891e41f5768977617d8098c4a6a2d88		source-directory-byte-hash-unrelated-snapshot	NOT_ASSESSED_BY_FILE_DELTA
BACKEND	audit-artifacts/PROVIDER_PHARMACY_EXACT_READ_20260818.json	BACKEND	BASELINE_ONLY	6e0829b29b84ea79bef3ecdd4fe8eb7134ba403fcbc23f136130921375ae3ddb		source-directory-byte-hash-unrelated-snapshot	NOT_ASSESSED_BY_FILE_DELTA
BACKEND	audit-artifacts/PROVIDER_PHARMACY_HISTORY_LIVE_RECHECK_20260818.json	BACKEND	BASELINE_ONLY	248006a210af0b04e51fbaed109a229d531cee8f1345b720ca8793ab54d68d99		source-directory-byte-hash-unrelated-snapshot	NOT_ASSESSED_BY_FILE_DELTA
BACKEND	audit-artifacts/PROVIDER_PHARMACY_SINGLE_LOGIN_20260818.json	BACKEND	BASELINE_ONLY	3cb37ca287cb0e91594079c240d59ed9ea283ee438265bbde961a6bf3312d8fe		source-directory-byte-hash-unrelated-snapshot	NOT_ASSESSED_BY_FILE_DELTA
BACKEND	audit-artifacts/PROVIDER_RADIOLOGY_EXACT_READ_20260818.json	BACKEND	BASELINE_ONLY	90c5b02d1d1e72e92fb780e8da964a36258a9f5c04178c04defc921c465773bc		source-directory-byte-hash-unrelated-snapshot	NOT_ASSESSED_BY_FILE_DELTA
BACKEND	audit-artifacts/PROVIDER_RADIOLOGY_SINGLE_LOGIN_20260818.json	BACKEND	BASELINE_ONLY	3cb37ca287cb0e91594079c240d59ed9ea283ee438265bbde961a6bf3312d8fe		source-directory-byte-hash-unrelated-snapshot	NOT_ASSESSED_BY_FILE_DELTA
BACKEND	audit-artifacts/PROVIDER_READONLY_FINDINGS_20260818.md	BACKEND	BASELINE_ONLY	7326bd654b19750e1940f3857972ec031fcd30d3c9c397bc9c94f35a771ca2ac		source-directory-byte-hash-unrelated-snapshot	NOT_ASSESSED_BY_FILE_DELTA
BACKEND	audit-artifacts/PROVIDER_READONLY_LIVE_MATRIX_20260818.json	BACKEND	BASELINE_ONLY	ad0248a31c4e6151bc7a6a89a52647de7a06e389a8b9dd5a6c1f10a44499b60c		source-directory-byte-hash-unrelated-snapshot	NOT_ASSESSED_BY_FILE_DELTA
BACKEND	audit-artifacts/PROVIDER_REGISTRATION_DEFAULTS_POSTFIX_SCAN_20260818.txt	BACKEND	BASELINE_ONLY	7216ac34674d85b1ec214df434126ffb58dd7ab705efd1172f238b75e399df83		source-directory-byte-hash-unrelated-snapshot	NOT_ASSESSED_BY_FILE_DELTA
BACKEND	audit-artifacts/PROVIDER_REGISTRATION_DEFAULTS_SCAN_20260818.txt	BACKEND	BASELINE_ONLY	f5ac42fb81d6db9090295b78fd40d5a40e598d08b6e2fc5ed1c7e41e6a8dec0e		source-directory-byte-hash-unrelated-snapshot	NOT_ASSESSED_BY_FILE_DELTA
BACKEND	audit-artifacts/PROVIDER_REGISTRATION_VALIDATION_AUDIT_20260818.md	BACKEND	BASELINE_ONLY	533039a073839e9632e4e98ed3f7c47d24fa52881e08154c8d69b357c1be3779		source-directory-byte-hash-unrelated-snapshot	NOT_ASSESSED_BY_FILE_DELTA
BACKEND	audit-artifacts/PROVIDER_SCREEN_CONTROLLER_INVENTORY_20260818.md	BACKEND	BASELINE_ONLY	55f274ffbaa5e279ada6d82c47c7c3f52c729670c96ea2d41e9b399a82d95694		source-directory-byte-hash-unrelated-snapshot	NOT_ASSESSED_BY_FILE_DELTA
BACKEND	audit-artifacts/PROVIDER_SOURCE_INVENTORY_20260818.txt	BACKEND	BASELINE_ONLY	b3a6a5e839858fbcc84208d3b3bb47cb673190ef483e663c4ec899f902fc1332		source-directory-byte-hash-unrelated-snapshot	NOT_ASSESSED_BY_FILE_DELTA
BACKEND	audit-artifacts/PROVIDER_SPECIALTY_CONTRACT_MAP_20260818.md	BACKEND	BASELINE_ONLY	3a6d7b2a7d14899e859a088ca4a6fddcbbdecb76b9ae6eaf87e1365526aafec1		source-directory-byte-hash-unrelated-snapshot	NOT_ASSESSED_BY_FILE_DELTA
BACKEND	audit-artifacts/QR_VERIFIER_CONTRACT_REVIEW_DRAFT_20260817.md	BACKEND	BASELINE_ONLY	68e75e31a1625169eef2a90eb1a244b60902ca658e0df5ae2e71cfd408c4b831		source-directory-byte-hash-unrelated-snapshot	NOT_ASSESSED_BY_FILE_DELTA
BACKEND	audit-artifacts/REAL_DEVICE_CHECKLIST.md	BACKEND	BASELINE_ONLY	e7973dabf5a2a539df38852bd591d2f99ddca55558dfee3ca8ff755b1ddd71af		source-directory-byte-hash-unrelated-snapshot	NOT_ASSESSED_BY_FILE_DELTA
BACKEND	audit-artifacts/UNIFIED_INSURANCE_CATALOG_CONSUMER_AUDIT_20260820.md	BACKEND	BASELINE_ONLY	1f5ab681048827c4d44d678204aa2b62985b2aef42f033d4b52aef60d62500f4		source-directory-byte-hash-unrelated-snapshot	NOT_ASSESSED_BY_FILE_DELTA
BACKEND	audit-artifacts/insurance_catalog_api_consumers_20260820.txt	BACKEND	BASELINE_ONLY	69afa5fedc72f41af0ac9834977ee4407fceb568682b19fd2f124097ef336ecf		source-directory-byte-hash-unrelated-snapshot	NOT_ASSESSED_BY_FILE_DELTA
BACKEND	audit-artifacts/insurance_catalog_consumers_raw_20260820.txt	BACKEND	BASELINE_ONLY	cb6563523ed26bdf062dfd7c5ee7afe53a70c1af990098ad9bb33c194df78b40		source-directory-byte-hash-unrelated-snapshot	NOT_ASSESSED_BY_FILE_DELTA
BACKEND	audit-artifacts/insurance_catalog_final_operational_static_scan_20260820.txt	BACKEND	BASELINE_ONLY	b8f338ba4c7e17afc50d6f53dedbf7a5819f3ababdbacb3a522da956aeb3e331		source-directory-byte-hash-unrelated-snapshot	NOT_ASSESSED_BY_FILE_DELTA
BACKEND	audit-artifacts/insurance_catalog_final_operational_static_scan_20260820.txt.filtered	BACKEND	BASELINE_ONLY	e3b0c44298fc1c149afbf4c8996fb92427ae41e4649b934ca495991b7852b855		source-directory-byte-hash-unrelated-snapshot	NOT_ASSESSED_BY_FILE_DELTA
BACKEND	audit-artifacts/insurance_catalog_onboarding_profile_excerpt_20260820.txt	BACKEND	BASELINE_ONLY	9c536888666d51205e1a391ab6fd9e9254e9a68a67a146f95156b63ea76a06bb		source-directory-byte-hash-unrelated-snapshot	NOT_ASSESSED_BY_FILE_DELTA
BACKEND	audit-artifacts/insurance_catalog_postfix_static_scan_20260820.txt	BACKEND	BASELINE_ONLY	14e10ffd19a3bce310cba96fca2fbbe68c2a5a4c1af06b79a00546fbfea56c72		source-directory-byte-hash-unrelated-snapshot	NOT_ASSESSED_BY_FILE_DELTA
BACKEND	audit-artifacts/insurance_catalog_static_or_mock_candidates_20260820.txt	BACKEND	BASELINE_ONLY	30fb01055245e5087a4defb133d56a42cc71e8485cf788eeb48e5f7af3d4d9c4		source-directory-byte-hash-unrelated-snapshot	NOT_ASSESSED_BY_FILE_DELTA
BACKEND	audit-artifacts/nabd-patient-api-openapi.json	BACKEND	BASELINE_ONLY	3cf5ebfd9537f99ede3b0fd6e35bab86da56358d53f74eb4e031e428e52a6a91		source-directory-byte-hash-unrelated-snapshot	NOT_ASSESSED_BY_FILE_DELTA
BACKEND	audit-artifacts/patient_insurance_screen_source_classification_20260820.txt	BACKEND	BASELINE_ONLY	edfa873587e666fbf3d75b28fc5256f3a8b84cd1823866327135d1bc7e293ffe		source-directory-byte-hash-unrelated-snapshot	NOT_ASSESSED_BY_FILE_DELTA
BACKEND	audit-artifacts/patient_service_insurance_static_audit_20260820.txt	BACKEND	BASELINE_ONLY	d8bf3770220a626c5768d71b0166637b2ad153abdb456a60bc2a6df8c890b59e		source-directory-byte-hash-unrelated-snapshot	NOT_ASSESSED_BY_FILE_DELTA
BACKEND	audit-artifacts/provider_admin_insurance_screen_source_classification_20260820.txt	BACKEND	BASELINE_ONLY	aa3aa000e8e5d8ccbb2cb8c0be443ced1e5a65110582075bef1b1117b3c3a20b		source-directory-byte-hash-unrelated-snapshot	NOT_ASSESSED_BY_FILE_DELTA
BACKEND	audit-artifacts/provider_dashboard_insurance_static_audit_20260820.txt	BACKEND	BASELINE_ONLY	eceb3cf0bffb6b9cc09f60fc568cf6652583314c5a3b936c6b9b4aef2b354a16		source-directory-byte-hash-unrelated-snapshot	NOT_ASSESSED_BY_FILE_DELTA
BACKEND	audit-artifacts/verification/BACKEND_ARTICLE_BOOKMARK_CONTRACT_BOOT_TEST_20260822.txt	BACKEND	BASELINE_ONLY	b91f622ba46957a5b2b1f487ec7e0807f40d6ef80ee6d974d26b15593502b8e3		source-directory-byte-hash-unrelated-snapshot	NOT_ASSESSED_BY_FILE_DELTA
BACKEND	audit-artifacts/verification/BACKEND_ARTICLE_BOOKMARK_CONTRACT_BUILD_20260822.txt	BACKEND	BASELINE_ONLY	fa3465ad332372345d40b6495b5d62ac98c71342ba295bb6381fe63eceb43388		source-directory-byte-hash-unrelated-snapshot	NOT_ASSESSED_BY_FILE_DELTA
BACKEND	audit-artifacts/verification/BACKEND_ARTICLE_BOOKMARK_CONTRACT_FULL_TEST_20260822.txt	BACKEND	BASELINE_ONLY	e4939c5b6ae1a80bf78d7196e865b3a3d46e3d131c16862d2717e1957cff7d3d		source-directory-byte-hash-unrelated-snapshot	NOT_ASSESSED_BY_FILE_DELTA
BACKEND	audit-artifacts/verification/BACKEND_ARTICLE_BOOKMARK_CONTRACT_VERIFICATION_20260822.md	BACKEND	BASELINE_ONLY	63825711310ff8c614312d2fdb8ccf76a1bd06b9f476889bcf2a1f632f6e18ee		source-directory-byte-hash-unrelated-snapshot	NOT_ASSESSED_BY_FILE_DELTA
BACKEND	audit-artifacts/verification/BACKEND_AUTH_REFRESH_TTL_BOOT_TEST_20260822.txt	BACKEND	BASELINE_ONLY	c937bbdc76cf88b49877e3cf08d34154f7c1d3be14b238e1d474cc4fcd4b21b0		source-directory-byte-hash-unrelated-snapshot	NOT_ASSESSED_BY_FILE_DELTA
BACKEND	audit-artifacts/verification/BACKEND_AUTH_REFRESH_TTL_BUILD_20260822.txt	BACKEND	BASELINE_ONLY	fa3465ad332372345d40b6495b5d62ac98c71342ba295bb6381fe63eceb43388		source-directory-byte-hash-unrelated-snapshot	NOT_ASSESSED_BY_FILE_DELTA
BACKEND	audit-artifacts/verification/BACKEND_AUTH_REFRESH_TTL_FULL_TEST_20260822.txt	BACKEND	BASELINE_ONLY	c17d4f93bc0ec9c81825eeed29be266630267240b553b79ee4a0c585748dad34		source-directory-byte-hash-unrelated-snapshot	NOT_ASSESSED_BY_FILE_DELTA
BACKEND	audit-artifacts/verification/BACKEND_AUTH_REFRESH_TTL_VERIFICATION_20260822.md	BACKEND	BASELINE_ONLY	b6f30c671c23d33536123ea0646108d17cdb02a6ea94d4ed243895084cd721de		source-directory-byte-hash-unrelated-snapshot	NOT_ASSESSED_BY_FILE_DELTA
BACKEND	audit-artifacts/verification/BACKEND_CHAT_MEDIA_CONTRACT_BRIDGE_BOOT_TEST_20260822.txt	BACKEND	BASELINE_ONLY	ec5f8bddc9c12342f0a69d7aecbc43932581a7e2aeb9088dd11e3bd24c71dfd1		source-directory-byte-hash-unrelated-snapshot	NOT_ASSESSED_BY_FILE_DELTA
BACKEND	audit-artifacts/verification/BACKEND_CHAT_MEDIA_CONTRACT_BRIDGE_BUILD_20260822.txt	BACKEND	BASELINE_ONLY	fa3465ad332372345d40b6495b5d62ac98c71342ba295bb6381fe63eceb43388		source-directory-byte-hash-unrelated-snapshot	NOT_ASSESSED_BY_FILE_DELTA
BACKEND	audit-artifacts/verification/BACKEND_CHAT_MEDIA_CONTRACT_BRIDGE_FULL_TEST_20260822.txt	BACKEND	BASELINE_ONLY	30b78b9b2ed5c554c282f5db8971a9f63b2458b5d5eb7fd28401edb26d8ef9f6		source-directory-byte-hash-unrelated-snapshot	NOT_ASSESSED_BY_FILE_DELTA
BACKEND	audit-artifacts/verification/BACKEND_CHAT_MEDIA_CONTRACT_BRIDGE_VERIFICATION_20260822.md	BACKEND	BASELINE_ONLY	24b42446af36e1abe3237e63197b80c5eda28ec90813f9947489a4da1242e76b		source-directory-byte-hash-unrelated-snapshot	NOT_ASSESSED_BY_FILE_DELTA
BACKEND	audit-artifacts/verification/BACKEND_CONTRACT_PACK_V1_FULL_TEST_20260822.txt	BACKEND	BASELINE_ONLY	2dfafddf888ace5e5a9cd9d7604a20ef34c074cc87c67f01fd8388150acdf16a		source-directory-byte-hash-unrelated-snapshot	NOT_ASSESSED_BY_FILE_DELTA
BACKEND	audit-artifacts/verification/BACKEND_CONTRACT_PACK_V1_NEST_BOOT_TEST_20260822.txt	BACKEND	BASELINE_ONLY	89dbb41416baa5dbb3ed679f3416762a2cef55d208ffcfcb66f1c19be9d15ec4		source-directory-byte-hash-unrelated-snapshot	NOT_ASSESSED_BY_FILE_DELTA
BACKEND	audit-artifacts/verification/BACKEND_CONTRACT_PACK_V1_NEST_BUILD_20260822.txt	BACKEND	BASELINE_ONLY	fa3465ad332372345d40b6495b5d62ac98c71342ba295bb6381fe63eceb43388		source-directory-byte-hash-unrelated-snapshot	NOT_ASSESSED_BY_FILE_DELTA
BACKEND	audit-artifacts/verification/BACKEND_CONTRACT_PACK_V1_VERIFICATION_20260822.md	BACKEND	BASELINE_ONLY	3f5f2c7d63208a0245c3524fc5cd2b5d268ebb9c699c8c87dd79f7898b169312		source-directory-byte-hash-unrelated-snapshot	NOT_ASSESSED_BY_FILE_DELTA
BACKEND	audit-artifacts/verification/BACKEND_HOME_CARE_BOOKING_CONTRACT_BOOT_TEST_20260822.txt	BACKEND	BASELINE_ONLY	f0d0c7572ff88de876502d8896e17f653f4caacbe57f79ecc124466b1f95cad9		source-directory-byte-hash-unrelated-snapshot	NOT_ASSESSED_BY_FILE_DELTA
BACKEND	audit-artifacts/verification/BACKEND_HOME_CARE_BOOKING_CONTRACT_BUILD_20260822.txt	BACKEND	BASELINE_ONLY	fa3465ad332372345d40b6495b5d62ac98c71342ba295bb6381fe63eceb43388		source-directory-byte-hash-unrelated-snapshot	NOT_ASSESSED_BY_FILE_DELTA
BACKEND	audit-artifacts/verification/BACKEND_HOME_CARE_BOOKING_CONTRACT_FULL_TEST_20260822.txt	BACKEND	BASELINE_ONLY	1f291d92e53db75cf6d8865ee14cab646be47129802d3d98e0fb291784be6e06		source-directory-byte-hash-unrelated-snapshot	NOT_ASSESSED_BY_FILE_DELTA
BACKEND	audit-artifacts/verification/BACKEND_HOME_CARE_BOOKING_CONTRACT_VERIFICATION_20260822.md	BACKEND	BASELINE_ONLY	0ef985f59e77d9fa5a442ce6f2085a8cf629067e608630479dd351d700a5535e		source-directory-byte-hash-unrelated-snapshot	NOT_ASSESSED_BY_FILE_DELTA
BACKEND	audit-artifacts/verification/BACKEND_ORDERS_IDEMPOTENCY_BOOT_TEST_20260822.txt	BACKEND	BASELINE_ONLY	41d17cc266b8474abc45f4f1b9e724aecd82c82c38f2fd73426a314c37523216		source-directory-byte-hash-unrelated-snapshot	NOT_ASSESSED_BY_FILE_DELTA
BACKEND	audit-artifacts/verification/BACKEND_ORDERS_IDEMPOTENCY_BUILD_20260822.txt	BACKEND	BASELINE_ONLY	fa3465ad332372345d40b6495b5d62ac98c71342ba295bb6381fe63eceb43388		source-directory-byte-hash-unrelated-snapshot	NOT_ASSESSED_BY_FILE_DELTA
BACKEND	audit-artifacts/verification/BACKEND_ORDERS_IDEMPOTENCY_FULL_TEST_20260822.txt	BACKEND	BASELINE_ONLY	63ac9550808f90b2cc66088e64fb582d406341000b4f6158bfed99c4d2e64dc6		source-directory-byte-hash-unrelated-snapshot	NOT_ASSESSED_BY_FILE_DELTA
BACKEND	audit-artifacts/verification/BACKEND_ORDERS_IDEMPOTENCY_VERIFICATION_20260822.md	BACKEND	BASELINE_ONLY	d474e2834949070e2083e2038f77244b4d1805c35a4d2b5e0d929a1bc81df3fb		source-directory-byte-hash-unrelated-snapshot	NOT_ASSESSED_BY_FILE_DELTA
BACKEND	audit-artifacts/verification/BACKEND_PRESCRIPTIONS_DTO_CONTRACT_BOOT_TEST_20260822.txt	BACKEND	BASELINE_ONLY	3f213db04a7f2204823cf6520eef3313032dd531a00b1f0855b89a973a52675b		source-directory-byte-hash-unrelated-snapshot	NOT_ASSESSED_BY_FILE_DELTA
BACKEND	audit-artifacts/verification/BACKEND_PRESCRIPTIONS_DTO_CONTRACT_BUILD_20260822.txt	BACKEND	BASELINE_ONLY	fa3465ad332372345d40b6495b5d62ac98c71342ba295bb6381fe63eceb43388		source-directory-byte-hash-unrelated-snapshot	NOT_ASSESSED_BY_FILE_DELTA
BACKEND	audit-artifacts/verification/BACKEND_PRESCRIPTIONS_DTO_CONTRACT_FULL_TEST_20260822.txt	BACKEND	BASELINE_ONLY	ee6416581736fc32109bb28bd5debbc957b61662c9d5a677a2c37edb5c749580		source-directory-byte-hash-unrelated-snapshot	NOT_ASSESSED_BY_FILE_DELTA
BACKEND	audit-artifacts/verification/BACKEND_PRESCRIPTIONS_DTO_CONTRACT_VERIFICATION_20260822.md	BACKEND	BASELINE_ONLY	33a700a14dc949b3f0d94583a3b60ec73a8fe4a3db9bb2f3933b5ebbaa17217b		source-directory-byte-hash-unrelated-snapshot	NOT_ASSESSED_BY_FILE_DELTA
BACKEND	audit-artifacts/verification/BACKEND_PUBLIC_CATALOG_FRAGMENT_BOOT_TEST_20260822.txt	BACKEND	BASELINE_ONLY	bc2db208813e320bdb12b98b802697afcfa65e4d2022e7c399148a3ac52d8644		source-directory-byte-hash-unrelated-snapshot	NOT_ASSESSED_BY_FILE_DELTA
BACKEND	audit-artifacts/verification/BACKEND_PUBLIC_CATALOG_FRAGMENT_BUILD_20260822.txt	BACKEND	BASELINE_ONLY	fa3465ad332372345d40b6495b5d62ac98c71342ba295bb6381fe63eceb43388		source-directory-byte-hash-unrelated-snapshot	NOT_ASSESSED_BY_FILE_DELTA
BACKEND	audit-artifacts/verification/BACKEND_PUBLIC_CATALOG_FRAGMENT_FULL_TEST_20260822.txt	BACKEND	BASELINE_ONLY	6e36e4017ac203f71a96fb1be50b3ce3e2b13257084abc6fa600c610b3d01270		source-directory-byte-hash-unrelated-snapshot	NOT_ASSESSED_BY_FILE_DELTA
BACKEND	audit-artifacts/verification/BACKEND_PUBLIC_CATALOG_FRAGMENT_VERIFICATION_20260822.md	BACKEND	BASELINE_ONLY	8c3aab50bbdf1fd82da899c44f901d6738eeb1982d1922b2b7656b1ec06edb30		source-directory-byte-hash-unrelated-snapshot	NOT_ASSESSED_BY_FILE_DELTA
BACKEND	audit-artifacts/verification/BACKEND_PUBLIC_SPECIALTIES_CONTRACT_BOOT_TEST_20260822.txt	BACKEND	BASELINE_ONLY	5db2b2d159e6bec3f0433309ff7072b4b0e7c5d4e520271c18a35a0a826a8acc		source-directory-byte-hash-unrelated-snapshot	NOT_ASSESSED_BY_FILE_DELTA
BACKEND	audit-artifacts/verification/BACKEND_PUBLIC_SPECIALTIES_CONTRACT_BUILD_20260822.txt	BACKEND	BASELINE_ONLY	fa3465ad332372345d40b6495b5d62ac98c71342ba295bb6381fe63eceb43388		source-directory-byte-hash-unrelated-snapshot	NOT_ASSESSED_BY_FILE_DELTA
BACKEND	audit-artifacts/verification/BACKEND_PUBLIC_SPECIALTIES_CONTRACT_FULL_TEST_20260822.txt	BACKEND	BASELINE_ONLY	310380690e8624321b02f2fc309a3114453edf8307674d01737ba9cfc895b428		source-directory-byte-hash-unrelated-snapshot	NOT_ASSESSED_BY_FILE_DELTA
BACKEND	audit-artifacts/verification/BACKEND_PUBLIC_SPECIALTIES_CONTRACT_VERIFICATION_20260822.md	BACKEND	BASELINE_ONLY	0fc231e5b7131c06aea5c62ca4daddddceea809bb88fa9966e2ef5af6ce6bd92		source-directory-byte-hash-unrelated-snapshot	NOT_ASSESSED_BY_FILE_DELTA
BACKEND	audit-artifacts/verification/BACKEND_REAL_NEST_BOOT_ATTEMPT_20260822.md	BACKEND	BASELINE_ONLY	609ca87a278875f3c28924af852aca458e2a8d9df4556e46764f81fe03a1f9d0		source-directory-byte-hash-unrelated-snapshot	NOT_ASSESSED_BY_FILE_DELTA
BACKEND	audit-artifacts/verification/BACKEND_REAL_NEST_BOOT_ATTEMPT_20260822.txt	BACKEND	BASELINE_ONLY	babbb77e94733f725113ec376e9585b8306b644462ac813e094f3d5aee78c253		source-directory-byte-hash-unrelated-snapshot	NOT_ASSESSED_BY_FILE_DELTA
BACKEND	audit-artifacts/verification/BACKEND_UNIFIED_BOOKINGS_CALL_TOKEN_BOOT_TEST_20260822.txt	BACKEND	BASELINE_ONLY	4167ece4250e9d50ac1c2b632be736504d5d74b488719f7fa735dccf2ef5cdec		source-directory-byte-hash-unrelated-snapshot	NOT_ASSESSED_BY_FILE_DELTA
BACKEND	audit-artifacts/verification/BACKEND_UNIFIED_BOOKINGS_CALL_TOKEN_BUILD_20260822.txt	BACKEND	BASELINE_ONLY	fa3465ad332372345d40b6495b5d62ac98c71342ba295bb6381fe63eceb43388		source-directory-byte-hash-unrelated-snapshot	NOT_ASSESSED_BY_FILE_DELTA
BACKEND	audit-artifacts/verification/BACKEND_UNIFIED_BOOKINGS_CALL_TOKEN_FULL_TEST_20260822.txt	BACKEND	BASELINE_ONLY	f247a7c4ef905ff362d10e149b3a070faf42ff88f1975d3ccc94dcb6169b7c91		source-directory-byte-hash-unrelated-snapshot	NOT_ASSESSED_BY_FILE_DELTA
BACKEND	audit-artifacts/verification/BACKEND_UNIFIED_BOOKINGS_CALL_TOKEN_VERIFICATION_20260822.md	BACKEND	BASELINE_ONLY	2c444da8e9d1e96c667090a0e4a510bca760c807d57c59460da196831f8aab4b		source-directory-byte-hash-unrelated-snapshot	NOT_ASSESSED_BY_FILE_DELTA
BACKEND	audit-artifacts/verification/BACKEND_UNIFIED_BOOKINGS_CASH_BRIDGE_BOOT_TEST_20260822.txt	BACKEND	BASELINE_ONLY	a6468d97a4faa7568307477ef8ba6a21febeba01f2ac475d60e1ea336e6251fd		source-directory-byte-hash-unrelated-snapshot	NOT_ASSESSED_BY_FILE_DELTA
BACKEND	audit-artifacts/verification/BACKEND_UNIFIED_BOOKINGS_CASH_BRIDGE_BUILD_20260822.txt	BACKEND	BASELINE_ONLY	fa3465ad332372345d40b6495b5d62ac98c71342ba295bb6381fe63eceb43388		source-directory-byte-hash-unrelated-snapshot	NOT_ASSESSED_BY_FILE_DELTA
BACKEND	audit-artifacts/verification/BACKEND_UNIFIED_BOOKINGS_CASH_BRIDGE_FULL_TEST_20260822.txt	BACKEND	BASELINE_ONLY	6c4cfbd36ad2f1462976b0f0d0207a1e6f575ecac1d7ed72c09d6aa3f2658be9		source-directory-byte-hash-unrelated-snapshot	NOT_ASSESSED_BY_FILE_DELTA
BACKEND	audit-artifacts/verification/BACKEND_UNIFIED_BOOKINGS_CASH_BRIDGE_VERIFICATION_20260822.md	BACKEND	BASELINE_ONLY	7f6b65c46123c5f86391d730e4d0752131fddd785aad97a238b37660456244ce		source-directory-byte-hash-unrelated-snapshot	NOT_ASSESSED_BY_FILE_DELTA
BACKEND	audit-artifacts/verification/BACKEND_USERS_SETTINGS_CONTRACT_BOOT_TEST_20260822.txt	BACKEND	BASELINE_ONLY	12f4753ea79538a2e764437389b34d025a4921f3024ff7535cf7f46b3f521315		source-directory-byte-hash-unrelated-snapshot	NOT_ASSESSED_BY_FILE_DELTA
BACKEND	audit-artifacts/verification/BACKEND_USERS_SETTINGS_CONTRACT_BUILD_20260822.txt	BACKEND	BASELINE_ONLY	fa3465ad332372345d40b6495b5d62ac98c71342ba295bb6381fe63eceb43388		source-directory-byte-hash-unrelated-snapshot	NOT_ASSESSED_BY_FILE_DELTA
BACKEND	audit-artifacts/verification/BACKEND_USERS_SETTINGS_CONTRACT_FULL_TEST_20260822.txt	BACKEND	BASELINE_ONLY	d8e364511a36b7450a18d20819377f170e2d0159e221deb9fd1a6003c7c55157		source-directory-byte-hash-unrelated-snapshot	NOT_ASSESSED_BY_FILE_DELTA
BACKEND	audit-artifacts/verification/BACKEND_USERS_SETTINGS_CONTRACT_VERIFICATION_20260822.md	BACKEND	BASELINE_ONLY	916187e72c9a44a6545e27754b79c3d38731598e78d3d99e822ad25776795343		source-directory-byte-hash-unrelated-snapshot	NOT_ASSESSED_BY_FILE_DELTA
BACKEND	audit-artifacts/verification/CONTRACT_PACK_V1_DELIVERY_STATUS_20260822.md	BACKEND	BASELINE_ONLY	2c56b7ae4b6affd6ad2a91110ddb98ad27d19730564504f9fdbd77c2573be155		source-directory-byte-hash-unrelated-snapshot	NOT_ASSESSED_BY_FILE_DELTA
BACKEND	audit-artifacts/verification/CONTRACT_PACK_V1_DELIVERY_STATUS_UPDATE_20260822.md	BACKEND	BASELINE_ONLY	c452f1d0f819030d01082015a6bdade77178f0af7420fc1925e97bc365e465b4		source-directory-byte-hash-unrelated-snapshot	NOT_ASSESSED_BY_FILE_DELTA
BACKEND	docker-compose.prod.yml	CONFIG_INFRA	MODIFIED	9fd905e336b2622dbd47938000070fda64f8ec86b0be2eda96dec1a0ead5a701	4f96a632f745f0a42da13448a4f9acbcd761479cba3f9f8a3ea2fdde3038e9c1	source-directory-byte-hash-unrelated-snapshot	NOT_ASSESSED_BY_FILE_DELTA
BACKEND	docker-compose.yml	CONFIG_INFRA	SAME_CONTENT	aeac102661fe260ac55ce498ca38cf6269fea4857261265e74acab07cf7fc688	aeac102661fe260ac55ce498ca38cf6269fea4857261265e74acab07cf7fc688	source-directory-byte-hash-unrelated-snapshot	NOT_ASSESSED_BY_FILE_DELTA
BACKEND	docs/PATIENT_WEB_PUBLIC_DISCOVERY_HANDOFF.md	BACKEND	BASELINE_ONLY	4990e5fc6f2c37e3faa92a5ee3e244c1f3c088002ab94ba92073b3b29ffe6c91		source-directory-byte-hash-unrelated-snapshot	NOT_ASSESSED_BY_FILE_DELTA
BACKEND	e2e/README.md	TEST_OR_E2E	SAME_CONTENT	b642f93ef94a721024c7787eff4b8677b4cf3bd9b9fccf0c57230f3254b685ed	b642f93ef94a721024c7787eff4b8677b4cf3bd9b9fccf0c57230f3254b685ed	source-directory-byte-hash-unrelated-snapshot	NOT_ASSESSED_BY_FILE_DELTA
BACKEND	e2e/a1-security-pentest.js	TEST_OR_E2E	INCOMING_ONLY		7b41130d78ee14c784f074b9e1fd3b9b51370d3f568b9b964036b6647a7581a2	source-directory-byte-hash-unrelated-snapshot	NOT_ASSESSED_BY_FILE_DELTA
BACKEND	e2e/boot.js	TEST_OR_E2E	SAME_CONTENT	b6739adb9d1420f35392a52427a11fd2741bb61a6a4d8f5903836f7e86257041	b6739adb9d1420f35392a52427a11fd2741bb61a6a4d8f5903836f7e86257041	source-directory-byte-hash-unrelated-snapshot	NOT_ASSESSED_BY_FILE_DELTA
BACKEND	e2e/governing-rules.js	TEST_OR_E2E	INCOMING_ONLY		251ced695117fc873763371f8cec0aa3b9ee1b767571f72eda14333a64284528	source-directory-byte-hash-unrelated-snapshot	NOT_ASSESSED_BY_FILE_DELTA
BACKEND	e2e/matrix.js	TEST_OR_E2E	SAME_CONTENT	c28f3568f251ea8389395e8cb18d66d6c437ae70168cb8415b4dfd36c7f0d5d9	c28f3568f251ea8389395e8cb18d66d6c437ae70168cb8415b4dfd36c7f0d5d9	source-directory-byte-hash-unrelated-snapshot	NOT_ASSESSED_BY_FILE_DELTA
BACKEND	e2e/matrix2.js	TEST_OR_E2E	SAME_CONTENT	24f175eb3a684db3e974ad9500337355a7548d71781ac161060b8880cd2cd79b	24f175eb3a684db3e974ad9500337355a7548d71781ac161060b8880cd2cd79b	source-directory-byte-hash-unrelated-snapshot	NOT_ASSESSED_BY_FILE_DELTA
BACKEND	e2e/package-lock.json	TEST_OR_E2E	INCOMING_ONLY		c79714727cc0180cfc4e68bab2e337d9b081e7c562ca51aaea558325cb4d07dc	source-directory-byte-hash-unrelated-snapshot	NOT_ASSESSED_BY_FILE_DELTA
BACKEND	e2e/package.json	TEST_OR_E2E	SAME_CONTENT	fa079085cb12d927cada52a456f1ed8457e72e8b4140cdf1898b6ac8c0c01f05	fa079085cb12d927cada52a456f1ed8457e72e8b4140cdf1898b6ac8c0c01f05	source-directory-byte-hash-unrelated-snapshot	NOT_ASSESSED_BY_FILE_DELTA
BACKEND	e2e/pharmacy-scenarios.js	TEST_OR_E2E	INCOMING_ONLY		69f17bc9b4eeb7da17d6210285eb869f0499e012e76c3588d79a4b9dd2fe39eb	source-directory-byte-hash-unrelated-snapshot	NOT_ASSESSED_BY_FILE_DELTA
BACKEND	e2e/provider-production.js	TEST_OR_E2E	INCOMING_ONLY		3a2ce1393f9b211d00922b9d8ad548e63d61b98dc7cd847b477e8eff7f627a32	source-directory-byte-hash-unrelated-snapshot	NOT_ASSESSED_BY_FILE_DELTA
BACKEND	e2e/provider-verticals.js	TEST_OR_E2E	INCOMING_ONLY		2fdc86a814e59fbfb681f3a7ef8c3223ca749c8fb000c56cdea5a9b19a74af2d	source-directory-byte-hash-unrelated-snapshot	NOT_ASSESSED_BY_FILE_DELTA
BACKEND	e2e/run-all-gates.js	TEST_OR_E2E	INCOMING_ONLY		0292efc405a6317fa633dc89707d8c43302cb71f413d18b852d86cbb535d1dc6	source-directory-byte-hash-unrelated-snapshot	NOT_ASSESSED_BY_FILE_DELTA
BACKEND	infra/docker-compose.infra.yml	CONFIG_INFRA	SAME_CONTENT	bc77c2bab62d79f7a08bf490a979e48fdaad8b917d74480235a895f354c1a4a3	bc77c2bab62d79f7a08bf490a979e48fdaad8b917d74480235a895f354c1a4a3	source-directory-byte-hash-unrelated-snapshot	NOT_ASSESSED_BY_FILE_DELTA
BACKEND	infra/fastapi/ai_routes.py	CONFIG_INFRA	SAME_CONTENT	25e2f63019844e5a1dc5077366b8f67f344bfd7bc09e9c4cb535a1d2116a599e	25e2f63019844e5a1dc5077366b8f67f344bfd7bc09e9c4cb535a1d2116a599e	source-directory-byte-hash-unrelated-snapshot	NOT_ASSESSED_BY_FILE_DELTA
BACKEND	infra/fastapi/ai_service.py	CONFIG_INFRA	SAME_CONTENT	3c662fc71504860eef47679fcfdd3d30f8450a930aada587b95e0ef54e8d6e2c	3c662fc71504860eef47679fcfdd3d30f8450a930aada587b95e0ef54e8d6e2c	source-directory-byte-hash-unrelated-snapshot	NOT_ASSESSED_BY_FILE_DELTA
BACKEND	infra/fastapi/import_etl_products.py	CONFIG_INFRA	SAME_CONTENT	f865f4736afda40b0e63394c4e1b4032bca33edc3a21d02db3191dfab8bfd5fa	f865f4736afda40b0e63394c4e1b4032bca33edc3a21d02db3191dfab8bfd5fa	source-directory-byte-hash-unrelated-snapshot	NOT_ASSESSED_BY_FILE_DELTA
BACKEND	infra/fastapi/nestjs_proxy.py	CONFIG_INFRA	SAME_CONTENT	1688ef316baaf068986061864efcb85adb9997e006c4bea344b53b26d791a039	1688ef316baaf068986061864efcb85adb9997e006c4bea344b53b26d791a039	source-directory-byte-hash-unrelated-snapshot	NOT_ASSESSED_BY_FILE_DELTA
BACKEND	infra/fastapi/requirements.txt	CONFIG_INFRA	SAME_CONTENT	26429eb7b1af90d38f7b6764849b1fdbb38928fcd358c918ad0831510d71e571	26429eb7b1af90d38f7b6764849b1fdbb38928fcd358c918ad0831510d71e571	source-directory-byte-hash-unrelated-snapshot	NOT_ASSESSED_BY_FILE_DELTA
BACKEND	infra/fastapi/seed_dev.py	CONFIG_INFRA	SAME_CONTENT	1a15f7adcb128dca769866cc9ac7a7d2f9f44ae665113fe0a459828769cc12bf	1a15f7adcb128dca769866cc9ac7a7d2f9f44ae665113fe0a459828769cc12bf	source-directory-byte-hash-unrelated-snapshot	NOT_ASSESSED_BY_FILE_DELTA
BACKEND	infra/fastapi/server.py	CONFIG_INFRA	SAME_CONTENT	3377c5faa89ff19ad1842b2ab4c186721cdf3144e0b42c3536707109dce785be	3377c5faa89ff19ad1842b2ab4c186721cdf3144e0b42c3536707109dce785be	source-directory-byte-hash-unrelated-snapshot	NOT_ASSESSED_BY_FILE_DELTA
BACKEND	infra/fastapi/setup_server.sh	CONFIG_INFRA	SAME_CONTENT	28af2868b1c9f57fe5d4d8ecf811de73dec9e52b5bbf17049ef4c4fdf6dd58be	28af2868b1c9f57fe5d4d8ecf811de73dec9e52b5bbf17049ef4c4fdf6dd58be	source-directory-byte-hash-unrelated-snapshot	NOT_ASSESSED_BY_FILE_DELTA
BACKEND	infra/fastapi/tests/conftest.py	TEST_OR_E2E	SAME_CONTENT	0a201610416730218949b34628d79cac31fce334ee21540278efeb6854ddc04f	0a201610416730218949b34628d79cac31fce334ee21540278efeb6854ddc04f	source-directory-byte-hash-unrelated-snapshot	NOT_ASSESSED_BY_FILE_DELTA
BACKEND	infra/fastapi/tests/test_nabd_backend.py	TEST_OR_E2E	SAME_CONTENT	ff9a32ed66744735541b04a66d4b7c94a54b6d3a3dda227deaea7423aad14ce8	ff9a32ed66744735541b04a66d4b7c94a54b6d3a3dda227deaea7423aad14ce8	source-directory-byte-hash-unrelated-snapshot	NOT_ASSESSED_BY_FILE_DELTA
BACKEND	infra/livekit.yaml	CONFIG_INFRA	SAME_CONTENT	051920c801831657d37ca3c69d09275a020a2e2fb12e8fd582f6e855dcd40117	051920c801831657d37ca3c69d09275a020a2e2fb12e8fd582f6e855dcd40117	source-directory-byte-hash-unrelated-snapshot	NOT_ASSESSED_BY_FILE_DELTA
BACKEND	infra/turnserver.conf	CONFIG_INFRA	SAME_CONTENT	45cce6f619db7527a4d051e025a8a28fb95257eb9e74df2e208ca2950ebf10ce	45cce6f619db7527a4d051e025a8a28fb95257eb9e74df2e208ca2950ebf10ce	source-directory-byte-hash-unrelated-snapshot	NOT_ASSESSED_BY_FILE_DELTA
BACKEND	jest.boot.config.js	BACKEND	SAME_CONTENT	7ca760cc5fc812ce9cd96376f8b84cf9decca5e13cff494dfd97e48acca11c1b	7ca760cc5fc812ce9cd96376f8b84cf9decca5e13cff494dfd97e48acca11c1b	source-directory-byte-hash-unrelated-snapshot	NOT_ASSESSED_BY_FILE_DELTA
BACKEND	nabd_patient_web.zip	BACKEND	BASELINE_ONLY	8593cf8e828645118f14533cdde33386e56687999f84173d4d18cff4b0b1191f		source-directory-byte-hash-unrelated-snapshot	NOT_ASSESSED_BY_FILE_DELTA
BACKEND	nabd_plus_patient_app.zip	BACKEND	BASELINE_ONLY	fa37dec94dd2e1525a3fa35e0e6ef68973a0356aa42ca2afca520dee1e5dcfba		source-directory-byte-hash-unrelated-snapshot	NOT_ASSESSED_BY_FILE_DELTA
BACKEND	nabdah-backend.zip	BACKEND	BASELINE_ONLY	748d8d80365877460906a992c1834408fcfd117a7be02f7a4ab77307aae62bbc		source-directory-byte-hash-unrelated-snapshot	NOT_ASSESSED_BY_FILE_DELTA
BACKEND	nest-cli.json	BACKEND	SAME_CONTENT	b02d1c4b4480c9e4e53c028567841eafa5a712c37b69112753260c9781337c6a	b02d1c4b4480c9e4e53c028567841eafa5a712c37b69112753260c9781337c6a	source-directory-byte-hash-unrelated-snapshot	NOT_ASSESSED_BY_FILE_DELTA
BACKEND	ocr_worker.py	BACKEND	SAME_CONTENT	cd7ae395f9ad7f06ec4b226aa043e3e99c47f0dc17854a604ddd6b9ce403785f	cd7ae395f9ad7f06ec4b226aa043e3e99c47f0dc17854a604ddd6b9ce403785f	source-directory-byte-hash-unrelated-snapshot	NOT_ASSESSED_BY_FILE_DELTA
BACKEND	package-lock.json	BACKEND	MODIFIED	ec84d9244a058ea1e22ac88e338435dbfc494d8d63c9f94ba7859da328162aaf	5bc4a29cba73874c9365efe011b173b8ddaf7896b5e2cb409bfa34e0f32e707b	source-directory-byte-hash-unrelated-snapshot	NOT_ASSESSED_BY_FILE_DELTA
BACKEND	package.json	BACKEND	MODIFIED	ad6f3a4cec2645d40aaea002cde50644c32af776b24d64e01165e3fea6528d47	33124c4e749b0f1f7354960e8bb5ff48c28e8e734abbbada6d02ef7630f23f08	source-directory-byte-hash-unrelated-snapshot	NOT_ASSESSED_BY_FILE_DELTA
BACKEND	scripts/backfill-catalog-governance.ts	BACKEND	SAME_CONTENT	d0b31f1a581f69dce5f16ad992fe50b31343757792c1fa0d4521030a510366b2	d0b31f1a581f69dce5f16ad992fe50b31343757792c1fa0d4521030a510366b2	source-directory-byte-hash-unrelated-snapshot	NOT_ASSESSED_BY_FILE_DELTA
BACKEND	scripts/db-backup-restore.sh	BACKEND	SAME_CONTENT	a9b326c613bcc026ad77f748817cb782232626731e64c86ce542f394b30eadcf	a9b326c613bcc026ad77f748817cb782232626731e64c86ce542f394b30eadcf	source-directory-byte-hash-unrelated-snapshot	NOT_ASSESSED_BY_FILE_DELTA
BACKEND	scripts/deploy.sh	BACKEND	SAME_CONTENT	bead71766aaf315d0b74236509cf6e3e598b0cf0a625f947ab61df100ff3a6f5	bead71766aaf315d0b74236509cf6e3e598b0cf0a625f947ab61df100ff3a6f5	source-directory-byte-hash-unrelated-snapshot	NOT_ASSESSED_BY_FILE_DELTA
BACKEND	scripts/mail-smoke.js	BACKEND	INCOMING_ONLY		9ea35e761ac62c87b0e6f4dcdcbe1b67d84a4a3e220222e8e2a5f143ec7fe5cc	source-directory-byte-hash-unrelated-snapshot	NOT_ASSESSED_BY_FILE_DELTA
BACKEND	scripts/publish-insurance-logo-assets.ts	BACKEND	SAME_CONTENT	ec7661c74cb1f1af49580218b5714f50cefd073d3ac14c096f2df34916f705a7	ec7661c74cb1f1af49580218b5714f50cefd073d3ac14c096f2df34916f705a7	source-directory-byte-hash-unrelated-snapshot	NOT_ASSESSED_BY_FILE_DELTA
BACKEND	scripts/reconcile-insurance-catalog.ts	BACKEND	SAME_CONTENT	9b085dd99c23785459ba9185faab9bbb56364633164512ded598bcf6f31179de	9b085dd99c23785459ba9185faab9bbb56364633164512ded598bcf6f31179de	source-directory-byte-hash-unrelated-snapshot	NOT_ASSESSED_BY_FILE_DELTA
BACKEND	scripts/seed-articles.ts	BACKEND	SAME_CONTENT	2d9849bb9dc9491510c8657bbb9f1b2d7fd643a0a5c14d3b654e3c1237f90889	2d9849bb9dc9491510c8657bbb9f1b2d7fd643a0a5c14d3b654e3c1237f90889	source-directory-byte-hash-unrelated-snapshot	NOT_ASSESSED_BY_FILE_DELTA
BACKEND	scripts/seed-insurance-companies.ts	BACKEND	SAME_CONTENT	28fed858758403f12595359d3bb077d69da365711488ce29d6fcacc604e12616	28fed858758403f12595359d3bb077d69da365711488ce29d6fcacc604e12616	source-directory-byte-hash-unrelated-snapshot	NOT_ASSESSED_BY_FILE_DELTA
BACKEND	scripts/seed-loyalty.ts	BACKEND	SAME_CONTENT	9aa6145dad44ba8f3bbd82b3fa8da23cc36e48ebf5dec49e198080ea5dfe689c	9aa6145dad44ba8f3bbd82b3fa8da23cc36e48ebf5dec49e198080ea5dfe689c	source-directory-byte-hash-unrelated-snapshot	NOT_ASSESSED_BY_FILE_DELTA
BACKEND	scripts/seed-medicines.js	BACKEND	SAME_CONTENT	c8966576730a23681749965c7e57d3dbd4fe2e7c5af6611a94d2b409c9a78f8f	c8966576730a23681749965c7e57d3dbd4fe2e7c5af6611a94d2b409c9a78f8f	source-directory-byte-hash-unrelated-snapshot	NOT_ASSESSED_BY_FILE_DELTA
BACKEND	scripts/seed_test_providers.js	BACKEND	SAME_CONTENT	9b5d634cdf1e95bf4faad4a6af238a1cdafcfef63762f1d7f6b1174b3d039208	9b5d634cdf1e95bf4faad4a6af238a1cdafcfef63762f1d7f6b1174b3d039208	source-directory-byte-hash-unrelated-snapshot	NOT_ASSESSED_BY_FILE_DELTA
BACKEND	scripts/seed_test_providers.ts.bak	BACKEND	SAME_CONTENT	135f7fe3cec7ff0bc8be0a9de9d428085716247f015edbd205328caa8e9a59be	135f7fe3cec7ff0bc8be0a9de9d428085716247f015edbd205328caa8e9a59be	source-directory-byte-hash-unrelated-snapshot	NOT_ASSESSED_BY_FILE_DELTA
BACKEND	scripts/test-extensions.ts	BACKEND	SAME_CONTENT	1f1782bcefadfb5fd73c4b774165375b5f0283f80d77cb80af7012ddefa8c0f8	1f1782bcefadfb5fd73c4b774165375b5f0283f80d77cb80af7012ddefa8c0f8	source-directory-byte-hash-unrelated-snapshot	NOT_ASSESSED_BY_FILE_DELTA
BACKEND	scripts/test-flow.js	BACKEND	SAME_CONTENT	8e9d1fc86720d95550e7df50db0ee2da363554ed92cfbbdf925664c8345bccc4	8e9d1fc86720d95550e7df50db0ee2da363554ed92cfbbdf925664c8345bccc4	source-directory-byte-hash-unrelated-snapshot	NOT_ASSESSED_BY_FILE_DELTA
BACKEND	src/app.module.ts	BACKEND	MODIFIED	036aaa35fbc1736466cb697e2c97f43ee1baa8a882426fa1cb6e3c4b1fe87c60	c0b3384427d1a01d008ec0260e183a9263bbce87d1cea10eaa84bb0e323e2e71	source-directory-byte-hash-unrelated-snapshot	NOT_ASSESSED_BY_FILE_DELTA
BACKEND	src/assets/fonts/Amiri-Regular.ttf	BACKEND	SAME_CONTENT	2444788b85996d795f0db7e14f3f6bfc3ea1c985e391267db0269b9e40f3447d	2444788b85996d795f0db7e14f3f6bfc3ea1c985e391267db0269b9e40f3447d	source-directory-byte-hash-unrelated-snapshot	NOT_ASSESSED_BY_FILE_DELTA
BACKEND	src/assets/fonts/NotoNaskhArabic-Bold.ttf	BACKEND	SAME_CONTENT	04017b0ccdd1156dcde3bc386734c1b03165261762f16a025c8afc9088ae76e9	04017b0ccdd1156dcde3bc386734c1b03165261762f16a025c8afc9088ae76e9	source-directory-byte-hash-unrelated-snapshot	NOT_ASSESSED_BY_FILE_DELTA
BACKEND	src/assets/fonts/NotoNaskhArabic-Regular.ttf	BACKEND	SAME_CONTENT	6f0a92031367b2f5a2078fe9d24f3433122b61a0bad57c423aad8f3c39aa2e6e	6f0a92031367b2f5a2078fe9d24f3433122b61a0bad57c423aad8f3c39aa2e6e	source-directory-byte-hash-unrelated-snapshot	NOT_ASSESSED_BY_FILE_DELTA
BACKEND	src/common/audit-log.interceptor.spec.ts	TEST_OR_E2E	SAME_CONTENT	4189f7562c1cbf5d1d7bf72e9ac08f09fa96330285999a7a450a5b9896c8f4cc	4189f7562c1cbf5d1d7bf72e9ac08f09fa96330285999a7a450a5b9896c8f4cc	source-directory-byte-hash-unrelated-snapshot	NOT_ASSESSED_BY_FILE_DELTA
BACKEND	src/common/audit-log.interceptor.ts	BACKEND	SAME_CONTENT	c468f02f3d3f3a2e3f5ec061e430ead9806ead8d1f938b96a8488e5589828a8a	c468f02f3d3f3a2e3f5ec061e430ead9806ead8d1f938b96a8488e5589828a8a	source-directory-byte-hash-unrelated-snapshot	NOT_ASSESSED_BY_FILE_DELTA
BACKEND	src/common/auth.guard.spec.ts	TEST_OR_E2E	SAME_CONTENT	a1ebfb3ae9dd4cc94220a684e1d66520fa3c9af689c428ec42fe083bc40d1042	a1ebfb3ae9dd4cc94220a684e1d66520fa3c9af689c428ec42fe083bc40d1042	source-directory-byte-hash-unrelated-snapshot	NOT_ASSESSED_BY_FILE_DELTA
BACKEND	src/common/auth.guard.ts	BACKEND	MODIFIED	b82f51bdc156e629c28790ceb70d8ec0d5939fb549478f4f687d50c2d4b93234	ede0c897c9602e1729514c1a772459207fc1223893cd2f1d7db75497e2e71b32	source-directory-byte-hash-unrelated-snapshot	NOT_ASSESSED_BY_FILE_DELTA
BACKEND	src/common/correlation.middleware.ts	BACKEND	SAME_CONTENT	60cc0d38ffdb435a040c056026a60971f93486694d81a073cb3f9a9ea3d2ef91	60cc0d38ffdb435a040c056026a60971f93486694d81a073cb3f9a9ea3d2ef91	source-directory-byte-hash-unrelated-snapshot	NOT_ASSESSED_BY_FILE_DELTA
BACKEND	src/common/database/audit.plugin.ts	BACKEND	SAME_CONTENT	6157f47b4b6c008676699c90c4de0f024eca351a7f4a38fc8ce5978bba7f6f2e	6157f47b4b6c008676699c90c4de0f024eca351a7f4a38fc8ce5978bba7f6f2e	source-directory-byte-hash-unrelated-snapshot	NOT_ASSESSED_BY_FILE_DELTA
BACKEND	src/common/database/base.repository.ts	BACKEND	SAME_CONTENT	3099209997375f9fcff96cda367a01b7e591a2a8d31708554e5bfc25e9543a0a	3099209997375f9fcff96cda367a01b7e591a2a8d31708554e5bfc25e9543a0a	source-directory-byte-hash-unrelated-snapshot	NOT_ASSESSED_BY_FILE_DELTA
BACKEND	src/common/database/mongo.repository.ts	BACKEND	SAME_CONTENT	53b1f2673ddcfe53c81ff808bd44ca6c6eeb609a285e2a18de07c7792b81e15e	53b1f2673ddcfe53c81ff808bd44ca6c6eeb609a285e2a18de07c7792b81e15e	source-directory-byte-hash-unrelated-snapshot	NOT_ASSESSED_BY_FILE_DELTA
BACKEND	src/common/enums.ts	BACKEND	SAME_CONTENT	55254b66d6357c8905e4faabbaaa904dd5f9f6505d6ab5c4d0e2a718fbfcb176	55254b66d6357c8905e4faabbaaa904dd5f9f6505d6ab5c4d0e2a718fbfcb176	source-directory-byte-hash-unrelated-snapshot	NOT_ASSESSED_BY_FILE_DELTA
BACKEND	src/common/events.ts	BACKEND	SAME_CONTENT	1d944f8e67367af44379fd9a1f3abfd007910aa7e1f859d5c977b2b3c00d302b	1d944f8e67367af44379fd9a1f3abfd007910aa7e1f859d5c977b2b3c00d302b	source-directory-byte-hash-unrelated-snapshot	NOT_ASSESSED_BY_FILE_DELTA
BACKEND	src/common/guards/device-limit.guard.ts	BACKEND	SAME_CONTENT	4f2c27da76cb3167fcd03ba8245e86b736c72f060fc59a3cbebfe75bc58fd447	4f2c27da76cb3167fcd03ba8245e86b736c72f060fc59a3cbebfe75bc58fd447	source-directory-byte-hash-unrelated-snapshot	NOT_ASSESSED_BY_FILE_DELTA
BACKEND	src/common/guards/velocity.guard.ts	BACKEND	SAME_CONTENT	9705798551c8cec81ea0cfee074af7be42283fb0e90c1b8a93aa28366dfa7d71	9705798551c8cec81ea0cfee074af7be42283fb0e90c1b8a93aa28366dfa7d71	source-directory-byte-hash-unrelated-snapshot	NOT_ASSESSED_BY_FILE_DELTA
BACKEND	src/common/idempotency.interceptor.spec.ts	TEST_OR_E2E	SAME_CONTENT	1b594900f033f1edb2df641d2f36906f334ecff8c64be299559cdfd46343d402	1b594900f033f1edb2df641d2f36906f334ecff8c64be299559cdfd46343d402	source-directory-byte-hash-unrelated-snapshot	NOT_ASSESSED_BY_FILE_DELTA
BACKEND	src/common/idempotency.interceptor.ts	BACKEND	SAME_CONTENT	c64e94101545b420efbd73102cf800c9e9f18f0c7ab60c75df9bdeb62d47e0ac	c64e94101545b420efbd73102cf800c9e9f18f0c7ab60c75df9bdeb62d47e0ac	source-directory-byte-hash-unrelated-snapshot	NOT_ASSESSED_BY_FILE_DELTA
BACKEND	src/common/permissions.ts	BACKEND	MODIFIED	1a78dea258c408aa315c3ae5a087df3fa71158ef488936d2f41768ea7a1fb22e	3bcad14fb188bc7f31f0a48fcdec7a195a51317f3612e87df26777f4ada6e0c6	source-directory-byte-hash-unrelated-snapshot	NOT_ASSESSED_BY_FILE_DELTA
BACKEND	src/common/rbac.ts	BACKEND	INCOMING_ONLY		10c776c0da09796f77448306a8af42fba31d622c7ac687d3f9d08f23254b89b1	source-directory-byte-hash-unrelated-snapshot	NOT_ASSESSED_BY_FILE_DELTA
BACKEND	src/common/redis-cache.interceptor.ts	BACKEND	SAME_CONTENT	af79c8a861e434e2bf3fb56cbd503e985a11e2ea2dee7e8aaf87b23b6ddc3e19	af79c8a861e434e2bf3fb56cbd503e985a11e2ea2dee7e8aaf87b23b6ddc3e19	source-directory-byte-hash-unrelated-snapshot	NOT_ASSESSED_BY_FILE_DELTA
BACKEND	src/common/sentry.filter.ts	BACKEND	SAME_CONTENT	4ef6bd770dd383c5f3426f5dfa6f2bc56ae51b6db4eaa1361a92e3e880beffa4	4ef6bd770dd383c5f3426f5dfa6f2bc56ae51b6db4eaa1361a92e3e880beffa4	source-directory-byte-hash-unrelated-snapshot	NOT_ASSESSED_BY_FILE_DELTA
BACKEND	src/common/slug.util.ts	BACKEND	SAME_CONTENT	66a0f209d9e02f9afa97c440fafa467a01169ec646d63bb9068328468aa8d8de	66a0f209d9e02f9afa97c440fafa467a01169ec646d63bb9068328468aa8d8de	source-directory-byte-hash-unrelated-snapshot	NOT_ASSESSED_BY_FILE_DELTA
BACKEND	src/common/tracking.ts	BACKEND	SAME_CONTENT	9e1c0895da6a1096e5054fee505bdf3c2ed3408d7524906abbcdea171c291309	9e1c0895da6a1096e5054fee505bdf3c2ed3408d7524906abbcdea171c291309	source-directory-byte-hash-unrelated-snapshot	NOT_ASSESSED_BY_FILE_DELTA
BACKEND	src/common/validators/iqama.validator.ts	BACKEND	SAME_CONTENT	e1e01005d17e90e0cea0356100eeff80a33bf5ac45636df916f9997d22c73d52	e1e01005d17e90e0cea0356100eeff80a33bf5ac45636df916f9997d22c73d52	source-directory-byte-hash-unrelated-snapshot	NOT_ASSESSED_BY_FILE_DELTA
BACKEND	src/common/validators/password.validator.ts	BACKEND	SAME_CONTENT	17e7c902b656a0d9b9d3e90d529c482ee95076ccc5a3c6cf895667a6edab481b	17e7c902b656a0d9b9d3e90d529c482ee95076ccc5a3c6cf895667a6edab481b	source-directory-byte-hash-unrelated-snapshot	NOT_ASSESSED_BY_FILE_DELTA
BACKEND	src/common/validators/saudi-phone.validator.ts	BACKEND	SAME_CONTENT	18f774e8ac6d783491b97cc86a78ece5d8ce2bf2071ff85fa484d04a635ca5b9	18f774e8ac6d783491b97cc86a78ece5d8ce2bf2071ff85fa484d04a635ca5b9	source-directory-byte-hash-unrelated-snapshot	NOT_ASSESSED_BY_FILE_DELTA
BACKEND	src/config/configured-io.adapter.ts	BACKEND	SAME_CONTENT	0671b0d7f4f9ddf8cb7a23d660c1cb616b5e74ff779c81fa1dc2d92eaece0e47	0671b0d7f4f9ddf8cb7a23d660c1cb616b5e74ff779c81fa1dc2d92eaece0e47	source-directory-byte-hash-unrelated-snapshot	NOT_ASSESSED_BY_FILE_DELTA
BACKEND	src/config/env.validation.ts	BACKEND	SAME_CONTENT	6bda3aa0688132638d1db5dc6b9ff8cfd1f677e14270f4b84dcb3d805bebcf1c	6bda3aa0688132638d1db5dc6b9ff8cfd1f677e14270f4b84dcb3d805bebcf1c	source-directory-byte-hash-unrelated-snapshot	NOT_ASSESSED_BY_FILE_DELTA
BACKEND	src/config/openapi.config.ts	BACKEND	SAME_CONTENT	33e75a69a4d0357ca74a5ac29097bbff0182096fa81991a0ea2b19ac6fae40d9	33e75a69a4d0357ca74a5ac29097bbff0182096fa81991a0ea2b19ac6fae40d9	source-directory-byte-hash-unrelated-snapshot	NOT_ASSESSED_BY_FILE_DELTA
BACKEND	src/config/websocket-cors.spec.ts	TEST_OR_E2E	SAME_CONTENT	dcb88c49f426673c6c5957cadd4528122090487419c687b331551feec71e349e	dcb88c49f426673c6c5957cadd4528122090487419c687b331551feec71e349e	source-directory-byte-hash-unrelated-snapshot	NOT_ASSESSED_BY_FILE_DELTA
BACKEND	src/config/websocket-cors.ts	BACKEND	SAME_CONTENT	b865ec2f36f76dcc9aa2244a3c48fedd7272b5ffb26078b6bfdebe5f12fb46fd	b865ec2f36f76dcc9aa2244a3c48fedd7272b5ffb26078b6bfdebe5f12fb46fd	source-directory-byte-hash-unrelated-snapshot	NOT_ASSESSED_BY_FILE_DELTA
BACKEND	src/contracts/catalog-governance-backfill.contract.spec.ts	TEST_OR_E2E	SAME_CONTENT	a12a89b23267885fe08ca18ebfb7c6c2007a43492d221f8ee6ae674f0e9b505f	a12a89b23267885fe08ca18ebfb7c6c2007a43492d221f8ee6ae674f0e9b505f	source-directory-byte-hash-unrelated-snapshot	NOT_ASSESSED_BY_FILE_DELTA
BACKEND	src/contracts/insurance-openapi.contract.spec.ts	TEST_OR_E2E	SAME_CONTENT	aecafbeac3c4c275af7f1b57e8d6a23a92ae7ad3238418a64df627b89b5cbe97	aecafbeac3c4c275af7f1b57e8d6a23a92ae7ad3238418a64df627b89b5cbe97	source-directory-byte-hash-unrelated-snapshot	NOT_ASSESSED_BY_FILE_DELTA
BACKEND	src/contracts/mongoose-indexes.contract.spec.ts	TEST_OR_E2E	SAME_CONTENT	38f2f7bb32293716448ae0d10933788fda7e17556c2edfcb891e8d1c9a461555	38f2f7bb32293716448ae0d10933788fda7e17556c2edfcb891e8d1c9a461555	source-directory-byte-hash-unrelated-snapshot	NOT_ASSESSED_BY_FILE_DELTA
BACKEND	src/contracts/ownership-controllers.spec.ts	TEST_OR_E2E	SAME_CONTENT	687ba27d5043e52f9594e88c22ea8e60b4a8013cecec6f32fbe899697d1c8deb	687ba27d5043e52f9594e88c22ea8e60b4a8013cecec6f32fbe899697d1c8deb	source-directory-byte-hash-unrelated-snapshot	NOT_ASSESSED_BY_FILE_DELTA
BACKEND	src/contracts/phase6-contracts.spec.ts	TEST_OR_E2E	SAME_CONTENT	a57927eb9dfa806267f371f1d85779f8d66e245652126cb2f61c4fc23a56e95a	a57927eb9dfa806267f371f1d85779f8d66e245652126cb2f61c4fc23a56e95a	source-directory-byte-hash-unrelated-snapshot	NOT_ASSESSED_BY_FILE_DELTA
BACKEND	src/contracts/phase6-contracts.ts	BACKEND	SAME_CONTENT	a6f7c5711f593693da8c6b5491b18c16a5789864761815d86114bbd45d9db274	a6f7c5711f593693da8c6b5491b18c16a5789864761815d86114bbd45d9db274	source-directory-byte-hash-unrelated-snapshot	NOT_ASSESSED_BY_FILE_DELTA
BACKEND	src/contracts/provider-availability.contract.spec.ts	TEST_OR_E2E	SAME_CONTENT	767edad6d8d76c0d7a921196c0c032daf409b78765b88e3e43127e17a7e47559	767edad6d8d76c0d7a921196c0c032daf409b78765b88e3e43127e17a7e47559	source-directory-byte-hash-unrelated-snapshot	NOT_ASSESSED_BY_FILE_DELTA
BACKEND	src/health.controller.ts	BACKEND	SAME_CONTENT	97795aee0f748c41988868163d8727b7533531de5efbabb250d313edd25069b2	97795aee0f748c41988868163d8727b7533531de5efbabb250d313edd25069b2	source-directory-byte-hash-unrelated-snapshot	NOT_ASSESSED_BY_FILE_DELTA
BACKEND	src/main.ts	BACKEND	SAME_CONTENT	21de1597224a348ec52a98850dad415cd68bdcadfbe68756784c76c6976e4202	21de1597224a348ec52a98850dad415cd68bdcadfbe68756784c76c6976e4202	source-directory-byte-hash-unrelated-snapshot	NOT_ASSESSED_BY_FILE_DELTA
BACKEND	src/modules/admin-authority/admin-authority.module.ts	BACKEND	SAME_CONTENT	aceacbc52b226796f8b823ec3558bca4348a7ec5646981987f659458bc9700cd	aceacbc52b226796f8b823ec3558bca4348a7ec5646981987f659458bc9700cd	source-directory-byte-hash-unrelated-snapshot	NOT_ASSESSED_BY_FILE_DELTA
BACKEND	src/modules/admin-command-center/admin-command-center.module.ts	BACKEND	SAME_CONTENT	c78b3bb7d51b3d93fa758bcaad093c9244be730c0132d04f14e6304ff757aad6	c78b3bb7d51b3d93fa758bcaad093c9244be730c0132d04f14e6304ff757aad6	source-directory-byte-hash-unrelated-snapshot	NOT_ASSESSED_BY_FILE_DELTA
BACKEND	src/modules/admin-enterprise/admin-analytics.controller.ts	BACKEND	INCOMING_ONLY		28879824fe754ae057057862ea14778dd385a20787bc13e7bda5a662c2a54e0c	source-directory-byte-hash-unrelated-snapshot	NOT_ASSESSED_BY_FILE_DELTA
BACKEND	src/modules/admin-enterprise/admin-cms.controller.ts	BACKEND	INCOMING_ONLY		be8d3503cb7439eb3dd0cde50c5269d61c1c83a6881b370e79d1fbb2e0251a2c	source-directory-byte-hash-unrelated-snapshot	NOT_ASSESSED_BY_FILE_DELTA
BACKEND	src/modules/admin-enterprise/admin-coupons.controller.ts	BACKEND	INCOMING_ONLY		226d205ca40669dc99f9199e64ed21c4eab2720038c7e0c3e334365419789a4a	source-directory-byte-hash-unrelated-snapshot	NOT_ASSESSED_BY_FILE_DELTA
BACKEND	src/modules/admin-enterprise/admin-crm.controller.ts	BACKEND	INCOMING_ONLY		8b1bae8e421799e57ca910bd2ac33dcfd52fa54a4bbf11c53fef14ad6e22ee33	source-directory-byte-hash-unrelated-snapshot	NOT_ASSESSED_BY_FILE_DELTA
BACKEND	src/modules/admin-enterprise/admin-disputes.controller.ts	BACKEND	INCOMING_ONLY		58fb00ee614157cf04c4248f2af4b82187df5cca5aa5f300afc2620816d24c2c	source-directory-byte-hash-unrelated-snapshot	NOT_ASSESSED_BY_FILE_DELTA
BACKEND	src/modules/admin-enterprise/admin-enterprise.module.ts	BACKEND	INCOMING_ONLY		9b97b14f2150876cc933c1711eb2def46d2340542bc39e24ea0638325ef94475	source-directory-byte-hash-unrelated-snapshot	NOT_ASSESSED_BY_FILE_DELTA
BACKEND	src/modules/admin-enterprise/admin-finance.controller.ts	BACKEND	INCOMING_ONLY		267d11e715f1b34b18076c07d5b7aaedea8fcbdb3dd23de2da4907be9d5d5c68	source-directory-byte-hash-unrelated-snapshot	NOT_ASSESSED_BY_FILE_DELTA
BACKEND	src/modules/admin-enterprise/admin-ops.controller.ts	BACKEND	INCOMING_ONLY		444dd6040e7942ab0e70f6cf18d14b9efc9ba75127cddad9c1227563c824460a	source-directory-byte-hash-unrelated-snapshot	NOT_ASSESSED_BY_FILE_DELTA
BACKEND	src/modules/admin-enterprise/admin-orders.controller.ts	BACKEND	INCOMING_ONLY		909d081652f53f5a067ea86d2a45e3b50476c82e3f4c7f60c4d053210d873d0d	source-directory-byte-hash-unrelated-snapshot	NOT_ASSESSED_BY_FILE_DELTA
BACKEND	src/modules/admin-enterprise/admin-security.controller.ts	BACKEND	INCOMING_ONLY		daa60098ad106cac2398c3a2b1725a8a1229bf0a6bd043306651c3063301de5a	source-directory-byte-hash-unrelated-snapshot	NOT_ASSESSED_BY_FILE_DELTA
BACKEND	src/modules/admin-enterprise/admin-segments.controller.ts	BACKEND	INCOMING_ONLY		244b39a7ce4eea12aa0ad07f6f88e0d600f271bfbfecb5ab0d645b109df25c7d	source-directory-byte-hash-unrelated-snapshot	NOT_ASSESSED_BY_FILE_DELTA
BACKEND	src/modules/admin-enterprise/analytics-suite.service.ts	BACKEND	INCOMING_ONLY		5acd9721a3562cd19bb21a5eab0260209161281c9122d93dc45e74f2110e3b8b	source-directory-byte-hash-unrelated-snapshot	NOT_ASSESSED_BY_FILE_DELTA
BACKEND	src/modules/admin-enterprise/audit.service.ts	BACKEND	INCOMING_ONLY		ca4eea4247f86edf8b07b9fe8dfcc42bf88993321534bde663c844fa5eeaa106	source-directory-byte-hash-unrelated-snapshot	NOT_ASSESSED_BY_FILE_DELTA
BACKEND	src/modules/admin-enterprise/command-center-v2.controller.ts	BACKEND	INCOMING_ONLY		bad56e932438d3e6e5269075409d4f3b0547f97e9d23f91c9fb74b55522f9384	source-directory-byte-hash-unrelated-snapshot	NOT_ASSESSED_BY_FILE_DELTA
BACKEND	src/modules/admin-enterprise/finance-suite.service.ts	BACKEND	INCOMING_ONLY		c2ada6079ae8da16bff7734415b086ce80e9d52e87190ac3efe44bfea7a7d221	source-directory-byte-hash-unrelated-snapshot	NOT_ASSESSED_BY_FILE_DELTA
BACKEND	src/modules/admin-enterprise/orders-console.service.ts	BACKEND	INCOMING_ONLY		c6d47caf6db37a569abe12368c05eac6d6e86d29ebce140a10586afccd57188c	source-directory-byte-hash-unrelated-snapshot	NOT_ASSESSED_BY_FILE_DELTA
BACKEND	src/modules/admin-enterprise/patient-gdpr.controller.ts	BACKEND	INCOMING_ONLY		6dbc93dbf435227e4056d654ee604ff5f38c49a4f48e1c9638759e9fcb9d2df6	source-directory-byte-hash-unrelated-snapshot	NOT_ASSESSED_BY_FILE_DELTA
BACKEND	src/modules/admin-enterprise/scheduled-reports.runner.ts	BACKEND	INCOMING_ONLY		15ea266e50d565da1d43e31825952e0af85c572292ae7011cebb63f89637c900	source-directory-byte-hash-unrelated-snapshot	NOT_ASSESSED_BY_FILE_DELTA
BACKEND	src/modules/admin-enterprise/segments.engine.ts	BACKEND	INCOMING_ONLY		b944db5ab7b2d9f0e95e02b7c27af9009baee04f4511ab863d917bf59d6dda0e	source-directory-byte-hash-unrelated-snapshot	NOT_ASSESSED_BY_FILE_DELTA
BACKEND	src/modules/admin-governance/admin-governance.module.ts	BACKEND	SAME_CONTENT	c44c7da85135d1c750b1c2c829747fcc8e67ab85de63c40d897e253b3f29f4d8	c44c7da85135d1c750b1c2c829747fcc8e67ab85de63c40d897e253b3f29f4d8	source-directory-byte-hash-unrelated-snapshot	NOT_ASSESSED_BY_FILE_DELTA
BACKEND	src/modules/admin-governance/b2b.controller.ts	BACKEND	SAME_CONTENT	b6acee79cd08558dd53ecb9c72eaf503ab0ade976ca05e2e3bcd86ffcb4d25a0	b6acee79cd08558dd53ecb9c72eaf503ab0ade976ca05e2e3bcd86ffcb4d25a0	source-directory-byte-hash-unrelated-snapshot	NOT_ASSESSED_BY_FILE_DELTA
BACKEND	src/modules/admin-governance/system-config.controller.ts	BACKEND	SAME_CONTENT	988fe178a38e902a7bd96b9c521788d89ea801f8762163c04e3fa8652ab227d9	988fe178a38e902a7bd96b9c521788d89ea801f8762163c04e3fa8652ab227d9	source-directory-byte-hash-unrelated-snapshot	NOT_ASSESSED_BY_FILE_DELTA
BACKEND	src/modules/admin-notification-center/admin-notification-center.contract.spec.ts	TEST_OR_E2E	SAME_CONTENT	5521d8acb97481b94845f257e47b1492fa588e6bdc252dbfe71ef3d755a3d283	5521d8acb97481b94845f257e47b1492fa588e6bdc252dbfe71ef3d755a3d283	source-directory-byte-hash-unrelated-snapshot	NOT_ASSESSED_BY_FILE_DELTA
BACKEND	src/modules/admin-notification-center/admin-notification-center.module.ts	BACKEND	SAME_CONTENT	23bd607b52da2854f0a6463bc7ca275f8be1138cf1c491687ce309f5ecf6fb3f	23bd607b52da2854f0a6463bc7ca275f8be1138cf1c491687ce309f5ecf6fb3f	source-directory-byte-hash-unrelated-snapshot	NOT_ASSESSED_BY_FILE_DELTA
BACKEND	src/modules/admin-web-core/admin-web-core.module.ts	BACKEND	SAME_CONTENT	b391bc99348f99c0f07dd18c3ba3ec51f4921935cc3e567d40705b1d8e9633a0	b391bc99348f99c0f07dd18c3ba3ec51f4921935cc3e567d40705b1d8e9633a0	source-directory-byte-hash-unrelated-snapshot	NOT_ASSESSED_BY_FILE_DELTA
BACKEND	src/modules/admin-web-core/controllers/admin-config.controller.ts	BACKEND	SAME_CONTENT	be129bcf74695a5e342068fcecd2868cc41aab890350d9fbdac3a027b31de42d	be129bcf74695a5e342068fcecd2868cc41aab890350d9fbdac3a027b31de42d	source-directory-byte-hash-unrelated-snapshot	NOT_ASSESSED_BY_FILE_DELTA
BACKEND	src/modules/admin-web-core/controllers/admin-extended-operations.controller.ts	BACKEND	SAME_CONTENT	870fb89384c491960a94cdeadc66923f71e0d75231f050f67be09bec98a5023e	870fb89384c491960a94cdeadc66923f71e0d75231f050f67be09bec98a5023e	source-directory-byte-hash-unrelated-snapshot	NOT_ASSESSED_BY_FILE_DELTA
BACKEND	src/modules/admin-web-core/controllers/admin-governance.controller.spec.ts	TEST_OR_E2E	SAME_CONTENT	14377e4381c1bd6837188b1efd99f2fe8f200d094f897dcfd1e521208dfe2361	14377e4381c1bd6837188b1efd99f2fe8f200d094f897dcfd1e521208dfe2361	source-directory-byte-hash-unrelated-snapshot	NOT_ASSESSED_BY_FILE_DELTA
BACKEND	src/modules/admin-web-core/controllers/admin-governance.controller.ts	BACKEND	SAME_CONTENT	6fbcd2d6e5be0712fdf2bd80f63851bd0352faf3030841bb81da30fef8e5c66c	6fbcd2d6e5be0712fdf2bd80f63851bd0352faf3030841bb81da30fef8e5c66c	source-directory-byte-hash-unrelated-snapshot	NOT_ASSESSED_BY_FILE_DELTA
BACKEND	src/modules/admin-web-core/controllers/analytics.controller.ts	BACKEND	SAME_CONTENT	5fff994e85971d718e556ff4a22eda5b2830449cadf826ebf1e43ce34f44e3a2	5fff994e85971d718e556ff4a22eda5b2830449cadf826ebf1e43ce34f44e3a2	source-directory-byte-hash-unrelated-snapshot	NOT_ASSESSED_BY_FILE_DELTA
BACKEND	src/modules/admin-web-core/controllers/finance.controller.ts	BACKEND	SAME_CONTENT	7833374246a87dbd05929f2ca89e7788bc63f9051d0264710011006e9c9dcbcf	7833374246a87dbd05929f2ca89e7788bc63f9051d0264710011006e9c9dcbcf	source-directory-byte-hash-unrelated-snapshot	NOT_ASSESSED_BY_FILE_DELTA
BACKEND	src/modules/admin-web-core/controllers/provider-moderation.controller.ts	BACKEND	SAME_CONTENT	034ee9674e951794466c23377f3996350adc61acdaf283a3196c3f96bdd2699d	034ee9674e951794466c23377f3996350adc61acdaf283a3196c3f96bdd2699d	source-directory-byte-hash-unrelated-snapshot	NOT_ASSESSED_BY_FILE_DELTA
BACKEND	src/modules/admin-web-core/controllers/system-health.controller.ts	BACKEND	SAME_CONTENT	20f15c6dadd760e6e9458a63e11bb1c76bafa5addfc9eea3bcb0ce841cc9150b	20f15c6dadd760e6e9458a63e11bb1c76bafa5addfc9eea3bcb0ce841cc9150b	source-directory-byte-hash-unrelated-snapshot	NOT_ASSESSED_BY_FILE_DELTA
BACKEND	src/modules/admin-web-core/guards/roles.guard.ts	BACKEND	SAME_CONTENT	1e128e947121a598abd9f556513f1804c24214c3540a052faedc9c323690fc02	1e128e947121a598abd9f556513f1804c24214c3540a052faedc9c323690fc02	source-directory-byte-hash-unrelated-snapshot	NOT_ASSESSED_BY_FILE_DELTA
BACKEND	src/modules/admin-web-core/schemas/audit-log.schema.ts	BACKEND	SAME_CONTENT	d22e2bb3835b2552c75157bc0ba917a722f30326c4b3fe0841ccb3881720b47c	d22e2bb3835b2552c75157bc0ba917a722f30326c4b3fe0841ccb3881720b47c	source-directory-byte-hash-unrelated-snapshot	NOT_ASSESSED_BY_FILE_DELTA
BACKEND	src/modules/admin-web-core/schemas/commission-ledger.schema.ts	BACKEND	SAME_CONTENT	cd0220067b47b720d0a0ed0f52f166b6a49e67d1bdfa7d9417b80cb16eb685fa	cd0220067b47b720d0a0ed0f52f166b6a49e67d1bdfa7d9417b80cb16eb685fa	source-directory-byte-hash-unrelated-snapshot	NOT_ASSESSED_BY_FILE_DELTA
BACKEND	src/modules/admin-web-core/schemas/fraud-alert.schema.ts	BACKEND	SAME_CONTENT	a6d57f24a0df0f947361f4d8e0c1aed955bde46702ae31f1af2d8e32d0648c89	a6d57f24a0df0f947361f4d8e0c1aed955bde46702ae31f1af2d8e32d0648c89	source-directory-byte-hash-unrelated-snapshot	NOT_ASSESSED_BY_FILE_DELTA
BACKEND	src/modules/admin-web-core/schemas/heatmap-data.schema.ts	BACKEND	SAME_CONTENT	254b748044480d0a0fa9db73dcb36870f016d6778c7256478158869e0ed64c63	254b748044480d0a0fa9db73dcb36870f016d6778c7256478158869e0ed64c63	source-directory-byte-hash-unrelated-snapshot	NOT_ASSESSED_BY_FILE_DELTA
BACKEND	src/modules/admin-web-core/schemas/procurement-request.schema.ts	BACKEND	SAME_CONTENT	84e52fd3f85a5c4df68e6768994d7b77469a6beef09f691045a0ceda32c7f1d6	84e52fd3f85a5c4df68e6768994d7b77469a6beef09f691045a0ceda32c7f1d6	source-directory-byte-hash-unrelated-snapshot	NOT_ASSESSED_BY_FILE_DELTA
BACKEND	src/modules/admin-web-core/schemas/provider-delta.schema.ts	BACKEND	SAME_CONTENT	a64c4e9cc3fff6e82a4181465cbd76de2d4d3f15cb1bc80b776a263da0b2c0cc	a64c4e9cc3fff6e82a4181465cbd76de2d4d3f15cb1bc80b776a263da0b2c0cc	source-directory-byte-hash-unrelated-snapshot	NOT_ASSESSED_BY_FILE_DELTA
BACKEND	src/modules/admin-web-core/schemas/provider.schema.ts	BACKEND	SAME_CONTENT	b8990c25f605e424301cc53e2ab93e8b0ee7476d8f6c6c6dcc567a859dfc35a8	b8990c25f605e424301cc53e2ab93e8b0ee7476d8f6c6c6dcc567a859dfc35a8	source-directory-byte-hash-unrelated-snapshot	NOT_ASSESSED_BY_FILE_DELTA
BACKEND	src/modules/admin-web-core/schemas/system-config-extended.schema.ts	BACKEND	SAME_CONTENT	62f54767bf0ba84280f3370a5b4b544970133171cef6929236ca8b1a2d90a3d3	62f54767bf0ba84280f3370a5b4b544970133171cef6929236ca8b1a2d90a3d3	source-directory-byte-hash-unrelated-snapshot	NOT_ASSESSED_BY_FILE_DELTA
BACKEND	src/modules/admin-web-core/schemas/withdrawal-request.schema.ts	BACKEND	SAME_CONTENT	e89753645afd7ca04a7358f23dd1c16c645fdd4833470137f4b141876beb6d35	e89753645afd7ca04a7358f23dd1c16c645fdd4833470137f4b141876beb6d35	source-directory-byte-hash-unrelated-snapshot	NOT_ASSESSED_BY_FILE_DELTA
BACKEND	src/modules/admin/admin.controller.ts	BACKEND	MODIFIED	7c0cbeed537615dae68a0d25a83c5d9407767bd66a5efea4afcc5ab31ad28fbe	308ea568fc7d60a9d728d373b811a912b3ecd8e4a8b2107aa33d20228a69aa90	source-directory-byte-hash-unrelated-snapshot	NOT_ASSESSED_BY_FILE_DELTA
BACKEND	src/modules/admin/admin.module.ts	BACKEND	SAME_CONTENT	f8da62522d5f7f9d9626301c7ab14ba6aa06aed37db63089b663160da9768c02	f8da62522d5f7f9d9626301c7ab14ba6aa06aed37db63089b663160da9768c02	source-directory-byte-hash-unrelated-snapshot	NOT_ASSESSED_BY_FILE_DELTA
BACKEND	src/modules/ai/ai-gateway.service.ts	BACKEND	SAME_CONTENT	2fd37b31765d1a50f02702b7a8e78a92ddcbf98658f0bafffa23e19ef5250aed	2fd37b31765d1a50f02702b7a8e78a92ddcbf98658f0bafffa23e19ef5250aed	source-directory-byte-hash-unrelated-snapshot	NOT_ASSESSED_BY_FILE_DELTA
BACKEND	src/modules/ai/ai-provider.service.ts	BACKEND	SAME_CONTENT	acc7e07ecd9a2c016882760852de38a4f7b3466a556147511c57c10457215458	acc7e07ecd9a2c016882760852de38a4f7b3466a556147511c57c10457215458	source-directory-byte-hash-unrelated-snapshot	NOT_ASSESSED_BY_FILE_DELTA
BACKEND	src/modules/ai/ai.admin-containment.spec.ts	TEST_OR_E2E	SAME_CONTENT	0422fe01736077b407cbe60048358145ae3a3024b2fdf92e16cebe1e7c171840	0422fe01736077b407cbe60048358145ae3a3024b2fdf92e16cebe1e7c171840	source-directory-byte-hash-unrelated-snapshot	NOT_ASSESSED_BY_FILE_DELTA
BACKEND	src/modules/ai/ai.controller.ts	BACKEND	SAME_CONTENT	c43c0e332344164a8799ab7ee9dd5dbeb87d4901b60ae3a610605c96cec72dbd	c43c0e332344164a8799ab7ee9dd5dbeb87d4901b60ae3a610605c96cec72dbd	source-directory-byte-hash-unrelated-snapshot	NOT_ASSESSED_BY_FILE_DELTA
BACKEND	src/modules/ai/ai.module.ts	BACKEND	SAME_CONTENT	a442084c8900080fd36e78a4e6a5f6fb9db5c142950b364b73eb212ac5c90b45	a442084c8900080fd36e78a4e6a5f6fb9db5c142950b364b73eb212ac5c90b45	source-directory-byte-hash-unrelated-snapshot	NOT_ASSESSED_BY_FILE_DELTA
BACKEND	src/modules/ai/ai.service.excel.spec.ts	TEST_OR_E2E	SAME_CONTENT	854f3c0ed9b576d0a7f31311151a5607a231f56c36d8e8a6ca23bc53a8477481	854f3c0ed9b576d0a7f31311151a5607a231f56c36d8e8a6ca23bc53a8477481	source-directory-byte-hash-unrelated-snapshot	NOT_ASSESSED_BY_FILE_DELTA
BACKEND	src/modules/ai/ai.service.spec.ts	TEST_OR_E2E	SAME_CONTENT	acc4af210c5f41dac401909ac49be75306d8e36629cbc9d44b16579fe4cb351b	acc4af210c5f41dac401909ac49be75306d8e36629cbc9d44b16579fe4cb351b	source-directory-byte-hash-unrelated-snapshot	NOT_ASSESSED_BY_FILE_DELTA
BACKEND	src/modules/ai/ai.service.ts	BACKEND	SAME_CONTENT	632e318ed4b70ef61543bee5cb9610ca280c53705a50e2b96aed9dc455bbe356	632e318ed4b70ef61543bee5cb9610ca280c53705a50e2b96aed9dc455bbe356	source-directory-byte-hash-unrelated-snapshot	NOT_ASSESSED_BY_FILE_DELTA
BACKEND	src/modules/analytics/analytics.module.ts	BACKEND	SAME_CONTENT	5f610bedb9066480288d70d7edd541ab58823f38de0aba9f37112c4c16d17a48	5f610bedb9066480288d70d7edd541ab58823f38de0aba9f37112c4c16d17a48	source-directory-byte-hash-unrelated-snapshot	NOT_ASSESSED_BY_FILE_DELTA
BACKEND	src/modules/api-security/api-security.module.ts	BACKEND	SAME_CONTENT	444b10bc1644abf9bf66bee67d1762c6681a9fa5cf4b58c5f4288e37550cc105	444b10bc1644abf9bf66bee67d1762c6681a9fa5cf4b58c5f4288e37550cc105	source-directory-byte-hash-unrelated-snapshot	NOT_ASSESSED_BY_FILE_DELTA
BACKEND	src/modules/approval-workflow/approval-workflow.module.ts	BACKEND	SAME_CONTENT	fbabfe680ae329955f8372335832d0f51db7abafa83166f1ecd34a2c2b9d4b9e	fbabfe680ae329955f8372335832d0f51db7abafa83166f1ecd34a2c2b9d4b9e	source-directory-byte-hash-unrelated-snapshot	NOT_ASSESSED_BY_FILE_DELTA
BACKEND	src/modules/approval-workflow/approval-workflow.service.spec.ts	TEST_OR_E2E	SAME_CONTENT	863bb555d259cb98a0478025fdf00fd424556dccab6ef46e9707417d64a4398f	863bb555d259cb98a0478025fdf00fd424556dccab6ef46e9707417d64a4398f	source-directory-byte-hash-unrelated-snapshot	NOT_ASSESSED_BY_FILE_DELTA
BACKEND	src/modules/articles/articles.contract.spec.ts	TEST_OR_E2E	SAME_CONTENT	4f61699aac5d0fb659bbaea81af3368785f9f742b3da18c8a8d2bcf8085d3209	4f61699aac5d0fb659bbaea81af3368785f9f742b3da18c8a8d2bcf8085d3209	source-directory-byte-hash-unrelated-snapshot	NOT_ASSESSED_BY_FILE_DELTA
BACKEND	src/modules/articles/articles.module.ts	BACKEND	SAME_CONTENT	85a6dec7cffbbd9d0f455c508f600031fd2a3de7a7cc741286c988776b8575ee	85a6dec7cffbbd9d0f455c508f600031fd2a3de7a7cc741286c988776b8575ee	source-directory-byte-hash-unrelated-snapshot	NOT_ASSESSED_BY_FILE_DELTA
BACKEND	src/modules/articles/seo.controller.ts	BACKEND	SAME_CONTENT	24cb9927f97b04d3ee067a14ff4b8024a36d3f5180ed4d8f8d332b62f9dcb9f5	24cb9927f97b04d3ee067a14ff4b8024a36d3f5180ed4d8f8d332b62f9dcb9f5	source-directory-byte-hash-unrelated-snapshot	NOT_ASSESSED_BY_FILE_DELTA
BACKEND	src/modules/auth/auth.controller.ts	BACKEND	SAME_CONTENT	1d22f59a807bc936f8887315d357b09665e679589c9f0eb8e43632673b40c67b	1d22f59a807bc936f8887315d357b09665e679589c9f0eb8e43632673b40c67b	source-directory-byte-hash-unrelated-snapshot	NOT_ASSESSED_BY_FILE_DELTA
BACKEND	src/modules/auth/auth.module.ts	BACKEND	SAME_CONTENT	29184afa0506114cde0dc26a5d71beed848236c797833ccc15426036716d6a6d	29184afa0506114cde0dc26a5d71beed848236c797833ccc15426036716d6a6d	source-directory-byte-hash-unrelated-snapshot	NOT_ASSESSED_BY_FILE_DELTA
BACKEND	src/modules/auth/auth.service.spec.ts	TEST_OR_E2E	MODIFIED	5a99492d77379ce07f4fab1bedb0ee0bc34f267198f9db175265482dfb99db6f	9a4d8054a5880b6b07865ac6b9a7284c299c86b7cefe46c6335557ae9a12d98c	source-directory-byte-hash-unrelated-snapshot	NOT_ASSESSED_BY_FILE_DELTA
BACKEND	src/modules/auth/auth.service.ts	BACKEND	SAME_CONTENT	0ac72c7f3e1f36ccb749f912ba8af611dcc6f189efeaf824e344d13bcfbf7a00	0ac72c7f3e1f36ccb749f912ba8af611dcc6f189efeaf824e344d13bcfbf7a00	source-directory-byte-hash-unrelated-snapshot	NOT_ASSESSED_BY_FILE_DELTA
BACKEND	src/modules/auth/device-trust.service.ts	BACKEND	SAME_CONTENT	81970784c26cac33bf9b7e7a7b222355ae2818576d955372fe3247160cc9d838	81970784c26cac33bf9b7e7a7b222355ae2818576d955372fe3247160cc9d838	source-directory-byte-hash-unrelated-snapshot	NOT_ASSESSED_BY_FILE_DELTA
BACKEND	src/modules/auth/passkey.controller.ts	BACKEND	SAME_CONTENT	78332dea9a289ad68513ecb99b2084679248cb633143ad05d8b7d94cc5923a72	78332dea9a289ad68513ecb99b2084679248cb633143ad05d8b7d94cc5923a72	source-directory-byte-hash-unrelated-snapshot	NOT_ASSESSED_BY_FILE_DELTA
BACKEND	src/modules/auth/passkey.service.ts	BACKEND	SAME_CONTENT	c9c0aad1281f4b65607e9eeff20351a5d9f42621360244b625e27466d7c3ac30	c9c0aad1281f4b65607e9eeff20351a5d9f42621360244b625e27466d7c3ac30	source-directory-byte-hash-unrelated-snapshot	NOT_ASSESSED_BY_FILE_DELTA
BACKEND	src/modules/auth/patient-web-auth.contract.spec.ts	TEST_OR_E2E	MODIFIED	6359f800e525b14457f63f321c78a2ab38b7eddba1af47711ab8be0bba31daff	2a4943f890c6b78ef544935acceff3a672bd12064382cab6076c074834fd2a2e	source-directory-byte-hash-unrelated-snapshot	NOT_ASSESSED_BY_FILE_DELTA
BACKEND	src/modules/auth/repositories/patientprofile.repository.ts	BACKEND	SAME_CONTENT	5860ac653f59f200f1a8f32df8f1589b67ddbeabecf3fb9f13ae954d52cf8a9b	5860ac653f59f200f1a8f32df8f1589b67ddbeabecf3fb9f13ae954d52cf8a9b	source-directory-byte-hash-unrelated-snapshot	NOT_ASSESSED_BY_FILE_DELTA
BACKEND	src/modules/auth/repositories/user.repository.ts	BACKEND	SAME_CONTENT	810663ec29e799517a445a91b1f0910bc5897c86ff1bea728b30feda1d5f6ca7	810663ec29e799517a445a91b1f0910bc5897c86ff1bea728b30feda1d5f6ca7	source-directory-byte-hash-unrelated-snapshot	NOT_ASSESSED_BY_FILE_DELTA
BACKEND	src/modules/auth/schemas/passkey-credential.schema.ts	BACKEND	SAME_CONTENT	6aa12874841650e1884deb629c508f5742fd13c9bb9f3aac55411238d69443ae	6aa12874841650e1884deb629c508f5742fd13c9bb9f3aac55411238d69443ae	source-directory-byte-hash-unrelated-snapshot	NOT_ASSESSED_BY_FILE_DELTA
BACKEND	src/modules/auth/schemas/trusted-device.schema.ts	BACKEND	SAME_CONTENT	258c9c9abff5b16d9e4597711863bf287ae033d006112509d483dc0fa7042894	258c9c9abff5b16d9e4597711863bf287ae033d006112509d483dc0fa7042894	source-directory-byte-hash-unrelated-snapshot	NOT_ASSESSED_BY_FILE_DELTA
BACKEND	src/modules/bans/bans.controller.ts	BACKEND	SAME_CONTENT	1f11ddd013c050ddfcdec88946e32c5e8dccec44059bc4e0064b087cee9bb16b	1f11ddd013c050ddfcdec88946e32c5e8dccec44059bc4e0064b087cee9bb16b	source-directory-byte-hash-unrelated-snapshot	NOT_ASSESSED_BY_FILE_DELTA
BACKEND	src/modules/bans/bans.middleware.ts	BACKEND	SAME_CONTENT	258718cd4e03d295e9758e5876d9fcae6f1f7f9c1a898c4ac4da9addc9146a70	258718cd4e03d295e9758e5876d9fcae6f1f7f9c1a898c4ac4da9addc9146a70	source-directory-byte-hash-unrelated-snapshot	NOT_ASSESSED_BY_FILE_DELTA
BACKEND	src/modules/bans/bans.module.ts	BACKEND	SAME_CONTENT	28b7b8af5c99f88e111c8f8340457db04bb1514b63e49754aedfd34596588644	28b7b8af5c99f88e111c8f8340457db04bb1514b63e49754aedfd34596588644	source-directory-byte-hash-unrelated-snapshot	NOT_ASSESSED_BY_FILE_DELTA
BACKEND	src/modules/bans/bans.schema.ts	BACKEND	SAME_CONTENT	40e57f20cb8401fdaec89ca4c6bb288605dd75524f583d26ecc06562080d794f	40e57f20cb8401fdaec89ca4c6bb288605dd75524f583d26ecc06562080d794f	source-directory-byte-hash-unrelated-snapshot	NOT_ASSESSED_BY_FILE_DELTA
BACKEND	src/modules/bans/bans.service.ts	BACKEND	SAME_CONTENT	7e62e9b261ed18e652b77c3b64a15d04e2d26d6d0ccc9fd725eae43744f1bcf1	7e62e9b261ed18e652b77c3b64a15d04e2d26d6d0ccc9fd725eae43744f1bcf1	source-directory-byte-hash-unrelated-snapshot	NOT_ASSESSED_BY_FILE_DELTA
BACKEND	src/modules/bans/repositories/ban.repository.ts	BACKEND	SAME_CONTENT	45986326bcb89aefe116c4fe29edb317bf011b55489af4493bc84e4c62d26cfe	45986326bcb89aefe116c4fe29edb317bf011b55489af4493bc84e4c62d26cfe	source-directory-byte-hash-unrelated-snapshot	NOT_ASSESSED_BY_FILE_DELTA
BACKEND	src/modules/billing/billing.module.ts	BACKEND	SAME_CONTENT	528248f82ef3cd58735638a1401c24d7434968d6386385dc78c672e7eb4d8b4a	528248f82ef3cd58735638a1401c24d7434968d6386385dc78c672e7eb4d8b4a	source-directory-byte-hash-unrelated-snapshot	NOT_ASSESSED_BY_FILE_DELTA
BACKEND	src/modules/billing/billing.service.ts	BACKEND	SAME_CONTENT	e80a7d7b56e18c9599c51bfb0ac5a0ee591bf34584e01248e7321b9bf457c371	e80a7d7b56e18c9599c51bfb0ac5a0ee591bf34584e01248e7321b9bf457c371	source-directory-byte-hash-unrelated-snapshot	NOT_ASSESSED_BY_FILE_DELTA
BACKEND	src/modules/billing/tests/billing-zatca.spec.ts	TEST_OR_E2E	SAME_CONTENT	74832af76d02b1c8abf4c61f8f559f76e964d6c096027d1cf5ab7dd87cfa9dc5	74832af76d02b1c8abf4c61f8f559f76e964d6c096027d1cf5ab7dd87cfa9dc5	source-directory-byte-hash-unrelated-snapshot	NOT_ASSESSED_BY_FILE_DELTA
BACKEND	src/modules/booking-flow/booking-flow.module.ts	BACKEND	SAME_CONTENT	8a509c96fecc8cf9a17f17e411f0d7b047396452238534cb14c2dc0f421b4856	8a509c96fecc8cf9a17f17e411f0d7b047396452238534cb14c2dc0f421b4856	source-directory-byte-hash-unrelated-snapshot	NOT_ASSESSED_BY_FILE_DELTA
BACKEND	src/modules/booking-flow/booking-flow.service.spec.ts	TEST_OR_E2E	SAME_CONTENT	04ee0da72d93371df0a33687f90abcbdac7c3e9b047f4aaab658cfa3b3acc07d	04ee0da72d93371df0a33687f90abcbdac7c3e9b047f4aaab658cfa3b3acc07d	source-directory-byte-hash-unrelated-snapshot	NOT_ASSESSED_BY_FILE_DELTA
BACKEND	src/modules/booking-ops/booking-ops.module.ts	BACKEND	SAME_CONTENT	71e8233e8912bdbf5f03f6b5541707bd6d7223ef2b90e37365dd99c3f6d15c69	71e8233e8912bdbf5f03f6b5541707bd6d7223ef2b90e37365dd99c3f6d15c69	source-directory-byte-hash-unrelated-snapshot	NOT_ASSESSED_BY_FILE_DELTA
BACKEND	src/modules/booking-ops/booking-ops.service.spec.ts	TEST_OR_E2E	SAME_CONTENT	d01018e90e13a9120f96481fe23dd62dcfeaa09a2c3ccef4ecc341125c5a5136	d01018e90e13a9120f96481fe23dd62dcfeaa09a2c3ccef4ecc341125c5a5136	source-directory-byte-hash-unrelated-snapshot	NOT_ASSESSED_BY_FILE_DELTA
BACKEND	src/modules/business-rules/business-rules.module.ts	BACKEND	SAME_CONTENT	60ecf4d829db664bbee5aaae62ac59fe73a9632c1d6042c163b0655fe2d61bd2	60ecf4d829db664bbee5aaae62ac59fe73a9632c1d6042c163b0655fe2d61bd2	source-directory-byte-hash-unrelated-snapshot	NOT_ASSESSED_BY_FILE_DELTA
BACKEND	src/modules/care/appointments.controller.ts	BACKEND	SAME_CONTENT	21572280834848194a38c821c9e46d4cb4229bcd94f38baa4fdd4791b312495d	21572280834848194a38c821c9e46d4cb4229bcd94f38baa4fdd4791b312495d	source-directory-byte-hash-unrelated-snapshot	NOT_ASSESSED_BY_FILE_DELTA
BACKEND	src/modules/care/appointments.dto.ts	BACKEND	SAME_CONTENT	c39b01794aa2657beaa8167cb82690913517e7b2fc2a6f3184029e87a902f179	c39b01794aa2657beaa8167cb82690913517e7b2fc2a6f3184029e87a902f179	source-directory-byte-hash-unrelated-snapshot	NOT_ASSESSED_BY_FILE_DELTA
BACKEND	src/modules/care/appointments.service.ts	BACKEND	MODIFIED	34c58aa093f1101eae4be7b312a427d35f6dba1a586b7697c337c5a6d7d41b1e	ab6da527a71765c8456056f0923572182ce698f860e4db42d26580eb7240ddfe	source-directory-byte-hash-unrelated-snapshot	NOT_ASSESSED_BY_FILE_DELTA
BACKEND	src/modules/care/care.controller.ts	BACKEND	SAME_CONTENT	e0dc089eb6b8ba4dcf836f53fcb221588fa44388b87c33c3c1bf2455d4fb9ef0	e0dc089eb6b8ba4dcf836f53fcb221588fa44388b87c33c3c1bf2455d4fb9ef0	source-directory-byte-hash-unrelated-snapshot	NOT_ASSESSED_BY_FILE_DELTA
BACKEND	src/modules/care/care.module.ts	BACKEND	SAME_CONTENT	7b6ee969236424a9887b61030f7726f376674a480caefb6006ac1db0a5b8f289	7b6ee969236424a9887b61030f7726f376674a480caefb6006ac1db0a5b8f289	source-directory-byte-hash-unrelated-snapshot	NOT_ASSESSED_BY_FILE_DELTA
BACKEND	src/modules/care/care.service.ts	BACKEND	SAME_CONTENT	0ceb45f880fbb79d18c62ebdcdad01cce262be7e8ef35218de64662a7fd2e8fd	0ceb45f880fbb79d18c62ebdcdad01cce262be7e8ef35218de64662a7fd2e8fd	source-directory-byte-hash-unrelated-snapshot	NOT_ASSESSED_BY_FILE_DELTA
BACKEND	src/modules/care/doctor-integration.controller.ts	BACKEND	SAME_CONTENT	1c8c92ebf7452dad0468c1ce477428689ae4572e57f62807c93e473ac56f1e54	1c8c92ebf7452dad0468c1ce477428689ae4572e57f62807c93e473ac56f1e54	source-directory-byte-hash-unrelated-snapshot	NOT_ASSESSED_BY_FILE_DELTA
BACKEND	src/modules/care/doctor-referrals.controller.ts	BACKEND	SAME_CONTENT	aac3f657258cf9ed1cbb3f4b8707d123ea640b8944c1b25d385ef12bff9a1741	aac3f657258cf9ed1cbb3f4b8707d123ea640b8944c1b25d385ef12bff9a1741	source-directory-byte-hash-unrelated-snapshot	NOT_ASSESSED_BY_FILE_DELTA
BACKEND	src/modules/care/repositories/appointment.repository.ts	BACKEND	SAME_CONTENT	825da535301c104bdb0872b80cec3ac3f0087776b924b0c1d06f4856536af7b7	825da535301c104bdb0872b80cec3ac3f0087776b924b0c1d06f4856536af7b7	source-directory-byte-hash-unrelated-snapshot	NOT_ASSESSED_BY_FILE_DELTA
BACKEND	src/modules/care/repositories/facility.repository.ts	BACKEND	SAME_CONTENT	0612638081341486e6cd07b80d322af01bd25d4dff98620133c6917131b40199	0612638081341486e6cd07b80d322af01bd25d4dff98620133c6917131b40199	source-directory-byte-hash-unrelated-snapshot	NOT_ASSESSED_BY_FILE_DELTA
BACKEND	src/modules/care/repositories/providerprofile.repository.ts	BACKEND	SAME_CONTENT	0e689f87af957e6c51b6015e5d9ba0882ea6707b496b4b785dc4313b490f2d82	0e689f87af957e6c51b6015e5d9ba0882ea6707b496b4b785dc4313b490f2d82	source-directory-byte-hash-unrelated-snapshot	NOT_ASSESSED_BY_FILE_DELTA
BACKEND	src/modules/care/repositories/user.repository.ts	BACKEND	SAME_CONTENT	810663ec29e799517a445a91b1f0910bc5897c86ff1bea728b30feda1d5f6ca7	810663ec29e799517a445a91b1f0910bc5897c86ff1bea728b30feda1d5f6ca7	source-directory-byte-hash-unrelated-snapshot	NOT_ASSESSED_BY_FILE_DELTA
BACKEND	src/modules/care/schemas/doctor-profile-extended.schema.ts	BACKEND	SAME_CONTENT	da44dc802e23cc85752db527ed9fe7cfebf710a5a9f69d25381fecbdbcfac98e	da44dc802e23cc85752db527ed9fe7cfebf710a5a9f69d25381fecbdbcfac98e	source-directory-byte-hash-unrelated-snapshot	NOT_ASSESSED_BY_FILE_DELTA
BACKEND	src/modules/care/schemas/encounter-record.schema.ts	BACKEND	SAME_CONTENT	ffc838f882b216183abecb862830481138c2fc211243155766d999453c067cc7	ffc838f882b216183abecb862830481138c2fc211243155766d999453c067cc7	source-directory-byte-hash-unrelated-snapshot	NOT_ASSESSED_BY_FILE_DELTA
BACKEND	src/modules/care/schemas/encounter-referrals.schema.ts	BACKEND	SAME_CONTENT	647bad6abf861649987c0805748e0b66c11cd7ff6d69dc736e655f9d10e055ff	647bad6abf861649987c0805748e0b66c11cd7ff6d69dc736e655f9d10e055ff	source-directory-byte-hash-unrelated-snapshot	NOT_ASSESSED_BY_FILE_DELTA
BACKEND	src/modules/care/slot.service.ts	BACKEND	SAME_CONTENT	09ce765fbbf1e0e1206156ef740c961dcc64f2b5f621d627d68cbfff9ffa0b3c	09ce765fbbf1e0e1206156ef740c961dcc64f2b5f621d627d68cbfff9ffa0b3c	source-directory-byte-hash-unrelated-snapshot	NOT_ASSESSED_BY_FILE_DELTA
BACKEND	src/modules/care/tests/appointments-states.spec.ts	TEST_OR_E2E	SAME_CONTENT	4aff184aec159230cdbe4dce552ace04fd7dc5293d27a108a9fa567553bc6791	4aff184aec159230cdbe4dce552ace04fd7dc5293d27a108a9fa567553bc6791	source-directory-byte-hash-unrelated-snapshot	NOT_ASSESSED_BY_FILE_DELTA
BACKEND	src/modules/care/tests/public-discovery.spec.ts	TEST_OR_E2E	SAME_CONTENT	cb5b8fcb567b3c63a9ce8205797c01e65dba934fdffeaa172594ef1680cc8229	cb5b8fcb567b3c63a9ce8205797c01e65dba934fdffeaa172594ef1680cc8229	source-directory-byte-hash-unrelated-snapshot	NOT_ASSESSED_BY_FILE_DELTA
BACKEND	src/modules/cart/cart.contract.spec.ts	TEST_OR_E2E	SAME_CONTENT	a23a17ef32e347ff543a07305b9bec24a109726d47ba7fd68a29b746f4641671	a23a17ef32e347ff543a07305b9bec24a109726d47ba7fd68a29b746f4641671	source-directory-byte-hash-unrelated-snapshot	NOT_ASSESSED_BY_FILE_DELTA
BACKEND	src/modules/cart/cart.module.ts	BACKEND	SAME_CONTENT	e217fe3b2365c3a4eccdf19d18f4abbd30882e9a22fe2c34822083fabc587feb	e217fe3b2365c3a4eccdf19d18f4abbd30882e9a22fe2c34822083fabc587feb	source-directory-byte-hash-unrelated-snapshot	NOT_ASSESSED_BY_FILE_DELTA
BACKEND	src/modules/chat/chat.contract.spec.ts	TEST_OR_E2E	SAME_CONTENT	e68b44afb783a45416b41f3df85f1d23db53b803c40d7de3fb01903a85a12120	e68b44afb783a45416b41f3df85f1d23db53b803c40d7de3fb01903a85a12120	source-directory-byte-hash-unrelated-snapshot	NOT_ASSESSED_BY_FILE_DELTA
BACKEND	src/modules/chat/chat.gateway.followup.spec.ts	TEST_OR_E2E	SAME_CONTENT	222e92ee07dbd500cd3f4590a1f7416b0fe4be16751c5c6ea95714b200244d99	222e92ee07dbd500cd3f4590a1f7416b0fe4be16751c5c6ea95714b200244d99	source-directory-byte-hash-unrelated-snapshot	NOT_ASSESSED_BY_FILE_DELTA
BACKEND	src/modules/chat/chat.gateway.ts	BACKEND	MODIFIED	9ec78a7053c1f0dd45c77cbaed3fd7782a9fd7e5fc7cbc21164e1add3c7698f3	b408dfb9e7b29f45f6783eb7b9736697eb05bde49a07382c1dbb728a6054be75	source-directory-byte-hash-unrelated-snapshot	NOT_ASSESSED_BY_FILE_DELTA
BACKEND	src/modules/chat/chat.module.ts	BACKEND	SAME_CONTENT	0e1d49bb32aef9cd4aa2976eef29f1bc91af330ce827f955257614bb0d461496	0e1d49bb32aef9cd4aa2976eef29f1bc91af330ce827f955257614bb0d461496	source-directory-byte-hash-unrelated-snapshot	NOT_ASSESSED_BY_FILE_DELTA
BACKEND	src/modules/chat/chat.schemas.ts	BACKEND	SAME_CONTENT	edf9b7854b229aa70a3d5598072a4972ef9b7f6f6840a3f87bacc4eae2abf0c0	edf9b7854b229aa70a3d5598072a4972ef9b7f6f6840a3f87bacc4eae2abf0c0	source-directory-byte-hash-unrelated-snapshot	NOT_ASSESSED_BY_FILE_DELTA
BACKEND	src/modules/chat/chat.service.ts	BACKEND	SAME_CONTENT	d9732ab2511d9ddf64e90e8805fd59a8d61be45c86b99ee504590413af8ae202	d9732ab2511d9ddf64e90e8805fd59a8d61be45c86b99ee504590413af8ae202	source-directory-byte-hash-unrelated-snapshot	NOT_ASSESSED_BY_FILE_DELTA
BACKEND	src/modules/chat/guards/chat-gateway.guard.ts	BACKEND	SAME_CONTENT	ff57104949230d59583c9c6dfe6f78a84506d4509e4e49a1cf38f8f520928ae2	ff57104949230d59583c9c6dfe6f78a84506d4509e4e49a1cf38f8f520928ae2	source-directory-byte-hash-unrelated-snapshot	NOT_ASSESSED_BY_FILE_DELTA
BACKEND	src/modules/chat/schedulers/chat-lifecycle.scheduler.ts	BACKEND	SAME_CONTENT	a52e998bf83849e6814a41fd013a19638561bea22f759f72756addd114438ae6	a52e998bf83849e6814a41fd013a19638561bea22f759f72756addd114438ae6	source-directory-byte-hash-unrelated-snapshot	NOT_ASSESSED_BY_FILE_DELTA
BACKEND	src/modules/community/community.controller.ts	BACKEND	SAME_CONTENT	c327a88dddf78957b916cfad3ec897b8c75cde9ddb5dea281696c0fd9e2e69f4	c327a88dddf78957b916cfad3ec897b8c75cde9ddb5dea281696c0fd9e2e69f4	source-directory-byte-hash-unrelated-snapshot	NOT_ASSESSED_BY_FILE_DELTA
BACKEND	src/modules/community/community.module.ts	BACKEND	SAME_CONTENT	63a3c8f09841e8ec62e590d439cc8df32629bf0224fe827c12e067f13efeb51a	63a3c8f09841e8ec62e590d439cc8df32629bf0224fe827c12e067f13efeb51a	source-directory-byte-hash-unrelated-snapshot	NOT_ASSESSED_BY_FILE_DELTA
BACKEND	src/modules/community/community.service.spec.ts	TEST_OR_E2E	SAME_CONTENT	078d1fc4f3dc2fc7f69e0b74fcc69fa4b2e55eb53285d029c54678fe15062b9e	078d1fc4f3dc2fc7f69e0b74fcc69fa4b2e55eb53285d029c54678fe15062b9e	source-directory-byte-hash-unrelated-snapshot	NOT_ASSESSED_BY_FILE_DELTA
BACKEND	src/modules/community/community.service.ts	BACKEND	SAME_CONTENT	eadeea6499e8b9379c353fe762debd9d5604102184c5a397951e64f7e7bf8c6e	eadeea6499e8b9379c353fe762debd9d5604102184c5a397951e64f7e7bf8c6e	source-directory-byte-hash-unrelated-snapshot	NOT_ASSESSED_BY_FILE_DELTA
BACKEND	src/modules/community/repositories/livesession.repository.ts	BACKEND	SAME_CONTENT	cfd6403a84e1cd606dc844da3ebc8189e732fedd02173fe4486753da4105aff4	cfd6403a84e1cd606dc844da3ebc8189e732fedd02173fe4486753da4105aff4	source-directory-byte-hash-unrelated-snapshot	NOT_ASSESSED_BY_FILE_DELTA
BACKEND	src/modules/community/repositories/post.repository.ts	BACKEND	SAME_CONTENT	9593120e6085f24f9c942836788d2adc6ddabb05ee2d897131115f43d208fb65	9593120e6085f24f9c942836788d2adc6ddabb05ee2d897131115f43d208fb65	source-directory-byte-hash-unrelated-snapshot	NOT_ASSESSED_BY_FILE_DELTA
BACKEND	src/modules/community/repositories/postcomment.repository.ts	BACKEND	SAME_CONTENT	da49be196581769e978a99079e676b0ca046c63abaabada8dddb2c6a863f3551	da49be196581769e978a99079e676b0ca046c63abaabada8dddb2c6a863f3551	source-directory-byte-hash-unrelated-snapshot	NOT_ASSESSED_BY_FILE_DELTA
BACKEND	src/modules/compat/admin-nursing-containment.spec.ts	TEST_OR_E2E	SAME_CONTENT	b73431ce733b9789151766cb4bdabd93669432f0bd6cdce4540ad854bee1d6fd	b73431ce733b9789151766cb4bdabd93669432f0bd6cdce4540ad854bee1d6fd	source-directory-byte-hash-unrelated-snapshot	NOT_ASSESSED_BY_FILE_DELTA
BACKEND	src/modules/compat/admin-spa.module.ts	BACKEND	SAME_CONTENT	1ecb2753b050e7192d84191b7aef420457a5feae6600f9186d22104f5fa09e5e	1ecb2753b050e7192d84191b7aef420457a5feae6600f9186d22104f5fa09e5e	source-directory-byte-hash-unrelated-snapshot	NOT_ASSESSED_BY_FILE_DELTA
BACKEND	src/modules/compat/compat-family-chat.spec.ts	TEST_OR_E2E	SAME_CONTENT	22c321fcce19ce360b45375b19b5881df594496dfb19a1a448055dafeb82299f	22c321fcce19ce360b45375b19b5881df594496dfb19a1a448055dafeb82299f	source-directory-byte-hash-unrelated-snapshot	NOT_ASSESSED_BY_FILE_DELTA
BACKEND	src/modules/compat/compat.module.ts	BACKEND	MODIFIED	568112a93e8ce1261814676b911d4f09e904f7613621e6cf9a59b3b363614766	a2444e4eb9b6b9819dc0869a7f25c0b9751a9af97961d99f82826338db70c980	source-directory-byte-hash-unrelated-snapshot	NOT_ASSESSED_BY_FILE_DELTA
BACKEND	src/modules/config/config.controller.ts	BACKEND	SAME_CONTENT	682f474ca475d96df9a41a9f27ea2d341bc411ad4cc36aee47ea403b555e6e5b	682f474ca475d96df9a41a9f27ea2d341bc411ad4cc36aee47ea403b555e6e5b	source-directory-byte-hash-unrelated-snapshot	NOT_ASSESSED_BY_FILE_DELTA
BACKEND	src/modules/config/config.module.ts	BACKEND	SAME_CONTENT	2edf191916f5e560cde98f0f122d761646e19243de33c1e07ed952716c0e8662	2edf191916f5e560cde98f0f122d761646e19243de33c1e07ed952716c0e8662	source-directory-byte-hash-unrelated-snapshot	NOT_ASSESSED_BY_FILE_DELTA
BACKEND	src/modules/config/config.service.ts	BACKEND	SAME_CONTENT	ce3ed3b99d92d20619954657cc267d67e2249debaf647244d7bc8d02d8454d6e	ce3ed3b99d92d20619954657cc267d67e2249debaf647244d7bc8d02d8454d6e	source-directory-byte-hash-unrelated-snapshot	NOT_ASSESSED_BY_FILE_DELTA
BACKEND	src/modules/consistency/consistency.module.ts	BACKEND	SAME_CONTENT	755f14d5dda55065b8985eb1bf22e176e63f7735ed45d57c2293e3d60af62fa4	755f14d5dda55065b8985eb1bf22e176e63f7735ed45d57c2293e3d60af62fa4	source-directory-byte-hash-unrelated-snapshot	NOT_ASSESSED_BY_FILE_DELTA
BACKEND	src/modules/coturn/coturn.controller.ts	BACKEND	SAME_CONTENT	9ee3ca191c09935d2015c37de8dc85d57fea5fc3bc7bf3adf0bef0652ecb277d	9ee3ca191c09935d2015c37de8dc85d57fea5fc3bc7bf3adf0bef0652ecb277d	source-directory-byte-hash-unrelated-snapshot	NOT_ASSESSED_BY_FILE_DELTA
BACKEND	src/modules/coturn/coturn.module.ts	BACKEND	SAME_CONTENT	852f1a11f19d469ef13915ed45e081375d98c4441051743095004399ee4aad26	852f1a11f19d469ef13915ed45e081375d98c4441051743095004399ee4aad26	source-directory-byte-hash-unrelated-snapshot	NOT_ASSESSED_BY_FILE_DELTA
BACKEND	src/modules/coturn/coturn.service.ts	BACKEND	SAME_CONTENT	28ec2d30f4057a4bf19fa939a7dae56a5af0f543d4657ad1f7105af544e65049	28ec2d30f4057a4bf19fa939a7dae56a5af0f543d4657ad1f7105af544e65049	source-directory-byte-hash-unrelated-snapshot	NOT_ASSESSED_BY_FILE_DELTA
BACKEND	src/modules/custom-services/custom-services.controller.ts	BACKEND	SAME_CONTENT	09d9e53f729542408a3d98afbf1df6ee8da179d3c783ea2f3c3152d7ab95f927	09d9e53f729542408a3d98afbf1df6ee8da179d3c783ea2f3c3152d7ab95f927	source-directory-byte-hash-unrelated-snapshot	NOT_ASSESSED_BY_FILE_DELTA
BACKEND	src/modules/custom-services/custom-services.module.ts	BACKEND	SAME_CONTENT	d3aedfcc53f3b0654d125e84f06d5c6d65c802365ed70337991ecf01432b22df	d3aedfcc53f3b0654d125e84f06d5c6d65c802365ed70337991ecf01432b22df	source-directory-byte-hash-unrelated-snapshot	NOT_ASSESSED_BY_FILE_DELTA
BACKEND	src/modules/custom-services/custom-services.service.ts	BACKEND	SAME_CONTENT	092110a29e3151898bcf19702f3ed0ef9e8f0667222482ad42883f098f72f21e	092110a29e3151898bcf19702f3ed0ef9e8f0667222482ad42883f098f72f21e	source-directory-byte-hash-unrelated-snapshot	NOT_ASSESSED_BY_FILE_DELTA
BACKEND	src/modules/custom-services/repositories/customservicerequest.repository.ts	BACKEND	SAME_CONTENT	4b6fc43868e89edc95917c8571742ba113dce79d118f643e919076d5486ebc9b	4b6fc43868e89edc95917c8571742ba113dce79d118f643e919076d5486ebc9b	source-directory-byte-hash-unrelated-snapshot	NOT_ASSESSED_BY_FILE_DELTA
BACKEND	src/modules/device-trust/device-trust.module.ts	BACKEND	SAME_CONTENT	ea43e90bb85b9d32b39f1ebfe1b71146ef93f8fc9a7afaf98aba6c5065ae4c03	ea43e90bb85b9d32b39f1ebfe1b71146ef93f8fc9a7afaf98aba6c5065ae4c03	source-directory-byte-hash-unrelated-snapshot	NOT_ASSESSED_BY_FILE_DELTA
BACKEND	src/modules/doctors/doctors.module.ts	BACKEND	SAME_CONTENT	b25f3d501388beece5b4bc9b0677b3c98353cb2d1cb5b92f1b74c2edf302c0af	b25f3d501388beece5b4bc9b0677b3c98353cb2d1cb5b92f1b74c2edf302c0af	source-directory-byte-hash-unrelated-snapshot	NOT_ASSESSED_BY_FILE_DELTA
BACKEND	src/modules/doctors/doctors.schemas.ts	BACKEND	SAME_CONTENT	38865b22a1ecd52856f48d248520ef114cf71578a278f0b23c17a3a45d0ecf0d	38865b22a1ecd52856f48d248520ef114cf71578a278f0b23c17a3a45d0ecf0d	source-directory-byte-hash-unrelated-snapshot	NOT_ASSESSED_BY_FILE_DELTA
BACKEND	src/modules/drivers/drivers.controller.ts	BACKEND	SAME_CONTENT	300c0abb6a196595e506affaa17765e55af164cc66eeb99df4174ea537641e9f	300c0abb6a196595e506affaa17765e55af164cc66eeb99df4174ea537641e9f	source-directory-byte-hash-unrelated-snapshot	NOT_ASSESSED_BY_FILE_DELTA
BACKEND	src/modules/drivers/drivers.module.ts	BACKEND	SAME_CONTENT	4c8bbc7e2f65abf0f5c5a01f897f32ddba723834c60421cf33f33dd39d27a947	4c8bbc7e2f65abf0f5c5a01f897f32ddba723834c60421cf33f33dd39d27a947	source-directory-byte-hash-unrelated-snapshot	NOT_ASSESSED_BY_FILE_DELTA
BACKEND	src/modules/drivers/drivers.service.ts	BACKEND	SAME_CONTENT	a545df6f4a9fc30dcd853bbec84349772c0463d6e19a6a1192dcc3e6f0b38dc2	a545df6f4a9fc30dcd853bbec84349772c0463d6e19a6a1192dcc3e6f0b38dc2	source-directory-byte-hash-unrelated-snapshot	NOT_ASSESSED_BY_FILE_DELTA
BACKEND	src/modules/drivers/repositories/delivery.repository.ts	BACKEND	SAME_CONTENT	67115431cb732cc71b3e4ef36cb4fad8d24ae2849cfcf7da4515be5861fa27b9	67115431cb732cc71b3e4ef36cb4fad8d24ae2849cfcf7da4515be5861fa27b9	source-directory-byte-hash-unrelated-snapshot	NOT_ASSESSED_BY_FILE_DELTA
BACKEND	src/modules/drivers/repositories/drivershift.repository.ts	BACKEND	SAME_CONTENT	8f5a022cbba363511c3e6e29004c0dc07061b723fbf17a6ecbd8239edc297adc	8f5a022cbba363511c3e6e29004c0dc07061b723fbf17a6ecbd8239edc297adc	source-directory-byte-hash-unrelated-snapshot	NOT_ASSESSED_BY_FILE_DELTA
BACKEND	src/modules/drivers/repositories/order.repository.ts	BACKEND	SAME_CONTENT	17033cbe1be9edd2efec6aada595c57abd36c931d76a7aac3d19d254da39cec0	17033cbe1be9edd2efec6aada595c57abd36c931d76a7aac3d19d254da39cec0	source-directory-byte-hash-unrelated-snapshot	NOT_ASSESSED_BY_FILE_DELTA
BACKEND	src/modules/drivers/repositories/user.repository.ts	BACKEND	SAME_CONTENT	810663ec29e799517a445a91b1f0910bc5897c86ff1bea728b30feda1d5f6ca7	810663ec29e799517a445a91b1f0910bc5897c86ff1bea728b30feda1d5f6ca7	source-directory-byte-hash-unrelated-snapshot	NOT_ASSESSED_BY_FILE_DELTA
BACKEND	src/modules/emergency/ambulance-fleet.controller.ts	BACKEND	SAME_CONTENT	9e608787700b313021ffb1e6ef01efdeb6172f97550377903271d45a6432ac97	9e608787700b313021ffb1e6ef01efdeb6172f97550377903271d45a6432ac97	source-directory-byte-hash-unrelated-snapshot	NOT_ASSESSED_BY_FILE_DELTA
BACKEND	src/modules/emergency/emergency.admin-containment.spec.ts	TEST_OR_E2E	SAME_CONTENT	d93dfca0a14692e9084d506e84e1fcb5b8118e7a944dcaeae20daaf744e717d7	d93dfca0a14692e9084d506e84e1fcb5b8118e7a944dcaeae20daaf744e717d7	source-directory-byte-hash-unrelated-snapshot	NOT_ASSESSED_BY_FILE_DELTA
BACKEND	src/modules/emergency/emergency.controller.ts	BACKEND	SAME_CONTENT	3d80b87dea0cfdc8e2cb92eb831a2daf9268ce507be846d3449f79a1fe597f34	3d80b87dea0cfdc8e2cb92eb831a2daf9268ce507be846d3449f79a1fe597f34	source-directory-byte-hash-unrelated-snapshot	NOT_ASSESSED_BY_FILE_DELTA
BACKEND	src/modules/emergency/emergency.module.ts	BACKEND	SAME_CONTENT	9999697beda92474fb7d865e5829c06caee8e303e624ee4a40a3ff519df0cd62	9999697beda92474fb7d865e5829c06caee8e303e624ee4a40a3ff519df0cd62	source-directory-byte-hash-unrelated-snapshot	NOT_ASSESSED_BY_FILE_DELTA
BACKEND	src/modules/emergency/emergency.service.ts	BACKEND	SAME_CONTENT	e83335608c838a67c51b024152e19196776de4c95d6d4c562b3f8631b154d97a	e83335608c838a67c51b024152e19196776de4c95d6d4c562b3f8631b154d97a	source-directory-byte-hash-unrelated-snapshot	NOT_ASSESSED_BY_FILE_DELTA
BACKEND	src/modules/emergency/emergency.service.vehicle-integrity.spec.ts	TEST_OR_E2E	SAME_CONTENT	fd209b15e3158460ae5d378beee1b04ff34617e5160f98aefda701b7028820dc	fd209b15e3158460ae5d378beee1b04ff34617e5160f98aefda701b7028820dc	source-directory-byte-hash-unrelated-snapshot	NOT_ASSESSED_BY_FILE_DELTA
BACKEND	src/modules/emergency/repositories/emergencyrequest.repository.ts	BACKEND	SAME_CONTENT	578e6f3ba9f059c1630eaecbf803c9633c23724983ec9fdc9a5b291c1382b1e2	578e6f3ba9f059c1630eaecbf803c9633c23724983ec9fdc9a5b291c1382b1e2	source-directory-byte-hash-unrelated-snapshot	NOT_ASSESSED_BY_FILE_DELTA
BACKEND	src/modules/event-reliability/event-reliability.module.ts	BACKEND	SAME_CONTENT	0d7349e4fa082286ec1555ba99755d819615b52560af9edc7014eb8a2b013624	0d7349e4fa082286ec1555ba99755d819615b52560af9edc7014eb8a2b013624	source-directory-byte-hash-unrelated-snapshot	NOT_ASSESSED_BY_FILE_DELTA
BACKEND	src/modules/events/catalog-publication.service.spec.ts	TEST_OR_E2E	SAME_CONTENT	2994dac9f4d7bc2b5c9829ba695421a8424e337eb9e284f0adbc06b1adf00838	2994dac9f4d7bc2b5c9829ba695421a8424e337eb9e284f0adbc06b1adf00838	source-directory-byte-hash-unrelated-snapshot	NOT_ASSESSED_BY_FILE_DELTA
BACKEND	src/modules/events/catalog-publication.service.ts	BACKEND	SAME_CONTENT	657d4be7048da776981a5c867c53ab699de69199f1595365cc81596c4d124e54	657d4be7048da776981a5c867c53ab699de69199f1595365cc81596c4d124e54	source-directory-byte-hash-unrelated-snapshot	NOT_ASSESSED_BY_FILE_DELTA
BACKEND	src/modules/events/event-bus.service.spec.ts	TEST_OR_E2E	SAME_CONTENT	0b12a0cc89ca3fbb65578175c8d71dffca9428f9cd28ba150f8179e169cf2dba	0b12a0cc89ca3fbb65578175c8d71dffca9428f9cd28ba150f8179e169cf2dba	source-directory-byte-hash-unrelated-snapshot	NOT_ASSESSED_BY_FILE_DELTA
BACKEND	src/modules/events/event-bus.service.ts	BACKEND	SAME_CONTENT	e1c598558b0e7519598ba057d05531bde4bb9039b14bb049bbf40068a43a2dfa	e1c598558b0e7519598ba057d05531bde4bb9039b14bb049bbf40068a43a2dfa	source-directory-byte-hash-unrelated-snapshot	NOT_ASSESSED_BY_FILE_DELTA
BACKEND	src/modules/events/events.controllers.ts	BACKEND	SAME_CONTENT	1f78b3d2cc884107160137e6f53fee2d78986c385ddaa06ead0da0f4de1d62a5	1f78b3d2cc884107160137e6f53fee2d78986c385ddaa06ead0da0f4de1d62a5	source-directory-byte-hash-unrelated-snapshot	NOT_ASSESSED_BY_FILE_DELTA
BACKEND	src/modules/events/events.module.ts	BACKEND	SAME_CONTENT	d0d9854bb46fb28590de5871e30440a6e94f2b2c03f56e812f0b962ded20e3ef	d0d9854bb46fb28590de5871e30440a6e94f2b2c03f56e812f0b962ded20e3ef	source-directory-byte-hash-unrelated-snapshot	NOT_ASSESSED_BY_FILE_DELTA
BACKEND	src/modules/events/repositories/systemevent.repository.ts	BACKEND	SAME_CONTENT	c773c8e7418c2245ad4e6402b39b3cea2c84aba7ed38f3b59950d8214e79a8ab	c773c8e7418c2245ad4e6402b39b3cea2c84aba7ed38f3b59950d8214e79a8ab	source-directory-byte-hash-unrelated-snapshot	NOT_ASSESSED_BY_FILE_DELTA
BACKEND	src/modules/events/system-event.schema.ts	BACKEND	SAME_CONTENT	83b2eb33076aaf9002752f64762b49ed8ea88cb97408d4cc78e1370a10364261	83b2eb33076aaf9002752f64762b49ed8ea88cb97408d4cc78e1370a10364261	source-directory-byte-hash-unrelated-snapshot	NOT_ASSESSED_BY_FILE_DELTA
BACKEND	src/modules/export/export.controller.ts	BACKEND	SAME_CONTENT	cb86f9228ccc3e6f8b1de6a97e54a229274f8ae66b37457245e23bce4f3f9795	cb86f9228ccc3e6f8b1de6a97e54a229274f8ae66b37457245e23bce4f3f9795	source-directory-byte-hash-unrelated-snapshot	NOT_ASSESSED_BY_FILE_DELTA
BACKEND	src/modules/export/export.module.ts	BACKEND	SAME_CONTENT	5fa4a13fa09465ba26ea3851755a05d91733548aa065a86eb9ed7f4827ca05a9	5fa4a13fa09465ba26ea3851755a05d91733548aa065a86eb9ed7f4827ca05a9	source-directory-byte-hash-unrelated-snapshot	NOT_ASSESSED_BY_FILE_DELTA
BACKEND	src/modules/export/export.service.ts	BACKEND	SAME_CONTENT	a645e4bda8c3aef8b22534994a1ea97f1a6776af7b202e0442cf66e9e6ee28a4	a645e4bda8c3aef8b22534994a1ea97f1a6776af7b202e0442cf66e9e6ee28a4	source-directory-byte-hash-unrelated-snapshot	NOT_ASSESSED_BY_FILE_DELTA
BACKEND	src/modules/facility-ops/facility-ops.module.ts	BACKEND	MODIFIED	9203cc243203a81d9b03201f1d11a063b180be1cad8f7abec49494d862fba386	a9a83f43a1749c1ac6743f672302b458148bbbd663893884201b2948098d71a3	source-directory-byte-hash-unrelated-snapshot	NOT_ASSESSED_BY_FILE_DELTA
BACKEND	src/modules/facility-ops/facility-ops.service.spec.ts	TEST_OR_E2E	SAME_CONTENT	339f3b30072ba9017e9f964031514bfeb235dbf129f54ad69a6973884176b624	339f3b30072ba9017e9f964031514bfeb235dbf129f54ad69a6973884176b624	source-directory-byte-hash-unrelated-snapshot	NOT_ASSESSED_BY_FILE_DELTA
BACKEND	src/modules/family/family.controller.ts	BACKEND	SAME_CONTENT	e6dcd1a678a959f2833fa22ef1d3c9b705282eeaef164f95fce6667faf902b83	e6dcd1a678a959f2833fa22ef1d3c9b705282eeaef164f95fce6667faf902b83	source-directory-byte-hash-unrelated-snapshot	NOT_ASSESSED_BY_FILE_DELTA
BACKEND	src/modules/family/family.module.ts	BACKEND	SAME_CONTENT	cf063b4f1347d928a1f83bc603f74ddb1a58ffa986c098a522fedb43e276df14	cf063b4f1347d928a1f83bc603f74ddb1a58ffa986c098a522fedb43e276df14	source-directory-byte-hash-unrelated-snapshot	NOT_ASSESSED_BY_FILE_DELTA
BACKEND	src/modules/family/family.service.spec.ts	TEST_OR_E2E	SAME_CONTENT	99f8f84dce33d16f5d51e7e0e16177785631429c9f8a15d287e065ddffe7ac1a	99f8f84dce33d16f5d51e7e0e16177785631429c9f8a15d287e065ddffe7ac1a	source-directory-byte-hash-unrelated-snapshot	NOT_ASSESSED_BY_FILE_DELTA
BACKEND	src/modules/family/family.service.ts	BACKEND	SAME_CONTENT	8ee12cdfe5a775de9fbf315e9a46d9b0204f78ddeff860ced230fea92c3bf957	8ee12cdfe5a775de9fbf315e9a46d9b0204f78ddeff860ced230fea92c3bf957	source-directory-byte-hash-unrelated-snapshot	NOT_ASSESSED_BY_FILE_DELTA
BACKEND	src/modules/family/repositories/familygroup.repository.ts	BACKEND	SAME_CONTENT	941b003ef350a42e0935978ec1c66384a17658448398c147412e340c291d3fec	941b003ef350a42e0935978ec1c66384a17658448398c147412e340c291d3fec	source-directory-byte-hash-unrelated-snapshot	NOT_ASSESSED_BY_FILE_DELTA
BACKEND	src/modules/family/repositories/familypermissionrequest.repository.ts	BACKEND	SAME_CONTENT	869b1b60a3e06bd2fe3dcd6891daee98e35f08f4a1816912e9c166cf7cfd4fc6	869b1b60a3e06bd2fe3dcd6891daee98e35f08f4a1816912e9c166cf7cfd4fc6	source-directory-byte-hash-unrelated-snapshot	NOT_ASSESSED_BY_FILE_DELTA
BACKEND	src/modules/family/repositories/sharedcalendarevent.repository.ts	BACKEND	SAME_CONTENT	d82be0ec5f92d435d33ea246e5638040dc6bc853af1081d6b2b62f060d382a33	d82be0ec5f92d435d33ea246e5638040dc6bc853af1081d6b2b62f060d382a33	source-directory-byte-hash-unrelated-snapshot	NOT_ASSESSED_BY_FILE_DELTA
BACKEND	src/modules/feature-flags/feature-flag.schema.ts	BACKEND	SAME_CONTENT	e0e7026d6e622dcdd08696f42e25170388bc801732b0c415d4f561096fad5524	e0e7026d6e622dcdd08696f42e25170388bc801732b0c415d4f561096fad5524	source-directory-byte-hash-unrelated-snapshot	NOT_ASSESSED_BY_FILE_DELTA
BACKEND	src/modules/feature-flags/feature-flags.controller.ts	BACKEND	SAME_CONTENT	db2a40143cdc0c14e849030b328bab4585de09cca2c2439347fd2198219e1758	db2a40143cdc0c14e849030b328bab4585de09cca2c2439347fd2198219e1758	source-directory-byte-hash-unrelated-snapshot	NOT_ASSESSED_BY_FILE_DELTA
BACKEND	src/modules/feature-flags/feature-flags.module.ts	BACKEND	SAME_CONTENT	b4deb1236068df8fe641d340d7d4ab1833f15944b83a88233546c1983c68217e	b4deb1236068df8fe641d340d7d4ab1833f15944b83a88233546c1983c68217e	source-directory-byte-hash-unrelated-snapshot	NOT_ASSESSED_BY_FILE_DELTA
BACKEND	src/modules/feature-flags/feature-flags.service.ts	BACKEND	SAME_CONTENT	e2ddf7ee4e65ccb9eae8c8de2866134e222c98a820004e578cfd0572ea8710f6	e2ddf7ee4e65ccb9eae8c8de2866134e222c98a820004e578cfd0572ea8710f6	source-directory-byte-hash-unrelated-snapshot	NOT_ASSESSED_BY_FILE_DELTA
BACKEND	src/modules/feature-flags/repositories/featureflag.repository.ts	BACKEND	SAME_CONTENT	8ebb367516ab6b53b294c896fe1d54cdfca693f5d10d0884360edc355a9b7899	8ebb367516ab6b53b294c896fe1d54cdfca693f5d10d0884360edc355a9b7899	source-directory-byte-hash-unrelated-snapshot	NOT_ASSESSED_BY_FILE_DELTA
BACKEND	src/modules/finance-engine/finance-engine.module.ts	BACKEND	SAME_CONTENT	ab7da8cf00b587fc715fa87357487be70d6862c96984174f1cd11de43a74c5b6	ab7da8cf00b587fc715fa87357487be70d6862c96984174f1cd11de43a74c5b6	source-directory-byte-hash-unrelated-snapshot	NOT_ASSESSED_BY_FILE_DELTA
BACKEND	src/modules/health/health-dashboard.controller.ts	BACKEND	SAME_CONTENT	472d9477cd9ebfb4016a4ae4c190d1886a238b911864accf20dc45b9e0dd2067	472d9477cd9ebfb4016a4ae4c190d1886a238b911864accf20dc45b9e0dd2067	source-directory-byte-hash-unrelated-snapshot	NOT_ASSESSED_BY_FILE_DELTA
BACKEND	src/modules/health/health.controller.ts	BACKEND	MODIFIED	b6a0badcba36bcd6e79d90fa23ee9afeddd03a2d9cea93ec270dcbb5390b51ec	1f116fb2d72d4d28e98003eaa9f6e3dd219206e8f410acf20f6849b346a6dafd	source-directory-byte-hash-unrelated-snapshot	NOT_ASSESSED_BY_FILE_DELTA
BACKEND	src/modules/health/health.module.ts	BACKEND	SAME_CONTENT	f4d0a8dc10da52680083316c376e8d00e5fe6774b45aef7b347654f10a3de157	f4d0a8dc10da52680083316c376e8d00e5fe6774b45aef7b347654f10a3de157	source-directory-byte-hash-unrelated-snapshot	NOT_ASSESSED_BY_FILE_DELTA
BACKEND	src/modules/health/health.service.spec.ts	TEST_OR_E2E	SAME_CONTENT	900d80fd74e0a902aa3ad1a85120bdcbe73ce2785586cf58fbbe63b48da13417	900d80fd74e0a902aa3ad1a85120bdcbe73ce2785586cf58fbbe63b48da13417	source-directory-byte-hash-unrelated-snapshot	NOT_ASSESSED_BY_FILE_DELTA
BACKEND	src/modules/health/health.service.ts	BACKEND	MODIFIED	ba5a170df8428ee865f1f76e9b228ec3b7b5fa8a767f146e008f270b8ee879ea	e833a8a966afc8717dbe70ea6672be87e9de7fb2e07b615320064a754843028d	source-directory-byte-hash-unrelated-snapshot	NOT_ASSESSED_BY_FILE_DELTA
BACKEND	src/modules/health/repositories/medicationreminder.repository.ts	BACKEND	SAME_CONTENT	6a485cf0e83b88f559b63ae4e75a57b92f9c401ee16c2106bd064804e68eff75	6a485cf0e83b88f559b63ae4e75a57b92f9c401ee16c2106bd064804e68eff75	source-directory-byte-hash-unrelated-snapshot	NOT_ASSESSED_BY_FILE_DELTA
BACKEND	src/modules/health/repositories/sleepreading.repository.ts	BACKEND	SAME_CONTENT	8b1d3794e2ca4cfb182be485f57215b2fb8a6775a89550844c5eda21badc325a	8b1d3794e2ca4cfb182be485f57215b2fb8a6775a89550844c5eda21badc325a	source-directory-byte-hash-unrelated-snapshot	NOT_ASSESSED_BY_FILE_DELTA
BACKEND	src/modules/health/repositories/vitalreading.repository.ts	BACKEND	SAME_CONTENT	20c179bc71293c8890c86e3d4c070e3e446372f7aca69dff3e0d6a0f89dc1f09	20c179bc71293c8890c86e3d4c070e3e446372f7aca69dff3e0d6a0f89dc1f09	source-directory-byte-hash-unrelated-snapshot	NOT_ASSESSED_BY_FILE_DELTA
BACKEND	src/modules/home-care-compat/home-care-compat.controller.spec.ts	TEST_OR_E2E	SAME_CONTENT	ad2ac086ec14df8e06f0b0e604bdef589ad34d28a4a5452ddbe73f964c78145d	ad2ac086ec14df8e06f0b0e604bdef589ad34d28a4a5452ddbe73f964c78145d	source-directory-byte-hash-unrelated-snapshot	NOT_ASSESSED_BY_FILE_DELTA
BACKEND	src/modules/home-care-compat/home-care-compat.module.ts	BACKEND	MODIFIED	b695edccf37d3e82f97711e6b020032ddb08598cea074c97aa39b4e2f8ec8971	84b952d426c350fff0b1b6b15d637f4d055cba0fae7b4bc2314a6572e5ff859e	source-directory-byte-hash-unrelated-snapshot	NOT_ASSESSED_BY_FILE_DELTA
BACKEND	src/modules/home-care/controllers/home-care-tracking.controller.spec.ts	TEST_OR_E2E	SAME_CONTENT	d8455ff45437a0d7b8ac67767612cd3dd29ce728e58b2415600176f032aed4f2	d8455ff45437a0d7b8ac67767612cd3dd29ce728e58b2415600176f032aed4f2	source-directory-byte-hash-unrelated-snapshot	NOT_ASSESSED_BY_FILE_DELTA
BACKEND	src/modules/home-care/controllers/home-care-tracking.controller.ts	BACKEND	SAME_CONTENT	9249781e53e0bfd4da8a30209667d76281913b10c2e27ce200f3877df513af41	9249781e53e0bfd4da8a30209667d76281913b10c2e27ce200f3877df513af41	source-directory-byte-hash-unrelated-snapshot	NOT_ASSESSED_BY_FILE_DELTA
BACKEND	src/modules/home-care/home-care.contract.spec.ts	TEST_OR_E2E	SAME_CONTENT	4030c209393653ddca5327851bde414dc8fd2a0fcd285f61dd2255f9cb5b4ade	4030c209393653ddca5327851bde414dc8fd2a0fcd285f61dd2255f9cb5b4ade	source-directory-byte-hash-unrelated-snapshot	NOT_ASSESSED_BY_FILE_DELTA
BACKEND	src/modules/home-care/home-care.controller.spec.ts	TEST_OR_E2E	SAME_CONTENT	37d82e0169bdfcef1100c14c0d417f0ec39d0da9f09a86b61ee8fd84bd4ba356	37d82e0169bdfcef1100c14c0d417f0ec39d0da9f09a86b61ee8fd84bd4ba356	source-directory-byte-hash-unrelated-snapshot	NOT_ASSESSED_BY_FILE_DELTA
BACKEND	src/modules/home-care/home-care.controller.ts	BACKEND	SAME_CONTENT	3aa7eae42652267c4780474c5f4647af9dd89efc54043e4c59829959c7fb44ad	3aa7eae42652267c4780474c5f4647af9dd89efc54043e4c59829959c7fb44ad	source-directory-byte-hash-unrelated-snapshot	NOT_ASSESSED_BY_FILE_DELTA
BACKEND	src/modules/home-care/home-care.module.ts	BACKEND	SAME_CONTENT	9793b40a7f18e321f01b5539311ebb1adaf87dbf2f80771ca796be8d7de1802b	9793b40a7f18e321f01b5539311ebb1adaf87dbf2f80771ca796be8d7de1802b	source-directory-byte-hash-unrelated-snapshot	NOT_ASSESSED_BY_FILE_DELTA
BACKEND	src/modules/home-care/home-care.seed.ts	BACKEND	SAME_CONTENT	9125cfc354c3423a759ac2ff7e33f3cc3c0e81dfcabaa4ddc9ffe093d6f0ea20	9125cfc354c3423a759ac2ff7e33f3cc3c0e81dfcabaa4ddc9ffe093d6f0ea20	source-directory-byte-hash-unrelated-snapshot	NOT_ASSESSED_BY_FILE_DELTA
BACKEND	src/modules/home-care/home-care.service.spec.ts	TEST_OR_E2E	SAME_CONTENT	50635cc16f2d45d9d178b427fc3dca95366a09ad15362a0ee170def8b05ae837	50635cc16f2d45d9d178b427fc3dca95366a09ad15362a0ee170def8b05ae837	source-directory-byte-hash-unrelated-snapshot	NOT_ASSESSED_BY_FILE_DELTA
BACKEND	src/modules/home-care/home-care.service.ts	BACKEND	SAME_CONTENT	85e5f71bd90f39054e168f9e8ae05d4c2e9660aa6cfb8a9422ea27d5ede392be	85e5f71bd90f39054e168f9e8ae05d4c2e9660aa6cfb8a9422ea27d5ede392be	source-directory-byte-hash-unrelated-snapshot	NOT_ASSESSED_BY_FILE_DELTA
BACKEND	src/modules/home-care/repositories/careplan.repository.ts	BACKEND	SAME_CONTENT	1369d6fcb014b0d5cd278a3da584d3ec9042d0271ae3d2d5de12e0f8efc297ca	1369d6fcb014b0d5cd278a3da584d3ec9042d0271ae3d2d5de12e0f8efc297ca	source-directory-byte-hash-unrelated-snapshot	NOT_ASSESSED_BY_FILE_DELTA
BACKEND	src/modules/home-care/repositories/homecarebooking.repository.ts	BACKEND	SAME_CONTENT	a83fea04a6c5b8674768255f4b3dfd6f278f6b4bce915a243b4fd4f99d84809d	a83fea04a6c5b8674768255f4b3dfd6f278f6b4bce915a243b4fd4f99d84809d	source-directory-byte-hash-unrelated-snapshot	NOT_ASSESSED_BY_FILE_DELTA
BACKEND	src/modules/home-care/repositories/homecareservice.repository.ts	BACKEND	SAME_CONTENT	699430dc86b9f6f2f69b02e1228ebcde066d60b8a53ad6256d053438aaba406f	699430dc86b9f6f2f69b02e1228ebcde066d60b8a53ad6256d053438aaba406f	source-directory-byte-hash-unrelated-snapshot	NOT_ASSESSED_BY_FILE_DELTA
BACKEND	src/modules/home-care/repositories/medicalsupplyrequest.repository.ts	BACKEND	SAME_CONTENT	c8e6f271b645ee4c1105af0d2c99ead834c31fbd0a739ac5cb6b5cc85b488b93	c8e6f271b645ee4c1105af0d2c99ead834c31fbd0a739ac5cb6b5cc85b488b93	source-directory-byte-hash-unrelated-snapshot	NOT_ASSESSED_BY_FILE_DELTA
BACKEND	src/modules/home-care/repositories/nursingvisitreport.repository.ts	BACKEND	SAME_CONTENT	282fba007878c7e9972744802f66624d8f3a661d477f0a8c8a30020c0aae2e63	282fba007878c7e9972744802f66624d8f3a661d477f0a8c8a30020c0aae2e63	source-directory-byte-hash-unrelated-snapshot	NOT_ASSESSED_BY_FILE_DELTA
BACKEND	src/modules/home-care/schemas/home-care-booking.schema.ts	BACKEND	SAME_CONTENT	657eb45cc9b163042216cfbc97c07d3a19158361816b7afdb9729a591fe0403d	657eb45cc9b163042216cfbc97c07d3a19158361816b7afdb9729a591fe0403d	source-directory-byte-hash-unrelated-snapshot	NOT_ASSESSED_BY_FILE_DELTA
BACKEND	src/modules/home-care/schemas/home-care-nurse.schema.ts	BACKEND	SAME_CONTENT	4a27ecb8c1341d6aa02db69cf219ca787dbd1008aa38bb2cfc0311fbfcb76efe	4a27ecb8c1341d6aa02db69cf219ca787dbd1008aa38bb2cfc0311fbfcb76efe	source-directory-byte-hash-unrelated-snapshot	NOT_ASSESSED_BY_FILE_DELTA
BACKEND	src/modules/home-care/schemas/medical-supply-request.schema.ts	BACKEND	SAME_CONTENT	629fde62f4b3cf55e4370ba1e5b7188a211c3e77fbb8562572fcadfccb1fa38d	629fde62f4b3cf55e4370ba1e5b7188a211c3e77fbb8562572fcadfccb1fa38d	source-directory-byte-hash-unrelated-snapshot	NOT_ASSESSED_BY_FILE_DELTA
BACKEND	src/modules/home/home.controller.ts	BACKEND	SAME_CONTENT	18285c7ffbf9dfc0e4e7e6236acd514fd789e45e747dfae82b5b7e9ac5570fad	18285c7ffbf9dfc0e4e7e6236acd514fd789e45e747dfae82b5b7e9ac5570fad	source-directory-byte-hash-unrelated-snapshot	NOT_ASSESSED_BY_FILE_DELTA
BACKEND	src/modules/home/home.module.ts	BACKEND	SAME_CONTENT	820b691e273c49dda60cdbaafd9ac227e36cc1b48e1ae0b9eeaf8a24c1882e40	820b691e273c49dda60cdbaafd9ac227e36cc1b48e1ae0b9eeaf8a24c1882e40	source-directory-byte-hash-unrelated-snapshot	NOT_ASSESSED_BY_FILE_DELTA
BACKEND	src/modules/home/home.service.ts	BACKEND	SAME_CONTENT	4fea499311a0c52c0715f73d5326457915bcd9af0683dd4f1b07e3eeda0dcf7b	4fea499311a0c52c0715f73d5326457915bcd9af0683dd4f1b07e3eeda0dcf7b	source-directory-byte-hash-unrelated-snapshot	NOT_ASSESSED_BY_FILE_DELTA
BACKEND	src/modules/hospital-staff/hospital-staff.module.ts	BACKEND	MODIFIED	9e01fc633bffbdd8336d8f53d51f89718b6a4a2ef7a3f181e353304338ad2756	38870510cc18e04d498a4632532c72208c312ec2e0eae784ccfa708106d5cb37	source-directory-byte-hash-unrelated-snapshot	NOT_ASSESSED_BY_FILE_DELTA
BACKEND	src/modules/hospital/controllers/hospital.controller.ts	BACKEND	SAME_CONTENT	a8c76d724f816a667d45a6a96024d6d00889cfb63d40ec31f6b694af1c7e62c8	a8c76d724f816a667d45a6a96024d6d00889cfb63d40ec31f6b694af1c7e62c8	source-directory-byte-hash-unrelated-snapshot	NOT_ASSESSED_BY_FILE_DELTA
BACKEND	src/modules/hospital/hospital.module.ts	BACKEND	SAME_CONTENT	dcc77f79cfb3a806a904e2d90d35051afddd3a4e277ed44dcb4c55813adb8b65	dcc77f79cfb3a806a904e2d90d35051afddd3a4e277ed44dcb4c55813adb8b65	source-directory-byte-hash-unrelated-snapshot	NOT_ASSESSED_BY_FILE_DELTA
BACKEND	src/modules/hospital/schemas/hospital-branch.schema.ts	BACKEND	SAME_CONTENT	4af104655143fb2176f0972504828c340aa20713b15b65fa78fbc0cc5310ae4f	4af104655143fb2176f0972504828c340aa20713b15b65fa78fbc0cc5310ae4f	source-directory-byte-hash-unrelated-snapshot	NOT_ASSESSED_BY_FILE_DELTA
BACKEND	src/modules/hospital/schemas/hospital-department.schema.ts	BACKEND	SAME_CONTENT	f9e26fdaa03e7ee7cff602ce40f321cfc557a13e96ba042f389eba90bd1e0ffe	f9e26fdaa03e7ee7cff602ce40f321cfc557a13e96ba042f389eba90bd1e0ffe	source-directory-byte-hash-unrelated-snapshot	NOT_ASSESSED_BY_FILE_DELTA
BACKEND	src/modules/hospital/schemas/hospital-invitation.schema.ts	BACKEND	SAME_CONTENT	954aea875a679b75d15c89538c7038fed9050478f40bc7882ef9dc663d0d69c1	954aea875a679b75d15c89538c7038fed9050478f40bc7882ef9dc663d0d69c1	source-directory-byte-hash-unrelated-snapshot	NOT_ASSESSED_BY_FILE_DELTA
BACKEND	src/modules/hospital/schemas/hospital-staff.schema.ts	BACKEND	SAME_CONTENT	0bf7b808e69dd3ee5d09c708d96eedbd492ec2377bc861dac7cf17332baf0b04	0bf7b808e69dd3ee5d09c708d96eedbd492ec2377bc861dac7cf17332baf0b04	source-directory-byte-hash-unrelated-snapshot	NOT_ASSESSED_BY_FILE_DELTA
BACKEND	src/modules/hospital/services/hospital.service.spec.ts	TEST_OR_E2E	SAME_CONTENT	b7664512722244bfd21324dc19908dd398c8bb35d490ba7b4438b4d985c1f3c8	b7664512722244bfd21324dc19908dd398c8bb35d490ba7b4438b4d985c1f3c8	source-directory-byte-hash-unrelated-snapshot	NOT_ASSESSED_BY_FILE_DELTA
BACKEND	src/modules/hospital/services/hospital.service.ts	BACKEND	SAME_CONTENT	7870e1a5a54d2d86e650e142a68665340e57c265ec9ceb807c91a5983951e9b1	7870e1a5a54d2d86e650e142a68665340e57c265ec9ceb807c91a5983951e9b1	source-directory-byte-hash-unrelated-snapshot	NOT_ASSESSED_BY_FILE_DELTA
BACKEND	src/modules/i18n/i18n.controller.ts	BACKEND	SAME_CONTENT	c4d64f61bf5f42068a52630f43fb91c6623639100ce57bbdb93bddfbc7896a29	c4d64f61bf5f42068a52630f43fb91c6623639100ce57bbdb93bddfbc7896a29	source-directory-byte-hash-unrelated-snapshot	NOT_ASSESSED_BY_FILE_DELTA
BACKEND	src/modules/i18n/i18n.module.ts	BACKEND	SAME_CONTENT	d327039c1280e4d02c4350ee608653f2e7477cbb55081dc4d5f83e4b70a3342b	d327039c1280e4d02c4350ee608653f2e7477cbb55081dc4d5f83e4b70a3342b	source-directory-byte-hash-unrelated-snapshot	NOT_ASSESSED_BY_FILE_DELTA
BACKEND	src/modules/i18n/i18n.service.ts	BACKEND	SAME_CONTENT	0a9f4380a5628006576c214b48da0ca2509061a6bc5c61b77510056430ed4549	0a9f4380a5628006576c214b48da0ca2509061a6bc5c61b77510056430ed4549	source-directory-byte-hash-unrelated-snapshot	NOT_ASSESSED_BY_FILE_DELTA
BACKEND	src/modules/insurance-engine/insurance-engine.module.ts	BACKEND	MODIFIED	fe398be101869fa1038d44aba980088e2d2559aaf64289b29e24aa285e5b26c4	e6072d1e16c29c42b9d98386718a1716b1078846b919d8494a998b82f592feb0	source-directory-byte-hash-unrelated-snapshot	NOT_ASSESSED_BY_FILE_DELTA
BACKEND	src/modules/insurance-engine/tests/insurance-flow.spec.ts	TEST_OR_E2E	MODIFIED	4a03c486a61b88c6e80aa34a6a5ea8f5cf44fcc2fa5f69aa35634116bd5a99b6	ccbf5773bb6766fb1869fb3fb20470c2b4552d03b82ed8ba3638b0e8dc9d548c	source-directory-byte-hash-unrelated-snapshot	NOT_ASSESSED_BY_FILE_DELTA
BACKEND	src/modules/insurance/insurance.controller.ts	BACKEND	SAME_CONTENT	e94a001d23ea731670c59ac59f9772ef125d12d7284b674920425b3478302b8a	e94a001d23ea731670c59ac59f9772ef125d12d7284b674920425b3478302b8a	source-directory-byte-hash-unrelated-snapshot	NOT_ASSESSED_BY_FILE_DELTA
BACKEND	src/modules/insurance/insurance.module.ts	BACKEND	SAME_CONTENT	d1901081a833e5f56c8913c09e1d3cccf9d9a7ba37854808c58930685e0b6561	d1901081a833e5f56c8913c09e1d3cccf9d9a7ba37854808c58930685e0b6561	source-directory-byte-hash-unrelated-snapshot	NOT_ASSESSED_BY_FILE_DELTA
BACKEND	src/modules/insurance/insurance.service.spec.ts	TEST_OR_E2E	SAME_CONTENT	c5833b33907c945d68f2657489b7a45aed3153493d1a0cd6fa527e220363b7a3	c5833b33907c945d68f2657489b7a45aed3153493d1a0cd6fa527e220363b7a3	source-directory-byte-hash-unrelated-snapshot	NOT_ASSESSED_BY_FILE_DELTA
BACKEND	src/modules/labs/controllers/labs-engine.controller.ts	BACKEND	SAME_CONTENT	0ff46a9458655714e301506e7f00e836e1a9a48f099bd42ba60fe7412d12d6b4	0ff46a9458655714e301506e7f00e836e1a9a48f099bd42ba60fe7412d12d6b4	source-directory-byte-hash-unrelated-snapshot	NOT_ASSESSED_BY_FILE_DELTA
BACKEND	src/modules/labs/lab-pdf.service.ts	BACKEND	SAME_CONTENT	c483430fca8b6f3e86444c8bd0aab8a52b876cf3db4ca18343d5f467ba1a881a	c483430fca8b6f3e86444c8bd0aab8a52b876cf3db4ca18343d5f467ba1a881a	source-directory-byte-hash-unrelated-snapshot	NOT_ASSESSED_BY_FILE_DELTA
BACKEND	src/modules/labs/lab-results.controller.ts	BACKEND	SAME_CONTENT	bbb0c5e52c5ab15abd2089ec6d14b48dfbca4a09c09daa77af7b5721a449a6a2	bbb0c5e52c5ab15abd2089ec6d14b48dfbca4a09c09daa77af7b5721a449a6a2	source-directory-byte-hash-unrelated-snapshot	NOT_ASSESSED_BY_FILE_DELTA
BACKEND	src/modules/labs/lab-results.service.spec.ts	TEST_OR_E2E	SAME_CONTENT	9d40f1a1e4a7e02379eef9e9d6cd75e62a3e9aae567819ec4952e7b5915813e0	9d40f1a1e4a7e02379eef9e9d6cd75e62a3e9aae567819ec4952e7b5915813e0	source-directory-byte-hash-unrelated-snapshot	NOT_ASSESSED_BY_FILE_DELTA
BACKEND	src/modules/labs/lab-results.service.ts	BACKEND	SAME_CONTENT	e052e73b0314a5380061f14f632f053585b4d1165b509d6dc2da090d33fb732a	e052e73b0314a5380061f14f632f053585b4d1165b509d6dc2da090d33fb732a	source-directory-byte-hash-unrelated-snapshot	NOT_ASSESSED_BY_FILE_DELTA
BACKEND	src/modules/labs/labs.controller.ts	BACKEND	SAME_CONTENT	7a2e688d92638a5c5e442d99efe8c73690165fecd91faad17ebafb7bf48e798f	7a2e688d92638a5c5e442d99efe8c73690165fecd91faad17ebafb7bf48e798f	source-directory-byte-hash-unrelated-snapshot	NOT_ASSESSED_BY_FILE_DELTA
BACKEND	src/modules/labs/labs.module.ts	BACKEND	SAME_CONTENT	fd011671368aed0f82685c0cd464ab947bb706c8c6e48aaf23225c6014616897	fd011671368aed0f82685c0cd464ab947bb706c8c6e48aaf23225c6014616897	source-directory-byte-hash-unrelated-snapshot	NOT_ASSESSED_BY_FILE_DELTA
BACKEND	src/modules/labs/labs.seed.ts	BACKEND	SAME_CONTENT	e853ac7e23158df1e142fa95848ea1d02ee254b246628ad9adda998ad9af3be7	e853ac7e23158df1e142fa95848ea1d02ee254b246628ad9adda998ad9af3be7	source-directory-byte-hash-unrelated-snapshot	NOT_ASSESSED_BY_FILE_DELTA
BACKEND	src/modules/labs/labs.service.spec.ts	TEST_OR_E2E	MODIFIED	2f208daa46c53d25e7a8335b9edb495681ecf23d4016cbf26de1b9b70963f18c	661b44fda9175761c5b14f0bd883901d5b95d3260f5ba9d9df2b8ceeab8854e1	source-directory-byte-hash-unrelated-snapshot	NOT_ASSESSED_BY_FILE_DELTA
BACKEND	src/modules/labs/labs.service.ts	BACKEND	MODIFIED	7548339167a5560f7e3bd338f15f8bd5697883ebf79445ae331c5369964b00c1	5793ef77acbdf8a78fbf1a4ad758b2c3ff347c190e06173ec33b32ec03c1acca	source-directory-byte-hash-unrelated-snapshot	NOT_ASSESSED_BY_FILE_DELTA
BACKEND	src/modules/labs/repositories/labbooking.repository.ts	BACKEND	SAME_CONTENT	fc16b721a96ec81f78cac8458ef26cefd8c2359b414d4daf3af63ab58bd39af5	fc16b721a96ec81f78cac8458ef26cefd8c2359b414d4daf3af63ab58bd39af5	source-directory-byte-hash-unrelated-snapshot	NOT_ASSESSED_BY_FILE_DELTA
BACKEND	src/modules/labs/repositories/labresult.repository.ts	BACKEND	SAME_CONTENT	2badc14774628602487f360c32762f05e84a34ec0d7061e1982729295284f0a6	2badc14774628602487f360c32762f05e84a34ec0d7061e1982729295284f0a6	source-directory-byte-hash-unrelated-snapshot	NOT_ASSESSED_BY_FILE_DELTA
BACKEND	src/modules/labs/repositories/labsample.repository.ts	BACKEND	SAME_CONTENT	1c68fe7953fb3dba69dfa95317e3a208c335ab6d05c8c496088b65aa2a1bc7dc	1c68fe7953fb3dba69dfa95317e3a208c335ab6d05c8c496088b65aa2a1bc7dc	source-directory-byte-hash-unrelated-snapshot	NOT_ASSESSED_BY_FILE_DELTA
BACKEND	src/modules/labs/repositories/labservice.repository.ts	BACKEND	SAME_CONTENT	3d8f5728ec25b369e2cb3a3801a1f9486d8e82533a5547d70b12ceafca179a1d	3d8f5728ec25b369e2cb3a3801a1f9486d8e82533a5547d70b12ceafca179a1d	source-directory-byte-hash-unrelated-snapshot	NOT_ASSESSED_BY_FILE_DELTA
BACKEND	src/modules/labs/schemas/lab-booking.schema.ts	BACKEND	SAME_CONTENT	28970de12b4f67dc7251b78069bfd9841012bc5d2a2d1ca90dc68c75dca50f99	28970de12b4f67dc7251b78069bfd9841012bc5d2a2d1ca90dc68c75dca50f99	source-directory-byte-hash-unrelated-snapshot	NOT_ASSESSED_BY_FILE_DELTA
BACKEND	src/modules/labs/schemas/lab-catalog.schema.ts	BACKEND	SAME_CONTENT	abd92150fb28cc3fc39d3afab8ce59a9bf9ca8050e55968a1411b77d8ca9bf87	abd92150fb28cc3fc39d3afab8ce59a9bf9ca8050e55968a1411b77d8ca9bf87	source-directory-byte-hash-unrelated-snapshot	NOT_ASSESSED_BY_FILE_DELTA
BACKEND	src/modules/legacy/legacy.module.ts	BACKEND	SAME_CONTENT	f597dfc0310bfe4f2b885e925d5c4fcc0a048a4925279b92c611843fb339ad72	f597dfc0310bfe4f2b885e925d5c4fcc0a048a4925279b92c611843fb339ad72	source-directory-byte-hash-unrelated-snapshot	NOT_ASSESSED_BY_FILE_DELTA
BACKEND	src/modules/legal/legal-enterprise.controller.ts	BACKEND	SAME_CONTENT	e08501e10135caae24f6bfce9448885940f2b593146dc9515a3d2b381d3ee092	e08501e10135caae24f6bfce9448885940f2b593146dc9515a3d2b381d3ee092	source-directory-byte-hash-unrelated-snapshot	NOT_ASSESSED_BY_FILE_DELTA
BACKEND	src/modules/legal/legal-enterprise.service.excel.spec.ts	TEST_OR_E2E	SAME_CONTENT	96ff86d6d3bfbe5fe9558021b7977a9f3696682539aab410698d2b127384e85d	96ff86d6d3bfbe5fe9558021b7977a9f3696682539aab410698d2b127384e85d	source-directory-byte-hash-unrelated-snapshot	NOT_ASSESSED_BY_FILE_DELTA
BACKEND	src/modules/legal/legal-enterprise.service.ts	BACKEND	SAME_CONTENT	e19bdb2d4b0ceade6f66b009e6bedad75f1b583e0d8012b3a04ba19f22df4716	e19bdb2d4b0ceade6f66b009e6bedad75f1b583e0d8012b3a04ba19f22df4716	source-directory-byte-hash-unrelated-snapshot	NOT_ASSESSED_BY_FILE_DELTA
BACKEND	src/modules/legal/legal.module.ts	BACKEND	SAME_CONTENT	4e961292862244d099e9f8fd406550945a632cbf5e0bb5bb81bce98d16854bdf	4e961292862244d099e9f8fd406550945a632cbf5e0bb5bb81bce98d16854bdf	source-directory-byte-hash-unrelated-snapshot	NOT_ASSESSED_BY_FILE_DELTA
BACKEND	src/modules/livekit/livekit.controller.ts	BACKEND	SAME_CONTENT	25ff050a54efd5048fa12e848cd70638dc7182a753f8b50b72df3325e8f67ce7	25ff050a54efd5048fa12e848cd70638dc7182a753f8b50b72df3325e8f67ce7	source-directory-byte-hash-unrelated-snapshot	NOT_ASSESSED_BY_FILE_DELTA
BACKEND	src/modules/livekit/livekit.followup.spec.ts	TEST_OR_E2E	SAME_CONTENT	35f80ae0896dbebc6cab30f8b1547fbb639d0fce987d51d31aa6f36811edad6e	35f80ae0896dbebc6cab30f8b1547fbb639d0fce987d51d31aa6f36811edad6e	source-directory-byte-hash-unrelated-snapshot	NOT_ASSESSED_BY_FILE_DELTA
BACKEND	src/modules/livekit/livekit.module.ts	BACKEND	SAME_CONTENT	bca32adefda68bec013cca854dc39b7305d0e0b45b30d2581544b6131b464665	bca32adefda68bec013cca854dc39b7305d0e0b45b30d2581544b6131b464665	source-directory-byte-hash-unrelated-snapshot	NOT_ASSESSED_BY_FILE_DELTA
BACKEND	src/modules/livekit/livekit.service.ts	BACKEND	SAME_CONTENT	d9463476f7f9aab1961c73702069ba15529d45d26076a82ba368fd35a754f716	d9463476f7f9aab1961c73702069ba15529d45d26076a82ba368fd35a754f716	source-directory-byte-hash-unrelated-snapshot	NOT_ASSESSED_BY_FILE_DELTA
BACKEND	src/modules/livekit/repositories/callmetric.repository.ts	BACKEND	SAME_CONTENT	1f2f240e76fe3daa1525bdd39fcb6547bfe2827ca711f96f6e903bcc2a92d52d	1f2f240e76fe3daa1525bdd39fcb6547bfe2827ca711f96f6e903bcc2a92d52d	source-directory-byte-hash-unrelated-snapshot	NOT_ASSESSED_BY_FILE_DELTA
BACKEND	src/modules/livekit/repositories/callsession.repository.ts	BACKEND	SAME_CONTENT	bec48ce636236a4a2d129d643918048787df750d50f0af9ceb23ea6b0c54a604	bec48ce636236a4a2d129d643918048787df750d50f0af9ceb23ea6b0c54a604	source-directory-byte-hash-unrelated-snapshot	NOT_ASSESSED_BY_FILE_DELTA
BACKEND	src/modules/loyalty/loyalty.controller.ts	BACKEND	SAME_CONTENT	69e6f20438dfe0c6285ef766622d8d65b03f5b24fe4fe7de63d41464bce3ac6c	69e6f20438dfe0c6285ef766622d8d65b03f5b24fe4fe7de63d41464bce3ac6c	source-directory-byte-hash-unrelated-snapshot	NOT_ASSESSED_BY_FILE_DELTA
BACKEND	src/modules/loyalty/loyalty.module.ts	BACKEND	SAME_CONTENT	948963bb3fe94ae31c35e90a2475628e0d9740e8f5f4fe5afb821e4f15fdbba3	948963bb3fe94ae31c35e90a2475628e0d9740e8f5f4fe5afb821e4f15fdbba3	source-directory-byte-hash-unrelated-snapshot	NOT_ASSESSED_BY_FILE_DELTA
BACKEND	src/modules/loyalty/loyalty.service.spec.ts	TEST_OR_E2E	SAME_CONTENT	aa8855526ce246532c06eedf858e7b7745298122dc7959d5b5f75b007f59d943	aa8855526ce246532c06eedf858e7b7745298122dc7959d5b5f75b007f59d943	source-directory-byte-hash-unrelated-snapshot	NOT_ASSESSED_BY_FILE_DELTA
BACKEND	src/modules/loyalty/loyalty.service.ts	BACKEND	SAME_CONTENT	3e35e156058cd7d25527cf121aa5f5a8879540c2d28fe7179de70ba289db24d7	3e35e156058cd7d25527cf121aa5f5a8879540c2d28fe7179de70ba289db24d7	source-directory-byte-hash-unrelated-snapshot	NOT_ASSESSED_BY_FILE_DELTA
BACKEND	src/modules/loyalty/repositories/challengeprogress.repository.ts	BACKEND	SAME_CONTENT	d8464f515b9c303b78c056df60ac09a899e6df8f85e4a08a348e7805321e8ed0	d8464f515b9c303b78c056df60ac09a899e6df8f85e4a08a348e7805321e8ed0	source-directory-byte-hash-unrelated-snapshot	NOT_ASSESSED_BY_FILE_DELTA
BACKEND	src/modules/loyalty/repositories/loyaltyaccount.repository.ts	BACKEND	SAME_CONTENT	0585422aef7566d85696dca7e933b32c65e8ee85acb3e95174356c36f45a5d7f	0585422aef7566d85696dca7e933b32c65e8ee85acb3e95174356c36f45a5d7f	source-directory-byte-hash-unrelated-snapshot	NOT_ASSESSED_BY_FILE_DELTA
BACKEND	src/modules/loyalty/repositories/loyaltychallenge.repository.ts	BACKEND	SAME_CONTENT	9ac5ee94490b901501f1d0c4a904fa8f74d6afbdc480f6d34b8a4573588f29f6	9ac5ee94490b901501f1d0c4a904fa8f74d6afbdc480f6d34b8a4573588f29f6	source-directory-byte-hash-unrelated-snapshot	NOT_ASSESSED_BY_FILE_DELTA
BACKEND	src/modules/loyalty/repositories/loyaltytransaction.repository.ts	BACKEND	SAME_CONTENT	27e33cc53f5112f3bb3642ae32dd559e23bca6d0d3d28dd754ee3e9b9a3ec85d	27e33cc53f5112f3bb3642ae32dd559e23bca6d0d3d28dd754ee3e9b9a3ec85d	source-directory-byte-hash-unrelated-snapshot	NOT_ASSESSED_BY_FILE_DELTA
BACKEND	src/modules/loyalty/repositories/reward.repository.ts	BACKEND	SAME_CONTENT	2f8a1d828d165d1d0df50188b5837b63e91abee68a5e858a5b6b8fe87e559a7e	2f8a1d828d165d1d0df50188b5837b63e91abee68a5e858a5b6b8fe87e559a7e	source-directory-byte-hash-unrelated-snapshot	NOT_ASSESSED_BY_FILE_DELTA
BACKEND	src/modules/loyalty/repositories/rewardclaim.repository.ts	BACKEND	SAME_CONTENT	1d18732cd5c46c6d2f6e09da12b9d6ee8ef84d19b0ce01ed3744cdc009e4cb6e	1d18732cd5c46c6d2f6e09da12b9d6ee8ef84d19b0ce01ed3744cdc009e4cb6e	source-directory-byte-hash-unrelated-snapshot	NOT_ASSESSED_BY_FILE_DELTA
BACKEND	src/modules/mail/mail.module.ts	BACKEND	MODIFIED	1bca19335de48e4e42f5e76029492b6cefd958c0785ccdb74fc4f5538fbc625f	33b0ce0a0e248b53291ea5687dc316761d0adf534949e87f11f0be1b39aa9d04	source-directory-byte-hash-unrelated-snapshot	NOT_ASSESSED_BY_FILE_DELTA
BACKEND	src/modules/maternity/maternity.controller.ts	BACKEND	SAME_CONTENT	4aa7ac846c751d8068175f4f2a0f6e5384d599737b8e9ed8cec86ba200377896	4aa7ac846c751d8068175f4f2a0f6e5384d599737b8e9ed8cec86ba200377896	source-directory-byte-hash-unrelated-snapshot	NOT_ASSESSED_BY_FILE_DELTA
BACKEND	src/modules/maternity/maternity.module.ts	BACKEND	SAME_CONTENT	3d245e40227bec1df19c84dd9077d232fd74dd6feea99e7623a129e0fcd8b210	3d245e40227bec1df19c84dd9077d232fd74dd6feea99e7623a129e0fcd8b210	source-directory-byte-hash-unrelated-snapshot	NOT_ASSESSED_BY_FILE_DELTA
BACKEND	src/modules/maternity/maternity.service.spec.ts	TEST_OR_E2E	SAME_CONTENT	413f29daac4d2652818594d3129e310cd019db2f2c5ff9ab5a68f1c1ab182e92	413f29daac4d2652818594d3129e310cd019db2f2c5ff9ab5a68f1c1ab182e92	source-directory-byte-hash-unrelated-snapshot	NOT_ASSESSED_BY_FILE_DELTA
BACKEND	src/modules/maternity/maternity.service.ts	BACKEND	SAME_CONTENT	b2e5412758325b3c74b13beeb7b7186807ef7d5cbfa24c23b378b0e807a439bb	b2e5412758325b3c74b13beeb7b7186807ef7d5cbfa24c23b378b0e807a439bb	source-directory-byte-hash-unrelated-snapshot	NOT_ASSESSED_BY_FILE_DELTA
BACKEND	src/modules/maternity/repositories/maternityprofile.repository.ts	BACKEND	SAME_CONTENT	ef008632db5b7871e7200f51efb69f2d8e157dfa1661a976ee0b4cf91b5dc642	ef008632db5b7871e7200f51efb69f2d8e157dfa1661a976ee0b4cf91b5dc642	source-directory-byte-hash-unrelated-snapshot	NOT_ASSESSED_BY_FILE_DELTA
BACKEND	src/modules/media/media.contract.spec.ts	TEST_OR_E2E	SAME_CONTENT	473dcb3b2d535c8351bc9c051820dbea56c4b7721eea7fdf1456ab17f41f8269	473dcb3b2d535c8351bc9c051820dbea56c4b7721eea7fdf1456ab17f41f8269	source-directory-byte-hash-unrelated-snapshot	NOT_ASSESSED_BY_FILE_DELTA
BACKEND	src/modules/media/media.controller.spec.ts	TEST_OR_E2E	SAME_CONTENT	832617e2b47d50f7e1d396482004eeb87c5c9f00cf74e7f0fd1cda7ee9caabcc	832617e2b47d50f7e1d396482004eeb87c5c9f00cf74e7f0fd1cda7ee9caabcc	source-directory-byte-hash-unrelated-snapshot	NOT_ASSESSED_BY_FILE_DELTA
BACKEND	src/modules/media/media.controller.ts	BACKEND	SAME_CONTENT	52a43b052f30327fb3b2d5e55edec79105e2c5c8ad17d09df021b1fbb107aff1	52a43b052f30327fb3b2d5e55edec79105e2c5c8ad17d09df021b1fbb107aff1	source-directory-byte-hash-unrelated-snapshot	NOT_ASSESSED_BY_FILE_DELTA
BACKEND	src/modules/media/media.module.ts	BACKEND	SAME_CONTENT	d16d21e570d573439fd258216f04d022589fa9b69924ab9fe76eaf5087603134	d16d21e570d573439fd258216f04d022589fa9b69924ab9fe76eaf5087603134	source-directory-byte-hash-unrelated-snapshot	NOT_ASSESSED_BY_FILE_DELTA
BACKEND	src/modules/media/media.schema.ts	BACKEND	SAME_CONTENT	3149ed0fcba905aa2af36e4207d1cafbeda5c978482a100adc50fc1c25609056	3149ed0fcba905aa2af36e4207d1cafbeda5c978482a100adc50fc1c25609056	source-directory-byte-hash-unrelated-snapshot	NOT_ASSESSED_BY_FILE_DELTA
BACKEND	src/modules/media/media.service.ts	BACKEND	SAME_CONTENT	662c7853c0997da847bd5b35d3315a29aca94a792079f03b2771bbb6df38ce17	662c7853c0997da847bd5b35d3315a29aca94a792079f03b2771bbb6df38ce17	source-directory-byte-hash-unrelated-snapshot	NOT_ASSESSED_BY_FILE_DELTA
BACKEND	src/modules/medical-profile/medical-profile.controller.ts	BACKEND	SAME_CONTENT	420c4d574c134ba7ccfcdc979e1d235b7f4eb43885e3c85be3fc527622a683fc	420c4d574c134ba7ccfcdc979e1d235b7f4eb43885e3c85be3fc527622a683fc	source-directory-byte-hash-unrelated-snapshot	NOT_ASSESSED_BY_FILE_DELTA
BACKEND	src/modules/medical-profile/medical-profile.module.ts	BACKEND	SAME_CONTENT	b09164808af4cb944effbc93ccda53ffc08db397baf7c0b0be2e2f2879d55750	b09164808af4cb944effbc93ccda53ffc08db397baf7c0b0be2e2f2879d55750	source-directory-byte-hash-unrelated-snapshot	NOT_ASSESSED_BY_FILE_DELTA
BACKEND	src/modules/medical-profile/medical-profile.service.ts	BACKEND	SAME_CONTENT	6af39c4905ed73f748b5c1ecb891330f6b435df388ecdfc4bb9691eb107ffcdd	6af39c4905ed73f748b5c1ecb891330f6b435df388ecdfc4bb9691eb107ffcdd	source-directory-byte-hash-unrelated-snapshot	NOT_ASSESSED_BY_FILE_DELTA
BACKEND	src/modules/medical-profile/repositories/medicalprofile.repository.ts	BACKEND	SAME_CONTENT	1833e0bcc6c04f49805c080ca88c77f84c31b94baac933a9e996b036509b45b2	1833e0bcc6c04f49805c080ca88c77f84c31b94baac933a9e996b036509b45b2	source-directory-byte-hash-unrelated-snapshot	NOT_ASSESSED_BY_FILE_DELTA
BACKEND	src/modules/medical-reports/medical-reports.controller.ts	BACKEND	SAME_CONTENT	a3320677756dd2e4389ca3c90779fb68ddfa6fd609bd945e24c24c3500eb06c9	a3320677756dd2e4389ca3c90779fb68ddfa6fd609bd945e24c24c3500eb06c9	source-directory-byte-hash-unrelated-snapshot	NOT_ASSESSED_BY_FILE_DELTA
BACKEND	src/modules/medical-reports/medical-reports.module.ts	BACKEND	SAME_CONTENT	2fcbd7f1e1adeceddd0f8b1ea3dc0af10140cbea18ec5592cc6e298a428faff6	2fcbd7f1e1adeceddd0f8b1ea3dc0af10140cbea18ec5592cc6e298a428faff6	source-directory-byte-hash-unrelated-snapshot	NOT_ASSESSED_BY_FILE_DELTA
BACKEND	src/modules/medical-reports/medical-reports.service.ts	BACKEND	SAME_CONTENT	bbc4d477d3ab8482226ce3574c1869dbc6a37f2ad17a7163aa846d9e854ba8df	bbc4d477d3ab8482226ce3574c1869dbc6a37f2ad17a7163aa846d9e854ba8df	source-directory-byte-hash-unrelated-snapshot	NOT_ASSESSED_BY_FILE_DELTA
BACKEND	src/modules/medical-reports/repositories/medicalreport.repository.ts	BACKEND	SAME_CONTENT	670fa624d6794c6d202df5aae64cdbc68cd886ada9b06ad426a4c2227d249508	670fa624d6794c6d202df5aae64cdbc68cd886ada9b06ad426a4c2227d249508	source-directory-byte-hash-unrelated-snapshot	NOT_ASSESSED_BY_FILE_DELTA
BACKEND	src/modules/medicines/med-i18n.spec.ts	TEST_OR_E2E	SAME_CONTENT	6e616635f408a462cd8c9393ebf8ff00cd30be1ee38f96261a708569de52c64b	6e616635f408a462cd8c9393ebf8ff00cd30be1ee38f96261a708569de52c64b	source-directory-byte-hash-unrelated-snapshot	NOT_ASSESSED_BY_FILE_DELTA
BACKEND	src/modules/medicines/med-i18n.ts	BACKEND	SAME_CONTENT	9742f2ffbae5a319b8c77c2f9d99b76cf4f7479d0b4d8f53e3b23fb913f18efb	9742f2ffbae5a319b8c77c2f9d99b76cf4f7479d0b4d8f53e3b23fb913f18efb	source-directory-byte-hash-unrelated-snapshot	NOT_ASSESSED_BY_FILE_DELTA
BACKEND	src/modules/medicines/medicines.controller.ts	BACKEND	SAME_CONTENT	5cf010c48506955ab7e8e4f9f44cb8948b26d9384a1831d27515cc57f5758c03	5cf010c48506955ab7e8e4f9f44cb8948b26d9384a1831d27515cc57f5758c03	source-directory-byte-hash-unrelated-snapshot	NOT_ASSESSED_BY_FILE_DELTA
BACKEND	src/modules/medicines/medicines.module.ts	BACKEND	SAME_CONTENT	a1f2dac65dd81545d79b8fca2938fe319c94edc9adff9be104f548f9fb3164f3	a1f2dac65dd81545d79b8fca2938fe319c94edc9adff9be104f548f9fb3164f3	source-directory-byte-hash-unrelated-snapshot	NOT_ASSESSED_BY_FILE_DELTA
BACKEND	src/modules/medicines/medicines.public-catalog.contract.spec.ts	TEST_OR_E2E	SAME_CONTENT	e038bccebf506b30fd7034b9a3093190063f9a53355505eafb8829eeb16f09c3	e038bccebf506b30fd7034b9a3093190063f9a53355505eafb8829eeb16f09c3	source-directory-byte-hash-unrelated-snapshot	NOT_ASSESSED_BY_FILE_DELTA
BACKEND	src/modules/medicines/medicines.service.publication.spec.ts	TEST_OR_E2E	SAME_CONTENT	283e9b63ef156cb2104bb5a742d285239996aed825cafe7d758bb5c1d162a8c4	283e9b63ef156cb2104bb5a742d285239996aed825cafe7d758bb5c1d162a8c4	source-directory-byte-hash-unrelated-snapshot	NOT_ASSESSED_BY_FILE_DELTA
BACKEND	src/modules/medicines/medicines.service.ts	BACKEND	SAME_CONTENT	e9e7d5c329199fa64f2557500c27b740672b1f5f6126ef965ffecd26faa303e4	e9e7d5c329199fa64f2557500c27b740672b1f5f6126ef965ffecd26faa303e4	source-directory-byte-hash-unrelated-snapshot	NOT_ASSESSED_BY_FILE_DELTA
BACKEND	src/modules/medicines/repositories/medicine.repository.ts	BACKEND	SAME_CONTENT	6c4ad6a42dcb53e5193ff19c7ab023abe9856dac64f22ab3d479b4977e83723f	6c4ad6a42dcb53e5193ff19c7ab023abe9856dac64f22ab3d479b4977e83723f	source-directory-byte-hash-unrelated-snapshot	NOT_ASSESSED_BY_FILE_DELTA
BACKEND	src/modules/mental-health/mental-health.controller.ts	BACKEND	SAME_CONTENT	dd190dff9767c5c62c9fa8df61840dd132cc7d65cb287171e8770c12af29eef8	dd190dff9767c5c62c9fa8df61840dd132cc7d65cb287171e8770c12af29eef8	source-directory-byte-hash-unrelated-snapshot	NOT_ASSESSED_BY_FILE_DELTA
BACKEND	src/modules/mental-health/mental-health.module.ts	BACKEND	SAME_CONTENT	4992e635c15a607a911b5dce432a98a371d77752d876d7a85cf627ad24530bb9	4992e635c15a607a911b5dce432a98a371d77752d876d7a85cf627ad24530bb9	source-directory-byte-hash-unrelated-snapshot	NOT_ASSESSED_BY_FILE_DELTA
BACKEND	src/modules/mental-health/mental-health.service.spec.ts	TEST_OR_E2E	SAME_CONTENT	582e32b8d6f8ec9984d4bb06fdcefe66ab18ddb456fb82a52bf31985d45b3e6c	582e32b8d6f8ec9984d4bb06fdcefe66ab18ddb456fb82a52bf31985d45b3e6c	source-directory-byte-hash-unrelated-snapshot	NOT_ASSESSED_BY_FILE_DELTA
BACKEND	src/modules/mental-health/mental-health.service.ts	BACKEND	SAME_CONTENT	1d1156642f06bf01b098422ae1277e40b41fc4090c3584258b7a0658680d7a5c	1d1156642f06bf01b098422ae1277e40b41fc4090c3584258b7a0658680d7a5c	source-directory-byte-hash-unrelated-snapshot	NOT_ASSESSED_BY_FILE_DELTA
BACKEND	src/modules/mental-health/repositories/breathingsession.repository.ts	BACKEND	SAME_CONTENT	c4f54f3ac7e67549166241f1b8d6fca3edc4a2e65f02b1a3010f67835406a7d6	c4f54f3ac7e67549166241f1b8d6fca3edc4a2e65f02b1a3010f67835406a7d6	source-directory-byte-hash-unrelated-snapshot	NOT_ASSESSED_BY_FILE_DELTA
BACKEND	src/modules/mental-health/repositories/crisiscontact.repository.ts	BACKEND	SAME_CONTENT	89baea82a660bba4468710270584a9bba63569e78d7ff6d2a04f4d34d13c7129	89baea82a660bba4468710270584a9bba63569e78d7ff6d2a04f4d34d13c7129	source-directory-byte-hash-unrelated-snapshot	NOT_ASSESSED_BY_FILE_DELTA
BACKEND	src/modules/mental-health/repositories/meditationsession.repository.ts	BACKEND	SAME_CONTENT	ed45694e4f3687d26ccf08c1c2f0b21b9b606faeb22afa7d6708fc74fad98081	ed45694e4f3687d26ccf08c1c2f0b21b9b606faeb22afa7d6708fc74fad98081	source-directory-byte-hash-unrelated-snapshot	NOT_ASSESSED_BY_FILE_DELTA
BACKEND	src/modules/mental-health/repositories/moodentry.repository.ts	BACKEND	SAME_CONTENT	c46ffdd3747e55f9080e5cf0690ecac33f280a93037473564926bad2bc6b516a	c46ffdd3747e55f9080e5cf0690ecac33f280a93037473564926bad2bc6b516a	source-directory-byte-hash-unrelated-snapshot	NOT_ASSESSED_BY_FILE_DELTA
BACKEND	src/modules/moyasar/moyasar.module.ts	BACKEND	MODIFIED	837b7973da7b6f784af477c6e5fc39bce7d1389d444ba6a6f8b3be9a309965e0	ebfca4d2b18f2ed41a09ddcdf0004caf45333acfec405d77d365e9431610c7e8	source-directory-byte-hash-unrelated-snapshot	NOT_ASSESSED_BY_FILE_DELTA
BACKEND	src/modules/moyasar/moyasar.service.ts	BACKEND	SAME_CONTENT	5f4492133ecd5c6040776095481731358feae6a70cd4bbc26a584dc6e791c2e6	5f4492133ecd5c6040776095481731358feae6a70cd4bbc26a584dc6e791c2e6	source-directory-byte-hash-unrelated-snapshot	NOT_ASSESSED_BY_FILE_DELTA
BACKEND	src/modules/nabd-extensions/nabd-extensions.controller.ts	BACKEND	MODIFIED	82e42ee509d471240c8785ac1121a2c376356578985df9677603851df14e20ac	85d1abde48a99b117b138c1f1acb3591cb17be580ac9dcc53af88ab8379323d4	source-directory-byte-hash-unrelated-snapshot	NOT_ASSESSED_BY_FILE_DELTA
BACKEND	src/modules/nabd-extensions/nabd-extensions.module.ts	BACKEND	SAME_CONTENT	c9f5ec47648e1a074ce479f4fc87b4ca40bdbbacea7b3632a09f8f77bc76bc4b	c9f5ec47648e1a074ce479f4fc87b4ca40bdbbacea7b3632a09f8f77bc76bc4b	source-directory-byte-hash-unrelated-snapshot	NOT_ASSESSED_BY_FILE_DELTA
BACKEND	src/modules/nabd-extensions/nabd-extensions.service.ts	BACKEND	SAME_CONTENT	c19e76cf89a788158ba485f6acac270611cf3d4ff12c4b11169a47af32d2b125	c19e76cf89a788158ba485f6acac270611cf3d4ff12c4b11169a47af32d2b125	source-directory-byte-hash-unrelated-snapshot	NOT_ASSESSED_BY_FILE_DELTA
BACKEND	src/modules/nabd-extensions/repositories/adplacement.repository.ts	BACKEND	SAME_CONTENT	f7d5a32415bbb0889121a6b2251d833082c89e434e8bb57be5e97de3c3c70100	f7d5a32415bbb0889121a6b2251d833082c89e434e8bb57be5e97de3c3c70100	source-directory-byte-hash-unrelated-snapshot	NOT_ASSESSED_BY_FILE_DELTA
BACKEND	src/modules/nabd-extensions/repositories/appointment.repository.ts	BACKEND	SAME_CONTENT	5d1ce676e579ac17a6c9db6147188ed025a4934c005265df7fc784f39c5cf9b3	5d1ce676e579ac17a6c9db6147188ed025a4934c005265df7fc784f39c5cf9b3	source-directory-byte-hash-unrelated-snapshot	NOT_ASSESSED_BY_FILE_DELTA
BACKEND	src/modules/nabd-extensions/repositories/corporateaccount.repository.ts	BACKEND	SAME_CONTENT	5216c29a7b85092bfb61fadbfe1a475ad20c071f9c534f3b5fbb2dfaf349b52e	5216c29a7b85092bfb61fadbfe1a475ad20c071f9c534f3b5fbb2dfaf349b52e	source-directory-byte-hash-unrelated-snapshot	NOT_ASSESSED_BY_FILE_DELTA
BACKEND	src/modules/nabd-extensions/repositories/featureflag.repository.ts	BACKEND	SAME_CONTENT	8ebb367516ab6b53b294c896fe1d54cdfca693f5d10d0884360edc355a9b7899	8ebb367516ab6b53b294c896fe1d54cdfca693f5d10d0884360edc355a9b7899	source-directory-byte-hash-unrelated-snapshot	NOT_ASSESSED_BY_FILE_DELTA
BACKEND	src/modules/nabd-extensions/repositories/fraudalert.repository.ts	BACKEND	SAME_CONTENT	193dfeeccf82e063b689c864830a767ebce00689d49e2d5b187f33eceb6e2ecb	193dfeeccf82e063b689c864830a767ebce00689d49e2d5b187f33eceb6e2ecb	source-directory-byte-hash-unrelated-snapshot	NOT_ASSESSED_BY_FILE_DELTA
BACKEND	src/modules/nabd-extensions/repositories/labresult.repository.ts	BACKEND	SAME_CONTENT	819129c4841bb3d715abde98c21c8618fa2765e087c0c67a0edb9bea6e42c08f	819129c4841bb3d715abde98c21c8618fa2765e087c0c67a0edb9bea6e42c08f	source-directory-byte-hash-unrelated-snapshot	NOT_ASSESSED_BY_FILE_DELTA
BACKEND	src/modules/nabd-extensions/repositories/order.repository.ts	BACKEND	SAME_CONTENT	17033cbe1be9edd2efec6aada595c57abd36c931d76a7aac3d19d254da39cec0	17033cbe1be9edd2efec6aada595c57abd36c931d76a7aac3d19d254da39cec0	source-directory-byte-hash-unrelated-snapshot	NOT_ASSESSED_BY_FILE_DELTA
BACKEND	src/modules/nabd-extensions/repositories/prescription.repository.ts	BACKEND	SAME_CONTENT	cc9cb2400f933f35db0f12a2d4f19bede3913514013138d79d03131efeb69fa9	cc9cb2400f933f35db0f12a2d4f19bede3913514013138d79d03131efeb69fa9	source-directory-byte-hash-unrelated-snapshot	NOT_ASSESSED_BY_FILE_DELTA
BACKEND	src/modules/nabd-extensions/repositories/providerprofile.repository.ts	BACKEND	SAME_CONTENT	0e689f87af957e6c51b6015e5d9ba0882ea6707b496b4b785dc4313b490f2d82	0e689f87af957e6c51b6015e5d9ba0882ea6707b496b4b785dc4313b490f2d82	source-directory-byte-hash-unrelated-snapshot	NOT_ASSESSED_BY_FILE_DELTA
BACKEND	src/modules/nabd-extensions/repositories/referralcode.repository.ts	BACKEND	SAME_CONTENT	3fc7c92027020479d079197f27de3d07878605b08d6976680c24ba29bc6e16b8	3fc7c92027020479d079197f27de3d07878605b08d6976680c24ba29bc6e16b8	source-directory-byte-hash-unrelated-snapshot	NOT_ASSESSED_BY_FILE_DELTA
BACKEND	src/modules/nabd-extensions/repositories/referralreward.repository.ts	BACKEND	SAME_CONTENT	893c54d4f18ebe00ad942b6b6b00a05b80aca98c46e68322b2c0e93e5f6d7c3c	893c54d4f18ebe00ad942b6b6b00a05b80aca98c46e68322b2c0e93e5f6d7c3c	source-directory-byte-hash-unrelated-snapshot	NOT_ASSESSED_BY_FILE_DELTA
BACKEND	src/modules/nabd-extensions/repositories/slalog.repository.ts	BACKEND	SAME_CONTENT	bf918a30a28437ce1a0941dc1ba3f90b7eba668f2e0e6764f5ba744d15912f7f	bf918a30a28437ce1a0941dc1ba3f90b7eba668f2e0e6764f5ba744d15912f7f	source-directory-byte-hash-unrelated-snapshot	NOT_ASSESSED_BY_FILE_DELTA
BACKEND	src/modules/nabd-extensions/repositories/treatmentprogram.repository.ts	BACKEND	SAME_CONTENT	8c5e83d923dac7beca03b55d1ca7567c6ee1b267959d92927a308ba701540501	8c5e83d923dac7beca03b55d1ca7567c6ee1b267959d92927a308ba701540501	source-directory-byte-hash-unrelated-snapshot	NOT_ASSESSED_BY_FILE_DELTA
BACKEND	src/modules/nabd-extensions/repositories/universalactivity.repository.ts	BACKEND	SAME_CONTENT	8c9f3127777d8296a68ebe0b17f9c2232e15e293be6b5cfebe0ae2ab77c495c6	8c9f3127777d8296a68ebe0b17f9c2232e15e293be6b5cfebe0ae2ab77c495c6	source-directory-byte-hash-unrelated-snapshot	NOT_ASSESSED_BY_FILE_DELTA
BACKEND	src/modules/nabd-extensions/repositories/user.repository.ts	BACKEND	SAME_CONTENT	810663ec29e799517a445a91b1f0910bc5897c86ff1bea728b30feda1d5f6ca7	810663ec29e799517a445a91b1f0910bc5897c86ff1bea728b30feda1d5f6ca7	source-directory-byte-hash-unrelated-snapshot	NOT_ASSESSED_BY_FILE_DELTA
BACKEND	src/modules/nabd-extensions/repositories/vitalreading.repository.ts	BACKEND	SAME_CONTENT	e4fa24f76f201083c4d521be533d2699cf301836c3e9092512109b245519c68a	e4fa24f76f201083c4d521be533d2699cf301836c3e9092512109b245519c68a	source-directory-byte-hash-unrelated-snapshot	NOT_ASSESSED_BY_FILE_DELTA
BACKEND	src/modules/nabd-extensions/repositories/wallet.repository.ts	BACKEND	SAME_CONTENT	37a40efeb3f95832cad9cad6f7de27a77b610c0665d32c8138f420e8e4762087	37a40efeb3f95832cad9cad6f7de27a77b610c0665d32c8138f420e8e4762087	source-directory-byte-hash-unrelated-snapshot	NOT_ASSESSED_BY_FILE_DELTA
BACKEND	src/modules/nabd-extensions/repositories/wallettransaction.repository.ts	BACKEND	SAME_CONTENT	a3956d42737a14c4ef6c85ee1293a6f8b73df270225ba9d790bc51d551c4fb03	a3956d42737a14c4ef6c85ee1293a6f8b73df270225ba9d790bc51d551c4fb03	source-directory-byte-hash-unrelated-snapshot	NOT_ASSESSED_BY_FILE_DELTA
BACKEND	src/modules/notification/notification.module.ts	BACKEND	SAME_CONTENT	14d8949a77857eba16657f29ea8ead136afcbf45d745b59068feccdd0a264e48	14d8949a77857eba16657f29ea8ead136afcbf45d745b59068feccdd0a264e48	source-directory-byte-hash-unrelated-snapshot	NOT_ASSESSED_BY_FILE_DELTA
BACKEND	src/modules/notification/notification.service.ts	BACKEND	SAME_CONTENT	bb177fce50a65eb12d1637119af8e018d190fe3d705ffd448cbc017a1ca38058	bb177fce50a65eb12d1637119af8e018d190fe3d705ffd448cbc017a1ca38058	source-directory-byte-hash-unrelated-snapshot	NOT_ASSESSED_BY_FILE_DELTA
BACKEND	src/modules/notifications/notification-delivery.processor.ts	BACKEND	SAME_CONTENT	f9afc1afdcf0eb906efa4f748f05798aad75a36111a962e734fe1204334f7d5d	f9afc1afdcf0eb906efa4f748f05798aad75a36111a962e734fe1204334f7d5d	source-directory-byte-hash-unrelated-snapshot	NOT_ASSESSED_BY_FILE_DELTA
BACKEND	src/modules/notifications/notifications.controller.ts	BACKEND	SAME_CONTENT	bc7eb7532401092f1e926c97328ac8c847bd5a6715449f5377c06285b9a32b7d	bc7eb7532401092f1e926c97328ac8c847bd5a6715449f5377c06285b9a32b7d	source-directory-byte-hash-unrelated-snapshot	NOT_ASSESSED_BY_FILE_DELTA
BACKEND	src/modules/notifications/notifications.module.ts	BACKEND	SAME_CONTENT	8c2480109a498ddb4265e7c50450a539a8fb705152c5487a7b8f34ad6f003cf6	8c2480109a498ddb4265e7c50450a539a8fb705152c5487a7b8f34ad6f003cf6	source-directory-byte-hash-unrelated-snapshot	NOT_ASSESSED_BY_FILE_DELTA
BACKEND	src/modules/notifications/notifications.service.spec.ts	TEST_OR_E2E	SAME_CONTENT	8fe8ef59fdd3a8e617041910046184257ddbce29f169999064aea67a3195741a	8fe8ef59fdd3a8e617041910046184257ddbce29f169999064aea67a3195741a	source-directory-byte-hash-unrelated-snapshot	NOT_ASSESSED_BY_FILE_DELTA
BACKEND	src/modules/notifications/notifications.service.ts	BACKEND	SAME_CONTENT	8a7e14c6f75dd4fe23965a5eb028ffba26be40c20d24dcca9d8ff985facefddb	8a7e14c6f75dd4fe23965a5eb028ffba26be40c20d24dcca9d8ff985facefddb	source-directory-byte-hash-unrelated-snapshot	NOT_ASSESSED_BY_FILE_DELTA
BACKEND	src/modules/notifications/processors/mail.processor.ts	BACKEND	SAME_CONTENT	1a9ea408853c5c663d8c80ff5a512c82a9204ff8b83b3c612b1d899388606daf	1a9ea408853c5c663d8c80ff5a512c82a9204ff8b83b3c612b1d899388606daf	source-directory-byte-hash-unrelated-snapshot	NOT_ASSESSED_BY_FILE_DELTA
BACKEND	src/modules/notifications/repositories/notification.repository.ts	BACKEND	SAME_CONTENT	f6a9c2981c414df2493606d3af9474ef1928e0aba78554bbb1eb13c25ed21e5b	f6a9c2981c414df2493606d3af9474ef1928e0aba78554bbb1eb13c25ed21e5b	source-directory-byte-hash-unrelated-snapshot	NOT_ASSESSED_BY_FILE_DELTA
BACKEND	src/modules/nutrition/nutrition.controller.ts	BACKEND	SAME_CONTENT	8ba9a04424636583e03a6fc14c5f2ff6609ad23b7a4716628d2800b37814747f	8ba9a04424636583e03a6fc14c5f2ff6609ad23b7a4716628d2800b37814747f	source-directory-byte-hash-unrelated-snapshot	NOT_ASSESSED_BY_FILE_DELTA
BACKEND	src/modules/nutrition/nutrition.module.ts	BACKEND	SAME_CONTENT	b6212353ac569c9049363560eb92bd6de16fcaf7f9dea4285204695fca1bb191	b6212353ac569c9049363560eb92bd6de16fcaf7f9dea4285204695fca1bb191	source-directory-byte-hash-unrelated-snapshot	NOT_ASSESSED_BY_FILE_DELTA
BACKEND	src/modules/nutrition/nutrition.service.spec.ts	TEST_OR_E2E	SAME_CONTENT	ab1a13b7ef03cbb2dd6892efc13bfcc7270fa7d449ddac6468710d3b09cde2df	ab1a13b7ef03cbb2dd6892efc13bfcc7270fa7d449ddac6468710d3b09cde2df	source-directory-byte-hash-unrelated-snapshot	NOT_ASSESSED_BY_FILE_DELTA
BACKEND	src/modules/nutrition/nutrition.service.ts	BACKEND	SAME_CONTENT	4d6b202f97de04472f5751a84e03f35277423076a0f7a2ff2e168e62eca950e8	4d6b202f97de04472f5751a84e03f35277423076a0f7a2ff2e168e62eca950e8	source-directory-byte-hash-unrelated-snapshot	NOT_ASSESSED_BY_FILE_DELTA
BACKEND	src/modules/nutrition/repositories/exerciselog.repository.ts	BACKEND	SAME_CONTENT	61ce96d7e6a2fe332bc8e698e1d52a6dea39b901f93befc3eed0711e58d9a5f6	61ce96d7e6a2fe332bc8e698e1d52a6dea39b901f93befc3eed0711e58d9a5f6	source-directory-byte-hash-unrelated-snapshot	NOT_ASSESSED_BY_FILE_DELTA
BACKEND	src/modules/nutrition/repositories/meallog.repository.ts	BACKEND	SAME_CONTENT	40787f50f4d9813e2eaff2e408900f1795dbd2f3c6c294b6c821bd27c479d75f	40787f50f4d9813e2eaff2e408900f1795dbd2f3c6c294b6c821bd27c479d75f	source-directory-byte-hash-unrelated-snapshot	NOT_ASSESSED_BY_FILE_DELTA
BACKEND	src/modules/nutrition/repositories/nutritionprofile.repository.ts	BACKEND	SAME_CONTENT	a25ec66431a58df5b688c10fdfda1e607c860048de749ac53f791c962e31a5f0	a25ec66431a58df5b688c10fdfda1e607c860048de749ac53f791c962e31a5f0	source-directory-byte-hash-unrelated-snapshot	NOT_ASSESSED_BY_FILE_DELTA
BACKEND	src/modules/nutrition/repositories/waterlog.repository.ts	BACKEND	SAME_CONTENT	3ad5622ce67f0258101633e85cf172eced36ad965b6174120eb47b910f2a979c	3ad5622ce67f0258101633e85cf172eced36ad965b6174120eb47b910f2a979c	source-directory-byte-hash-unrelated-snapshot	NOT_ASSESSED_BY_FILE_DELTA
BACKEND	src/modules/ocr/ocr.service.ts	BACKEND	SAME_CONTENT	5942d3932679479d2e56d73bc78afb7fefcc850a4199fa257acd776b917f6da6	5942d3932679479d2e56d73bc78afb7fefcc850a4199fa257acd776b917f6da6	source-directory-byte-hash-unrelated-snapshot	NOT_ASSESSED_BY_FILE_DELTA
BACKEND	src/modules/operations-safety/operations-safety.module.ts	BACKEND	SAME_CONTENT	860706096cee7ed802ba73f8896b43152cc0c71129623166e6052ca6711bb097	860706096cee7ed802ba73f8896b43152cc0c71129623166e6052ca6711bb097	source-directory-byte-hash-unrelated-snapshot	NOT_ASSESSED_BY_FILE_DELTA
BACKEND	src/modules/ops/metrics.interceptor.ts	BACKEND	SAME_CONTENT	a3b1e152a154bfdbeb4f4082058cb50243d1feb75b4cd2d0a9a15725036d5d2c	a3b1e152a154bfdbeb4f4082058cb50243d1feb75b4cd2d0a9a15725036d5d2c	source-directory-byte-hash-unrelated-snapshot	NOT_ASSESSED_BY_FILE_DELTA
BACKEND	src/modules/ops/ops.controller.ts	BACKEND	SAME_CONTENT	68ad6e88cc58aa338ac9096d9e3e52a5dc56f370a39dd443f1fc5fb87b8a3e44	68ad6e88cc58aa338ac9096d9e3e52a5dc56f370a39dd443f1fc5fb87b8a3e44	source-directory-byte-hash-unrelated-snapshot	NOT_ASSESSED_BY_FILE_DELTA
BACKEND	src/modules/ops/ops.module.ts	BACKEND	SAME_CONTENT	74dae32b235288bd0ade2c49afa85004c041bf0764c4865eb74b63b202db81f2	74dae32b235288bd0ade2c49afa85004c041bf0764c4865eb74b63b202db81f2	source-directory-byte-hash-unrelated-snapshot	NOT_ASSESSED_BY_FILE_DELTA
BACKEND	src/modules/orders/dispatch.service.ts	BACKEND	SAME_CONTENT	d1dc9d5dcac865e6d05ad4da300ceb0f393b055c73020283fd0b6644de9c0816	d1dc9d5dcac865e6d05ad4da300ceb0f393b055c73020283fd0b6644de9c0816	source-directory-byte-hash-unrelated-snapshot	NOT_ASSESSED_BY_FILE_DELTA
BACKEND	src/modules/orders/dto/create-order.dto.ts	BACKEND	SAME_CONTENT	c8dfef43744e35c02e94d723ad36c07aeb4f945db153be21558a12595492dfad	c8dfef43744e35c02e94d723ad36c07aeb4f945db153be21558a12595492dfad	source-directory-byte-hash-unrelated-snapshot	NOT_ASSESSED_BY_FILE_DELTA
BACKEND	src/modules/orders/orders.controller.ts	BACKEND	SAME_CONTENT	8f38d1214e85988e6ef6149bedff7161d82dd162140e22ee99e7a7d6d314b03a	8f38d1214e85988e6ef6149bedff7161d82dd162140e22ee99e7a7d6d314b03a	source-directory-byte-hash-unrelated-snapshot	NOT_ASSESSED_BY_FILE_DELTA
BACKEND	src/modules/orders/orders.idempotency.contract.spec.ts	TEST_OR_E2E	SAME_CONTENT	6cac77fe5ac2b5aebf48624ed268763cb0edfaf275d03035718d4ea6886d8794	6cac77fe5ac2b5aebf48624ed268763cb0edfaf275d03035718d4ea6886d8794	source-directory-byte-hash-unrelated-snapshot	NOT_ASSESSED_BY_FILE_DELTA
BACKEND	src/modules/orders/orders.module.ts	BACKEND	SAME_CONTENT	f1b7703f6a206ec0bf0a1f5b7c76e801b67dcddfb86e8682d5f5dde2b25b75eb	f1b7703f6a206ec0bf0a1f5b7c76e801b67dcddfb86e8682d5f5dde2b25b75eb	source-directory-byte-hash-unrelated-snapshot	NOT_ASSESSED_BY_FILE_DELTA
BACKEND	src/modules/orders/orders.ownership.contract.spec.ts	TEST_OR_E2E	SAME_CONTENT	1f93e862b820d6125d5db4e23a1cfe3b9fb09271c17d95184525e62da770b2dd	1f93e862b820d6125d5db4e23a1cfe3b9fb09271c17d95184525e62da770b2dd	source-directory-byte-hash-unrelated-snapshot	NOT_ASSESSED_BY_FILE_DELTA
BACKEND	src/modules/orders/orders.service.refill-delivery.spec.ts	TEST_OR_E2E	SAME_CONTENT	36c3a242f0039741152b153d6c6be5ec1d82956ef0136298d2419250a37adcc7	36c3a242f0039741152b153d6c6be5ec1d82956ef0136298d2419250a37adcc7	source-directory-byte-hash-unrelated-snapshot	NOT_ASSESSED_BY_FILE_DELTA
BACKEND	src/modules/orders/orders.service.spec.ts	TEST_OR_E2E	SAME_CONTENT	da90467314bd3c866ebb3e98eb7396ff7cd1499c1d35c4c8290b33828b7129ef	da90467314bd3c866ebb3e98eb7396ff7cd1499c1d35c4c8290b33828b7129ef	source-directory-byte-hash-unrelated-snapshot	NOT_ASSESSED_BY_FILE_DELTA
BACKEND	src/modules/orders/orders.service.ts	BACKEND	SAME_CONTENT	18cb23bb64ac4f167bb994d55d7a0153aa84101e778337669e44e5b3318c0b1b	18cb23bb64ac4f167bb994d55d7a0153aa84101e778337669e44e5b3318c0b1b	source-directory-byte-hash-unrelated-snapshot	NOT_ASSESSED_BY_FILE_DELTA
BACKEND	src/modules/orders/repositories/delivery.repository.ts	BACKEND	SAME_CONTENT	67115431cb732cc71b3e4ef36cb4fad8d24ae2849cfcf7da4515be5861fa27b9	67115431cb732cc71b3e4ef36cb4fad8d24ae2849cfcf7da4515be5861fa27b9	source-directory-byte-hash-unrelated-snapshot	NOT_ASSESSED_BY_FILE_DELTA
BACKEND	src/modules/orders/repositories/medicine.repository.ts	BACKEND	SAME_CONTENT	6c4ad6a42dcb53e5193ff19c7ab023abe9856dac64f22ab3d479b4977e83723f	6c4ad6a42dcb53e5193ff19c7ab023abe9856dac64f22ab3d479b4977e83723f	source-directory-byte-hash-unrelated-snapshot	NOT_ASSESSED_BY_FILE_DELTA
BACKEND	src/modules/orders/repositories/order.repository.ts	BACKEND	SAME_CONTENT	17033cbe1be9edd2efec6aada595c57abd36c931d76a7aac3d19d254da39cec0	17033cbe1be9edd2efec6aada595c57abd36c931d76a7aac3d19d254da39cec0	source-directory-byte-hash-unrelated-snapshot	NOT_ASSESSED_BY_FILE_DELTA
BACKEND	src/modules/orders/repositories/pharmacybid.repository.ts	BACKEND	SAME_CONTENT	6946d6e4fd21209e53d4e902779bc19c47ea3d727564ae23fe42fd4534fe9d0c	6946d6e4fd21209e53d4e902779bc19c47ea3d727564ae23fe42fd4534fe9d0c	source-directory-byte-hash-unrelated-snapshot	NOT_ASSESSED_BY_FILE_DELTA
BACKEND	src/modules/orders/repositories/pharmacyinventory.repository.ts	BACKEND	SAME_CONTENT	79beccd917c3a41067cc42c19945ba2164ad94b9eb74c95965c4f85477c24630	79beccd917c3a41067cc42c19945ba2164ad94b9eb74c95965c4f85477c24630	source-directory-byte-hash-unrelated-snapshot	NOT_ASSESSED_BY_FILE_DELTA
BACKEND	src/modules/orders/repositories/providerprofile.repository.ts	BACKEND	SAME_CONTENT	0e689f87af957e6c51b6015e5d9ba0882ea6707b496b4b785dc4313b490f2d82	0e689f87af957e6c51b6015e5d9ba0882ea6707b496b4b785dc4313b490f2d82	source-directory-byte-hash-unrelated-snapshot	NOT_ASSESSED_BY_FILE_DELTA
BACKEND	src/modules/patient-ux/patient-ux.module.ts	BACKEND	SAME_CONTENT	d2e1ac0b7be7e5b93ea54141c51937e8aa8fa22242b8d7018566873338e3140a	d2e1ac0b7be7e5b93ea54141c51937e8aa8fa22242b8d7018566873338e3140a	source-directory-byte-hash-unrelated-snapshot	NOT_ASSESSED_BY_FILE_DELTA
BACKEND	src/modules/patient-ux/patient-ux.service.spec.ts	TEST_OR_E2E	SAME_CONTENT	0319b36fe3d78bfd9ec8ee4501349da392d3363f72982497dbb8189e35b47c4e	0319b36fe3d78bfd9ec8ee4501349da392d3363f72982497dbb8189e35b47c4e	source-directory-byte-hash-unrelated-snapshot	NOT_ASSESSED_BY_FILE_DELTA
BACKEND	src/modules/payments/payments-idor.spec.ts	TEST_OR_E2E	SAME_CONTENT	6e09797fd9f0a8a41163b3c3d115f211255ad950af838280b6f42f97239c04dd	6e09797fd9f0a8a41163b3c3d115f211255ad950af838280b6f42f97239c04dd	source-directory-byte-hash-unrelated-snapshot	NOT_ASSESSED_BY_FILE_DELTA
BACKEND	src/modules/payments/payments.module.ts	BACKEND	MODIFIED	ac5f1a10b641e4aedd9b5c85f33a87bcc3acdf5cebc889a7e136ee470dced664	c1d30116a9b35d0c028c0b0df7d14445752635ed8167ecf19e6c0ee28ae9ad85	source-directory-byte-hash-unrelated-snapshot	NOT_ASSESSED_BY_FILE_DELTA
BACKEND	src/modules/payments/paymob.controller.ts	BACKEND	MODIFIED	0256b75c9b1d3f3d756165a3a0e36928babd2349dbbc1a380dca7e23dbe49b00	617316b47134e172891951108b62a8ecf2598cf4292f08c9df1058a91986e34d	source-directory-byte-hash-unrelated-snapshot	NOT_ASSESSED_BY_FILE_DELTA
BACKEND	src/modules/payments/paymob.module.ts	BACKEND	SAME_CONTENT	27fd20e781b4fa4a9e559b5de14a68f6a6c2d2826af7ead324fb5f109a1961df	27fd20e781b4fa4a9e559b5de14a68f6a6c2d2826af7ead324fb5f109a1961df	source-directory-byte-hash-unrelated-snapshot	NOT_ASSESSED_BY_FILE_DELTA
BACKEND	src/modules/payments/paymob.service.ts	BACKEND	MODIFIED	deb0ecfa4bc281520b45ad35f37310b102c17a39e9fd98eb05743e864bd39f4f	e05823a0cc894253580b5fcfc70208b01b6a1f8318a643fdfc2df1e960607e1b	source-directory-byte-hash-unrelated-snapshot	NOT_ASSESSED_BY_FILE_DELTA
BACKEND	src/modules/payouts/provider-payouts.controller.spec.ts	TEST_OR_E2E	SAME_CONTENT	e33e5c25ecf1070a67f5090a9e69ab2037e9204a0e2f21c461b43f35e2a57c6a	e33e5c25ecf1070a67f5090a9e69ab2037e9204a0e2f21c461b43f35e2a57c6a	source-directory-byte-hash-unrelated-snapshot	NOT_ASSESSED_BY_FILE_DELTA
BACKEND	src/modules/payouts/provider-payouts.controller.ts	BACKEND	SAME_CONTENT	ca0b8693f52a38b6995a6a92cd3677298335b3d06b0c600a3c213790437e6242	ca0b8693f52a38b6995a6a92cd3677298335b3d06b0c600a3c213790437e6242	source-directory-byte-hash-unrelated-snapshot	NOT_ASSESSED_BY_FILE_DELTA
BACKEND	src/modules/pharmacy/controllers/admin-procurement.controller.ts	BACKEND	SAME_CONTENT	88891628c13786d1a52c3f574063fa98991e2d15d836b7ef8b287b953f819124	88891628c13786d1a52c3f574063fa98991e2d15d836b7ef8b287b953f819124	source-directory-byte-hash-unrelated-snapshot	NOT_ASSESSED_BY_FILE_DELTA
BACKEND	src/modules/pharmacy/controllers/procurement.controller.ts	BACKEND	SAME_CONTENT	76b09941fe58e09051fcc31526113b4581977c250efbe17f1e18979d1e4ddd3c	76b09941fe58e09051fcc31526113b4581977c250efbe17f1e18979d1e4ddd3c	source-directory-byte-hash-unrelated-snapshot	NOT_ASSESSED_BY_FILE_DELTA
BACKEND	src/modules/pharmacy/dto/admin-create-quotation.dto.ts	BACKEND	SAME_CONTENT	e91b8fc8194dff5d02489f011b8cd17ee50efe18f7c24d96202c3b9824be261a	e91b8fc8194dff5d02489f011b8cd17ee50efe18f7c24d96202c3b9824be261a	source-directory-byte-hash-unrelated-snapshot	NOT_ASSESSED_BY_FILE_DELTA
BACKEND	src/modules/pharmacy/dto/create-procurement-request.dto.ts	BACKEND	SAME_CONTENT	06653eda3cf0a41ee3fe6cb88fd321b39dbcebc2ab53ed9627999fede84079d9	06653eda3cf0a41ee3fe6cb88fd321b39dbcebc2ab53ed9627999fede84079d9	source-directory-byte-hash-unrelated-snapshot	NOT_ASSESSED_BY_FILE_DELTA
BACKEND	src/modules/pharmacy/dto/pharmacy-quotation-feedback.dto.ts	BACKEND	SAME_CONTENT	1a9dddb501114ba5ec450680bfde3f1f69fb74527825ee82cab74f394f47b075	1a9dddb501114ba5ec450680bfde3f1f69fb74527825ee82cab74f394f47b075	source-directory-byte-hash-unrelated-snapshot	NOT_ASSESSED_BY_FILE_DELTA
BACKEND	src/modules/pharmacy/enums/procurement-status.enum.ts	BACKEND	SAME_CONTENT	69d484d130e6b88235aca7e0f22c7d2b3fac2c47ce8e02df5576fb43cfb176ed	69d484d130e6b88235aca7e0f22c7d2b3fac2c47ce8e02df5576fb43cfb176ed	source-directory-byte-hash-unrelated-snapshot	NOT_ASSESSED_BY_FILE_DELTA
BACKEND	src/modules/pharmacy/patient-pharmacy.controller.ts	BACKEND	SAME_CONTENT	75d71fced8a5f6c0dfbe7c33ec8123518360912c5db3990058b2a5f9ca6b8552	75d71fced8a5f6c0dfbe7c33ec8123518360912c5db3990058b2a5f9ca6b8552	source-directory-byte-hash-unrelated-snapshot	NOT_ASSESSED_BY_FILE_DELTA
BACKEND	src/modules/pharmacy/pharmacy.controllers.spec.ts	TEST_OR_E2E	SAME_CONTENT	38688c9b85e41cb60e2e0b724853a2772c6629d1df3ed987c3bc8bdf6a79f17f	38688c9b85e41cb60e2e0b724853a2772c6629d1df3ed987c3bc8bdf6a79f17f	source-directory-byte-hash-unrelated-snapshot	NOT_ASSESSED_BY_FILE_DELTA
BACKEND	src/modules/pharmacy/pharmacy.controllers.ts	BACKEND	MODIFIED	65d5fd25555bce9425df818116e3ca36856392ab33f97a8d3b98eefe82e73a7c	52abc756be7dc62acdb9cb43a1e4201fcce60d572d97a676d7f934cb0f4783b8	source-directory-byte-hash-unrelated-snapshot	NOT_ASSESSED_BY_FILE_DELTA
BACKEND	src/modules/pharmacy/pharmacy.module.ts	BACKEND	SAME_CONTENT	ee45c85c3a5db9600a5720d8c70f68bf0fe984accc0b79c513314b1a9cd898fc	ee45c85c3a5db9600a5720d8c70f68bf0fe984accc0b79c513314b1a9cd898fc	source-directory-byte-hash-unrelated-snapshot	NOT_ASSESSED_BY_FILE_DELTA
BACKEND	src/modules/pharmacy/schemas/pharmacy.schema.ts	BACKEND	MODIFIED	7239d430fc9c90deecc54e3906a7ad88dfa081ffadb1fc3d5bfbe2cc036d2698	9ffb6933d33a2c13c2e4266b890deb9fda8c707996fc084d8f07baef548ac1e5	source-directory-byte-hash-unrelated-snapshot	NOT_ASSESSED_BY_FILE_DELTA
BACKEND	src/modules/pharmacy/schemas/procurement-request.schema.ts	BACKEND	SAME_CONTENT	eeb4db2d42ba4f59f8de484c001f82977cd009815cac601cdde3c168835efa08	eeb4db2d42ba4f59f8de484c001f82977cd009815cac601cdde3c168835efa08	source-directory-byte-hash-unrelated-snapshot	NOT_ASSESSED_BY_FILE_DELTA
BACKEND	src/modules/pharmacy/schemas/quotation.schema.ts	BACKEND	SAME_CONTENT	e5b010b21e51d967d642a89e83ceedac72f2d00a70d4ae95b2b79746d6da452d	e5b010b21e51d967d642a89e83ceedac72f2d00a70d4ae95b2b79746d6da452d	source-directory-byte-hash-unrelated-snapshot	NOT_ASSESSED_BY_FILE_DELTA
BACKEND	src/modules/pharmacy/services/pharmacy-allocation.service.ts	BACKEND	MODIFIED	86d76201ee3a2c335e2df710b6be0f106fc39ddae86de24f77aec6ee565cd019	6604bbb76ed2ee6067e46474859a318e602206be22fca2edabb4771e33a619e1	source-directory-byte-hash-unrelated-snapshot	NOT_ASSESSED_BY_FILE_DELTA
BACKEND	src/modules/pharmacy/services/pharmacy-broadcast.service.ts	BACKEND	MODIFIED	c9034f49af0423c7a9a98c7478896e94c879286e4935f102e0989946e1e6b30b	7d90fdf0075a63fa3e0dd681b7bdb83ca9d2ef3f61689c33b48260bc4a9010e3	source-directory-byte-hash-unrelated-snapshot	NOT_ASSESSED_BY_FILE_DELTA
BACKEND	src/modules/pharmacy/services/pharmacy-chat.service.ts	BACKEND	SAME_CONTENT	a2a7c1deed5a91c6632d41bb9d55a6701aa3e6973d0870e008070af2f03a5559	a2a7c1deed5a91c6632d41bb9d55a6701aa3e6973d0870e008070af2f03a5559	source-directory-byte-hash-unrelated-snapshot	NOT_ASSESSED_BY_FILE_DELTA
BACKEND	src/modules/pharmacy/services/pharmacy-inventory-ext.service.ts	BACKEND	SAME_CONTENT	f213b6e8ed37af48c7a327e9515c9b24885bc876f1ba3ba61d45b8a1e7ced323	f213b6e8ed37af48c7a327e9515c9b24885bc876f1ba3ba61d45b8a1e7ced323	source-directory-byte-hash-unrelated-snapshot	NOT_ASSESSED_BY_FILE_DELTA
BACKEND	src/modules/pharmacy/services/pharmacy-notification.service.ts	BACKEND	SAME_CONTENT	224866beb88273c19b75334e3a4256344c7d9023abc6825f9e0f6e747c2743e0	224866beb88273c19b75334e3a4256344c7d9023abc6825f9e0f6e747c2743e0	source-directory-byte-hash-unrelated-snapshot	NOT_ASSESSED_BY_FILE_DELTA
BACKEND	src/modules/pharmacy/services/pharmacy-order.service.ts	BACKEND	MODIFIED	aca7cfaf78879db047eea8704a2e9ae36984984831d2edde4b6fce89648e5e8e	00f9fd05f53d65a666d4423e1440b2def2f1c63efda9b3433ac35a02b396c72d	source-directory-byte-hash-unrelated-snapshot	NOT_ASSESSED_BY_FILE_DELTA
BACKEND	src/modules/pharmacy/services/pharmacy-orders-provider.service.ts	BACKEND	MODIFIED	fdcbd4ce7f1a9dc393ca01dc6bc419d23c7df7b0810cf3fcf423e16621281040	74e4e7b14e7d7ea78ebce46c2673269d471c483bb3ca00112a81f463d65877cb	source-directory-byte-hash-unrelated-snapshot	NOT_ASSESSED_BY_FILE_DELTA
BACKEND	src/modules/pharmacy/services/pharmacy-seed.service.ts	BACKEND	SAME_CONTENT	930e067dfa231b6fe6f8bb15c6260a6d59406b421cb218faaa43cf85c7e7e999	930e067dfa231b6fe6f8bb15c6260a6d59406b421cb218faaa43cf85c7e7e999	source-directory-byte-hash-unrelated-snapshot	NOT_ASSESSED_BY_FILE_DELTA
BACKEND	src/modules/pharmacy/services/pharmacy-shortage.service.spec.ts	TEST_OR_E2E	SAME_CONTENT	54437c0fe4018940e518dad9c791c0aaeec014501388f9e36e0f8b354cbec425	54437c0fe4018940e518dad9c791c0aaeec014501388f9e36e0f8b354cbec425	source-directory-byte-hash-unrelated-snapshot	NOT_ASSESSED_BY_FILE_DELTA
BACKEND	src/modules/pharmacy/services/pharmacy-shortage.service.ts	BACKEND	SAME_CONTENT	5956a2fb5a7941d687950570fbf298640e2bca92bcfaa0810a56b9939b85dd0f	5956a2fb5a7941d687950570fbf298640e2bca92bcfaa0810a56b9939b85dd0f	source-directory-byte-hash-unrelated-snapshot	NOT_ASSESSED_BY_FILE_DELTA
BACKEND	src/modules/pharmacy/services/procurement.service.ts	BACKEND	SAME_CONTENT	73418beb5dd674f4d90df5188a5ea785641be50a794bbd859e1155f479912527	73418beb5dd674f4d90df5188a5ea785641be50a794bbd859e1155f479912527	source-directory-byte-hash-unrelated-snapshot	NOT_ASSESSED_BY_FILE_DELTA
BACKEND	src/modules/pharmacy/services/repositories/drugrejectionlog.repository.ts	BACKEND	SAME_CONTENT	01ad2ea8c10f14e2b5115309becfcb62caf4b43d2fbea9572aeacbca3e5dd04a	01ad2ea8c10f14e2b5115309becfcb62caf4b43d2fbea9572aeacbca3e5dd04a	source-directory-byte-hash-unrelated-snapshot	NOT_ASSESSED_BY_FILE_DELTA
BACKEND	src/modules/pharmacy/services/repositories/drugshortageflag.repository.ts	BACKEND	SAME_CONTENT	bc6723dd05cddd8a420486f4a81f96c1772c7609b8371bc0df6311c4f6e73283	bc6723dd05cddd8a420486f4a81f96c1772c7609b8371bc0df6311c4f6e73283	source-directory-byte-hash-unrelated-snapshot	NOT_ASSESSED_BY_FILE_DELTA
BACKEND	src/modules/pharmacy/services/repositories/medicine.repository.ts	BACKEND	SAME_CONTENT	35f7a30bdccb0d425cf50765df35661bc8b8668984d597711e11eefd421170b2	35f7a30bdccb0d425cf50765df35661bc8b8668984d597711e11eefd421170b2	source-directory-byte-hash-unrelated-snapshot	NOT_ASSESSED_BY_FILE_DELTA
BACKEND	src/modules/pharmacy/services/repositories/pharmacyallocation.repository.ts	BACKEND	SAME_CONTENT	185129a4d86cc7f24e64d421900df3d771f6e97e8679e8fd144c362b1b603474	185129a4d86cc7f24e64d421900df3d771f6e97e8679e8fd144c362b1b603474	source-directory-byte-hash-unrelated-snapshot	NOT_ASSESSED_BY_FILE_DELTA
BACKEND	src/modules/pharmacy/services/repositories/pharmacybroadcast.repository.ts	BACKEND	SAME_CONTENT	ad5e9ff9e6db070cfff1e8063760a10ab8a36fe67e13429e939daafcd47dd5b8	ad5e9ff9e6db070cfff1e8063760a10ab8a36fe67e13429e939daafcd47dd5b8	source-directory-byte-hash-unrelated-snapshot	NOT_ASSESSED_BY_FILE_DELTA
BACKEND	src/modules/pharmacy/services/repositories/pharmacychatmessage.repository.ts	BACKEND	SAME_CONTENT	05d8ff878647718570fba38154e2e1be2b0650261e2751d58ca7bfe202205c2d	05d8ff878647718570fba38154e2e1be2b0650261e2751d58ca7bfe202205c2d	source-directory-byte-hash-unrelated-snapshot	NOT_ASSESSED_BY_FILE_DELTA
BACKEND	src/modules/pharmacy/services/repositories/pharmacychatthread.repository.ts	BACKEND	SAME_CONTENT	f28e03fdea665aa470c9cd37986d5215ae6f3271de5c157b009070d8df8ee158	f28e03fdea665aa470c9cd37986d5215ae6f3271de5c157b009070d8df8ee158	source-directory-byte-hash-unrelated-snapshot	NOT_ASSESSED_BY_FILE_DELTA
BACKEND	src/modules/pharmacy/services/repositories/pharmacyinventoryitem.repository.ts	BACKEND	SAME_CONTENT	4b948a5c18a468af9c4ba860635e6d8d53cfc6bbc602186661d39c7295158ac5	4b948a5c18a468af9c4ba860635e6d8d53cfc6bbc602186661d39c7295158ac5	source-directory-byte-hash-unrelated-snapshot	NOT_ASSESSED_BY_FILE_DELTA
BACKEND	src/modules/pharmacy/services/repositories/pharmacylowstockalert.repository.ts	BACKEND	SAME_CONTENT	61c88ae94ec19a7c3e2799653376d0987bf75ac65be12488597217ff1a577c15	61c88ae94ec19a7c3e2799653376d0987bf75ac65be12488597217ff1a577c15	source-directory-byte-hash-unrelated-snapshot	NOT_ASSESSED_BY_FILE_DELTA
BACKEND	src/modules/pharmacy/services/repositories/pharmacyorder.repository.ts	BACKEND	SAME_CONTENT	aa7d16ec71a95e75fa8368f5aaedbe534fa7f54977e642d11526b460c0b3a0a7	aa7d16ec71a95e75fa8368f5aaedbe534fa7f54977e642d11526b460c0b3a0a7	source-directory-byte-hash-unrelated-snapshot	NOT_ASSESSED_BY_FILE_DELTA
BACKEND	src/modules/pharmacy/services/repositories/procurementrequest.repository.ts	BACKEND	SAME_CONTENT	935eff0c9602e6119da4fadafb8e10449c88220011714ebb30951dfb9a615b64	935eff0c9602e6119da4fadafb8e10449c88220011714ebb30951dfb9a615b64	source-directory-byte-hash-unrelated-snapshot	NOT_ASSESSED_BY_FILE_DELTA
BACKEND	src/modules/pharmacy/services/repositories/provideraccount.repository.ts	BACKEND	SAME_CONTENT	cb63a6c1c63c44a102b62851379eb448caf240c05f45534d8ba8b1bc0d1b6d55	cb63a6c1c63c44a102b62851379eb448caf240c05f45534d8ba8b1bc0d1b6d55	source-directory-byte-hash-unrelated-snapshot	NOT_ASSESSED_BY_FILE_DELTA
BACKEND	src/modules/pharmacy/services/repositories/provideraccountprofile.repository.ts	BACKEND	SAME_CONTENT	07db70cad73cc138e8093295f1061993c61008bb140b49075d66e265a3d077d7	07db70cad73cc138e8093295f1061993c61008bb140b49075d66e265a3d077d7	source-directory-byte-hash-unrelated-snapshot	NOT_ASSESSED_BY_FILE_DELTA
BACKEND	src/modules/pharmacy/services/repositories/provideravailability.repository.ts	BACKEND	SAME_CONTENT	d69bd834aaa1b3542c9ddb44e5ef08b0e4487027d083a068934ba920087a47d8	d69bd834aaa1b3542c9ddb44e5ef08b0e4487027d083a068934ba920087a47d8	source-directory-byte-hash-unrelated-snapshot	NOT_ASSESSED_BY_FILE_DELTA
BACKEND	src/modules/pharmacy/services/repositories/providerscoresnapshot.repository.ts	BACKEND	SAME_CONTENT	633ee0a8f019a12d4a2e90a118fbe49cb6371ecabfafde58477f48eeceaf521d	633ee0a8f019a12d4a2e90a118fbe49cb6371ecabfafde58477f48eeceaf521d	source-directory-byte-hash-unrelated-snapshot	NOT_ASSESSED_BY_FILE_DELTA
BACKEND	src/modules/pharmacy/services/repositories/quotation.repository.ts	BACKEND	SAME_CONTENT	ad5e2e5f394a09950899defa97518afc10958057ec4ba24e2dad100b2c49c53e	ad5e2e5f394a09950899defa97518afc10958057ec4ba24e2dad100b2c49c53e	source-directory-byte-hash-unrelated-snapshot	NOT_ASSESSED_BY_FILE_DELTA
BACKEND	src/modules/pharmacy/services/repositories/systemconfig.repository.ts	BACKEND	SAME_CONTENT	31dabd7868882bcb45a186bc9359d85fbe8301fc276393049e04bb375065813f	31dabd7868882bcb45a186bc9359d85fbe8301fc276393049e04bb375065813f	source-directory-byte-hash-unrelated-snapshot	NOT_ASSESSED_BY_FILE_DELTA
BACKEND	src/modules/pharmacy/services/smart-split.service.ts	BACKEND	SAME_CONTENT	0a9a63b93d58c2a1f7f7add9bd250f745cf86795fff92dbd490644b00bc26a37	0a9a63b93d58c2a1f7f7add9bd250f745cf86795fff92dbd490644b00bc26a37	source-directory-byte-hash-unrelated-snapshot	NOT_ASSESSED_BY_FILE_DELTA
BACKEND	src/modules/pharmacy/tests/pharmacy-broadcast.service.spec.ts	TEST_OR_E2E	SAME_CONTENT	d89014a16f7e9c8315a19b4280bbe8bf3e382c8545eb6930ddf5c6af48674b50	d89014a16f7e9c8315a19b4280bbe8bf3e382c8545eb6930ddf5c6af48674b50	source-directory-byte-hash-unrelated-snapshot	NOT_ASSESSED_BY_FILE_DELTA
BACKEND	src/modules/pharmacy/tests/procurement.service.spec.ts	TEST_OR_E2E	SAME_CONTENT	b8ccf6cde527dd9dfa4d168ec5a608613456ce4983cfd32fa22021fa97ebf97c	b8ccf6cde527dd9dfa4d168ec5a608613456ce4983cfd32fa22021fa97ebf97c	source-directory-byte-hash-unrelated-snapshot	NOT_ASSESSED_BY_FILE_DELTA
BACKEND	src/modules/pharmacy_ops/pharmacy_ops.controller.ts	BACKEND	MODIFIED	beb899886eb193f0ff35c774ebdf73a048095e76c39858f574d6add1290d2354	f92daee9ca0e4ce3560f90c7e9c6f50c2272e53648db3dbdb9c72a9563c54b46	source-directory-byte-hash-unrelated-snapshot	NOT_ASSESSED_BY_FILE_DELTA
BACKEND	src/modules/pharmacy_ops/pharmacy_ops.module.ts	BACKEND	MODIFIED	b125bd517b6c5e22b929dbc6772dba039aadd4cc9d608f57ae9c832eebdc1384	5538673c3392cc155ca0ad526251702c2f35593b699c91c235d82cf6743b1ac6	source-directory-byte-hash-unrelated-snapshot	NOT_ASSESSED_BY_FILE_DELTA
BACKEND	src/modules/pharmacy_ops/pharmacy_ops.service.ts	BACKEND	SAME_CONTENT	57228f10125786b89eb65e114e02c0023c9a73d5853ae8f82d014bcff83010b8	57228f10125786b89eb65e114e02c0023c9a73d5853ae8f82d014bcff83010b8	source-directory-byte-hash-unrelated-snapshot	NOT_ASSESSED_BY_FILE_DELTA
BACKEND	src/modules/pharmacy_ops/repositories/medicine.repository.ts	BACKEND	SAME_CONTENT	6c4ad6a42dcb53e5193ff19c7ab023abe9856dac64f22ab3d479b4977e83723f	6c4ad6a42dcb53e5193ff19c7ab023abe9856dac64f22ab3d479b4977e83723f	source-directory-byte-hash-unrelated-snapshot	NOT_ASSESSED_BY_FILE_DELTA
BACKEND	src/modules/pharmacy_ops/repositories/order.repository.ts	BACKEND	SAME_CONTENT	17033cbe1be9edd2efec6aada595c57abd36c931d76a7aac3d19d254da39cec0	17033cbe1be9edd2efec6aada595c57abd36c931d76a7aac3d19d254da39cec0	source-directory-byte-hash-unrelated-snapshot	NOT_ASSESSED_BY_FILE_DELTA
BACKEND	src/modules/pharmacy_ops/repositories/pharmacyinventory.repository.ts	BACKEND	SAME_CONTENT	79beccd917c3a41067cc42c19945ba2164ad94b9eb74c95965c4f85477c24630	79beccd917c3a41067cc42c19945ba2164ad94b9eb74c95965c4f85477c24630	source-directory-byte-hash-unrelated-snapshot	NOT_ASSESSED_BY_FILE_DELTA
BACKEND	src/modules/prescriptions/prescriptions.authorization.spec.ts	TEST_OR_E2E	SAME_CONTENT	3c29dc5c8630ce1a56865d168af77db1178fa4c0f420b01c7cf379ba5084cb3b	3c29dc5c8630ce1a56865d168af77db1178fa4c0f420b01c7cf379ba5084cb3b	source-directory-byte-hash-unrelated-snapshot	NOT_ASSESSED_BY_FILE_DELTA
BACKEND	src/modules/prescriptions/prescriptions.controller.ts	BACKEND	SAME_CONTENT	c8ac79627dbf11cb15f94b8a22f8f514ac39b1c6e18ecfd8267bc073a03b34fd	c8ac79627dbf11cb15f94b8a22f8f514ac39b1c6e18ecfd8267bc073a03b34fd	source-directory-byte-hash-unrelated-snapshot	NOT_ASSESSED_BY_FILE_DELTA
BACKEND	src/modules/prescriptions/prescriptions.module.ts	BACKEND	SAME_CONTENT	306f55a9992a1ddbd189a9d2c81d64cb618ad6f37842be48bd01890cd3ef92a4	306f55a9992a1ddbd189a9d2c81d64cb618ad6f37842be48bd01890cd3ef92a4	source-directory-byte-hash-unrelated-snapshot	NOT_ASSESSED_BY_FILE_DELTA
BACKEND	src/modules/prescriptions/prescriptions.service.ts	BACKEND	SAME_CONTENT	62a52f72c61993ddf95fb89f7db5da6cc8521d6145339d20c09e7559068fd7eb	62a52f72c61993ddf95fb89f7db5da6cc8521d6145339d20c09e7559068fd7eb	source-directory-byte-hash-unrelated-snapshot	NOT_ASSESSED_BY_FILE_DELTA
BACKEND	src/modules/prescriptions/repositories/prescription.repository.ts	BACKEND	SAME_CONTENT	cc9cb2400f933f35db0f12a2d4f19bede3913514013138d79d03131efeb69fa9	cc9cb2400f933f35db0f12a2d4f19bede3913514013138d79d03131efeb69fa9	source-directory-byte-hash-unrelated-snapshot	NOT_ASSESSED_BY_FILE_DELTA
BACKEND	src/modules/presence/presence.module.ts	BACKEND	SAME_CONTENT	18d13f962ca22d8445548979dde750e1533293d377d7cf277be707dedf0660b4	18d13f962ca22d8445548979dde750e1533293d377d7cf277be707dedf0660b4	source-directory-byte-hash-unrelated-snapshot	NOT_ASSESSED_BY_FILE_DELTA
BACKEND	src/modules/presence/presence.service.ts	BACKEND	SAME_CONTENT	ccc120155f3a8627e6e584ff916ca118a771c367f69d39f53f65ec06d9aa9d59	ccc120155f3a8627e6e584ff916ca118a771c367f69d39f53f65ec06d9aa9d59	source-directory-byte-hash-unrelated-snapshot	NOT_ASSESSED_BY_FILE_DELTA
BACKEND	src/modules/provider-jobs/provider-jobs.module.ts	BACKEND	SAME_CONTENT	e8e6342480f89ba8f31cd009ea488908cf5b8af0341601333700c4b618b9cadd	e8e6342480f89ba8f31cd009ea488908cf5b8af0341601333700c4b618b9cadd	source-directory-byte-hash-unrelated-snapshot	NOT_ASSESSED_BY_FILE_DELTA
BACKEND	src/modules/provider-onboarding/contract-pdf.service.ts	BACKEND	SAME_CONTENT	a64d40133baaab445692885ce66f8c63db8c194ce4ce1220ece9453c36d763af	a64d40133baaab445692885ce66f8c63db8c194ce4ce1220ece9453c36d763af	source-directory-byte-hash-unrelated-snapshot	NOT_ASSESSED_BY_FILE_DELTA
BACKEND	src/modules/provider-onboarding/provider-onboarding.module.ts	BACKEND	SAME_CONTENT	c2ff7bad3f093a19d6366af9e0ffcda096e3e019f12c078508d4b1c102c57c13	c2ff7bad3f093a19d6366af9e0ffcda096e3e019f12c078508d4b1c102c57c13	source-directory-byte-hash-unrelated-snapshot	NOT_ASSESSED_BY_FILE_DELTA
BACKEND	src/modules/provider-ops/provider-ops.module.ts	BACKEND	MODIFIED	993e32c791528b5d6b3fb0ea0734517e3cbffec45651dc628861576edbac507a	ff60fa2168077cddf3e2ad7a189566a0662c733d2c5dfc1264fea196c1990e4f	source-directory-byte-hash-unrelated-snapshot	NOT_ASSESSED_BY_FILE_DELTA
BACKEND	src/modules/provider-production/provider-production.module.ts	BACKEND	INCOMING_ONLY		b98697d5e1b3f01dfbe367a02d41d335edeffb83900681bb327bddcf2722a8bd	source-directory-byte-hash-unrelated-snapshot	NOT_ASSESSED_BY_FILE_DELTA
BACKEND	src/modules/provider/leave-requests.controller.ts	BACKEND	SAME_CONTENT	a1e2807cd3bb76553a1eb006e42347717a6476b502d4519fafaf75a641620e7f	a1e2807cd3bb76553a1eb006e42347717a6476b502d4519fafaf75a641620e7f	source-directory-byte-hash-unrelated-snapshot	NOT_ASSESSED_BY_FILE_DELTA
BACKEND	src/modules/provider/provider-requests.doctor-contract.spec.ts	TEST_OR_E2E	SAME_CONTENT	6854a8c982d18e210ff8ff5623f3de7d53e087be178caaea04424cbbcc2d2616	6854a8c982d18e210ff8ff5623f3de7d53e087be178caaea04424cbbcc2d2616	source-directory-byte-hash-unrelated-snapshot	NOT_ASSESSED_BY_FILE_DELTA
BACKEND	src/modules/provider/provider.controllers.ts	BACKEND	SAME_CONTENT	90f2b6220759a351a2acbefc1a7b09268590d43ac6a705811acd2f54a3001c28	90f2b6220759a351a2acbefc1a7b09268590d43ac6a705811acd2f54a3001c28	source-directory-byte-hash-unrelated-snapshot	NOT_ASSESSED_BY_FILE_DELTA
BACKEND	src/modules/provider/provider.enums.ts	BACKEND	SAME_CONTENT	a68011e7579a4c890567ce415243e01da7c6534449e61046b887d643cb6a8773	a68011e7579a4c890567ce415243e01da7c6534449e61046b887d643cb6a8773	source-directory-byte-hash-unrelated-snapshot	NOT_ASSESSED_BY_FILE_DELTA
BACKEND	src/modules/provider/provider.module.ts	BACKEND	SAME_CONTENT	f95e11086a820c0f4152de0738ac96d97355db5ba7d07f03a7b00d9107dfa78f	f95e11086a820c0f4152de0738ac96d97355db5ba7d07f03a7b00d9107dfa78f	source-directory-byte-hash-unrelated-snapshot	NOT_ASSESSED_BY_FILE_DELTA
BACKEND	src/modules/provider/schemas/capabilities.schema.ts	BACKEND	SAME_CONTENT	a12c9d64ae68cea04bc4e10ea894450c13d860d40b68baea6a709705f15dbc3a	a12c9d64ae68cea04bc4e10ea894450c13d860d40b68baea6a709705f15dbc3a	source-directory-byte-hash-unrelated-snapshot	NOT_ASSESSED_BY_FILE_DELTA
BACKEND	src/modules/provider/schemas/delta.schema.ts	BACKEND	SAME_CONTENT	4dfaa5f9b3144877bcfcce9ed9513900314928537f82887e8e6a3efa913767c8	4dfaa5f9b3144877bcfcce9ed9513900314928537f82887e8e6a3efa913767c8	source-directory-byte-hash-unrelated-snapshot	NOT_ASSESSED_BY_FILE_DELTA
BACKEND	src/modules/provider/schemas/index.ts	BACKEND	SAME_CONTENT	c3dbfa07dd0d9157962c356b5d181584a35f1e90f88b6ac091578f52769bfcfd	c3dbfa07dd0d9157962c356b5d181584a35f1e90f88b6ac091578f52769bfcfd	source-directory-byte-hash-unrelated-snapshot	NOT_ASSESSED_BY_FILE_DELTA
BACKEND	src/modules/provider/schemas/requests.schema.ts	BACKEND	SAME_CONTENT	37acc8bac959c37e748a53e054f7c58dc262b2351d34be8d32f44e651cb85414	37acc8bac959c37e748a53e054f7c58dc262b2351d34be8d32f44e651cb85414	source-directory-byte-hash-unrelated-snapshot	NOT_ASSESSED_BY_FILE_DELTA
BACKEND	src/modules/provider/services/assignment-strategy.service.ts	BACKEND	SAME_CONTENT	285c3b58de81b202b6a75536022433dfb0e24fbbc72adb741c440d42d218036f	285c3b58de81b202b6a75536022433dfb0e24fbbc72adb741c440d42d218036f	source-directory-byte-hash-unrelated-snapshot	NOT_ASSESSED_BY_FILE_DELTA
BACKEND	src/modules/provider/services/geo-engine.service.ts	BACKEND	SAME_CONTENT	1eae4a59e8a843db8c1d052c24cba5f09b99e2041e61b3060302ed2029797be7	1eae4a59e8a843db8c1d052c24cba5f09b99e2041e61b3060302ed2029797be7	source-directory-byte-hash-unrelated-snapshot	NOT_ASSESSED_BY_FILE_DELTA
BACKEND	src/modules/provider/services/provider-admin.service.ts	BACKEND	SAME_CONTENT	1694f07d5bb4e0e1e27cc5afb38f1bf62c9628e810638e666de44e88d3fe1aa2	1694f07d5bb4e0e1e27cc5afb38f1bf62c9628e810638e666de44e88d3fe1aa2	source-directory-byte-hash-unrelated-snapshot	NOT_ASSESSED_BY_FILE_DELTA
BACKEND	src/modules/provider/services/provider-auth.service.ts	BACKEND	SAME_CONTENT	058dbe7ae7a347abd3707698bf196b029169287e1445f90c269259fbabbf6226	058dbe7ae7a347abd3707698bf196b029169287e1445f90c269259fbabbf6226	source-directory-byte-hash-unrelated-snapshot	NOT_ASSESSED_BY_FILE_DELTA
BACKEND	src/modules/provider/services/provider-dashboard.service.ts	BACKEND	SAME_CONTENT	b338dffaf9f0bb6656e2ae822c3b301a2caec22aceba9fb4311891ae0734f9c8	b338dffaf9f0bb6656e2ae822c3b301a2caec22aceba9fb4311891ae0734f9c8	source-directory-byte-hash-unrelated-snapshot	NOT_ASSESSED_BY_FILE_DELTA
BACKEND	src/modules/provider/services/provider-image-processor.service.ts	BACKEND	SAME_CONTENT	8b015c4902c11bda40470a9945f68e3d209525fdaf559a02faafaa78673d8415	8b015c4902c11bda40470a9945f68e3d209525fdaf559a02faafaa78673d8415	source-directory-byte-hash-unrelated-snapshot	NOT_ASSESSED_BY_FILE_DELTA
BACKEND	src/modules/provider/services/provider-mailer.service.ts	BACKEND	SAME_CONTENT	89ed0f554e7bdd2cd7f081f2b401f8845c5a77260f0d804e8cf65b640673d62d	89ed0f554e7bdd2cd7f081f2b401f8845c5a77260f0d804e8cf65b640673d62d	source-directory-byte-hash-unrelated-snapshot	NOT_ASSESSED_BY_FILE_DELTA
BACKEND	src/modules/provider/services/provider-matching.service.ts	BACKEND	SAME_CONTENT	93e6d97a46e3e4c03ac6d676becfd8fdb33deb4c96ecd867935aefe67412d44e	93e6d97a46e3e4c03ac6d676becfd8fdb33deb4c96ecd867935aefe67412d44e	source-directory-byte-hash-unrelated-snapshot	NOT_ASSESSED_BY_FILE_DELTA
BACKEND	src/modules/provider/services/provider-notifications.service.ts	BACKEND	SAME_CONTENT	9a64838a33cf582faf59a2b0a5744246499bb8953f32f4165cfff6c16e0ac81d	9a64838a33cf582faf59a2b0a5744246499bb8953f32f4165cfff6c16e0ac81d	source-directory-byte-hash-unrelated-snapshot	NOT_ASSESSED_BY_FILE_DELTA
BACKEND	src/modules/provider/services/provider-operators.service.ts	BACKEND	SAME_CONTENT	d6a3e1d47b241c11d544cc24a6436526fcf81198ac4d4f77110a9a6145f27f15	d6a3e1d47b241c11d544cc24a6436526fcf81198ac4d4f77110a9a6145f27f15	source-directory-byte-hash-unrelated-snapshot	NOT_ASSESSED_BY_FILE_DELTA
BACKEND	src/modules/provider/services/provider-otp.service.ts	BACKEND	SAME_CONTENT	339a6cc38e1f1ffdfa3af8b3521316ae8a6f270fa0580b7572494a3b5e00fddc	339a6cc38e1f1ffdfa3af8b3521316ae8a6f270fa0580b7572494a3b5e00fddc	source-directory-byte-hash-unrelated-snapshot	NOT_ASSESSED_BY_FILE_DELTA
BACKEND	src/modules/provider/services/provider-profile.service.ts	BACKEND	SAME_CONTENT	cce9d156359264b3985477b9ffeafdc7d8db8ac455d9f6c74e04189edacbcc75	cce9d156359264b3985477b9ffeafdc7d8db8ac455d9f6c74e04189edacbcc75	source-directory-byte-hash-unrelated-snapshot	NOT_ASSESSED_BY_FILE_DELTA
BACKEND	src/modules/provider/services/provider-request-engine.service.assignment.spec.ts	TEST_OR_E2E	SAME_CONTENT	bafdaeda50c0c8b889f76aa9e3708a72f8d85c653c4990c84695377e6a582753	bafdaeda50c0c8b889f76aa9e3708a72f8d85c653c4990c84695377e6a582753	source-directory-byte-hash-unrelated-snapshot	NOT_ASSESSED_BY_FILE_DELTA
BACKEND	src/modules/provider/services/provider-request-engine.service.ts	BACKEND	SAME_CONTENT	b5b020ba9e99d712fab67911270b0ea8959f394807619d216f50dde2f04a0b69	b5b020ba9e99d712fab67911270b0ea8959f394807619d216f50dde2f04a0b69	source-directory-byte-hash-unrelated-snapshot	NOT_ASSESSED_BY_FILE_DELTA
BACKEND	src/modules/provider/services/provider-schedule.service.ts	BACKEND	SAME_CONTENT	2644994984a6a9b222a9b7dd6f299145b086fee4fe9d885af95fd2336a4a67f1	2644994984a6a9b222a9b7dd6f299145b086fee4fe9d885af95fd2336a4a67f1	source-directory-byte-hash-unrelated-snapshot	NOT_ASSESSED_BY_FILE_DELTA
BACKEND	src/modules/provider/services/provider-scoring.service.ts	BACKEND	SAME_CONTENT	1b4e47ab657101e39f2a27b5f2e9f5bfb83ec2b75e90249934234b75562a2ef3	1b4e47ab657101e39f2a27b5f2e9f5bfb83ec2b75e90249934234b75562a2ef3	source-directory-byte-hash-unrelated-snapshot	NOT_ASSESSED_BY_FILE_DELTA
BACKEND	src/modules/provider/services/provider-seed.service.ts	BACKEND	SAME_CONTENT	a8e354c1d3224d0f417584a28f7a97003e4f2185b97535c1695f32af970349eb	a8e354c1d3224d0f417584a28f7a97003e4f2185b97535c1695f32af970349eb	source-directory-byte-hash-unrelated-snapshot	NOT_ASSESSED_BY_FILE_DELTA
BACKEND	src/modules/provider/services/repositories/doctorsessiontype.repository.ts	BACKEND	SAME_CONTENT	6fcdb62a1d466438dae5182905c42194cf100ba67ce9be2dbeacd696314884c6	6fcdb62a1d466438dae5182905c42194cf100ba67ce9be2dbeacd696314884c6	source-directory-byte-hash-unrelated-snapshot	NOT_ASSESSED_BY_FILE_DELTA
BACKEND	src/modules/provider/services/repositories/homecareservicecatalogitem.repository.ts	BACKEND	SAME_CONTENT	e8eab7b171855940787cf90db5cbc0f00d6fbe2712fc149ffbb3cd8d470b5702	e8eab7b171855940787cf90db5cbc0f00d6fbe2712fc149ffbb3cd8d470b5702	source-directory-byte-hash-unrelated-snapshot	NOT_ASSESSED_BY_FILE_DELTA
BACKEND	src/modules/provider/services/repositories/imageprocessingjob.repository.ts	BACKEND	SAME_CONTENT	592d5016c4e8ebbca2c44c0ee261366edcdfc9bb06a3ccd5e5185bdbe75a7889	592d5016c4e8ebbca2c44c0ee261366edcdfc9bb06a3ccd5e5185bdbe75a7889	source-directory-byte-hash-unrelated-snapshot	NOT_ASSESSED_BY_FILE_DELTA
BACKEND	src/modules/provider/services/repositories/labtestcatalogitem.repository.ts	BACKEND	SAME_CONTENT	715c38ea2e3183028f3d95e7646e2935f0f111f2edc3ad82544be01475986384	715c38ea2e3183028f3d95e7646e2935f0f111f2edc3ad82544be01475986384	source-directory-byte-hash-unrelated-snapshot	NOT_ASSESSED_BY_FILE_DELTA
BACKEND	src/modules/provider/services/repositories/pharmacyinventoryitem.repository.ts	BACKEND	SAME_CONTENT	b76230305dd9547b3a9b4176101e37410de54e3fc21f623bf797721e18e21e44	b76230305dd9547b3a9b4176101e37410de54e3fc21f623bf797721e18e21e44	source-directory-byte-hash-unrelated-snapshot	NOT_ASSESSED_BY_FILE_DELTA
BACKEND	src/modules/provider/services/repositories/profileimageauditlog.repository.ts	BACKEND	SAME_CONTENT	c727fea60806589401e3a921409b84ecc35c4bd84ea0e4d34d5cac9b558abee8	c727fea60806589401e3a921409b84ecc35c4bd84ea0e4d34d5cac9b558abee8	source-directory-byte-hash-unrelated-snapshot	NOT_ASSESSED_BY_FILE_DELTA
BACKEND	src/modules/provider/services/repositories/profileimagemetadata.repository.ts	BACKEND	SAME_CONTENT	9f0423a07c60062e9c8b8719416821cb682c652ef09e50790f7b716bcfc88f1e	9f0423a07c60062e9c8b8719416821cb682c652ef09e50790f7b716bcfc88f1e	source-directory-byte-hash-unrelated-snapshot	NOT_ASSESSED_BY_FILE_DELTA
BACKEND	src/modules/provider/services/repositories/provideraccount.repository.ts	BACKEND	SAME_CONTENT	184f958e052892c6fdc31344801666ffc090681abcfcbdacbbfef508088001a3	184f958e052892c6fdc31344801666ffc090681abcfcbdacbbfef508088001a3	source-directory-byte-hash-unrelated-snapshot	NOT_ASSESSED_BY_FILE_DELTA
BACKEND	src/modules/provider/services/repositories/provideraccountprofile.repository.ts	BACKEND	SAME_CONTENT	41286ae8c55085ed5b35356c5b3066ba3d0665682090188b660c32dd27e17421	41286ae8c55085ed5b35356c5b3066ba3d0665682090188b660c32dd27e17421	source-directory-byte-hash-unrelated-snapshot	NOT_ASSESSED_BY_FILE_DELTA
BACKEND	src/modules/provider/services/repositories/providerassignmentattempt.repository.ts	BACKEND	SAME_CONTENT	ffcdc3950d833b4da08540561c325eb027f8b5eccfecd4962074612fce83ae9f	ffcdc3950d833b4da08540561c325eb027f8b5eccfecd4962074612fce83ae9f	source-directory-byte-hash-unrelated-snapshot	NOT_ASSESSED_BY_FILE_DELTA
BACKEND	src/modules/provider/services/repositories/providerauditlog.repository.ts	BACKEND	SAME_CONTENT	671c26e264162b67cbe5068f3c3770de82e9c3597b082807c7b0af2944c8514f	671c26e264162b67cbe5068f3c3770de82e9c3597b082807c7b0af2944c8514f	source-directory-byte-hash-unrelated-snapshot	NOT_ASSESSED_BY_FILE_DELTA
BACKEND	src/modules/provider/services/repositories/provideravailability.repository.ts	BACKEND	SAME_CONTENT	9c72f84769efb01a47096af4afcdcbe63955ffb3921c0186407d9cdd86ab4399	9c72f84769efb01a47096af4afcdcbe63955ffb3921c0186407d9cdd86ab4399	source-directory-byte-hash-unrelated-snapshot	NOT_ASSESSED_BY_FILE_DELTA
BACKEND	src/modules/provider/services/repositories/providerbankaccount.repository.ts	BACKEND	SAME_CONTENT	dc54d1a0e88c5f50a7bdf20fae9acbca870143d36181267ee03e32b9342623c7	dc54d1a0e88c5f50a7bdf20fae9acbca870143d36181267ee03e32b9342623c7	source-directory-byte-hash-unrelated-snapshot	NOT_ASSESSED_BY_FILE_DELTA
BACKEND	src/modules/provider/services/repositories/providerdeliveryzone.repository.ts	BACKEND	SAME_CONTENT	20d55f014ed13e175467f26fd9c90859eedbbcaf5f33f116ff859807510acf00	20d55f014ed13e175467f26fd9c90859eedbbcaf5f33f116ff859807510acf00	source-directory-byte-hash-unrelated-snapshot	NOT_ASSESSED_BY_FILE_DELTA
BACKEND	src/modules/provider/services/repositories/providerdocument.repository.ts	BACKEND	SAME_CONTENT	2ac7a0c8a5af8c9357d868488f4186f27a078c254ea3e88a7edd27e0d3a37e73	2ac7a0c8a5af8c9357d868488f4186f27a078c254ea3e88a7edd27e0d3a37e73	source-directory-byte-hash-unrelated-snapshot	NOT_ASSESSED_BY_FILE_DELTA
BACKEND	src/modules/provider/services/repositories/providernotification.repository.ts	BACKEND	SAME_CONTENT	85e1a5dec764fb473358cd3ab74e55e8cc85318e3a5c027caac2a07522e3a3c8	85e1a5dec764fb473358cd3ab74e55e8cc85318e3a5c027caac2a07522e3a3c8	source-directory-byte-hash-unrelated-snapshot	NOT_ASSESSED_BY_FILE_DELTA
BACKEND	src/modules/provider/services/repositories/provideroperator.repository.ts	BACKEND	SAME_CONTENT	35c7669211671c2351f48999c0c50eba98af81b3131522d1644ea1d5daeac773	35c7669211671c2351f48999c0c50eba98af81b3131522d1644ea1d5daeac773	source-directory-byte-hash-unrelated-snapshot	NOT_ASSESSED_BY_FILE_DELTA
BACKEND	src/modules/provider/services/repositories/providerotpcode.repository.ts	BACKEND	SAME_CONTENT	4cbd3023b19e078bca690eb07acf51db02045d38d53faf918032f17dc17c1e92	4cbd3023b19e078bca690eb07acf51db02045d38d53faf918032f17dc17c1e92	source-directory-byte-hash-unrelated-snapshot	NOT_ASSESSED_BY_FILE_DELTA
BACKEND	src/modules/provider/services/repositories/providerrequest.repository.ts	BACKEND	SAME_CONTENT	e01c73bb7c4aef2013a83b1362a98de10d9aebf61d817f0e1372188766d3a2ac	e01c73bb7c4aef2013a83b1362a98de10d9aebf61d817f0e1372188766d3a2ac	source-directory-byte-hash-unrelated-snapshot	NOT_ASSESSED_BY_FILE_DELTA
BACKEND	src/modules/provider/services/repositories/providerscheduleslot.repository.ts	BACKEND	SAME_CONTENT	4ac66d4f8439715155521c397a3cac174e7de3e04deb60e306e738016e820d36	4ac66d4f8439715155521c397a3cac174e7de3e04deb60e306e738016e820d36	source-directory-byte-hash-unrelated-snapshot	NOT_ASSESSED_BY_FILE_DELTA
BACKEND	src/modules/provider/services/repositories/providerscoresnapshot.repository.ts	BACKEND	SAME_CONTENT	697e6738409c757e9b7aae97c16cabeb8d563bce639d61f1bbbc441a9f97ed21	697e6738409c757e9b7aae97c16cabeb8d563bce639d61f1bbbc441a9f97ed21	source-directory-byte-hash-unrelated-snapshot	NOT_ASSESSED_BY_FILE_DELTA
BACKEND	src/modules/provider/services/repositories/providersession.repository.ts	BACKEND	SAME_CONTENT	dc4844985f188ab883f4cc1c921f4366ca29852957b439d0264b2d1cd8e9d542	dc4844985f188ab883f4cc1c921f4366ca29852957b439d0264b2d1cd8e9d542	source-directory-byte-hash-unrelated-snapshot	NOT_ASSESSED_BY_FILE_DELTA
BACKEND	src/modules/provider/services/repositories/radiologyservicecatalogitem.repository.ts	BACKEND	SAME_CONTENT	b591c25dce56222bba5269838b3254b455eb3b8ab17fed8047f1038026770293	b591c25dce56222bba5269838b3254b455eb3b8ab17fed8047f1038026770293	source-directory-byte-hash-unrelated-snapshot	NOT_ASSESSED_BY_FILE_DELTA
BACKEND	src/modules/provider/services/scheduling-engine.service.ts	BACKEND	SAME_CONTENT	60db5db16017d2430cd059cd8bed5a97c08ad4d0d3f499180a6e2726a8694935	60db5db16017d2430cd059cd8bed5a97c08ad4d0d3f499180a6e2726a8694935	source-directory-byte-hash-unrelated-snapshot	NOT_ASSESSED_BY_FILE_DELTA
BACKEND	src/modules/provider/services/service-capability.service.ts	BACKEND	SAME_CONTENT	0477ed26d5f82a2d2fc44b4a660e586c6e2d27ec29cf1668cd2b132d00b46482	0477ed26d5f82a2d2fc44b4a660e586c6e2d27ec29cf1668cd2b132d00b46482	source-directory-byte-hash-unrelated-snapshot	NOT_ASSESSED_BY_FILE_DELTA
BACKEND	src/modules/provider/simulated-features.controller.ts	BACKEND	SAME_CONTENT	5974531349f1536a5d27d4c98d7d65513b661123993bac61c4df420645f357ce	5974531349f1536a5d27d4c98d7d65513b661123993bac61c4df420645f357ce	source-directory-byte-hash-unrelated-snapshot	NOT_ASSESSED_BY_FILE_DELTA
BACKEND	src/modules/provider/simulated-features.dto.ts	BACKEND	SAME_CONTENT	5f346731ff29848a8d7d10bcf7b5912f0382f7ce9e91dfe91fd20aade1954b02	5f346731ff29848a8d7d10bcf7b5912f0382f7ce9e91dfe91fd20aade1954b02	source-directory-byte-hash-unrelated-snapshot	NOT_ASSESSED_BY_FILE_DELTA
BACKEND	src/modules/providers/controllers/hospital-enterprise.controller.ts	BACKEND	SAME_CONTENT	9c1ef234fd26dd806bab6ba2e360df470aade6f0e4e74b880cfcd4a6a57701c4	9c1ef234fd26dd806bab6ba2e360df470aade6f0e4e74b880cfcd4a6a57701c4	source-directory-byte-hash-unrelated-snapshot	NOT_ASSESSED_BY_FILE_DELTA
BACKEND	src/modules/providers/providers.controller.ts	BACKEND	SAME_CONTENT	c1f2b6a68ea1181bae4e531ccf6ae7d56ea559132460f6d66220f6ffb63f945c	c1f2b6a68ea1181bae4e531ccf6ae7d56ea559132460f6d66220f6ffb63f945c	source-directory-byte-hash-unrelated-snapshot	NOT_ASSESSED_BY_FILE_DELTA
BACKEND	src/modules/providers/providers.module.ts	BACKEND	SAME_CONTENT	b0555e4f47512e8fce32dc9ec822d974e23b2f5ae56d5f927b6120a5c42c3225	b0555e4f47512e8fce32dc9ec822d974e23b2f5ae56d5f927b6120a5c42c3225	source-directory-byte-hash-unrelated-snapshot	NOT_ASSESSED_BY_FILE_DELTA
BACKEND	src/modules/providers/providers.service.spec.ts	TEST_OR_E2E	SAME_CONTENT	b70da226e6c9ece6078874be4a6c1e3b87299d4171eb988ac5c9111a80664687	b70da226e6c9ece6078874be4a6c1e3b87299d4171eb988ac5c9111a80664687	source-directory-byte-hash-unrelated-snapshot	NOT_ASSESSED_BY_FILE_DELTA
BACKEND	src/modules/providers/providers.service.ts	BACKEND	SAME_CONTENT	1fb3a962749a25c9d9e1dbcf5d164c86d7bbde5c3b64943fb801599a10319c37	1fb3a962749a25c9d9e1dbcf5d164c86d7bbde5c3b64943fb801599a10319c37	source-directory-byte-hash-unrelated-snapshot	NOT_ASSESSED_BY_FILE_DELTA
BACKEND	src/modules/providers/repositories/providerprofile.repository.ts	BACKEND	SAME_CONTENT	0e689f87af957e6c51b6015e5d9ba0882ea6707b496b4b785dc4313b490f2d82	0e689f87af957e6c51b6015e5d9ba0882ea6707b496b4b785dc4313b490f2d82	source-directory-byte-hash-unrelated-snapshot	NOT_ASSESSED_BY_FILE_DELTA
BACKEND	src/modules/providers/repositories/user.repository.ts	BACKEND	SAME_CONTENT	810663ec29e799517a445a91b1f0910bc5897c86ff1bea728b30feda1d5f6ca7	810663ec29e799517a445a91b1f0910bc5897c86ff1bea728b30feda1d5f6ca7	source-directory-byte-hash-unrelated-snapshot	NOT_ASSESSED_BY_FILE_DELTA
BACKEND	src/modules/providers/schemas/hospital-sub-entity.schema.ts	BACKEND	SAME_CONTENT	f0c8bb54cc28a548047b367dc771400782a118bb307568c91fd247cbb22dcadc	f0c8bb54cc28a548047b367dc771400782a118bb307568c91fd247cbb22dcadc	source-directory-byte-hash-unrelated-snapshot	NOT_ASSESSED_BY_FILE_DELTA
BACKEND	src/modules/providers/schemas/provider-delta.schema.ts	BACKEND	SAME_CONTENT	0a5b4935a161d25bb517a3200f67e22d0c6a475860713c27bf77cf22a2d87b93	0a5b4935a161d25bb517a3200f67e22d0c6a475860713c27bf77cf22a2d87b93	source-directory-byte-hash-unrelated-snapshot	NOT_ASSESSED_BY_FILE_DELTA
BACKEND	src/modules/push/push.module.ts	BACKEND	SAME_CONTENT	14ae9d0ca5a4d713c4c50230bbb399dbb3a63d06f2c67a0d021dcf5437664bbd	14ae9d0ca5a4d713c4c50230bbb399dbb3a63d06f2c67a0d021dcf5437664bbd	source-directory-byte-hash-unrelated-snapshot	NOT_ASSESSED_BY_FILE_DELTA
BACKEND	src/modules/radiology/controllers/radiology-provider.controller.spec.ts	TEST_OR_E2E	SAME_CONTENT	6647994c4692a595ff3225a094a7a321e8e6a3a379d1e869451e4308bf07d2e1	6647994c4692a595ff3225a094a7a321e8e6a3a379d1e869451e4308bf07d2e1	source-directory-byte-hash-unrelated-snapshot	NOT_ASSESSED_BY_FILE_DELTA
BACKEND	src/modules/radiology/controllers/radiology-provider.controller.ts	BACKEND	SAME_CONTENT	0ee6d1864d9389da5c308fbd70ee9a94bfcc792a16fe4c3d5af49b2df850bd40	0ee6d1864d9389da5c308fbd70ee9a94bfcc792a16fe4c3d5af49b2df850bd40	source-directory-byte-hash-unrelated-snapshot	NOT_ASSESSED_BY_FILE_DELTA
BACKEND	src/modules/radiology/controllers/radiology.controller.ts	BACKEND	SAME_CONTENT	8488bfb06059330417be87942272536ade7d653495c74695f0f04eb3f2492a1f	8488bfb06059330417be87942272536ade7d653495c74695f0f04eb3f2492a1f	source-directory-byte-hash-unrelated-snapshot	NOT_ASSESSED_BY_FILE_DELTA
BACKEND	src/modules/radiology/cron/radiology-reminder.cron.ts	BACKEND	SAME_CONTENT	7d9053787676daad678704f74a7c0b845ca0618dff963ff9f49260bd004a14ea	7d9053787676daad678704f74a7c0b845ca0618dff963ff9f49260bd004a14ea	source-directory-byte-hash-unrelated-snapshot	NOT_ASSESSED_BY_FILE_DELTA
BACKEND	src/modules/radiology/listeners/radiology-notification.listener.ts	BACKEND	SAME_CONTENT	d61df69ac0400d18ce657a59bad7cf58c34df7c27e6f56d415383fe99fe733ae	d61df69ac0400d18ce657a59bad7cf58c34df7c27e6f56d415383fe99fe733ae	source-directory-byte-hash-unrelated-snapshot	NOT_ASSESSED_BY_FILE_DELTA
BACKEND	src/modules/radiology/radiology.controller.ts	BACKEND	SAME_CONTENT	8889c254ccd50b3ea35be4d109a138379cf60c8f34df1c46414c1a6453d644b6	8889c254ccd50b3ea35be4d109a138379cf60c8f34df1c46414c1a6453d644b6	source-directory-byte-hash-unrelated-snapshot	NOT_ASSESSED_BY_FILE_DELTA
BACKEND	src/modules/radiology/radiology.module.ts	BACKEND	SAME_CONTENT	47008b9a94b10bf6492a2dae2a882156abf446eb3390202df42f3db110c7f17b	47008b9a94b10bf6492a2dae2a882156abf446eb3390202df42f3db110c7f17b	source-directory-byte-hash-unrelated-snapshot	NOT_ASSESSED_BY_FILE_DELTA
BACKEND	src/modules/radiology/radiology.seed.ts	BACKEND	SAME_CONTENT	4523da2cf6ca076918d7c979c407facc19436dcdb3c48bcd4a007b9de8c325fd	4523da2cf6ca076918d7c979c407facc19436dcdb3c48bcd4a007b9de8c325fd	source-directory-byte-hash-unrelated-snapshot	NOT_ASSESSED_BY_FILE_DELTA
BACKEND	src/modules/radiology/radiology.service.report-storage.spec.ts	TEST_OR_E2E	MODIFIED	313351cc1aaa6b7d014659e065cf3613e9a4d7b4b6cb66a99ec3f550de82da5a	02a1ef718435072de09ed1bf3900b629fe33b1175417fd19c63650871f7397ed	source-directory-byte-hash-unrelated-snapshot	NOT_ASSESSED_BY_FILE_DELTA
BACKEND	src/modules/radiology/radiology.service.ts	BACKEND	MODIFIED	20912609c1e4d62a18c51e6aeab41d909c0fa0501b27c46cd3fe6ea98a28bffa	42cecad19baf87d49d646cd57a8272919e466fd9d211057477e4a1a0437e4bcc	source-directory-byte-hash-unrelated-snapshot	NOT_ASSESSED_BY_FILE_DELTA
BACKEND	src/modules/radiology/repositories/labresult.repository.ts	BACKEND	SAME_CONTENT	2badc14774628602487f360c32762f05e84a34ec0d7061e1982729295284f0a6	2badc14774628602487f360c32762f05e84a34ec0d7061e1982729295284f0a6	source-directory-byte-hash-unrelated-snapshot	NOT_ASSESSED_BY_FILE_DELTA
BACKEND	src/modules/radiology/repositories/radiologybooking.repository.ts	BACKEND	SAME_CONTENT	bcfedfa4dbba8ce5c8c8e720b7c5071581a30f9075fa5fde34fb957fb2eff99c	bcfedfa4dbba8ce5c8c8e720b7c5071581a30f9075fa5fde34fb957fb2eff99c	source-directory-byte-hash-unrelated-snapshot	NOT_ASSESSED_BY_FILE_DELTA
BACKEND	src/modules/radiology/repositories/radiologyservice.repository.ts	BACKEND	SAME_CONTENT	15ac6a2790c5b8f48b785aff3b7c256f416eea032f875e30f73411ba36a6039e	15ac6a2790c5b8f48b785aff3b7c256f416eea032f875e30f73411ba36a6039e	source-directory-byte-hash-unrelated-snapshot	NOT_ASSESSED_BY_FILE_DELTA
BACKEND	src/modules/radiology/schemas/radiology-booking.schema.ts	BACKEND	SAME_CONTENT	bae56fe7e8bc25de23b499ccca16ee5e708d5ed81da41a588860a84d0698e501	bae56fe7e8bc25de23b499ccca16ee5e708d5ed81da41a588860a84d0698e501	source-directory-byte-hash-unrelated-snapshot	NOT_ASSESSED_BY_FILE_DELTA
BACKEND	src/modules/ratings/ratings.module.ts	BACKEND	SAME_CONTENT	544b3525d01a87549548d1a9a3e337c1ad8724d9cbfff0ba2beca1f8846f7921	544b3525d01a87549548d1a9a3e337c1ad8724d9cbfff0ba2beca1f8846f7921	source-directory-byte-hash-unrelated-snapshot	NOT_ASSESSED_BY_FILE_DELTA
BACKEND	src/modules/realtime/realtime.gateway.authorization.spec.ts	TEST_OR_E2E	SAME_CONTENT	504859c7a3e6e7c29dc6c168878b2dcd81a90f2d0002d4234b284f3769fa4e3f	504859c7a3e6e7c29dc6c168878b2dcd81a90f2d0002d4234b284f3769fa4e3f	source-directory-byte-hash-unrelated-snapshot	NOT_ASSESSED_BY_FILE_DELTA
BACKEND	src/modules/realtime/realtime.gateway.ts	BACKEND	SAME_CONTENT	3358ba2f59af7699361d2b15775dec23aed687e5098f10d9fc6f1c87023cb1cf	3358ba2f59af7699361d2b15775dec23aed687e5098f10d9fc6f1c87023cb1cf	source-directory-byte-hash-unrelated-snapshot	NOT_ASSESSED_BY_FILE_DELTA
BACKEND	src/modules/realtime/realtime.module.ts	BACKEND	SAME_CONTENT	e37b71d19203f4fd8a6ddf484ad0f10524feabf6176bee12e117adaf67485211	e37b71d19203f4fd8a6ddf484ad0f10524feabf6176bee12e117adaf67485211	source-directory-byte-hash-unrelated-snapshot	NOT_ASSESSED_BY_FILE_DELTA
BACKEND	src/modules/realtime/realtime.service.ts	BACKEND	SAME_CONTENT	3d61bd67770f2a0d0d4766d1fd5c68c4ec16ee1c59fa611da7d1b9b36d34e378	3d61bd67770f2a0d0d4766d1fd5c68c4ec16ee1c59fa611da7d1b9b36d34e378	source-directory-byte-hash-unrelated-snapshot	NOT_ASSESSED_BY_FILE_DELTA
BACKEND	src/modules/realtime/realtime.sse.ts	BACKEND	SAME_CONTENT	c121fae4245aaebfcf7b0c81a8e32ac31159195151b7864bd2bfc114159f6901	c121fae4245aaebfcf7b0c81a8e32ac31159195151b7864bd2bfc114159f6901	source-directory-byte-hash-unrelated-snapshot	NOT_ASSESSED_BY_FILE_DELTA
BACKEND	src/modules/recruitment/recruitment.module.ts	BACKEND	SAME_CONTENT	b9ae4faaa2ffae38a0348189d23bd894b15bebdb0a4987177e0305198ca562d8	b9ae4faaa2ffae38a0348189d23bd894b15bebdb0a4987177e0305198ca562d8	source-directory-byte-hash-unrelated-snapshot	NOT_ASSESSED_BY_FILE_DELTA
BACKEND	src/modules/recruitment/recruitment.service.spec.ts	TEST_OR_E2E	SAME_CONTENT	36074e6b04a446cfd8ed3a18c6466abbcc5a77ed627488dc899d44bdcc8c5196	36074e6b04a446cfd8ed3a18c6466abbcc5a77ed627488dc899d44bdcc8c5196	source-directory-byte-hash-unrelated-snapshot	NOT_ASSESSED_BY_FILE_DELTA
BACKEND	src/modules/redis/redis.module.ts	BACKEND	SAME_CONTENT	d6f35e78d06c0b8ca0f785ca66e3ce40d32e7384e73dac3efec6ed9f71d3e6fa	d6f35e78d06c0b8ca0f785ca66e3ce40d32e7384e73dac3efec6ed9f71d3e6fa	source-directory-byte-hash-unrelated-snapshot	NOT_ASSESSED_BY_FILE_DELTA
BACKEND	src/modules/redis/redis.service.ts	BACKEND	SAME_CONTENT	3df733f95c85d82e951ff799d42c1e2af02293cdc818118b3b4a391e75d1afe7	3df733f95c85d82e951ff799d42c1e2af02293cdc818118b3b4a391e75d1afe7	source-directory-byte-hash-unrelated-snapshot	NOT_ASSESSED_BY_FILE_DELTA
BACKEND	src/modules/referral/referral.controller.ts	BACKEND	SAME_CONTENT	3fc315044100f67e418edd51f5a083c1ee998aaa226e019bc6cde3c0395c167c	3fc315044100f67e418edd51f5a083c1ee998aaa226e019bc6cde3c0395c167c	source-directory-byte-hash-unrelated-snapshot	NOT_ASSESSED_BY_FILE_DELTA
BACKEND	src/modules/referral/referral.module.ts	BACKEND	SAME_CONTENT	c0046c6a6c9bc767b459de4ec0c927c225295f6c919416d6e9e05a55a1c9c3bb	c0046c6a6c9bc767b459de4ec0c927c225295f6c919416d6e9e05a55a1c9c3bb	source-directory-byte-hash-unrelated-snapshot	NOT_ASSESSED_BY_FILE_DELTA
BACKEND	src/modules/referral/referral.service.ts	BACKEND	SAME_CONTENT	3782f85c43c51bb32b49e7369292f6186ea49f670f9b876173ac76890fd452e7	3782f85c43c51bb32b49e7369292f6186ea49f670f9b876173ac76890fd452e7	source-directory-byte-hash-unrelated-snapshot	NOT_ASSESSED_BY_FILE_DELTA
BACKEND	src/modules/returns/repositories/returnrequest.repository.ts	BACKEND	SAME_CONTENT	30138a8502e49a4bf7cf0eb7be9c979b6ee7617a9869aeafc281c3e63c098d2a	30138a8502e49a4bf7cf0eb7be9c979b6ee7617a9869aeafc281c3e63c098d2a	source-directory-byte-hash-unrelated-snapshot	NOT_ASSESSED_BY_FILE_DELTA
BACKEND	src/modules/returns/returns.controller.ts	BACKEND	SAME_CONTENT	4487f5cc8371cb33691f5478ef47f0342a52464be5b997480960811ac2ee56f4	4487f5cc8371cb33691f5478ef47f0342a52464be5b997480960811ac2ee56f4	source-directory-byte-hash-unrelated-snapshot	NOT_ASSESSED_BY_FILE_DELTA
BACKEND	src/modules/returns/returns.module.ts	BACKEND	SAME_CONTENT	fa49ca42af040b547afabb4af668a841cfe44c08261af7a35f6d827dd33e928e	fa49ca42af040b547afabb4af668a841cfe44c08261af7a35f6d827dd33e928e	source-directory-byte-hash-unrelated-snapshot	NOT_ASSESSED_BY_FILE_DELTA
BACKEND	src/modules/returns/returns.service.ts	BACKEND	SAME_CONTENT	7862cb6cea735c0ea7fabf2b0925f196d211e67c676b32b7f27835a6637bc727	7862cb6cea735c0ea7fabf2b0925f196d211e67c676b32b7f27835a6637bc727	source-directory-byte-hash-unrelated-snapshot	NOT_ASSESSED_BY_FILE_DELTA
BACKEND	src/modules/security/security.module.ts	BACKEND	SAME_CONTENT	3062e2ee82518bec03e16ddeaf2dd0dcf8be6e69beba33e557370252c3d12cc1	3062e2ee82518bec03e16ddeaf2dd0dcf8be6e69beba33e557370252c3d12cc1	source-directory-byte-hash-unrelated-snapshot	NOT_ASSESSED_BY_FILE_DELTA
BACKEND	src/modules/seed/repositories/facility.repository.ts	BACKEND	SAME_CONTENT	0612638081341486e6cd07b80d322af01bd25d4dff98620133c6917131b40199	0612638081341486e6cd07b80d322af01bd25d4dff98620133c6917131b40199	source-directory-byte-hash-unrelated-snapshot	NOT_ASSESSED_BY_FILE_DELTA
BACKEND	src/modules/seed/repositories/labservice.repository.ts	BACKEND	SAME_CONTENT	3d8f5728ec25b369e2cb3a3801a1f9486d8e82533a5547d70b12ceafca179a1d	3d8f5728ec25b369e2cb3a3801a1f9486d8e82533a5547d70b12ceafca179a1d	source-directory-byte-hash-unrelated-snapshot	NOT_ASSESSED_BY_FILE_DELTA
BACKEND	src/modules/seed/repositories/medicine.repository.ts	BACKEND	SAME_CONTENT	6c4ad6a42dcb53e5193ff19c7ab023abe9856dac64f22ab3d479b4977e83723f	6c4ad6a42dcb53e5193ff19c7ab023abe9856dac64f22ab3d479b4977e83723f	source-directory-byte-hash-unrelated-snapshot	NOT_ASSESSED_BY_FILE_DELTA
BACKEND	src/modules/seed/repositories/patientprofile.repository.ts	BACKEND	SAME_CONTENT	5860ac653f59f200f1a8f32df8f1589b67ddbeabecf3fb9f13ae954d52cf8a9b	5860ac653f59f200f1a8f32df8f1589b67ddbeabecf3fb9f13ae954d52cf8a9b	source-directory-byte-hash-unrelated-snapshot	NOT_ASSESSED_BY_FILE_DELTA
BACKEND	src/modules/seed/repositories/pharmacyinventory.repository.ts	BACKEND	SAME_CONTENT	79beccd917c3a41067cc42c19945ba2164ad94b9eb74c95965c4f85477c24630	79beccd917c3a41067cc42c19945ba2164ad94b9eb74c95965c4f85477c24630	source-directory-byte-hash-unrelated-snapshot	NOT_ASSESSED_BY_FILE_DELTA
BACKEND	src/modules/seed/repositories/providerprofile.repository.ts	BACKEND	SAME_CONTENT	0e689f87af957e6c51b6015e5d9ba0882ea6707b496b4b785dc4313b490f2d82	0e689f87af957e6c51b6015e5d9ba0882ea6707b496b4b785dc4313b490f2d82	source-directory-byte-hash-unrelated-snapshot	NOT_ASSESSED_BY_FILE_DELTA
BACKEND	src/modules/seed/repositories/systemconfig.repository.ts	BACKEND	SAME_CONTENT	d3072d7e5f9e56d7fbc001dd291cca87c5834512471f0a1bc9714f237260d89d	d3072d7e5f9e56d7fbc001dd291cca87c5834512471f0a1bc9714f237260d89d	source-directory-byte-hash-unrelated-snapshot	NOT_ASSESSED_BY_FILE_DELTA
BACKEND	src/modules/seed/repositories/user.repository.ts	BACKEND	SAME_CONTENT	810663ec29e799517a445a91b1f0910bc5897c86ff1bea728b30feda1d5f6ca7	810663ec29e799517a445a91b1f0910bc5897c86ff1bea728b30feda1d5f6ca7	source-directory-byte-hash-unrelated-snapshot	NOT_ASSESSED_BY_FILE_DELTA
BACKEND	src/modules/seed/seed.data.ts	BACKEND	SAME_CONTENT	c4cd558fdf261dc7dda917e2af591079e68fd9025cb7b1969ef361618da60928	c4cd558fdf261dc7dda917e2af591079e68fd9025cb7b1969ef361618da60928	source-directory-byte-hash-unrelated-snapshot	NOT_ASSESSED_BY_FILE_DELTA
BACKEND	src/modules/seed/seed.facilities.ts	BACKEND	SAME_CONTENT	66f45afd7d0f25bfa1cdf74763038f54775637addd1e69d6575d04fe775f226d	66f45afd7d0f25bfa1cdf74763038f54775637addd1e69d6575d04fe775f226d	source-directory-byte-hash-unrelated-snapshot	NOT_ASSESSED_BY_FILE_DELTA
BACKEND	src/modules/seed/seed.module.ts	BACKEND	SAME_CONTENT	302c86506a3b09573dda9cc2564c9a7debc76a72bf237c904333224eefa7b801	302c86506a3b09573dda9cc2564c9a7debc76a72bf237c904333224eefa7b801	source-directory-byte-hash-unrelated-snapshot	NOT_ASSESSED_BY_FILE_DELTA
BACKEND	src/modules/seed/seed.service.ts	BACKEND	SAME_CONTENT	d0a3b157631823c945513c589b25b456f63f0b555833ab4d3d93bbc8aa72bcfc	d0a3b157631823c945513c589b25b456f63f0b555833ab4d3d93bbc8aa72bcfc	source-directory-byte-hash-unrelated-snapshot	NOT_ASSESSED_BY_FILE_DELTA
BACKEND	src/modules/seo-search/seo-search.module.ts	BACKEND	SAME_CONTENT	3fc67013d055a1e19db7dcd251e301f9744dd125d11e3fc485d5995e56470f31	3fc67013d055a1e19db7dcd251e301f9744dd125d11e3fc485d5995e56470f31	source-directory-byte-hash-unrelated-snapshot	NOT_ASSESSED_BY_FILE_DELTA
BACKEND	src/modules/seo/repositories/article.repository.ts	BACKEND	SAME_CONTENT	63a98ce073889ce92aeea93d542e7b2467d2defbd5a1e0c6522cb1c80bb14d26	63a98ce073889ce92aeea93d542e7b2467d2defbd5a1e0c6522cb1c80bb14d26	source-directory-byte-hash-unrelated-snapshot	NOT_ASSESSED_BY_FILE_DELTA
BACKEND	src/modules/seo/repositories/facility.repository.ts	BACKEND	SAME_CONTENT	c3a753e606ced09ff8d34ae790c31c66281676dcfa87e829c305377b471b714c	c3a753e606ced09ff8d34ae790c31c66281676dcfa87e829c305377b471b714c	source-directory-byte-hash-unrelated-snapshot	NOT_ASSESSED_BY_FILE_DELTA
BACKEND	src/modules/seo/repositories/homecareservice.repository.ts	BACKEND	SAME_CONTENT	d55baf7cab70785ca9bb7dce9a559b26c5b84d0167d371c02649882ba41dd4d5	d55baf7cab70785ca9bb7dce9a559b26c5b84d0167d371c02649882ba41dd4d5	source-directory-byte-hash-unrelated-snapshot	NOT_ASSESSED_BY_FILE_DELTA
BACKEND	src/modules/seo/repositories/labservice.repository.ts	BACKEND	SAME_CONTENT	ca517a70c7818c4e3ad677441d791fae2eebe08835988a3244be660e71a604a8	ca517a70c7818c4e3ad677441d791fae2eebe08835988a3244be660e71a604a8	source-directory-byte-hash-unrelated-snapshot	NOT_ASSESSED_BY_FILE_DELTA
BACKEND	src/modules/seo/repositories/medicine.repository.ts	BACKEND	SAME_CONTENT	99a00f2c12df2cbce28c8f040b7c8e702636797630944b22c8e8abd2b55c1729	99a00f2c12df2cbce28c8f040b7c8e702636797630944b22c8e8abd2b55c1729	source-directory-byte-hash-unrelated-snapshot	NOT_ASSESSED_BY_FILE_DELTA
BACKEND	src/modules/seo/repositories/providerprofile.repository.ts	BACKEND	SAME_CONTENT	55242172b9bf4e48e9d2f4944a336261ed614ef3cf5a7f58a619858e086fda32	55242172b9bf4e48e9d2f4944a336261ed614ef3cf5a7f58a619858e086fda32	source-directory-byte-hash-unrelated-snapshot	NOT_ASSESSED_BY_FILE_DELTA
BACKEND	src/modules/seo/seo-controls.util.ts	BACKEND	INCOMING_ONLY		a80be52c0af2ea0bac986936a5fa02371a8869b49bbba903bd4517ff5da3a992	source-directory-byte-hash-unrelated-snapshot	NOT_ASSESSED_BY_FILE_DELTA
BACKEND	src/modules/seo/seo.controller.ts	BACKEND	MODIFIED	6ab37fda9930b3e95ce757482b4ac0934fabeaa98179f664b969777110ea4a65	73db0b113c43b10b65e1fbf1395d4ed4c4816431835643c255b4bb4563e96c6a	source-directory-byte-hash-unrelated-snapshot	NOT_ASSESSED_BY_FILE_DELTA
BACKEND	src/modules/seo/seo.module.ts	BACKEND	SAME_CONTENT	ed7208efaad061a2dc20b95f679ddc1d0794a262ee723d556dc2dc48a3870350	ed7208efaad061a2dc20b95f679ddc1d0794a262ee723d556dc2dc48a3870350	source-directory-byte-hash-unrelated-snapshot	NOT_ASSESSED_BY_FILE_DELTA
BACKEND	src/modules/seo/seo.service.spec.ts	TEST_OR_E2E	SAME_CONTENT	9fe05a8636a265bd0ab98f8365961727b96e7b48209bd547a5e6e0d1602aa0c6	9fe05a8636a265bd0ab98f8365961727b96e7b48209bd547a5e6e0d1602aa0c6	source-directory-byte-hash-unrelated-snapshot	NOT_ASSESSED_BY_FILE_DELTA
BACKEND	src/modules/seo/seo.service.ts	BACKEND	MODIFIED	aad23482b97ab989dd84c8f6bd25bb0b3d2280127fc372bdcd04f1129c300808	b79ec52cef8d23207c437b3f88c91a2e0b269c35fd3f21167cdc39adb35cc9f5	source-directory-byte-hash-unrelated-snapshot	NOT_ASSESSED_BY_FILE_DELTA
BACKEND	src/modules/service-catalog/service-catalog.module.ts	BACKEND	SAME_CONTENT	b0179cd499b173bfb979f58b125bdd3684e04a8e2b5bcb92856593fbc6e92813	b0179cd499b173bfb979f58b125bdd3684e04a8e2b5bcb92856593fbc6e92813	source-directory-byte-hash-unrelated-snapshot	NOT_ASSESSED_BY_FILE_DELTA
BACKEND	src/modules/slot-locks/slot-locks.module.ts	BACKEND	SAME_CONTENT	cb5136f0ae9061f0ade9a6ae69afef93c396c01e43d9e3420b8db71ef7b7d529	cb5136f0ae9061f0ade9a6ae69afef93c396c01e43d9e3420b8db71ef7b7d529	source-directory-byte-hash-unrelated-snapshot	NOT_ASSESSED_BY_FILE_DELTA
BACKEND	src/modules/slot-locks/slot-locks.service.spec.ts	TEST_OR_E2E	SAME_CONTENT	369438feed160419e06d5d3b95d76b3cfcf1371009ef66988b02ef0322586d3e	369438feed160419e06d5d3b95d76b3cfcf1371009ef66988b02ef0322586d3e	source-directory-byte-hash-unrelated-snapshot	NOT_ASSESSED_BY_FILE_DELTA
BACKEND	src/modules/sms/sms.module.ts	BACKEND	SAME_CONTENT	63223d28e08dd5a9d3a9d16b6d33ae478046f4e3eb00cc3df4de52aa3c49f7c4	63223d28e08dd5a9d3a9d16b6d33ae478046f4e3eb00cc3df4de52aa3c49f7c4	source-directory-byte-hash-unrelated-snapshot	NOT_ASSESSED_BY_FILE_DELTA
BACKEND	src/modules/sms/sms.service.ts	BACKEND	SAME_CONTENT	d21bddfce3331254314140581ac88122c5777b6af36b33bf9c97f9c1bce07591	d21bddfce3331254314140581ac88122c5777b6af36b33bf9c97f9c1bce07591	source-directory-byte-hash-unrelated-snapshot	NOT_ASSESSED_BY_FILE_DELTA
BACKEND	src/modules/socket/socket.gateway.ts	BACKEND	SAME_CONTENT	cc49f62e3313012de81e706dde218ed0ac41a88435c1606a213beac9be1cb7f6	cc49f62e3313012de81e706dde218ed0ac41a88435c1606a213beac9be1cb7f6	source-directory-byte-hash-unrelated-snapshot	NOT_ASSESSED_BY_FILE_DELTA
BACKEND	src/modules/storage/storage.module.spec.ts	TEST_OR_E2E	SAME_CONTENT	8f91c14ae2b7fa1a4f526581da7f56675075f11185c17bbf48c172ade577a211	8f91c14ae2b7fa1a4f526581da7f56675075f11185c17bbf48c172ade577a211	source-directory-byte-hash-unrelated-snapshot	NOT_ASSESSED_BY_FILE_DELTA
BACKEND	src/modules/storage/storage.module.ts	BACKEND	SAME_CONTENT	8568438fa21ba0875abaa36fb5fe149a8107bac4de1700aad21d1575c96de8d2	8568438fa21ba0875abaa36fb5fe149a8107bac4de1700aad21d1575c96de8d2	source-directory-byte-hash-unrelated-snapshot	NOT_ASSESSED_BY_FILE_DELTA
BACKEND	src/modules/support/repositories/patientsettings.repository.ts	BACKEND	SAME_CONTENT	a1a114f6fe87098c70e1ddc26ab8fa52c4ff52d5c2a47289447bd25e7677b132	a1a114f6fe87098c70e1ddc26ab8fa52c4ff52d5c2a47289447bd25e7677b132	source-directory-byte-hash-unrelated-snapshot	NOT_ASSESSED_BY_FILE_DELTA
BACKEND	src/modules/support/repositories/supportrequest.repository.ts	BACKEND	SAME_CONTENT	e32b9b52d6cdb510adef8087011aa2a66fbee5cfb47a13b78ab33649dc193153	e32b9b52d6cdb510adef8087011aa2a66fbee5cfb47a13b78ab33649dc193153	source-directory-byte-hash-unrelated-snapshot	NOT_ASSESSED_BY_FILE_DELTA
BACKEND	src/modules/support/support.controller.ts	BACKEND	SAME_CONTENT	f311fb7ad478f46ff7e516c4092199e270417f9d81e0986a8ea70b0d720d6f52	f311fb7ad478f46ff7e516c4092199e270417f9d81e0986a8ea70b0d720d6f52	source-directory-byte-hash-unrelated-snapshot	NOT_ASSESSED_BY_FILE_DELTA
BACKEND	src/modules/support/support.module.ts	BACKEND	SAME_CONTENT	4ec1ef20a418de46fccece2ee29ddf054849f06e3997359bb8b9ba530fa26831	4ec1ef20a418de46fccece2ee29ddf054849f06e3997359bb8b9ba530fa26831	source-directory-byte-hash-unrelated-snapshot	NOT_ASSESSED_BY_FILE_DELTA
BACKEND	src/modules/support/support.service.ts	BACKEND	SAME_CONTENT	dfc1e659c7eece07ee57d13aeb730726ce57565edfee85d92e42f11a630c3e31	dfc1e659c7eece07ee57d13aeb730726ce57565edfee85d92e42f11a630c3e31	source-directory-byte-hash-unrelated-snapshot	NOT_ASSESSED_BY_FILE_DELTA
BACKEND	src/modules/system-health/system-health.controller.ts	BACKEND	SAME_CONTENT	7d0c45bac0bf7a40d03810107af17ef63da2123fd6b2ccc9490115a99ad6418e	7d0c45bac0bf7a40d03810107af17ef63da2123fd6b2ccc9490115a99ad6418e	source-directory-byte-hash-unrelated-snapshot	NOT_ASSESSED_BY_FILE_DELTA
BACKEND	src/modules/system-health/system-health.module.ts	BACKEND	SAME_CONTENT	1b4a870733d40df30e8aad915c51892c3734867a75ec3bc7ba125174efe911c5	1b4a870733d40df30e8aad915c51892c3734867a75ec3bc7ba125174efe911c5	source-directory-byte-hash-unrelated-snapshot	NOT_ASSESSED_BY_FILE_DELTA
BACKEND	src/modules/timeline/repositories/appointment.repository.ts	BACKEND	SAME_CONTENT	5399a26880ac80002aad4c40c94b2515d44df8b4eb14d07bcf39aea9dfb66371	5399a26880ac80002aad4c40c94b2515d44df8b4eb14d07bcf39aea9dfb66371	source-directory-byte-hash-unrelated-snapshot	NOT_ASSESSED_BY_FILE_DELTA
BACKEND	src/modules/timeline/repositories/customservicerequest.repository.ts	BACKEND	SAME_CONTENT	bf50ff16a188def9321385aaeca4b21a310403ab5eeb54014e0ef7360dd052a6	bf50ff16a188def9321385aaeca4b21a310403ab5eeb54014e0ef7360dd052a6	source-directory-byte-hash-unrelated-snapshot	NOT_ASSESSED_BY_FILE_DELTA
BACKEND	src/modules/timeline/repositories/homecarebooking.repository.ts	BACKEND	SAME_CONTENT	0fe864ceee4547c3d5c4b917636d98e00887fc867b93b816b221d753ec71b067	0fe864ceee4547c3d5c4b917636d98e00887fc867b93b816b221d753ec71b067	source-directory-byte-hash-unrelated-snapshot	NOT_ASSESSED_BY_FILE_DELTA
BACKEND	src/modules/timeline/repositories/labbooking.repository.ts	BACKEND	SAME_CONTENT	e8c881989835a2cb11a5fb9cb647e1d6bf553a3d36b40013b5da7baaafe07cb5	e8c881989835a2cb11a5fb9cb647e1d6bf553a3d36b40013b5da7baaafe07cb5	source-directory-byte-hash-unrelated-snapshot	NOT_ASSESSED_BY_FILE_DELTA
BACKEND	src/modules/timeline/repositories/labresult.repository.ts	BACKEND	SAME_CONTENT	819129c4841bb3d715abde98c21c8618fa2765e087c0c67a0edb9bea6e42c08f	819129c4841bb3d715abde98c21c8618fa2765e087c0c67a0edb9bea6e42c08f	source-directory-byte-hash-unrelated-snapshot	NOT_ASSESSED_BY_FILE_DELTA
BACKEND	src/modules/timeline/repositories/medicalreport.repository.ts	BACKEND	SAME_CONTENT	a32c8b405709ef34a00981ca6282a533658816f33778593f5750b5decc55be07	a32c8b405709ef34a00981ca6282a533658816f33778593f5750b5decc55be07	source-directory-byte-hash-unrelated-snapshot	NOT_ASSESSED_BY_FILE_DELTA
BACKEND	src/modules/timeline/repositories/medicationreminder.repository.ts	BACKEND	SAME_CONTENT	6b7a4cee32245659b86a9c8cbf5e0bb115ea8d84bc8fa879895488b80b0948e4	6b7a4cee32245659b86a9c8cbf5e0bb115ea8d84bc8fa879895488b80b0948e4	source-directory-byte-hash-unrelated-snapshot	NOT_ASSESSED_BY_FILE_DELTA
BACKEND	src/modules/timeline/repositories/order.repository.ts	BACKEND	SAME_CONTENT	aac565ec1dccaee1b000cf6e98de18bfc17d74d6386caf8d9c8cf0d755a57871	aac565ec1dccaee1b000cf6e98de18bfc17d74d6386caf8d9c8cf0d755a57871	source-directory-byte-hash-unrelated-snapshot	NOT_ASSESSED_BY_FILE_DELTA
BACKEND	src/modules/timeline/repositories/prescription.repository.ts	BACKEND	SAME_CONTENT	707ff691b4c7b81154ce7f89856c26a92ef75205352c0dea160835be85acf441	707ff691b4c7b81154ce7f89856c26a92ef75205352c0dea160835be85acf441	source-directory-byte-hash-unrelated-snapshot	NOT_ASSESSED_BY_FILE_DELTA
BACKEND	src/modules/timeline/repositories/radiologybooking.repository.ts	BACKEND	SAME_CONTENT	58c21524c05c0355fcea187c2f77110367644dd54f4ec1547cbb65e0216b1f35	58c21524c05c0355fcea187c2f77110367644dd54f4ec1547cbb65e0216b1f35	source-directory-byte-hash-unrelated-snapshot	NOT_ASSESSED_BY_FILE_DELTA
BACKEND	src/modules/timeline/repositories/vitalreading.repository.ts	BACKEND	SAME_CONTENT	e4fa24f76f201083c4d521be533d2699cf301836c3e9092512109b245519c68a	e4fa24f76f201083c4d521be533d2699cf301836c3e9092512109b245519c68a	source-directory-byte-hash-unrelated-snapshot	NOT_ASSESSED_BY_FILE_DELTA
BACKEND	src/modules/timeline/timeline.controller.ts	BACKEND	SAME_CONTENT	12f27fddb9b30a44b0c84bb9b88fb92b7eb017a9f25350227461c7b1ad5bd4cc	12f27fddb9b30a44b0c84bb9b88fb92b7eb017a9f25350227461c7b1ad5bd4cc	source-directory-byte-hash-unrelated-snapshot	NOT_ASSESSED_BY_FILE_DELTA
BACKEND	src/modules/timeline/timeline.module.ts	BACKEND	SAME_CONTENT	e7a56d6f1d8585c101446f6a1d7f3847d441571c2ac06b6e4164879ff7faa03f	e7a56d6f1d8585c101446f6a1d7f3847d441571c2ac06b6e4164879ff7faa03f	source-directory-byte-hash-unrelated-snapshot	NOT_ASSESSED_BY_FILE_DELTA
BACKEND	src/modules/timeline/timeline.service.ts	BACKEND	SAME_CONTENT	6219e2c32e96c61c4ae33fc528ceb9b44f48af3dc64cb1cdb0186bd992526d26	6219e2c32e96c61c4ae33fc528ceb9b44f48af3dc64cb1cdb0186bd992526d26	source-directory-byte-hash-unrelated-snapshot	NOT_ASSESSED_BY_FILE_DELTA
BACKEND	src/modules/tour/tour.controller.ts	BACKEND	SAME_CONTENT	6420607aae8068829925fabaa24705f086a4458762fb09a71fdb74161d395a46	6420607aae8068829925fabaa24705f086a4458762fb09a71fdb74161d395a46	source-directory-byte-hash-unrelated-snapshot	NOT_ASSESSED_BY_FILE_DELTA
BACKEND	src/modules/tour/tour.module.ts	BACKEND	SAME_CONTENT	908d6cd0575fecf3ff9b194cffbb2716e801fd146a382f5e6313b615a22ea582	908d6cd0575fecf3ff9b194cffbb2716e801fd146a382f5e6313b615a22ea582	source-directory-byte-hash-unrelated-snapshot	NOT_ASSESSED_BY_FILE_DELTA
BACKEND	src/modules/tour/tour.service.ts	BACKEND	SAME_CONTENT	39bb4232a077ab6fccf80cfaf9f73809623f7512ae8bc138a154ffae9a751390	39bb4232a077ab6fccf80cfaf9f73809623f7512ae8bc138a154ffae9a751390	source-directory-byte-hash-unrelated-snapshot	NOT_ASSESSED_BY_FILE_DELTA
BACKEND	src/modules/unified-bookings/unified-bookings.contract.spec.ts	TEST_OR_E2E	SAME_CONTENT	772a767df071cfcc1f22e2665b978e9cc3aee343700fe344ddc1d0e3155a370a	772a767df071cfcc1f22e2665b978e9cc3aee343700fe344ddc1d0e3155a370a	source-directory-byte-hash-unrelated-snapshot	NOT_ASSESSED_BY_FILE_DELTA
BACKEND	src/modules/unified-bookings/unified-bookings.module.ts	BACKEND	MODIFIED	ffc7788fd534065f6763e5cbc63ee96d71d55840af220199827b5aea129936d0	ce3928d31863ba634312ec3656de1b743afa39fde58671e677214e319ef9e1bf	source-directory-byte-hash-unrelated-snapshot	NOT_ASSESSED_BY_FILE_DELTA
BACKEND	src/modules/unified-bookings/unified-bookings.service.spec.ts	TEST_OR_E2E	SAME_CONTENT	65047c11773f77fe49bda5aadcc63af98a2033d3921c6692f0ffc05d7c9a14ef	65047c11773f77fe49bda5aadcc63af98a2033d3921c6692f0ffc05d7c9a14ef	source-directory-byte-hash-unrelated-snapshot	NOT_ASSESSED_BY_FILE_DELTA
BACKEND	src/modules/unified-bookings/unified-bookings.service.ts	BACKEND	MODIFIED	4d69b29d8e22cfefaa9a5a2f0bdf42a5f5a734f29549d9a13dc827c412ef6233	42a296c17c560e962aaa323d0f751cc8635827945fdafcc7190c80e2f31651c7	source-directory-byte-hash-unrelated-snapshot	NOT_ASSESSED_BY_FILE_DELTA
BACKEND	src/modules/users/data-retention.service.ts	BACKEND	SAME_CONTENT	36640479a2d0b2cd82ddb6eaff2888752e916fb11620cf7889c48f45cdd1192f	36640479a2d0b2cd82ddb6eaff2888752e916fb11620cf7889c48f45cdd1192f	source-directory-byte-hash-unrelated-snapshot	NOT_ASSESSED_BY_FILE_DELTA
BACKEND	src/modules/users/repositories/patient-profile.repository.ts	BACKEND	SAME_CONTENT	60365fb6793ab7ca88787c4400ee51b1f752db940e2ba2ca766769139e8f0568	60365fb6793ab7ca88787c4400ee51b1f752db940e2ba2ca766769139e8f0568	source-directory-byte-hash-unrelated-snapshot	NOT_ASSESSED_BY_FILE_DELTA
BACKEND	src/modules/users/repositories/provider-profile.repository.ts	BACKEND	SAME_CONTENT	35b5eab07e20757384358dfbcb2e090e4600fb9b3e3b9efb35d7688c06bf27cd	35b5eab07e20757384358dfbcb2e090e4600fb9b3e3b9efb35d7688c06bf27cd	source-directory-byte-hash-unrelated-snapshot	NOT_ASSESSED_BY_FILE_DELTA
BACKEND	src/modules/users/repositories/user.repository.ts	BACKEND	SAME_CONTENT	a559d61e5d2a415161425175672a448d0074f865891d5bdae16800e44bea438e	a559d61e5d2a415161425175672a448d0074f865891d5bdae16800e44bea438e	source-directory-byte-hash-unrelated-snapshot	NOT_ASSESSED_BY_FILE_DELTA
BACKEND	src/modules/users/user.insurance.controller.ts	BACKEND	SAME_CONTENT	dc0726461cdf37d53cef2ab56708e45ae80fac8e992fb322066f3924efcf4083	dc0726461cdf37d53cef2ab56708e45ae80fac8e992fb322066f3924efcf4083	source-directory-byte-hash-unrelated-snapshot	NOT_ASSESSED_BY_FILE_DELTA
BACKEND	src/modules/users/users.addresses.controller.ts	BACKEND	SAME_CONTENT	786dc5ee07121aae8cc2fd885d017d14b6a8638ce5b90c175328d811044a49b4	786dc5ee07121aae8cc2fd885d017d14b6a8638ce5b90c175328d811044a49b4	source-directory-byte-hash-unrelated-snapshot	NOT_ASSESSED_BY_FILE_DELTA
BACKEND	src/modules/users/users.contract.spec.ts	TEST_OR_E2E	SAME_CONTENT	1b802022b2c44030ceb506d50ed8259e4c99c08b5b0f8bc0e19a261aa87fad7d	1b802022b2c44030ceb506d50ed8259e4c99c08b5b0f8bc0e19a261aa87fad7d	source-directory-byte-hash-unrelated-snapshot	NOT_ASSESSED_BY_FILE_DELTA
BACKEND	src/modules/users/users.controller.ts	BACKEND	MODIFIED	b870f287dc01fb9972177e167dd8360cb4006b96a3306d8e4cedcd5f01a5741b	35bfafd80e77c5c244c63f4a8d81be907d515d8110ec1f7b381e0c873a378cc9	source-directory-byte-hash-unrelated-snapshot	NOT_ASSESSED_BY_FILE_DELTA
BACKEND	src/modules/users/users.insurance.controller.ts	BACKEND	SAME_CONTENT	af4affaac35302c827a24c34a174f3b3dd14f9b0478a85fb6d5e3d05d1eb1fc6	af4affaac35302c827a24c34a174f3b3dd14f9b0478a85fb6d5e3d05d1eb1fc6	source-directory-byte-hash-unrelated-snapshot	NOT_ASSESSED_BY_FILE_DELTA
BACKEND	src/modules/users/users.module.ts	BACKEND	SAME_CONTENT	cc95cd6eb4cda1e23e3235edac5170b4478aa42ef7b9fe149238eb39b8241e22	cc95cd6eb4cda1e23e3235edac5170b4478aa42ef7b9fe149238eb39b8241e22	source-directory-byte-hash-unrelated-snapshot	NOT_ASSESSED_BY_FILE_DELTA
BACKEND	src/modules/users/users.service.ts	BACKEND	SAME_CONTENT	5f9f012062f55d1a3f31edbf1a738b79a1ccaf9a9dcad51c67e9c61519f64841	5f9f012062f55d1a3f31edbf1a738b79a1ccaf9a9dcad51c67e9c61519f64841	source-directory-byte-hash-unrelated-snapshot	NOT_ASSESSED_BY_FILE_DELTA
BACKEND	src/modules/wallet/repositories/user.repository.ts	BACKEND	SAME_CONTENT	810663ec29e799517a445a91b1f0910bc5897c86ff1bea728b30feda1d5f6ca7	810663ec29e799517a445a91b1f0910bc5897c86ff1bea728b30feda1d5f6ca7	source-directory-byte-hash-unrelated-snapshot	NOT_ASSESSED_BY_FILE_DELTA
BACKEND	src/modules/wallet/repositories/wallet.repository.ts	BACKEND	SAME_CONTENT	37a40efeb3f95832cad9cad6f7de27a77b610c0665d32c8138f420e8e4762087	37a40efeb3f95832cad9cad6f7de27a77b610c0665d32c8138f420e8e4762087	source-directory-byte-hash-unrelated-snapshot	NOT_ASSESSED_BY_FILE_DELTA
BACKEND	src/modules/wallet/repositories/wallettransaction.repository.ts	BACKEND	SAME_CONTENT	a3956d42737a14c4ef6c85ee1293a6f8b73df270225ba9d790bc51d551c4fb03	a3956d42737a14c4ef6c85ee1293a6f8b73df270225ba9d790bc51d551c4fb03	source-directory-byte-hash-unrelated-snapshot	NOT_ASSESSED_BY_FILE_DELTA
BACKEND	src/modules/wallet/wallet.controller.ts	BACKEND	SAME_CONTENT	df15f0b6edb4f0735ee00e634fde8bdfe92c7e33eafbbfb775d85ebbf37d615c	df15f0b6edb4f0735ee00e634fde8bdfe92c7e33eafbbfb775d85ebbf37d615c	source-directory-byte-hash-unrelated-snapshot	NOT_ASSESSED_BY_FILE_DELTA
BACKEND	src/modules/wallet/wallet.module.ts	BACKEND	SAME_CONTENT	3b2a70bdd5ba796eb01e8eb81ccb66bda3da24708b8abd563242895deaef1144	3b2a70bdd5ba796eb01e8eb81ccb66bda3da24708b8abd563242895deaef1144	source-directory-byte-hash-unrelated-snapshot	NOT_ASSESSED_BY_FILE_DELTA
BACKEND	src/modules/wallet/wallet.service.ts	BACKEND	SAME_CONTENT	150897d1a54befceff4a7730e487afdba0dad06b90c0379b1a563f57606bff78	150897d1a54befceff4a7730e487afdba0dad06b90c0379b1a563f57606bff78	source-directory-byte-hash-unrelated-snapshot	NOT_ASSESSED_BY_FILE_DELTA
BACKEND	src/modules/webhooks/guards/livekit-webhook.guard.ts	BACKEND	SAME_CONTENT	ffaae9adf8ee07a626481d66e147c3c0f99d33f1ab8934447154598447a5df73	ffaae9adf8ee07a626481d66e147c3c0f99d33f1ab8934447154598447a5df73	source-directory-byte-hash-unrelated-snapshot	NOT_ASSESSED_BY_FILE_DELTA
BACKEND	src/modules/webhooks/webhooks.controller.ts	BACKEND	SAME_CONTENT	310a9179e1c1d42f12ca6c5a82fbfa62c843faa550b0268e8733db9a45bae805	310a9179e1c1d42f12ca6c5a82fbfa62c843faa550b0268e8733db9a45bae805	source-directory-byte-hash-unrelated-snapshot	NOT_ASSESSED_BY_FILE_DELTA
BACKEND	src/modules/webhooks/webhooks.module.ts	BACKEND	SAME_CONTENT	b1a5bb306df72eaf3cdef6d7f36b60df26149d7e194ddd5e232c8a0a58c1af3a	b1a5bb306df72eaf3cdef6d7f36b60df26149d7e194ddd5e232c8a0a58c1af3a	source-directory-byte-hash-unrelated-snapshot	NOT_ASSESSED_BY_FILE_DELTA
BACKEND	src/modules/webhooks/webhooks.service.spec.ts	TEST_OR_E2E	SAME_CONTENT	08fa06ada5b9235fefc8ab4272107123ed01395cfd874f0a0e6bf44c38509e75	08fa06ada5b9235fefc8ab4272107123ed01395cfd874f0a0e6bf44c38509e75	source-directory-byte-hash-unrelated-snapshot	NOT_ASSESSED_BY_FILE_DELTA
BACKEND	src/modules/webhooks/webhooks.service.ts	BACKEND	SAME_CONTENT	70dbe6ea2b1fc528b65207240476fccae74caa560fd521d7ef85eaacccc723bc	70dbe6ea2b1fc528b65207240476fccae74caa560fd521d7ef85eaacccc723bc	source-directory-byte-hash-unrelated-snapshot	NOT_ASSESSED_BY_FILE_DELTA
BACKEND	src/modules/workflow-engine/workflow-engine.module.spec.ts	TEST_OR_E2E	SAME_CONTENT	580eb12faadb5b140ec7865f3d362e8e11ff5c40649ecf9835cbb26e72df370e	580eb12faadb5b140ec7865f3d362e8e11ff5c40649ecf9835cbb26e72df370e	source-directory-byte-hash-unrelated-snapshot	NOT_ASSESSED_BY_FILE_DELTA
BACKEND	src/modules/workflow-engine/workflow-engine.module.ts	BACKEND	SAME_CONTENT	cf25b5c1d09cf8bbe652c9c054a1dc54f3fcfb5d2b56d5e35e89dd9edf97862d	cf25b5c1d09cf8bbe652c9c054a1dc54f3fcfb5d2b56d5e35e89dd9edf97862d	source-directory-byte-hash-unrelated-snapshot	NOT_ASSESSED_BY_FILE_DELTA
BACKEND	src/schemas/ad-placement.schema.ts	BACKEND	SAME_CONTENT	a9c41c2bec4d149c838439e62fb509aa53e4bcda17883fc853cbe4995a037f55	a9c41c2bec4d149c838439e62fb509aa53e4bcda17883fc853cbe4995a037f55	source-directory-byte-hash-unrelated-snapshot	NOT_ASSESSED_BY_FILE_DELTA
BACKEND	src/schemas/ambulance-vehicle.schema.ts	BACKEND	SAME_CONTENT	9b246bbe73b53747a7e18f34b44d4dbcda1f3fbf497a0831149aae12781e2902	9b246bbe73b53747a7e18f34b44d4dbcda1f3fbf497a0831149aae12781e2902	source-directory-byte-hash-unrelated-snapshot	NOT_ASSESSED_BY_FILE_DELTA
BACKEND	src/schemas/analytics-event.schema.ts	BACKEND	SAME_CONTENT	a783ed7e02f74d227f4ecca7a4c3276a97d25376f9400431737d68fcf570ffbb	a783ed7e02f74d227f4ecca7a4c3276a97d25376f9400431737d68fcf570ffbb	source-directory-byte-hash-unrelated-snapshot	NOT_ASSESSED_BY_FILE_DELTA
BACKEND	src/schemas/appointment.schema.ts	BACKEND	MODIFIED	2ea9ffb466177e448ef33f568cc0256f0e6dfb78322ebe8ca15ff08156c24de3	bd3e5511ca881222bae424854817f793e04ed13c2136667e0413b6c798a4ce3d	source-directory-byte-hash-unrelated-snapshot	NOT_ASSESSED_BY_FILE_DELTA
BACKEND	src/schemas/approval-request.schema.ts	BACKEND	SAME_CONTENT	001dd8246756ce21121ffafc07aa04f4a32fc13f699c775e5b93479f94336e53	001dd8246756ce21121ffafc07aa04f4a32fc13f699c775e5b93479f94336e53	source-directory-byte-hash-unrelated-snapshot	NOT_ASSESSED_BY_FILE_DELTA
BACKEND	src/schemas/article.schema.ts	BACKEND	SAME_CONTENT	49ab0bb79af6c2d7191d8ed65ebcfec78889303992686d2af4dbfc45db96bc25	49ab0bb79af6c2d7191d8ed65ebcfec78889303992686d2af4dbfc45db96bc25	source-directory-byte-hash-unrelated-snapshot	NOT_ASSESSED_BY_FILE_DELTA
BACKEND	src/schemas/audit-log.schema.ts	BACKEND	SAME_CONTENT	88074240b69743e8a80230057be6c9091aa1b23f6548ec69a13e0c1ff80dd57c	88074240b69743e8a80230057be6c9091aa1b23f6548ec69a13e0c1ff80dd57c	source-directory-byte-hash-unrelated-snapshot	NOT_ASSESSED_BY_FILE_DELTA
BACKEND	src/schemas/b2b-request.schema.ts	BACKEND	SAME_CONTENT	bbda9e15ef86e639f7d0d3164436153220e9e13f9a7a0ea574fa906c94a1dfa0	bbda9e15ef86e639f7d0d3164436153220e9e13f9a7a0ea574fa906c94a1dfa0	source-directory-byte-hash-unrelated-snapshot	NOT_ASSESSED_BY_FILE_DELTA
BACKEND	src/schemas/callmetric.schema.ts	BACKEND	SAME_CONTENT	31a55530da030953ff00c70fb45160c58ea4c181dc52d8a46589fbbbe37dca14	31a55530da030953ff00c70fb45160c58ea4c181dc52d8a46589fbbbe37dca14	source-directory-byte-hash-unrelated-snapshot	NOT_ASSESSED_BY_FILE_DELTA
BACKEND	src/schemas/callsession.schema.ts	BACKEND	SAME_CONTENT	02d6c4dc9776e30b350a2fec70c5c3d78d7403a5d4a55b0ac218a636d84b4209	02d6c4dc9776e30b350a2fec70c5c3d78d7403a5d4a55b0ac218a636d84b4209	source-directory-byte-hash-unrelated-snapshot	NOT_ASSESSED_BY_FILE_DELTA
BACKEND	src/schemas/chat-session.schema.ts	BACKEND	SAME_CONTENT	f01e69fbd3f96dff2890cd8ce8aeb760857d4a63d6dfc022b1bc3fe8614033dd	f01e69fbd3f96dff2890cd8ce8aeb760857d4a63d6dfc022b1bc3fe8614033dd	source-directory-byte-hash-unrelated-snapshot	NOT_ASSESSED_BY_FILE_DELTA
BACKEND	src/schemas/community.schemas.ts	BACKEND	SAME_CONTENT	42920900d8cc2720eba94d7f8164b3fea1598e827efa61db787116d115772011	42920900d8cc2720eba94d7f8164b3fea1598e827efa61db787116d115772011	source-directory-byte-hash-unrelated-snapshot	NOT_ASSESSED_BY_FILE_DELTA
BACKEND	src/schemas/corporate-account.schema.ts	BACKEND	SAME_CONTENT	a48911aac7c4ed1c235b16a520ee9191f395f73cd5d73461984d1bc74a202679	a48911aac7c4ed1c235b16a520ee9191f395f73cd5d73461984d1bc74a202679	source-directory-byte-hash-unrelated-snapshot	NOT_ASSESSED_BY_FILE_DELTA
BACKEND	src/schemas/custom-service.schema.ts	BACKEND	SAME_CONTENT	9e393a910bb6b036641dc047ce667d9af50db83cbfbf30f16c374523b14dee4b	9e393a910bb6b036641dc047ce667d9af50db83cbfbf30f16c374523b14dee4b	source-directory-byte-hash-unrelated-snapshot	NOT_ASSESSED_BY_FILE_DELTA
BACKEND	src/schemas/delivery.schema.ts	BACKEND	SAME_CONTENT	aed2b9ef4040766adca1ef41bb5f3d96356bb47621bf827b0e78e71f2286b453	aed2b9ef4040766adca1ef41bb5f3d96356bb47621bf827b0e78e71f2286b453	source-directory-byte-hash-unrelated-snapshot	NOT_ASSESSED_BY_FILE_DELTA
BACKEND	src/schemas/driver-shift.schema.ts	BACKEND	SAME_CONTENT	a854ff85b47ee7bdbfe5a89c60ba76cd73f22b287245a0e29d5f1b698cbb9a96	a854ff85b47ee7bdbfe5a89c60ba76cd73f22b287245a0e29d5f1b698cbb9a96	source-directory-byte-hash-unrelated-snapshot	NOT_ASSESSED_BY_FILE_DELTA
BACKEND	src/schemas/drug-rejection-log.schema.ts	BACKEND	SAME_CONTENT	0969caaafe828a9be5195e3249001ebbb635d2555a3e3ae0377fb8df1658f0ab	0969caaafe828a9be5195e3249001ebbb635d2555a3e3ae0377fb8df1658f0ab	source-directory-byte-hash-unrelated-snapshot	NOT_ASSESSED_BY_FILE_DELTA
BACKEND	src/schemas/emergency.schema.ts	BACKEND	SAME_CONTENT	e475cde844f087daac65635434c4d794b09813b74cf2e2f99445cfc147b8adf2	e475cde844f087daac65635434c4d794b09813b74cf2e2f99445cfc147b8adf2	source-directory-byte-hash-unrelated-snapshot	NOT_ASSESSED_BY_FILE_DELTA
BACKEND	src/schemas/extra.schemas.ts	BACKEND	SAME_CONTENT	4e495cdcc1bf749cff9e5a2151bea11bb03c534b38e9dcfbcf8f723c798fe342	4e495cdcc1bf749cff9e5a2151bea11bb03c534b38e9dcfbcf8f723c798fe342	source-directory-byte-hash-unrelated-snapshot	NOT_ASSESSED_BY_FILE_DELTA
BACKEND	src/schemas/facility.schema.ts	BACKEND	SAME_CONTENT	7fbea90ef9c3e95a05083e4072a4dc6189b5710f9179ce7a22bb541e882abc74	7fbea90ef9c3e95a05083e4072a4dc6189b5710f9179ce7a22bb541e882abc74	source-directory-byte-hash-unrelated-snapshot	NOT_ASSESSED_BY_FILE_DELTA
BACKEND	src/schemas/family.schemas.ts	BACKEND	SAME_CONTENT	b8b8dc5e3037785786293905ee756dc0a56aae41843cd3d717ecd99e6391f5d1	b8b8dc5e3037785786293905ee756dc0a56aae41843cd3d717ecd99e6391f5d1	source-directory-byte-hash-unrelated-snapshot	NOT_ASSESSED_BY_FILE_DELTA
BACKEND	src/schemas/feature-flag.schema.ts	BACKEND	SAME_CONTENT	6d30a92570c4df31deb3187adcc0c0459de3bf8ed0e1ebbb2a62020dd358dab9	6d30a92570c4df31deb3187adcc0c0459de3bf8ed0e1ebbb2a62020dd358dab9	source-directory-byte-hash-unrelated-snapshot	NOT_ASSESSED_BY_FILE_DELTA
BACKEND	src/schemas/fraud-alert.schema.ts	BACKEND	SAME_CONTENT	dda996ee1a825bafb22cc55f7c01eff33b010e3faff73dd46b1429eb138f94b2	dda996ee1a825bafb22cc55f7c01eff33b010e3faff73dd46b1429eb138f94b2	source-directory-byte-hash-unrelated-snapshot	NOT_ASSESSED_BY_FILE_DELTA
BACKEND	src/schemas/health.schema.ts	BACKEND	SAME_CONTENT	b61e05809935e15b2292a32aa575904d4218c9b8132853ab89b76bbe39fed4e6	b61e05809935e15b2292a32aa575904d4218c9b8132853ab89b76bbe39fed4e6	source-directory-byte-hash-unrelated-snapshot	NOT_ASSESSED_BY_FILE_DELTA
BACKEND	src/schemas/home-care.schema.ts	BACKEND	MODIFIED	f19f27ef58e97644756fcb0bde5ec0ef717f859d06871c1a57701d0b5a650d59	33194e8fc258dfdef3d8c2332c73959bcea64259e96981c38ca47eb09d3f7c0d	source-directory-byte-hash-unrelated-snapshot	NOT_ASSESSED_BY_FILE_DELTA
BACKEND	src/schemas/hospital-operations.schema.ts	BACKEND	SAME_CONTENT	d75839b05e4f6a93d43010319457ac69160861a7b0ee900995a8970906abb252	d75839b05e4f6a93d43010319457ac69160861a7b0ee900995a8970906abb252	source-directory-byte-hash-unrelated-snapshot	NOT_ASSESSED_BY_FILE_DELTA
BACKEND	src/schemas/image-processing-job.schema.ts	BACKEND	SAME_CONTENT	4dc09c2e156fe76d9842c01458cfe3dc6622433515c764677c5981bf67503890	4dc09c2e156fe76d9842c01458cfe3dc6622433515c764677c5981bf67503890	source-directory-byte-hash-unrelated-snapshot	NOT_ASSESSED_BY_FILE_DELTA
BACKEND	src/schemas/insurance.schema.ts	BACKEND	SAME_CONTENT	65ff8ede24ae76df48a6ffd59499f0c46ec326787dbe9f06fbc53d1090062e88	65ff8ede24ae76df48a6ffd59499f0c46ec326787dbe9f06fbc53d1090062e88	source-directory-byte-hash-unrelated-snapshot	NOT_ASSESSED_BY_FILE_DELTA
BACKEND	src/schemas/inventory.schema.ts	BACKEND	SAME_CONTENT	6e104c97febe3ddb12fd5a26c7b6f3258d47f5520409e866b12547d59a19e3f5	6e104c97febe3ddb12fd5a26c7b6f3258d47f5520409e866b12547d59a19e3f5	source-directory-byte-hash-unrelated-snapshot	NOT_ASSESSED_BY_FILE_DELTA
BACKEND	src/schemas/job-board.schema.ts	BACKEND	SAME_CONTENT	b7af264f78ae4fde927d646323571080b4df47ef98e4232263efdf80133d6d93	b7af264f78ae4fde927d646323571080b4df47ef98e4232263efdf80133d6d93	source-directory-byte-hash-unrelated-snapshot	NOT_ASSESSED_BY_FILE_DELTA
BACKEND	src/schemas/lab-result.schema.ts	BACKEND	SAME_CONTENT	83fbc1f989b6770cad6bf05c713b6358a7351da5fa75c123c0b4a5098846167b	83fbc1f989b6770cad6bf05c713b6358a7351da5fa75c123c0b4a5098846167b	source-directory-byte-hash-unrelated-snapshot	NOT_ASSESSED_BY_FILE_DELTA
BACKEND	src/schemas/lab.schema.ts	BACKEND	MODIFIED	d50ccc95ade7759a6b190f736ef51c75efc76fd013f1eb8773c538a4c9dc5a67	9084a012f2c3b188203b3cddbf34ed7a0bca7ff95cb62663b29de747c541b42a	source-directory-byte-hash-unrelated-snapshot	NOT_ASSESSED_BY_FILE_DELTA
BACKEND	src/schemas/leave-request.schema.ts	BACKEND	SAME_CONTENT	0ea115c2a4e1c47106f80b7f8fd8326da2137a65e958942c54e4e5de0a202d9f	0ea115c2a4e1c47106f80b7f8fd8326da2137a65e958942c54e4e5de0a202d9f	source-directory-byte-hash-unrelated-snapshot	NOT_ASSESSED_BY_FILE_DELTA
BACKEND	src/schemas/loyalty.schemas.ts	BACKEND	SAME_CONTENT	6d30514a5fbfe3b35876b6bcf5b8e7be287084ff8093d0d9b5a5929551557db3	6d30514a5fbfe3b35876b6bcf5b8e7be287084ff8093d0d9b5a5929551557db3	source-directory-byte-hash-unrelated-snapshot	NOT_ASSESSED_BY_FILE_DELTA
BACKEND	src/schemas/maternity.schema.ts	BACKEND	SAME_CONTENT	902e3ea9c9bab94e579bff6c3d9d0eee0bf07b214426248bbd5c855bf544b246	902e3ea9c9bab94e579bff6c3d9d0eee0bf07b214426248bbd5c855bf544b246	source-directory-byte-hash-unrelated-snapshot	NOT_ASSESSED_BY_FILE_DELTA
BACKEND	src/schemas/medical-profile.schema.ts	BACKEND	SAME_CONTENT	ba8d98d41c968b422a166b95be3134f48bce4d1c6d33250cfb43905bcf00c019	ba8d98d41c968b422a166b95be3134f48bce4d1c6d33250cfb43905bcf00c019	source-directory-byte-hash-unrelated-snapshot	NOT_ASSESSED_BY_FILE_DELTA
BACKEND	src/schemas/medical-report.schema.ts	BACKEND	SAME_CONTENT	c57c5b5953f0338e7ce62bc8aa29524833237d22786961a18c4788817f70cfd5	c57c5b5953f0338e7ce62bc8aa29524833237d22786961a18c4788817f70cfd5	source-directory-byte-hash-unrelated-snapshot	NOT_ASSESSED_BY_FILE_DELTA
BACKEND	src/schemas/medicine.schema.ts	BACKEND	SAME_CONTENT	ccacb7430293c6548dc19409273943f04556ee3ac6a4f3aaf005663d509b55ff	ccacb7430293c6548dc19409273943f04556ee3ac6a4f3aaf005663d509b55ff	source-directory-byte-hash-unrelated-snapshot	NOT_ASSESSED_BY_FILE_DELTA
BACKEND	src/schemas/mental-health.schema.ts	BACKEND	SAME_CONTENT	10b5eacb33f4ed47bcd9d9f57281f6b4130a74c64eae3609083772813db4ec30	10b5eacb33f4ed47bcd9d9f57281f6b4130a74c64eae3609083772813db4ec30	source-directory-byte-hash-unrelated-snapshot	NOT_ASSESSED_BY_FILE_DELTA
BACKEND	src/schemas/notification.schema.ts	BACKEND	SAME_CONTENT	06e6d1c06c1a65afadb067fb1879fa2cfdcc167da77bbbfdf1eff7e08bbf4fd4	06e6d1c06c1a65afadb067fb1879fa2cfdcc167da77bbbfdf1eff7e08bbf4fd4	source-directory-byte-hash-unrelated-snapshot	NOT_ASSESSED_BY_FILE_DELTA
BACKEND	src/schemas/nutrition.schema.ts	BACKEND	SAME_CONTENT	378783931497ebe8c24a0b848a061d7c1e2e483a7544829760335dfac70d2821	378783931497ebe8c24a0b848a061d7c1e2e483a7544829760335dfac70d2821	source-directory-byte-hash-unrelated-snapshot	NOT_ASSESSED_BY_FILE_DELTA
BACKEND	src/schemas/order.schema.ts	BACKEND	SAME_CONTENT	ec85549adb92e82b415171ffcb82963824d91ab5a0436c3eea926154c627f130	ec85549adb92e82b415171ffcb82963824d91ab5a0436c3eea926154c627f130	source-directory-byte-hash-unrelated-snapshot	NOT_ASSESSED_BY_FILE_DELTA
BACKEND	src/schemas/outbound-referral.schema.ts	BACKEND	SAME_CONTENT	fd800b94ddc3b12d40bb701005b3fcd606a8fd9f9701cd93c50ec1b054cf3d31	fd800b94ddc3b12d40bb701005b3fcd606a8fd9f9701cd93c50ec1b054cf3d31	source-directory-byte-hash-unrelated-snapshot	NOT_ASSESSED_BY_FILE_DELTA
BACKEND	src/schemas/patient-crm-tag.schema.ts	BACKEND	SAME_CONTENT	4219087c9ef0a2ec006d24064c116ac68b21f002bbe3bf8f25f737cdc7bbfa64	4219087c9ef0a2ec006d24064c116ac68b21f002bbe3bf8f25f737cdc7bbfa64	source-directory-byte-hash-unrelated-snapshot	NOT_ASSESSED_BY_FILE_DELTA
BACKEND	src/schemas/patient-profile.schema.ts	BACKEND	SAME_CONTENT	e2e0ca9963a203d040ba99d1904a8dbd5b75ed54397d4e89af883a1fdca5bbb7	e2e0ca9963a203d040ba99d1904a8dbd5b75ed54397d4e89af883a1fdca5bbb7	source-directory-byte-hash-unrelated-snapshot	NOT_ASSESSED_BY_FILE_DELTA
BACKEND	src/schemas/pharmacy-chat.schema.ts	BACKEND	SAME_CONTENT	12fec2cd5c8fa5537563f4be53d40cdd8c3f88702121f3f4eed40871cad6fad5	12fec2cd5c8fa5537563f4be53d40cdd8c3f88702121f3f4eed40871cad6fad5	source-directory-byte-hash-unrelated-snapshot	NOT_ASSESSED_BY_FILE_DELTA
BACKEND	src/schemas/pharmacy-inventory.schema.ts	BACKEND	SAME_CONTENT	55cb8de34c74c609a4063cd6406c4b0c9f0f78f8ea3c2a3b5842d830e1d908b1	55cb8de34c74c609a4063cd6406c4b0c9f0f78f8ea3c2a3b5842d830e1d908b1	source-directory-byte-hash-unrelated-snapshot	NOT_ASSESSED_BY_FILE_DELTA
BACKEND	src/schemas/prescription.schema.ts	BACKEND	SAME_CONTENT	2c7f125f9f9feab9e3bdd693c8231a9e073888d6424f18454172a131ccb1c589	2c7f125f9f9feab9e3bdd693c8231a9e073888d6424f18454172a131ccb1c589	source-directory-byte-hash-unrelated-snapshot	NOT_ASSESSED_BY_FILE_DELTA
BACKEND	src/schemas/profile-image-audit-log.schema.ts	BACKEND	SAME_CONTENT	eda2ac4b6d6c24a0ba29855a81898cd429a8e7f837ceb68df240e58c00b7092b	eda2ac4b6d6c24a0ba29855a81898cd429a8e7f837ceb68df240e58c00b7092b	source-directory-byte-hash-unrelated-snapshot	NOT_ASSESSED_BY_FILE_DELTA
BACKEND	src/schemas/profile-image-metadata.schema.ts	BACKEND	SAME_CONTENT	675a6334594d2642b18e324885b8b80213a80279ee1961ab8e3190e5b70df741	675a6334594d2642b18e324885b8b80213a80279ee1961ab8e3190e5b70df741	source-directory-byte-hash-unrelated-snapshot	NOT_ASSESSED_BY_FILE_DELTA
BACKEND	src/schemas/promotion-campaign.schema.ts	BACKEND	SAME_CONTENT	98591239d084364932e5fedfa7e6bea47118f0fb08d7eb1bedd00bd4eef997fe	98591239d084364932e5fedfa7e6bea47118f0fb08d7eb1bedd00bd4eef997fe	source-directory-byte-hash-unrelated-snapshot	NOT_ASSESSED_BY_FILE_DELTA
BACKEND	src/schemas/provider-availability.schema.ts	BACKEND	SAME_CONTENT	1c0f43b7d0fb647b117b1d8e7cb20d3571eb77abf639702f072fef9be5268dc3	1c0f43b7d0fb647b117b1d8e7cb20d3571eb77abf639702f072fef9be5268dc3	source-directory-byte-hash-unrelated-snapshot	NOT_ASSESSED_BY_FILE_DELTA
BACKEND	src/schemas/provider-branch.schema.ts	BACKEND	SAME_CONTENT	802c84e66c8cd7578ed2da546a38941268994f5b608090d08911f54030f839ae	802c84e66c8cd7578ed2da546a38941268994f5b608090d08911f54030f839ae	source-directory-byte-hash-unrelated-snapshot	NOT_ASSESSED_BY_FILE_DELTA
BACKEND	src/schemas/provider-profile.schema.ts	BACKEND	SAME_CONTENT	df506cc2de5250a45fb216541e80893f710be86d98b7528fd70d20baa517ac83	df506cc2de5250a45fb216541e80893f710be86d98b7528fd70d20baa517ac83	source-directory-byte-hash-unrelated-snapshot	NOT_ASSESSED_BY_FILE_DELTA
BACKEND	src/schemas/push-token.schema.ts	BACKEND	SAME_CONTENT	8892b05647d7ae3eff4f79f471af3326b1dcf3d045fcb1ffa918be7967855111	8892b05647d7ae3eff4f79f471af3326b1dcf3d045fcb1ffa918be7967855111	source-directory-byte-hash-unrelated-snapshot	NOT_ASSESSED_BY_FILE_DELTA
BACKEND	src/schemas/radiology.schema.ts	BACKEND	MODIFIED	fb2226095a94234b6b97d508bf779a85f0ca1a2885a6d4a249516e7fbf1350cd	328bd5271d838d9868172edd0b00f816e99c46b668d472e26a593ff4d5d3d06e	source-directory-byte-hash-unrelated-snapshot	NOT_ASSESSED_BY_FILE_DELTA
BACKEND	src/schemas/referral.schema.ts	BACKEND	SAME_CONTENT	542b57ae1ebf71c57b94b282c7417f02a550b85f9bb1db3742c0636e4e5aa688	542b57ae1ebf71c57b94b282c7417f02a550b85f9bb1db3742c0636e4e5aa688	source-directory-byte-hash-unrelated-snapshot	NOT_ASSESSED_BY_FILE_DELTA
BACKEND	src/schemas/refund-request.schema.ts	BACKEND	SAME_CONTENT	dc9091c131e757d071cdc2a72663d1c98156a3e3252d4d34dc373e59aaae632b	dc9091c131e757d071cdc2a72663d1c98156a3e3252d4d34dc373e59aaae632b	source-directory-byte-hash-unrelated-snapshot	NOT_ASSESSED_BY_FILE_DELTA
BACKEND	src/schemas/return-request.schema.ts	BACKEND	SAME_CONTENT	279f81b4e6cf39ccddced670ae5ace39f0745f00727292180b2abc580a5905d4	279f81b4e6cf39ccddced670ae5ace39f0745f00727292180b2abc580a5905d4	source-directory-byte-hash-unrelated-snapshot	NOT_ASSESSED_BY_FILE_DELTA
BACKEND	src/schemas/returns.schema.ts	BACKEND	SAME_CONTENT	218e9606ee4ea9de565eaa30bb81bf67d34e5aa2e0253f64216f732c8d889ba9	218e9606ee4ea9de565eaa30bb81bf67d34e5aa2e0253f64216f732c8d889ba9	source-directory-byte-hash-unrelated-snapshot	NOT_ASSESSED_BY_FILE_DELTA
BACKEND	src/schemas/review.schema.ts	BACKEND	SAME_CONTENT	40d4fe49417240c6c1360fd5edadaa56939f84e934d539ceb5ba4a332a72fdff	40d4fe49417240c6c1360fd5edadaa56939f84e934d539ceb5ba4a332a72fdff	source-directory-byte-hash-unrelated-snapshot	NOT_ASSESSED_BY_FILE_DELTA
BACKEND	src/schemas/sla-log.schema.ts	BACKEND	SAME_CONTENT	af02b8ef5ee5a93651d22cb97e59302591f64cb47a1808f495c4e8bd5dd7f46b	af02b8ef5ee5a93651d22cb97e59302591f64cb47a1808f495c4e8bd5dd7f46b	source-directory-byte-hash-unrelated-snapshot	NOT_ASSESSED_BY_FILE_DELTA
BACKEND	src/schemas/slot-lock.schema.ts	BACKEND	MODIFIED	f63b603b553d3cb5cc977b5528673cacb67f5968a33c850f710c829c42ff5cef	a26c58876d649052bea9691a23a1629f556f7fbc14295fb8cd2456284864f60d	source-directory-byte-hash-unrelated-snapshot	NOT_ASSESSED_BY_FILE_DELTA
BACKEND	src/schemas/support.schema.ts	BACKEND	SAME_CONTENT	cd1b0e252e34c619fc453d47aa00af415f8dbef53d88c9c788475826eb8a44de	cd1b0e252e34c619fc453d47aa00af415f8dbef53d88c9c788475826eb8a44de	source-directory-byte-hash-unrelated-snapshot	NOT_ASSESSED_BY_FILE_DELTA
BACKEND	src/schemas/system-config.schema.ts	BACKEND	SAME_CONTENT	1bf59b740b2d49a932fc011f07b80f8002be273381f69416ef5a02911ac93d46	1bf59b740b2d49a932fc011f07b80f8002be273381f69416ef5a02911ac93d46	source-directory-byte-hash-unrelated-snapshot	NOT_ASSESSED_BY_FILE_DELTA
BACKEND	src/schemas/systemevent.schema.ts	BACKEND	SAME_CONTENT	865d5da3dd83451c5e18d957413ebda19d6a0035923693add7b70549a0897bf5	865d5da3dd83451c5e18d957413ebda19d6a0035923693add7b70549a0897bf5	source-directory-byte-hash-unrelated-snapshot	NOT_ASSESSED_BY_FILE_DELTA
BACKEND	src/schemas/transaction.schema.ts	BACKEND	SAME_CONTENT	3c165e175419a0832d57810fc1ce47b1b5ba5a88fe5728e61a63ff8fe5b6c8b2	3c165e175419a0832d57810fc1ce47b1b5ba5a88fe5728e61a63ff8fe5b6c8b2	source-directory-byte-hash-unrelated-snapshot	NOT_ASSESSED_BY_FILE_DELTA
BACKEND	src/schemas/treatment-program.schema.ts	BACKEND	SAME_CONTENT	56fbc1d7b058309ad46a63ea25633a0a8acc23519b381e32383dbd645163393c	56fbc1d7b058309ad46a63ea25633a0a8acc23519b381e32383dbd645163393c	source-directory-byte-hash-unrelated-snapshot	NOT_ASSESSED_BY_FILE_DELTA
BACKEND	src/schemas/universal-activity.schema.ts	BACKEND	SAME_CONTENT	b2ea42ec3ecd5b2b364ad2fb2391a0f30fb4f0ecc4e9d3a5c9a4d86ee9c5f31c	b2ea42ec3ecd5b2b364ad2fb2391a0f30fb4f0ecc4e9d3a5c9a4d86ee9c5f31c	source-directory-byte-hash-unrelated-snapshot	NOT_ASSESSED_BY_FILE_DELTA
BACKEND	src/schemas/user.schema.ts	BACKEND	SAME_CONTENT	0d5526bf312e6d9cd052e97994a5d9c33b778adc83353d2780293100a8802c38	0d5526bf312e6d9cd052e97994a5d9c33b778adc83353d2780293100a8802c38	source-directory-byte-hash-unrelated-snapshot	NOT_ASSESSED_BY_FILE_DELTA
BACKEND	src/schemas/wallet.schema.ts	BACKEND	SAME_CONTENT	03be67d082a6b24e56620cdb527bbf5accf3212762032fc8187d2930718f8e7a	03be67d082a6b24e56620cdb527bbf5accf3212762032fc8187d2930718f8e7a	source-directory-byte-hash-unrelated-snapshot	NOT_ASSESSED_BY_FILE_DELTA
BACKEND	src/scripts/seed-admin.ts	BACKEND	SAME_CONTENT	c8abda226ee2616dbc3f2694326fb40db61fb482da864b46fe813c54d1467128	c8abda226ee2616dbc3f2694326fb40db61fb482da864b46fe813c54d1467128	source-directory-byte-hash-unrelated-snapshot	NOT_ASSESSED_BY_FILE_DELTA
BACKEND	src/scripts/seed-insurance-companies.ts	BACKEND	SAME_CONTENT	016bda339f51fcf7e22cda78da4e4404a33da34eba7b2b36cf70d610a47c0c0f	016bda339f51fcf7e22cda78da4e4404a33da34eba7b2b36cf70d610a47c0c0f	source-directory-byte-hash-unrelated-snapshot	NOT_ASSESSED_BY_FILE_DELTA
BACKEND	src/scripts/seed_test.ts	BACKEND	SAME_CONTENT	a96f59b382e04230865651bbe1b182bbec76253e6621ff58ff76f18717bb72b5	a96f59b382e04230865651bbe1b182bbec76253e6621ff58ff76f18717bb72b5	source-directory-byte-hash-unrelated-snapshot	NOT_ASSESSED_BY_FILE_DELTA
BACKEND	src/scripts/seed_test_providers.ts	BACKEND	SAME_CONTENT	be28bfbe998c5285f0cda6c5493972c43e96586b730d4bd1abf3800927d738ab	be28bfbe998c5285f0cda6c5493972c43e96586b730d4bd1abf3800927d738ab	source-directory-byte-hash-unrelated-snapshot	NOT_ASSESSED_BY_FILE_DELTA
BACKEND	src/scripts/verify-production.ts	BACKEND	SAME_CONTENT	429891ceeb3017920f24c2e88d81f9c7c2f17b867f3a6951f34f99ed7e40a8de	429891ceeb3017920f24c2e88d81f9c7c2f17b867f3a6951f34f99ed7e40a8de	source-directory-byte-hash-unrelated-snapshot	NOT_ASSESSED_BY_FILE_DELTA
BACKEND	test/a-enterprise.integration.e2e-spec.ts	TEST_OR_E2E	INCOMING_ONLY		b0d8bc963b9da1b77c909fd3f4ec99dc10284ed205c66e80eea8139ffdbe7104	source-directory-byte-hash-unrelated-snapshot	NOT_ASSESSED_BY_FILE_DELTA
BACKEND	test/a1-security.spec.ts	TEST_OR_E2E	INCOMING_ONLY		0e0a2c04f065529546dd5b1d9120251226aafcddc500ae6f5a37b3747eb99337	source-directory-byte-hash-unrelated-snapshot	NOT_ASSESSED_BY_FILE_DELTA
BACKEND	test/a2-finance.spec.ts	TEST_OR_E2E	INCOMING_ONLY		2263297de3e0895ec1ac0f3816ce4cd64cfef31afce5185fd548d765e8ecbf90	source-directory-byte-hash-unrelated-snapshot	NOT_ASSESSED_BY_FILE_DELTA
BACKEND	test/a3-analytics.spec.ts	TEST_OR_E2E	INCOMING_ONLY		bbb6d0b537a4876c898f69cc59e6f4017871877c1a8befe004350350e3872189	source-directory-byte-hash-unrelated-snapshot	NOT_ASSESSED_BY_FILE_DELTA
BACKEND	test/a4-segments.spec.ts	TEST_OR_E2E	INCOMING_ONLY		c0c12fb0bbe120a11ee88ce4135c1e900282d9badb75c07aecc484c9439df474	source-directory-byte-hash-unrelated-snapshot	NOT_ASSESSED_BY_FILE_DELTA
BACKEND	test/a5-coupons.spec.ts	TEST_OR_E2E	INCOMING_ONLY		35535ce675d6b445a3e624da6171a2a110754b035ea820fcc5d74496896c7a68	source-directory-byte-hash-unrelated-snapshot	NOT_ASSESSED_BY_FILE_DELTA
BACKEND	test/app.boot.e2e-spec.ts	TEST_OR_E2E	SAME_CONTENT	9fed1b4ab5696a326ea0ba83e825fcc09d4946ad6ce501bb2221bec1ded527fe	9fed1b4ab5696a326ea0ba83e825fcc09d4946ad6ce501bb2221bec1ded527fe	source-directory-byte-hash-unrelated-snapshot	NOT_ASSESSED_BY_FILE_DELTA
BACKEND	test/go3-seo-controls.spec.ts	TEST_OR_E2E	INCOMING_ONLY		fc9b9412e7d9f635060be589e06cdcc31dde9f9e9b951d11df747cf24c426ebd	source-directory-byte-hash-unrelated-snapshot	NOT_ASSESSED_BY_FILE_DELTA
BACKEND	todo.md	BACKEND	BASELINE_ONLY	4872dc609678db5e2083f9f1088be8fec09a78585cde90f1f942e0b50a60c72d		source-directory-byte-hash-unrelated-snapshot	NOT_ASSESSED_BY_FILE_DELTA
BACKEND	tsconfig.build.json	BACKEND	SAME_CONTENT	2364ad8000c31ea809d6b5d4d5fa3349fff28883ed983406bee8d2cd4c831473	2364ad8000c31ea809d6b5d4d5fa3349fff28883ed983406bee8d2cd4c831473	source-directory-byte-hash-unrelated-snapshot	NOT_ASSESSED_BY_FILE_DELTA
BACKEND	tsconfig.json	BACKEND	SAME_CONTENT	6a12aea24799485751e9ae2c5296affe5fb570d568e995ec19adb35b7f239063	6a12aea24799485751e9ae2c5296affe5fb570d568e995ec19adb35b7f239063	source-directory-byte-hash-unrelated-snapshot	NOT_ASSESSED_BY_FILE_DELTA
BACKEND	web_admin_dashboard.zip	BACKEND	BASELINE_ONLY	6f501ebd543a7c97dc2c2b3125fa563fd7e6e68fd087dc9d20bc4d5234c2a671		source-directory-byte-hash-unrelated-snapshot	NOT_ASSESSED_BY_FILE_DELTA
PATIENT_MOBILE	.detoxrc.js	PATIENT_MOBILE	SAME_CONTENT	687b40c4f96a44201234aca92562c96ea13e4ab264bd81111d2a2b7c1c29f2a4	687b40c4f96a44201234aca92562c96ea13e4ab264bd81111d2a2b7c1c29f2a4	source-directory-byte-hash-unrelated-snapshot	NOT_ASSESSED_BY_FILE_DELTA
PATIENT_MOBILE	.gitignore	PATIENT_MOBILE	SAME_CONTENT	a55174d1a34c3a3b44e9194a4827f486510a5e207fbc486d19288b81661a2e9e	a55174d1a34c3a3b44e9194a4827f486510a5e207fbc486d19288b81661a2e9e	source-directory-byte-hash-unrelated-snapshot	NOT_ASSESSED_BY_FILE_DELTA
PATIENT_MOBILE	.npmrc	PATIENT_MOBILE	SAME_CONTENT	8610723edb7c3f207f641586b91de45eb39e34244919f3390ae62ec0d0ae501a	8610723edb7c3f207f641586b91de45eb39e34244919f3390ae62ec0d0ae501a	source-directory-byte-hash-unrelated-snapshot	NOT_ASSESSED_BY_FILE_DELTA
PATIENT_MOBILE	Dockerfile	PATIENT_MOBILE	SAME_CONTENT	71cfd876a2264016770f3949796e897abfb937ad6bfc55d47e8e4ee41579842c	71cfd876a2264016770f3949796e897abfb937ad6bfc55d47e8e4ee41579842c	source-directory-byte-hash-unrelated-snapshot	NOT_ASSESSED_BY_FILE_DELTA
PATIENT_MOBILE	GoogleService-Info.plist	PATIENT_MOBILE	BASELINE_ONLY	dd595a5532125d6d5125190c764a9282b2dbea0fb7fe6f21f5a8bd216dabecc0		source-directory-byte-hash-unrelated-snapshot	NOT_ASSESSED_BY_FILE_DELTA
PATIENT_MOBILE	README.md	PATIENT_MOBILE	SAME_CONTENT	62b3c5652d31c99d21000c39b165143e927260af38d25060c1a30ef5130d945b	62b3c5652d31c99d21000c39b165143e927260af38d25060c1a30ef5130d945b	source-directory-byte-hash-unrelated-snapshot	NOT_ASSESSED_BY_FILE_DELTA
PATIENT_MOBILE	app.json	PATIENT_MOBILE	SAME_CONTENT	a2b9a86e0c5238e73a8f9d6b1b98b5d7369b3b841146ae2137134e31cfd54b02	a2b9a86e0c5238e73a8f9d6b1b98b5d7369b3b841146ae2137134e31cfd54b02	source-directory-byte-hash-unrelated-snapshot	NOT_ASSESSED_BY_FILE_DELTA
PATIENT_MOBILE	app/(auth)/_layout.tsx	PATIENT_MOBILE	SAME_CONTENT	087f5c5c950ff3a2cc9fa0c78c6e31f7e1d8ea7d31753a061e898cad8a20a516	087f5c5c950ff3a2cc9fa0c78c6e31f7e1d8ea7d31753a061e898cad8a20a516	source-directory-byte-hash-unrelated-snapshot	NOT_ASSESSED_BY_FILE_DELTA
PATIENT_MOBILE	app/(auth)/forgot-password.tsx	PATIENT_MOBILE	SAME_CONTENT	cb286af3fb406bb73ecce2253c1fdddaf9629a04f8ae2131454412e318479ef7	cb286af3fb406bb73ecce2253c1fdddaf9629a04f8ae2131454412e318479ef7	source-directory-byte-hash-unrelated-snapshot	NOT_ASSESSED_BY_FILE_DELTA
PATIENT_MOBILE	app/(auth)/login.tsx	PATIENT_MOBILE	SAME_CONTENT	587c9b5ae250d20b0faadbb94c7562943b62604232f87918a58ab273ef320b5e	587c9b5ae250d20b0faadbb94c7562943b62604232f87918a58ab273ef320b5e	source-directory-byte-hash-unrelated-snapshot	NOT_ASSESSED_BY_FILE_DELTA
PATIENT_MOBILE	app/(auth)/otp.tsx	PATIENT_MOBILE	MODIFIED	dd67a6b8a51d1686b8ca58dd5496901634a281e3f3888c3c3d529549405f42fb	35d68946370a18c4bc807ed9ebdbbffde570f4d958ca265b300a8cfdea7ee6b8	source-directory-byte-hash-unrelated-snapshot	NOT_ASSESSED_BY_FILE_DELTA
PATIENT_MOBILE	app/(auth)/privacy.tsx	PATIENT_MOBILE	SAME_CONTENT	d4947f42d47c3f066f20486b3bdb0ab50e0d3f960cc30879e060c3c099e691b5	d4947f42d47c3f066f20486b3bdb0ab50e0d3f960cc30879e060c3c099e691b5	source-directory-byte-hash-unrelated-snapshot	NOT_ASSESSED_BY_FILE_DELTA
PATIENT_MOBILE	app/(auth)/provider-info.tsx	PATIENT_MOBILE	SAME_CONTENT	381b300534513a6a17dd0813d7282e7ed5c3b516ec5434657e14e823736d2b20	381b300534513a6a17dd0813d7282e7ed5c3b516ec5434657e14e823736d2b20	source-directory-byte-hash-unrelated-snapshot	NOT_ASSESSED_BY_FILE_DELTA
PATIENT_MOBILE	app/(auth)/register.tsx	PATIENT_MOBILE	SAME_CONTENT	9dcfbb10245c004eb4d7260ac27c55d0b7880fcc8d96ac15d9bc4d1340da6a5d	9dcfbb10245c004eb4d7260ac27c55d0b7880fcc8d96ac15d9bc4d1340da6a5d	source-directory-byte-hash-unrelated-snapshot	NOT_ASSESSED_BY_FILE_DELTA
PATIENT_MOBILE	app/(auth)/reset-password.tsx	PATIENT_MOBILE	SAME_CONTENT	59bf083db507abd79d5745e68e62fbb7953920a5cf780b897e86fb16139e7359	59bf083db507abd79d5745e68e62fbb7953920a5cf780b897e86fb16139e7359	source-directory-byte-hash-unrelated-snapshot	NOT_ASSESSED_BY_FILE_DELTA
PATIENT_MOBILE	app/(auth)/terms.tsx	PATIENT_MOBILE	SAME_CONTENT	ebe6881b514da61f2b58c40b7ebb0c094398d55db50f37bf9a12fca737f9aaea	ebe6881b514da61f2b58c40b7ebb0c094398d55db50f37bf9a12fca737f9aaea	source-directory-byte-hash-unrelated-snapshot	NOT_ASSESSED_BY_FILE_DELTA
PATIENT_MOBILE	app/(auth)/welcome.tsx	PATIENT_MOBILE	SAME_CONTENT	6fd387fc013f5cea23ac402e6f000a1073887f8507d23754a43c06ec5d420179	6fd387fc013f5cea23ac402e6f000a1073887f8507d23754a43c06ec5d420179	source-directory-byte-hash-unrelated-snapshot	NOT_ASSESSED_BY_FILE_DELTA
PATIENT_MOBILE	app/(onboarding)/_layout.tsx	PATIENT_MOBILE	SAME_CONTENT	c749ff41bda4a9ac43e8231f978e69af965255a5870c113a948cae946c8ff3a5	c749ff41bda4a9ac43e8231f978e69af965255a5870c113a948cae946c8ff3a5	source-directory-byte-hash-unrelated-snapshot	NOT_ASSESSED_BY_FILE_DELTA
PATIENT_MOBILE	app/(onboarding)/index.tsx	PATIENT_MOBILE	SAME_CONTENT	3255dd8d3c3851a5b8a1cf2814425354b51fde4e13779c2fb68aa93ca5311b4c	3255dd8d3c3851a5b8a1cf2814425354b51fde4e13779c2fb68aa93ca5311b4c	source-directory-byte-hash-unrelated-snapshot	NOT_ASSESSED_BY_FILE_DELTA
PATIENT_MOBILE	app/(onboarding)/language.tsx	PATIENT_MOBILE	SAME_CONTENT	9aa06113ba8133da4b19cc32b57bcd1535086abef8cfb1fb8105f25d69578979	9aa06113ba8133da4b19cc32b57bcd1535086abef8cfb1fb8105f25d69578979	source-directory-byte-hash-unrelated-snapshot	NOT_ASSESSED_BY_FILE_DELTA
PATIENT_MOBILE	app/(onboarding)/permissions.tsx	PATIENT_MOBILE	SAME_CONTENT	2d6f2cf481cfda507ab2a3691275ff598f1b0ea443ac74cebd405941906389d5	2d6f2cf481cfda507ab2a3691275ff598f1b0ea443ac74cebd405941906389d5	source-directory-byte-hash-unrelated-snapshot	NOT_ASSESSED_BY_FILE_DELTA
PATIENT_MOBILE	app/(tabs)/_layout.tsx	PATIENT_MOBILE	SAME_CONTENT	7f6e60ef5ad8b7bae8fda7e0ffb5921c5e17b3f41dc6c98ebaee75f7711a4f0a	7f6e60ef5ad8b7bae8fda7e0ffb5921c5e17b3f41dc6c98ebaee75f7711a4f0a	source-directory-byte-hash-unrelated-snapshot	NOT_ASSESSED_BY_FILE_DELTA
PATIENT_MOBILE	app/(tabs)/consultations/index.tsx	PATIENT_MOBILE	SAME_CONTENT	51b28ba195cde72b00245dadc37e7409a83b4ed147181c8cd39c5af71e0fbc19	51b28ba195cde72b00245dadc37e7409a83b4ed147181c8cd39c5af71e0fbc19	source-directory-byte-hash-unrelated-snapshot	NOT_ASSESSED_BY_FILE_DELTA
PATIENT_MOBILE	app/(tabs)/diagnostics.tsx	PATIENT_MOBILE	SAME_CONTENT	aece3dbcb0066d8facc28dbb2a30ccacf24ecbf748358500fa077e68efa05420	aece3dbcb0066d8facc28dbb2a30ccacf24ecbf748358500fa077e68efa05420	source-directory-byte-hash-unrelated-snapshot	NOT_ASSESSED_BY_FILE_DELTA
PATIENT_MOBILE	app/(tabs)/health.tsx	PATIENT_MOBILE	SAME_CONTENT	2566ca913a46c198f6264f3d8b43394a81ab2675305fce63f9da2a3222781e05	2566ca913a46c198f6264f3d8b43394a81ab2675305fce63f9da2a3222781e05	source-directory-byte-hash-unrelated-snapshot	NOT_ASSESSED_BY_FILE_DELTA
PATIENT_MOBILE	app/(tabs)/index.tsx	PATIENT_MOBILE	SAME_CONTENT	e8aacaa6054fed454843a28ebc482f760efab61ca4bee93a7ebbee89895cb2dc	e8aacaa6054fed454843a28ebc482f760efab61ca4bee93a7ebbee89895cb2dc	source-directory-byte-hash-unrelated-snapshot	NOT_ASSESSED_BY_FILE_DELTA
PATIENT_MOBILE	app/(tabs)/nursing.tsx	PATIENT_MOBILE	SAME_CONTENT	3329c1a3e27bc3e55a74c7412b95ffa03e8f0a7ce28216a57734f259fa8de113	3329c1a3e27bc3e55a74c7412b95ffa03e8f0a7ce28216a57734f259fa8de113	source-directory-byte-hash-unrelated-snapshot	NOT_ASSESSED_BY_FILE_DELTA
PATIENT_MOBILE	app/(tabs)/pharmacy.tsx	PATIENT_MOBILE	SAME_CONTENT	644fa36e715a437e734b75e70b2533acc36526965a3d948bb29ea1759c9748d1	644fa36e715a437e734b75e70b2533acc36526965a3d948bb29ea1759c9748d1	source-directory-byte-hash-unrelated-snapshot	NOT_ASSESSED_BY_FILE_DELTA
PATIENT_MOBILE	app/(tabs)/services.tsx	PATIENT_MOBILE	SAME_CONTENT	d481cd70486f95736262df9376562f8cbde45220c0e1303f4f3c72fecab2ef26	d481cd70486f95736262df9376562f8cbde45220c0e1303f4f3c72fecab2ef26	source-directory-byte-hash-unrelated-snapshot	NOT_ASSESSED_BY_FILE_DELTA
PATIENT_MOBILE	app/_layout.tsx	PATIENT_MOBILE	MODIFIED	ad6c5921c8aab3b65cbeca000485620eeda1733ce9dc004190f526b5924eabaa	bc287f557d5cf21febc92ce45baf0c551526b179664f71981db4bf98e032ae2b	source-directory-byte-hash-unrelated-snapshot	NOT_ASSESSED_BY_FILE_DELTA
PATIENT_MOBILE	app/ai-assistant.tsx	PATIENT_MOBILE	SAME_CONTENT	d5ec29fd132bbd7fa3fe44103da767388ca4aa8819baf06cbfc7bf2ccdc64f5b	d5ec29fd132bbd7fa3fe44103da767388ca4aa8819baf06cbfc7bf2ccdc64f5b	source-directory-byte-hash-unrelated-snapshot	NOT_ASSESSED_BY_FILE_DELTA
PATIENT_MOBILE	app/ai/chat-doctor.tsx	PATIENT_MOBILE	SAME_CONTENT	c3d88bd152314fbd0a74a0b364f2484eb5ee0a87a146b68efd5cf21c7c798f3f	c3d88bd152314fbd0a74a0b364f2484eb5ee0a87a146b68efd5cf21c7c798f3f	source-directory-byte-hash-unrelated-snapshot	NOT_ASSESSED_BY_FILE_DELTA
PATIENT_MOBILE	app/ai/monthly-report.tsx	PATIENT_MOBILE	SAME_CONTENT	74af27b4961e4381e7dbaf371d65da3c1ac80c1c87940317470c2f98d5960c40	74af27b4961e4381e7dbaf371d65da3c1ac80c1c87940317470c2f98d5960c40	source-directory-byte-hash-unrelated-snapshot	NOT_ASSESSED_BY_FILE_DELTA
PATIENT_MOBILE	app/ai/prescription-translator.tsx	PATIENT_MOBILE	SAME_CONTENT	b8ab5a6b7ab87e466e5aa40a1355b7627c77b50e267b18208962762e2cb56f67	b8ab5a6b7ab87e466e5aa40a1355b7627c77b50e267b18208962762e2cb56f67	source-directory-byte-hash-unrelated-snapshot	NOT_ASSESSED_BY_FILE_DELTA
PATIENT_MOBILE	app/ai/skin-analysis.tsx	PATIENT_MOBILE	SAME_CONTENT	98b4e44c02fd836bc823693531b2e362f6ed8747975379994880f810c15df966	98b4e44c02fd836bc823693531b2e362f6ed8747975379994880f810c15df966	source-directory-byte-hash-unrelated-snapshot	NOT_ASSESSED_BY_FILE_DELTA
PATIENT_MOBILE	app/ai/symptom-checker.tsx	PATIENT_MOBILE	SAME_CONTENT	3457203e1fdd0225811eb9a2f579606ecaedc8a32e75fad05bfc5732ce2e8803	3457203e1fdd0225811eb9a2f579606ecaedc8a32e75fad05bfc5732ce2e8803	source-directory-byte-hash-unrelated-snapshot	NOT_ASSESSED_BY_FILE_DELTA
PATIENT_MOBILE	app/ai/symptom-timeline.tsx	PATIENT_MOBILE	SAME_CONTENT	7b9b32e4a32be722c6739045312d735793d567d9859fae3bdd3db4b65a1e9d16	7b9b32e4a32be722c6739045312d735793d567d9859fae3bdd3db4b65a1e9d16	source-directory-byte-hash-unrelated-snapshot	NOT_ASSESSED_BY_FILE_DELTA
PATIENT_MOBILE	app/ai/triage.tsx	PATIENT_MOBILE	SAME_CONTENT	e4351c0c162ea0a8b5396a28726d0601b62a9ec51df304befe83f43251970fcf	e4351c0c162ea0a8b5396a28726d0601b62a9ec51df304befe83f43251970fcf	source-directory-byte-hash-unrelated-snapshot	NOT_ASSESSED_BY_FILE_DELTA
PATIENT_MOBILE	app/articles/[slug].tsx	PATIENT_MOBILE	SAME_CONTENT	e35a6ae3ba41b44894f68bbf9f1999cfba23f43d77c21b186a9f1844e641e1fb	e35a6ae3ba41b44894f68bbf9f1999cfba23f43d77c21b186a9f1844e641e1fb	source-directory-byte-hash-unrelated-snapshot	NOT_ASSESSED_BY_FILE_DELTA
PATIENT_MOBILE	app/articles/bookmarks.tsx	PATIENT_MOBILE	SAME_CONTENT	80f15ba95db7a0c7dedeb35274267e9e62d58cd45048515a7c6b574fbec8787a	80f15ba95db7a0c7dedeb35274267e9e62d58cd45048515a7c6b574fbec8787a	source-directory-byte-hash-unrelated-snapshot	NOT_ASSESSED_BY_FILE_DELTA
PATIENT_MOBILE	app/articles/index.tsx	PATIENT_MOBILE	SAME_CONTENT	d8c8a8004295468bf49b392951ff83db0063df167470f69ac960e3632068aa99	d8c8a8004295468bf49b392951ff83db0063df167470f69ac960e3632068aa99	source-directory-byte-hash-unrelated-snapshot	NOT_ASSESSED_BY_FILE_DELTA
PATIENT_MOBILE	app/authGuestPolicy.test.ts	TEST_OR_E2E	SAME_CONTENT	ec4c298c50893080e50ac11c2499425751b75e3cd0302a7bc847125c45269bc4	ec4c298c50893080e50ac11c2499425751b75e3cd0302a7bc847125c45269bc4	source-directory-byte-hash-unrelated-snapshot	NOT_ASSESSED_BY_FILE_DELTA
PATIENT_MOBILE	app/community/hub.tsx	PATIENT_MOBILE	SAME_CONTENT	4cfbdd96ccfa0337517d045ba3afb357d0dd177aab6eb08e1e5b3ec0f0e6d491	4cfbdd96ccfa0337517d045ba3afb357d0dd177aab6eb08e1e5b3ec0f0e6d491	source-directory-byte-hash-unrelated-snapshot	NOT_ASSESSED_BY_FILE_DELTA
PATIENT_MOBILE	app/community/post-detail.tsx	PATIENT_MOBILE	SAME_CONTENT	6ab5a01586714384cbb518eda3d18cfc8c7a102e8c9d42637f58c467bdf7b68c	6ab5a01586714384cbb518eda3d18cfc8c7a102e8c9d42637f58c467bdf7b68c	source-directory-byte-hash-unrelated-snapshot	NOT_ASSESSED_BY_FILE_DELTA
PATIENT_MOBILE	app/consultations/appointment-detail.tsx	PATIENT_MOBILE	SAME_CONTENT	11c1bdd694b610cca1385e483a052518db3882940c50209d9b7d865c65bc0c70	11c1bdd694b610cca1385e483a052518db3882940c50209d9b7d865c65bc0c70	source-directory-byte-hash-unrelated-snapshot	NOT_ASSESSED_BY_FILE_DELTA
PATIENT_MOBILE	app/consultations/appointments.tsx	PATIENT_MOBILE	SAME_CONTENT	c6144066411f0eff564346557570aadc78c5eaa7740a48c296bb8ac639fa51b6	c6144066411f0eff564346557570aadc78c5eaa7740a48c296bb8ac639fa51b6	source-directory-byte-hash-unrelated-snapshot	NOT_ASSESSED_BY_FILE_DELTA
PATIENT_MOBILE	app/consultations/book/[id].tsx	PATIENT_MOBILE	SAME_CONTENT	cdc084345b7fb456716faba3cd583ab70a924a6359ca9d2ac8835d4bcba40d31	cdc084345b7fb456716faba3cd583ab70a924a6359ca9d2ac8835d4bcba40d31	source-directory-byte-hash-unrelated-snapshot	NOT_ASSESSED_BY_FILE_DELTA
PATIENT_MOBILE	app/consultations/booking-confirm.tsx	PATIENT_MOBILE	SAME_CONTENT	7c47744bd49e27de445602514a33f1cdaffb2d54373b3f9879484a647c83a686	7c47744bd49e27de445602514a33f1cdaffb2d54373b3f9879484a647c83a686	source-directory-byte-hash-unrelated-snapshot	NOT_ASSESSED_BY_FILE_DELTA
PATIENT_MOBILE	app/consultations/booking-pending.tsx	PATIENT_MOBILE	SAME_CONTENT	ec8a97de6bfb93c5ee2b7cb451915e8e4a834754e627a768eac021edec8a7a19	ec8a97de6bfb93c5ee2b7cb451915e8e4a834754e627a768eac021edec8a7a19	source-directory-byte-hash-unrelated-snapshot	NOT_ASSESSED_BY_FILE_DELTA
PATIENT_MOBILE	app/consultations/booking-success.tsx	PATIENT_MOBILE	SAME_CONTENT	53a9136da667815163a044bb02e7cbff71f9fb832a4a7707282b9baa7ce86124	53a9136da667815163a044bb02e7cbff71f9fb832a4a7707282b9baa7ce86124	source-directory-byte-hash-unrelated-snapshot	NOT_ASSESSED_BY_FILE_DELTA
PATIENT_MOBILE	app/consultations/call-history.tsx	PATIENT_MOBILE	SAME_CONTENT	acf319e53b7eedb3359d1c3d94864b67a3124ea9403f705c577f93732c022f4c	acf319e53b7eedb3359d1c3d94864b67a3124ea9403f705c577f93732c022f4c	source-directory-byte-hash-unrelated-snapshot	NOT_ASSESSED_BY_FILE_DELTA
PATIENT_MOBILE	app/consultations/cancel-reschedule.tsx	PATIENT_MOBILE	SAME_CONTENT	bd00d43ece07dc3afc6919b7f70372e585c7498fc392b4fb97262624e89676c2	bd00d43ece07dc3afc6919b7f70372e585c7498fc392b4fb97262624e89676c2	source-directory-byte-hash-unrelated-snapshot	NOT_ASSESSED_BY_FILE_DELTA
PATIENT_MOBILE	app/consultations/chat-with-doctor.tsx	PATIENT_MOBILE	SAME_CONTENT	6795062ac122a38d40b2386a2f24863db9ca8bbc3160afa01460e6f26573878f	6795062ac122a38d40b2386a2f24863db9ca8bbc3160afa01460e6f26573878f	source-directory-byte-hash-unrelated-snapshot	NOT_ASSESSED_BY_FILE_DELTA
PATIENT_MOBILE	app/consultations/clinic-confirm.tsx	PATIENT_MOBILE	SAME_CONTENT	f12f8de2650cd84d925e48e7f66de91cc596548a3fa8e93f324468ac824e2acd	f12f8de2650cd84d925e48e7f66de91cc596548a3fa8e93f324468ac824e2acd	source-directory-byte-hash-unrelated-snapshot	NOT_ASSESSED_BY_FILE_DELTA
PATIENT_MOBILE	app/consultations/clinic-location.tsx	PATIENT_MOBILE	SAME_CONTENT	2c01120da741f0e7d9ee9941f92c3f3132acf7f545036422d7ac9d8cca889df4	2c01120da741f0e7d9ee9941f92c3f3132acf7f545036422d7ac9d8cca889df4	source-directory-byte-hash-unrelated-snapshot	NOT_ASSESSED_BY_FILE_DELTA
PATIENT_MOBILE	app/consultations/clinic/[id].tsx	PATIENT_MOBILE	SAME_CONTENT	f9297f4d7a5e73637c42ad8747ff6ce9cf5fc9ac1a86a2ebfea80ac4029425d8	f9297f4d7a5e73637c42ad8747ff6ce9cf5fc9ac1a86a2ebfea80ac4029425d8	source-directory-byte-hash-unrelated-snapshot	NOT_ASSESSED_BY_FILE_DELTA
PATIENT_MOBILE	app/consultations/doctor-profile.tsx	PATIENT_MOBILE	SAME_CONTENT	733368cdc728552c33ceb88ccd57ebec9279c407b6b451c07e502e0f4aa5dd7f	733368cdc728552c33ceb88ccd57ebec9279c407b6b451c07e502e0f4aa5dd7f	source-directory-byte-hash-unrelated-snapshot	NOT_ASSESSED_BY_FILE_DELTA
PATIENT_MOBILE	app/consultations/doctor-search.tsx	PATIENT_MOBILE	SAME_CONTENT	7306994dbce3ae1443f7fd9d3cba515436b05fc9b8695abdf3fdfe8905378d77	7306994dbce3ae1443f7fd9d3cba515436b05fc9b8695abdf3fdfe8905378d77	source-directory-byte-hash-unrelated-snapshot	NOT_ASSESSED_BY_FILE_DELTA
PATIENT_MOBILE	app/consultations/doctor/[id].tsx	PATIENT_MOBILE	SAME_CONTENT	3cca7a66d0e3bde604349b28a100f85587660867f9b0fe9668f7349d626b23dd	3cca7a66d0e3bde604349b28a100f85587660867f9b0fe9668f7349d626b23dd	source-directory-byte-hash-unrelated-snapshot	NOT_ASSESSED_BY_FILE_DELTA
PATIENT_MOBILE	app/consultations/follow-up.tsx	PATIENT_MOBILE	SAME_CONTENT	b70c204551cc70c4b0c8c5603252815c9db1bd09be581f93707a2982a9b72b77	b70c204551cc70c4b0c8c5603252815c9db1bd09be581f93707a2982a9b72b77	source-directory-byte-hash-unrelated-snapshot	NOT_ASSESSED_BY_FILE_DELTA
PATIENT_MOBILE	app/consultations/home-visit-tracking.tsx	PATIENT_MOBILE	SAME_CONTENT	ff6376027519af5abed1e210859a3f44a66489964f9d35702fa21913ee56220c	ff6376027519af5abed1e210859a3f44a66489964f9d35702fa21913ee56220c	source-directory-byte-hash-unrelated-snapshot	NOT_ASSESSED_BY_FILE_DELTA
PATIENT_MOBILE	app/consultations/incoming-call.tsx	PATIENT_MOBILE	SAME_CONTENT	886853a264f20abe032edda938b7f636680c6246c2111e083e2a7c1284a0795e	886853a264f20abe032edda938b7f636680c6246c2111e083e2a7c1284a0795e	source-directory-byte-hash-unrelated-snapshot	NOT_ASSESSED_BY_FILE_DELTA
PATIENT_MOBILE	app/consultations/offer/[id].tsx	PATIENT_MOBILE	SAME_CONTENT	c5b964f782a7b227134183a14c9197ebfa1475c3dfe2cd05eeeee13260800673	c5b964f782a7b227134183a14c9197ebfa1475c3dfe2cd05eeeee13260800673	source-directory-byte-hash-unrelated-snapshot	NOT_ASSESSED_BY_FILE_DELTA
PATIENT_MOBILE	app/consultations/post-call-rating.tsx	PATIENT_MOBILE	SAME_CONTENT	86e59042c612168ae4784076ddb66c7a956ebd5dacb75a8acc76adb940dbf70c	86e59042c612168ae4784076ddb66c7a956ebd5dacb75a8acc76adb940dbf70c	source-directory-byte-hash-unrelated-snapshot	NOT_ASSESSED_BY_FILE_DELTA
PATIENT_MOBILE	app/consultations/prescription-from-doctor.tsx	PATIENT_MOBILE	SAME_CONTENT	9856162dc1912802c4804c7c8ace6e34daa574300f8a54d684675b021295ad56	9856162dc1912802c4804c7c8ace6e34daa574300f8a54d684675b021295ad56	source-directory-byte-hash-unrelated-snapshot	NOT_ASSESSED_BY_FILE_DELTA
PATIENT_MOBILE	app/consultations/share-report.tsx	PATIENT_MOBILE	SAME_CONTENT	267fa4146750d47dcf9b96ca468edba8e6e5e8d30d2f5789f0626ef9098a0a6b	267fa4146750d47dcf9b96ca468edba8e6e5e8d30d2f5789f0626ef9098a0a6b	source-directory-byte-hash-unrelated-snapshot	NOT_ASSESSED_BY_FILE_DELTA
PATIENT_MOBILE	app/consultations/specialty-select.tsx	PATIENT_MOBILE	SAME_CONTENT	cf4c31f5c0af14199dcb0b04e55056ad977d3e951780585906f5f502bf9603b8	cf4c31f5c0af14199dcb0b04e55056ad977d3e951780585906f5f502bf9603b8	source-directory-byte-hash-unrelated-snapshot	NOT_ASSESSED_BY_FILE_DELTA
PATIENT_MOBILE	app/consultations/summary.tsx	PATIENT_MOBILE	SAME_CONTENT	751ea051db706a26f8b4b78665cfe7a74c0c15f3899901d4a9ce1da61f942df8	751ea051db706a26f8b4b78665cfe7a74c0c15f3899901d4a9ce1da61f942df8	source-directory-byte-hash-unrelated-snapshot	NOT_ASSESSED_BY_FILE_DELTA
PATIENT_MOBILE	app/consultations/video-call.tsx	PATIENT_MOBILE	SAME_CONTENT	9be0057af1c131f2217ea22acec8e2159dd15e629d235901267389ba9fae8a3e	9be0057af1c131f2217ea22acec8e2159dd15e629d235901267389ba9fae8a3e	source-directory-byte-hash-unrelated-snapshot	NOT_ASSESSED_BY_FILE_DELTA
PATIENT_MOBILE	app/consultations/video/[id].tsx	PATIENT_MOBILE	SAME_CONTENT	bd03b73e7e3ee293f5bf096ec35b33f488fdf4e75d16b76e46caf6f2574faf60	bd03b73e7e3ee293f5bf096ec35b33f488fdf4e75d16b76e46caf6f2574faf60	source-directory-byte-hash-unrelated-snapshot	NOT_ASSESSED_BY_FILE_DELTA
PATIENT_MOBILE	app/consultations/virtual-waiting-room.tsx	PATIENT_MOBILE	SAME_CONTENT	05666fdd4d35d42e8f15760158df9e42a2aed36a95ac43dda9616dbeaebc842e	05666fdd4d35d42e8f15760158df9e42a2aed36a95ac43dda9616dbeaebc842e	source-directory-byte-hash-unrelated-snapshot	NOT_ASSESSED_BY_FILE_DELTA
PATIENT_MOBILE	app/consultations/waiting-room.tsx	PATIENT_MOBILE	SAME_CONTENT	10526793f7fdf30c2fd0ae1d410d1e6c83ce48187ac2124e05f7d3dc6f8a5335	10526793f7fdf30c2fd0ae1d410d1e6c83ce48187ac2124e05f7d3dc6f8a5335	source-directory-byte-hash-unrelated-snapshot	NOT_ASSESSED_BY_FILE_DELTA
PATIENT_MOBILE	app/delivery/address-select.tsx	PATIENT_MOBILE	SAME_CONTENT	dcec21979ba59558dadac7f7e1039c433ada9069d95d3d69364c7cd180f7ec79	dcec21979ba59558dadac7f7e1039c433ada9069d95d3d69364c7cd180f7ec79	source-directory-byte-hash-unrelated-snapshot	NOT_ASSESSED_BY_FILE_DELTA
PATIENT_MOBILE	app/diagnostics/book-sample.tsx	PATIENT_MOBILE	SAME_CONTENT	91b3e24e3f399b743a132571996129ebae210791c7da598d29315b8c97fe59fc	91b3e24e3f399b743a132571996129ebae210791c7da598d29315b8c97fe59fc	source-directory-byte-hash-unrelated-snapshot	NOT_ASSESSED_BY_FILE_DELTA
PATIENT_MOBILE	app/diagnostics/book.tsx	PATIENT_MOBILE	INCOMING_ONLY		84932c10172ef3d696dc4221d0816e9facc1456f5f963fb33a66c3c7483c4122	source-directory-byte-hash-unrelated-snapshot	NOT_ASSESSED_BY_FILE_DELTA
PATIENT_MOBILE	app/diagnostics/booking-confirm.tsx	PATIENT_MOBILE	SAME_CONTENT	3d5459f0d8ea8ad79516c632a20a1ec186b1a42011dbfd4a59b5f46a22988ae3	3d5459f0d8ea8ad79516c632a20a1ec186b1a42011dbfd4a59b5f46a22988ae3	source-directory-byte-hash-unrelated-snapshot	NOT_ASSESSED_BY_FILE_DELTA
PATIENT_MOBILE	app/diagnostics/booking-success.tsx	PATIENT_MOBILE	SAME_CONTENT	1ff1bac23e34ee88aaaf59f644a67412d086866390303bd8af402a7386628c98	1ff1bac23e34ee88aaaf59f644a67412d086866390303bd8af402a7386628c98	source-directory-byte-hash-unrelated-snapshot	NOT_ASSESSED_BY_FILE_DELTA
PATIENT_MOBILE	app/diagnostics/cart.tsx	PATIENT_MOBILE	SAME_CONTENT	0c4812e364542484aa98ce0f0f7a323500ba84fa2323eb39da11048761f7c3ed	0c4812e364542484aa98ce0f0f7a323500ba84fa2323eb39da11048761f7c3ed	source-directory-byte-hash-unrelated-snapshot	NOT_ASSESSED_BY_FILE_DELTA
PATIENT_MOBILE	app/diagnostics/checkout.tsx	PATIENT_MOBILE	SAME_CONTENT	0442d363b5d78c6ee6bb92148b2909a07e64d71db551e5c78596a577c7986d6d	0442d363b5d78c6ee6bb92148b2909a07e64d71db551e5c78596a577c7986d6d	source-directory-byte-hash-unrelated-snapshot	NOT_ASSESSED_BY_FILE_DELTA
PATIENT_MOBILE	app/diagnostics/insurance-approval.tsx	PATIENT_MOBILE	SAME_CONTENT	3317ed2fb333ffcfb1b768f43701c87efd054762a151b06ee14c692f67fa694e	3317ed2fb333ffcfb1b768f43701c87efd054762a151b06ee14c692f67fa694e	source-directory-byte-hash-unrelated-snapshot	NOT_ASSESSED_BY_FILE_DELTA
PATIENT_MOBILE	app/diagnostics/insurance-upload.tsx	PATIENT_MOBILE	SAME_CONTENT	fea1029240afa878585e6cd6362341880827c6b80df633c38bdeedfc3d558a2a	fea1029240afa878585e6cd6362341880827c6b80df633c38bdeedfc3d558a2a	source-directory-byte-hash-unrelated-snapshot	NOT_ASSESSED_BY_FILE_DELTA
PATIENT_MOBILE	app/diagnostics/lab-comparison.tsx	PATIENT_MOBILE	SAME_CONTENT	be6969d1332218956a3c235675a57a4a3e45b14afee04e991b3263e9a299699f	be6969d1332218956a3c235675a57a4a3e45b14afee04e991b3263e9a299699f	source-directory-byte-hash-unrelated-snapshot	NOT_ASSESSED_BY_FILE_DELTA
PATIENT_MOBILE	app/diagnostics/lab/[id].tsx	PATIENT_MOBILE	SAME_CONTENT	74e9c7dcb803136279a4ef8f944de8afbe7fe0a033939d75d543312f5b919adb	74e9c7dcb803136279a4ef8f944de8afbe7fe0a033939d75d543312f5b919adb	source-directory-byte-hash-unrelated-snapshot	NOT_ASSESSED_BY_FILE_DELTA
PATIENT_MOBILE	app/diagnostics/my-results.tsx	PATIENT_MOBILE	SAME_CONTENT	83e331a3961dc9ffaf03da4f219516f9fa92ef83f43d648e71dacb2260bbbaf2	83e331a3961dc9ffaf03da4f219516f9fa92ef83f43d648e71dacb2260bbbaf2	source-directory-byte-hash-unrelated-snapshot	NOT_ASSESSED_BY_FILE_DELTA
PATIENT_MOBILE	app/diagnostics/order/[id].tsx	PATIENT_MOBILE	SAME_CONTENT	72d16403e4e370024f2460b78f2007cade087a961e351a8736d3501724c30e98	72d16403e4e370024f2460b78f2007cade087a961e351a8736d3501724c30e98	source-directory-byte-hash-unrelated-snapshot	NOT_ASSESSED_BY_FILE_DELTA
PATIENT_MOBILE	app/diagnostics/orders.tsx	PATIENT_MOBILE	SAME_CONTENT	5af2776c75b457e5175c7bb1089dbf64de21f89234725c0cd7489ef686029271	5af2776c75b457e5175c7bb1089dbf64de21f89234725c0cd7489ef686029271	source-directory-byte-hash-unrelated-snapshot	NOT_ASSESSED_BY_FILE_DELTA
PATIENT_MOBILE	app/diagnostics/package-detail.tsx	PATIENT_MOBILE	MODIFIED	11aa30c1c77fd422fb393e0814faf1131fc2d1c6995e885175d6242ebeee0390	a435fe5678a07ab463e4e5bc84b1a858e65551aeaf5f9b4d354cc11af63d4719	source-directory-byte-hash-unrelated-snapshot	NOT_ASSESSED_BY_FILE_DELTA
PATIENT_MOBILE	app/diagnostics/packages.tsx	PATIENT_MOBILE	SAME_CONTENT	c72bf81b33f14036eda674aacf1aef078b68b1e46ea7d41b2d84390d2ccd1ba2	c72bf81b33f14036eda674aacf1aef078b68b1e46ea7d41b2d84390d2ccd1ba2	source-directory-byte-hash-unrelated-snapshot	NOT_ASSESSED_BY_FILE_DELTA
PATIENT_MOBILE	app/diagnostics/results-history.tsx	PATIENT_MOBILE	SAME_CONTENT	94e6d5156c5aa1c0b6da91e3a4b087ca2c9be746a6afaa5a80798e5636a14890	94e6d5156c5aa1c0b6da91e3a4b087ca2c9be746a6afaa5a80798e5636a14890	source-directory-byte-hash-unrelated-snapshot	NOT_ASSESSED_BY_FILE_DELTA
PATIENT_MOBILE	app/diagnostics/sample-tracking.tsx	PATIENT_MOBILE	SAME_CONTENT	23f4db8d0810ee3924f4922c3c5a8844b16744f29e8bf592481234055fbc3d56	23f4db8d0810ee3924f4922c3c5a8844b16744f29e8bf592481234055fbc3d56	source-directory-byte-hash-unrelated-snapshot	NOT_ASSESSED_BY_FILE_DELTA
PATIENT_MOBILE	app/diagnostics/search.tsx	PATIENT_MOBILE	SAME_CONTENT	8e7e8928ad02df3e8dca95ca5d41c4c07c3331fb2611a07d7e35baf8c97cae11	8e7e8928ad02df3e8dca95ca5d41c4c07c3331fb2611a07d7e35baf8c97cae11	source-directory-byte-hash-unrelated-snapshot	NOT_ASSESSED_BY_FILE_DELTA
PATIENT_MOBILE	app/diagnostics/technician-tracking.tsx	PATIENT_MOBILE	SAME_CONTENT	4cd99908d596baf9e1625e10b6ae545b1d372e207bf95ac5ae71c7002b2dcd4d	4cd99908d596baf9e1625e10b6ae545b1d372e207bf95ac5ae71c7002b2dcd4d	source-directory-byte-hash-unrelated-snapshot	NOT_ASSESSED_BY_FILE_DELTA
PATIENT_MOBILE	app/diagnostics/test-detail.tsx	PATIENT_MOBILE	MODIFIED	d2b802f4b9c76c90eaf533795bf692e356ca5ff597448749989536ae13983cf2	5fb863467c0b0c11afe6fd633e40b2574be8bab820d88bb99231af2775ca6b2f	source-directory-byte-hash-unrelated-snapshot	NOT_ASSESSED_BY_FILE_DELTA
PATIENT_MOBILE	app/diagnostics/upload-rx.tsx	PATIENT_MOBILE	SAME_CONTENT	1bf443704c5aa1480f8a9bb1e196c82a3a42ed8b181d62df7a4c20bc18149fa2	1bf443704c5aa1480f8a9bb1e196c82a3a42ed8b181d62df7a4c20bc18149fa2	source-directory-byte-hash-unrelated-snapshot	NOT_ASSESSED_BY_FILE_DELTA
PATIENT_MOBILE	app/drug-scanner/index.tsx	PATIENT_MOBILE	SAME_CONTENT	86ebd18fa847d396f1c5f64839d86f187c9613c290442b4764db4d0cceef3839	86ebd18fa847d396f1c5f64839d86f187c9613c290442b4764db4d0cceef3839	source-directory-byte-hash-unrelated-snapshot	NOT_ASSESSED_BY_FILE_DELTA
PATIENT_MOBILE	app/emergency/index.tsx	PATIENT_MOBILE	SAME_CONTENT	ee21ec71bc132939651f26c6ab0035ca8ba0979a3962eef6092e7ad4c6301136	ee21ec71bc132939651f26c6ab0035ca8ba0979a3962eef6092e7ad4c6301136	source-directory-byte-hash-unrelated-snapshot	NOT_ASSESSED_BY_FILE_DELTA
PATIENT_MOBILE	app/emergency/sos-active.tsx	PATIENT_MOBILE	SAME_CONTENT	a2295e0840ae95f46a7879e96b65ad4cada043a4138c35de97722b8d55f52d58	a2295e0840ae95f46a7879e96b65ad4cada043a4138c35de97722b8d55f52d58	source-directory-byte-hash-unrelated-snapshot	NOT_ASSESSED_BY_FILE_DELTA
PATIENT_MOBILE	app/emergency/sos.tsx	PATIENT_MOBILE	SAME_CONTENT	e3cabb52b1e19a80f2743eb818dbe28979b35070b173c4fa477ae5b87b00f382	e3cabb52b1e19a80f2743eb818dbe28979b35070b173c4fa477ae5b87b00f382	source-directory-byte-hash-unrelated-snapshot	NOT_ASSESSED_BY_FILE_DELTA
PATIENT_MOBILE	app/emergency/tracking.tsx	PATIENT_MOBILE	SAME_CONTENT	d0725354447c85244ebc40d469df997a63b4f3c003ec1df91a6457131d97debe	d0725354447c85244ebc40d469df997a63b4f3c003ec1df91a6457131d97debe	source-directory-byte-hash-unrelated-snapshot	NOT_ASSESSED_BY_FILE_DELTA
PATIENT_MOBILE	app/family/calendar.tsx	PATIENT_MOBILE	SAME_CONTENT	aa3821a40e010dfb9d35b3081d74f7d8d8ca37afbdfcc32fbd4ae640b981d6bf	aa3821a40e010dfb9d35b3081d74f7d8d8ca37afbdfcc32fbd4ae640b981d6bf	source-directory-byte-hash-unrelated-snapshot	NOT_ASSESSED_BY_FILE_DELTA
PATIENT_MOBILE	app/family/chat.tsx	PATIENT_MOBILE	SAME_CONTENT	1d7866e83313b504b2c3e7ecaedb058620d01c13eae206175752ebba8b7ea62f	1d7866e83313b504b2c3e7ecaedb058620d01c13eae206175752ebba8b7ea62f	source-directory-byte-hash-unrelated-snapshot	NOT_ASSESSED_BY_FILE_DELTA
PATIENT_MOBILE	app/family/emergency-contacts.tsx	PATIENT_MOBILE	SAME_CONTENT	76ba00687856038f9fdcafd5619202bc00e74afb8fe4799d73a767359826f722	76ba00687856038f9fdcafd5619202bc00e74afb8fe4799d73a767359826f722	source-directory-byte-hash-unrelated-snapshot	NOT_ASSESSED_BY_FILE_DELTA
PATIENT_MOBILE	app/family/hub.tsx	PATIENT_MOBILE	SAME_CONTENT	ba85062b5b7f0885a99d6c283baa445ae96385b2162ac1ec5a399c3a00368e65	ba85062b5b7f0885a99d6c283baa445ae96385b2162ac1ec5a399c3a00368e65	source-directory-byte-hash-unrelated-snapshot	NOT_ASSESSED_BY_FILE_DELTA
PATIENT_MOBILE	app/family/index.tsx	PATIENT_MOBILE	SAME_CONTENT	ea3630f578f8498d9f3ef6aca5699265051d46a3c4760a25d1f5535102ac897d	ea3630f578f8498d9f3ef6aca5699265051d46a3c4760a25d1f5535102ac897d	source-directory-byte-hash-unrelated-snapshot	NOT_ASSESSED_BY_FILE_DELTA
PATIENT_MOBILE	app/family/invite.tsx	PATIENT_MOBILE	SAME_CONTENT	4ba35458d0a31cd7cf159647e6c4c1c67e2f828cae8b316217e7b04aecd6a276	4ba35458d0a31cd7cf159647e6c4c1c67e2f828cae8b316217e7b04aecd6a276	source-directory-byte-hash-unrelated-snapshot	NOT_ASSESSED_BY_FILE_DELTA
PATIENT_MOBILE	app/family/join.tsx	PATIENT_MOBILE	SAME_CONTENT	5ac39d837d45443013f6c2a06b081b4e754186d0482e09a8a09ad10e3c66a714	5ac39d837d45443013f6c2a06b081b4e754186d0482e09a8a09ad10e3c66a714	source-directory-byte-hash-unrelated-snapshot	NOT_ASSESSED_BY_FILE_DELTA
PATIENT_MOBILE	app/family/member-health.tsx	PATIENT_MOBILE	SAME_CONTENT	318a6f6962ad969de2bdf13871b94baa5e93e68bd2f0cb654263b94f0ab0dc99	318a6f6962ad969de2bdf13871b94baa5e93e68bd2f0cb654263b94f0ab0dc99	source-directory-byte-hash-unrelated-snapshot	NOT_ASSESSED_BY_FILE_DELTA
PATIENT_MOBILE	app/family/permission-request.tsx	PATIENT_MOBILE	SAME_CONTENT	648b8d83c6f210f1c592d83fb14371a89e0ab65adc7ac26ba2a5f9c7bc92a817	648b8d83c6f210f1c592d83fb14371a89e0ab65adc7ac26ba2a5f9c7bc92a817	source-directory-byte-hash-unrelated-snapshot	NOT_ASSESSED_BY_FILE_DELTA
PATIENT_MOBILE	app/family/permissions.tsx	PATIENT_MOBILE	SAME_CONTENT	d3887b57c0f5bb4d90901ce747760699111b5b3870815d99913d24dd06843a39	d3887b57c0f5bb4d90901ce747760699111b5b3870815d99913d24dd06843a39	source-directory-byte-hash-unrelated-snapshot	NOT_ASSESSED_BY_FILE_DELTA
PATIENT_MOBILE	app/family/scan.tsx	PATIENT_MOBILE	SAME_CONTENT	e6391edd94c1d70b2f0e72cccd5a118632de845df4df932c6ceec016bde058b7	e6391edd94c1d70b2f0e72cccd5a118632de845df4df932c6ceec016bde058b7	source-directory-byte-hash-unrelated-snapshot	NOT_ASSESSED_BY_FILE_DELTA
PATIENT_MOBILE	app/family/shared-calendar.tsx	PATIENT_MOBILE	SAME_CONTENT	5ee6fdfbbbc8b0cd7c9ff4e99a219405d8f6461b8eb254434782468517e83919	5ee6fdfbbbc8b0cd7c9ff4e99a219405d8f6461b8eb254434782468517e83919	source-directory-byte-hash-unrelated-snapshot	NOT_ASSESSED_BY_FILE_DELTA
PATIENT_MOBILE	app/health/actionable-order.tsx	PATIENT_MOBILE	SAME_CONTENT	449ee980c3106eea0b9402b004e069c4873e85ea0f25a5193936e6946f7786ac	449ee980c3106eea0b9402b004e069c4873e85ea0f25a5193936e6946f7786ac	source-directory-byte-hash-unrelated-snapshot	NOT_ASSESSED_BY_FILE_DELTA
PATIENT_MOBILE	app/health/add-family-member.tsx	PATIENT_MOBILE	SAME_CONTENT	69716690afd154c68e623e5aa6a5d0601feff85301e0b8ee6ce89a85c2a02911	69716690afd154c68e623e5aa6a5d0601feff85301e0b8ee6ce89a85c2a02911	source-directory-byte-hash-unrelated-snapshot	NOT_ASSESSED_BY_FILE_DELTA
PATIENT_MOBILE	app/health/chronic-disease.tsx	PATIENT_MOBILE	SAME_CONTENT	2e5d37000b3ac504569b42a1da40ff05d43a7da2199806296f64104283205765	2e5d37000b3ac504569b42a1da40ff05d43a7da2199806296f64104283205765	source-directory-byte-hash-unrelated-snapshot	NOT_ASSESSED_BY_FILE_DELTA
PATIENT_MOBILE	app/health/chronic-medications.tsx	PATIENT_MOBILE	SAME_CONTENT	242f7c413ac96d189e7338a0603c0fa4522fc5258c87f2eef94bf0254776aa98	242f7c413ac96d189e7338a0603c0fa4522fc5258c87f2eef94bf0254776aa98	source-directory-byte-hash-unrelated-snapshot	NOT_ASSESSED_BY_FILE_DELTA
PATIENT_MOBILE	app/health/conditions-allergies.tsx	PATIENT_MOBILE	SAME_CONTENT	d70f0c111035eaa026c7e11e36671e7faf57d6029a01f6f33f2bf7472463f9d3	d70f0c111035eaa026c7e11e36671e7faf57d6029a01f6f33f2bf7472463f9d3	source-directory-byte-hash-unrelated-snapshot	NOT_ASSESSED_BY_FILE_DELTA
PATIENT_MOBILE	app/health/edit-profile.tsx	PATIENT_MOBILE	SAME_CONTENT	920cb8b9dc2234f4bc12dc292e98f9de311caf45e1429d92fadc902653758927	920cb8b9dc2234f4bc12dc292e98f9de311caf45e1429d92fadc902653758927	source-directory-byte-hash-unrelated-snapshot	NOT_ASSESSED_BY_FILE_DELTA
PATIENT_MOBILE	app/health/emergency-contacts.tsx	PATIENT_MOBILE	SAME_CONTENT	9b025b3e7088176b64534a8c1bded963ff299af540ec495f34f4d8b00f44f2fe	9b025b3e7088176b64534a8c1bded963ff299af540ec495f34f4d8b00f44f2fe	source-directory-byte-hash-unrelated-snapshot	NOT_ASSESSED_BY_FILE_DELTA
PATIENT_MOBILE	app/health/family-calendar.tsx	PATIENT_MOBILE	SAME_CONTENT	63488ba6ac5a338926abe399617d46782644470ea317a5890eb0fa0861924307	63488ba6ac5a338926abe399617d46782644470ea317a5890eb0fa0861924307	source-directory-byte-hash-unrelated-snapshot	NOT_ASSESSED_BY_FILE_DELTA
PATIENT_MOBILE	app/health/family-chat.tsx	PATIENT_MOBILE	SAME_CONTENT	fbe7857fbf0f9ea4e42dee542c2dff6335acfcd91b747cafa6d266a5a411d8b1	fbe7857fbf0f9ea4e42dee542c2dff6335acfcd91b747cafa6d266a5a411d8b1	source-directory-byte-hash-unrelated-snapshot	NOT_ASSESSED_BY_FILE_DELTA
PATIENT_MOBILE	app/health/family-hub.tsx	PATIENT_MOBILE	SAME_CONTENT	a3909cdc8ff722429053f57d0a6f51e5cc0ea11d31507b8d5c8bf7bab9733b85	a3909cdc8ff722429053f57d0a6f51e5cc0ea11d31507b8d5c8bf7bab9733b85	source-directory-byte-hash-unrelated-snapshot	NOT_ASSESSED_BY_FILE_DELTA
PATIENT_MOBILE	app/health/family-member-detail.tsx	PATIENT_MOBILE	SAME_CONTENT	f21dc80e027271dee8cc50e3bc333269f8692bb078c228654de9eb2c27eaad76	f21dc80e027271dee8cc50e3bc333269f8692bb078c228654de9eb2c27eaad76	source-directory-byte-hash-unrelated-snapshot	NOT_ASSESSED_BY_FILE_DELTA
PATIENT_MOBILE	app/health/health-id.tsx	PATIENT_MOBILE	SAME_CONTENT	1d0cfcbe85f1375d9ff9d77ba18ce6435acb60041e4d167825b2d61dc34027d3	1d0cfcbe85f1375d9ff9d77ba18ce6435acb60041e4d167825b2d61dc34027d3	source-directory-byte-hash-unrelated-snapshot	NOT_ASSESSED_BY_FILE_DELTA
PATIENT_MOBILE	app/health/medication-reminder-add.tsx	PATIENT_MOBILE	SAME_CONTENT	81075056982b888ce5d0276024781cbfa4e6e3f483e812040a8db8c4f7001520	81075056982b888ce5d0276024781cbfa4e6e3f483e812040a8db8c4f7001520	source-directory-byte-hash-unrelated-snapshot	NOT_ASSESSED_BY_FILE_DELTA
PATIENT_MOBILE	app/health/medication-reminder-list.tsx	PATIENT_MOBILE	SAME_CONTENT	99997b0eae6b6a4e252a5f7deae8097bb33dcbc63ef43832a7047426f52d0481	99997b0eae6b6a4e252a5f7deae8097bb33dcbc63ef43832a7047426f52d0481	source-directory-byte-hash-unrelated-snapshot	NOT_ASSESSED_BY_FILE_DELTA
PATIENT_MOBILE	app/health/medications.tsx	PATIENT_MOBILE	SAME_CONTENT	e0defff9a005743d3728283015d5de0448c7367cb40db590a8c457dcbee2be06	e0defff9a005743d3728283015d5de0448c7367cb40db590a8c457dcbee2be06	source-directory-byte-hash-unrelated-snapshot	NOT_ASSESSED_BY_FILE_DELTA
PATIENT_MOBILE	app/health/prescriptions.tsx	PATIENT_MOBILE	SAME_CONTENT	9ef8d4e8641ff68859c2dc281b7d259708f294c3ef0437dff9fdb9f846d701a7	9ef8d4e8641ff68859c2dc281b7d259708f294c3ef0437dff9fdb9f846d701a7	source-directory-byte-hash-unrelated-snapshot	NOT_ASSESSED_BY_FILE_DELTA
PATIENT_MOBILE	app/health/refills.tsx	PATIENT_MOBILE	SAME_CONTENT	3dcadb43d62d56716943b81dfb8a44c50c062d1924fbcb98fdac4259cc8c3dfa	3dcadb43d62d56716943b81dfb8a44c50c062d1924fbcb98fdac4259cc8c3dfa	source-directory-byte-hash-unrelated-snapshot	NOT_ASSESSED_BY_FILE_DELTA
PATIENT_MOBILE	app/health/reminders.tsx	PATIENT_MOBILE	SAME_CONTENT	18d77cf12a8a534811105b570d41e37d53d9ae1ced8eee16f228cb1d5dbd2a3a	18d77cf12a8a534811105b570d41e37d53d9ae1ced8eee16f228cb1d5dbd2a3a	source-directory-byte-hash-unrelated-snapshot	NOT_ASSESSED_BY_FILE_DELTA
PATIENT_MOBILE	app/health/reports.tsx	PATIENT_MOBILE	SAME_CONTENT	6574f0052e1e3dd7fa7e927ee524ef8cd31dbea8f3b30996a6cc46270ea91652	6574f0052e1e3dd7fa7e927ee524ef8cd31dbea8f3b30996a6cc46270ea91652	source-directory-byte-hash-unrelated-snapshot	NOT_ASSESSED_BY_FILE_DELTA
PATIENT_MOBILE	app/health/sleep-score.tsx	PATIENT_MOBILE	SAME_CONTENT	0b972641a26c3a5ca94341b9a5764cc34625da62628e7739d3cfe98586ff9987	0b972641a26c3a5ca94341b9a5764cc34625da62628e7739d3cfe98586ff9987	source-directory-byte-hash-unrelated-snapshot	NOT_ASSESSED_BY_FILE_DELTA
PATIENT_MOBILE	app/health/sleep-tracker.tsx	PATIENT_MOBILE	SAME_CONTENT	4fc1144907762ea4811675a71091f2c7167c0fc27b5701506a48256b034b4c9e	4fc1144907762ea4811675a71091f2c7167c0fc27b5701506a48256b034b4c9e	source-directory-byte-hash-unrelated-snapshot	NOT_ASSESSED_BY_FILE_DELTA
PATIENT_MOBILE	app/health/smart-reminders.tsx	PATIENT_MOBILE	SAME_CONTENT	5232e24ffb7747c479108f278c6b2fde025ee77083589e06c3b68d92345a7e27	5232e24ffb7747c479108f278c6b2fde025ee77083589e06c3b68d92345a7e27	source-directory-byte-hash-unrelated-snapshot	NOT_ASSESSED_BY_FILE_DELTA
PATIENT_MOBILE	app/health/trends.tsx	PATIENT_MOBILE	SAME_CONTENT	a08673281a04cd407c8df123d835fc51b3ddea7a9bba44c272c56d154fa76a44	a08673281a04cd407c8df123d835fc51b3ddea7a9bba44c272c56d154fa76a44	source-directory-byte-hash-unrelated-snapshot	NOT_ASSESSED_BY_FILE_DELTA
PATIENT_MOBILE	app/health/vitals-log.tsx	PATIENT_MOBILE	SAME_CONTENT	bbc0288d2d3bf15d89464a704fa44cea962fa66ad974c58e9eeab43162407d56	bbc0288d2d3bf15d89464a704fa44cea962fa66ad974c58e9eeab43162407d56	source-directory-byte-hash-unrelated-snapshot	NOT_ASSESSED_BY_FILE_DELTA
PATIENT_MOBILE	app/health/vitals.tsx	PATIENT_MOBILE	SAME_CONTENT	e28f1ae977a28b4ed32fe284f675054eff9ee0668f8ada3e0d001d205f0ac050	e28f1ae977a28b4ed32fe284f675054eff9ee0668f8ada3e0d001d205f0ac050	source-directory-byte-hash-unrelated-snapshot	NOT_ASSESSED_BY_FILE_DELTA
PATIENT_MOBILE	app/health/wearables.tsx	PATIENT_MOBILE	SAME_CONTENT	bdbf4af9ffcd414caba71dea8ffba9ef98ffef020f8c4bda89c6172f7a19b28f	bdbf4af9ffcd414caba71dea8ffba9ef98ffef020f8c4bda89c6172f7a19b28f	source-directory-byte-hash-unrelated-snapshot	NOT_ASSESSED_BY_FILE_DELTA
PATIENT_MOBILE	app/index.tsx	PATIENT_MOBILE	SAME_CONTENT	e7ef3b39ab55d2eb22f6b8ef9c44f740e18a1e5475aa56554bf44edb0e9915a6	e7ef3b39ab55d2eb22f6b8ef9c44f740e18a1e5475aa56554bf44edb0e9915a6	source-directory-byte-hash-unrelated-snapshot	NOT_ASSESSED_BY_FILE_DELTA
PATIENT_MOBILE	app/insurance/add-policy.tsx	PATIENT_MOBILE	SAME_CONTENT	57c84ef784eb079668c10c913919e60152163f8586a9b3d92f645032759fa24a	57c84ef784eb079668c10c913919e60152163f8586a9b3d92f645032759fa24a	source-directory-byte-hash-unrelated-snapshot	NOT_ASSESSED_BY_FILE_DELTA
PATIENT_MOBILE	app/insurance/approval-pending.tsx	PATIENT_MOBILE	SAME_CONTENT	b48b1921bf72a7c6658dff4c17549310ea83e990963d054e875d839b55301229	b48b1921bf72a7c6658dff4c17549310ea83e990963d054e875d839b55301229	source-directory-byte-hash-unrelated-snapshot	NOT_ASSESSED_BY_FILE_DELTA
PATIENT_MOBILE	app/insurance/benefits-summary.tsx	PATIENT_MOBILE	SAME_CONTENT	f5f31213f8f5a8aba005d0245afce88e7d665377660ca08e3b047543ba43f904	f5f31213f8f5a8aba005d0245afce88e7d665377660ca08e3b047543ba43f904	source-directory-byte-hash-unrelated-snapshot	NOT_ASSESSED_BY_FILE_DELTA
PATIENT_MOBILE	app/insurance/claim-tracking.tsx	PATIENT_MOBILE	SAME_CONTENT	a79760f4d4912737820feed13aee9ee42789ad87c8e0f440617d08481a3988de	a79760f4d4912737820feed13aee9ee42789ad87c8e0f440617d08481a3988de	source-directory-byte-hash-unrelated-snapshot	NOT_ASSESSED_BY_FILE_DELTA
PATIENT_MOBILE	app/insurance/copay.tsx	PATIENT_MOBILE	SAME_CONTENT	7ff35a2661d65523f577e5f01561f6d34bf1c5070dd9e3366186e808dc92fe10	7ff35a2661d65523f577e5f01561f6d34bf1c5070dd9e3366186e808dc92fe10	source-directory-byte-hash-unrelated-snapshot	NOT_ASSESSED_BY_FILE_DELTA
PATIENT_MOBILE	app/insurance/coverage-check.tsx	PATIENT_MOBILE	SAME_CONTENT	578916a6df5d131848343f79b4c7256df5d04e91430bec06d9502b9baa46c7d8	578916a6df5d131848343f79b4c7256df5d04e91430bec06d9502b9baa46c7d8	source-directory-byte-hash-unrelated-snapshot	NOT_ASSESSED_BY_FILE_DELTA
PATIENT_MOBILE	app/insurance/hub.tsx	PATIENT_MOBILE	SAME_CONTENT	53f8e884394bdf0308e180e4d245b9564e48d84367ec4c627a1d069a6e659a70	53f8e884394bdf0308e180e4d245b9564e48d84367ec4c627a1d069a6e659a70	source-directory-byte-hash-unrelated-snapshot	NOT_ASSESSED_BY_FILE_DELTA
PATIENT_MOBILE	app/insurance/index.tsx	PATIENT_MOBILE	SAME_CONTENT	14545ca352e5a30fb45ea67efcad9ee601caf4c62f325e58a0e2432c6e9ec279	14545ca352e5a30fb45ea67efcad9ee601caf4c62f325e58a0e2432c6e9ec279	source-directory-byte-hash-unrelated-snapshot	NOT_ASSESSED_BY_FILE_DELTA
PATIENT_MOBILE	app/insurance/network-providers.tsx	PATIENT_MOBILE	SAME_CONTENT	c4839e5baf194593122eb7919e1f5b1143204d68711f6f3a4f03d9f53f8ef249	c4839e5baf194593122eb7919e1f5b1143204d68711f6f3a4f03d9f53f8ef249	source-directory-byte-hash-unrelated-snapshot	NOT_ASSESSED_BY_FILE_DELTA
PATIENT_MOBILE	app/insurance/payment-split.tsx	PATIENT_MOBILE	SAME_CONTENT	77234a94abb1ec6afe1b168c279b854e3a7adebcb7a7d1ec628096844768d2da	77234a94abb1ec6afe1b168c279b854e3a7adebcb7a7d1ec628096844768d2da	source-directory-byte-hash-unrelated-snapshot	NOT_ASSESSED_BY_FILE_DELTA
PATIENT_MOBILE	app/insurance/policy-detail.tsx	PATIENT_MOBILE	SAME_CONTENT	4ae02f4acd367d41f60605d380fd69249605f0ceadb40d1572d198acceffb5b0	4ae02f4acd367d41f60605d380fd69249605f0ceadb40d1572d198acceffb5b0	source-directory-byte-hash-unrelated-snapshot	NOT_ASSESSED_BY_FILE_DELTA
PATIENT_MOBILE	app/insurance/refund-status.tsx	PATIENT_MOBILE	SAME_CONTENT	dc86528f1844c45dc362e785f252ef0a69e014880ed9d0d19933e7ed4b359bde	dc86528f1844c45dc362e785f252ef0a69e014880ed9d0d19933e7ed4b359bde	source-directory-byte-hash-unrelated-snapshot	NOT_ASSESSED_BY_FILE_DELTA
PATIENT_MOBILE	app/insurance/submit-claim.tsx	PATIENT_MOBILE	SAME_CONTENT	10394928e5bf67cd556b30b943ca91097ca0fa57aabe835abf17a89976265025	10394928e5bf67cd556b30b943ca91097ca0fa57aabe835abf17a89976265025	source-directory-byte-hash-unrelated-snapshot	NOT_ASSESSED_BY_FILE_DELTA
PATIENT_MOBILE	app/loyalty/challenges.tsx	PATIENT_MOBILE	SAME_CONTENT	fdc5a0846da4b64a7db06d9547ee70a71a7fa7e8d9daa91401659c17802e7aa7	fdc5a0846da4b64a7db06d9547ee70a71a7fa7e8d9daa91401659c17802e7aa7	source-directory-byte-hash-unrelated-snapshot	NOT_ASSESSED_BY_FILE_DELTA
PATIENT_MOBILE	app/loyalty/hub.tsx	PATIENT_MOBILE	SAME_CONTENT	8ffee0c60c11cc9b788089525e77ebe8628efe5a88b369acd586a60c3daa9878	8ffee0c60c11cc9b788089525e77ebe8628efe5a88b369acd586a60c3daa9878	source-directory-byte-hash-unrelated-snapshot	NOT_ASSESSED_BY_FILE_DELTA
PATIENT_MOBILE	app/loyalty/leaderboard.tsx	PATIENT_MOBILE	SAME_CONTENT	337510aae0d6d2c49f26c78adffe3326fc025ab31295cb3eac1cd302c1001340	337510aae0d6d2c49f26c78adffe3326fc025ab31295cb3eac1cd302c1001340	source-directory-byte-hash-unrelated-snapshot	NOT_ASSESSED_BY_FILE_DELTA
PATIENT_MOBILE	app/loyalty/referrals.tsx	PATIENT_MOBILE	SAME_CONTENT	2ff46639a54bd3c7893368414cdc1e41a31a8f860661cdc0ae5fc5aaf4bed20f	2ff46639a54bd3c7893368414cdc1e41a31a8f860661cdc0ae5fc5aaf4bed20f	source-directory-byte-hash-unrelated-snapshot	NOT_ASSESSED_BY_FILE_DELTA
PATIENT_MOBILE	app/loyalty/rewards.tsx	PATIENT_MOBILE	SAME_CONTENT	c5f536dd500febb91bc42829a5a207b40a7b16d1a4bd055850f1b374ddf8e2e7	c5f536dd500febb91bc42829a5a207b40a7b16d1a4bd055850f1b374ddf8e2e7	source-directory-byte-hash-unrelated-snapshot	NOT_ASSESSED_BY_FILE_DELTA
PATIENT_MOBILE	app/map/index.tsx	PATIENT_MOBILE	SAME_CONTENT	1cea88a14f50d5529fa085dc846dc5d72f1e0b658948e72f585c39d13aa95791	1cea88a14f50d5529fa085dc846dc5d72f1e0b658948e72f585c39d13aa95791	source-directory-byte-hash-unrelated-snapshot	NOT_ASSESSED_BY_FILE_DELTA
PATIENT_MOBILE	app/maternity/baby-development.tsx	PATIENT_MOBILE	SAME_CONTENT	7665fd8bcc2b2ad856a115473b0bcb10cfc9dabbd4f6494144f955f5de708a83	7665fd8bcc2b2ad856a115473b0bcb10cfc9dabbd4f6494144f955f5de708a83	source-directory-byte-hash-unrelated-snapshot	NOT_ASSESSED_BY_FILE_DELTA
PATIENT_MOBILE	app/maternity/baby-growth.tsx	PATIENT_MOBILE	SAME_CONTENT	8ec294db2f5a168388e21578bbfcf443ab856e6202be77bb8c6a3c502af0c235	8ec294db2f5a168388e21578bbfcf443ab856e6202be77bb8c6a3c502af0c235	source-directory-byte-hash-unrelated-snapshot	NOT_ASSESSED_BY_FILE_DELTA
PATIENT_MOBILE	app/maternity/fetus-data.ts	PATIENT_MOBILE	SAME_CONTENT	def8d25461322e3b90e6d2087394a6ff565357e0e40e920c62aac5fdcc4256f0	def8d25461322e3b90e6d2087394a6ff565357e0e40e920c62aac5fdcc4256f0	source-directory-byte-hash-unrelated-snapshot	NOT_ASSESSED_BY_FILE_DELTA
PATIENT_MOBILE	app/maternity/hub.tsx	PATIENT_MOBILE	SAME_CONTENT	cba131a48ea91b43bad1661bfdbdc2ba34cc9a8e7f22c78832ccb84381f77e6f	cba131a48ea91b43bad1661bfdbdc2ba34cc9a8e7f22c78832ccb84381f77e6f	source-directory-byte-hash-unrelated-snapshot	NOT_ASSESSED_BY_FILE_DELTA
PATIENT_MOBILE	app/maternity/maternity-setup.tsx	PATIENT_MOBILE	SAME_CONTENT	e0aa4f39e9f62d77644b087517e001b2d2ae2ec56dc8e69834e7ac4fe0055e59	e0aa4f39e9f62d77644b087517e001b2d2ae2ec56dc8e69834e7ac4fe0055e59	source-directory-byte-hash-unrelated-snapshot	NOT_ASSESSED_BY_FILE_DELTA
PATIENT_MOBILE	app/maternity/ovulation-tracker.tsx	PATIENT_MOBILE	SAME_CONTENT	3499b763ecc9f5da37ff87f6ddf8be551cc11b52bfbf5283559bacfba4f23642	3499b763ecc9f5da37ff87f6ddf8be551cc11b52bfbf5283559bacfba4f23642	source-directory-byte-hash-unrelated-snapshot	NOT_ASSESSED_BY_FILE_DELTA
PATIENT_MOBILE	app/maternity/pregnancy-tracker.tsx	PATIENT_MOBILE	SAME_CONTENT	fc8ae6098620a6ce9e10b537ff427cb9eff0a32274da9ec0ab2883701857ce21	fc8ae6098620a6ce9e10b537ff427cb9eff0a32274da9ec0ab2883701857ce21	source-directory-byte-hash-unrelated-snapshot	NOT_ASSESSED_BY_FILE_DELTA
PATIENT_MOBILE	app/mental-health/breathing.tsx	PATIENT_MOBILE	SAME_CONTENT	9da58e476a9f23a3d9fa17d7bc6b71859ffc766f04a85565e8d24059f68c685a	9da58e476a9f23a3d9fa17d7bc6b71859ffc766f04a85565e8d24059f68c685a	source-directory-byte-hash-unrelated-snapshot	NOT_ASSESSED_BY_FILE_DELTA
PATIENT_MOBILE	app/mental-health/crisis-support.tsx	PATIENT_MOBILE	SAME_CONTENT	bc22c54da4f5276c3f4a76782861caa73bc160874b0dfebd129883a13877c358	bc22c54da4f5276c3f4a76782861caa73bc160874b0dfebd129883a13877c358	source-directory-byte-hash-unrelated-snapshot	NOT_ASSESSED_BY_FILE_DELTA
PATIENT_MOBILE	app/mental-health/hub.tsx	PATIENT_MOBILE	SAME_CONTENT	96fc93d538263877285a915572939d0e8b0fce7e337f4d11989f31fcaed1862d	96fc93d538263877285a915572939d0e8b0fce7e337f4d11989f31fcaed1862d	source-directory-byte-hash-unrelated-snapshot	NOT_ASSESSED_BY_FILE_DELTA
PATIENT_MOBILE	app/mental-health/index.tsx	PATIENT_MOBILE	SAME_CONTENT	b467c2aada7990454331798bfaa8b4bc7b424c93549e14ad2790b6154f1c418c	b467c2aada7990454331798bfaa8b4bc7b424c93549e14ad2790b6154f1c418c	source-directory-byte-hash-unrelated-snapshot	NOT_ASSESSED_BY_FILE_DELTA
PATIENT_MOBILE	app/mental-health/meditation.tsx	PATIENT_MOBILE	SAME_CONTENT	98f11b145564e23271bb11d784d5ef6ef47e19036edae5ccb033dbbfed8263ea	98f11b145564e23271bb11d784d5ef6ef47e19036edae5ccb033dbbfed8263ea	source-directory-byte-hash-unrelated-snapshot	NOT_ASSESSED_BY_FILE_DELTA
PATIENT_MOBILE	app/mental-health/mood-journal.tsx	PATIENT_MOBILE	SAME_CONTENT	1844cf68b1c3bf6623e58db2d9e5d0dccadb11a039353a432d75ab19306bd784	1844cf68b1c3bf6623e58db2d9e5d0dccadb11a039353a432d75ab19306bd784	source-directory-byte-hash-unrelated-snapshot	NOT_ASSESSED_BY_FILE_DELTA
PATIENT_MOBILE	app/mental-health/self-assessment.tsx	PATIENT_MOBILE	SAME_CONTENT	a28e85a73d3a4f2a8a890cc6b6a44e2e78fd26c1a05399435481e99ad456d678	a28e85a73d3a4f2a8a890cc6b6a44e2e78fd26c1a05399435481e99ad456d678	source-directory-byte-hash-unrelated-snapshot	NOT_ASSESSED_BY_FILE_DELTA
PATIENT_MOBILE	app/mental-health/therapist-match.tsx	PATIENT_MOBILE	SAME_CONTENT	1725c8a5e7e15367f0fe4d3ef388f207c5f31d52512fbce0c685ee0ad4b881e3	1725c8a5e7e15367f0fe4d3ef388f207c5f31d52512fbce0c685ee0ad4b881e3	source-directory-byte-hash-unrelated-snapshot	NOT_ASSESSED_BY_FILE_DELTA
PATIENT_MOBILE	app/notifications/index.tsx	PATIENT_MOBILE	SAME_CONTENT	2c5b00004df30ba4319c5e2457c1e356d3a65294643f354aba0291106874f8b0	2c5b00004df30ba4319c5e2457c1e356d3a65294643f354aba0291106874f8b0	source-directory-byte-hash-unrelated-snapshot	NOT_ASSESSED_BY_FILE_DELTA
PATIENT_MOBILE	app/nursing/live-tracking.tsx	PATIENT_MOBILE	SAME_CONTENT	cd94c389753d95787efbfef4fd30fb9c161cb09f30a1928f800434d5951ada30	cd94c389753d95787efbfef4fd30fb9c161cb09f30a1928f800434d5951ada30	source-directory-byte-hash-unrelated-snapshot	NOT_ASSESSED_BY_FILE_DELTA
PATIENT_MOBILE	app/nursing/nurse-profile.tsx	PATIENT_MOBILE	MODIFIED	1f609188f152f22121db7d67d9a5ca810206d724026fec3cd4dcc61f57ddbc13	c6b8f00e50de9aa82d79ba76fdb474b1a606d595c1f2511607b4bb2e04e9d6c0	source-directory-byte-hash-unrelated-snapshot	NOT_ASSESSED_BY_FILE_DELTA
PATIENT_MOBILE	app/nursing/service-details.tsx	PATIENT_MOBILE	SAME_CONTENT	dde79b00f2c7dba8fa139eed7978945fea09e3d31b54b4522a38972f30127d5b	dde79b00f2c7dba8fa139eed7978945fea09e3d31b54b4522a38972f30127d5b	source-directory-byte-hash-unrelated-snapshot	NOT_ASSESSED_BY_FILE_DELTA
PATIENT_MOBILE	app/nursing/service-info.tsx	PATIENT_MOBILE	SAME_CONTENT	0bc04aeb999508e95ab4289f192cdf031533fcd735ba1ccf400be3d1df4f71eb	0bc04aeb999508e95ab4289f192cdf031533fcd735ba1ccf400be3d1df4f71eb	source-directory-byte-hash-unrelated-snapshot	NOT_ASSESSED_BY_FILE_DELTA
PATIENT_MOBILE	app/nutrition/ai-meal-planner.tsx	PATIENT_MOBILE	SAME_CONTENT	658c25c9c94092cba157e02faab0c7033dc960d8b1cb2e575436ba8d6240b934	658c25c9c94092cba157e02faab0c7033dc960d8b1cb2e575436ba8d6240b934	source-directory-byte-hash-unrelated-snapshot	NOT_ASSESSED_BY_FILE_DELTA
PATIENT_MOBILE	app/nutrition/ai-plan-builder.tsx	PATIENT_MOBILE	SAME_CONTENT	f9eeccb49726ce5a4a16103e44717ceac987b987bf09d8708bd14b4dfd29d9be	f9eeccb49726ce5a4a16103e44717ceac987b987bf09d8708bd14b4dfd29d9be	source-directory-byte-hash-unrelated-snapshot	NOT_ASSESSED_BY_FILE_DELTA
PATIENT_MOBILE	app/nutrition/body-composition.tsx	PATIENT_MOBILE	SAME_CONTENT	0b989702477157a1c011e6ec9996c24e4f963fbc88619a8dbceb4fe457f16c62	0b989702477157a1c011e6ec9996c24e4f963fbc88619a8dbceb4fe457f16c62	source-directory-byte-hash-unrelated-snapshot	NOT_ASSESSED_BY_FILE_DELTA
PATIENT_MOBILE	app/nutrition/body-target.tsx	PATIENT_MOBILE	SAME_CONTENT	0d7a415ec0049763cf91e2aa3093ebd02d43863452e236ca5070df9e968f5bc3	0d7a415ec0049763cf91e2aa3093ebd02d43863452e236ca5070df9e968f5bc3	source-directory-byte-hash-unrelated-snapshot	NOT_ASSESSED_BY_FILE_DELTA
PATIENT_MOBILE	app/nutrition/calorie-analyzer.tsx	PATIENT_MOBILE	SAME_CONTENT	6ad5406d95673c260515cbe23fd0d8fe20043d5db250160eecb56530e0529f10	6ad5406d95673c260515cbe23fd0d8fe20043d5db250160eecb56530e0529f10	source-directory-byte-hash-unrelated-snapshot	NOT_ASSESSED_BY_FILE_DELTA
PATIENT_MOBILE	app/nutrition/daily-tracker.tsx	PATIENT_MOBILE	SAME_CONTENT	bc760f670a54aee4098835ffb43889c08120dde98bca2d70769a106081c00c0b	bc760f670a54aee4098835ffb43889c08120dde98bca2d70769a106081c00c0b	source-directory-byte-hash-unrelated-snapshot	NOT_ASSESSED_BY_FILE_DELTA
PATIENT_MOBILE	app/nutrition/exercise-plan.tsx	PATIENT_MOBILE	SAME_CONTENT	a1ce179b3d8bdabab9f3ebb2461a22c04f06ca344369ebe126927b951c2332c8	a1ce179b3d8bdabab9f3ebb2461a22c04f06ca344369ebe126927b951c2332c8	source-directory-byte-hash-unrelated-snapshot	NOT_ASSESSED_BY_FILE_DELTA
PATIENT_MOBILE	app/nutrition/food-scanner.tsx	PATIENT_MOBILE	SAME_CONTENT	350a6804492a5a00d7d858f7a8b600770cb88d745248ef17348995f58558845b	350a6804492a5a00d7d858f7a8b600770cb88d745248ef17348995f58558845b	source-directory-byte-hash-unrelated-snapshot	NOT_ASSESSED_BY_FILE_DELTA
PATIENT_MOBILE	app/nutrition/hub.tsx	PATIENT_MOBILE	SAME_CONTENT	4c8f095c34463ce1f580e2ebc75d7d4a7a094261b1842c66f73c997c833bbaf0	4c8f095c34463ce1f580e2ebc75d7d4a7a094261b1842c66f73c997c833bbaf0	source-directory-byte-hash-unrelated-snapshot	NOT_ASSESSED_BY_FILE_DELTA
PATIENT_MOBILE	app/nutrition/index.tsx	PATIENT_MOBILE	SAME_CONTENT	8cb5a3bba461468aac397d1960e06415c4def7a88bc95300455ff4196cb72ace	8cb5a3bba461468aac397d1960e06415c4def7a88bc95300455ff4196cb72ace	source-directory-byte-hash-unrelated-snapshot	NOT_ASSESSED_BY_FILE_DELTA
PATIENT_MOBILE	app/nutrition/log-meal.tsx	PATIENT_MOBILE	SAME_CONTENT	a165d65228d897d2de9fa8b53b30bc1474b901c1fe9c0e91ea89fd91cdb2d2af	a165d65228d897d2de9fa8b53b30bc1474b901c1fe9c0e91ea89fd91cdb2d2af	source-directory-byte-hash-unrelated-snapshot	NOT_ASSESSED_BY_FILE_DELTA
PATIENT_MOBILE	app/nutrition/nutrition-plan.tsx	PATIENT_MOBILE	SAME_CONTENT	7c075daa4f22238e075da58491633abb63cc344dcffcdae4a5dedd5767d2d45d	7c075daa4f22238e075da58491633abb63cc344dcffcdae4a5dedd5767d2d45d	source-directory-byte-hash-unrelated-snapshot	NOT_ASSESSED_BY_FILE_DELTA
PATIENT_MOBILE	app/nutrition/water-tracker.tsx	PATIENT_MOBILE	SAME_CONTENT	f7dbf23f9c9cb405ae14be5f8819db9365e3895a95a2133b1c9f010d7183dd99	f7dbf23f9c9cb405ae14be5f8819db9365e3895a95a2133b1c9f010d7183dd99	source-directory-byte-hash-unrelated-snapshot	NOT_ASSESSED_BY_FILE_DELTA
PATIENT_MOBILE	app/offers/[id].tsx	PATIENT_MOBILE	SAME_CONTENT	3661ad59748d4e438acceaf0673554b3ff8fdc7526644ed10d63cb544ab0fda8	3661ad59748d4e438acceaf0673554b3ff8fdc7526644ed10d63cb544ab0fda8	source-directory-byte-hash-unrelated-snapshot	NOT_ASSESSED_BY_FILE_DELTA
PATIENT_MOBILE	app/offers/index.tsx	PATIENT_MOBILE	SAME_CONTENT	871f6b5c12f74085f1a0d910807cf54752e02e4f16fb390a4f56342d076d437e	871f6b5c12f74085f1a0d910807cf54752e02e4f16fb390a4f56342d076d437e	source-directory-byte-hash-unrelated-snapshot	NOT_ASSESSED_BY_FILE_DELTA
PATIENT_MOBILE	app/orders/index.tsx	PATIENT_MOBILE	SAME_CONTENT	fe4853360b1a19fe3a20d1423dbcbd7daecaad66c0a0fff515066b67c34baf61	fe4853360b1a19fe3a20d1423dbcbd7daecaad66c0a0fff515066b67c34baf61	source-directory-byte-hash-unrelated-snapshot	NOT_ASSESSED_BY_FILE_DELTA
PATIENT_MOBILE	app/payments/failed.tsx	PATIENT_MOBILE	SAME_CONTENT	1858c4beb96f631fda1c14696db4bc195322f6bae6d9e3610cb4f2e6de442ade	1858c4beb96f631fda1c14696db4bc195322f6bae6d9e3610cb4f2e6de442ade	source-directory-byte-hash-unrelated-snapshot	NOT_ASSESSED_BY_FILE_DELTA
PATIENT_MOBILE	app/payments/failure.tsx	PATIENT_MOBILE	SAME_CONTENT	f71575e839c6550c8f0a51538ac6f7e24564678c79c04eb34919fb5b4d1a5503	f71575e839c6550c8f0a51538ac6f7e24564678c79c04eb34919fb5b4d1a5503	source-directory-byte-hash-unrelated-snapshot	NOT_ASSESSED_BY_FILE_DELTA
PATIENT_MOBILE	app/payments/processing.tsx	PATIENT_MOBILE	SAME_CONTENT	638feb10324c8adb6c975416f575290b9a2e7bca545df46a8ee49b6718522d5f	638feb10324c8adb6c975416f575290b9a2e7bca545df46a8ee49b6718522d5f	source-directory-byte-hash-unrelated-snapshot	NOT_ASSESSED_BY_FILE_DELTA
PATIENT_MOBILE	app/payments/success.tsx	PATIENT_MOBILE	MODIFIED	ff3ab74ce43dcbfc82c382da78a65f87325a5acc705dd11f188f7c0742e000cf	9383624696efce62eae91617b384d88d4a9ae29f8b575ee8f5a085e46a65f16c	source-directory-byte-hash-unrelated-snapshot	NOT_ASSESSED_BY_FILE_DELTA
PATIENT_MOBILE	app/pharmacy/barcode-scanner.tsx	PATIENT_MOBILE	SAME_CONTENT	061cde61ee72280fff16ae0bd2dc30e8fee5c0a4f349ff30ab3875ac59fe687d	061cde61ee72280fff16ae0bd2dc30e8fee5c0a4f349ff30ab3875ac59fe687d	source-directory-byte-hash-unrelated-snapshot	NOT_ASSESSED_BY_FILE_DELTA
PATIENT_MOBILE	app/pharmacy/broadcast-status.tsx	PATIENT_MOBILE	SAME_CONTENT	c4ed4e617646a2a3e8066fc98df6436927fa334d1c156b5c817529ea72635027	c4ed4e617646a2a3e8066fc98df6436927fa334d1c156b5c817529ea72635027	source-directory-byte-hash-unrelated-snapshot	NOT_ASSESSED_BY_FILE_DELTA
PATIENT_MOBILE	app/pharmacy/cart.tsx	PATIENT_MOBILE	SAME_CONTENT	3aabb16d4603e817318611d58771fdd7b74a22b3dafbb393010674740c1983b7	3aabb16d4603e817318611d58771fdd7b74a22b3dafbb393010674740c1983b7	source-directory-byte-hash-unrelated-snapshot	NOT_ASSESSED_BY_FILE_DELTA
PATIENT_MOBILE	app/pharmacy/chat-with-pharmacist.tsx	PATIENT_MOBILE	SAME_CONTENT	3f8ed490c5795c997eb8864840f032fc645b34747ccc87bc9733bb3a602e4712	3f8ed490c5795c997eb8864840f032fc645b34747ccc87bc9733bb3a602e4712	source-directory-byte-hash-unrelated-snapshot	NOT_ASSESSED_BY_FILE_DELTA
PATIENT_MOBILE	app/pharmacy/checkout.tsx	PATIENT_MOBILE	MODIFIED	4177253a8e409ef4fc180ef70081e75ddbc686a2b7a5d4533b0133760c2d69fb	3036ce270b515cb7a52d29464e02e608eb4c8a46ec23b143359d3fcf286ac31a	source-directory-byte-hash-unrelated-snapshot	NOT_ASSESSED_BY_FILE_DELTA
PATIENT_MOBILE	app/pharmacy/custom-item.tsx	PATIENT_MOBILE	SAME_CONTENT	d181b681d23b2a0ce8ed4e31ad448e24cec7d1ad879dfa404e803e767b2b597a	d181b681d23b2a0ce8ed4e31ad448e24cec7d1ad879dfa404e803e767b2b597a	source-directory-byte-hash-unrelated-snapshot	NOT_ASSESSED_BY_FILE_DELTA
PATIENT_MOBILE	app/pharmacy/drug-not-found.tsx	PATIENT_MOBILE	SAME_CONTENT	5362dfe3eabbe537a53897748876428ab5dd598ec89306a5c2d39d52494b5af3	5362dfe3eabbe537a53897748876428ab5dd598ec89306a5c2d39d52494b5af3	source-directory-byte-hash-unrelated-snapshot	NOT_ASSESSED_BY_FILE_DELTA
PATIENT_MOBILE	app/pharmacy/filters.tsx	PATIENT_MOBILE	SAME_CONTENT	8e40f1cbd8dab5ac2df8c2e541a7410639729b4c9ab01c86eab60d5b55419ff4	8e40f1cbd8dab5ac2df8c2e541a7410639729b4c9ab01c86eab60d5b55419ff4	source-directory-byte-hash-unrelated-snapshot	NOT_ASSESSED_BY_FILE_DELTA
PATIENT_MOBILE	app/pharmacy/manual-order.tsx	PATIENT_MOBILE	SAME_CONTENT	9d2f1f8a8fcbeeae52a0f45c51bcd58b77ea6ee45a39e2d2757a32a7888886e8	9d2f1f8a8fcbeeae52a0f45c51bcd58b77ea6ee45a39e2d2757a32a7888886e8	source-directory-byte-hash-unrelated-snapshot	NOT_ASSESSED_BY_FILE_DELTA
PATIENT_MOBILE	app/pharmacy/medicine-compare.tsx	PATIENT_MOBILE	SAME_CONTENT	04d486c9fc00314543f00b43212bb0e9d57e3926dd1b7c7c28f43af1538ed419	04d486c9fc00314543f00b43212bb0e9d57e3926dd1b7c7c28f43af1538ed419	source-directory-byte-hash-unrelated-snapshot	NOT_ASSESSED_BY_FILE_DELTA
PATIENT_MOBILE	app/pharmacy/offers.tsx	PATIENT_MOBILE	INCOMING_ONLY		9dfec12a117da4e715c31a2e9d524369b43badb3469a0150ba7d0fa915f4ce00	source-directory-byte-hash-unrelated-snapshot	NOT_ASSESSED_BY_FILE_DELTA
PATIENT_MOBILE	app/pharmacy/order-confirm.tsx	PATIENT_MOBILE	SAME_CONTENT	9f086041c0174ab84abb1e11c8e2725bfe86ef1efd5996912caed2a22bba0322	9f086041c0174ab84abb1e11c8e2725bfe86ef1efd5996912caed2a22bba0322	source-directory-byte-hash-unrelated-snapshot	NOT_ASSESSED_BY_FILE_DELTA
PATIENT_MOBILE	app/pharmacy/order-history.tsx	PATIENT_MOBILE	SAME_CONTENT	031c7b56c87d31562da6621a73bd7249274985c8f0b3d52f2f061daad492e0b6	031c7b56c87d31562da6621a73bd7249274985c8f0b3d52f2f061daad492e0b6	source-directory-byte-hash-unrelated-snapshot	NOT_ASSESSED_BY_FILE_DELTA
PATIENT_MOBILE	app/pharmacy/order-tracking.tsx	PATIENT_MOBILE	SAME_CONTENT	dbc97efdff695a5df2e8bab953037aa712bf6566478206d234ff26c23c37c27b	dbc97efdff695a5df2e8bab953037aa712bf6566478206d234ff26c23c37c27b	source-directory-byte-hash-unrelated-snapshot	NOT_ASSESSED_BY_FILE_DELTA
PATIENT_MOBILE	app/pharmacy/payment.tsx	PATIENT_MOBILE	MODIFIED	779f54f75a7a18a253bab5b1ad7367d2f2db82314905033f31aa476f9d525759	db2a72b222b0bfce1aab059955808cca352aa1ecfc9fffe47b6ee95856224cfb	source-directory-byte-hash-unrelated-snapshot	NOT_ASSESSED_BY_FILE_DELTA
PATIENT_MOBILE	app/pharmacy/pharmacist-chat.tsx	PATIENT_MOBILE	SAME_CONTENT	d952395aa04b4bb1dc823815e98f40e8c2f08975c5aad49fb70dface12e3a6bb	d952395aa04b4bb1dc823815e98f40e8c2f08975c5aad49fb70dface12e3a6bb	source-directory-byte-hash-unrelated-snapshot	NOT_ASSESSED_BY_FILE_DELTA
PATIENT_MOBILE	app/pharmacy/product-detail.tsx	PATIENT_MOBILE	SAME_CONTENT	802cf1459cdb0cb7b70519063a0ff2bddbfbb3bd021fe81fa7cfdfd1b0f80001	802cf1459cdb0cb7b70519063a0ff2bddbfbb3bd021fe81fa7cfdfd1b0f80001	source-directory-byte-hash-unrelated-snapshot	NOT_ASSESSED_BY_FILE_DELTA
PATIENT_MOBILE	app/pharmacy/product-search.tsx	PATIENT_MOBILE	SAME_CONTENT	0005041059b8770eece65b4964eb543bcb1d58a5746c5b16e377a17f2991edb0	0005041059b8770eece65b4964eb543bcb1d58a5746c5b16e377a17f2991edb0	source-directory-byte-hash-unrelated-snapshot	NOT_ASSESSED_BY_FILE_DELTA
PATIENT_MOBILE	app/pharmacy/reorder.tsx	PATIENT_MOBILE	SAME_CONTENT	4b591796241f9ed827cd3b34a69ad652919f87148911d91158279f98e92a1e32	4b591796241f9ed827cd3b34a69ad652919f87148911d91158279f98e92a1e32	source-directory-byte-hash-unrelated-snapshot	NOT_ASSESSED_BY_FILE_DELTA
PATIENT_MOBILE	app/pharmacy/rx-order.tsx	PATIENT_MOBILE	SAME_CONTENT	3cc1d5f9ce284fb3f5cca5d3b0cf349ccc307686d3a0d0a664563fbd400777a7	3cc1d5f9ce284fb3f5cca5d3b0cf349ccc307686d3a0d0a664563fbd400777a7	source-directory-byte-hash-unrelated-snapshot	NOT_ASSESSED_BY_FILE_DELTA
PATIENT_MOBILE	app/pharmacy/scan-prescription.tsx	PATIENT_MOBILE	SAME_CONTENT	a4f7cf9619f28dedac29e3e22e2a643e149f679db300a0a88bd7f8b5989bcdbb	a4f7cf9619f28dedac29e3e22e2a643e149f679db300a0a88bd7f8b5989bcdbb	source-directory-byte-hash-unrelated-snapshot	NOT_ASSESSED_BY_FILE_DELTA
PATIENT_MOBILE	app/pharmacy/waiting-for-pharmacy.tsx	PATIENT_MOBILE	SAME_CONTENT	b9f7c19a3e588432eac96448849b4fd5562bac907c5eb94367a54ef6c3b30d1b	b9f7c19a3e588432eac96448849b4fd5562bac907c5eb94367a54ef6c3b30d1b	source-directory-byte-hash-unrelated-snapshot	NOT_ASSESSED_BY_FILE_DELTA
PATIENT_MOBILE	app/pharmacy/wishlist.tsx	PATIENT_MOBILE	SAME_CONTENT	64c686f15d84d4219dccf4ed686ace5e91d4d856f38c94ecc423647c506d0fc2	64c686f15d84d4219dccf4ed686ace5e91d4d856f38c94ecc423647c506d0fc2	source-directory-byte-hash-unrelated-snapshot	NOT_ASSESSED_BY_FILE_DELTA
PATIENT_MOBILE	app/profile/addresses.tsx	PATIENT_MOBILE	SAME_CONTENT	73cf41a063ff135357f00b6d68326d5981644a7ef70b46a37e0bb0e30c511208	73cf41a063ff135357f00b6d68326d5981644a7ef70b46a37e0bb0e30c511208	source-directory-byte-hash-unrelated-snapshot	NOT_ASSESSED_BY_FILE_DELTA
PATIENT_MOBILE	app/profile/edit.tsx	PATIENT_MOBILE	SAME_CONTENT	a9362180e311599edf0d8ea49abd4c0e7ea746d111b3d97f2368d9aeb579e807	a9362180e311599edf0d8ea49abd4c0e7ea746d111b3d97f2368d9aeb579e807	source-directory-byte-hash-unrelated-snapshot	NOT_ASSESSED_BY_FILE_DELTA
PATIENT_MOBILE	app/profile/index.tsx	PATIENT_MOBILE	SAME_CONTENT	78b896329c7f52dbf8561e8c23744fc001b56344515c0d8f2326222b51ad5708	78b896329c7f52dbf8561e8c23744fc001b56344515c0d8f2326222b51ad5708	source-directory-byte-hash-unrelated-snapshot	NOT_ASSESSED_BY_FILE_DELTA
PATIENT_MOBILE	app/profile/insurance.tsx	PATIENT_MOBILE	SAME_CONTENT	91c5eebbcf8f98b014f8f2d38bb38b7b9bd45e17a71e276ba1bbb6db2a5fe27c	91c5eebbcf8f98b014f8f2d38bb38b7b9bd45e17a71e276ba1bbb6db2a5fe27c	source-directory-byte-hash-unrelated-snapshot	NOT_ASSESSED_BY_FILE_DELTA
PATIENT_MOBILE	app/programs/active.tsx	PATIENT_MOBILE	SAME_CONTENT	7fb2f438eba2f5abfc89ab038e37328fcecb5b03b2e5e8f08117ae502e6aeb3f	7fb2f438eba2f5abfc89ab038e37328fcecb5b03b2e5e8f08117ae502e6aeb3f	source-directory-byte-hash-unrelated-snapshot	NOT_ASSESSED_BY_FILE_DELTA
PATIENT_MOBILE	app/reports/ai-analysis.tsx	PATIENT_MOBILE	SAME_CONTENT	2e4396588baa2889dfa59df09ad58836c844e37b886f8c93e92abaabb69e6d1c	2e4396588baa2889dfa59df09ad58836c844e37b886f8c93e92abaabb69e6d1c	source-directory-byte-hash-unrelated-snapshot	NOT_ASSESSED_BY_FILE_DELTA
PATIENT_MOBILE	app/reports/hub.tsx	PATIENT_MOBILE	SAME_CONTENT	1c530e071267b80b77603e77049f71aab6241c1dfdd2fc2e542e140e461a6efc	1c530e071267b80b77603e77049f71aab6241c1dfdd2fc2e542e140e461a6efc	source-directory-byte-hash-unrelated-snapshot	NOT_ASSESSED_BY_FILE_DELTA
PATIENT_MOBILE	app/reports/passport.tsx	PATIENT_MOBILE	SAME_CONTENT	c2c95e9dbf2ddbf6b88127c89aee1f01b6b79f63d60c27e684c0a720b955de18	c2c95e9dbf2ddbf6b88127c89aee1f01b6b79f63d60c27e684c0a720b955de18	source-directory-byte-hash-unrelated-snapshot	NOT_ASSESSED_BY_FILE_DELTA
PATIENT_MOBILE	app/reports/timeline.tsx	PATIENT_MOBILE	SAME_CONTENT	46a74fd6b9dab336e5b45e3bbffdc6e69e5d929f4a86f8f1c17e763c32ae480a	46a74fd6b9dab336e5b45e3bbffdc6e69e5d929f4a86f8f1c17e763c32ae480a	source-directory-byte-hash-unrelated-snapshot	NOT_ASSESSED_BY_FILE_DELTA
PATIENT_MOBILE	app/reports/view-report.tsx	PATIENT_MOBILE	SAME_CONTENT	cdac162971c521b8119b84e2f92254926d1d3f30fef7d784ad1099b775e4d862	cdac162971c521b8119b84e2f92254926d1d3f30fef7d784ad1099b775e4d862	source-directory-byte-hash-unrelated-snapshot	NOT_ASSESSED_BY_FILE_DELTA
PATIENT_MOBILE	app/returns/detail.tsx	PATIENT_MOBILE	SAME_CONTENT	b55465cf207aa9cdaf3cef9692c060809e806d993541cb1a017a83e8c13b5de4	b55465cf207aa9cdaf3cef9692c060809e806d993541cb1a017a83e8c13b5de4	source-directory-byte-hash-unrelated-snapshot	NOT_ASSESSED_BY_FILE_DELTA
PATIENT_MOBILE	app/returns/hub.tsx	PATIENT_MOBILE	SAME_CONTENT	5455f0c80d089b77004efcb360c08568879bfdad2ce981fd8e0866b78c2ef9d8	5455f0c80d089b77004efcb360c08568879bfdad2ce981fd8e0866b78c2ef9d8	source-directory-byte-hash-unrelated-snapshot	NOT_ASSESSED_BY_FILE_DELTA
PATIENT_MOBILE	app/returns/new-request.tsx	PATIENT_MOBILE	SAME_CONTENT	508c731a6db9082334dded5e4a0774c02dc62d7000c5f15dc9f365e2c1d2225e	508c731a6db9082334dded5e4a0774c02dc62d7000c5f15dc9f365e2c1d2225e	source-directory-byte-hash-unrelated-snapshot	NOT_ASSESSED_BY_FILE_DELTA
PATIENT_MOBILE	app/reviews/index.tsx	PATIENT_MOBILE	SAME_CONTENT	58497e2a9618db032f00b99080c92b1fadd4777afc88e6724afd6e8da64d6c0c	58497e2a9618db032f00b99080c92b1fadd4777afc88e6724afd6e8da64d6c0c	source-directory-byte-hash-unrelated-snapshot	NOT_ASSESSED_BY_FILE_DELTA
PATIENT_MOBILE	app/rn_screens.json	PATIENT_MOBILE	SAME_CONTENT	507daa94eef666924f9f9e581418549bb126220e5d71989172ed18033f2d05e1	507daa94eef666924f9f9e581418549bb126220e5d71989172ed18033f2d05e1	source-directory-byte-hash-unrelated-snapshot	NOT_ASSESSED_BY_FILE_DELTA
PATIENT_MOBILE	app/room/[id].tsx	PATIENT_MOBILE	SAME_CONTENT	fd8546f51586a25fe7be54e6ec20c14eac36a8de36d868929c3e5728759caf44	fd8546f51586a25fe7be54e6ec20c14eac36a8de36d868929c3e5728759caf44	source-directory-byte-hash-unrelated-snapshot	NOT_ASSESSED_BY_FILE_DELTA
PATIENT_MOBILE	app/s/[type]/[slug].tsx	PATIENT_MOBILE	SAME_CONTENT	b300425b6ad43cde9589a9cbb210bb98b50a477470c0145449e86e7e5831fdc2	b300425b6ad43cde9589a9cbb210bb98b50a477470c0145449e86e7e5831fdc2	source-directory-byte-hash-unrelated-snapshot	NOT_ASSESSED_BY_FILE_DELTA
PATIENT_MOBILE	app/search/index.tsx	PATIENT_MOBILE	SAME_CONTENT	80389867a6260b6c5fff35bcf2c54e35373050af11d3cb850f74f1ed63af8935	80389867a6260b6c5fff35bcf2c54e35373050af11d3cb850f74f1ed63af8935	source-directory-byte-hash-unrelated-snapshot	NOT_ASSESSED_BY_FILE_DELTA
PATIENT_MOBILE	app/services/index.tsx	PATIENT_MOBILE	SAME_CONTENT	1666c84c16682a096130eebef871ed7ed92c083bfd568203ab5b54989070a5bf	1666c84c16682a096130eebef871ed7ed92c083bfd568203ab5b54989070a5bf	source-directory-byte-hash-unrelated-snapshot	NOT_ASSESSED_BY_FILE_DELTA
PATIENT_MOBILE	app/settings/about.tsx	PATIENT_MOBILE	SAME_CONTENT	1330ae41b08a18f7d8503249f8e572209b5104c9ebfb55d8c6b1651f344db403	1330ae41b08a18f7d8503249f8e572209b5104c9ebfb55d8c6b1651f344db403	source-directory-byte-hash-unrelated-snapshot	NOT_ASSESSED_BY_FILE_DELTA
PATIENT_MOBILE	app/settings/data.tsx	PATIENT_MOBILE	MODIFIED	c07b14c3bb1a1267584a021ae601f5b8e17b0d8db5a0b49134d6b2f7501a79a9	1b0eeb6f2494182a169abf3c0a6cf0e4e1c2be7a12c6432ecc53d2e28e924441	source-directory-byte-hash-unrelated-snapshot	NOT_ASSESSED_BY_FILE_DELTA
PATIENT_MOBILE	app/settings/feedback.tsx	PATIENT_MOBILE	SAME_CONTENT	1d1cedad8fc7e2ef06528b46392b6373fa0d24ddede93ff8048808f017943331	1d1cedad8fc7e2ef06528b46392b6373fa0d24ddede93ff8048808f017943331	source-directory-byte-hash-unrelated-snapshot	NOT_ASSESSED_BY_FILE_DELTA
PATIENT_MOBILE	app/settings/help.tsx	PATIENT_MOBILE	SAME_CONTENT	c99fd09f18b5312eb8f0d88fcae4bada665d965ff88017e16143dd50bf3dbe3e	c99fd09f18b5312eb8f0d88fcae4bada665d965ff88017e16143dd50bf3dbe3e	source-directory-byte-hash-unrelated-snapshot	NOT_ASSESSED_BY_FILE_DELTA
PATIENT_MOBILE	app/settings/index.tsx	PATIENT_MOBILE	MODIFIED	4045e994f47d1ed060d7a3ba9d5a994b50e6bb872d8580e504173adb15dd87e1	b7fb55ded676d48fd8f25eb0109cf0eec356b56f859b3df7e486af6d2f8d6957	source-directory-byte-hash-unrelated-snapshot	NOT_ASSESSED_BY_FILE_DELTA
PATIENT_MOBILE	app/settings/language.tsx	PATIENT_MOBILE	SAME_CONTENT	a50f4e891637009c732f408f2ae0b8f5163cd505d33c513b434abefa77b3c792	a50f4e891637009c732f408f2ae0b8f5163cd505d33c513b434abefa77b3c792	source-directory-byte-hash-unrelated-snapshot	NOT_ASSESSED_BY_FILE_DELTA
PATIENT_MOBILE	app/settings/notifications-settings.tsx	PATIENT_MOBILE	SAME_CONTENT	769171a9bf784d0f0397e3feea673c5e845e9fe53ef74773431148849c4955b3	769171a9bf784d0f0397e3feea673c5e845e9fe53ef74773431148849c4955b3	source-directory-byte-hash-unrelated-snapshot	NOT_ASSESSED_BY_FILE_DELTA
PATIENT_MOBILE	app/settings/notifications.tsx	PATIENT_MOBILE	SAME_CONTENT	99dd68e29559d361663d6303f43406e629d545695175d8fec60ff4da9e9fbe4b	99dd68e29559d361663d6303f43406e629d545695175d8fec60ff4da9e9fbe4b	source-directory-byte-hash-unrelated-snapshot	NOT_ASSESSED_BY_FILE_DELTA
PATIENT_MOBILE	app/settings/privacy.tsx	PATIENT_MOBILE	SAME_CONTENT	6b675764d848138498d6f73c76e836da38fef810e9072cabd808e1fefe930abb	6b675764d848138498d6f73c76e836da38fef810e9072cabd808e1fefe930abb	source-directory-byte-hash-unrelated-snapshot	NOT_ASSESSED_BY_FILE_DELTA
PATIENT_MOBILE	app/settings/security.tsx	PATIENT_MOBILE	SAME_CONTENT	886b8c82d9cea839d7c83c36cd006f074735c86ada1d1a3d2cc29434fcc7edf1	886b8c82d9cea839d7c83c36cd006f074735c86ada1d1a3d2cc29434fcc7edf1	source-directory-byte-hash-unrelated-snapshot	NOT_ASSESSED_BY_FILE_DELTA
PATIENT_MOBILE	app/settings/support-chat.tsx	PATIENT_MOBILE	SAME_CONTENT	0fd0f3a07b50e5563254eef515a33f73929d482bf2affa2d44cf7b9d97b558ae	0fd0f3a07b50e5563254eef515a33f73929d482bf2affa2d44cf7b9d97b558ae	source-directory-byte-hash-unrelated-snapshot	NOT_ASSESSED_BY_FILE_DELTA
PATIENT_MOBILE	app/settings/terms.tsx	PATIENT_MOBILE	SAME_CONTENT	80b467688976e2c7c11c5190aa7dd3e52142e3781ede56b0b2260309e12bceea	80b467688976e2c7c11c5190aa7dd3e52142e3781ede56b0b2260309e12bceea	source-directory-byte-hash-unrelated-snapshot	NOT_ASSESSED_BY_FILE_DELTA
PATIENT_MOBILE	app/shared/location-picker.tsx	PATIENT_MOBILE	SAME_CONTENT	1e0157c50ebd0c70fe29732d03a9cb07e3fb52fba39b72247aa7bc1594512557	1e0157c50ebd0c70fe29732d03a9cb07e3fb52fba39b72247aa7bc1594512557	source-directory-byte-hash-unrelated-snapshot	NOT_ASSESSED_BY_FILE_DELTA
PATIENT_MOBILE	app/support/chat.tsx	PATIENT_MOBILE	SAME_CONTENT	7269f2404e7b47cb671a77bc064f8c3cc0b340d68e82796756690f8d1c8d3877	7269f2404e7b47cb671a77bc064f8c3cc0b340d68e82796756690f8d1c8d3877	source-directory-byte-hash-unrelated-snapshot	NOT_ASSESSED_BY_FILE_DELTA
PATIENT_MOBILE	app/support/ticket.tsx	PATIENT_MOBILE	SAME_CONTENT	2bb4a007efe26968918a27154d26702fdf9903e630233e843f160581dad4e40e	2bb4a007efe26968918a27154d26702fdf9903e630233e843f160581dad4e40e	source-directory-byte-hash-unrelated-snapshot	NOT_ASSESSED_BY_FILE_DELTA
PATIENT_MOBILE	app/voice/index.tsx	PATIENT_MOBILE	SAME_CONTENT	66fee3147af7b2e95d48845b350e23b4c9d7415db7de39e92f3064d93b59539e	66fee3147af7b2e95d48845b350e23b4c9d7415db7de39e92f3064d93b59539e	source-directory-byte-hash-unrelated-snapshot	NOT_ASSESSED_BY_FILE_DELTA
PATIENT_MOBILE	app/wallet/cards.tsx	PATIENT_MOBILE	SAME_CONTENT	57a035c92154ea2463a9e9d40658c153aec70ea344a99d9f4ea5dea5c535ec94	57a035c92154ea2463a9e9d40658c153aec70ea344a99d9f4ea5dea5c535ec94	source-directory-byte-hash-unrelated-snapshot	NOT_ASSESSED_BY_FILE_DELTA
PATIENT_MOBILE	app/wallet/hub.tsx	PATIENT_MOBILE	SAME_CONTENT	ab7d3f0514b46c93e616fbc92e477dd1f6fa5fa5894744fc30271a3c4d754373	ab7d3f0514b46c93e616fbc92e477dd1f6fa5fa5894744fc30271a3c4d754373	source-directory-byte-hash-unrelated-snapshot	NOT_ASSESSED_BY_FILE_DELTA
PATIENT_MOBILE	app/wallet/topup.tsx	PATIENT_MOBILE	SAME_CONTENT	1a30494132fc450df28200e370b711527682c5fd3e0a08848b0a189b5262d127	1a30494132fc450df28200e370b711527682c5fd3e0a08848b0a189b5262d127	source-directory-byte-hash-unrelated-snapshot	NOT_ASSESSED_BY_FILE_DELTA
PATIENT_MOBILE	app/wallet/transactions.tsx	PATIENT_MOBILE	SAME_CONTENT	2c72048b63d178b902dfe8d02ea41da06db67a2b52ccbe3856f312ced752a67d	2c72048b63d178b902dfe8d02ea41da06db67a2b52ccbe3856f312ced752a67d	source-directory-byte-hash-unrelated-snapshot	NOT_ASSESSED_BY_FILE_DELTA
PATIENT_MOBILE	app/wallet/transfer.tsx	PATIENT_MOBILE	SAME_CONTENT	23db9eeab19a6c00eab740e2d587e71fb1ae5de372c036645ca85d36ab5aeb28	23db9eeab19a6c00eab740e2d587e71fb1ae5de372c036645ca85d36ab5aeb28	source-directory-byte-hash-unrelated-snapshot	NOT_ASSESSED_BY_FILE_DELTA
PATIENT_MOBILE	app/wearables/hub.tsx	PATIENT_MOBILE	SAME_CONTENT	3f924a0d33e01e499f005922c920987175640c5404da4c4b0fe20cb3760afcd8	3f924a0d33e01e499f005922c920987175640c5404da4c4b0fe20cb3760afcd8	source-directory-byte-hash-unrelated-snapshot	NOT_ASSESSED_BY_FILE_DELTA
PATIENT_MOBILE	assets/adaptive-icon.png	PATIENT_MOBILE	SAME_CONTENT	8b498c47fc095b7592fe71987ac2f058b52e530bd03d7dfaae1e40f888bd1c49	8b498c47fc095b7592fe71987ac2f058b52e530bd03d7dfaae1e40f888bd1c49	source-directory-byte-hash-unrelated-snapshot	NOT_ASSESSED_BY_FILE_DELTA
PATIENT_MOBILE	assets/favicon.png	PATIENT_MOBILE	SAME_CONTENT	e74e982dcaf8f07e199ef4cbe8ba6d78a4787e0ad977b1ba79bd68ab232f0dc1	e74e982dcaf8f07e199ef4cbe8ba6d78a4787e0ad977b1ba79bd68ab232f0dc1	source-directory-byte-hash-unrelated-snapshot	NOT_ASSESSED_BY_FILE_DELTA
PATIENT_MOBILE	assets/fonts/Cairo-Black.ttf	PATIENT_MOBILE	SAME_CONTENT	c95feca4c0dbf61ed543d67f89f92b151072af72a47932212233724219c08c0f	c95feca4c0dbf61ed543d67f89f92b151072af72a47932212233724219c08c0f	source-directory-byte-hash-unrelated-snapshot	NOT_ASSESSED_BY_FILE_DELTA
PATIENT_MOBILE	assets/fonts/Cairo-Bold.ttf	PATIENT_MOBILE	SAME_CONTENT	84e536a6975d979a594ea322192e0445c6880392d6d56284490819cc905c6b51	84e536a6975d979a594ea322192e0445c6880392d6d56284490819cc905c6b51	source-directory-byte-hash-unrelated-snapshot	NOT_ASSESSED_BY_FILE_DELTA
PATIENT_MOBILE	assets/fonts/Cairo-ExtraBold.ttf	PATIENT_MOBILE	SAME_CONTENT	b65223e2493d81b3cbabb7e828773c772fbdd568b0f1a5437f8064c39e62251c	b65223e2493d81b3cbabb7e828773c772fbdd568b0f1a5437f8064c39e62251c	source-directory-byte-hash-unrelated-snapshot	NOT_ASSESSED_BY_FILE_DELTA
PATIENT_MOBILE	assets/fonts/Cairo-Medium.ttf	PATIENT_MOBILE	SAME_CONTENT	49452a2b9b126f97b118d2c3954bedc018f78a781cb2ff47dfb181e9812c9583	49452a2b9b126f97b118d2c3954bedc018f78a781cb2ff47dfb181e9812c9583	source-directory-byte-hash-unrelated-snapshot	NOT_ASSESSED_BY_FILE_DELTA
PATIENT_MOBILE	assets/fonts/Cairo-Regular.ttf	PATIENT_MOBILE	SAME_CONTENT	fec1bce733257c87f8691b6bfe1a86260dfce538bfaee5b5a5332d75faf8f723	fec1bce733257c87f8691b6bfe1a86260dfce538bfaee5b5a5332d75faf8f723	source-directory-byte-hash-unrelated-snapshot	NOT_ASSESSED_BY_FILE_DELTA
PATIENT_MOBILE	assets/fonts/Cairo-SemiBold.ttf	PATIENT_MOBILE	SAME_CONTENT	084e9782779902cc2e2578b34e4d09e0f6e69c47a12088129a3f0ecb583c9941	084e9782779902cc2e2578b34e4d09e0f6e69c47a12088129a3f0ecb583c9941	source-directory-byte-hash-unrelated-snapshot	NOT_ASSESSED_BY_FILE_DELTA
PATIENT_MOBILE	assets/fonts/MaterialSymbolsRounded.ttf	PATIENT_MOBILE	SAME_CONTENT	6bb7f46afab064c7d9ec6a865756b90dd68afb90bff85df209bdf03cfc0ecb17	6bb7f46afab064c7d9ec6a865756b90dd68afb90bff85df209bdf03cfc0ecb17	source-directory-byte-hash-unrelated-snapshot	NOT_ASSESSED_BY_FILE_DELTA
PATIENT_MOBILE	assets/icon.png	PATIENT_MOBILE	SAME_CONTENT	8b498c47fc095b7592fe71987ac2f058b52e530bd03d7dfaae1e40f888bd1c49	8b498c47fc095b7592fe71987ac2f058b52e530bd03d7dfaae1e40f888bd1c49	source-directory-byte-hash-unrelated-snapshot	NOT_ASSESSED_BY_FILE_DELTA
PATIENT_MOBILE	assets/images/maternity/fetus/fetus_week.jpg	PATIENT_MOBILE	SAME_CONTENT	8552ef6ccdb9f7b49dd32c5dc2755eb7b0999382393cc14c5fa24a061e002f6f	8552ef6ccdb9f7b49dd32c5dc2755eb7b0999382393cc14c5fa24a061e002f6f	source-directory-byte-hash-unrelated-snapshot	NOT_ASSESSED_BY_FILE_DELTA
PATIENT_MOBILE	assets/images/maternity/fetus/week_1.jpg	PATIENT_MOBILE	SAME_CONTENT	b3a75f2f953b7ae4855b31f37a7abc6300f70191adf08a9fb160be22f440a996	b3a75f2f953b7ae4855b31f37a7abc6300f70191adf08a9fb160be22f440a996	source-directory-byte-hash-unrelated-snapshot	NOT_ASSESSED_BY_FILE_DELTA
PATIENT_MOBILE	assets/images/maternity/fetus/week_10.jpg	PATIENT_MOBILE	SAME_CONTENT	39578a8d3ef2d5c6f2a24d1d8e585677fcd33ce2103a88687fc0f87cfb595073	39578a8d3ef2d5c6f2a24d1d8e585677fcd33ce2103a88687fc0f87cfb595073	source-directory-byte-hash-unrelated-snapshot	NOT_ASSESSED_BY_FILE_DELTA
PATIENT_MOBILE	assets/images/maternity/fetus/week_11.jpg	PATIENT_MOBILE	SAME_CONTENT	c4e1ec9e241d4b1293d8276d5f95794cbb7f7f379f42867d9ffcf6c6d2353ea4	c4e1ec9e241d4b1293d8276d5f95794cbb7f7f379f42867d9ffcf6c6d2353ea4	source-directory-byte-hash-unrelated-snapshot	NOT_ASSESSED_BY_FILE_DELTA
PATIENT_MOBILE	assets/images/maternity/fetus/week_12.jpg	PATIENT_MOBILE	SAME_CONTENT	148228e4d2050925d12b05d93b40827dbc2b6739b265823e83b07eb722a00773	148228e4d2050925d12b05d93b40827dbc2b6739b265823e83b07eb722a00773	source-directory-byte-hash-unrelated-snapshot	NOT_ASSESSED_BY_FILE_DELTA
PATIENT_MOBILE	assets/images/maternity/fetus/week_13.jpg	PATIENT_MOBILE	SAME_CONTENT	d3f0578213a30947c874fee1c68d729d83d9f569bf024d35557de5e2ea8cd7c7	d3f0578213a30947c874fee1c68d729d83d9f569bf024d35557de5e2ea8cd7c7	source-directory-byte-hash-unrelated-snapshot	NOT_ASSESSED_BY_FILE_DELTA
PATIENT_MOBILE	assets/images/maternity/fetus/week_14.jpg	PATIENT_MOBILE	SAME_CONTENT	9bf862fdd17776d978059226e4be683b40c1f08840ef33ea658d3293919da4fc	9bf862fdd17776d978059226e4be683b40c1f08840ef33ea658d3293919da4fc	source-directory-byte-hash-unrelated-snapshot	NOT_ASSESSED_BY_FILE_DELTA
PATIENT_MOBILE	assets/images/maternity/fetus/week_15.jpg	PATIENT_MOBILE	SAME_CONTENT	f1f4f0d044c3d2552569ff3932c8562e20603daa37b7a9aa45265b88dd7d178a	f1f4f0d044c3d2552569ff3932c8562e20603daa37b7a9aa45265b88dd7d178a	source-directory-byte-hash-unrelated-snapshot	NOT_ASSESSED_BY_FILE_DELTA
PATIENT_MOBILE	assets/images/maternity/fetus/week_16.jpg	PATIENT_MOBILE	SAME_CONTENT	d9e3462d3d7d23d4d38a68cfb666a5f67ef11215f0296d8810eaec70aebcb952	d9e3462d3d7d23d4d38a68cfb666a5f67ef11215f0296d8810eaec70aebcb952	source-directory-byte-hash-unrelated-snapshot	NOT_ASSESSED_BY_FILE_DELTA
PATIENT_MOBILE	assets/images/maternity/fetus/week_16.png	PATIENT_MOBILE	SAME_CONTENT	e68b0d95e957347b9f71bcf1482053fddd70729ed220fb33452b043954e51045	e68b0d95e957347b9f71bcf1482053fddd70729ed220fb33452b043954e51045	source-directory-byte-hash-unrelated-snapshot	NOT_ASSESSED_BY_FILE_DELTA
PATIENT_MOBILE	assets/images/maternity/fetus/week_17.jpg	PATIENT_MOBILE	SAME_CONTENT	99b459695b88147ac0f0de5d00c61526cf2feb7d2b5cc33091a0a4f366fe3778	99b459695b88147ac0f0de5d00c61526cf2feb7d2b5cc33091a0a4f366fe3778	source-directory-byte-hash-unrelated-snapshot	NOT_ASSESSED_BY_FILE_DELTA
PATIENT_MOBILE	assets/images/maternity/fetus/week_17.png	PATIENT_MOBILE	SAME_CONTENT	ef8f563a91439d18a1923a06a52e401b24fb7853ad71d7050578701b06271554	ef8f563a91439d18a1923a06a52e401b24fb7853ad71d7050578701b06271554	source-directory-byte-hash-unrelated-snapshot	NOT_ASSESSED_BY_FILE_DELTA
PATIENT_MOBILE	assets/images/maternity/fetus/week_18.png	PATIENT_MOBILE	SAME_CONTENT	91f7092350ccb8c109b07ce97967a69edd3aac2281d95c7917f7b34cb935b415	91f7092350ccb8c109b07ce97967a69edd3aac2281d95c7917f7b34cb935b415	source-directory-byte-hash-unrelated-snapshot	NOT_ASSESSED_BY_FILE_DELTA
PATIENT_MOBILE	assets/images/maternity/fetus/week_19.png	PATIENT_MOBILE	SAME_CONTENT	65e37f1cdca478022cc6da53609f5b88be17548d8a860bfe9db49ab889785d10	65e37f1cdca478022cc6da53609f5b88be17548d8a860bfe9db49ab889785d10	source-directory-byte-hash-unrelated-snapshot	NOT_ASSESSED_BY_FILE_DELTA
PATIENT_MOBILE	assets/images/maternity/fetus/week_2.jpg	PATIENT_MOBILE	SAME_CONTENT	d20f90bb397dadeb5f640d10829d434bf04c993c3a079ae1499545860144d303	d20f90bb397dadeb5f640d10829d434bf04c993c3a079ae1499545860144d303	source-directory-byte-hash-unrelated-snapshot	NOT_ASSESSED_BY_FILE_DELTA
PATIENT_MOBILE	assets/images/maternity/fetus/week_20.png	PATIENT_MOBILE	SAME_CONTENT	a44a4db7cbaf1708d33cc624c7f42e52ef695fdf9c82ab676f8654d0f06c8add	a44a4db7cbaf1708d33cc624c7f42e52ef695fdf9c82ab676f8654d0f06c8add	source-directory-byte-hash-unrelated-snapshot	NOT_ASSESSED_BY_FILE_DELTA
PATIENT_MOBILE	assets/images/maternity/fetus/week_21.png	PATIENT_MOBILE	SAME_CONTENT	9ce942291b230fc756407c52170c565b80a7dc30b05cffe685f063e32df93d2f	9ce942291b230fc756407c52170c565b80a7dc30b05cffe685f063e32df93d2f	source-directory-byte-hash-unrelated-snapshot	NOT_ASSESSED_BY_FILE_DELTA
PATIENT_MOBILE	assets/images/maternity/fetus/week_22.png	PATIENT_MOBILE	SAME_CONTENT	36451ad70570d2861e239bd477bbed755c945ddb59c35aedeea33d7899715e34	36451ad70570d2861e239bd477bbed755c945ddb59c35aedeea33d7899715e34	source-directory-byte-hash-unrelated-snapshot	NOT_ASSESSED_BY_FILE_DELTA
PATIENT_MOBILE	assets/images/maternity/fetus/week_23.png	PATIENT_MOBILE	SAME_CONTENT	4fb756786107a40250db0ede8c18ee4af32e58ccf9015382c7a8cc2cbf2e1835	4fb756786107a40250db0ede8c18ee4af32e58ccf9015382c7a8cc2cbf2e1835	source-directory-byte-hash-unrelated-snapshot	NOT_ASSESSED_BY_FILE_DELTA
PATIENT_MOBILE	assets/images/maternity/fetus/week_24.png	PATIENT_MOBILE	SAME_CONTENT	0c879cf81101b8dd55847e6fe900cb6bf6b1b78635eeabac645e9a3eea050bdf	0c879cf81101b8dd55847e6fe900cb6bf6b1b78635eeabac645e9a3eea050bdf	source-directory-byte-hash-unrelated-snapshot	NOT_ASSESSED_BY_FILE_DELTA
PATIENT_MOBILE	assets/images/maternity/fetus/week_25.png	PATIENT_MOBILE	SAME_CONTENT	5c5512d6bf754272b89414030ee1af33557fde082f62abebea426ade5ba9fcab	5c5512d6bf754272b89414030ee1af33557fde082f62abebea426ade5ba9fcab	source-directory-byte-hash-unrelated-snapshot	NOT_ASSESSED_BY_FILE_DELTA
PATIENT_MOBILE	assets/images/maternity/fetus/week_26.png	PATIENT_MOBILE	SAME_CONTENT	d44f409a89a951f685be8e7c5e34c757549107138d7eaca38a37bce186799de2	d44f409a89a951f685be8e7c5e34c757549107138d7eaca38a37bce186799de2	source-directory-byte-hash-unrelated-snapshot	NOT_ASSESSED_BY_FILE_DELTA
PATIENT_MOBILE	assets/images/maternity/fetus/week_27.png	PATIENT_MOBILE	SAME_CONTENT	de6b0803f05f8e3f333dca9e31684e552ed5ef0523b6ca6ec817a0aaa48a50bc	de6b0803f05f8e3f333dca9e31684e552ed5ef0523b6ca6ec817a0aaa48a50bc	source-directory-byte-hash-unrelated-snapshot	NOT_ASSESSED_BY_FILE_DELTA
PATIENT_MOBILE	assets/images/maternity/fetus/week_28.png	PATIENT_MOBILE	SAME_CONTENT	2760851aff57f2f82fccd2263f376b88bd50ba41d69fed605b673a9393e90117	2760851aff57f2f82fccd2263f376b88bd50ba41d69fed605b673a9393e90117	source-directory-byte-hash-unrelated-snapshot	NOT_ASSESSED_BY_FILE_DELTA
PATIENT_MOBILE	assets/images/maternity/fetus/week_29.png	PATIENT_MOBILE	SAME_CONTENT	4cbe3d889db5cb8a42d9acb35b166663f4fdbaa9623a916d82061c594cf88225	4cbe3d889db5cb8a42d9acb35b166663f4fdbaa9623a916d82061c594cf88225	source-directory-byte-hash-unrelated-snapshot	NOT_ASSESSED_BY_FILE_DELTA
PATIENT_MOBILE	assets/images/maternity/fetus/week_3.jpg	PATIENT_MOBILE	SAME_CONTENT	bd198bef8e940a4156693be9277fcd5ee48a6c454fe27acf5f05c4ad8c48ae17	bd198bef8e940a4156693be9277fcd5ee48a6c454fe27acf5f05c4ad8c48ae17	source-directory-byte-hash-unrelated-snapshot	NOT_ASSESSED_BY_FILE_DELTA
PATIENT_MOBILE	assets/images/maternity/fetus/week_30.png	PATIENT_MOBILE	SAME_CONTENT	82769201ed3487681cb299b7e7845544ca49dd6fed9cd598b7875ca5e0d42284	82769201ed3487681cb299b7e7845544ca49dd6fed9cd598b7875ca5e0d42284	source-directory-byte-hash-unrelated-snapshot	NOT_ASSESSED_BY_FILE_DELTA
PATIENT_MOBILE	assets/images/maternity/fetus/week_31.png	PATIENT_MOBILE	SAME_CONTENT	d94cba1f225254b1abfc8b2b2125d67592c338e47fef094032f21daf8f06f28e	d94cba1f225254b1abfc8b2b2125d67592c338e47fef094032f21daf8f06f28e	source-directory-byte-hash-unrelated-snapshot	NOT_ASSESSED_BY_FILE_DELTA
PATIENT_MOBILE	assets/images/maternity/fetus/week_32.png	PATIENT_MOBILE	SAME_CONTENT	cc31ed49cb81d393a73edade120da28f49442683f04dba9af9f5f82e20908bd5	cc31ed49cb81d393a73edade120da28f49442683f04dba9af9f5f82e20908bd5	source-directory-byte-hash-unrelated-snapshot	NOT_ASSESSED_BY_FILE_DELTA
PATIENT_MOBILE	assets/images/maternity/fetus/week_33.png	PATIENT_MOBILE	SAME_CONTENT	69780a7bd5c2c037ebe5878bf88b85b414ac84c09ae7abac7cf5dd0d53599c43	69780a7bd5c2c037ebe5878bf88b85b414ac84c09ae7abac7cf5dd0d53599c43	source-directory-byte-hash-unrelated-snapshot	NOT_ASSESSED_BY_FILE_DELTA
PATIENT_MOBILE	assets/images/maternity/fetus/week_34.png	PATIENT_MOBILE	SAME_CONTENT	436af75a96e7961f14341947637aa3d80711252b5c3b5128f3ba59f005dfbc9e	436af75a96e7961f14341947637aa3d80711252b5c3b5128f3ba59f005dfbc9e	source-directory-byte-hash-unrelated-snapshot	NOT_ASSESSED_BY_FILE_DELTA
PATIENT_MOBILE	assets/images/maternity/fetus/week_35.png	PATIENT_MOBILE	SAME_CONTENT	a465d398cb8f2b36283c38262c24544fe197c187ba619ee4b0786af96a5a614a	a465d398cb8f2b36283c38262c24544fe197c187ba619ee4b0786af96a5a614a	source-directory-byte-hash-unrelated-snapshot	NOT_ASSESSED_BY_FILE_DELTA
PATIENT_MOBILE	assets/images/maternity/fetus/week_36.png	PATIENT_MOBILE	SAME_CONTENT	f3dfd42c19ead19d8155b66e960f1c0dbbd50a2ffdef842ea5a27b126213ca11	f3dfd42c19ead19d8155b66e960f1c0dbbd50a2ffdef842ea5a27b126213ca11	source-directory-byte-hash-unrelated-snapshot	NOT_ASSESSED_BY_FILE_DELTA
PATIENT_MOBILE	assets/images/maternity/fetus/week_37.png	PATIENT_MOBILE	SAME_CONTENT	c969a6ffc99b314178228414ae2a326078131f27421b2f1b17a4ab66eddbc52a	c969a6ffc99b314178228414ae2a326078131f27421b2f1b17a4ab66eddbc52a	source-directory-byte-hash-unrelated-snapshot	NOT_ASSESSED_BY_FILE_DELTA
PATIENT_MOBILE	assets/images/maternity/fetus/week_38.png	PATIENT_MOBILE	SAME_CONTENT	84150002e843d538670d8c50c7be2ef80a42dbe370e890e57ab123ecbfd0e185	84150002e843d538670d8c50c7be2ef80a42dbe370e890e57ab123ecbfd0e185	source-directory-byte-hash-unrelated-snapshot	NOT_ASSESSED_BY_FILE_DELTA
PATIENT_MOBILE	assets/images/maternity/fetus/week_39.png	PATIENT_MOBILE	SAME_CONTENT	1806e5a55fc2fe6343ce4009bbb099287da576bdb2e8ff029b8adf034c77deb2	1806e5a55fc2fe6343ce4009bbb099287da576bdb2e8ff029b8adf034c77deb2	source-directory-byte-hash-unrelated-snapshot	NOT_ASSESSED_BY_FILE_DELTA
PATIENT_MOBILE	assets/images/maternity/fetus/week_4.jpg	PATIENT_MOBILE	SAME_CONTENT	d2a81977759887ea13d33b9438584e2f27dc856d0c58a5e4c18e28e59196fa0b	d2a81977759887ea13d33b9438584e2f27dc856d0c58a5e4c18e28e59196fa0b	source-directory-byte-hash-unrelated-snapshot	NOT_ASSESSED_BY_FILE_DELTA
PATIENT_MOBILE	assets/images/maternity/fetus/week_40.png	PATIENT_MOBILE	SAME_CONTENT	3dc87ecff8871a2d351f8491b7075db7acf95415ddae7d6cf119b9b083c589d8	3dc87ecff8871a2d351f8491b7075db7acf95415ddae7d6cf119b9b083c589d8	source-directory-byte-hash-unrelated-snapshot	NOT_ASSESSED_BY_FILE_DELTA
PATIENT_MOBILE	assets/images/maternity/fetus/week_5.jpg	PATIENT_MOBILE	SAME_CONTENT	8649d5c6276939319cb0344d231cc6d1e74c528e31fbe14bbad8d78581018bbc	8649d5c6276939319cb0344d231cc6d1e74c528e31fbe14bbad8d78581018bbc	source-directory-byte-hash-unrelated-snapshot	NOT_ASSESSED_BY_FILE_DELTA
PATIENT_MOBILE	assets/images/maternity/fetus/week_6.jpg	PATIENT_MOBILE	SAME_CONTENT	bbbbf316f97cb80eb2b9fb1d9e2c84bffd5d9e1217942db9415e06fc3d525b31	bbbbf316f97cb80eb2b9fb1d9e2c84bffd5d9e1217942db9415e06fc3d525b31	source-directory-byte-hash-unrelated-snapshot	NOT_ASSESSED_BY_FILE_DELTA
PATIENT_MOBILE	assets/images/maternity/fetus/week_7.jpg	PATIENT_MOBILE	SAME_CONTENT	329c58c92eca514e84a17d94f57005b8b937785cde6fedff3ecb4dc2d16f0a51	329c58c92eca514e84a17d94f57005b8b937785cde6fedff3ecb4dc2d16f0a51	source-directory-byte-hash-unrelated-snapshot	NOT_ASSESSED_BY_FILE_DELTA
PATIENT_MOBILE	assets/images/maternity/fetus/week_8.jpg	PATIENT_MOBILE	SAME_CONTENT	c79e6f11bce7bfc0dffd60b782901681ae978c48103249fd7c2fb52ca75c34d9	c79e6f11bce7bfc0dffd60b782901681ae978c48103249fd7c2fb52ca75c34d9	source-directory-byte-hash-unrelated-snapshot	NOT_ASSESSED_BY_FILE_DELTA
PATIENT_MOBILE	assets/images/maternity/fetus/week_9.jpg	PATIENT_MOBILE	SAME_CONTENT	4266b43295a57818f9f97f6a10c0c434f54ce0f96c1947df00cedc1ed11109b7	4266b43295a57818f9f97f6a10c0c434f54ce0f96c1947df00cedc1ed11109b7	source-directory-byte-hash-unrelated-snapshot	NOT_ASSESSED_BY_FILE_DELTA
PATIENT_MOBILE	assets/notification-icon.png	PATIENT_MOBILE	SAME_CONTENT	737d088904803b5b2d5d0b6ce9b7f28f7733535b2b5f0acb589235a105c7ea0d	737d088904803b5b2d5d0b6ce9b7f28f7733535b2b5f0acb589235a105c7ea0d	source-directory-byte-hash-unrelated-snapshot	NOT_ASSESSED_BY_FILE_DELTA
PATIENT_MOBILE	assets/sounds/notification.wav	PATIENT_MOBILE	SAME_CONTENT	8b8fbafe8679076454429756fa72f11d5f442c87381cc6a4285451d826a9e629	8b8fbafe8679076454429756fa72f11d5f442c87381cc6a4285451d826a9e629	source-directory-byte-hash-unrelated-snapshot	NOT_ASSESSED_BY_FILE_DELTA
PATIENT_MOBILE	assets/splash.png	PATIENT_MOBILE	SAME_CONTENT	b432c703aaa37c08e3351dafed1559fb3c8bfd9925fce6019e520513247a2d12	b432c703aaa37c08e3351dafed1559fb3c8bfd9925fce6019e520513247a2d12	source-directory-byte-hash-unrelated-snapshot	NOT_ASSESSED_BY_FILE_DELTA
PATIENT_MOBILE	audit-artifacts/MOBILE_P1_EXECUTION_PLAN_20260822.md	PATIENT_MOBILE	BASELINE_ONLY	994942511cf8758a38d3fee934f8237de37a49bb2a631da45f91b9e8f16c6fcc		source-directory-byte-hash-unrelated-snapshot	NOT_ASSESSED_BY_FILE_DELTA
PATIENT_MOBILE	audit-artifacts/MOBILE_SOURCE_IMPORT_PROVENANCE_20260822.md	PATIENT_MOBILE	BASELINE_ONLY	cb879ebccab845f4866027d8990a4e1ff457bd111d9802699032bf5e6605cd62		source-directory-byte-hash-unrelated-snapshot	NOT_ASSESSED_BY_FILE_DELTA
PATIENT_MOBILE	audit-artifacts/verification/MOBILE_P1_EXECUTION_VERIFICATION_20260822.md	PATIENT_MOBILE	BASELINE_ONLY	c8f56a24af6ca203706c27f934fb1e26e286a0f903f6510c22fea571349b92d6		source-directory-byte-hash-unrelated-snapshot	NOT_ASSESSED_BY_FILE_DELTA
PATIENT_MOBILE	audit-artifacts/verification/MOBILE_P1_TARGETED_REGRESSION_GATE_20260822.txt	PATIENT_MOBILE	BASELINE_ONLY	90cd51582d93971fb2a951606d1ecbf4c0716f4db1379c6ecea0d6339e295ab4		source-directory-byte-hash-unrelated-snapshot	NOT_ASSESSED_BY_FILE_DELTA
PATIENT_MOBILE	audit-artifacts/verification/MOBILE_P1_TYPECHECK_20260822.txt	PATIENT_MOBILE	BASELINE_ONLY	112d574c3d4f4eee73efeefa7c9e83c50e62108d821c907521d91fc857284fa9		source-directory-byte-hash-unrelated-snapshot	NOT_ASSESSED_BY_FILE_DELTA
PATIENT_MOBILE	babel.config.js	PATIENT_MOBILE	SAME_CONTENT	52198d6a01f6e9638726bbe3325449cb24f5df9f129fb2d4dbd4138e5dcabeb3	52198d6a01f6e9638726bbe3325449cb24f5df9f129fb2d4dbd4138e5dcabeb3	source-directory-byte-hash-unrelated-snapshot	NOT_ASSESSED_BY_FILE_DELTA
PATIENT_MOBILE	docker-compose.yml	PATIENT_MOBILE	SAME_CONTENT	ba01b9639b87d1a3bc780d0bb1e53527d6328d2cd861580d83637af5fe82935a	ba01b9639b87d1a3bc780d0bb1e53527d6328d2cd861580d83637af5fe82935a	source-directory-byte-hash-unrelated-snapshot	NOT_ASSESSED_BY_FILE_DELTA
PATIENT_MOBILE	docs/AUTHENTICATION.md	PATIENT_MOBILE	BASELINE_ONLY	5680b13fbe154cafde408487229d3392cde76f7f1458a35a67474a5fdb6351ac		source-directory-byte-hash-unrelated-snapshot	NOT_ASSESSED_BY_FILE_DELTA
PATIENT_MOBILE	docs/CHANGELOG.md	PATIENT_MOBILE	BASELINE_ONLY	92699c5465a3b7838318eabe9a576aeecde8fe3b4db2b4bd88c7cc55d7d51f88		source-directory-byte-hash-unrelated-snapshot	NOT_ASSESSED_BY_FILE_DELTA
PATIENT_MOBILE	docs/CODING_STANDARDS.md	PATIENT_MOBILE	BASELINE_ONLY	64b40270ac556866715dce7228adbb3ff9739c7105a173b27963afa40de55003		source-directory-byte-hash-unrelated-snapshot	NOT_ASSESSED_BY_FILE_DELTA
PATIENT_MOBILE	docs/CONFIGURATION_GUIDE.md	PATIENT_MOBILE	BASELINE_ONLY	80caadfb1f233d47322f2e1c8f1c4575deae5c7a7b935bf28014095faac47c16		source-directory-byte-hash-unrelated-snapshot	NOT_ASSESSED_BY_FILE_DELTA
PATIENT_MOBILE	docs/DATABASE_ARCHITECTURE.md	PATIENT_MOBILE	BASELINE_ONLY	d041aab606e115856862fcac3c1745086d31cbd5a66d0aed2cc054ef1164e6b5		source-directory-byte-hash-unrelated-snapshot	NOT_ASSESSED_BY_FILE_DELTA
PATIENT_MOBILE	docs/DATABASE_SCHEMA.md	PATIENT_MOBILE	BASELINE_ONLY	e3b0c44298fc1c149afbf4c8996fb92427ae41e4649b934ca495991b7852b855		source-directory-byte-hash-unrelated-snapshot	NOT_ASSESSED_BY_FILE_DELTA
PATIENT_MOBILE	docs/DATA_FLOW.md	PATIENT_MOBILE	BASELINE_ONLY	e3b0c44298fc1c149afbf4c8996fb92427ae41e4649b934ca495991b7852b855		source-directory-byte-hash-unrelated-snapshot	NOT_ASSESSED_BY_FILE_DELTA
PATIENT_MOBILE	docs/DECISIONS.md	PATIENT_MOBILE	BASELINE_ONLY	7e0ddf2138e0776bf01fc85f6685bd94c4bcb82fea3ddbb1a58c94d67b681edc		source-directory-byte-hash-unrelated-snapshot	NOT_ASSESSED_BY_FILE_DELTA
PATIENT_MOBILE	docs/DEVELOPER_GUIDE.md	PATIENT_MOBILE	BASELINE_ONLY	59c81d1ad4cff7b52d0f097d6535797d84729bfa0846deb7e6a89196a76668be		source-directory-byte-hash-unrelated-snapshot	NOT_ASSESSED_BY_FILE_DELTA
PATIENT_MOBILE	docs/FUTURE_ROADMAP.md	PATIENT_MOBILE	BASELINE_ONLY	76083856b79e78e2e7932529d1b61dd793870e772855cc263db499f46820d435		source-directory-byte-hash-unrelated-snapshot	NOT_ASSESSED_BY_FILE_DELTA
PATIENT_MOBILE	docs/KNOWN_LIMITATIONS.md	PATIENT_MOBILE	BASELINE_ONLY	05421cc820565498efb39f9644b7d4ef332651a59e453f6fac3b2c48764f4075		source-directory-byte-hash-unrelated-snapshot	NOT_ASSESSED_BY_FILE_DELTA
PATIENT_MOBILE	docs/OFFLINE_SYNC_FLOW.md	PATIENT_MOBILE	BASELINE_ONLY	e3b0c44298fc1c149afbf4c8996fb92427ae41e4649b934ca495991b7852b855		source-directory-byte-hash-unrelated-snapshot	NOT_ASSESSED_BY_FILE_DELTA
PATIENT_MOBILE	docs/PHASE_1A.md	PATIENT_MOBILE	BASELINE_ONLY	51342f0b9b31666295737f99ef74c25e72d5020d66c46dcfbfdb769744bba84a		source-directory-byte-hash-unrelated-snapshot	NOT_ASSESSED_BY_FILE_DELTA
PATIENT_MOBILE	docs/PHASE_1A_COMPLETION_REPORT.md	PATIENT_MOBILE	BASELINE_ONLY	3f1ca4f2009eeec4adbd9e37c1c29fd73908540ef6ba7ffb3d2982aeb4b26f8a		source-directory-byte-hash-unrelated-snapshot	NOT_ASSESSED_BY_FILE_DELTA
PATIENT_MOBILE	docs/PHASE_1A_VALIDATION_REPORT.md	PATIENT_MOBILE	BASELINE_ONLY	f88d549201b021dd2f265d28c0895201fbed6ed46a55b12f06273153368524c6		source-directory-byte-hash-unrelated-snapshot	NOT_ASSESSED_BY_FILE_DELTA
PATIENT_MOBILE	docs/PHASE_1B.md	PATIENT_MOBILE	BASELINE_ONLY	5edaff8442f665f02ca0bf20d682d536a7d7aaa420b74938df52f5f699ced50a		source-directory-byte-hash-unrelated-snapshot	NOT_ASSESSED_BY_FILE_DELTA
PATIENT_MOBILE	docs/PHASE_1B_PLAN.md	PATIENT_MOBILE	BASELINE_ONLY	be943821b7369d2466efc1526deaff7c71d47187e3c8ce77242e8dab557b4d61		source-directory-byte-hash-unrelated-snapshot	NOT_ASSESSED_BY_FILE_DELTA
PATIENT_MOBILE	docs/PHASE_1C.md	PATIENT_MOBILE	BASELINE_ONLY	e3a5f58ebf9b8be693d712f4f7320bfaa54c1707ab94d5bf2248646a77db1075		source-directory-byte-hash-unrelated-snapshot	NOT_ASSESSED_BY_FILE_DELTA
PATIENT_MOBILE	docs/PHASE_1C_A_FINAL_REPORT.md	PATIENT_MOBILE	BASELINE_ONLY	8877a1e2110b688395638810f062b0f2651cec48e95d78b2c900f83e4971a2db		source-directory-byte-hash-unrelated-snapshot	NOT_ASSESSED_BY_FILE_DELTA
PATIENT_MOBILE	docs/PHASE_1C_A_REPORT.md	PATIENT_MOBILE	BASELINE_ONLY	a4ada6057bb9659bd9af87d86fac304c8ca4a773196597dc72f1f915f9915b6f		source-directory-byte-hash-unrelated-snapshot	NOT_ASSESSED_BY_FILE_DELTA
PATIENT_MOBILE	docs/PHASE_2.md	PATIENT_MOBILE	BASELINE_ONLY	3939628e4e3b897667b6e8f2777542b50a80afe1563901dda98250850fc6bc07		source-directory-byte-hash-unrelated-snapshot	NOT_ASSESSED_BY_FILE_DELTA
PATIENT_MOBILE	docs/PHASE_3.md	PATIENT_MOBILE	BASELINE_ONLY	2035f3f8388ce534f73949b9efc98435ebe29ed273d0c632793afbdc0be8152f		source-directory-byte-hash-unrelated-snapshot	NOT_ASSESSED_BY_FILE_DELTA
PATIENT_MOBILE	docs/PROJECT_CONSTITUTION.md	PATIENT_MOBILE	BASELINE_ONLY	9c0011cae809c10c42a4363f72e03e7a6578d755bd57d7acd28adbe063b18ea0		source-directory-byte-hash-unrelated-snapshot	NOT_ASSESSED_BY_FILE_DELTA
PATIENT_MOBILE	docs/README.md	PATIENT_MOBILE	BASELINE_ONLY	563e7b80717407689ea7ccc7c729aa1710025b46dc5b1991be002b32144e14c3		source-directory-byte-hash-unrelated-snapshot	NOT_ASSESSED_BY_FILE_DELTA
PATIENT_MOBILE	docs/RECOVERY_GUIDE.md	PATIENT_MOBILE	BASELINE_ONLY	e3b0c44298fc1c149afbf4c8996fb92427ae41e4649b934ca495991b7852b855		source-directory-byte-hash-unrelated-snapshot	NOT_ASSESSED_BY_FILE_DELTA
PATIENT_MOBILE	docs/REPOSITORY_GUIDE.md	PATIENT_MOBILE	BASELINE_ONLY	40423f7d284fb01664064df1bdca66af6e59affb2ca850fabc7b4fc1394a4f0c		source-directory-byte-hash-unrelated-snapshot	NOT_ASSESSED_BY_FILE_DELTA
PATIENT_MOBILE	docs/SECURITY.md	PATIENT_MOBILE	BASELINE_ONLY	3e3dce0894e93ac8825907013f3190789dd48f4e06220cdf5108828dce5beefe		source-directory-byte-hash-unrelated-snapshot	NOT_ASSESSED_BY_FILE_DELTA
PATIENT_MOBILE	docs/STORE_ARCHITECTURE.md	PATIENT_MOBILE	BASELINE_ONLY	37312d944089faef0be48492efcab105f570a786b3f8ff656e5efb9fde9d1ec6		source-directory-byte-hash-unrelated-snapshot	NOT_ASSESSED_BY_FILE_DELTA
PATIENT_MOBILE	docs/SYNC_ENGINE.md	PATIENT_MOBILE	BASELINE_ONLY	e3b0c44298fc1c149afbf4c8996fb92427ae41e4649b934ca495991b7852b855		source-directory-byte-hash-unrelated-snapshot	NOT_ASSESSED_BY_FILE_DELTA
PATIENT_MOBILE	e2e/firstTest.e2e.js	PATIENT_MOBILE	SAME_CONTENT	e5aacf3efa52fe1c56741eafde448dc3bfaf2e3f8f3a821b480a72dcb1d52129	e5aacf3efa52fe1c56741eafde448dc3bfaf2e3f8f3a821b480a72dcb1d52129	source-directory-byte-hash-unrelated-snapshot	NOT_ASSESSED_BY_FILE_DELTA
PATIENT_MOBILE	e2e/jest.config.js	PATIENT_MOBILE	SAME_CONTENT	44247be01aa50dc4f7d69cd4139a497ad33913ebb26c86d89a04954d342174c8	44247be01aa50dc4f7d69cd4139a497ad33913ebb26c86d89a04954d342174c8	source-directory-byte-hash-unrelated-snapshot	NOT_ASSESSED_BY_FILE_DELTA
PATIENT_MOBILE	eas.json	PATIENT_MOBILE	SAME_CONTENT	0851db62ba80a96c80c3aa4dc7908668d1ceb9738a21683bf3f482c9d6642320	0851db62ba80a96c80c3aa4dc7908668d1ceb9738a21683bf3f482c9d6642320	source-directory-byte-hash-unrelated-snapshot	NOT_ASSESSED_BY_FILE_DELTA
PATIENT_MOBILE	eslint.config.js	PATIENT_MOBILE	SAME_CONTENT	6ea734f0e3f5b7c3c5720b3c467695516b14935724a78386b8534abc2959da12	6ea734f0e3f5b7c3c5720b3c467695516b14935724a78386b8534abc2959da12	source-directory-byte-hash-unrelated-snapshot	NOT_ASSESSED_BY_FILE_DELTA
PATIENT_MOBILE	google-services.json	PATIENT_MOBILE	BASELINE_ONLY	ea2baa5de1def95c7ccf94bd22e473a2ba81cb48f48750a7679b2a1664a97ec7		source-directory-byte-hash-unrelated-snapshot	NOT_ASSESSED_BY_FILE_DELTA
PATIENT_MOBILE	jest.config.js	PATIENT_MOBILE	SAME_CONTENT	49caf8bc82dd50b07366bbf06ca86faaf0b3d70db596929bffb0b964ac6a6ef1	49caf8bc82dd50b07366bbf06ca86faaf0b3d70db596929bffb0b964ac6a6ef1	source-directory-byte-hash-unrelated-snapshot	NOT_ASSESSED_BY_FILE_DELTA
PATIENT_MOBILE	metro.config.js	PATIENT_MOBILE	SAME_CONTENT	ae93e256280600d3e1c87242f247a8d6d65e61e25d9d9c017cd7cdc9d0d47502	ae93e256280600d3e1c87242f247a8d6d65e61e25d9d9c017cd7cdc9d0d47502	source-directory-byte-hash-unrelated-snapshot	NOT_ASSESSED_BY_FILE_DELTA
PATIENT_MOBILE	package-lock.json	PATIENT_MOBILE	SAME_CONTENT	b09fa6041a478d2f37f13b89a20ac71eedc89604b3bdb4d8dbb9dd1947d5911c	b09fa6041a478d2f37f13b89a20ac71eedc89604b3bdb4d8dbb9dd1947d5911c	source-directory-byte-hash-unrelated-snapshot	NOT_ASSESSED_BY_FILE_DELTA
PATIENT_MOBILE	package.json	PATIENT_MOBILE	SAME_CONTENT	e52b8f6bcce400bee37ef689a664a0a8b956c4bd2a414054dc2e151661ec2d4d	e52b8f6bcce400bee37ef689a664a0a8b956c4bd2a414054dc2e151661ec2d4d	source-directory-byte-hash-unrelated-snapshot	NOT_ASSESSED_BY_FILE_DELTA
PATIENT_MOBILE	public/llms.txt	PATIENT_MOBILE	SAME_CONTENT	1e9388326344634aff2595554cfeb4b9ea359a5642b11c9e32c922d6914eac1c	1e9388326344634aff2595554cfeb4b9ea359a5642b11c9e32c922d6914eac1c	source-directory-byte-hash-unrelated-snapshot	NOT_ASSESSED_BY_FILE_DELTA
PATIENT_MOBILE	public/robots.txt	PATIENT_MOBILE	SAME_CONTENT	3660cc53a5a85414ca5ce9a427ac109ac9f926d30d6a9c5e8f11d77b5a95527f	3660cc53a5a85414ca5ce9a427ac109ac9f926d30d6a9c5e8f11d77b5a95527f	source-directory-byte-hash-unrelated-snapshot	NOT_ASSESSED_BY_FILE_DELTA
PATIENT_MOBILE	public/sitemap.xml	PATIENT_MOBILE	SAME_CONTENT	5483f781fe405607e8df3d8103b15b3ea80ad7f59716502972bfb22ff8a9d1a2	5483f781fe405607e8df3d8103b15b3ea80ad7f59716502972bfb22ff8a9d1a2	source-directory-byte-hash-unrelated-snapshot	NOT_ASSESSED_BY_FILE_DELTA
PATIENT_MOBILE	scripts/ci-e2e.sh	PATIENT_MOBILE	SAME_CONTENT	05ee9e122167b3ca8119c0ca10933d5aa38560e33e74b6ddba94558c5bde38d7	05ee9e122167b3ca8119c0ca10933d5aa38560e33e74b6ddba94558c5bde38d7	source-directory-byte-hash-unrelated-snapshot	NOT_ASSESSED_BY_FILE_DELTA
PATIENT_MOBILE	src/__tests__/auth/AccountLockoutService.test.ts	TEST_OR_E2E	SAME_CONTENT	9427b915b2a53aee6437731fc89a6f7381d6c19d9d505833af0be591304e78d2	9427b915b2a53aee6437731fc89a6f7381d6c19d9d505833af0be591304e78d2	source-directory-byte-hash-unrelated-snapshot	NOT_ASSESSED_BY_FILE_DELTA
PATIENT_MOBILE	src/__tests__/auth/PasswordPolicyService.test.ts	TEST_OR_E2E	SAME_CONTENT	c6f91e8bd10244cf0b1a6264dac7e87a5746f40249458f67ae3d2b766aa3dc04	c6f91e8bd10244cf0b1a6264dac7e87a5746f40249458f67ae3d2b766aa3dc04	source-directory-byte-hash-unrelated-snapshot	NOT_ASSESSED_BY_FILE_DELTA
PATIENT_MOBILE	src/__tests__/auth/SessionManager.test.ts	TEST_OR_E2E	SAME_CONTENT	55743efcf677eb7e07f1886db09b71e4600f95e8968e1437ffcc94a30d8d4ce1	55743efcf677eb7e07f1886db09b71e4600f95e8968e1437ffcc94a30d8d4ce1	source-directory-byte-hash-unrelated-snapshot	NOT_ASSESSED_BY_FILE_DELTA
PATIENT_MOBILE	src/__tests__/mocks/MockDataSources.ts	TEST_OR_E2E	SAME_CONTENT	5c6f9f3332c7e5f607c78bebcfd77accb75ae894256111e1b02cf13ba6fcbf58	5c6f9f3332c7e5f607c78bebcfd77accb75ae894256111e1b02cf13ba6fcbf58	source-directory-byte-hash-unrelated-snapshot	NOT_ASSESSED_BY_FILE_DELTA
PATIENT_MOBILE	src/__tests__/utils/testUtils.ts	TEST_OR_E2E	SAME_CONTENT	3afd364633ff7499c1e5f0c0059b5a484479f3aee58a4479fd4eb304dea20908	3afd364633ff7499c1e5f0c0059b5a484479f3aee58a4479fd4eb304dea20908	source-directory-byte-hash-unrelated-snapshot	NOT_ASSESSED_BY_FILE_DELTA
PATIENT_MOBILE	src/components/BodyMap3D.tsx	PATIENT_MOBILE	SAME_CONTENT	96c09d84e4ebf976c29d3b82e681c960a26080befcc3f8b5cf38cbc2ec0e2f04	96c09d84e4ebf976c29d3b82e681c960a26080befcc3f8b5cf38cbc2ec0e2f04	source-directory-byte-hash-unrelated-snapshot	NOT_ASSESSED_BY_FILE_DELTA
PATIENT_MOBILE	src/components/BottomNavBar.tsx	PATIENT_MOBILE	SAME_CONTENT	af48ca5d99e729816ceba7e61cfe90a44f81127639b9d0495f899ef7de2d2398	af48ca5d99e729816ceba7e61cfe90a44f81127639b9d0495f899ef7de2d2398	source-directory-byte-hash-unrelated-snapshot	NOT_ASSESSED_BY_FILE_DELTA
PATIENT_MOBILE	src/components/Header.tsx	PATIENT_MOBILE	SAME_CONTENT	7fa84355053d44be077ea9db11aae9cc763b07c798d244fac23502c9c81199ef	7fa84355053d44be077ea9db11aae9cc763b07c798d244fac23502c9c81199ef	source-directory-byte-hash-unrelated-snapshot	NOT_ASSESSED_BY_FILE_DELTA
PATIENT_MOBILE	src/components/HeartbeatLogo.tsx	PATIENT_MOBILE	SAME_CONTENT	25522d8ecae994d8bf6ee2b72bd877c1c42bb4ffd31cb15abd96884539089831	25522d8ecae994d8bf6ee2b72bd877c1c42bb4ffd31cb15abd96884539089831	source-directory-byte-hash-unrelated-snapshot	NOT_ASSESSED_BY_FILE_DELTA
PATIENT_MOBILE	src/components/Icon.tsx	PATIENT_MOBILE	SAME_CONTENT	d65396255f099de87336379c418b910bac4cc3adab75f8e5c65a567ed11c4a60	d65396255f099de87336379c418b910bac4cc3adab75f8e5c65a567ed11c4a60	source-directory-byte-hash-unrelated-snapshot	NOT_ASSESSED_BY_FILE_DELTA
PATIENT_MOBILE	src/components/LocalizedAlert.ts	PATIENT_MOBILE	SAME_CONTENT	7c68bca0549af320f09de34eaa9da1ad9b6a672e98e547b3fbce4ddfbf4a8b9e	7c68bca0549af320f09de34eaa9da1ad9b6a672e98e547b3fbce4ddfbf4a8b9e	source-directory-byte-hash-unrelated-snapshot	NOT_ASSESSED_BY_FILE_DELTA
PATIENT_MOBILE	src/components/LocalizedText.tsx	PATIENT_MOBILE	SAME_CONTENT	789936414a36a59debe6b279f37db637775e66d54fdadfafb3ba3b92f75d0260	789936414a36a59debe6b279f37db637775e66d54fdadfafb3ba3b92f75d0260	source-directory-byte-hash-unrelated-snapshot	NOT_ASSESSED_BY_FILE_DELTA
PATIENT_MOBILE	src/components/MapPrimitives.native.tsx	PATIENT_MOBILE	SAME_CONTENT	36e452979d932071e6226e082b2b9d8e55721e5d6a1db593001064d977ff5f33	36e452979d932071e6226e082b2b9d8e55721e5d6a1db593001064d977ff5f33	source-directory-byte-hash-unrelated-snapshot	NOT_ASSESSED_BY_FILE_DELTA
PATIENT_MOBILE	src/components/MapPrimitives.web.tsx	PATIENT_MOBILE	SAME_CONTENT	09d03b25f69d8ff6c57da5b62ff389df9dea56f144a6db73eb1ffd83599658c9	09d03b25f69d8ff6c57da5b62ff389df9dea56f144a6db73eb1ffd83599658c9	source-directory-byte-hash-unrelated-snapshot	NOT_ASSESSED_BY_FILE_DELTA
PATIENT_MOBILE	src/components/NabdahLogo.tsx	PATIENT_MOBILE	SAME_CONTENT	f858ac05f33c3c4d35cd2012d55f444a1e80c12064dc41e2f8a8ce91c72deb96	f858ac05f33c3c4d35cd2012d55f444a1e80c12064dc41e2f8a8ce91c72deb96	source-directory-byte-hash-unrelated-snapshot	NOT_ASSESSED_BY_FILE_DELTA
PATIENT_MOBILE	src/components/NotificationHandler.tsx	PATIENT_MOBILE	SAME_CONTENT	a0134cfc29c2cc0b5a93a285876a5f2e6e86f5e09fd9d5c7ee59248da9553256	a0134cfc29c2cc0b5a93a285876a5f2e6e86f5e09fd9d5c7ee59248da9553256	source-directory-byte-hash-unrelated-snapshot	NOT_ASSESSED_BY_FILE_DELTA
PATIENT_MOBILE	src/components/OfflineBanner.tsx	PATIENT_MOBILE	SAME_CONTENT	6cb19b221d886adce5a9ad6aba5cf165d8dbe7cda807f20a43b163c846eba1c9	6cb19b221d886adce5a9ad6aba5cf165d8dbe7cda807f20a43b163c846eba1c9	source-directory-byte-hash-unrelated-snapshot	NOT_ASSESSED_BY_FILE_DELTA
PATIENT_MOBILE	src/components/ProductImage.tsx	PATIENT_MOBILE	SAME_CONTENT	77bc0bb06f1fe386b0bc99fb7d08f5f0b3766e709a5d26bb669992c2a5b93dd4	77bc0bb06f1fe386b0bc99fb7d08f5f0b3766e709a5d26bb669992c2a5b93dd4	source-directory-byte-hash-unrelated-snapshot	NOT_ASSESSED_BY_FILE_DELTA
PATIENT_MOBILE	src/components/RotatingCardImage.tsx	PATIENT_MOBILE	SAME_CONTENT	0faa6abb2579e526036da41b37e4ffd786737f6895752c3f8e931cf0da3313ee	0faa6abb2579e526036da41b37e4ffd786737f6895752c3f8e931cf0da3313ee	source-directory-byte-hash-unrelated-snapshot	NOT_ASSESSED_BY_FILE_DELTA
PATIENT_MOBILE	src/components/ScreenStates.tsx	PATIENT_MOBILE	SAME_CONTENT	310b06ce9b5faa89469ddf36bb3e9d2f1e2edd98b7d53502dd783ade789ba808	310b06ce9b5faa89469ddf36bb3e9d2f1e2edd98b7d53502dd783ade789ba808	source-directory-byte-hash-unrelated-snapshot	NOT_ASSESSED_BY_FILE_DELTA
PATIENT_MOBILE	src/components/__tests__/bottomNavLocale.test.ts	TEST_OR_E2E	SAME_CONTENT	6c06ffceb5d8b588045bf67fe825034c73b996373e80cd0c9f6fd71ac92c5872	6c06ffceb5d8b588045bf67fe825034c73b996373e80cd0c9f6fd71ac92c5872	source-directory-byte-hash-unrelated-snapshot	NOT_ASSESSED_BY_FILE_DELTA
PATIENT_MOBILE	src/components/__tests__/ui-accessibility.test.ts	TEST_OR_E2E	SAME_CONTENT	d4e7b64c575e7f7a3e6794bb788f9e7cdff6e17de2b234f63cc8d6dfcbbf9af0	d4e7b64c575e7f7a3e6794bb788f9e7cdff6e17de2b234f63cc8d6dfcbbf9af0	source-directory-byte-hash-unrelated-snapshot	NOT_ASSESSED_BY_FILE_DELTA
PATIENT_MOBILE	src/components/animations.tsx	PATIENT_MOBILE	SAME_CONTENT	f7f6f0fd4d0faadcf8291ca5a73331944acdea24b46ba8f85fcbe46bb6053f53	f7f6f0fd4d0faadcf8291ca5a73331944acdea24b46ba8f85fcbe46bb6053f53	source-directory-byte-hash-unrelated-snapshot	NOT_ASSESSED_BY_FILE_DELTA
PATIENT_MOBILE	src/components/bottomNavLocale.ts	PATIENT_MOBILE	SAME_CONTENT	fab596b0ca00e96443127ab47c91a03c0c551ec89dece7f2d7194736d01d6b7b	fab596b0ca00e96443127ab47c91a03c0c551ec89dece7f2d7194736d01d6b7b	source-directory-byte-hash-unrelated-snapshot	NOT_ASSESSED_BY_FILE_DELTA
PATIENT_MOBILE	src/components/livekit-view.tsx	PATIENT_MOBILE	SAME_CONTENT	2d7d42ccbb7f55af991f4ce834f181ca9b30787487e70d845d359b339d470acc	2d7d42ccbb7f55af991f4ce834f181ca9b30787487e70d845d359b339d470acc	source-directory-byte-hash-unrelated-snapshot	NOT_ASSESSED_BY_FILE_DELTA
PATIENT_MOBILE	src/components/ui.tsx	PATIENT_MOBILE	SAME_CONTENT	3af22e58dc1ae29c96b42fd7bfe1751208bfa946a6d58aeb8787520e8e5f52b8	3af22e58dc1ae29c96b42fd7bfe1751208bfa946a6d58aeb8787520e8e5f52b8	source-directory-byte-hash-unrelated-snapshot	NOT_ASSESSED_BY_FILE_DELTA
PATIENT_MOBILE	src/config/chatSecurity.ts	PATIENT_MOBILE	SAME_CONTENT	d917d679a39c6338352adaca55c9d68a768f0e4c8761277ef90e80c53b952787	d917d679a39c6338352adaca55c9d68a768f0e4c8761277ef90e80c53b952787	source-directory-byte-hash-unrelated-snapshot	NOT_ASSESSED_BY_FILE_DELTA
PATIENT_MOBILE	src/config/deepLinks.ts	PATIENT_MOBILE	MODIFIED	a4b83ba3c176dbd232c9ca29a3f830b64297e2f9682a1cd77a4031e55f52e362	037bc3166fa96bba7f0762a4020121997606175233607237aedc84e86b50844a	source-directory-byte-hash-unrelated-snapshot	NOT_ASSESSED_BY_FILE_DELTA
PATIENT_MOBILE	src/config/seo.ts	PATIENT_MOBILE	SAME_CONTENT	96c6a44788b9372305d990d557deb74a7086d8ee8e5bb83e326d2295f5ba1ecf	96c6a44788b9372305d990d557deb74a7086d8ee8e5bb83e326d2295f5ba1ecf	source-directory-byte-hash-unrelated-snapshot	NOT_ASSESSED_BY_FILE_DELTA
PATIENT_MOBILE	src/constants/index.ts	PATIENT_MOBILE	SAME_CONTENT	6d24960799f3542110f9c350d9cb1b37a132c8c07a9fba6bce017abfc29b3ba0	6d24960799f3542110f9c350d9cb1b37a132c8c07a9fba6bce017abfc29b3ba0	source-directory-byte-hash-unrelated-snapshot	NOT_ASSESSED_BY_FILE_DELTA
PATIENT_MOBILE	src/constants/specialties.ts	PATIENT_MOBILE	SAME_CONTENT	7816414d7db3b05526fb1f9468b40c4f2e32f60bf01f1da97c73eac47aaf4374	7816414d7db3b05526fb1f9468b40c4f2e32f60bf01f1da97c73eac47aaf4374	source-directory-byte-hash-unrelated-snapshot	NOT_ASSESSED_BY_FILE_DELTA
PATIENT_MOBILE	src/context/AppContext.tsx	PATIENT_MOBILE	SAME_CONTENT	2ea646c4c009a2736244c00dc901b0cccdd97e59cbf7c84228d4d53797735c1e	2ea646c4c009a2736244c00dc901b0cccdd97e59cbf7c84228d4d53797735c1e	source-directory-byte-hash-unrelated-snapshot	NOT_ASSESSED_BY_FILE_DELTA
PATIENT_MOBILE	src/context/CartContext.tsx	PATIENT_MOBILE	SAME_CONTENT	fe25d508eecb5532cc8410072b56abe3b5ca07571a596f1f5e6af2f2c3f12b59	fe25d508eecb5532cc8410072b56abe3b5ca07571a596f1f5e6af2f2c3f12b59	source-directory-byte-hash-unrelated-snapshot	NOT_ASSESSED_BY_FILE_DELTA
PATIENT_MOBILE	src/context/ConsultationsContext.tsx	PATIENT_MOBILE	SAME_CONTENT	00edc5e621e87da0926dc77fb8d0d4502b18bf951e4848767c20819c0f239f9b	00edc5e621e87da0926dc77fb8d0d4502b18bf951e4848767c20819c0f239f9b	source-directory-byte-hash-unrelated-snapshot	NOT_ASSESSED_BY_FILE_DELTA
PATIENT_MOBILE	src/context/DiagnosticsCartContext.tsx	PATIENT_MOBILE	SAME_CONTENT	4f1cec9e1680dc302805d1ea4be83a397587bf553bd73610ec86c79abbf886df	4f1cec9e1680dc302805d1ea4be83a397587bf553bd73610ec86c79abbf886df	source-directory-byte-hash-unrelated-snapshot	NOT_ASSESSED_BY_FILE_DELTA
PATIENT_MOBILE	src/context/SocketContext.tsx	PATIENT_MOBILE	SAME_CONTENT	2853fe908eafc79610af4ee3607e8ad0f75987c8ac63d553e9cd4942955248b3	2853fe908eafc79610af4ee3607e8ad0f75987c8ac63d553e9cd4942955248b3	source-directory-byte-hash-unrelated-snapshot	NOT_ASSESSED_BY_FILE_DELTA
PATIENT_MOBILE	src/core/config/ConfigManager.ts	PATIENT_MOBILE	SAME_CONTENT	93c0d6529b2e8a890d9f8ff1ab80ae6277888f48bc16ceb2963512c681d70ac7	93c0d6529b2e8a890d9f8ff1ab80ae6277888f48bc16ceb2963512c681d70ac7	source-directory-byte-hash-unrelated-snapshot	NOT_ASSESSED_BY_FILE_DELTA
PATIENT_MOBILE	src/core/config/index.ts	PATIENT_MOBILE	SAME_CONTENT	7c39172529ed7df9da8fb94d17c2cec6a1108d829a65110d864c924e3bb131f5	7c39172529ed7df9da8fb94d17c2cec6a1108d829a65110d864c924e3bb131f5	source-directory-byte-hash-unrelated-snapshot	NOT_ASSESSED_BY_FILE_DELTA
PATIENT_MOBILE	src/core/data/AsyncStorageDataSource.ts	PATIENT_MOBILE	SAME_CONTENT	3260dca994aa33499603795cad2b2695f842c284b51ae0891aa3d27e8b377609	3260dca994aa33499603795cad2b2695f842c284b51ae0891aa3d27e8b377609	source-directory-byte-hash-unrelated-snapshot	NOT_ASSESSED_BY_FILE_DELTA
PATIENT_MOBILE	src/core/data/BaseRepository.ts	PATIENT_MOBILE	SAME_CONTENT	03e5deb2b127da9a490c5ab54bebe0dca59d5945b95d5710830706381c6deaf8	03e5deb2b127da9a490c5ab54bebe0dca59d5945b95d5710830706381c6deaf8	source-directory-byte-hash-unrelated-snapshot	NOT_ASSESSED_BY_FILE_DELTA
PATIENT_MOBILE	src/core/data/HttpRemoteDataSource.ts	PATIENT_MOBILE	SAME_CONTENT	9cbb53d2e6925755a4307a37ac122a3ba3c6dbbc8204728bd7fa02185d036523	9cbb53d2e6925755a4307a37ac122a3ba3c6dbbc8204728bd7fa02185d036523	source-directory-byte-hash-unrelated-snapshot	NOT_ASSESSED_BY_FILE_DELTA
PATIENT_MOBILE	src/core/data/IRepository.ts	PATIENT_MOBILE	SAME_CONTENT	f63e4bd523101748df4e551fb549d772a85c6ce5363baaedb1e379fa3a252fb2	f63e4bd523101748df4e551fb549d772a85c6ce5363baaedb1e379fa3a252fb2	source-directory-byte-hash-unrelated-snapshot	NOT_ASSESSED_BY_FILE_DELTA
PATIENT_MOBILE	src/core/data/Interfaces.ts	PATIENT_MOBILE	SAME_CONTENT	cf5418cbe918eb0fca70a90d513e6360c3b41f446db3eaba6bd8a1b891fef269	cf5418cbe918eb0fca70a90d513e6360c3b41f446db3eaba6bd8a1b891fef269	source-directory-byte-hash-unrelated-snapshot	NOT_ASSESSED_BY_FILE_DELTA
PATIENT_MOBILE	src/core/data/Repository.ts	PATIENT_MOBILE	SAME_CONTENT	bc2d65d04648050f34bdd976f924d5b159658964b3668f90a23e8da4711fc9c2	bc2d65d04648050f34bdd976f924d5b159658964b3668f90a23e8da4711fc9c2	source-directory-byte-hash-unrelated-snapshot	NOT_ASSESSED_BY_FILE_DELTA
PATIENT_MOBILE	src/core/data/UserRepository.ts	PATIENT_MOBILE	SAME_CONTENT	d86211278e4e9784657c9ab448642c6c58d399be3409360fad9e82690a063840	d86211278e4e9784657c9ab448642c6c58d399be3409360fad9e82690a063840	source-directory-byte-hash-unrelated-snapshot	NOT_ASSESSED_BY_FILE_DELTA
PATIENT_MOBILE	src/core/data/index.ts	PATIENT_MOBILE	SAME_CONTENT	655eb0c5c21d395874e3d134d1b706821e4f026f09035bda6f44cebe1e0f0617	655eb0c5c21d395874e3d134d1b706821e4f026f09035bda6f44cebe1e0f0617	source-directory-byte-hash-unrelated-snapshot	NOT_ASSESSED_BY_FILE_DELTA
PATIENT_MOBILE	src/core/di/Container.ts	PATIENT_MOBILE	SAME_CONTENT	0c79bc3bf92ffa5c45b72902f5c8b30c0570c62ece2ef9d62464a4cc5556fb63	0c79bc3bf92ffa5c45b72902f5c8b30c0570c62ece2ef9d62464a4cc5556fb63	source-directory-byte-hash-unrelated-snapshot	NOT_ASSESSED_BY_FILE_DELTA
PATIENT_MOBILE	src/core/domain/Result.ts	PATIENT_MOBILE	SAME_CONTENT	fab6229935207f01e48a8df57ea5c8de9dd73a189c0c71b47a37cad212939e58	fab6229935207f01e48a8df57ea5c8de9dd73a189c0c71b47a37cad212939e58	source-directory-byte-hash-unrelated-snapshot	NOT_ASSESSED_BY_FILE_DELTA
PATIENT_MOBILE	src/core/domain/dtos/index.ts	PATIENT_MOBILE	SAME_CONTENT	612db9a0d982a13a3ec31e4fdff2da763a786ac604f9a1bc2d24b1a6e18d8982	612db9a0d982a13a3ec31e4fdff2da763a786ac604f9a1bc2d24b1a6e18d8982	source-directory-byte-hash-unrelated-snapshot	NOT_ASSESSED_BY_FILE_DELTA
PATIENT_MOBILE	src/core/domain/entities/Clinical.ts	PATIENT_MOBILE	SAME_CONTENT	214653779f0536483be58dc1a19896240d16834c3ede77e7d899cdba35aaed41	214653779f0536483be58dc1a19896240d16834c3ede77e7d899cdba35aaed41	source-directory-byte-hash-unrelated-snapshot	NOT_ASSESSED_BY_FILE_DELTA
PATIENT_MOBILE	src/core/domain/entities/Commerce.ts	PATIENT_MOBILE	SAME_CONTENT	dd2a15058ad8dfedba673d5b38a75ddf61facda669333bb3ac5823098ea5c902	dd2a15058ad8dfedba673d5b38a75ddf61facda669333bb3ac5823098ea5c902	source-directory-byte-hash-unrelated-snapshot	NOT_ASSESSED_BY_FILE_DELTA
PATIENT_MOBILE	src/core/domain/entities/Users.ts	PATIENT_MOBILE	SAME_CONTENT	5f125bccbc2eb6aa0e7be583f671b6b918ece9820f4ea2a825a2fbd52d3dc2a3	5f125bccbc2eb6aa0e7be583f671b6b918ece9820f4ea2a825a2fbd52d3dc2a3	source-directory-byte-hash-unrelated-snapshot	NOT_ASSESSED_BY_FILE_DELTA
PATIENT_MOBILE	src/core/domain/entities/index.ts	PATIENT_MOBILE	SAME_CONTENT	c6df63e0b6a5ef9260d99e5a41973b8a64f91c65a952859fcc29308e2f187cc4	c6df63e0b6a5ef9260d99e5a41973b8a64f91c65a952859fcc29308e2f187cc4	source-directory-byte-hash-unrelated-snapshot	NOT_ASSESSED_BY_FILE_DELTA
PATIENT_MOBILE	src/core/domain/errors/index.ts	PATIENT_MOBILE	SAME_CONTENT	18254049e8ebee34cf1e49dff3918f3c003cea619008feaac9bfc93e3ae91aa9	18254049e8ebee34cf1e49dff3918f3c003cea619008feaac9bfc93e3ae91aa9	source-directory-byte-hash-unrelated-snapshot	NOT_ASSESSED_BY_FILE_DELTA
PATIENT_MOBILE	src/core/domain/mappers/BaseMapper.ts	PATIENT_MOBILE	SAME_CONTENT	d8af0bfe1658dd33508e78d3c1d4709f7efb2bc7cf193416fa4447032212c76e	d8af0bfe1658dd33508e78d3c1d4709f7efb2bc7cf193416fa4447032212c76e	source-directory-byte-hash-unrelated-snapshot	NOT_ASSESSED_BY_FILE_DELTA
PATIENT_MOBILE	src/core/domain/pagination/index.ts	PATIENT_MOBILE	SAME_CONTENT	a172b1e8eddcbe9966d329192d253f00a264e73fa387e0eb2eaeb44fb00736aa	a172b1e8eddcbe9966d329192d253f00a264e73fa387e0eb2eaeb44fb00736aa	source-directory-byte-hash-unrelated-snapshot	NOT_ASSESSED_BY_FILE_DELTA
PATIENT_MOBILE	src/core/domain/specifications/index.ts	PATIENT_MOBILE	SAME_CONTENT	8d6b2224afd5bc082a1bd8f74cbf4666541697a445ff87ad7eaeeba109af2de3	8d6b2224afd5bc082a1bd8f74cbf4666541697a445ff87ad7eaeeba109af2de3	source-directory-byte-hash-unrelated-snapshot	NOT_ASSESSED_BY_FILE_DELTA
PATIENT_MOBILE	src/core/domain/value-objects/index.ts	PATIENT_MOBILE	SAME_CONTENT	83fc0dd0c03ba027e8eef144468777757e5a097fa9c69042915b05b858cd6f6b	83fc0dd0c03ba027e8eef144468777757e5a097fa9c69042915b05b858cd6f6b	source-directory-byte-hash-unrelated-snapshot	NOT_ASSESSED_BY_FILE_DELTA
PATIENT_MOBILE	src/core/events/AuditManager.ts	PATIENT_MOBILE	SAME_CONTENT	3a3f343646e6cca632bdd38f0999ade8b9b53018118038f3af1d2e0ffd49015e	3a3f343646e6cca632bdd38f0999ade8b9b53018118038f3af1d2e0ffd49015e	source-directory-byte-hash-unrelated-snapshot	NOT_ASSESSED_BY_FILE_DELTA
PATIENT_MOBILE	src/core/events/EventBus.ts	PATIENT_MOBILE	SAME_CONTENT	99cf832ddcae38dc957da787f6a03093f5d46873a4f170fe8651c2e5c590874a	99cf832ddcae38dc957da787f6a03093f5d46873a4f170fe8651c2e5c590874a	source-directory-byte-hash-unrelated-snapshot	NOT_ASSESSED_BY_FILE_DELTA
PATIENT_MOBILE	src/core/platform/auth/AccountLockoutService.ts	PATIENT_MOBILE	SAME_CONTENT	6a502ff2e26567b70fca0cf3dc9bf5de0ab2c926890ff3d6dfd19775ed88b6de	6a502ff2e26567b70fca0cf3dc9bf5de0ab2c926890ff3d6dfd19775ed88b6de	source-directory-byte-hash-unrelated-snapshot	NOT_ASSESSED_BY_FILE_DELTA
PATIENT_MOBILE	src/core/platform/auth/AppLockService.ts	PATIENT_MOBILE	SAME_CONTENT	6a8e6758594ba4d1bd41cbdeaf15c52e8f92bac8aa69fb032e7b2cf5eee551c2	6a8e6758594ba4d1bd41cbdeaf15c52e8f92bac8aa69fb032e7b2cf5eee551c2	source-directory-byte-hash-unrelated-snapshot	NOT_ASSESSED_BY_FILE_DELTA
PATIENT_MOBILE	src/core/platform/auth/AuthAuditLogger.ts	PATIENT_MOBILE	SAME_CONTENT	d62e50f6791b2a182139cc0004ba6e00ca375263718e0e9fec60dbd40cfe38ce	d62e50f6791b2a182139cc0004ba6e00ca375263718e0e9fec60dbd40cfe38ce	source-directory-byte-hash-unrelated-snapshot	NOT_ASSESSED_BY_FILE_DELTA
PATIENT_MOBILE	src/core/platform/auth/AuthProviders.ts	PATIENT_MOBILE	SAME_CONTENT	520bd1a5712af6bcdf86f5b088592dd198d2311330d7656edccf16f2eb221229	520bd1a5712af6bcdf86f5b088592dd198d2311330d7656edccf16f2eb221229	source-directory-byte-hash-unrelated-snapshot	NOT_ASSESSED_BY_FILE_DELTA
PATIENT_MOBILE	src/core/platform/auth/AuthStateMachine.ts	PATIENT_MOBILE	SAME_CONTENT	296f40a1b17a5ab7db05b7c145f716c832dcdb4cbc25e1b575753866d3f0b646	296f40a1b17a5ab7db05b7c145f716c832dcdb4cbc25e1b575753866d3f0b646	source-directory-byte-hash-unrelated-snapshot	NOT_ASSESSED_BY_FILE_DELTA
PATIENT_MOBILE	src/core/platform/auth/BiometricService.ts	PATIENT_MOBILE	SAME_CONTENT	dc91a24d38207bc3302feb5541fd8fee32c6b1fb25ede3fbe99d5901260a41d8	dc91a24d38207bc3302feb5541fd8fee32c6b1fb25ede3fbe99d5901260a41d8	source-directory-byte-hash-unrelated-snapshot	NOT_ASSESSED_BY_FILE_DELTA
PATIENT_MOBILE	src/core/platform/auth/DeviceTracker.ts	PATIENT_MOBILE	SAME_CONTENT	86eb986a2678cbc01d614a1c32027fc5ec77e2ef6c29fc8f47b8b56f9c847422	86eb986a2678cbc01d614a1c32027fc5ec77e2ef6c29fc8f47b8b56f9c847422	source-directory-byte-hash-unrelated-snapshot	NOT_ASSESSED_BY_FILE_DELTA
PATIENT_MOBILE	src/core/platform/auth/PasswordPolicyService.ts	PATIENT_MOBILE	SAME_CONTENT	ee70f5be4ea4302690118e1343a4397bd31beb88f6abaf1ff1777cab9011905a	ee70f5be4ea4302690118e1343a4397bd31beb88f6abaf1ff1777cab9011905a	source-directory-byte-hash-unrelated-snapshot	NOT_ASSESSED_BY_FILE_DELTA
PATIENT_MOBILE	src/core/platform/auth/SecureStorageService.ts	PATIENT_MOBILE	SAME_CONTENT	46cc63e30f3564432c3bc5b0fed10f1f5a7179365d18c7f534810efaca0a9d3f	46cc63e30f3564432c3bc5b0fed10f1f5a7179365d18c7f534810efaca0a9d3f	source-directory-byte-hash-unrelated-snapshot	NOT_ASSESSED_BY_FILE_DELTA
PATIENT_MOBILE	src/core/platform/auth/SessionManager.ts	PATIENT_MOBILE	SAME_CONTENT	19aa77f627dd9157db9bc93210d9b0864e0da2159b38743d3ae3fe7032713bb3	19aa77f627dd9157db9bc93210d9b0864e0da2159b38743d3ae3fe7032713bb3	source-directory-byte-hash-unrelated-snapshot	NOT_ASSESSED_BY_FILE_DELTA
PATIENT_MOBILE	src/core/platform/business/FavoritesManager.ts	PATIENT_MOBILE	SAME_CONTENT	14855e3ac04256d04c3d89bbb0b551bd7dae913d0f6588be48dd32d55e87bb21	14855e3ac04256d04c3d89bbb0b551bd7dae913d0f6588be48dd32d55e87bb21	source-directory-byte-hash-unrelated-snapshot	NOT_ASSESSED_BY_FILE_DELTA
PATIENT_MOBILE	src/core/platform/business/LoyaltyManager.ts	PATIENT_MOBILE	SAME_CONTENT	7f5d765da85344d277382b6f0aa0262137d77f8a7cade51d77023e3e6ce5c430	7f5d765da85344d277382b6f0aa0262137d77f8a7cade51d77023e3e6ce5c430	source-directory-byte-hash-unrelated-snapshot	NOT_ASSESSED_BY_FILE_DELTA
PATIENT_MOBILE	src/core/platform/business/ReviewManager.ts	PATIENT_MOBILE	SAME_CONTENT	99255eda9dfe9f6feb53e8a3fc1841e684362f71d6cc5a8b3e7ef3884de2da73	99255eda9dfe9f6feb53e8a3fc1841e684362f71d6cc5a8b3e7ef3884de2da73	source-directory-byte-hash-unrelated-snapshot	NOT_ASSESSED_BY_FILE_DELTA
PATIENT_MOBILE	src/core/platform/cache/CacheManager.ts	PATIENT_MOBILE	SAME_CONTENT	98c3e811ee838503a44ae995055ccc4cda485686b0bf6e985ed31e18ff95cd6d	98c3e811ee838503a44ae995055ccc4cda485686b0bf6e985ed31e18ff95cd6d	source-directory-byte-hash-unrelated-snapshot	NOT_ASSESSED_BY_FILE_DELTA
PATIENT_MOBILE	src/core/platform/commerce/CartManager.ts	PATIENT_MOBILE	SAME_CONTENT	fd921a02d67794fe5c8aa40d08b93ffd38f8cfc90874775886d7620a4dba4e0f	fd921a02d67794fe5c8aa40d08b93ffd38f8cfc90874775886d7620a4dba4e0f	source-directory-byte-hash-unrelated-snapshot	NOT_ASSESSED_BY_FILE_DELTA
PATIENT_MOBILE	src/core/platform/communication/MessagingService.ts	PATIENT_MOBILE	SAME_CONTENT	6b04c736781276c7aef4c004e3c97b1e2e0233ea6143b57cd50edef6a7bf5d4e	6b04c736781276c7aef4c004e3c97b1e2e0233ea6143b57cd50edef6a7bf5d4e	source-directory-byte-hash-unrelated-snapshot	NOT_ASSESSED_BY_FILE_DELTA
PATIENT_MOBILE	src/core/platform/communication/NotificationCenterManager.ts	PATIENT_MOBILE	SAME_CONTENT	e6f3574f8371b1e9a0699bfa9ebe4223466489950ce1d7db8ad36558742beb47	e6f3574f8371b1e9a0699bfa9ebe4223466489950ce1d7db8ad36558742beb47	source-directory-byte-hash-unrelated-snapshot	NOT_ASSESSED_BY_FILE_DELTA
PATIENT_MOBILE	src/core/platform/id/IdGenerator.ts	PATIENT_MOBILE	SAME_CONTENT	2885064d94be3f9b438c848e2acb9fcf2708e67b0b1b5a34ff5699e3af7e7d53	2885064d94be3f9b438c848e2acb9fcf2708e67b0b1b5a34ff5699e3af7e7d53	source-directory-byte-hash-unrelated-snapshot	NOT_ASSESSED_BY_FILE_DELTA
PATIENT_MOBILE	src/core/platform/integration/Adapters.ts	PATIENT_MOBILE	SAME_CONTENT	b5f93b9b09cb6e66df40ebbd8cc3ee29bee777cf0d03db4b1d818c65ef4ce006	b5f93b9b09cb6e66df40ebbd8cc3ee29bee777cf0d03db4b1d818c65ef4ce006	source-directory-byte-hash-unrelated-snapshot	NOT_ASSESSED_BY_FILE_DELTA
PATIENT_MOBILE	src/core/platform/jobs/JobManager.ts	PATIENT_MOBILE	SAME_CONTENT	d5dc20dc8dd42e0df15654facd3b0e3844fb6517188417765383a2c36bcd0b01	d5dc20dc8dd42e0df15654facd3b0e3844fb6517188417765383a2c36bcd0b01	source-directory-byte-hash-unrelated-snapshot	NOT_ASSESSED_BY_FILE_DELTA
PATIENT_MOBILE	src/core/platform/location/LocationService.ts	PATIENT_MOBILE	SAME_CONTENT	5e9f1f0dcef0a8ba4b1c0e45bae4f23aae61ad5a20404cb08e62e86c6a60844f	5e9f1f0dcef0a8ba4b1c0e45bae4f23aae61ad5a20404cb08e62e86c6a60844f	source-directory-byte-hash-unrelated-snapshot	NOT_ASSESSED_BY_FILE_DELTA
PATIENT_MOBILE	src/core/platform/media/MediaManager.ts	PATIENT_MOBILE	SAME_CONTENT	e14a5b06fb8fc9aff6d95ecf3a5b6f512821d75de5a006591eedc7a17d476d92	e14a5b06fb8fc9aff6d95ecf3a5b6f512821d75de5a006591eedc7a17d476d92	source-directory-byte-hash-unrelated-snapshot	NOT_ASSESSED_BY_FILE_DELTA
PATIENT_MOBILE	src/core/platform/payment/PaymentProvider.ts	PATIENT_MOBILE	SAME_CONTENT	d441c148da41bdc1d479deac7c346987120d2ef5741ebfba6ae9b282ee8b6dfd	d441c148da41bdc1d479deac7c346987120d2ef5741ebfba6ae9b282ee8b6dfd	source-directory-byte-hash-unrelated-snapshot	NOT_ASSESSED_BY_FILE_DELTA
PATIENT_MOBILE	src/core/platform/realtime/RealtimeClient.ts	PATIENT_MOBILE	SAME_CONTENT	921b7efdcba0ebe0b4a68f9f9782a879ee279be15c095fada2aedf0192763254	921b7efdcba0ebe0b4a68f9f9782a879ee279be15c095fada2aedf0192763254	source-directory-byte-hash-unrelated-snapshot	NOT_ASSESSED_BY_FILE_DELTA
PATIENT_MOBILE	src/core/platform/scheduling/QueueEngine.ts	PATIENT_MOBILE	SAME_CONTENT	bd4a38c8f71459cb054f0bc5b8a6beddcffd8370be5533b975daf5321775fbbd	bd4a38c8f71459cb054f0bc5b8a6beddcffd8370be5533b975daf5321775fbbd	source-directory-byte-hash-unrelated-snapshot	NOT_ASSESSED_BY_FILE_DELTA
PATIENT_MOBILE	src/core/platform/scheduling/ScheduleManager.ts	PATIENT_MOBILE	SAME_CONTENT	2ecd9f50a5c4c78a333d99c8949e5a62fd099248e21e959aa5817866b32decd1	2ecd9f50a5c4c78a333d99c8949e5a62fd099248e21e959aa5817866b32decd1	source-directory-byte-hash-unrelated-snapshot	NOT_ASSESSED_BY_FILE_DELTA
PATIENT_MOBILE	src/core/platform/search/SearchEngine.ts	PATIENT_MOBILE	SAME_CONTENT	370e48686079a122679c2f7b32b5eae070ae1f9a8c8b0211a18e059400649c04	370e48686079a122679c2f7b32b5eae070ae1f9a8c8b0211a18e059400649c04	source-directory-byte-hash-unrelated-snapshot	NOT_ASSESSED_BY_FILE_DELTA
PATIENT_MOBILE	src/core/platform/time/TimeService.ts	PATIENT_MOBILE	SAME_CONTENT	535317f6cada8abfeac8b8a498d4c6f51d3484686bc5276d7236251c6d927468	535317f6cada8abfeac8b8a498d4c6f51d3484686bc5276d7236251c6d927468	source-directory-byte-hash-unrelated-snapshot	NOT_ASSESSED_BY_FILE_DELTA
PATIENT_MOBILE	src/core/platform/user/RoleManager.ts	PATIENT_MOBILE	SAME_CONTENT	d39b417812be8433fc53befbd0a56433e9920124202fc5ba8895431d831bc30f	d39b417812be8433fc53befbd0a56433e9920124202fc5ba8895431d831bc30f	source-directory-byte-hash-unrelated-snapshot	NOT_ASSESSED_BY_FILE_DELTA
PATIENT_MOBILE	src/core/platform/user/UserProfileService.ts	PATIENT_MOBILE	SAME_CONTENT	846699b1141edd90334ce8da4edd06d112ea7a2e65da7707ca1e12bbcd16374b	846699b1141edd90334ce8da4edd06d112ea7a2e65da7707ca1e12bbcd16374b	source-directory-byte-hash-unrelated-snapshot	NOT_ASSESSED_BY_FILE_DELTA
PATIENT_MOBILE	src/core/platform/user/index.ts	PATIENT_MOBILE	SAME_CONTENT	4e3c0667de8e6e459adaa9999061549aac4d14341ae8245bad6a4bed74d3a6b2	4e3c0667de8e6e459adaa9999061549aac4d14341ae8245bad6a4bed74d3a6b2	source-directory-byte-hash-unrelated-snapshot	NOT_ASSESSED_BY_FILE_DELTA
PATIENT_MOBILE	src/data/database/core/ConnectionPool.ts	PATIENT_MOBILE	SAME_CONTENT	13688fbbb63ac8139a9c8ac0ff8e71f13a5a608d971ff6e1cabfdf5554a9b452	13688fbbb63ac8139a9c8ac0ff8e71f13a5a608d971ff6e1cabfdf5554a9b452	source-directory-byte-hash-unrelated-snapshot	NOT_ASSESSED_BY_FILE_DELTA
PATIENT_MOBILE	src/data/database/core/DatabaseHealthChecker.ts	PATIENT_MOBILE	SAME_CONTENT	877fff3ec04932fb338769bcd99dba058d5ac64e15446598883eb35227b3d079	877fff3ec04932fb338769bcd99dba058d5ac64e15446598883eb35227b3d079	source-directory-byte-hash-unrelated-snapshot	NOT_ASSESSED_BY_FILE_DELTA
PATIENT_MOBILE	src/data/database/core/DatabaseManager.ts	PATIENT_MOBILE	SAME_CONTENT	ba88b820801e444a54888bc9ebf9578f1bf0c3895bf59e207f502ae71165b1f3	ba88b820801e444a54888bc9ebf9578f1bf0c3895bf59e207f502ae71165b1f3	source-directory-byte-hash-unrelated-snapshot	NOT_ASSESSED_BY_FILE_DELTA
PATIENT_MOBILE	src/data/database/core/DatabaseProvider.native.ts	PATIENT_MOBILE	SAME_CONTENT	4146b6a20a2a2498464bc5af10a3040e9869e8e1fa08139ddcce3b1671733f04	4146b6a20a2a2498464bc5af10a3040e9869e8e1fa08139ddcce3b1671733f04	source-directory-byte-hash-unrelated-snapshot	NOT_ASSESSED_BY_FILE_DELTA
PATIENT_MOBILE	src/data/database/core/DatabaseProvider.ts	PATIENT_MOBILE	SAME_CONTENT	16b5107ca5f1936aacfc208c75a5766de130f0c0204d096d0a272079159d8e4d	16b5107ca5f1936aacfc208c75a5766de130f0c0204d096d0a272079159d8e4d	source-directory-byte-hash-unrelated-snapshot	NOT_ASSESSED_BY_FILE_DELTA
PATIENT_MOBILE	src/data/database/core/DatabaseProvider.web.ts	PATIENT_MOBILE	SAME_CONTENT	21ae683711e7a96e915df2acfc9b699b8764c2085bbf1f77bb10363e397e810c	21ae683711e7a96e915df2acfc9b699b8764c2085bbf1f77bb10363e397e810c	source-directory-byte-hash-unrelated-snapshot	NOT_ASSESSED_BY_FILE_DELTA
PATIENT_MOBILE	src/data/database/core/TransactionManager.ts	PATIENT_MOBILE	SAME_CONTENT	caa4c179e23150dd76642b64c7ed9aceac16437b13139be25107a1e611a40d84	caa4c179e23150dd76642b64c7ed9aceac16437b13139be25107a1e611a40d84	source-directory-byte-hash-unrelated-snapshot	NOT_ASSESSED_BY_FILE_DELTA
PATIENT_MOBILE	src/data/database/drivers/IDatabaseDriver.ts	PATIENT_MOBILE	SAME_CONTENT	899a6f3649dd4e0cd676889e07de7a2648bb2087bb20f8c8ab8c12feb30fe7a9	899a6f3649dd4e0cd676889e07de7a2648bb2087bb20f8c8ab8c12feb30fe7a9	source-directory-byte-hash-unrelated-snapshot	NOT_ASSESSED_BY_FILE_DELTA
PATIENT_MOBILE	src/data/database/drivers/SQLiteDriver.ts	PATIENT_MOBILE	SAME_CONTENT	716f7d2cb03f454fc911c20da298b00e84a8fdf818c3e20023ef7227cd53fff3	716f7d2cb03f454fc911c20da298b00e84a8fdf818c3e20023ef7227cd53fff3	source-directory-byte-hash-unrelated-snapshot	NOT_ASSESSED_BY_FILE_DELTA
PATIENT_MOBILE	src/data/database/monitoring/DatabaseLogger.ts	PATIENT_MOBILE	SAME_CONTENT	89342d70906d015061c60eaca0f6ca4bd1e2eda6518b9054296828d706166db5	89342d70906d015061c60eaca0f6ca4bd1e2eda6518b9054296828d706166db5	source-directory-byte-hash-unrelated-snapshot	NOT_ASSESSED_BY_FILE_DELTA
PATIENT_MOBILE	src/data/database/monitoring/SyncLogger.ts	PATIENT_MOBILE	SAME_CONTENT	0956e0ecccce43f5c71d4c651d5cf3bfc4c59ab068fd46a33cdda7e2c61ba246	0956e0ecccce43f5c71d4c651d5cf3bfc4c59ab068fd46a33cdda7e2c61ba246	source-directory-byte-hash-unrelated-snapshot	NOT_ASSESSED_BY_FILE_DELTA
PATIENT_MOBILE	src/data/database/schema/MigrationRunner.ts	PATIENT_MOBILE	SAME_CONTENT	6a3c29aed51b2ebe62bf4a86989286623caaa28b1c340f977fcbaaf2cf752ecd	6a3c29aed51b2ebe62bf4a86989286623caaa28b1c340f977fcbaaf2cf752ecd	source-directory-byte-hash-unrelated-snapshot	NOT_ASSESSED_BY_FILE_DELTA
PATIENT_MOBILE	src/data/database/schema/indexes.ts	PATIENT_MOBILE	SAME_CONTENT	40cabab544dfff1ff01d57819b2920b2324e9c9b33f36f5520c26b072fdaad62	40cabab544dfff1ff01d57819b2920b2324e9c9b33f36f5520c26b072fdaad62	source-directory-byte-hash-unrelated-snapshot	NOT_ASSESSED_BY_FILE_DELTA
PATIENT_MOBILE	src/data/database/schema/tables.ts	PATIENT_MOBILE	SAME_CONTENT	c269987c1211ca2b9147e680f44e1ab4c3c0c2e1b311f36c975dcd4e5345454c	c269987c1211ca2b9147e680f44e1ab4c3c0c2e1b311f36c975dcd4e5345454c	source-directory-byte-hash-unrelated-snapshot	NOT_ASSESSED_BY_FILE_DELTA
PATIENT_MOBILE	src/data/mockData.js	PATIENT_MOBILE	SAME_CONTENT	aaf32a37539bf85e0a7d3f6d6e9aacb2753d9ff46698a10b5270002b1c1d6347	aaf32a37539bf85e0a7d3f6d6e9aacb2753d9ff46698a10b5270002b1c1d6347	source-directory-byte-hash-unrelated-snapshot	NOT_ASSESSED_BY_FILE_DELTA
PATIENT_MOBILE	src/data/repositories/RepositoryCoordinator.ts	PATIENT_MOBILE	SAME_CONTENT	c057eea6ee0e2d1dad9d510c84ccf2a451b412e5079a9f3b457ac07e959ddd42	c057eea6ee0e2d1dad9d510c84ccf2a451b412e5079a9f3b457ac07e959ddd42	source-directory-byte-hash-unrelated-snapshot	NOT_ASSESSED_BY_FILE_DELTA
PATIENT_MOBILE	src/data/repositories/RepositoryFactory.ts	PATIENT_MOBILE	SAME_CONTENT	e82400986165b9fd2dfde173f60b9840dedab319cbf1dfce9dd42c3ec37ca794	e82400986165b9fd2dfde173f60b9840dedab319cbf1dfce9dd42c3ec37ca794	source-directory-byte-hash-unrelated-snapshot	NOT_ASSESSED_BY_FILE_DELTA
PATIENT_MOBILE	src/data/repositories/RepositoryRegistry.ts	PATIENT_MOBILE	SAME_CONTENT	95d6e9c303b12c6d5a91c266be21de3b1a3f470f19cb6af2426c0a8a3ff03d0b	95d6e9c303b12c6d5a91c266be21de3b1a3f470f19cb6af2426c0a8a3ff03d0b	source-directory-byte-hash-unrelated-snapshot	NOT_ASSESSED_BY_FILE_DELTA
PATIENT_MOBILE	src/data/repositories/UsersRepository.ts	PATIENT_MOBILE	SAME_CONTENT	46bf9fc592dce1518806764c3cad1b70927d65d0c4932bcd8b05f1ca8122f6b4	46bf9fc592dce1518806764c3cad1b70927d65d0c4932bcd8b05f1ca8122f6b4	source-directory-byte-hash-unrelated-snapshot	NOT_ASSESSED_BY_FILE_DELTA
PATIENT_MOBILE	src/data/repositories/__tests__/UsersRepository.test.ts.bak	TEST_OR_E2E	SAME_CONTENT	91cb7848fb6edb49882f2fb43d5aa24c67fef094209ab1abfe9ce45f7d1c6817	91cb7848fb6edb49882f2fb43d5aa24c67fef094209ab1abfe9ce45f7d1c6817	source-directory-byte-hash-unrelated-snapshot	NOT_ASSESSED_BY_FILE_DELTA
PATIENT_MOBILE	src/data/repositories/core/BaseRepository.ts	PATIENT_MOBILE	SAME_CONTENT	9ca95e7e06a1089802c1b77bcee4765d9ac9a129652f9e334df828d4d1abfaf6	9ca95e7e06a1089802c1b77bcee4765d9ac9a129652f9e334df828d4d1abfaf6	source-directory-byte-hash-unrelated-snapshot	NOT_ASSESSED_BY_FILE_DELTA
PATIENT_MOBILE	src/data/repositories/core/CompositeRepository.ts	PATIENT_MOBILE	SAME_CONTENT	2a02668bec83d558950ed3f19c01fec76be34873c9f6dffd8e105c738fc4afe6	2a02668bec83d558950ed3f19c01fec76be34873c9f6dffd8e105c738fc4afe6	source-directory-byte-hash-unrelated-snapshot	NOT_ASSESSED_BY_FILE_DELTA
PATIENT_MOBILE	src/data/repositories/core/QuerySpecification.ts	PATIENT_MOBILE	SAME_CONTENT	b80ad329928f39a9f1ced0906fa6132b4fb934555036f8cccb23692c4372ebb0	b80ad329928f39a9f1ced0906fa6132b4fb934555036f8cccb23692c4372ebb0	source-directory-byte-hash-unrelated-snapshot	NOT_ASSESSED_BY_FILE_DELTA
PATIENT_MOBILE	src/data/repositories/core/UnitOfWork.ts	PATIENT_MOBILE	SAME_CONTENT	ab99fc873f1015465aeead043f6aa365116bfaecaebc6035c7caa69b0b095d1f	ab99fc873f1015465aeead043f6aa365116bfaecaebc6035c7caa69b0b095d1f	source-directory-byte-hash-unrelated-snapshot	NOT_ASSESSED_BY_FILE_DELTA
PATIENT_MOBILE	src/data/repositories/interfaces/ILocalDataSource.ts	PATIENT_MOBILE	SAME_CONTENT	e919c49149f75c0417fcd8659a3c44ca28078fd4d3eb76e47968bd0bfa0fc713	e919c49149f75c0417fcd8659a3c44ca28078fd4d3eb76e47968bd0bfa0fc713	source-directory-byte-hash-unrelated-snapshot	NOT_ASSESSED_BY_FILE_DELTA
PATIENT_MOBILE	src/data/repositories/interfaces/IRemoteDataSource.ts	PATIENT_MOBILE	SAME_CONTENT	1724b2717607f2ad561355a53ca1450e265e1ba7dd3c587c7c6d7ae66a7d3ff4	1724b2717607f2ad561355a53ca1450e265e1ba7dd3c587c7c6d7ae66a7d3ff4	source-directory-byte-hash-unrelated-snapshot	NOT_ASSESSED_BY_FILE_DELTA
PATIENT_MOBILE	src/data/repositories/interfaces/IRepository.ts	PATIENT_MOBILE	SAME_CONTENT	57f069c4508e25773e62b98d8ef1342eeb0c0e5953e2bcf8948aef5e2e74b9d2	57f069c4508e25773e62b98d8ef1342eeb0c0e5953e2bcf8948aef5e2e74b9d2	source-directory-byte-hash-unrelated-snapshot	NOT_ASSESSED_BY_FILE_DELTA
PATIENT_MOBILE	src/data/repositories/sources/RemoteDataSource.ts	PATIENT_MOBILE	SAME_CONTENT	bfea1d6923c909d20c39b34a7574a70a38cb4b3a76aa9abc639f711e8220777e	bfea1d6923c909d20c39b34a7574a70a38cb4b3a76aa9abc639f711e8220777e	source-directory-byte-hash-unrelated-snapshot	NOT_ASSESSED_BY_FILE_DELTA
PATIENT_MOBILE	src/data/repositories/sources/SQLiteDataSource.ts	PATIENT_MOBILE	SAME_CONTENT	d20ca3d791904c0f29fa60d4b009ab3711f1c0e7ba88a74210e17e8efbc57b8f	d20ca3d791904c0f29fa60d4b009ab3711f1c0e7ba88a74210e17e8efbc57b8f	source-directory-byte-hash-unrelated-snapshot	NOT_ASSESSED_BY_FILE_DELTA
PATIENT_MOBILE	src/data/repositories/sources/SecureDatabaseProxy.ts	PATIENT_MOBILE	SAME_CONTENT	d2882899f5f3c19fdbefd4e6f666adfbad94dbf94e9324d56eea37c8f0c73f7c	d2882899f5f3c19fdbefd4e6f666adfbad94dbf94e9324d56eea37c8f0c73f7c	source-directory-byte-hash-unrelated-snapshot	NOT_ASSESSED_BY_FILE_DELTA
PATIENT_MOBILE	src/data/repositories/sync/__tests__/SyncManager.test.ts.bak	TEST_OR_E2E	SAME_CONTENT	55e4ed4bc6da9f35b20537cccc23d87de00985d7eefa60c783d70e28db0b1600	55e4ed4bc6da9f35b20537cccc23d87de00985d7eefa60c783d70e28db0b1600	source-directory-byte-hash-unrelated-snapshot	NOT_ASSESSED_BY_FILE_DELTA
PATIENT_MOBILE	src/data/sync/BackgroundSynchronizer.ts	PATIENT_MOBILE	SAME_CONTENT	6fc55fb775b42b713b43b2279f1c943b101ec157f6a15e29478fee0bafe8b583	6fc55fb775b42b713b43b2279f1c943b101ec157f6a15e29478fee0bafe8b583	source-directory-byte-hash-unrelated-snapshot	NOT_ASSESSED_BY_FILE_DELTA
PATIENT_MOBILE	src/data/sync/ConflictResolver.ts	PATIENT_MOBILE	SAME_CONTENT	3a12d816633964d72539c788b8e6749573495502d6cbba0338c020ed0eba10ad	3a12d816633964d72539c788b8e6749573495502d6cbba0338c020ed0eba10ad	source-directory-byte-hash-unrelated-snapshot	NOT_ASSESSED_BY_FILE_DELTA
PATIENT_MOBILE	src/data/sync/QueueProcessor.ts	PATIENT_MOBILE	SAME_CONTENT	42938e9b7537ef6ba470d9a478b3ffbf63831d2c84da7510c25c708e183aee56	42938e9b7537ef6ba470d9a478b3ffbf63831d2c84da7510c25c708e183aee56	source-directory-byte-hash-unrelated-snapshot	NOT_ASSESSED_BY_FILE_DELTA
PATIENT_MOBILE	src/data/sync/RetryScheduler.ts	PATIENT_MOBILE	SAME_CONTENT	c97b1b0c75693cd8f46c402559f90c64703934a3824324a2400cd05075fbda7b	c97b1b0c75693cd8f46c402559f90c64703934a3824324a2400cd05075fbda7b	source-directory-byte-hash-unrelated-snapshot	NOT_ASSESSED_BY_FILE_DELTA
PATIENT_MOBILE	src/data/sync/SyncManager.ts	PATIENT_MOBILE	SAME_CONTENT	b835b298d9a84b6084c5b5422118eb4d6f1bbbc99b572d1eb62961862c6c7adf	b835b298d9a84b6084c5b5422118eb4d6f1bbbc99b572d1eb62961862c6c7adf	source-directory-byte-hash-unrelated-snapshot	NOT_ASSESSED_BY_FILE_DELTA
PATIENT_MOBILE	src/data/sync/SyncWorker.ts	PATIENT_MOBILE	SAME_CONTENT	f0fee7bb184a9d775e30c80f3d60f96050779b6d9ea4aae036fc4f843c6c7978	f0fee7bb184a9d775e30c80f3d60f96050779b6d9ea4aae036fc4f843c6c7978	source-directory-byte-hash-unrelated-snapshot	NOT_ASSESSED_BY_FILE_DELTA
PATIENT_MOBILE	src/design-system/Icon.ts	PATIENT_MOBILE	SAME_CONTENT	ffa5cb5407fe0f780d62807f8f9c04d808cc82ddf1c41c7063596c077966455a	ffa5cb5407fe0f780d62807f8f9c04d808cc82ddf1c41c7063596c077966455a	source-directory-byte-hash-unrelated-snapshot	NOT_ASSESSED_BY_FILE_DELTA
PATIENT_MOBILE	src/design-system/components/Avatar.tsx	PATIENT_MOBILE	SAME_CONTENT	46481be6b347c6eb3e96b21eb903aef07452c0d7920d7c6daed353d607994fd3	46481be6b347c6eb3e96b21eb903aef07452c0d7920d7c6daed353d607994fd3	source-directory-byte-hash-unrelated-snapshot	NOT_ASSESSED_BY_FILE_DELTA
PATIENT_MOBILE	src/design-system/components/Badge.tsx	PATIENT_MOBILE	SAME_CONTENT	7806fd038cf6e123f6e5cb1cf3476b4c7f8ef2c3cd6566ef0af7e58ce9e6e209	7806fd038cf6e123f6e5cb1cf3476b4c7f8ef2c3cd6566ef0af7e58ce9e6e209	source-directory-byte-hash-unrelated-snapshot	NOT_ASSESSED_BY_FILE_DELTA
PATIENT_MOBILE	src/design-system/components/BottomSheet.tsx	PATIENT_MOBILE	SAME_CONTENT	6d745a30db24b79308a2b5c6639eb916ee4d7a51a40f22f685d7141c45594f18	6d745a30db24b79308a2b5c6639eb916ee4d7a51a40f22f685d7141c45594f18	source-directory-byte-hash-unrelated-snapshot	NOT_ASSESSED_BY_FILE_DELTA
PATIENT_MOBILE	src/design-system/components/Button.tsx	PATIENT_MOBILE	SAME_CONTENT	d022c43f8464d126b90b3884c9a84c79c35390d38cf08e07ea25bfbffdc7f9f2	d022c43f8464d126b90b3884c9a84c79c35390d38cf08e07ea25bfbffdc7f9f2	source-directory-byte-hash-unrelated-snapshot	NOT_ASSESSED_BY_FILE_DELTA
PATIENT_MOBILE	src/design-system/components/Card.tsx	PATIENT_MOBILE	SAME_CONTENT	7b976066e250cd1cc92e64c367ca32fdf7e4d0e0f9e6ec45b18ae197d2b61267	7b976066e250cd1cc92e64c367ca32fdf7e4d0e0f9e6ec45b18ae197d2b61267	source-directory-byte-hash-unrelated-snapshot	NOT_ASSESSED_BY_FILE_DELTA
PATIENT_MOBILE	src/design-system/components/Input.tsx	PATIENT_MOBILE	SAME_CONTENT	80f18ec738de71a1d8907da2e68f4707e829f7f2a15fb50a4871cb1497e7c7e2	80f18ec738de71a1d8907da2e68f4707e829f7f2a15fb50a4871cb1497e7c7e2	source-directory-byte-hash-unrelated-snapshot	NOT_ASSESSED_BY_FILE_DELTA
PATIENT_MOBILE	src/design-system/components/Loading.tsx	PATIENT_MOBILE	SAME_CONTENT	56305af5efcf192544ef69132c759c169f0b42b14badb152797bed994d0f7905	56305af5efcf192544ef69132c759c169f0b42b14badb152797bed994d0f7905	source-directory-byte-hash-unrelated-snapshot	NOT_ASSESSED_BY_FILE_DELTA
PATIENT_MOBILE	src/design-system/components/OTPInput.tsx	PATIENT_MOBILE	SAME_CONTENT	93c710b45b1e1d9dea3e54f71a3c0b506b7fe314d4128c904f070ba976495a63	93c710b45b1e1d9dea3e54f71a3c0b506b7fe314d4128c904f070ba976495a63	source-directory-byte-hash-unrelated-snapshot	NOT_ASSESSED_BY_FILE_DELTA
PATIENT_MOBILE	src/design-system/components/Progress.tsx	PATIENT_MOBILE	SAME_CONTENT	807d8a4f462b57cef77869a1e33d63e81c82aa53c925045e218b0e33d6bf4cf7	807d8a4f462b57cef77869a1e33d63e81c82aa53c925045e218b0e33d6bf4cf7	source-directory-byte-hash-unrelated-snapshot	NOT_ASSESSED_BY_FILE_DELTA
PATIENT_MOBILE	src/design-system/components/SearchBar.tsx	PATIENT_MOBILE	SAME_CONTENT	4be4dd2c12be6e1e76493b2a1670a66f4083b07af6044b1b663f8f02410e8213	4be4dd2c12be6e1e76493b2a1670a66f4083b07af6044b1b663f8f02410e8213	source-directory-byte-hash-unrelated-snapshot	NOT_ASSESSED_BY_FILE_DELTA
PATIENT_MOBILE	src/design-system/components/States.tsx	PATIENT_MOBILE	SAME_CONTENT	6a1b30de8593cba853ed9df9c35b0829b8a85926d8fa9fa86fe4b689ba15b837	6a1b30de8593cba853ed9df9c35b0829b8a85926d8fa9fa86fe4b689ba15b837	source-directory-byte-hash-unrelated-snapshot	NOT_ASSESSED_BY_FILE_DELTA
PATIENT_MOBILE	src/design-system/components/Text.tsx	PATIENT_MOBILE	SAME_CONTENT	0d4470939ffc1ac9ea3c543282dc2a2a964e759662b1de7bd25cea338e060c69	0d4470939ffc1ac9ea3c543282dc2a2a964e759662b1de7bd25cea338e060c69	source-directory-byte-hash-unrelated-snapshot	NOT_ASSESSED_BY_FILE_DELTA
PATIENT_MOBILE	src/design-system/components/Toast.tsx	PATIENT_MOBILE	SAME_CONTENT	9b58046ecd21442f26f977767d7bf78187996141c067ed0183b506147e61e063	9b58046ecd21442f26f977767d7bf78187996141c067ed0183b506147e61e063	source-directory-byte-hash-unrelated-snapshot	NOT_ASSESSED_BY_FILE_DELTA
PATIENT_MOBILE	src/design-system/index.ts	PATIENT_MOBILE	SAME_CONTENT	883cbd6d379397d8a343463ae6481031b2b85103ee3791aabf4b363ff9dc1382	883cbd6d379397d8a343463ae6481031b2b85103ee3791aabf4b363ff9dc1382	source-directory-byte-hash-unrelated-snapshot	NOT_ASSESSED_BY_FILE_DELTA
PATIENT_MOBILE	src/design-system/tokens.ts	PATIENT_MOBILE	SAME_CONTENT	3d90eee7e7bb6996feaa215529b1ef48aae4ea22b34b011a4efd2f0f6355faae	3d90eee7e7bb6996feaa215529b1ef48aae4ea22b34b011a4efd2f0f6355faae	source-directory-byte-hash-unrelated-snapshot	NOT_ASSESSED_BY_FILE_DELTA
PATIENT_MOBILE	src/features/consultation/InsuranceCopayScreen.tsx	PATIENT_MOBILE	SAME_CONTENT	72559f2049f107f476e90e589c9517ab3040233e245035356a486087bec938b1	72559f2049f107f476e90e589c9517ab3040233e245035356a486087bec938b1	source-directory-byte-hash-unrelated-snapshot	NOT_ASSESSED_BY_FILE_DELTA
PATIENT_MOBILE	src/features/medical-orders/ActionableOrderScreen.tsx	PATIENT_MOBILE	SAME_CONTENT	8cafd407c9fac39505452d6973a9d57dfa7bd3af580c0efec9f84c93326cf6f6	8cafd407c9fac39505452d6973a9d57dfa7bd3af580c0efec9f84c93326cf6f6	source-directory-byte-hash-unrelated-snapshot	NOT_ASSESSED_BY_FILE_DELTA
PATIENT_MOBILE	src/guided-tour/core/TargetResolver.ts	PATIENT_MOBILE	SAME_CONTENT	9a86975dcf860fd0f3c3b4868235755bcaaf095d91aa39af281a0dafc5a85a8a	9a86975dcf860fd0f3c3b4868235755bcaaf095d91aa39af281a0dafc5a85a8a	source-directory-byte-hash-unrelated-snapshot	NOT_ASSESSED_BY_FILE_DELTA
PATIENT_MOBILE	src/guided-tour/core/TourEngine.ts	PATIENT_MOBILE	SAME_CONTENT	0b9dbc46c51ee69865f6d1b968f38438901e67dbae594e28595d3205a6942d7e	0b9dbc46c51ee69865f6d1b968f38438901e67dbae594e28595d3205a6942d7e	source-directory-byte-hash-unrelated-snapshot	NOT_ASSESSED_BY_FILE_DELTA
PATIENT_MOBILE	src/guided-tour/core/TourRegistry.ts	PATIENT_MOBILE	SAME_CONTENT	84487d5aa833b811f86c447aefc5c77eec73633bf6df16e6f12366de1a09be40	84487d5aa833b811f86c447aefc5c77eec73633bf6df16e6f12366de1a09be40	source-directory-byte-hash-unrelated-snapshot	NOT_ASSESSED_BY_FILE_DELTA
PATIENT_MOBILE	src/guided-tour/engines/AnalyticsCollector.ts	PATIENT_MOBILE	SAME_CONTENT	2bb5f245e619a78d3f287839b75f7bc79be6c9939d6b88b251798889c05afdde	2bb5f245e619a78d3f287839b75f7bc79be6c9939d6b88b251798889c05afdde	source-directory-byte-hash-unrelated-snapshot	NOT_ASSESSED_BY_FILE_DELTA
PATIENT_MOBILE	src/guided-tour/engines/CooldownManager.ts	PATIENT_MOBILE	SAME_CONTENT	51a8e8200c9c5f2a9c8a0bd0b1db04f48bdf78b7e7fef69518077217346bcfa9	51a8e8200c9c5f2a9c8a0bd0b1db04f48bdf78b7e7fef69518077217346bcfa9	source-directory-byte-hash-unrelated-snapshot	NOT_ASSESSED_BY_FILE_DELTA
PATIENT_MOBILE	src/guided-tour/index.ts	PATIENT_MOBILE	SAME_CONTENT	dab40ff07e53bb3379a7a84a15ca4fd082f133cf48d2c9a79b4612bade2bc80b	dab40ff07e53bb3379a7a84a15ca4fd082f133cf48d2c9a79b4612bade2bc80b	source-directory-byte-hash-unrelated-snapshot	NOT_ASSESSED_BY_FILE_DELTA
PATIENT_MOBILE	src/guided-tour/providers/ContentProvider.ts	PATIENT_MOBILE	SAME_CONTENT	a7b106e8726ae9addae1f38b61429b5d82137b7827ffc36409375d6e9fbc04e0	a7b106e8726ae9addae1f38b61429b5d82137b7827ffc36409375d6e9fbc04e0	source-directory-byte-hash-unrelated-snapshot	NOT_ASSESSED_BY_FILE_DELTA
PATIENT_MOBILE	src/guided-tour/providers/PersistenceManager.ts	PATIENT_MOBILE	SAME_CONTENT	8be8dba9bbd149e095c405f775c7cb8c6b92ba6da6e2459a30150b99367c5e9e	8be8dba9bbd149e095c405f775c7cb8c6b92ba6da6e2459a30150b99367c5e9e	source-directory-byte-hash-unrelated-snapshot	NOT_ASSESSED_BY_FILE_DELTA
PATIENT_MOBILE	src/guided-tour/types/index.ts	PATIENT_MOBILE	SAME_CONTENT	7e2262a79b6f2fd89a4367f5ce9b62cc5e0b6f091107681c11df2c5b50ada6fb	7e2262a79b6f2fd89a4367f5ce9b62cc5e0b6f091107681c11df2c5b50ada6fb	source-directory-byte-hash-unrelated-snapshot	NOT_ASSESSED_BY_FILE_DELTA
PATIENT_MOBILE	src/guided-tour/ui/SpotlightRenderer.tsx	PATIENT_MOBILE	SAME_CONTENT	ab508891565bd578638f426c15b8d5b897441510094339e3cdcf1f13298e7e44	ab508891565bd578638f426c15b8d5b897441510094339e3cdcf1f13298e7e44	source-directory-byte-hash-unrelated-snapshot	NOT_ASSESSED_BY_FILE_DELTA
PATIENT_MOBILE	src/hooks/useBiometricAuth.ts	PATIENT_MOBILE	SAME_CONTENT	301588f29f5c74d0ef409f5dbfb1be18063b6aa7aa03059df212e700fd7912e8	301588f29f5c74d0ef409f5dbfb1be18063b6aa7aa03059df212e700fd7912e8	source-directory-byte-hash-unrelated-snapshot	NOT_ASSESSED_BY_FILE_DELTA
PATIENT_MOBILE	src/hooks/useGuestGuard.tsx	PATIENT_MOBILE	SAME_CONTENT	e366b5f95c6bd500ce63ef493cbb1d50851ec6eed1f3c9f4f52ea8fbbee1388d	e366b5f95c6bd500ce63ef493cbb1d50851ec6eed1f3c9f4f52ea8fbbee1388d	source-directory-byte-hash-unrelated-snapshot	NOT_ASSESSED_BY_FILE_DELTA
PATIENT_MOBILE	src/hooks/useOfflineData.ts	PATIENT_MOBILE	SAME_CONTENT	dbaba91c2e55de06d07553756e1b57205b57f2a9b4cbdef437d1ba949a80d144	dbaba91c2e55de06d07553756e1b57205b57f2a9b4cbdef437d1ba949a80d144	source-directory-byte-hash-unrelated-snapshot	NOT_ASSESSED_BY_FILE_DELTA
PATIENT_MOBILE	src/hooks/usePushNotifications.ts	PATIENT_MOBILE	SAME_CONTENT	11b246c02c7aef7e5a3f5d1be9cb9673aede90383d677c769351d40d6c5631e5	11b246c02c7aef7e5a3f5d1be9cb9673aede90383d677c769351d40d6c5631e5	source-directory-byte-hash-unrelated-snapshot	NOT_ASSESSED_BY_FILE_DELTA
PATIENT_MOBILE	src/hooks/useTheme.ts	PATIENT_MOBILE	SAME_CONTENT	594273b1ba0b0691e6c486f71c3491370d6d0cd355144ce976f57a8f16d13314	594273b1ba0b0691e6c486f71c3491370d6d0cd355144ce976f57a8f16d13314	source-directory-byte-hash-unrelated-snapshot	NOT_ASSESSED_BY_FILE_DELTA
PATIENT_MOBILE	src/i18n/LanguageManager.ts	PATIENT_MOBILE	SAME_CONTENT	9d4447180b3bff950b9bd3b851289e01f4ac8bf77cda74f62db6a3381e84d1bd	9d4447180b3bff950b9bd3b851289e01f4ac8bf77cda74f62db6a3381e84d1bd	source-directory-byte-hash-unrelated-snapshot	NOT_ASSESSED_BY_FILE_DELTA
PATIENT_MOBILE	src/i18n/autoTranslationsPhase5.json	PATIENT_MOBILE	SAME_CONTENT	66b0db8057e960c26327cf7d00ac7d4b9b92ada4e34f70df72ecddc3401d1cb1	66b0db8057e960c26327cf7d00ac7d4b9b92ada4e34f70df72ecddc3401d1cb1	source-directory-byte-hash-unrelated-snapshot	NOT_ASSESSED_BY_FILE_DELTA
PATIENT_MOBILE	src/i18n/guided-care.test.ts	TEST_OR_E2E	SAME_CONTENT	b588b2847bb939377a3e2f0ef3fb846cab9bc49cab847dd4dd9e2a66f220ddf2	b588b2847bb939377a3e2f0ef3fb846cab9bc49cab847dd4dd9e2a66f220ddf2	source-directory-byte-hash-unrelated-snapshot	NOT_ASSESSED_BY_FILE_DELTA
PATIENT_MOBILE	src/i18n/guided-care.ts	PATIENT_MOBILE	SAME_CONTENT	fad4d4ab0c7abb3385e1e8f96ce5983976b27470e3829c4aa56618b63fcb4ba6	fad4d4ab0c7abb3385e1e8f96ce5983976b27470e3829c4aa56618b63fcb4ba6	source-directory-byte-hash-unrelated-snapshot	NOT_ASSESSED_BY_FILE_DELTA
PATIENT_MOBILE	src/i18n/health-day.test.ts	TEST_OR_E2E	SAME_CONTENT	26031e08228f222bc07936fde8f2abb520b84c3cbe16eaac99b6be0c308a25ae	26031e08228f222bc07936fde8f2abb520b84c3cbe16eaac99b6be0c308a25ae	source-directory-byte-hash-unrelated-snapshot	NOT_ASSESSED_BY_FILE_DELTA
PATIENT_MOBILE	src/i18n/health-day.ts	PATIENT_MOBILE	SAME_CONTENT	1e4613c6b9acd7b058bb3d928306842235b57697066bbfc3d8df697ea79d150f	1e4613c6b9acd7b058bb3d928306842235b57697066bbfc3d8df697ea79d150f	source-directory-byte-hash-unrelated-snapshot	NOT_ASSESSED_BY_FILE_DELTA
PATIENT_MOBILE	src/i18n/index.test.ts	TEST_OR_E2E	SAME_CONTENT	37958f728789d4c157a90fff77e1a464bf72d7811436870fa5d9ac2409eff450	37958f728789d4c157a90fff77e1a464bf72d7811436870fa5d9ac2409eff450	source-directory-byte-hash-unrelated-snapshot	NOT_ASSESSED_BY_FILE_DELTA
PATIENT_MOBILE	src/i18n/index.ts	PATIENT_MOBILE	SAME_CONTENT	fb6c6938d4694f95187252c00c74f6b442262d0806969330d07346456afc6d32	fb6c6938d4694f95187252c00c74f6b442262d0806969330d07346456afc6d32	source-directory-byte-hash-unrelated-snapshot	NOT_ASSESSED_BY_FILE_DELTA
PATIENT_MOBILE	src/i18n/locales/ar.json	PATIENT_MOBILE	SAME_CONTENT	ae2bbb0fef3d151b6f019bb5e46a569fd7b1336312e8d42caf0a239b3cbd681a	ae2bbb0fef3d151b6f019bb5e46a569fd7b1336312e8d42caf0a239b3cbd681a	source-directory-byte-hash-unrelated-snapshot	NOT_ASSESSED_BY_FILE_DELTA
PATIENT_MOBILE	src/i18n/locales/bn.json	PATIENT_MOBILE	SAME_CONTENT	ffb0450e4a7813de4812cdd29b620ba7cc6b6f7e9f9ce37110f15a45a93f689a	ffb0450e4a7813de4812cdd29b620ba7cc6b6f7e9f9ce37110f15a45a93f689a	source-directory-byte-hash-unrelated-snapshot	NOT_ASSESSED_BY_FILE_DELTA
PATIENT_MOBILE	src/i18n/locales/en.json	PATIENT_MOBILE	SAME_CONTENT	76f1197e2f5bc80539977d4dd237ea8f9fe08e88d39db08c86c43b62ce20a06f	76f1197e2f5bc80539977d4dd237ea8f9fe08e88d39db08c86c43b62ce20a06f	source-directory-byte-hash-unrelated-snapshot	NOT_ASSESSED_BY_FILE_DELTA
PATIENT_MOBILE	src/i18n/locales/hi.json	PATIENT_MOBILE	SAME_CONTENT	fde57546bf5d46d6530c3f60064afd259ff2aaadde185adc4225feb4e72038ae	fde57546bf5d46d6530c3f60064afd259ff2aaadde185adc4225feb4e72038ae	source-directory-byte-hash-unrelated-snapshot	NOT_ASSESSED_BY_FILE_DELTA
PATIENT_MOBILE	src/i18n/locales/tl.json	PATIENT_MOBILE	SAME_CONTENT	7429a5787488591d8c08c71ec94bdcd9e3ea194a66241dfa3875219fb3fb1f65	7429a5787488591d8c08c71ec94bdcd9e3ea194a66241dfa3875219fb3fb1f65	source-directory-byte-hash-unrelated-snapshot	NOT_ASSESSED_BY_FILE_DELTA
PATIENT_MOBILE	src/i18n/locales/ur.json	PATIENT_MOBILE	SAME_CONTENT	ffaa18385a6445c56b9a36a14cc5c841c6800958fa2cbf68c50cc3cfec53d380	ffaa18385a6445c56b9a36a14cc5c841c6800958fa2cbf68c50cc3cfec53d380	source-directory-byte-hash-unrelated-snapshot	NOT_ASSESSED_BY_FILE_DELTA
PATIENT_MOBILE	src/i18n/maternity.test.ts	TEST_OR_E2E	SAME_CONTENT	548b162e54e2d83a5e4f026e08c469293aab5c4d44d6391c15547556560c6277	548b162e54e2d83a5e4f026e08c469293aab5c4d44d6391c15547556560c6277	source-directory-byte-hash-unrelated-snapshot	NOT_ASSESSED_BY_FILE_DELTA
PATIENT_MOBILE	src/i18n/maternity.ts	PATIENT_MOBILE	SAME_CONTENT	d895490e81ef219aa4385880bcea1c704d707c53a39de77ef808bad914f3b222	d895490e81ef219aa4385880bcea1c704d707c53a39de77ef808bad914f3b222	source-directory-byte-hash-unrelated-snapshot	NOT_ASSESSED_BY_FILE_DELTA
PATIENT_MOBILE	src/i18n/medications.test.ts	TEST_OR_E2E	SAME_CONTENT	735e4138fa8480e837325f1f8727e4c9ec8ecf9b8b5c745d299fb75e95487b17	735e4138fa8480e837325f1f8727e4c9ec8ecf9b8b5c745d299fb75e95487b17	source-directory-byte-hash-unrelated-snapshot	NOT_ASSESSED_BY_FILE_DELTA
PATIENT_MOBILE	src/i18n/medications.ts	PATIENT_MOBILE	SAME_CONTENT	facd70fec7528ba5478455095d7dbbb3eb85a92b74e67fb17d6ffd9862e771da	facd70fec7528ba5478455095d7dbbb3eb85a92b74e67fb17d6ffd9862e771da	source-directory-byte-hash-unrelated-snapshot	NOT_ASSESSED_BY_FILE_DELTA
PATIENT_MOBILE	src/i18n/mental-health.test.ts	TEST_OR_E2E	SAME_CONTENT	de857764bda40302427349af5fa3a0c2547279189d11f13c379df57768ba92b9	de857764bda40302427349af5fa3a0c2547279189d11f13c379df57768ba92b9	source-directory-byte-hash-unrelated-snapshot	NOT_ASSESSED_BY_FILE_DELTA
PATIENT_MOBILE	src/i18n/mental-health.ts	PATIENT_MOBILE	SAME_CONTENT	29b838815e470e567d4ffae8a5db263426395429a8389969684151598694dcb1	29b838815e470e567d4ffae8a5db263426395429a8389969684151598694dcb1	source-directory-byte-hash-unrelated-snapshot	NOT_ASSESSED_BY_FILE_DELTA
PATIENT_MOBILE	src/i18n/nutrition.test.ts	TEST_OR_E2E	SAME_CONTENT	ce34fa753931fcd5df88fe8c34afaad6a6ff4d0357275e55fd967ade8918746d	ce34fa753931fcd5df88fe8c34afaad6a6ff4d0357275e55fd967ade8918746d	source-directory-byte-hash-unrelated-snapshot	NOT_ASSESSED_BY_FILE_DELTA
PATIENT_MOBILE	src/i18n/nutrition.ts	PATIENT_MOBILE	SAME_CONTENT	9a67a06678a8a482b68813fa1f7e4ce4e34f26ce019872360daa5b17d04d33bd	9a67a06678a8a482b68813fa1f7e4ce4e34f26ce019872360daa5b17d04d33bd	source-directory-byte-hash-unrelated-snapshot	NOT_ASSESSED_BY_FILE_DELTA
PATIENT_MOBILE	src/navigation/DeepLinking.ts	PATIENT_MOBILE	SAME_CONTENT	83edaa75bfd400ba46887b20e2e79da24da6089bfe5369a71083f8e47f400129	83edaa75bfd400ba46887b20e2e79da24da6089bfe5369a71083f8e47f400129	source-directory-byte-hash-unrelated-snapshot	NOT_ASSESSED_BY_FILE_DELTA
PATIENT_MOBILE	src/navigation/RouterConfig.ts	PATIENT_MOBILE	SAME_CONTENT	2395aa4a6b73dfd4dc4d90a55dda3defaf8376457748ec322ae397d7428cb5f5	2395aa4a6b73dfd4dc4d90a55dda3defaf8376457748ec322ae397d7428cb5f5	source-directory-byte-hash-unrelated-snapshot	NOT_ASSESSED_BY_FILE_DELTA
PATIENT_MOBILE	src/navigation/guards/AdminGuard.tsx	PATIENT_MOBILE	SAME_CONTENT	1762a995472414974c703ed4bd59f21dbeba7f0de7bf1fd4299abdf133cd71be	1762a995472414974c703ed4bd59f21dbeba7f0de7bf1fd4299abdf133cd71be	source-directory-byte-hash-unrelated-snapshot	NOT_ASSESSED_BY_FILE_DELTA
PATIENT_MOBILE	src/navigation/guards/AuthGuard.tsx	PATIENT_MOBILE	SAME_CONTENT	3e3f47eeddae7c97cdd48d78c092c437df0b093d2081f30a7b4d8de9b31ba94b	3e3f47eeddae7c97cdd48d78c092c437df0b093d2081f30a7b4d8de9b31ba94b	source-directory-byte-hash-unrelated-snapshot	NOT_ASSESSED_BY_FILE_DELTA
PATIENT_MOBILE	src/navigation/index.ts	PATIENT_MOBILE	SAME_CONTENT	3bea7fd163e961ecd961a137436a78d83d0d1a179f548d57c499a62d29e22909	3bea7fd163e961ecd961a137436a78d83d0d1a179f548d57c499a62d29e22909	source-directory-byte-hash-unrelated-snapshot	NOT_ASSESSED_BY_FILE_DELTA
PATIENT_MOBILE	src/polyfills.ts	PATIENT_MOBILE	SAME_CONTENT	6a6422d41181cbac522352bb5408d1428620feb9a7c765bc6d3e2d31ea5da2b5	6a6422d41181cbac522352bb5408d1428620feb9a7c765bc6d3e2d31ea5da2b5	source-directory-byte-hash-unrelated-snapshot	NOT_ASSESSED_BY_FILE_DELTA
PATIENT_MOBILE	src/services/Analytics.ts	PATIENT_MOBILE	SAME_CONTENT	a8757bf161a96219298483e5950ac790d06907fab0e6e20e4b816e9c66e7b32b	a8757bf161a96219298483e5950ac790d06907fab0e6e20e4b816e9c66e7b32b	source-directory-byte-hash-unrelated-snapshot	NOT_ASSESSED_BY_FILE_DELTA
PATIENT_MOBILE	src/services/ErrorHandler.tsx	PATIENT_MOBILE	SAME_CONTENT	1f91909dc2c2aca4fc09d13e1c119bf5a70dcc057e52c15d73c55aad15ad20b0	1f91909dc2c2aca4fc09d13e1c119bf5a70dcc057e52c15d73c55aad15ad20b0	source-directory-byte-hash-unrelated-snapshot	NOT_ASSESSED_BY_FILE_DELTA
PATIENT_MOBILE	src/services/EventBus.ts	PATIENT_MOBILE	SAME_CONTENT	b89ed0a59cfc21baec4eac3267e3f7ae29861f81c2bbb4d32c26f4a6cd67f417	b89ed0a59cfc21baec4eac3267e3f7ae29861f81c2bbb4d32c26f4a6cd67f417	source-directory-byte-hash-unrelated-snapshot	NOT_ASSESSED_BY_FILE_DELTA
PATIENT_MOBILE	src/services/FeatureFlags.ts	PATIENT_MOBILE	SAME_CONTENT	9bb70c5a8ef711723542756508952333250fc0d1397dffb2897a25adb294dc97	9bb70c5a8ef711723542756508952333250fc0d1397dffb2897a25adb294dc97	source-directory-byte-hash-unrelated-snapshot	NOT_ASSESSED_BY_FILE_DELTA
PATIENT_MOBILE	src/services/FileManager.ts	PATIENT_MOBILE	SAME_CONTENT	1c082aaea233145dac7533a42c76c6a1d3afb1fe575e2f2aea843c11380565f5	1c082aaea233145dac7533a42c76c6a1d3afb1fe575e2f2aea843c11380565f5	source-directory-byte-hash-unrelated-snapshot	NOT_ASSESSED_BY_FILE_DELTA
PATIENT_MOBILE	src/services/HttpClient.offline.test.ts	TEST_OR_E2E	SAME_CONTENT	ca6d156bfb0db9ebde258cfc9f1a6a10625e317ce24d3b3b6b1ba43905f8ab2b	ca6d156bfb0db9ebde258cfc9f1a6a10625e317ce24d3b3b6b1ba43905f8ab2b	source-directory-byte-hash-unrelated-snapshot	NOT_ASSESSED_BY_FILE_DELTA
PATIENT_MOBILE	src/services/HttpClient.ts	PATIENT_MOBILE	SAME_CONTENT	48cd527414460cdb45cb2927f7207b1da736a242023450784bfe257ad7772830	48cd527414460cdb45cb2927f7207b1da736a242023450784bfe257ad7772830	source-directory-byte-hash-unrelated-snapshot	NOT_ASSESSED_BY_FILE_DELTA
PATIENT_MOBILE	src/services/Logger.ts	PATIENT_MOBILE	SAME_CONTENT	3fb03340017146ebdd5504f7e0abe6112e2cbab467eb359fce3274f4af35b26a	3fb03340017146ebdd5504f7e0abe6112e2cbab467eb359fce3274f4af35b26a	source-directory-byte-hash-unrelated-snapshot	NOT_ASSESSED_BY_FILE_DELTA
PATIENT_MOBILE	src/services/Notifications.ts	PATIENT_MOBILE	SAME_CONTENT	28550054de90144b5d3adf15a8c46335e8cf836383e3c80c33ce98a7571f899f	28550054de90144b5d3adf15a8c46335e8cf836383e3c80c33ce98a7571f899f	source-directory-byte-hash-unrelated-snapshot	NOT_ASSESSED_BY_FILE_DELTA
PATIENT_MOBILE	src/services/PermissionsManager.ts	PATIENT_MOBILE	SAME_CONTENT	a85ef81ad3b05b23b4571d410ccf8a8a7748b148de57943af39da06d3ea6f5d6	a85ef81ad3b05b23b4571d410ccf8a8a7748b148de57943af39da06d3ea6f5d6	source-directory-byte-hash-unrelated-snapshot	NOT_ASSESSED_BY_FILE_DELTA
PATIENT_MOBILE	src/services/SyncManager.offline.test.ts	TEST_OR_E2E	SAME_CONTENT	6374ed9f79eac7029f2cdafe00abd15cdedd7597cc28dc71eb1ed2c166658dd8	6374ed9f79eac7029f2cdafe00abd15cdedd7597cc28dc71eb1ed2c166658dd8	source-directory-byte-hash-unrelated-snapshot	NOT_ASSESSED_BY_FILE_DELTA
PATIENT_MOBILE	src/services/SyncManager.ts	PATIENT_MOBILE	SAME_CONTENT	8dbc75be79dc960ea871b185684ff097c23e870281d08b1da0de6f4e933675d6	8dbc75be79dc960ea871b185684ff097c23e870281d08b1da0de6f4e933675d6	source-directory-byte-hash-unrelated-snapshot	NOT_ASSESSED_BY_FILE_DELTA
PATIENT_MOBILE	src/services/auth/AuthInterceptor.ts	PATIENT_MOBILE	SAME_CONTENT	1904a1df3b3657952399dc41f590129d54bf33c0c7da65bb5b799f31e584b2c3	1904a1df3b3657952399dc41f590129d54bf33c0c7da65bb5b799f31e584b2c3	source-directory-byte-hash-unrelated-snapshot	NOT_ASSESSED_BY_FILE_DELTA
PATIENT_MOBILE	src/services/auth/AuthManager.ts	PATIENT_MOBILE	SAME_CONTENT	bf25d0ac452a92439600a64945bff45253afa35e2575c598bc8d0048012b4c9f	bf25d0ac452a92439600a64945bff45253afa35e2575c598bc8d0048012b4c9f	source-directory-byte-hash-unrelated-snapshot	NOT_ASSESSED_BY_FILE_DELTA
PATIENT_MOBILE	src/services/auth/RegistrationTransaction.test.ts	TEST_OR_E2E	SAME_CONTENT	61b7f2bfd63d6379d7fde579677af1883dab91e2aafbdecc870a8042a3e090b0	61b7f2bfd63d6379d7fde579677af1883dab91e2aafbdecc870a8042a3e090b0	source-directory-byte-hash-unrelated-snapshot	NOT_ASSESSED_BY_FILE_DELTA
PATIENT_MOBILE	src/services/auth/RegistrationTransaction.ts	PATIENT_MOBILE	SAME_CONTENT	5b6ebf2a5042a7340dbd754af565136b6cf10e574129c47fe20c279119fba0ca	5b6ebf2a5042a7340dbd754af565136b6cf10e574129c47fe20c279119fba0ca	source-directory-byte-hash-unrelated-snapshot	NOT_ASSESSED_BY_FILE_DELTA
PATIENT_MOBILE	src/services/auth/index.ts	PATIENT_MOBILE	SAME_CONTENT	119fb0caf63a9ef5071b9cdf28d20576675c0e33088bc5c2231a4d5b62f422fa	119fb0caf63a9ef5071b9cdf28d20576675c0e33088bc5c2231a4d5b62f422fa	source-directory-byte-hash-unrelated-snapshot	NOT_ASSESSED_BY_FILE_DELTA
PATIENT_MOBILE	src/services/auth/providers/EmailAuthProvider.ts	PATIENT_MOBILE	SAME_CONTENT	323edd1a3c39db0a556107bf623d63386ddb4153fcbf5f05f26d6a82c8bedfa8	323edd1a3c39db0a556107bf623d63386ddb4153fcbf5f05f26d6a82c8bedfa8	source-directory-byte-hash-unrelated-snapshot	NOT_ASSESSED_BY_FILE_DELTA
PATIENT_MOBILE	src/services/auth/types.ts	PATIENT_MOBILE	SAME_CONTENT	1809c52116f74978f1642d6e9a131776cd744575d5b9b25105f00158e951baed	1809c52116f74978f1642d6e9a131776cd744575d5b9b25105f00158e951baed	source-directory-byte-hash-unrelated-snapshot	NOT_ASSESSED_BY_FILE_DELTA
PATIENT_MOBILE	src/services/index.ts	PATIENT_MOBILE	SAME_CONTENT	da2027f7d42048f5c6cda0f8b3ccf2ea2c784d5433925508934cb2f081ce9a5d	da2027f7d42048f5c6cda0f8b3ccf2ea2c784d5433925508934cb2f081ce9a5d	source-directory-byte-hash-unrelated-snapshot	NOT_ASSESSED_BY_FILE_DELTA
PATIENT_MOBILE	src/services/security/EncryptionService.ts	PATIENT_MOBILE	SAME_CONTENT	88c074e289a0319be9552c79550e5402085975545654c4a0c405ca23d39a24eb	88c074e289a0319be9552c79550e5402085975545654c4a0c405ca23d39a24eb	source-directory-byte-hash-unrelated-snapshot	NOT_ASSESSED_BY_FILE_DELTA
PATIENT_MOBILE	src/store/FeatureRegistry.ts	PATIENT_MOBILE	SAME_CONTENT	e7a3787d107f2952d376806402afd368220bf5128f8cbf966f9474cc9f830628	e7a3787d107f2952d376806402afd368220bf5128f8cbf966f9474cc9f830628	source-directory-byte-hash-unrelated-snapshot	NOT_ASSESSED_BY_FILE_DELTA
PATIENT_MOBILE	src/store/ReducerManager.ts	PATIENT_MOBILE	SAME_CONTENT	d47675915b4df726f204e9474f0db1596911a11d0fc17975c078e7b1486cebfb	d47675915b4df726f204e9474f0db1596911a11d0fc17975c078e7b1486cebfb	source-directory-byte-hash-unrelated-snapshot	NOT_ASSESSED_BY_FILE_DELTA
PATIENT_MOBILE	src/store/__tests__/HttpClient.test.ts.bak	TEST_OR_E2E	SAME_CONTENT	5173da8997ef9e3956df633870022cc69848002a57c6713979a0ee38f7ff4839	5173da8997ef9e3956df633870022cc69848002a57c6713979a0ee38f7ff4839	source-directory-byte-hash-unrelated-snapshot	NOT_ASSESSED_BY_FILE_DELTA
PATIENT_MOBILE	src/store/__tests__/ReducerManager.test.ts	TEST_OR_E2E	SAME_CONTENT	905e8e5276071e542db1e5dd7d9841f049bf17680af26b7db55f3ba8466e33b7	905e8e5276071e542db1e5dd7d9841f049bf17680af26b7db55f3ba8466e33b7	source-directory-byte-hash-unrelated-snapshot	NOT_ASSESSED_BY_FILE_DELTA
PATIENT_MOBILE	src/store/__tests__/SecureStorageAdapter.test.ts	TEST_OR_E2E	SAME_CONTENT	8be2d653226ef00bedc477cad9593a6aef5ecd1927ab22e9a05ce81f63eb414e	8be2d653226ef00bedc477cad9593a6aef5ecd1927ab22e9a05ce81f63eb414e	source-directory-byte-hash-unrelated-snapshot	NOT_ASSESSED_BY_FILE_DELTA
PATIENT_MOBILE	src/store/__tests__/StoreVersionManager.test.ts	TEST_OR_E2E	SAME_CONTENT	d8944a899f897f34a1f1b68b4b2cc0b6f133833362e3f1c255a630038ea4557d	d8944a899f897f34a1f1b68b4b2cc0b6f133833362e3f1c255a630038ea4557d	source-directory-byte-hash-unrelated-snapshot	NOT_ASSESSED_BY_FILE_DELTA
PATIENT_MOBILE	src/store/__tests__/baseApi.test.ts.bak	TEST_OR_E2E	SAME_CONTENT	74b09f80c41acf49c39752a277e505ddd81836b5323b435ea49b9a5a727f324a	74b09f80c41acf49c39752a277e505ddd81836b5323b435ea49b9a5a727f324a	source-directory-byte-hash-unrelated-snapshot	NOT_ASSESSED_BY_FILE_DELTA
PATIENT_MOBILE	src/store/__tests__/recovery.test.ts	TEST_OR_E2E	SAME_CONTENT	313be5390256766e8d8ecf7185deedec8665502ebdacfaae83b6cdc1f06f844e	313be5390256766e8d8ecf7185deedec8665502ebdacfaae83b6cdc1f06f844e	source-directory-byte-hash-unrelated-snapshot	NOT_ASSESSED_BY_FILE_DELTA
PATIENT_MOBILE	src/store/actions/recovery.ts	PATIENT_MOBILE	SAME_CONTENT	42089ecb636b17ff8a480c809648164c144f1b0adb7e5fe373eac86efe883afc	42089ecb636b17ff8a480c809648164c144f1b0adb7e5fe373eac86efe883afc	source-directory-byte-hash-unrelated-snapshot	NOT_ASSESSED_BY_FILE_DELTA
PATIENT_MOBILE	src/store/api/baseApi.ts	PATIENT_MOBILE	SAME_CONTENT	d2470e8f2001564b8a1c2d702d5168745b75e119eb95dd75f8fd7e290a5bc0bf	d2470e8f2001564b8a1c2d702d5168745b75e119eb95dd75f8fd7e290a5bc0bf	source-directory-byte-hash-unrelated-snapshot	NOT_ASSESSED_BY_FILE_DELTA
PATIENT_MOBILE	src/store/api/offlineHelpers.ts	PATIENT_MOBILE	SAME_CONTENT	9fc3fdac61ccc20e5bd84e218e77bee292c1913bcb49ab45a42fabfbd5b22a8e	9fc3fdac61ccc20e5bd84e218e77bee292c1913bcb49ab45a42fabfbd5b22a8e	source-directory-byte-hash-unrelated-snapshot	NOT_ASSESSED_BY_FILE_DELTA
PATIENT_MOBILE	src/store/api/paginationHelpers.ts	PATIENT_MOBILE	SAME_CONTENT	b0a372346889612e47f2d619e1881a38ad9d423dd9612eb9514416060a695455	b0a372346889612e47f2d619e1881a38ad9d423dd9612eb9514416060a695455	source-directory-byte-hash-unrelated-snapshot	NOT_ASSESSED_BY_FILE_DELTA
PATIENT_MOBILE	src/store/api/tags.ts	PATIENT_MOBILE	SAME_CONTENT	2f4815adae5c73d149cd91dd59e13b3020c3ee9b42032df399e38a2c11ed31c1	2f4815adae5c73d149cd91dd59e13b3020c3ee9b42032df399e38a2c11ed31c1	source-directory-byte-hash-unrelated-snapshot	NOT_ASSESSED_BY_FILE_DELTA
PATIENT_MOBILE	src/store/hooks.ts	PATIENT_MOBILE	SAME_CONTENT	524417ad3b6eca9449d98570e24ffc9805cb5d8bbd7bf150651fd5894cda66c0	524417ad3b6eca9449d98570e24ffc9805cb5d8bbd7bf150651fd5894cda66c0	source-directory-byte-hash-unrelated-snapshot	NOT_ASSESSED_BY_FILE_DELTA
PATIENT_MOBILE	src/store/index.ts	PATIENT_MOBILE	SAME_CONTENT	33a2c29915d95aed76079d0d52b191fd82a188b431dc4e3ae42b651cebc103b3	33a2c29915d95aed76079d0d52b191fd82a188b431dc4e3ae42b651cebc103b3	source-directory-byte-hash-unrelated-snapshot	NOT_ASSESSED_BY_FILE_DELTA
PATIENT_MOBILE	src/store/integration/EventBusIntegrator.ts	PATIENT_MOBILE	SAME_CONTENT	4e9cdc5b2455a633ec4b8ed5c731741029dd227caa6ae78de15021f5a6955e65	4e9cdc5b2455a633ec4b8ed5c731741029dd227caa6ae78de15021f5a6955e65	source-directory-byte-hash-unrelated-snapshot	NOT_ASSESSED_BY_FILE_DELTA
PATIENT_MOBILE	src/store/middleware/backgroundUpdater.ts	PATIENT_MOBILE	SAME_CONTENT	ed241a986ef0b68b609f27dd48db2be8ae92d68d36d0a3bcb3835cee2be075d7	ed241a986ef0b68b609f27dd48db2be8ae92d68d36d0a3bcb3835cee2be075d7	source-directory-byte-hash-unrelated-snapshot	NOT_ASSESSED_BY_FILE_DELTA
PATIENT_MOBILE	src/store/middleware/listenerMiddleware.ts	PATIENT_MOBILE	SAME_CONTENT	7ae9a61eeaedc6306f53cd995cd8ed7b93b0b5bf868f0be838beb6ab9f8e8482	7ae9a61eeaedc6306f53cd995cd8ed7b93b0b5bf868f0be838beb6ab9f8e8482	source-directory-byte-hash-unrelated-snapshot	NOT_ASSESSED_BY_FILE_DELTA
PATIENT_MOBILE	src/store/middleware/memoryManager.ts	PATIENT_MOBILE	SAME_CONTENT	545cc92e2fdcceed376c18ac4f7f80a59cf6894cb71408ad7ed2d4b6a6908aa4	545cc92e2fdcceed376c18ac4f7f80a59cf6894cb71408ad7ed2d4b6a6908aa4	source-directory-byte-hash-unrelated-snapshot	NOT_ASSESSED_BY_FILE_DELTA
PATIENT_MOBILE	src/store/middleware/observability.ts	PATIENT_MOBILE	SAME_CONTENT	42781719c18d7bec2450f40dca0e0b7e709df40649ff1e04befa91feb8bba08e	42781719c18d7bec2450f40dca0e0b7e709df40649ff1e04befa91feb8bba08e	source-directory-byte-hash-unrelated-snapshot	NOT_ASSESSED_BY_FILE_DELTA
PATIENT_MOBILE	src/store/persistence/SecureStorageAdapter.test.ts	TEST_OR_E2E	SAME_CONTENT	168e02a90a1baeeb32df31e5d2974b9f575477c5cfbb1d6c07fe7625a2da1ae1	168e02a90a1baeeb32df31e5d2974b9f575477c5cfbb1d6c07fe7625a2da1ae1	source-directory-byte-hash-unrelated-snapshot	NOT_ASSESSED_BY_FILE_DELTA
PATIENT_MOBILE	src/store/persistence/SecureStorageAdapter.ts	PATIENT_MOBILE	SAME_CONTENT	1e74418d1ce444a62b0be5dd066f48c2285226fe6deb3d6b76cbfcaf1485101e	1e74418d1ce444a62b0be5dd066f48c2285226fe6deb3d6b76cbfcaf1485101e	source-directory-byte-hash-unrelated-snapshot	NOT_ASSESSED_BY_FILE_DELTA
PATIENT_MOBILE	src/store/persistence/StoreVersionManager.ts	PATIENT_MOBILE	SAME_CONTENT	75c897596bc58cc98e3b0303fffdd1dd3a8c5d493781f52953d44cba9c3e4647	75c897596bc58cc98e3b0303fffdd1dd3a8c5d493781f52953d44cba9c3e4647	source-directory-byte-hash-unrelated-snapshot	NOT_ASSESSED_BY_FILE_DELTA
PATIENT_MOBILE	src/store/persistence/config.ts	PATIENT_MOBILE	SAME_CONTENT	230235e43a9477c195343e5700dd9f9ba133c3862d17c345ec309ae9069092f8	230235e43a9477c195343e5700dd9f9ba133c3862d17c345ec309ae9069092f8	source-directory-byte-hash-unrelated-snapshot	NOT_ASSESSED_BY_FILE_DELTA
PATIENT_MOBILE	src/store/selectors.ts	PATIENT_MOBILE	SAME_CONTENT	31c4bb0731f82fcec8abb230bda6b3157369d1970a2d5383af8605c1060a7bb2	31c4bb0731f82fcec8abb230bda6b3157369d1970a2d5383af8605c1060a7bb2	source-directory-byte-hash-unrelated-snapshot	NOT_ASSESSED_BY_FILE_DELTA
PATIENT_MOBILE	src/store/slices/adminSlice.ts	PATIENT_MOBILE	SAME_CONTENT	1af39767edd19ea1dee87c8a3544f28572f40d8fef0378b457a3d2f85dd7e40a	1af39767edd19ea1dee87c8a3544f28572f40d8fef0378b457a3d2f85dd7e40a	source-directory-byte-hash-unrelated-snapshot	NOT_ASSESSED_BY_FILE_DELTA
PATIENT_MOBILE	src/store/slices/analyticsSlice.ts	PATIENT_MOBILE	SAME_CONTENT	7d0262776c3969d54478a406c1ce82a3623b42300d5b0b7eebba28e5c7a9d6a0	7d0262776c3969d54478a406c1ce82a3623b42300d5b0b7eebba28e5c7a9d6a0	source-directory-byte-hash-unrelated-snapshot	NOT_ASSESSED_BY_FILE_DELTA
PATIENT_MOBILE	src/store/slices/appConfigSlice.ts	PATIENT_MOBILE	SAME_CONTENT	4f2772c1b58815a61af629cf11fd72b446d1856ebc83ae36195d3ecbfbc05af1	4f2772c1b58815a61af629cf11fd72b446d1856ebc83ae36195d3ecbfbc05af1	source-directory-byte-hash-unrelated-snapshot	NOT_ASSESSED_BY_FILE_DELTA
PATIENT_MOBILE	src/store/slices/appointmentsSlice.ts	PATIENT_MOBILE	SAME_CONTENT	d319b11c384d5e27b61d0686f3f958ce46be0bb5d19c69cefd00430a3b81a46f	d319b11c384d5e27b61d0686f3f958ce46be0bb5d19c69cefd00430a3b81a46f	source-directory-byte-hash-unrelated-snapshot	NOT_ASSESSED_BY_FILE_DELTA
PATIENT_MOBILE	src/store/slices/authSlice.ts	PATIENT_MOBILE	SAME_CONTENT	9253c4ff0e0fd2203ded45d4b29c61f374fb15740684fbd1792d1f0d2b725ebc	9253c4ff0e0fd2203ded45d4b29c61f374fb15740684fbd1792d1f0d2b725ebc	source-directory-byte-hash-unrelated-snapshot	NOT_ASSESSED_BY_FILE_DELTA
PATIENT_MOBILE	src/store/slices/cartSlice.ts	PATIENT_MOBILE	SAME_CONTENT	c6d9372d85473388ee07e9a05a49a43fc9b8dadd67484fbe0fcc5e597dc2e906	c6d9372d85473388ee07e9a05a49a43fc9b8dadd67484fbe0fcc5e597dc2e906	source-directory-byte-hash-unrelated-snapshot	NOT_ASSESSED_BY_FILE_DELTA
PATIENT_MOBILE	src/store/slices/connectivitySlice.ts	PATIENT_MOBILE	SAME_CONTENT	0c6edece85d04c3a73e93f42576701442e0a2ec981dad25e2bf494df4c73d1bc	0c6edece85d04c3a73e93f42576701442e0a2ec981dad25e2bf494df4c73d1bc	source-directory-byte-hash-unrelated-snapshot	NOT_ASSESSED_BY_FILE_DELTA
PATIENT_MOBILE	src/store/slices/deviceSlice.ts	PATIENT_MOBILE	SAME_CONTENT	636574db00798ac758b62efb857a19fa7b26c0e4be3072ce626d74a0c6741b39	636574db00798ac758b62efb857a19fa7b26c0e4be3072ce626d74a0c6741b39	source-directory-byte-hash-unrelated-snapshot	NOT_ASSESSED_BY_FILE_DELTA
PATIENT_MOBILE	src/store/slices/favoritesSlice.ts	PATIENT_MOBILE	SAME_CONTENT	4761c7ca7fa8a6a5b7b4ac66c1075e8e6f4891bee64f49f5fdcee589de4415cd	4761c7ca7fa8a6a5b7b4ac66c1075e8e6f4891bee64f49f5fdcee589de4415cd	source-directory-byte-hash-unrelated-snapshot	NOT_ASSESSED_BY_FILE_DELTA
PATIENT_MOBILE	src/store/slices/featureFlagsSlice.ts	PATIENT_MOBILE	SAME_CONTENT	5ab8dc59ae5b8aa3f09c65b202423b5e8ff033eb8fab022093aa7ea518a4af1b	5ab8dc59ae5b8aa3f09c65b202423b5e8ff033eb8fab022093aa7ea518a4af1b	source-directory-byte-hash-unrelated-snapshot	NOT_ASSESSED_BY_FILE_DELTA
PATIENT_MOBILE	src/store/slices/localizationSlice.ts	PATIENT_MOBILE	SAME_CONTENT	8f6de44237a59e472549fd39b683536a00d1898d46baa4e15118fb71ffb0e6d0	8f6de44237a59e472549fd39b683536a00d1898d46baa4e15118fb71ffb0e6d0	source-directory-byte-hash-unrelated-snapshot	NOT_ASSESSED_BY_FILE_DELTA
PATIENT_MOBILE	src/store/slices/loyaltySlice.ts	PATIENT_MOBILE	SAME_CONTENT	947b6fe84ddf96c9f15dcc36205a3cea5b47aeef4dcdf5bcdbef2c73b0c3726a	947b6fe84ddf96c9f15dcc36205a3cea5b47aeef4dcdf5bcdbef2c73b0c3726a	source-directory-byte-hash-unrelated-snapshot	NOT_ASSESSED_BY_FILE_DELTA
PATIENT_MOBILE	src/store/slices/notificationsSlice.ts	PATIENT_MOBILE	SAME_CONTENT	a8812223db6216df04b9a47afeffb4d2461b752349acc0a8a8d2b0d74f5b488a	a8812223db6216df04b9a47afeffb4d2461b752349acc0a8a8d2b0d74f5b488a	source-directory-byte-hash-unrelated-snapshot	NOT_ASSESSED_BY_FILE_DELTA
PATIENT_MOBILE	src/store/slices/ordersSlice.ts	PATIENT_MOBILE	SAME_CONTENT	36f8416ded4531b459da4909b058489b710978b9b6946d6284a2de6111dfca98	36f8416ded4531b459da4909b058489b710978b9b6946d6284a2de6111dfca98	source-directory-byte-hash-unrelated-snapshot	NOT_ASSESSED_BY_FILE_DELTA
PATIENT_MOBILE	src/store/slices/otherSlices.ts	PATIENT_MOBILE	SAME_CONTENT	391ffb09b3fceefec9b42e79f8b4785a2f4739fa3f83dd98ff702402f12aff72	391ffb09b3fceefec9b42e79f8b4785a2f4739fa3f83dd98ff702402f12aff72	source-directory-byte-hash-unrelated-snapshot	NOT_ASSESSED_BY_FILE_DELTA
PATIENT_MOBILE	src/store/slices/permissionsSlice.ts	PATIENT_MOBILE	SAME_CONTENT	af2357fd35a50cf6d28e1e8e44fe88030ae01cb685f475b8caed8f87f7f9e030	af2357fd35a50cf6d28e1e8e44fe88030ae01cb685f475b8caed8f87f7f9e030	source-directory-byte-hash-unrelated-snapshot	NOT_ASSESSED_BY_FILE_DELTA
PATIENT_MOBILE	src/store/slices/searchSlice.ts	PATIENT_MOBILE	SAME_CONTENT	8a27f61bead91eb87152487976cb9b563b1fec61605d434700d0f8ca1bcba77d	8a27f61bead91eb87152487976cb9b563b1fec61605d434700d0f8ca1bcba77d	source-directory-byte-hash-unrelated-snapshot	NOT_ASSESSED_BY_FILE_DELTA
PATIENT_MOBILE	src/store/slices/sessionSlice.ts	PATIENT_MOBILE	SAME_CONTENT	494d71ac196cd435ea976f591dd5c4d2ea310d650bb03ca5a4e88da6ce48b41a	494d71ac196cd435ea976f591dd5c4d2ea310d650bb03ca5a4e88da6ce48b41a	source-directory-byte-hash-unrelated-snapshot	NOT_ASSESSED_BY_FILE_DELTA
PATIENT_MOBILE	src/store/slices/settingsSlice.ts	PATIENT_MOBILE	SAME_CONTENT	6a2c2acb1cb45eff25c7a794762ab19b0b2ba1811d785a6ecc441ffb28905b13	6a2c2acb1cb45eff25c7a794762ab19b0b2ba1811d785a6ecc441ffb28905b13	source-directory-byte-hash-unrelated-snapshot	NOT_ASSESSED_BY_FILE_DELTA
PATIENT_MOBILE	src/store/slices/syncSlice.ts	PATIENT_MOBILE	SAME_CONTENT	a390a5386f4b0a5f51df191920ffe70a09a6e039acf01cb42ac43ee5da2eec3d	a390a5386f4b0a5f51df191920ffe70a09a6e039acf01cb42ac43ee5da2eec3d	source-directory-byte-hash-unrelated-snapshot	NOT_ASSESSED_BY_FILE_DELTA
PATIENT_MOBILE	src/store/slices/themeSlice.ts	PATIENT_MOBILE	SAME_CONTENT	c97ae81035d66fafcdac3f572ac28660ff5f38179506db290e0e9bcb19cc36ea	c97ae81035d66fafcdac3f572ac28660ff5f38179506db290e0e9bcb19cc36ea	source-directory-byte-hash-unrelated-snapshot	NOT_ASSESSED_BY_FILE_DELTA
PATIENT_MOBILE	src/store/slices/userSlice.ts	PATIENT_MOBILE	SAME_CONTENT	d5df211e8b453dae74a80d1d043c06e1b93e38d5970475d5f90e989109cc3cf0	d5df211e8b453dae74a80d1d043c06e1b93e38d5970475d5f90e989109cc3cf0	source-directory-byte-hash-unrelated-snapshot	NOT_ASSESSED_BY_FILE_DELTA
PATIENT_MOBILE	src/store/slices/walletSlice.ts	PATIENT_MOBILE	SAME_CONTENT	fe5324527a8328a612f2241aa63da02e6fe50eaa9af7e9cc73e7e7b1fefeea2e	fe5324527a8328a612f2241aa63da02e6fe50eaa9af7e9cc73e7e7b1fefeea2e	source-directory-byte-hash-unrelated-snapshot	NOT_ASSESSED_BY_FILE_DELTA
PATIENT_MOBILE	src/store/types.ts	PATIENT_MOBILE	SAME_CONTENT	0a929c0930280a0f9f212c2ae0587ec17424759d86937afc3add4e8ffdbfa11f	0a929c0930280a0f9f212c2ae0587ec17424759d86937afc3add4e8ffdbfa11f	source-directory-byte-hash-unrelated-snapshot	NOT_ASSESSED_BY_FILE_DELTA
PATIENT_MOBILE	src/store/utils/testUtils.tsx	PATIENT_MOBILE	SAME_CONTENT	b86240fb579c9a722d89dfd043f88d99ed1892255bbf0bd7772976e6e6049fc5	b86240fb579c9a722d89dfd043f88d99ed1892255bbf0bd7772976e6e6049fc5	source-directory-byte-hash-unrelated-snapshot	NOT_ASSESSED_BY_FILE_DELTA
PATIENT_MOBILE	src/theme/ThemeEngine.ts	PATIENT_MOBILE	SAME_CONTENT	beb14a9bb669a62294b8359040bcb93b284988d08816bacac6b93e121400e86c	beb14a9bb669a62294b8359040bcb93b284988d08816bacac6b93e121400e86c	source-directory-byte-hash-unrelated-snapshot	NOT_ASSESSED_BY_FILE_DELTA
PATIENT_MOBILE	src/theme/colors.ts	PATIENT_MOBILE	SAME_CONTENT	de998a6c1954fb4e2a4b561ff5bbaff9481dc3b9418707f9fe2038173275b1f4	de998a6c1954fb4e2a4b561ff5bbaff9481dc3b9418707f9fe2038173275b1f4	source-directory-byte-hash-unrelated-snapshot	NOT_ASSESSED_BY_FILE_DELTA
PATIENT_MOBILE	src/theme/index.ts	PATIENT_MOBILE	MODIFIED	4f22932f537fd0c217c83aeadf125b513746af1d4ab11b50909f4b2a84ef90be	dd7f68807cd4d0a0a5123d4d1a8cce8772167509e49cdf98871fee24394b582b	source-directory-byte-hash-unrelated-snapshot	NOT_ASSESSED_BY_FILE_DELTA
PATIENT_MOBILE	src/types/contracts.ts	PATIENT_MOBILE	SAME_CONTENT	3d76b74179e8ec557438a03de203845acd46a8165f5476f26a5fe641027b8ce3	3d76b74179e8ec557438a03de203845acd46a8165f5476f26a5fe641027b8ce3	source-directory-byte-hash-unrelated-snapshot	NOT_ASSESSED_BY_FILE_DELTA
PATIENT_MOBILE	src/types/index.ts	PATIENT_MOBILE	SAME_CONTENT	f70070987d331c94a343b5330fb23c31ff0ca8020e654b0a53dbab1743073358	f70070987d331c94a343b5330fb23c31ff0ca8020e654b0a53dbab1743073358	source-directory-byte-hash-unrelated-snapshot	NOT_ASSESSED_BY_FILE_DELTA
PATIENT_MOBILE	src/utils/api.security.test.ts	TEST_OR_E2E	SAME_CONTENT	eca1d2c3434464684b3cfc1a2a657bd176a90edbec5cd10a0b39050abefe486e	eca1d2c3434464684b3cfc1a2a657bd176a90edbec5cd10a0b39050abefe486e	source-directory-byte-hash-unrelated-snapshot	NOT_ASSESSED_BY_FILE_DELTA
PATIENT_MOBILE	src/utils/api.ts	PATIENT_MOBILE	MODIFIED	c40362bce6e86836a5762c4c5e84f6f09cd42f251ba73ac1ab3cf082f87a6b9b	c79f631414707877045eddfa05baf1cba3eadba66b1529670a432cc02b9b9095	source-directory-byte-hash-unrelated-snapshot	NOT_ASSESSED_BY_FILE_DELTA
PATIENT_MOBILE	src/utils/callkeep.ts	PATIENT_MOBILE	SAME_CONTENT	48bfa79d449fcf70ef0041086bb450704bb9968fe488b37c0daed9584c262845	48bfa79d449fcf70ef0041086bb450704bb9968fe488b37c0daed9584c262845	source-directory-byte-hash-unrelated-snapshot	NOT_ASSESSED_BY_FILE_DELTA
PATIENT_MOBILE	src/utils/chronic-refill-contract.test.ts	TEST_OR_E2E	SAME_CONTENT	f0eac86d0d70fc5810ccfc892f482e088b5b4f46091f2d1533ae7141f4ebafd1	f0eac86d0d70fc5810ccfc892f482e088b5b4f46091f2d1533ae7141f4ebafd1	source-directory-byte-hash-unrelated-snapshot	NOT_ASSESSED_BY_FILE_DELTA
PATIENT_MOBILE	src/utils/chronic-refill-contract.ts	PATIENT_MOBILE	SAME_CONTENT	8c387151925db9e016d0cd1c90e0135e65b35873326160428970bb34992c318f	8c387151925db9e016d0cd1c90e0135e65b35873326160428970bb34992c318f	source-directory-byte-hash-unrelated-snapshot	NOT_ASSESSED_BY_FILE_DELTA
PATIENT_MOBILE	src/utils/dates.ts	PATIENT_MOBILE	SAME_CONTENT	d8c0949028a0cb084604bdf5c235a679359fe4a70809ee7486dbf69b82a9c7cf	d8c0949028a0cb084604bdf5c235a679359fe4a70809ee7486dbf69b82a9c7cf	source-directory-byte-hash-unrelated-snapshot	NOT_ASSESSED_BY_FILE_DELTA
PATIENT_MOBILE	src/utils/deviceId.ts	PATIENT_MOBILE	SAME_CONTENT	4dacc2d18c57fb380c41edf8a83f918fb2774c6ec2a093300a1f13a36e8b8039	4dacc2d18c57fb380c41edf8a83f918fb2774c6ec2a093300a1f13a36e8b8039	source-directory-byte-hash-unrelated-snapshot	NOT_ASSESSED_BY_FILE_DELTA
PATIENT_MOBILE	src/utils/family-calendar-contract.test.ts	TEST_OR_E2E	SAME_CONTENT	24b2a91dc5001a671de1ede08df47ebf6b0fcf66faadcdc3c444a95196d28622	24b2a91dc5001a671de1ede08df47ebf6b0fcf66faadcdc3c444a95196d28622	source-directory-byte-hash-unrelated-snapshot	NOT_ASSESSED_BY_FILE_DELTA
PATIENT_MOBILE	src/utils/family-calendar-contract.ts	PATIENT_MOBILE	SAME_CONTENT	6898074fbb5273edda5d1915033b7340b9155092c9d3933e7ed3c971673d02c3	6898074fbb5273edda5d1915033b7340b9155092c9d3933e7ed3c971673d02c3	source-directory-byte-hash-unrelated-snapshot	NOT_ASSESSED_BY_FILE_DELTA
PATIENT_MOBILE	src/utils/imageUrl.ts	PATIENT_MOBILE	SAME_CONTENT	872dcabcf5ebc6a75087eee05ba0d9a5109336541ede997f49dd64a893d666a4	872dcabcf5ebc6a75087eee05ba0d9a5109336541ede997f49dd64a893d666a4	source-directory-byte-hash-unrelated-snapshot	NOT_ASSESSED_BY_FILE_DELTA
PATIENT_MOBILE	src/utils/insurance-catalog-contract.test.ts	TEST_OR_E2E	SAME_CONTENT	a54e362a6f8a71ab628537f00a4edb42cc50a9d5249883852fc11bd497d4367a	a54e362a6f8a71ab628537f00a4edb42cc50a9d5249883852fc11bd497d4367a	source-directory-byte-hash-unrelated-snapshot	NOT_ASSESSED_BY_FILE_DELTA
PATIENT_MOBILE	src/utils/insurance-copay-contract.test.ts	TEST_OR_E2E	SAME_CONTENT	dd2c89831c31a589242af0beb0b82e473a12dfb63d5ad4e575a5f22f06002962	dd2c89831c31a589242af0beb0b82e473a12dfb63d5ad4e575a5f22f06002962	source-directory-byte-hash-unrelated-snapshot	NOT_ASSESSED_BY_FILE_DELTA
PATIENT_MOBILE	src/utils/insurance-copay-contract.ts	PATIENT_MOBILE	SAME_CONTENT	fbad51878503ba4d876475d3a01bcad0d6322ec70405a08c2d7c42a1003af1fb	fbad51878503ba4d876475d3a01bcad0d6322ec70405a08c2d7c42a1003af1fb	source-directory-byte-hash-unrelated-snapshot	NOT_ASSESSED_BY_FILE_DELTA
PATIENT_MOBILE	src/utils/jwt.ts	PATIENT_MOBILE	SAME_CONTENT	a586e4e8bfed6268c084ed788881b7dedac8a076e0ea5e768948ce222f387307	a586e4e8bfed6268c084ed788881b7dedac8a076e0ea5e768948ce222f387307	source-directory-byte-hash-unrelated-snapshot	NOT_ASSESSED_BY_FILE_DELTA
PATIENT_MOBILE	src/utils/labMappers.ts	PATIENT_MOBILE	SAME_CONTENT	9796875e890cf4084df201ee21cc9b0a43fee73a814c6fe8d9562c7393c13407	9796875e890cf4084df201ee21cc9b0a43fee73a814c6fe8d9562c7393c13407	source-directory-byte-hash-unrelated-snapshot	NOT_ASSESSED_BY_FILE_DELTA
PATIENT_MOBILE	src/utils/localize.ts	PATIENT_MOBILE	SAME_CONTENT	79ae7052482df02713223226368d50228a8b74de9e8ff5c2471d2e312493983c	79ae7052482df02713223226368d50228a8b74de9e8ff5c2471d2e312493983c	source-directory-byte-hash-unrelated-snapshot	NOT_ASSESSED_BY_FILE_DELTA
PATIENT_MOBILE	src/utils/medication-notifications.test.ts	TEST_OR_E2E	SAME_CONTENT	0fe6e634a6bedddffcdf49759c6b1e4f0fba392d977159fb09d5a5b82e54b7f9	0fe6e634a6bedddffcdf49759c6b1e4f0fba392d977159fb09d5a5b82e54b7f9	source-directory-byte-hash-unrelated-snapshot	NOT_ASSESSED_BY_FILE_DELTA
PATIENT_MOBILE	src/utils/medication-notifications.ts	PATIENT_MOBILE	SAME_CONTENT	0899eb2483664c25d7026549f57ce49f5dc179610da033cbe985c66a8991c527	0899eb2483664c25d7026549f57ce49f5dc179610da033cbe985c66a8991c527	source-directory-byte-hash-unrelated-snapshot	NOT_ASSESSED_BY_FILE_DELTA
PATIENT_MOBILE	src/utils/monthly-health-report-contract.test.ts	TEST_OR_E2E	SAME_CONTENT	96a31e14e6d071c95eb1d53d90902d8a55043d63ccb69b6828c35c3bc5f40ffd	96a31e14e6d071c95eb1d53d90902d8a55043d63ccb69b6828c35c3bc5f40ffd	source-directory-byte-hash-unrelated-snapshot	NOT_ASSESSED_BY_FILE_DELTA
PATIENT_MOBILE	src/utils/monthly-health-report-contract.ts	PATIENT_MOBILE	SAME_CONTENT	4ad68c109bd006cae94022d02569e749da92358241491df99f1743e6dd000b59	4ad68c109bd006cae94022d02569e749da92358241491df99f1743e6dd000b59	source-directory-byte-hash-unrelated-snapshot	NOT_ASSESSED_BY_FILE_DELTA
PATIENT_MOBILE	src/utils/mood-journal-contract.test.ts	TEST_OR_E2E	SAME_CONTENT	b7e6b4ef6c01465345cc9db5860d9f41e0c39bbb0ff9c26a0069446b85dc7c6a	b7e6b4ef6c01465345cc9db5860d9f41e0c39bbb0ff9c26a0069446b85dc7c6a	source-directory-byte-hash-unrelated-snapshot	NOT_ASSESSED_BY_FILE_DELTA
PATIENT_MOBILE	src/utils/mood-journal-contract.ts	PATIENT_MOBILE	SAME_CONTENT	52f709e95ddd4f4e9cbc17890636b4205a37c002a9313e89d5afc1ab34e891f2	52f709e95ddd4f4e9cbc17890636b4205a37c002a9313e89d5afc1ab34e891f2	source-directory-byte-hash-unrelated-snapshot	NOT_ASSESSED_BY_FILE_DELTA
PATIENT_MOBILE	src/utils/notifications.ts	PATIENT_MOBILE	SAME_CONTENT	dcc1647c7cc88cdb9b48ffd707f247040d93d6fa8ee6b5ca57861d70456d1293	dcc1647c7cc88cdb9b48ffd707f247040d93d6fa8ee6b5ca57861d70456d1293	source-directory-byte-hash-unrelated-snapshot	NOT_ASSESSED_BY_FILE_DELTA
PATIENT_MOBILE	src/utils/offlineQueue.security.test.ts	TEST_OR_E2E	SAME_CONTENT	b25b04a8ba1aefc0e855703137fceed676485b83d88e8f842b4dac157d34e916	b25b04a8ba1aefc0e855703137fceed676485b83d88e8f842b4dac157d34e916	source-directory-byte-hash-unrelated-snapshot	NOT_ASSESSED_BY_FILE_DELTA
PATIENT_MOBILE	src/utils/offlineQueue.ts	PATIENT_MOBILE	SAME_CONTENT	69adc7bbc60806fa780023f1b28af1eb9ec4a1c56d62de8191120ae37108229a	69adc7bbc60806fa780023f1b28af1eb9ec4a1c56d62de8191120ae37108229a	source-directory-byte-hash-unrelated-snapshot	NOT_ASSESSED_BY_FILE_DELTA
PATIENT_MOBILE	src/utils/payment-idempotency.ts	PATIENT_MOBILE	SAME_CONTENT	42140e8ab5025ede3c63645fe89ab02863063d4201c8dfc648d3292c0c99756e	42140e8ab5025ede3c63645fe89ab02863063d4201c8dfc648d3292c0c99756e	source-directory-byte-hash-unrelated-snapshot	NOT_ASSESSED_BY_FILE_DELTA
PATIENT_MOBILE	src/utils/performance.tsx	PATIENT_MOBILE	SAME_CONTENT	91d2ce95d592780ca1414e1d287111517b95de4c3a190a16c8ed4a50da4793a5	91d2ce95d592780ca1414e1d287111517b95de4c3a190a16c8ed4a50da4793a5	source-directory-byte-hash-unrelated-snapshot	NOT_ASSESSED_BY_FILE_DELTA
PATIENT_MOBILE	src/utils/prefetch.ts	PATIENT_MOBILE	SAME_CONTENT	8ff84f13b559adf83b8db47cf1a07a9e25ddc841c5194ca98300ed783cd4df37	8ff84f13b559adf83b8db47cf1a07a9e25ddc841c5194ca98300ed783cd4df37	source-directory-byte-hash-unrelated-snapshot	NOT_ASSESSED_BY_FILE_DELTA
PATIENT_MOBILE	src/utils/productNav.ts	PATIENT_MOBILE	SAME_CONTENT	a73ed7e645e055a8f8a905c12aa21b517cf71349018d125082ae3b14975ce8be	a73ed7e645e055a8f8a905c12aa21b517cf71349018d125082ae3b14975ce8be	source-directory-byte-hash-unrelated-snapshot	NOT_ASSESSED_BY_FILE_DELTA
PATIENT_MOBILE	src/utils/security.storage.test.ts	TEST_OR_E2E	SAME_CONTENT	e65da540d504221cf283d2fcacc548896f36a4cc547f2d94626bc713a5b6df65	e65da540d504221cf283d2fcacc548896f36a4cc547f2d94626bc713a5b6df65	source-directory-byte-hash-unrelated-snapshot	NOT_ASSESSED_BY_FILE_DELTA
PATIENT_MOBILE	src/utils/security.ts	PATIENT_MOBILE	SAME_CONTENT	4079f56a207b6c84715ee58b423746b152ed579af84952f1bf6335132a112a00	4079f56a207b6c84715ee58b423746b152ed579af84952f1bf6335132a112a00	source-directory-byte-hash-unrelated-snapshot	NOT_ASSESSED_BY_FILE_DELTA
PATIENT_MOBILE	src/utils/selectedAddress.ts	PATIENT_MOBILE	SAME_CONTENT	5db9ae8db469bdebcc00f72e32e026ca464f7c236174afb736041b3289f8361a	5db9ae8db469bdebcc00f72e32e026ca464f7c236174afb736041b3289f8361a	source-directory-byte-hash-unrelated-snapshot	NOT_ASSESSED_BY_FILE_DELTA
PATIENT_MOBILE	src/utils/sentry.ts	PATIENT_MOBILE	SAME_CONTENT	370685fdfd726015f148a10e467c5446c8836b4dc83c213a8cfc1d6c1ab656aa	370685fdfd726015f148a10e467c5446c8836b4dc83c213a8cfc1d6c1ab656aa	source-directory-byte-hash-unrelated-snapshot	NOT_ASSESSED_BY_FILE_DELTA
PATIENT_MOBILE	tsconfig.json	PATIENT_MOBILE	SAME_CONTENT	4a51595b5af784b2c435f97fdf2dfb6b2d6a992eeb85e6a58ed07bef99e6e7ed	4a51595b5af784b2c435f97fdf2dfb6b2d6a992eeb85e6a58ed07bef99e6e7ed	source-directory-byte-hash-unrelated-snapshot	NOT_ASSESSED_BY_FILE_DELTA
PATIENT_MOBILE	utils/api.security.test.ts	TEST_OR_E2E	SAME_CONTENT	0f1712d001a72265fad5bba098f67adbb7bb8dae692c0c7855cb587ff3238f7d	0f1712d001a72265fad5bba098f67adbb7bb8dae692c0c7855cb587ff3238f7d	source-directory-byte-hash-unrelated-snapshot	NOT_ASSESSED_BY_FILE_DELTA
PATIENT_MOBILE	utils/api.ts	PATIENT_MOBILE	SAME_CONTENT	edb0a03ae75895681de9bac2e33373f34be9a6595058c35ca040cac4571cbb90	edb0a03ae75895681de9bac2e33373f34be9a6595058c35ca040cac4571cbb90	source-directory-byte-hash-unrelated-snapshot	NOT_ASSESSED_BY_FILE_DELTA
PATIENT_WEB	.dockerignore	PATIENT_WEB	SAME_CONTENT	e91a593c113d2fc234947abc88265fea2894f618ccb0790cedd6c9e1ca583ec8	e91a593c113d2fc234947abc88265fea2894f618ccb0790cedd6c9e1ca583ec8	source-directory-byte-hash-unrelated-snapshot	NOT_ASSESSED_BY_FILE_DELTA
PATIENT_WEB	.env.production.example	PATIENT_WEB	SAME_CONTENT	f61af20bb6b52bd668c764b96f4b22d626bbdc6494d5961fbbfbad42493e54ad	f61af20bb6b52bd668c764b96f4b22d626bbdc6494d5961fbbfbad42493e54ad	source-directory-byte-hash-unrelated-snapshot	NOT_ASSESSED_BY_FILE_DELTA
PATIENT_WEB	.gitignore	PATIENT_WEB	SAME_CONTENT	b4572613f7e7b7827f8dd1c7543b03f903082ba146ebe8115dd9bd81aebd4bee	b4572613f7e7b7827f8dd1c7543b03f903082ba146ebe8115dd9bd81aebd4bee	source-directory-byte-hash-unrelated-snapshot	NOT_ASSESSED_BY_FILE_DELTA
PATIENT_WEB	.gitkeep	PATIENT_WEB	SAME_CONTENT	e3b0c44298fc1c149afbf4c8996fb92427ae41e4649b934ca495991b7852b855	e3b0c44298fc1c149afbf4c8996fb92427ae41e4649b934ca495991b7852b855	source-directory-byte-hash-unrelated-snapshot	NOT_ASSESSED_BY_FILE_DELTA
PATIENT_WEB	.prettierignore	PATIENT_WEB	SAME_CONTENT	17f593918ed38aec9deac4301d519a4349172c649d1849ce17190cedbde33228	17f593918ed38aec9deac4301d519a4349172c649d1849ce17190cedbde33228	source-directory-byte-hash-unrelated-snapshot	NOT_ASSESSED_BY_FILE_DELTA
PATIENT_WEB	.prettierrc	PATIENT_WEB	SAME_CONTENT	087532218269eb851c22dcc3d5234ea46bfa513b494a3d7b167b1c1f48c410c5	087532218269eb851c22dcc3d5234ea46bfa513b494a3d7b167b1c1f48c410c5	source-directory-byte-hash-unrelated-snapshot	NOT_ASSESSED_BY_FILE_DELTA
PATIENT_WEB	Dockerfile	PATIENT_WEB	SAME_CONTENT	d90be2fbbdd19862c9a32dbb30e00678c74087c3894f70a59ca73c8c3fd07253	d90be2fbbdd19862c9a32dbb30e00678c74087c3894f70a59ca73c8c3fd07253	source-directory-byte-hash-unrelated-snapshot	NOT_ASSESSED_BY_FILE_DELTA
PATIENT_WEB	NABDAH_PROJECT_REFERENCE.md	PATIENT_WEB	BASELINE_ONLY	cfeda7126d562bbf26a35af5913e2507421939522445fd33d17b544a3665ada0		source-directory-byte-hash-unrelated-snapshot	NOT_ASSESSED_BY_FILE_DELTA
PATIENT_WEB	app/[locale]/ai/page.tsx	PATIENT_WEB	INCOMING_ONLY		4242170b3c2f92479e5aff3a5c81ca231dc0ef0a81150e252fe1b101cb967dc8	source-directory-byte-hash-unrelated-snapshot	NOT_ASSESSED_BY_FILE_DELTA
PATIENT_WEB	app/[locale]/appointments/[appointmentId]/appointment-detail.module.css	PATIENT_WEB	SAME_CONTENT	26207776f9441c3b46ae0ef7dd2f233cecb18041231c75e837bb377fdf40b01c	26207776f9441c3b46ae0ef7dd2f233cecb18041231c75e837bb377fdf40b01c	source-directory-byte-hash-unrelated-snapshot	NOT_ASSESSED_BY_FILE_DELTA
PATIENT_WEB	app/[locale]/appointments/[appointmentId]/page.tsx	PATIENT_WEB	SAME_CONTENT	418eb47b4de91c87fb91106f4170d4e4ff88199ef3a397308bd35731fa718051	418eb47b4de91c87fb91106f4170d4e4ff88199ef3a397308bd35731fa718051	source-directory-byte-hash-unrelated-snapshot	NOT_ASSESSED_BY_FILE_DELTA
PATIENT_WEB	app/[locale]/appointments/appointments-ssr.test.ts	TEST_OR_E2E	SAME_CONTENT	a5906aaf05ce865d3cae10c0c115f63859512d37932a1f8cd441531088b71692	a5906aaf05ce865d3cae10c0c115f63859512d37932a1f8cd441531088b71692	source-directory-byte-hash-unrelated-snapshot	NOT_ASSESSED_BY_FILE_DELTA
PATIENT_WEB	app/[locale]/appointments/appointments.module.css	PATIENT_WEB	SAME_CONTENT	5d3df816447d22c923608d15b630f7b9e3fa168f2063de09fab8d88be6ecaaad	5d3df816447d22c923608d15b630f7b9e3fa168f2063de09fab8d88be6ecaaad	source-directory-byte-hash-unrelated-snapshot	NOT_ASSESSED_BY_FILE_DELTA
PATIENT_WEB	app/[locale]/appointments/page.tsx	PATIENT_WEB	SAME_CONTENT	7b1a09373e4445d94dcc58467056cc4ca3601c7cc30266c4c24a4bc8b38a2792	7b1a09373e4445d94dcc58467056cc4ca3601c7cc30266c4c24a4bc8b38a2792	source-directory-byte-hash-unrelated-snapshot	NOT_ASSESSED_BY_FILE_DELTA
PATIENT_WEB	app/[locale]/articles/[slug]/page.tsx	PATIENT_WEB	SAME_CONTENT	6891bdb73512bc1d5ef6cddc24113ab95930d6fee771bc28ba4ec53f713b59ca	6891bdb73512bc1d5ef6cddc24113ab95930d6fee771bc28ba4ec53f713b59ca	source-directory-byte-hash-unrelated-snapshot	NOT_ASSESSED_BY_FILE_DELTA
PATIENT_WEB	app/[locale]/articles/articles.module.css	PATIENT_WEB	SAME_CONTENT	e03d921a0f2bb599bdb39c7df7bc9780b301273dcc85ca8173f0fbc094e8cb96	e03d921a0f2bb599bdb39c7df7bc9780b301273dcc85ca8173f0fbc094e8cb96	source-directory-byte-hash-unrelated-snapshot	NOT_ASSESSED_BY_FILE_DELTA
PATIENT_WEB	app/[locale]/articles/bookmarks/page.tsx	PATIENT_WEB	SAME_CONTENT	661b44e7c0da0025083be561409c4d8698d9d817aac24e3987b047047b7b6fa4	661b44e7c0da0025083be561409c4d8698d9d817aac24e3987b047047b7b6fa4	source-directory-byte-hash-unrelated-snapshot	NOT_ASSESSED_BY_FILE_DELTA
PATIENT_WEB	app/[locale]/articles/page.tsx	PATIENT_WEB	SAME_CONTENT	c079fdde4ec96f25eb5264fbdff7b2b665a466f9baf58be80048613d8da7b06e	c079fdde4ec96f25eb5264fbdff7b2b665a466f9baf58be80048613d8da7b06e	source-directory-byte-hash-unrelated-snapshot	NOT_ASSESSED_BY_FILE_DELTA
PATIENT_WEB	app/[locale]/cart/cart-ssr.test.ts	TEST_OR_E2E	SAME_CONTENT	afbaf747d83841fbbd13d9ece3c1053704490241e702ae93175ec5f5654845b9	afbaf747d83841fbbd13d9ece3c1053704490241e702ae93175ec5f5654845b9	source-directory-byte-hash-unrelated-snapshot	NOT_ASSESSED_BY_FILE_DELTA
PATIENT_WEB	app/[locale]/cart/cart.module.css	PATIENT_WEB	SAME_CONTENT	a1465e28fd18b73edf10d0cc0057ba78e26d31e63068902540d732585c64bfa2	a1465e28fd18b73edf10d0cc0057ba78e26d31e63068902540d732585c64bfa2	source-directory-byte-hash-unrelated-snapshot	NOT_ASSESSED_BY_FILE_DELTA
PATIENT_WEB	app/[locale]/cart/checkout/page.tsx	PATIENT_WEB	SAME_CONTENT	1da01825d6868b6471d09c2b07d91ca12351f655a01cdd42e7bbb5d599ad5e1a	1da01825d6868b6471d09c2b07d91ca12351f655a01cdd42e7bbb5d599ad5e1a	source-directory-byte-hash-unrelated-snapshot	NOT_ASSESSED_BY_FILE_DELTA
PATIENT_WEB	app/[locale]/cart/page.tsx	PATIENT_WEB	SAME_CONTENT	836c660d9ad8a9895eb8f7c2f454ccdafd277ee571098c025cd98124cd1b27c0	836c660d9ad8a9895eb8f7c2f454ccdafd277ee571098c025cd98124cd1b27c0	source-directory-byte-hash-unrelated-snapshot	NOT_ASSESSED_BY_FILE_DELTA
PATIENT_WEB	app/[locale]/cart/prescription/page.tsx	PATIENT_WEB	SAME_CONTENT	08a637335b65f084562babf5cf2bbfc5d193401816c55f157358f2a9d6ef2da5	08a637335b65f084562babf5cf2bbfc5d193401816c55f157358f2a9d6ef2da5	source-directory-byte-hash-unrelated-snapshot	NOT_ASSESSED_BY_FILE_DELTA
PATIENT_WEB	app/[locale]/chat/[threadId]/page.tsx	PATIENT_WEB	MODIFIED	8b6b3c67d20fd8beb81ad2393b26fc5807087bdab39c54deb403b04a44cdedac	a999455f1a869fcc95dd029e25e105f367201f24a1aa438bb76f66e5aabeb67c	source-directory-byte-hash-unrelated-snapshot	NOT_ASSESSED_BY_FILE_DELTA
PATIENT_WEB	app/[locale]/chat/chat-ssr.test.ts	TEST_OR_E2E	SAME_CONTENT	6ca2a8b1e0b7512af5fd3bc84f819a1115ceafd1af0cbb1c40b66c10155c9e72	6ca2a8b1e0b7512af5fd3bc84f819a1115ceafd1af0cbb1c40b66c10155c9e72	source-directory-byte-hash-unrelated-snapshot	NOT_ASSESSED_BY_FILE_DELTA
PATIENT_WEB	app/[locale]/chat/chat.module.css	PATIENT_WEB	SAME_CONTENT	20114c0f28995eefabd1498ad8934e3cd48336889dc2fc2902c6318566bdd02d	20114c0f28995eefabd1498ad8934e3cd48336889dc2fc2902c6318566bdd02d	source-directory-byte-hash-unrelated-snapshot	NOT_ASSESSED_BY_FILE_DELTA
PATIENT_WEB	app/[locale]/chat/page.tsx	PATIENT_WEB	SAME_CONTENT	71de2d8368ad8c221403b1f8e0ad77ddc5f94f342bba3f197a88e0767991eed8	71de2d8368ad8c221403b1f8e0ad77ddc5f94f342bba3f197a88e0767991eed8	source-directory-byte-hash-unrelated-snapshot	NOT_ASSESSED_BY_FILE_DELTA
PATIENT_WEB	app/[locale]/community/page.tsx	PATIENT_WEB	INCOMING_ONLY		3d9ce593c05e451e5f5426f02b3e7dc4373baf619ccfde1aa95f7f13a7ebd9f1	source-directory-byte-hash-unrelated-snapshot	NOT_ASSESSED_BY_FILE_DELTA
PATIENT_WEB	app/[locale]/consultations/doctors/[doctorId]/page.tsx	PATIENT_WEB	SAME_CONTENT	f4bd02360d591462dafb7e3c57708564e4bdccc46dc9bd928c761e1aa9454cbd	f4bd02360d591462dafb7e3c57708564e4bdccc46dc9bd928c761e1aa9454cbd	source-directory-byte-hash-unrelated-snapshot	NOT_ASSESSED_BY_FILE_DELTA
PATIENT_WEB	app/[locale]/consultations/doctors/doctors-ssr.test.ts	TEST_OR_E2E	SAME_CONTENT	2e27b50dac3932db5029a9f3f737397c2125d9644263418476f05246ecb9b31f	2e27b50dac3932db5029a9f3f737397c2125d9644263418476f05246ecb9b31f	source-directory-byte-hash-unrelated-snapshot	NOT_ASSESSED_BY_FILE_DELTA
PATIENT_WEB	app/[locale]/consultations/doctors/doctors.module.css	PATIENT_WEB	SAME_CONTENT	10e1f58bbde1aac3efb84517e148a3e908dedb8dedcc29e7c6982de25430859b	10e1f58bbde1aac3efb84517e148a3e908dedb8dedcc29e7c6982de25430859b	source-directory-byte-hash-unrelated-snapshot	NOT_ASSESSED_BY_FILE_DELTA
PATIENT_WEB	app/[locale]/consultations/doctors/page.tsx	PATIENT_WEB	SAME_CONTENT	f7e6036268412347512966c7aad748a72b21c57c2cb4ab2bac5a7bea1a300010	f7e6036268412347512966c7aad748a72b21c57c2cb4ab2bac5a7bea1a300010	source-directory-byte-hash-unrelated-snapshot	NOT_ASSESSED_BY_FILE_DELTA
PATIENT_WEB	app/[locale]/consultations/specialties/page.tsx	PATIENT_WEB	SAME_CONTENT	9f80b2a2a3911aea7cd930c82ec8d38fab6e536d98a941e35c28347f41c0bdd2	9f80b2a2a3911aea7cd930c82ec8d38fab6e536d98a941e35c28347f41c0bdd2	source-directory-byte-hash-unrelated-snapshot	NOT_ASSESSED_BY_FILE_DELTA
PATIENT_WEB	app/[locale]/consultations/specialties/specialties-ssr.test.ts	TEST_OR_E2E	SAME_CONTENT	277e407ee4af45c60e7b74f8f1151f1e7f0de6530c2fe9e85cdcd0fe15d43548	277e407ee4af45c60e7b74f8f1151f1e7f0de6530c2fe9e85cdcd0fe15d43548	source-directory-byte-hash-unrelated-snapshot	NOT_ASSESSED_BY_FILE_DELTA
PATIENT_WEB	app/[locale]/consultations/specialties/specialties.module.css	PATIENT_WEB	SAME_CONTENT	1b7c9667a1cdd67acdbbf64fc41d158e2c24e412dccedb01f0cd9cf8fd15f25c	1b7c9667a1cdd67acdbbf64fc41d158e2c24e412dccedb01f0cd9cf8fd15f25c	source-directory-byte-hash-unrelated-snapshot	NOT_ASSESSED_BY_FILE_DELTA
PATIENT_WEB	app/[locale]/dashboard/dashboard-page.test.ts	TEST_OR_E2E	SAME_CONTENT	932f07c6fc824edb3a0a822ae63a49d639223daaf51d43d04bea2dd8215e01fc	932f07c6fc824edb3a0a822ae63a49d639223daaf51d43d04bea2dd8215e01fc	source-directory-byte-hash-unrelated-snapshot	NOT_ASSESSED_BY_FILE_DELTA
PATIENT_WEB	app/[locale]/dashboard/dashboard-ssr.test.ts	TEST_OR_E2E	SAME_CONTENT	aaabe406218d6c2265a472e273f0124e848ed7bf1395f848226ee866f2d30159	aaabe406218d6c2265a472e273f0124e848ed7bf1395f848226ee866f2d30159	source-directory-byte-hash-unrelated-snapshot	NOT_ASSESSED_BY_FILE_DELTA
PATIENT_WEB	app/[locale]/dashboard/dashboard.module.css	PATIENT_WEB	SAME_CONTENT	4dad3d924fd9b2be0e5b1945e0e04615476bb9d1402f8ac7666dea02b006279a	4dad3d924fd9b2be0e5b1945e0e04615476bb9d1402f8ac7666dea02b006279a	source-directory-byte-hash-unrelated-snapshot	NOT_ASSESSED_BY_FILE_DELTA
PATIENT_WEB	app/[locale]/dashboard/loading.tsx	PATIENT_WEB	SAME_CONTENT	7e96483ce2656f2817a1feabaf76238549024d789b001215b473bee3de335d2d	7e96483ce2656f2817a1feabaf76238549024d789b001215b473bee3de335d2d	source-directory-byte-hash-unrelated-snapshot	NOT_ASSESSED_BY_FILE_DELTA
PATIENT_WEB	app/[locale]/dashboard/page.tsx	PATIENT_WEB	SAME_CONTENT	06015f1009086723ad4f7f5c8aaeb5148d4b6a07e093ac0e215b8f5d63b27c85	06015f1009086723ad4f7f5c8aaeb5148d4b6a07e093ac0e215b8f5d63b27c85	source-directory-byte-hash-unrelated-snapshot	NOT_ASSESSED_BY_FILE_DELTA
PATIENT_WEB	app/[locale]/diagnostics/[domain]/[bookingId]/diagnostic-detail.module.css	PATIENT_WEB	SAME_CONTENT	26207776f9441c3b46ae0ef7dd2f233cecb18041231c75e837bb377fdf40b01c	26207776f9441c3b46ae0ef7dd2f233cecb18041231c75e837bb377fdf40b01c	source-directory-byte-hash-unrelated-snapshot	NOT_ASSESSED_BY_FILE_DELTA
PATIENT_WEB	app/[locale]/diagnostics/[domain]/[bookingId]/page.tsx	PATIENT_WEB	SAME_CONTENT	a31a1a0ab65c00d86242f96d1816948cff4aeca754f208e852ede28ef4f1c815	a31a1a0ab65c00d86242f96d1816948cff4aeca754f208e852ede28ef4f1c815	source-directory-byte-hash-unrelated-snapshot	NOT_ASSESSED_BY_FILE_DELTA
PATIENT_WEB	app/[locale]/diagnostics/diagnostics-ssr.test.ts	TEST_OR_E2E	SAME_CONTENT	32f350c714335c345a5489683346309fa382c81235dd5ad13ddb9a01eb78269b	32f350c714335c345a5489683346309fa382c81235dd5ad13ddb9a01eb78269b	source-directory-byte-hash-unrelated-snapshot	NOT_ASSESSED_BY_FILE_DELTA
PATIENT_WEB	app/[locale]/diagnostics/diagnostics.module.css	PATIENT_WEB	SAME_CONTENT	8feeba76cd1f75e3e75107d75268bd4ab808ea5f98d6307a401bf7d3b1dc370b	8feeba76cd1f75e3e75107d75268bd4ab808ea5f98d6307a401bf7d3b1dc370b	source-directory-byte-hash-unrelated-snapshot	NOT_ASSESSED_BY_FILE_DELTA
PATIENT_WEB	app/[locale]/diagnostics/labs/labs-ssr.test.ts	TEST_OR_E2E	SAME_CONTENT	ed81c3752ab452d5f1e5e25ef09808da46d2d86a3fe080f9145c6eb1a52b1430	ed81c3752ab452d5f1e5e25ef09808da46d2d86a3fe080f9145c6eb1a52b1430	source-directory-byte-hash-unrelated-snapshot	NOT_ASSESSED_BY_FILE_DELTA
PATIENT_WEB	app/[locale]/diagnostics/labs/labs.module.css	PATIENT_WEB	SAME_CONTENT	d62cfe9ca8903265889a54e3ed68100cdbb41b0fcd083eecf74a0fe4d5e98dac	d62cfe9ca8903265889a54e3ed68100cdbb41b0fcd083eecf74a0fe4d5e98dac	source-directory-byte-hash-unrelated-snapshot	NOT_ASSESSED_BY_FILE_DELTA
PATIENT_WEB	app/[locale]/diagnostics/labs/page.tsx	PATIENT_WEB	SAME_CONTENT	f82abd97031612cb0c5d72440288963539dcc1587baa9857e7f2d21c7418cc0d	f82abd97031612cb0c5d72440288963539dcc1587baa9857e7f2d21c7418cc0d	source-directory-byte-hash-unrelated-snapshot	NOT_ASSESSED_BY_FILE_DELTA
PATIENT_WEB	app/[locale]/diagnostics/packages/[packageId]/page.tsx	PATIENT_WEB	SAME_CONTENT	12614ddcbf0c039f8c61141c539cf8166e31b62f34402f01c1af991a990a2322	12614ddcbf0c039f8c61141c539cf8166e31b62f34402f01c1af991a990a2322	source-directory-byte-hash-unrelated-snapshot	NOT_ASSESSED_BY_FILE_DELTA
PATIENT_WEB	app/[locale]/diagnostics/packages/labs-packages-ssr.test.ts	TEST_OR_E2E	SAME_CONTENT	875645bdea0e39a2fbabfbfafdcc4dd75f30c9cc9cc31c4c721355aca5ad6ab4	875645bdea0e39a2fbabfbfafdcc4dd75f30c9cc9cc31c4c721355aca5ad6ab4	source-directory-byte-hash-unrelated-snapshot	NOT_ASSESSED_BY_FILE_DELTA
PATIENT_WEB	app/[locale]/diagnostics/packages/page.tsx	PATIENT_WEB	SAME_CONTENT	cc9dc294fb33b4ddc6dc2ce86294eedb785c317a27167af198415b4b72bc4658	cc9dc294fb33b4ddc6dc2ce86294eedb785c317a27167af198415b4b72bc4658	source-directory-byte-hash-unrelated-snapshot	NOT_ASSESSED_BY_FILE_DELTA
PATIENT_WEB	app/[locale]/diagnostics/page.tsx	PATIENT_WEB	SAME_CONTENT	6269a4a7fae430aca15dcd785f9a9ea10a3c1dafe6693ba3261a2d250dc8b8aa	6269a4a7fae430aca15dcd785f9a9ea10a3c1dafe6693ba3261a2d250dc8b8aa	source-directory-byte-hash-unrelated-snapshot	NOT_ASSESSED_BY_FILE_DELTA
PATIENT_WEB	app/[locale]/diagnostics/radiology/page.tsx	PATIENT_WEB	SAME_CONTENT	bb165d0e9c70608913104eac2be5cecc5f18cfc1778063e9ec78d29474a49857	bb165d0e9c70608913104eac2be5cecc5f18cfc1778063e9ec78d29474a49857	source-directory-byte-hash-unrelated-snapshot	NOT_ASSESSED_BY_FILE_DELTA
PATIENT_WEB	app/[locale]/diagnostics/radiology/radiology-ssr.test.ts	TEST_OR_E2E	SAME_CONTENT	2ce96baa60859acb228e364a99149b7c0e8569a5d17aac1816f024f45ac8e8ad	2ce96baa60859acb228e364a99149b7c0e8569a5d17aac1816f024f45ac8e8ad	source-directory-byte-hash-unrelated-snapshot	NOT_ASSESSED_BY_FILE_DELTA
PATIENT_WEB	app/[locale]/drug-scanner/page.tsx	PATIENT_WEB	INCOMING_ONLY		25fb88bc775bf31997fa8a8c4e0905a2f3f9bb428af4acbd3716b5274b3b240e	source-directory-byte-hash-unrelated-snapshot	NOT_ASSESSED_BY_FILE_DELTA
PATIENT_WEB	app/[locale]/drug-search/page.tsx	PATIENT_WEB	INCOMING_ONLY		a38d2f6d6a6d1f0efed0b41c2da4bf729ca2648dcc6a6eaf033ada31f45771aa	source-directory-byte-hash-unrelated-snapshot	NOT_ASSESSED_BY_FILE_DELTA
PATIENT_WEB	app/[locale]/emergency/page.tsx	PATIENT_WEB	INCOMING_ONLY		c05208c3b19e7e0a718baf13e3c1822290fc3d1e060bc5befcf7c71a9260d135	source-directory-byte-hash-unrelated-snapshot	NOT_ASSESSED_BY_FILE_DELTA
PATIENT_WEB	app/[locale]/error.tsx	PATIENT_WEB	SAME_CONTENT	d6c82a56d9a56e932d9cbd83cd5a0e3255195c0db5fbda4c8117976e168535e4	d6c82a56d9a56e932d9cbd83cd5a0e3255195c0db5fbda4c8117976e168535e4	source-directory-byte-hash-unrelated-snapshot	NOT_ASSESSED_BY_FILE_DELTA
PATIENT_WEB	app/[locale]/family/family-ssr.test.ts	TEST_OR_E2E	MODIFIED	4d2a5222fee9c4d832301e409fd544965f7e1c839eafbc8edd1c66879e58a6b8	a98646b618a52cd810bd72da55527384400c6945e09b923a37f7ffd408fd2b8c	source-directory-byte-hash-unrelated-snapshot	NOT_ASSESSED_BY_FILE_DELTA
PATIENT_WEB	app/[locale]/family/family.module.css	PATIENT_WEB	SAME_CONTENT	dd5e2063b9b00c15774198c570bf06697806c5fa6890aabc3f149d3c8d4b05f4	dd5e2063b9b00c15774198c570bf06697806c5fa6890aabc3f149d3c8d4b05f4	source-directory-byte-hash-unrelated-snapshot	NOT_ASSESSED_BY_FILE_DELTA
PATIENT_WEB	app/[locale]/family/page.tsx	PATIENT_WEB	MODIFIED	fa83666c9890f4489e426a1c8bfe293e545b736082e2511be2eed97d51f7dfed	45cc52caf2abba40f1674a13e690f4f35bd4440f4f1d31b7a820f93b639d5426	source-directory-byte-hash-unrelated-snapshot	NOT_ASSESSED_BY_FILE_DELTA
PATIENT_WEB	app/[locale]/health/chronic-diseases/page.tsx	PATIENT_WEB	SAME_CONTENT	a21440787cee24f1ad27cf1adc8d426774d9822443726d7b10bfde0a50270a18	a21440787cee24f1ad27cf1adc8d426774d9822443726d7b10bfde0a50270a18	source-directory-byte-hash-unrelated-snapshot	NOT_ASSESSED_BY_FILE_DELTA
PATIENT_WEB	app/[locale]/health/chronic-medications/page.tsx	PATIENT_WEB	SAME_CONTENT	7a2714110230c55ef22e47ad2e5663033b7f2c7be310ea964b7e3cfa46ab74a9	7a2714110230c55ef22e47ad2e5663033b7f2c7be310ea964b7e3cfa46ab74a9	source-directory-byte-hash-unrelated-snapshot	NOT_ASSESSED_BY_FILE_DELTA
PATIENT_WEB	app/[locale]/health/emergency-contacts/page.tsx	PATIENT_WEB	SAME_CONTENT	24e166a5d90ab661194fd0ec71f3d313fb113434a2ea86687877ee201ce7fe1c	24e166a5d90ab661194fd0ec71f3d313fb113434a2ea86687877ee201ce7fe1c	source-directory-byte-hash-unrelated-snapshot	NOT_ASSESSED_BY_FILE_DELTA
PATIENT_WEB	app/[locale]/health/health-ssr.test.ts	TEST_OR_E2E	SAME_CONTENT	dad4c31000f77325cd410e28c2f67bf68f87cea34b6e3e481da006628fb6143b	dad4c31000f77325cd410e28c2f67bf68f87cea34b6e3e481da006628fb6143b	source-directory-byte-hash-unrelated-snapshot	NOT_ASSESSED_BY_FILE_DELTA
PATIENT_WEB	app/[locale]/health/health.module.css	PATIENT_WEB	SAME_CONTENT	c718b0e1347448e11df7b4057930595d91016ab28cc5202bf2ab45c726cc5447	c718b0e1347448e11df7b4057930595d91016ab28cc5202bf2ab45c726cc5447	source-directory-byte-hash-unrelated-snapshot	NOT_ASSESSED_BY_FILE_DELTA
PATIENT_WEB	app/[locale]/health/monthly-report/page.tsx	PATIENT_WEB	INCOMING_ONLY		4c3925837102ce84477bc4834634c4d0a6fca0313c195fcadf8a4b6e355aa67e	source-directory-byte-hash-unrelated-snapshot	NOT_ASSESSED_BY_FILE_DELTA
PATIENT_WEB	app/[locale]/health/page.tsx	PATIENT_WEB	MODIFIED	7a25927267f37ca087b307ce07d740c1281a62ec708d10793fee40da3d462aea	f3281a1adfd1d4a6a8028ecc12a72c6e3c75ef5c7e1021c751fed292fcfce9df	source-directory-byte-hash-unrelated-snapshot	NOT_ASSESSED_BY_FILE_DELTA
PATIENT_WEB	app/[locale]/health/reports/page.tsx	PATIENT_WEB	SAME_CONTENT	58b3159bf40d8a1ebc1c7496bbe3ad243ad5464161c800051f0be69de19690ca	58b3159bf40d8a1ebc1c7496bbe3ad243ad5464161c800051f0be69de19690ca	source-directory-byte-hash-unrelated-snapshot	NOT_ASSESSED_BY_FILE_DELTA
PATIENT_WEB	app/[locale]/health/score/page.tsx	PATIENT_WEB	SAME_CONTENT	01b68a1605e04c22a592aac9978c3f78435410854275fcf1e59aac7fc21a3824	01b68a1605e04c22a592aac9978c3f78435410854275fcf1e59aac7fc21a3824	source-directory-byte-hash-unrelated-snapshot	NOT_ASSESSED_BY_FILE_DELTA
PATIENT_WEB	app/[locale]/health/sleep/page.tsx	PATIENT_WEB	MODIFIED	d53db078acb3737adffa8d2660e32c8689dceed01603f472c989aa3fd967348a	5c8262d5c9cb3def933c0571c1ce96203fde6ef9e51f349c36c3e6fd72185c17	source-directory-byte-hash-unrelated-snapshot	NOT_ASSESSED_BY_FILE_DELTA
PATIENT_WEB	app/[locale]/health/trends/page.tsx	PATIENT_WEB	MODIFIED	f87a2cd9d72a40f20c4a7d9625b7f17d846d8e96714a4791a905926b39dea698	1fc2f31e156e06bc23d3c37582a2dcc622fab203f15d830f1ca019bea5971ca5	source-directory-byte-hash-unrelated-snapshot	NOT_ASSESSED_BY_FILE_DELTA
PATIENT_WEB	app/[locale]/health/vitals/page.tsx	PATIENT_WEB	MODIFIED	75f595cfd5166c91c4d570791945fde8d73857b7617b38f444cbce474cd1b312	48f78d058bd9bade567b621c98e4e4fe30123c2e9cbd0702ccd0f97d0bd83b37	source-directory-byte-hash-unrelated-snapshot	NOT_ASSESSED_BY_FILE_DELTA
PATIENT_WEB	app/[locale]/home-care/book/page.tsx	PATIENT_WEB	INCOMING_ONLY		4fc76109caa7662ad14bf18ef18581d6712cc9805ac69b13dbe462743d3d39a0	source-directory-byte-hash-unrelated-snapshot	NOT_ASSESSED_BY_FILE_DELTA
PATIENT_WEB	app/[locale]/home-care/home-care-ssr.test.ts	TEST_OR_E2E	SAME_CONTENT	69a807921c1f955f0fc6c20d5a4b0216eef9aa57518d679b8b82ac950a9f053f	69a807921c1f955f0fc6c20d5a4b0216eef9aa57518d679b8b82ac950a9f053f	source-directory-byte-hash-unrelated-snapshot	NOT_ASSESSED_BY_FILE_DELTA
PATIENT_WEB	app/[locale]/home-care/home-care.module.css	PATIENT_WEB	SAME_CONTENT	6379a06ddff234d1b4d38630c77bbd9a1e9c882b9c59dc69c9cd0cb7a14f6580	6379a06ddff234d1b4d38630c77bbd9a1e9c882b9c59dc69c9cd0cb7a14f6580	source-directory-byte-hash-unrelated-snapshot	NOT_ASSESSED_BY_FILE_DELTA
PATIENT_WEB	app/[locale]/home-care/page.tsx	PATIENT_WEB	SAME_CONTENT	3a0fc2d03e52b58d35a8947143e2ca268560709a3cb0e97a3241270648a9383a	3a0fc2d03e52b58d35a8947143e2ca268560709a3cb0e97a3241270648a9383a	source-directory-byte-hash-unrelated-snapshot	NOT_ASSESSED_BY_FILE_DELTA
PATIENT_WEB	app/[locale]/home-care/services/[serviceId]/page.tsx	PATIENT_WEB	SAME_CONTENT	1e83c4bc3b8de9afd44f592838704b87ee96f70683dafdd2c71e9193e95e616d	1e83c4bc3b8de9afd44f592838704b87ee96f70683dafdd2c71e9193e95e616d	source-directory-byte-hash-unrelated-snapshot	NOT_ASSESSED_BY_FILE_DELTA
PATIENT_WEB	app/[locale]/home-care/services/page.tsx	PATIENT_WEB	SAME_CONTENT	f89f85c8d5f2b8d2e27d1c013adc3306b71cac2bc73bd3c731c9e59b04d4f672	f89f85c8d5f2b8d2e27d1c013adc3306b71cac2bc73bd3c731c9e59b04d4f672	source-directory-byte-hash-unrelated-snapshot	NOT_ASSESSED_BY_FILE_DELTA
PATIENT_WEB	app/[locale]/home-care/services/services-ssr.test.ts	TEST_OR_E2E	SAME_CONTENT	a282039caa459d895ffbda4cc87ee86807b1acb931f6c1a1dc6ed1e531433889	a282039caa459d895ffbda4cc87ee86807b1acb931f6c1a1dc6ed1e531433889	source-directory-byte-hash-unrelated-snapshot	NOT_ASSESSED_BY_FILE_DELTA
PATIENT_WEB	app/[locale]/home-care/services/services.module.css	PATIENT_WEB	SAME_CONTENT	957ea028ca6fb129dfcc481788ff8bdf84a4726fbd1b0678db947bbfd955c371	957ea028ca6fb129dfcc481788ff8bdf84a4726fbd1b0678db947bbfd955c371	source-directory-byte-hash-unrelated-snapshot	NOT_ASSESSED_BY_FILE_DELTA
PATIENT_WEB	app/[locale]/insurance/insurance.module.css	PATIENT_WEB	SAME_CONTENT	96b7a9564333ffd06e7ee8367192c2b28f3f546340fa1698dbcd9ff98ea9a12a	96b7a9564333ffd06e7ee8367192c2b28f3f546340fa1698dbcd9ff98ea9a12a	source-directory-byte-hash-unrelated-snapshot	NOT_ASSESSED_BY_FILE_DELTA
PATIENT_WEB	app/[locale]/insurance/page.tsx	PATIENT_WEB	MODIFIED	e6db9e732ddfab6dabf12e1e5b5dcef00bd9252fb9d5b9ae1757ab310ddc7ab6	7cb3921ffe3a3950b2cce4927c1927165817c0b4d07942dc921a50c7f0d93a53	source-directory-byte-hash-unrelated-snapshot	NOT_ASSESSED_BY_FILE_DELTA
PATIENT_WEB	app/[locale]/insurance/requests/[requestId]/page.tsx	PATIENT_WEB	INCOMING_ONLY		a6b681e2966ae5e0dfd1b1b483b6225de18ddf50451ff6bcbf471c07a6bf4012	source-directory-byte-hash-unrelated-snapshot	NOT_ASSESSED_BY_FILE_DELTA
PATIENT_WEB	app/[locale]/labs/book/page.tsx	PATIENT_WEB	INCOMING_ONLY		884235334246d300577025bed4f6108881bc4783f4ee861a59d5dc8824709546	source-directory-byte-hash-unrelated-snapshot	NOT_ASSESSED_BY_FILE_DELTA
PATIENT_WEB	app/[locale]/layout.tsx	PATIENT_WEB	SAME_CONTENT	bc30470308c5a43c7e8c134080b2c8ec9718aed4d008438dfee0c11488408c2e	bc30470308c5a43c7e8c134080b2c8ec9718aed4d008438dfee0c11488408c2e	source-directory-byte-hash-unrelated-snapshot	NOT_ASSESSED_BY_FILE_DELTA
PATIENT_WEB	app/[locale]/loading.tsx	PATIENT_WEB	SAME_CONTENT	022237cf837a09b648bf3ce1afbbaa48414b078827cfa412a9a790135385852d	022237cf837a09b648bf3ce1afbbaa48414b078827cfa412a9a790135385852d	source-directory-byte-hash-unrelated-snapshot	NOT_ASSESSED_BY_FILE_DELTA
PATIENT_WEB	app/[locale]/login/login.module.css	PATIENT_WEB	SAME_CONTENT	cb9ce232b0d6cf894736462c18200023c247e58015b8513efc31720e5622fdb7	cb9ce232b0d6cf894736462c18200023c247e58015b8513efc31720e5622fdb7	source-directory-byte-hash-unrelated-snapshot	NOT_ASSESSED_BY_FILE_DELTA
PATIENT_WEB	app/[locale]/login/page.tsx	PATIENT_WEB	SAME_CONTENT	4f25597af542bfd065e8038efaf4730a4344fae6dbaaee56466064f467a8a1f2	4f25597af542bfd065e8038efaf4730a4344fae6dbaaee56466064f467a8a1f2	source-directory-byte-hash-unrelated-snapshot	NOT_ASSESSED_BY_FILE_DELTA
PATIENT_WEB	app/[locale]/loyalty/page.tsx	PATIENT_WEB	INCOMING_ONLY		e5f2aad1b9a75121662cba260220e3d24920081a281e57bda36957012d981e4c	source-directory-byte-hash-unrelated-snapshot	NOT_ASSESSED_BY_FILE_DELTA
PATIENT_WEB	app/[locale]/maternity/page.tsx	PATIENT_WEB	INCOMING_ONLY		f8c7f924dc733488ee09d90a19012691e6b9dcf9c33816ef03d7a5a3c33cd647	source-directory-byte-hash-unrelated-snapshot	NOT_ASSESSED_BY_FILE_DELTA
PATIENT_WEB	app/[locale]/medicine-catalog/medicine-catalog-ssr.test.ts	TEST_OR_E2E	MODIFIED	37ec3295d9bdd0f01e774299054d2e8d24eeccff63c006cea348f184fa2d07f6	80e9d6a2b1154cbfcd63b400d49e9f3b69abbff9727080bd521a7a9648fe623e	source-directory-byte-hash-unrelated-snapshot	NOT_ASSESSED_BY_FILE_DELTA
PATIENT_WEB	app/[locale]/medicine-catalog/medicine-catalog.module.css	PATIENT_WEB	SAME_CONTENT	2884e09eb0cbc34eda9d868fed19b92170c86297e6f892e83b399dc3546b825c	2884e09eb0cbc34eda9d868fed19b92170c86297e6f892e83b399dc3546b825c	source-directory-byte-hash-unrelated-snapshot	NOT_ASSESSED_BY_FILE_DELTA
PATIENT_WEB	app/[locale]/medicine-catalog/page.tsx	PATIENT_WEB	MODIFIED	3eb6ab43642c6bf97f25be65f7edad3a9403dd3671aefd10c6256340cf9e0be6	baa9d8fd6e2a31507e6471e5db22654e5264805efe15aef2f0e7d57e09599838	source-directory-byte-hash-unrelated-snapshot	NOT_ASSESSED_BY_FILE_DELTA
PATIENT_WEB	app/[locale]/medicines/[medicineId]/medicine-detail-public-ssr.test.ts	TEST_OR_E2E	SAME_CONTENT	e54b757d1846f5d74fe9a1ba8754ed6abd2bbf05173a5967b9714f694da4c413	e54b757d1846f5d74fe9a1ba8754ed6abd2bbf05173a5967b9714f694da4c413	source-directory-byte-hash-unrelated-snapshot	NOT_ASSESSED_BY_FILE_DELTA
PATIENT_WEB	app/[locale]/medicines/[medicineId]/medicine-detail.module.css	PATIENT_WEB	SAME_CONTENT	b1cf0b639e0801ccc89d73da3c947e96e3e0a0cc744ef39db1c105f9fbae0a4e	b1cf0b639e0801ccc89d73da3c947e96e3e0a0cc744ef39db1c105f9fbae0a4e	source-directory-byte-hash-unrelated-snapshot	NOT_ASSESSED_BY_FILE_DELTA
PATIENT_WEB	app/[locale]/medicines/[medicineId]/page.tsx	PATIENT_WEB	SAME_CONTENT	fb1e417c5df26436443807f5d1687e107fdc0600ddb84597c1fec7ce66ab5500	fb1e417c5df26436443807f5d1687e107fdc0600ddb84597c1fec7ce66ab5500	source-directory-byte-hash-unrelated-snapshot	NOT_ASSESSED_BY_FILE_DELTA
PATIENT_WEB	app/[locale]/medicines/medicines-ssr.test.ts	TEST_OR_E2E	SAME_CONTENT	db885246617595884c44e6f6c4cfdb495c45de62c2d627192cef08e909dfeeb7	db885246617595884c44e6f6c4cfdb495c45de62c2d627192cef08e909dfeeb7	source-directory-byte-hash-unrelated-snapshot	NOT_ASSESSED_BY_FILE_DELTA
PATIENT_WEB	app/[locale]/medicines/page.tsx	PATIENT_WEB	SAME_CONTENT	9791aadc7b7bb46bccc524f4ced9676679f47aa6e82cfdb74549bcce5c319b11	9791aadc7b7bb46bccc524f4ced9676679f47aa6e82cfdb74549bcce5c319b11	source-directory-byte-hash-unrelated-snapshot	NOT_ASSESSED_BY_FILE_DELTA
PATIENT_WEB	app/[locale]/mental-health/breathing/page.tsx	PATIENT_WEB	MODIFIED	8b77dd5acc5823bc99ea13d7cea448b345155ec2ae99dbaef12aa163b920057b	18d245399f8c8b6a5aaca7c893554a6c4603fe7538cdce69f4b9455b2eba5da2	source-directory-byte-hash-unrelated-snapshot	NOT_ASSESSED_BY_FILE_DELTA
PATIENT_WEB	app/[locale]/mental-health/crisis-contacts/page.tsx	PATIENT_WEB	SAME_CONTENT	9a60a97c9f322528a9ef8ca43d3d53904d38a0ca31bfd5f7ca66ddc565b90bca	9a60a97c9f322528a9ef8ca43d3d53904d38a0ca31bfd5f7ca66ddc565b90bca	source-directory-byte-hash-unrelated-snapshot	NOT_ASSESSED_BY_FILE_DELTA
PATIENT_WEB	app/[locale]/mental-health/meditation/page.tsx	PATIENT_WEB	MODIFIED	a6ac3b1c45e4021ec8eff4cf9553c9961570f2615da8c688a858cb876bd14327	27845246663e842ef59fc4230318ebdd475e340cd2762bbed16ad14dcbb34e76	source-directory-byte-hash-unrelated-snapshot	NOT_ASSESSED_BY_FILE_DELTA
PATIENT_WEB	app/[locale]/mental-health/mental-health.module.css	PATIENT_WEB	SAME_CONTENT	99b16f733358dc02067689f53cd94849fc37b454879e1b07141a6da84da38a39	99b16f733358dc02067689f53cd94849fc37b454879e1b07141a6da84da38a39	source-directory-byte-hash-unrelated-snapshot	NOT_ASSESSED_BY_FILE_DELTA
PATIENT_WEB	app/[locale]/mental-health/mood/page.tsx	PATIENT_WEB	MODIFIED	e80be3733662478fd4b58a3fce1eefb7c64be5435dc6f3f4463c8ce3e6521aac	85e7aeca177b76e68128d56bb68cb9f606dccb863c26f2c3f567c66ec9071b15	source-directory-byte-hash-unrelated-snapshot	NOT_ASSESSED_BY_FILE_DELTA
PATIENT_WEB	app/[locale]/mental-health/page.tsx	PATIENT_WEB	SAME_CONTENT	1c4ad91b59aa1028cb974de85574513a252e7808ee25539333f231a8757132dc	1c4ad91b59aa1028cb974de85574513a252e7808ee25539333f231a8757132dc	source-directory-byte-hash-unrelated-snapshot	NOT_ASSESSED_BY_FILE_DELTA
PATIENT_WEB	app/[locale]/metadata-indexing.test.ts	TEST_OR_E2E	SAME_CONTENT	93517f7533f32c1ecf50dd6f95c0a8d7ad0d500074a165448dd47773d79d852b	93517f7533f32c1ecf50dd6f95c0a8d7ad0d500074a165448dd47773d79d852b	source-directory-byte-hash-unrelated-snapshot	NOT_ASSESSED_BY_FILE_DELTA
PATIENT_WEB	app/[locale]/not-found.test.tsx	PATIENT_WEB	SAME_CONTENT	e06e848c619be0bd11dbe9e8a6b032ed90cae3488df32e1087143f33cdd08780	e06e848c619be0bd11dbe9e8a6b032ed90cae3488df32e1087143f33cdd08780	source-directory-byte-hash-unrelated-snapshot	NOT_ASSESSED_BY_FILE_DELTA
PATIENT_WEB	app/[locale]/not-found.tsx	PATIENT_WEB	SAME_CONTENT	fb9e03f2b81a7e5530ab97607840d7e122ae1f2e0a35ff1d8ac98b0e1e23058e	fb9e03f2b81a7e5530ab97607840d7e122ae1f2e0a35ff1d8ac98b0e1e23058e	source-directory-byte-hash-unrelated-snapshot	NOT_ASSESSED_BY_FILE_DELTA
PATIENT_WEB	app/[locale]/notifications/notifications-ssr.test.ts	TEST_OR_E2E	SAME_CONTENT	d5079f3a1cef945d081d7d7ff701825ee06e37d421404308119c2064c22fdff0	d5079f3a1cef945d081d7d7ff701825ee06e37d421404308119c2064c22fdff0	source-directory-byte-hash-unrelated-snapshot	NOT_ASSESSED_BY_FILE_DELTA
PATIENT_WEB	app/[locale]/notifications/notifications.module.css	PATIENT_WEB	SAME_CONTENT	29b5a5cce10461019ce463b4e57810ea6f9ee27cfc493f59b56fe5c066eca525	29b5a5cce10461019ce463b4e57810ea6f9ee27cfc493f59b56fe5c066eca525	source-directory-byte-hash-unrelated-snapshot	NOT_ASSESSED_BY_FILE_DELTA
PATIENT_WEB	app/[locale]/notifications/page.tsx	PATIENT_WEB	MODIFIED	6ba87756f352753d95ec3c78a682d25658daff4fbd495d7cfd7f19ef27330379	5ae9b51e27b202216c48cb3e834fd5fabd56dba3377a468ebf8d73e1c6477b8d	source-directory-byte-hash-unrelated-snapshot	NOT_ASSESSED_BY_FILE_DELTA
PATIENT_WEB	app/[locale]/notifications/settings/page.tsx	PATIENT_WEB	SAME_CONTENT	d4c0b0234e6ad8c6b97b558685d8c8d4b731f5691bcddeec4892cc5092ea2bcf	d4c0b0234e6ad8c6b97b558685d8c8d4b731f5691bcddeec4892cc5092ea2bcf	source-directory-byte-hash-unrelated-snapshot	NOT_ASSESSED_BY_FILE_DELTA
PATIENT_WEB	app/[locale]/notifications/settings/settings.module.css	PATIENT_WEB	SAME_CONTENT	eb8d8a4833e9957e11e6534f47cfcbdeb99abaf295850f9f3dd3ee95815f7ac3	eb8d8a4833e9957e11e6534f47cfcbdeb99abaf295850f9f3dd3ee95815f7ac3	source-directory-byte-hash-unrelated-snapshot	NOT_ASSESSED_BY_FILE_DELTA
PATIENT_WEB	app/[locale]/nutrition/page.tsx	PATIENT_WEB	INCOMING_ONLY		8508dc70617160bf3d871ab5f7e5ee05d8f5243baf4e2fbc6e059c50ca261c2e	source-directory-byte-hash-unrelated-snapshot	NOT_ASSESSED_BY_FILE_DELTA
PATIENT_WEB	app/[locale]/offers/[offerId]/page.tsx	PATIENT_WEB	INCOMING_ONLY		37334e1dc1f61e4b3403d7db257e9da8aea7f6de6c28883ab74cc96be6f0f794	source-directory-byte-hash-unrelated-snapshot	NOT_ASSESSED_BY_FILE_DELTA
PATIENT_WEB	app/[locale]/offers/page.tsx	PATIENT_WEB	INCOMING_ONLY		10dc9078924cc98101e55e0e9509627079d00bdfc96c5c20404a90738fcca758	source-directory-byte-hash-unrelated-snapshot	NOT_ASSESSED_BY_FILE_DELTA
PATIENT_WEB	app/[locale]/orders/[orderId]/order-detail.module.css	PATIENT_WEB	SAME_CONTENT	26207776f9441c3b46ae0ef7dd2f233cecb18041231c75e837bb377fdf40b01c	26207776f9441c3b46ae0ef7dd2f233cecb18041231c75e837bb377fdf40b01c	source-directory-byte-hash-unrelated-snapshot	NOT_ASSESSED_BY_FILE_DELTA
PATIENT_WEB	app/[locale]/orders/[orderId]/page.tsx	PATIENT_WEB	SAME_CONTENT	1d90c3b4f7c7e3ca4ba89d8fea0c5c6d548a0751c804d47298cf99b7a31dd9bd	1d90c3b4f7c7e3ca4ba89d8fea0c5c6d548a0751c804d47298cf99b7a31dd9bd	source-directory-byte-hash-unrelated-snapshot	NOT_ASSESSED_BY_FILE_DELTA
PATIENT_WEB	app/[locale]/orders/[orderId]/tracking/page.tsx	PATIENT_WEB	SAME_CONTENT	36151e2f5485cb3bbb5c4eb3075e53c8fdc43ef042fe6dee444d338e07eb824b	36151e2f5485cb3bbb5c4eb3075e53c8fdc43ef042fe6dee444d338e07eb824b	source-directory-byte-hash-unrelated-snapshot	NOT_ASSESSED_BY_FILE_DELTA
PATIENT_WEB	app/[locale]/orders/orders-ssr.test.ts	TEST_OR_E2E	SAME_CONTENT	86254d2f00f79c73517f63d7ddf72b66e1dcf0d54aab2cedae9a68cc5f912a9e	86254d2f00f79c73517f63d7ddf72b66e1dcf0d54aab2cedae9a68cc5f912a9e	source-directory-byte-hash-unrelated-snapshot	NOT_ASSESSED_BY_FILE_DELTA
PATIENT_WEB	app/[locale]/orders/orders.module.css	PATIENT_WEB	SAME_CONTENT	1bf363d5612133e350145ab460b0fb50cc7a9be4fb349606d76a1d66599540ac	1bf363d5612133e350145ab460b0fb50cc7a9be4fb349606d76a1d66599540ac	source-directory-byte-hash-unrelated-snapshot	NOT_ASSESSED_BY_FILE_DELTA
PATIENT_WEB	app/[locale]/orders/page.tsx	PATIENT_WEB	SAME_CONTENT	7ee0d21d7058dd02be070a1e698059f6caed554ee6b76139a46fa8c8ab3974b6	7ee0d21d7058dd02be070a1e698059f6caed554ee6b76139a46fa8c8ab3974b6	source-directory-byte-hash-unrelated-snapshot	NOT_ASSESSED_BY_FILE_DELTA
PATIENT_WEB	app/[locale]/page.metadata.test.ts	TEST_OR_E2E	SAME_CONTENT	b1242449239ca165dc8501ab73e3458de1223dd35c8a4852e0dc0a3489707b71	b1242449239ca165dc8501ab73e3458de1223dd35c8a4852e0dc0a3489707b71	source-directory-byte-hash-unrelated-snapshot	NOT_ASSESSED_BY_FILE_DELTA
PATIENT_WEB	app/[locale]/page.tsx	PATIENT_WEB	SAME_CONTENT	7a97ff0734319af803e9640c64ff82caa8228bb0a376a94e496be25b919eaa82	7a97ff0734319af803e9640c64ff82caa8228bb0a376a94e496be25b919eaa82	source-directory-byte-hash-unrelated-snapshot	NOT_ASSESSED_BY_FILE_DELTA
PATIENT_WEB	app/[locale]/pharmacy/offers/page.tsx	PATIENT_WEB	INCOMING_ONLY		e17a2bb8e4f8122db7306f4ea05cb8a8059a9a8eb8194797daa6b1de4a31163e	source-directory-byte-hash-unrelated-snapshot	NOT_ASSESSED_BY_FILE_DELTA
PATIENT_WEB	app/[locale]/pharmacy/pay/page.tsx	PATIENT_WEB	INCOMING_ONLY		c8e8f4ca77aa0e21808853336102d4a53d5e56dafdc23952f1718d806f8c39c7	source-directory-byte-hash-unrelated-snapshot	NOT_ASSESSED_BY_FILE_DELTA
PATIENT_WEB	app/[locale]/pharmacy/select/page.tsx	PATIENT_WEB	INCOMING_ONLY		f1be7ecfc6c7460e274c5545b3e261a238693c5077d294a0c7c0d7e34c575fd4	source-directory-byte-hash-unrelated-snapshot	NOT_ASSESSED_BY_FILE_DELTA
PATIENT_WEB	app/[locale]/prescriptions/[prescriptionId]/page.tsx	PATIENT_WEB	SAME_CONTENT	a5ca4b7cfd0dc99ac5ba410adb297bdf61bfecdd3676433ca7995d44edc64c6d	a5ca4b7cfd0dc99ac5ba410adb297bdf61bfecdd3676433ca7995d44edc64c6d	source-directory-byte-hash-unrelated-snapshot	NOT_ASSESSED_BY_FILE_DELTA
PATIENT_WEB	app/[locale]/prescriptions/page.tsx	PATIENT_WEB	SAME_CONTENT	d4ed3d36bd529b0c331e085c07abc4df0ac475e0615363b80a1d99fb95b6a833	d4ed3d36bd529b0c331e085c07abc4df0ac475e0615363b80a1d99fb95b6a833	source-directory-byte-hash-unrelated-snapshot	NOT_ASSESSED_BY_FILE_DELTA
PATIENT_WEB	app/[locale]/prescriptions/prescriptions-ssr.test.ts	TEST_OR_E2E	SAME_CONTENT	602043a3d8c038d7f19c8d6d03acef0e108bef01f72dd9f42e887c81882d7728	602043a3d8c038d7f19c8d6d03acef0e108bef01f72dd9f42e887c81882d7728	source-directory-byte-hash-unrelated-snapshot	NOT_ASSESSED_BY_FILE_DELTA
PATIENT_WEB	app/[locale]/prescriptions/prescriptions.module.css	PATIENT_WEB	SAME_CONTENT	7dc04af09ff07cbddfdeea5f9ae6c5ede6505e668dacffcff90355788d982c75	7dc04af09ff07cbddfdeea5f9ae6c5ede6505e668dacffcff90355788d982c75	source-directory-byte-hash-unrelated-snapshot	NOT_ASSESSED_BY_FILE_DELTA
PATIENT_WEB	app/[locale]/profile/page.tsx	PATIENT_WEB	SAME_CONTENT	8b7244ec55a20d0d14625edc4b787b9e539607ebfbb6c2154c8d6fcbfb82ef9e	8b7244ec55a20d0d14625edc4b787b9e539607ebfbb6c2154c8d6fcbfb82ef9e	source-directory-byte-hash-unrelated-snapshot	NOT_ASSESSED_BY_FILE_DELTA
PATIENT_WEB	app/[locale]/profile/profile-page-ssr.test.ts	TEST_OR_E2E	SAME_CONTENT	52fabe86443fd2279ab426d6e51fe85d98245e828f9fbc894902ea75ae190da9	52fabe86443fd2279ab426d6e51fe85d98245e828f9fbc894902ea75ae190da9	source-directory-byte-hash-unrelated-snapshot	NOT_ASSESSED_BY_FILE_DELTA
PATIENT_WEB	app/[locale]/profile/profile.module.css	PATIENT_WEB	SAME_CONTENT	87f12f80c172566acd0b49a8372a7fce83f0b89a5f87876802b576be33db4d71	87f12f80c172566acd0b49a8372a7fce83f0b89a5f87876802b576be33db4d71	source-directory-byte-hash-unrelated-snapshot	NOT_ASSESSED_BY_FILE_DELTA
PATIENT_WEB	app/[locale]/programs/page.tsx	PATIENT_WEB	INCOMING_ONLY		0901db75c2a378a11ea219a5fa732d4bc99b241d78e54bd5fcdf6efbcfd97af6	source-directory-byte-hash-unrelated-snapshot	NOT_ASSESSED_BY_FILE_DELTA
PATIENT_WEB	app/[locale]/providers-map/page.tsx	PATIENT_WEB	INCOMING_ONLY		aef8436d0c36753862e17556eab220827801b5c0096242f3fb023a79ae257c0b	source-directory-byte-hash-unrelated-snapshot	NOT_ASSESSED_BY_FILE_DELTA
PATIENT_WEB	app/[locale]/reminders/page.tsx	PATIENT_WEB	SAME_CONTENT	41037ce2c21801e73671edbca6ed3ee4264ce0c00149892eb94baaedf78ee952	41037ce2c21801e73671edbca6ed3ee4264ce0c00149892eb94baaedf78ee952	source-directory-byte-hash-unrelated-snapshot	NOT_ASSESSED_BY_FILE_DELTA
PATIENT_WEB	app/[locale]/reminders/reminders-ssr.test.ts	TEST_OR_E2E	SAME_CONTENT	3381130ec513a8e0564a5276882d9a71e6472e4cd3a487fe67c5a9639366e2ad	3381130ec513a8e0564a5276882d9a71e6472e4cd3a487fe67c5a9639366e2ad	source-directory-byte-hash-unrelated-snapshot	NOT_ASSESSED_BY_FILE_DELTA
PATIENT_WEB	app/[locale]/reminders/reminders.module.css	PATIENT_WEB	SAME_CONTENT	479264ca1014b7683ab8204e40d53dd6632295d23a54973a975e215f722d0493	479264ca1014b7683ab8204e40d53dd6632295d23a54973a975e215f722d0493	source-directory-byte-hash-unrelated-snapshot	NOT_ASSESSED_BY_FILE_DELTA
PATIENT_WEB	app/[locale]/returns/page.tsx	PATIENT_WEB	INCOMING_ONLY		93040671dc11189cffd6fbca305f0f3d1b1c352f3248f0658db014c7ce31368f	source-directory-byte-hash-unrelated-snapshot	NOT_ASSESSED_BY_FILE_DELTA
PATIENT_WEB	app/[locale]/reviews/page.tsx	PATIENT_WEB	INCOMING_ONLY		6ff43613c769c89de5ebecf26c021195a39b34d11868d82be51d61b8e5c8fb06	source-directory-byte-hash-unrelated-snapshot	NOT_ASSESSED_BY_FILE_DELTA
PATIENT_WEB	app/[locale]/route-state-ssr.test.tsx	PATIENT_WEB	SAME_CONTENT	611d51d00d29f9f92f45099a63da81cff0f9f45cdc069f5ebe0869128dfb9f75	611d51d00d29f9f92f45099a63da81cff0f9f45cdc069f5ebe0869128dfb9f75	source-directory-byte-hash-unrelated-snapshot	NOT_ASSESSED_BY_FILE_DELTA
PATIENT_WEB	app/[locale]/settings/edit/page.tsx	PATIENT_WEB	INCOMING_ONLY		89feb78530163b60a5480ad803d24171d80aa4c98c5081553b2c4180eb4a157d	source-directory-byte-hash-unrelated-snapshot	NOT_ASSESSED_BY_FILE_DELTA
PATIENT_WEB	app/[locale]/settings/page.tsx	PATIENT_WEB	SAME_CONTENT	aa3a2339987d213456cb564571fd38d6d2703865f769d3453dfc2ec9e2a5784b	aa3a2339987d213456cb564571fd38d6d2703865f769d3453dfc2ec9e2a5784b	source-directory-byte-hash-unrelated-snapshot	NOT_ASSESSED_BY_FILE_DELTA
PATIENT_WEB	app/[locale]/settings/security/page.tsx	PATIENT_WEB	INCOMING_ONLY		c5aed1a72e8025ad9eeb9c78dc7eedc74370c3b10c940fbd9b706743efbbc9fd	source-directory-byte-hash-unrelated-snapshot	NOT_ASSESSED_BY_FILE_DELTA
PATIENT_WEB	app/[locale]/settings/settings.module.css	PATIENT_WEB	SAME_CONTENT	0375ab6489c2940c389cfc0f8a6b4f192606c3f420155a13bad461e5a77d054b	0375ab6489c2940c389cfc0f8a6b4f192606c3f420155a13bad461e5a77d054b	source-directory-byte-hash-unrelated-snapshot	NOT_ASSESSED_BY_FILE_DELTA
PATIENT_WEB	app/[locale]/support/[ticketId]/page.tsx	PATIENT_WEB	INCOMING_ONLY		31f95b1b7c51f6dcf2516e35e9831a119e64cb1ff9fc56aeb5bfc16364adeca6	source-directory-byte-hash-unrelated-snapshot	NOT_ASSESSED_BY_FILE_DELTA
PATIENT_WEB	app/[locale]/support/page.tsx	PATIENT_WEB	INCOMING_ONLY		93d305068c00fb85d9702952fad5789eeb1ed62e7039a5df7fe1fb9f442d2ed1	source-directory-byte-hash-unrelated-snapshot	NOT_ASSESSED_BY_FILE_DELTA
PATIENT_WEB	app/[locale]/wearables/page.tsx	PATIENT_WEB	INCOMING_ONLY		aff8ce7e7696bdb19d4801af184d3e1331bfc4a3f5577b9ae8e07a7782e559ce	source-directory-byte-hash-unrelated-snapshot	NOT_ASSESSED_BY_FILE_DELTA
PATIENT_WEB	app/[locale]/wishlist/page.tsx	PATIENT_WEB	SAME_CONTENT	bbf92adbd36edd713878784a05c9294b53d7eb51cdd56994d1055342f77b099a	bbf92adbd36edd713878784a05c9294b53d7eb51cdd56994d1055342f77b099a	source-directory-byte-hash-unrelated-snapshot	NOT_ASSESSED_BY_FILE_DELTA
PATIENT_WEB	app/[locale]/wishlist/wishlist.module.css	PATIENT_WEB	SAME_CONTENT	ea38e30b78b93d9fa76029ee955e8e1e0b4760c540995a4f63441a7b710b24ed	ea38e30b78b93d9fa76029ee955e8e1e0b4760c540995a4f63441a7b710b24ed	source-directory-byte-hash-unrelated-snapshot	NOT_ASSESSED_BY_FILE_DELTA
PATIENT_WEB	app/api/ai/route.ts	PATIENT_WEB_BFF	INCOMING_ONLY		0332ac6a86af2c97dcacbd8cc293a0019bf41a2f65c1b4b3e6221e0a759f36f5	source-directory-byte-hash-unrelated-snapshot	NOT_ASSESSED_BY_FILE_DELTA
PATIENT_WEB	app/api/appointments/[appointmentId]/call-token/route.test.ts	PATIENT_WEB_BFF	SAME_CONTENT	a06078c2e4c46ee0db7e61345bdef66d059460be0e74e8efec47d3a3448ae705	a06078c2e4c46ee0db7e61345bdef66d059460be0e74e8efec47d3a3448ae705	source-directory-byte-hash-unrelated-snapshot	NOT_ASSESSED_BY_FILE_DELTA
PATIENT_WEB	app/api/appointments/[appointmentId]/call-token/route.ts	PATIENT_WEB_BFF	SAME_CONTENT	46bee85e27f1d8894e6c0a230d14fd3cbf2e7300b8b56e8595e4b464fba300c7	46bee85e27f1d8894e6c0a230d14fd3cbf2e7300b8b56e8595e4b464fba300c7	source-directory-byte-hash-unrelated-snapshot	NOT_ASSESSED_BY_FILE_DELTA
PATIENT_WEB	app/api/appointments/[appointmentId]/cancel/route.test.ts	PATIENT_WEB_BFF	MODIFIED	c2e866afe466eae9624a7f9e15fb39983aeb1cd73b54594b9edbb474b9ce54f2	418eb4d66109cc700b4bf0cb5adbcaf52ad1e9e33e0dfb2398e2461b413ff3fe	source-directory-byte-hash-unrelated-snapshot	NOT_ASSESSED_BY_FILE_DELTA
PATIENT_WEB	app/api/appointments/[appointmentId]/cancel/route.ts	PATIENT_WEB_BFF	MODIFIED	e32f344c3bd24eadc07d213e476d5d4552680af49e0c630c933db45b5638336a	6654fa97c34e9bc2b06dcc1e365e242b8091a246fe228a3328206afb59d146d0	source-directory-byte-hash-unrelated-snapshot	NOT_ASSESSED_BY_FILE_DELTA
PATIENT_WEB	app/api/appointments/[appointmentId]/payment-intent/route.test.ts	PATIENT_WEB_BFF	MODIFIED	0011c517e672229bcdd3faf7cb2214023a37a93bc8b214fd5c1b1fa1b2e0b2bb	020dddc1f77e5fee8902d37fdd26cf55af6bc63b34afca26aee3697c3ac80104	source-directory-byte-hash-unrelated-snapshot	NOT_ASSESSED_BY_FILE_DELTA
PATIENT_WEB	app/api/appointments/[appointmentId]/payment-intent/route.ts	PATIENT_WEB_BFF	MODIFIED	1d3c4e430410d99ebb940aa5714c7ff6b89da2e953d5f8eef392a0901dd8adae	b45943ed57393449774adcaa8df4444de354ebba5a6e6e2b57342d4947a01e85	source-directory-byte-hash-unrelated-snapshot	NOT_ASSESSED_BY_FILE_DELTA
PATIENT_WEB	app/api/appointments/[appointmentId]/reschedule/route.test.ts	PATIENT_WEB_BFF	MODIFIED	877cd146d1170631216fb488a7a704841e63ee4b96d1be34a95c664ae29ce7b0	82ff6d2a4e78713531b0f5143fcd38d725ab94bd4e9af66b76686fcde578d641	source-directory-byte-hash-unrelated-snapshot	NOT_ASSESSED_BY_FILE_DELTA
PATIENT_WEB	app/api/appointments/[appointmentId]/reschedule/route.ts	PATIENT_WEB_BFF	MODIFIED	532ca60ec3ea00e2cde670c8d6562248665fa19a93cfd4ce79be46e4d9e1f67a	adfc227e1a11deb52aac3ee74231960287028a6534850a313dc5b1af50cd3a6e	source-directory-byte-hash-unrelated-snapshot	NOT_ASSESSED_BY_FILE_DELTA
PATIENT_WEB	app/api/appointments/book/route.test.ts	PATIENT_WEB_BFF	MODIFIED	e6f9d5ef584d735edf468e5e51b728be93496b3cde85b49d0743ad22d83acc8f	444bef90a11e212ef2597bb389fe8386088f3b8c2f3e1259f63ca112f05732c7	source-directory-byte-hash-unrelated-snapshot	NOT_ASSESSED_BY_FILE_DELTA
PATIENT_WEB	app/api/appointments/book/route.ts	PATIENT_WEB_BFF	MODIFIED	aed1f9332453b22910a7396339e60bf23c24161c373402fac126a48fbe1d9be4	94dab86b56ba2b62a33b3a219a44bdd94dbea2f1d982149a88182383f9ca67f7	source-directory-byte-hash-unrelated-snapshot	NOT_ASSESSED_BY_FILE_DELTA
PATIENT_WEB	app/api/auth/login/route.ts	PATIENT_WEB_BFF	MODIFIED	fc69d2fa63fcafc604b625ec855e844652f79f6c063a3ad22a49f072ff5d07de	9d0c288172408cd71a30a2547be27e2b11cec0e382ee249df35b823a994c0634	source-directory-byte-hash-unrelated-snapshot	NOT_ASSESSED_BY_FILE_DELTA
PATIENT_WEB	app/api/auth/logout/route.ts	PATIENT_WEB_BFF	MODIFIED	2b50e082285f77b861be63f9f0ecaf0ee9695a42f813cf91d30e25a609e2215f	7d7ac1ebab4684df8d77c34558ec7aa439a4858b5b7651c4d3cd29a3d69ee772	source-directory-byte-hash-unrelated-snapshot	NOT_ASSESSED_BY_FILE_DELTA
PATIENT_WEB	app/api/auth/otp/otp-routes.test.ts	PATIENT_WEB_BFF	MODIFIED	ffecab7e34dc0892a9a5189dcf3ad3ee124ec4f658b35f49695c1f587f4a4670	67b018b62bcedea20638bd82c04c594cb5143f3483cdc3fc71c0c78306c350e1	source-directory-byte-hash-unrelated-snapshot	NOT_ASSESSED_BY_FILE_DELTA
PATIENT_WEB	app/api/auth/otp/request/route.ts	PATIENT_WEB_BFF	MODIFIED	7f22bc2ae4965fa8021006597349b701c02bae5d71a2ca3824f29315f51c812e	e5f92fc3ff73c4c0c4d9a3b80a7109dbff956be15f5ad607ceb5c26052808ef5	source-directory-byte-hash-unrelated-snapshot	NOT_ASSESSED_BY_FILE_DELTA
PATIENT_WEB	app/api/auth/otp/verify/route.ts	PATIENT_WEB_BFF	MODIFIED	a73d7369746a17ee00dee84d9821212afbb2bd73a6ccaa79fa068d41a3857a39	56b46da63304fc7b1aeed3d15c6a8cd57db0b3b8409e40ee04bc3f6560ceb3cc	source-directory-byte-hash-unrelated-snapshot	NOT_ASSESSED_BY_FILE_DELTA
PATIENT_WEB	app/api/auth/session/exchange/route.ts	PATIENT_WEB_BFF	MODIFIED	706bd91b7402bce1e97a10eb73a60be32b95843389de2dc3cc98411fe995be3c	2bcffc63134bedff2d70bb73dba8ad6535d903d0682d3b169518cf6f948d3227	source-directory-byte-hash-unrelated-snapshot	NOT_ASSESSED_BY_FILE_DELTA
PATIENT_WEB	app/api/auth/session/route.ts	PATIENT_WEB_BFF	MODIFIED	50932d1d96dc6fc6b561e5f465b92f56f7b85dffb67e45a714e080eefdc96ba2	592ba3b96aea86256ae3651bed6709b069f9fdf3d1ca23a2db5b42facad85e79	source-directory-byte-hash-unrelated-snapshot	NOT_ASSESSED_BY_FILE_DELTA
PATIENT_WEB	app/api/auth/verify-2fa/route.ts	PATIENT_WEB_BFF	MODIFIED	faeeec6c565cd6a9f7ab29e134b5b46df5e6628f7ae55957f2c928731e96e59d	399a3cdef4c9873e350d655876e1b8d11a1a6183607330baa762650f93a7ab7b	source-directory-byte-hash-unrelated-snapshot	NOT_ASSESSED_BY_FILE_DELTA
PATIENT_WEB	app/api/bookings/[kind]/route.ts	PATIENT_WEB_BFF	INCOMING_ONLY		7916ed29ad0813076ea000cccf805c3f9c885962f1ee67b9baf8bcbcaeb50b60	source-directory-byte-hash-unrelated-snapshot	NOT_ASSESSED_BY_FILE_DELTA
PATIENT_WEB	app/api/chat/threads/[threadId]/media/route.ts	PATIENT_WEB_BFF	INCOMING_ONLY		78722a6d3515ef168b1a1c29168611c1ead3756fd994cadd4dbd038d292e4c7c	source-directory-byte-hash-unrelated-snapshot	NOT_ASSESSED_BY_FILE_DELTA
PATIENT_WEB	app/api/chat/threads/[threadId]/messages/route.ts	PATIENT_WEB_BFF	INCOMING_ONLY		ffad5bef85a489ad4b38dcb1f8c4958def698fbdf9d3eaf60e1880c1a94a5ea6	source-directory-byte-hash-unrelated-snapshot	NOT_ASSESSED_BY_FILE_DELTA
PATIENT_WEB	app/api/chat/threads/[threadId]/read/route.ts	PATIENT_WEB_BFF	INCOMING_ONLY		b1fc932fa283c4c2c96c1034f278cebb8b8e3e0bc4353605e6f0fc293e20c80d	source-directory-byte-hash-unrelated-snapshot	NOT_ASSESSED_BY_FILE_DELTA
PATIENT_WEB	app/api/chat/threads/[threadId]/rt-token/route.ts	PATIENT_WEB_BFF	INCOMING_ONLY		23c24720c1239229991aaba328ea519d4464118655533f81997759a0cdd7558a	source-directory-byte-hash-unrelated-snapshot	NOT_ASSESSED_BY_FILE_DELTA
PATIENT_WEB	app/api/community/[action]/route.ts	PATIENT_WEB_BFF	INCOMING_ONLY		755bb890271e58a97ae22927c377910161169704a20268f10eb6ec68ec3647ba	source-directory-byte-hash-unrelated-snapshot	NOT_ASSESSED_BY_FILE_DELTA
PATIENT_WEB	app/api/drug-scanner/route.ts	PATIENT_WEB_BFF	INCOMING_ONLY		8621a22846d07f0f58b5961107c43600f867e6c3ab67c42306a20507ff7997c6	source-directory-byte-hash-unrelated-snapshot	NOT_ASSESSED_BY_FILE_DELTA
PATIENT_WEB	app/api/emergency/[action]/route.ts	PATIENT_WEB_BFF	INCOMING_ONLY		88b15b61c50d1a179942c88e7ffb51481700bb353d2630fd9a0e92c5f0e251ff	source-directory-byte-hash-unrelated-snapshot	NOT_ASSESSED_BY_FILE_DELTA
PATIENT_WEB	app/api/family/create/route.ts	PATIENT_WEB_BFF	INCOMING_ONLY		2c5ef6a35a94f115435c4fc2126f8c965d7688717cdc0995c0f20878f765bc9b	source-directory-byte-hash-unrelated-snapshot	NOT_ASSESSED_BY_FILE_DELTA
PATIENT_WEB	app/api/family/invite/route.ts	PATIENT_WEB_BFF	INCOMING_ONLY		0c30f5bfa3fa56748c164916e4bee3fb8642f002b25154c73220eca77b865b5f	source-directory-byte-hash-unrelated-snapshot	NOT_ASSESSED_BY_FILE_DELTA
PATIENT_WEB	app/api/family/join/route.ts	PATIENT_WEB_BFF	INCOMING_ONLY		e7e6c83e02c4b0f8035af82e33ceb072f8be3e91cef1c1e05a9a4345c811f18f	source-directory-byte-hash-unrelated-snapshot	NOT_ASSESSED_BY_FILE_DELTA
PATIENT_WEB	app/api/family/leave/route.ts	PATIENT_WEB_BFF	INCOMING_ONLY		59b71b0e64dcc3af26fd405a98f9ce714ca121c298ac0d288c37ac2056fc2055	source-directory-byte-hash-unrelated-snapshot	NOT_ASSESSED_BY_FILE_DELTA
PATIENT_WEB	app/api/family/members/[memberId]/permissions/route.ts	PATIENT_WEB_BFF	INCOMING_ONLY		fee8bd6c78e83a89ae31149d75da76265549cf5413ccf967f508425b317d4984	source-directory-byte-hash-unrelated-snapshot	NOT_ASSESSED_BY_FILE_DELTA
PATIENT_WEB	app/api/family/members/[memberId]/route.ts	PATIENT_WEB_BFF	INCOMING_ONLY		f59d53bc64e6f888f1c99be0d560b40d31c545ee6b8fbf4f67400de8d5eb82f3	source-directory-byte-hash-unrelated-snapshot	NOT_ASSESSED_BY_FILE_DELTA
PATIENT_WEB	app/api/family/members/route.ts	PATIENT_WEB_BFF	INCOMING_ONLY		663237f93d18e972ae79d799bf306766ecebd1bea8f5515613bea6a43128ed7c	source-directory-byte-hash-unrelated-snapshot	NOT_ASSESSED_BY_FILE_DELTA
PATIENT_WEB	app/api/health/sleep/route.ts	PATIENT_WEB_BFF	INCOMING_ONLY		b56407e1238f2ee7b20a2af9a4b6b4dad2973eb77a0d69505dffa629912679b8	source-directory-byte-hash-unrelated-snapshot	NOT_ASSESSED_BY_FILE_DELTA
PATIENT_WEB	app/api/health/vitals/route.ts	PATIENT_WEB_BFF	INCOMING_ONLY		f8f0c2fab788110529e0e72394738cc25c3a3dcbb30ae303acd24497c9bc0b2a	source-directory-byte-hash-unrelated-snapshot	NOT_ASSESSED_BY_FILE_DELTA
PATIENT_WEB	app/api/insurance/requests/[requestId]/pay-copay/route.ts	PATIENT_WEB_BFF	INCOMING_ONLY		ab5445665747104d6b7ea1bc6f4638c27cb2c597dcc78a220b735593e60df960	source-directory-byte-hash-unrelated-snapshot	NOT_ASSESSED_BY_FILE_DELTA
PATIENT_WEB	app/api/insurance/requests/[requestId]/payment-intent/route.ts	PATIENT_WEB_BFF	INCOMING_ONLY		442d4e60144d265c78c8ab00aa0f57b6697cb1b51f517964fff66575c9b97596	source-directory-byte-hash-unrelated-snapshot	NOT_ASSESSED_BY_FILE_DELTA
PATIENT_WEB	app/api/loyalty/route.ts	PATIENT_WEB_BFF	INCOMING_ONLY		709b99efd8a0e6b369e354d07ab055798d800d50f060ef7781b618d25d8c1c5a	source-directory-byte-hash-unrelated-snapshot	NOT_ASSESSED_BY_FILE_DELTA
PATIENT_WEB	app/api/maternity/profile/route.ts	PATIENT_WEB_BFF	INCOMING_ONLY		1ef6173674ea933466a99319c6184c17a0c89c3cc7d391c1bdd4e101f1a57079	source-directory-byte-hash-unrelated-snapshot	NOT_ASSESSED_BY_FILE_DELTA
PATIENT_WEB	app/api/media/[mediaId]/url/route.ts	PATIENT_WEB_BFF	INCOMING_ONLY		72c6fd27d61504fc302167c2b2cc308ce96856ee573d7e15d31f98fb838602f9	source-directory-byte-hash-unrelated-snapshot	NOT_ASSESSED_BY_FILE_DELTA
PATIENT_WEB	app/api/medicines/compare/route.ts	PATIENT_WEB_BFF	INCOMING_ONLY		259aca3926c8ff8eafc7bce956fc187204f152462feaaac7a73a201a53b007e0	source-directory-byte-hash-unrelated-snapshot	NOT_ASSESSED_BY_FILE_DELTA
PATIENT_WEB	app/api/mental-health/mood/route.ts	PATIENT_WEB_BFF	INCOMING_ONLY		8c349bed498ab3dd24c531b706b1f6e9e914710a965d29e539024e4b11f1f729	source-directory-byte-hash-unrelated-snapshot	NOT_ASSESSED_BY_FILE_DELTA
PATIENT_WEB	app/api/mental-health/sessions/route.ts	PATIENT_WEB_BFF	INCOMING_ONLY		5f7574da95784f1e3ae5bb533aec3bc23a7c752559aa43d0a86aedb109aebb3f	source-directory-byte-hash-unrelated-snapshot	NOT_ASSESSED_BY_FILE_DELTA
PATIENT_WEB	app/api/patient/[...path]/route.test.ts	PATIENT_WEB_BFF	SAME_CONTENT	4472373e769b4065019e7ed2981933a77ef056c3ddc6c3bc6363e334f2214148	4472373e769b4065019e7ed2981933a77ef056c3ddc6c3bc6363e334f2214148	source-directory-byte-hash-unrelated-snapshot	NOT_ASSESSED_BY_FILE_DELTA
PATIENT_WEB	app/api/patient/[...path]/route.ts	PATIENT_WEB_BFF	SAME_CONTENT	740115708afe90d926aa10b548683b7a5139dc146e069f26133e5f8cf36d269a	740115708afe90d926aa10b548683b7a5139dc146e069f26133e5f8cf36d269a	source-directory-byte-hash-unrelated-snapshot	NOT_ASSESSED_BY_FILE_DELTA
PATIENT_WEB	app/api/pharmacy/orders/[orderId]/cod/route.ts	PATIENT_WEB_BFF	INCOMING_ONLY		e0c3d15ab39a0a1c455e863b88552e237f1ba364cdef90f948224572bcb01a33	source-directory-byte-hash-unrelated-snapshot	NOT_ASSESSED_BY_FILE_DELTA
PATIENT_WEB	app/api/pharmacy/orders/[orderId]/offers/route.ts	PATIENT_WEB_BFF	INCOMING_ONLY		0cf1e71fc95936fd83adf8fcdc5ee677994643720d2ebcf916c6ee2fce98b1db	source-directory-byte-hash-unrelated-snapshot	NOT_ASSESSED_BY_FILE_DELTA
PATIENT_WEB	app/api/pharmacy/orders/[orderId]/pay-wallet/route.ts	PATIENT_WEB_BFF	INCOMING_ONLY		34e8bbd7c9b809df87194521549ba36c35def4f84f56b2bdb0f42b6cc4a07188	source-directory-byte-hash-unrelated-snapshot	NOT_ASSESSED_BY_FILE_DELTA
PATIENT_WEB	app/api/pharmacy/orders/[orderId]/payment-intent/route.ts	PATIENT_WEB_BFF	INCOMING_ONLY		41ce710ea18ee1182726d8ae18c1d7e104b0e8583a74f0f6ba046c5068aab8be	source-directory-byte-hash-unrelated-snapshot	NOT_ASSESSED_BY_FILE_DELTA
PATIENT_WEB	app/api/pharmacy/orders/[orderId]/select-offer/route.ts	PATIENT_WEB_BFF	INCOMING_ONLY		3144a77cf14bf44e69215d607396ed0c57bdbb1a23fd84fb22f28742b0082a35	source-directory-byte-hash-unrelated-snapshot	NOT_ASSESSED_BY_FILE_DELTA
PATIENT_WEB	app/api/pharmacy/orders/route.ts	PATIENT_WEB_BFF	INCOMING_ONLY		7aac9f1f2a40ea8c64fdc0fe6babb7b86059fd5e27cc6dbdc106694096f34118	source-directory-byte-hash-unrelated-snapshot	NOT_ASSESSED_BY_FILE_DELTA
PATIENT_WEB	app/api/programs/route.ts	PATIENT_WEB_BFF	INCOMING_ONLY		dc5d0e0bc884cf886a1b149d450ea50ed776d903c3613df942a9b553970d74fb	source-directory-byte-hash-unrelated-snapshot	NOT_ASSESSED_BY_FILE_DELTA
PATIENT_WEB	app/api/push/subscribe/route.ts	PATIENT_WEB_BFF	INCOMING_ONLY		e26c62112249351fbfef481e12499933ded891d9e2a05f3ba4b23bfe409ec16e	source-directory-byte-hash-unrelated-snapshot	NOT_ASSESSED_BY_FILE_DELTA
PATIENT_WEB	app/api/push/unsubscribe/route.ts	PATIENT_WEB_BFF	INCOMING_ONLY		478c1c12d9aa911884e4ab677b018a4603ab947af1110fdd67303b4d8f10c368	source-directory-byte-hash-unrelated-snapshot	NOT_ASSESSED_BY_FILE_DELTA
PATIENT_WEB	app/api/push/vapid-key/route.ts	PATIENT_WEB_BFF	INCOMING_ONLY		ca25004f630cce4546cbe233a478585f819a204917641f7f7bfe39631ccb338b	source-directory-byte-hash-unrelated-snapshot	NOT_ASSESSED_BY_FILE_DELTA
PATIENT_WEB	app/api/ratings/route.ts	PATIENT_WEB_BFF	INCOMING_ONLY		7c6e0d9094bb697a514b0ea8869ef36c055fcff8c1341442b208db09c8b688d5	source-directory-byte-hash-unrelated-snapshot	NOT_ASSESSED_BY_FILE_DELTA
PATIENT_WEB	app/api/refunds/route.ts	PATIENT_WEB_BFF	INCOMING_ONLY		63992e0b9db1cae48ba1dc8bf41154d62ebcaea5926969ed74af94d0b18957a9	source-directory-byte-hash-unrelated-snapshot	NOT_ASSESSED_BY_FILE_DELTA
PATIENT_WEB	app/api/settings/route.ts	PATIENT_WEB_BFF	INCOMING_ONLY		1f596ace3f30e9d0a04976900351e4faccc9c21d4b304a81a44bf23d87e811fa	source-directory-byte-hash-unrelated-snapshot	NOT_ASSESSED_BY_FILE_DELTA
PATIENT_WEB	app/api/settings/security/route.ts	PATIENT_WEB_BFF	INCOMING_ONLY		1d30c1b0e30a2fda5d7672eb144394597507c51636a869a71d97f4b8dea2b783	source-directory-byte-hash-unrelated-snapshot	NOT_ASSESSED_BY_FILE_DELTA
PATIENT_WEB	app/api/support/[action]/route.ts	PATIENT_WEB_BFF	INCOMING_ONLY		6393192578507e3e071ebfeb6f9bc23c63391273cd11789b986de0ca3dc3cd6c	source-directory-byte-hash-unrelated-snapshot	NOT_ASSESSED_BY_FILE_DELTA
PATIENT_WEB	app/api/wearables/route.ts	PATIENT_WEB_BFF	INCOMING_ONLY		aa0173f620861db68e96e50a9de4e00da8c6a26d6c208775e116ba4839743e45	source-directory-byte-hash-unrelated-snapshot	NOT_ASSESSED_BY_FILE_DELTA
PATIENT_WEB	app/favicon.ico/route.test.ts	TEST_OR_E2E	SAME_CONTENT	eaa084f50d1e74178183fe383021140e51692d38aae2932de215e6e740db5da7	eaa084f50d1e74178183fe383021140e51692d38aae2932de215e6e740db5da7	source-directory-byte-hash-unrelated-snapshot	NOT_ASSESSED_BY_FILE_DELTA
PATIENT_WEB	app/favicon.ico/route.ts	PATIENT_WEB	SAME_CONTENT	ccec85807d89b5de049a299efb0ad7e259889a5bc4e605b3635c604688ef3d9f	ccec85807d89b5de049a299efb0ad7e259889a5bc4e605b3635c604688ef3d9f	source-directory-byte-hash-unrelated-snapshot	NOT_ASSESSED_BY_FILE_DELTA
PATIENT_WEB	app/global-not-found.tsx	PATIENT_WEB	SAME_CONTENT	bab61c181a056b6194789b7a1a66dd0dbfede14bedcb2812b50ce1464ac45834	bab61c181a056b6194789b7a1a66dd0dbfede14bedcb2812b50ce1464ac45834	source-directory-byte-hash-unrelated-snapshot	NOT_ASSESSED_BY_FILE_DELTA
PATIENT_WEB	app/globals.css	PATIENT_WEB	SAME_CONTENT	5e440d8353d689e70c31cf64aa46efd4cf26101d4fa4d5f037e9a31418233eb2	5e440d8353d689e70c31cf64aa46efd4cf26101d4fa4d5f037e9a31418233eb2	source-directory-byte-hash-unrelated-snapshot	NOT_ASSESSED_BY_FILE_DELTA
PATIENT_WEB	app/icon.svg	PATIENT_WEB	SAME_CONTENT	437ab3f9597cc9804b7a112b56caa992e5bb20d9c38acdae2c4d7286e6280ded	437ab3f9597cc9804b7a112b56caa992e5bb20d9c38acdae2c4d7286e6280ded	source-directory-byte-hash-unrelated-snapshot	NOT_ASSESSED_BY_FILE_DELTA
PATIENT_WEB	app/layout.tsx	PATIENT_WEB	MODIFIED	7b7a6df86c5bbcb56d49561f75815d3c8b79866f3edb1b3db00955964c0cfe9c	0e27dcd5d7cd00c4e85308bb1d55c447c51e1d3e48ab1b51e39d0774447ae8b9	source-directory-byte-hash-unrelated-snapshot	NOT_ASSESSED_BY_FILE_DELTA
PATIENT_WEB	app/llms.txt/route.test.ts	TEST_OR_E2E	SAME_CONTENT	6c2d14b404140143eb968c3a4cde68b635cf2296d6434124d5d813fde4875b80	6c2d14b404140143eb968c3a4cde68b635cf2296d6434124d5d813fde4875b80	source-directory-byte-hash-unrelated-snapshot	NOT_ASSESSED_BY_FILE_DELTA
PATIENT_WEB	app/llms.txt/route.ts	PATIENT_WEB	SAME_CONTENT	cef8743549b72232864cb47a61dea0650ca3533792cc3d9ccb9ae8471c47c546	cef8743549b72232864cb47a61dea0650ca3533792cc3d9ccb9ae8471c47c546	source-directory-byte-hash-unrelated-snapshot	NOT_ASSESSED_BY_FILE_DELTA
PATIENT_WEB	app/manifest.test.ts	TEST_OR_E2E	SAME_CONTENT	d3d54b1cc40e453d9dc12c9f25b7c470febe421893b195a9a7ff35f4a5771f1e	d3d54b1cc40e453d9dc12c9f25b7c470febe421893b195a9a7ff35f4a5771f1e	source-directory-byte-hash-unrelated-snapshot	NOT_ASSESSED_BY_FILE_DELTA
PATIENT_WEB	app/manifest.ts	PATIENT_WEB	SAME_CONTENT	c8596f567caf999fae6da4606db3cac1b6e59d7aa01c08aedf600316f241d401	c8596f567caf999fae6da4606db3cac1b6e59d7aa01c08aedf600316f241d401	source-directory-byte-hash-unrelated-snapshot	NOT_ASSESSED_BY_FILE_DELTA
PATIENT_WEB	app/robots.ts	PATIENT_WEB	MODIFIED	0d099032d390a23e74e9dc35925e9a2cdab51234c31338ee6456d927bcc29077	25484d212a9057386d445ccfd4725283e09f56bdaafb66be552fbe33544d7789	source-directory-byte-hash-unrelated-snapshot	NOT_ASSESSED_BY_FILE_DELTA
PATIENT_WEB	app/seo.test.ts	TEST_OR_E2E	MODIFIED	0264324c90a5556363b88f8fbf17f572ab18d6862f882d25a1eb31d76119a46d	094c3673f79debbaf138ed1e08683c1a3ac712dd7e8092c1d1f5cea25516335e	source-directory-byte-hash-unrelated-snapshot	NOT_ASSESSED_BY_FILE_DELTA
PATIENT_WEB	app/sitemap.ts	PATIENT_WEB	MODIFIED	be6f4528515fc70f4002b4d7d37a5a7caa9a134e39eb04aac4b4816b49ee9e33	7ee2b9990eb516906573605507429ad5fdf070456021e077c8b3439b764698ea	source-directory-byte-hash-unrelated-snapshot	NOT_ASSESSED_BY_FILE_DELTA
PATIENT_WEB	audit-artifacts/ADMIN_DISPUTES_SOURCE_SCOPE_BLOCKER_20260818.md	PATIENT_WEB	BASELINE_ONLY	73c2592f7886c8fad2a52204f9028c868b72be57f55c9baed8be514d46e10280		source-directory-byte-hash-unrelated-snapshot	NOT_ASSESSED_BY_FILE_DELTA
PATIENT_WEB	audit-artifacts/ADMIN_QA_ROUTE_BUTTON_INVENTORY_20260818.txt	PATIENT_WEB	BASELINE_ONLY	c1de3cbf858101b65ce89032020a428fccd24bc1e94f8fe3ba5dc3dc0f0d1899		source-directory-byte-hash-unrelated-snapshot	NOT_ASSESSED_BY_FILE_DELTA
PATIENT_WEB	audit-artifacts/ADMIN_SOURCE_INVENTORY_20260818.txt	PATIENT_WEB	BASELINE_ONLY	7ff8b14eebdbd8c4b2015a8fece3c289ae7e82696e407a4d5e8357c172af6659		source-directory-byte-hash-unrelated-snapshot	NOT_ASSESSED_BY_FILE_DELTA
PATIENT_WEB	audit-artifacts/AUDIT_REPORT_BUILD_GATE_20260818.md	PATIENT_WEB	BASELINE_ONLY	198673d7b788302f64a976795bdd69cbabb366219ea2e852eacb66c8e9365207		source-directory-byte-hash-unrelated-snapshot	NOT_ASSESSED_BY_FILE_DELTA
PATIENT_WEB	audit-artifacts/AUTHORITATIVE_SOURCE_HASH_SNAPSHOT_20260818.txt	PATIENT_WEB	BASELINE_ONLY	9b5b3b7a4c5c59b34760303e1966528b0af2daaa8cdb63ce00d7778cec15e2e3		source-directory-byte-hash-unrelated-snapshot	NOT_ASSESSED_BY_FILE_DELTA
PATIENT_WEB	audit-artifacts/AUTHORITATIVE_SOURCE_REGISTER_20260818.md	PATIENT_WEB	BASELINE_ONLY	852333eb330c65798a4f3525b89a01e57ed0d9e2b4301a4802b51d9fa89d72f2		source-directory-byte-hash-unrelated-snapshot	NOT_ASSESSED_BY_FILE_DELTA
PATIENT_WEB	audit-artifacts/COMMUNICATIONS_IMPLEMENTATION_VERIFICATION_20260817.md	PATIENT_WEB	BASELINE_ONLY	71635c6c882689a98d6eefdf5f2f69f3ba9a8941a00235e41e0927aad2b227c4		source-directory-byte-hash-unrelated-snapshot	NOT_ASSESSED_BY_FILE_DELTA
PATIENT_WEB	audit-artifacts/COMMUNICATIONS_SOURCE_TRACE_20260817.txt	PATIENT_WEB	BASELINE_ONLY	bf80baa70f467741b46b725ed10d57cdb53ba132440a69d79e3ee8a10239d78b		source-directory-byte-hash-unrelated-snapshot	NOT_ASSESSED_BY_FILE_DELTA
PATIENT_WEB	audit-artifacts/COMPREHENSIVE_SERVICE_SCENARIO_MATRIX_20260818.md	PATIENT_WEB	BASELINE_ONLY	982e1076517a57473404f90af83ad40a5119d82bf4c21da2f6dad3853f673d10		source-directory-byte-hash-unrelated-snapshot	NOT_ASSESSED_BY_FILE_DELTA
PATIENT_WEB	audit-artifacts/CONSENT_CONTRACT_REVIEW_DRAFT_20260817.md	PATIENT_WEB	BASELINE_ONLY	95c46c7b1d81ca77812c8b45fd85f325f7fdced300638cb828c04b6db4974b20		source-directory-byte-hash-unrelated-snapshot	NOT_ASSESSED_BY_FILE_DELTA
PATIENT_WEB	audit-artifacts/CONSULTATION_BACKEND_APP_CONTRACT_MAP_20260818.txt	PATIENT_WEB	BASELINE_ONLY	4bf00cc79e81c4f6c40496e8e99db55a711995d7de5aa2eadb07ebbdf7a254b8		source-directory-byte-hash-unrelated-snapshot	NOT_ASSESSED_BY_FILE_DELTA
PATIENT_WEB	audit-artifacts/CURRENT_PRODUCTION_READINESS_TRUTH_AUDIT_AR.md	PATIENT_WEB	BASELINE_ONLY	34e38219c085bb30ed830f34b86ed91a105094d8c3ba01ff78d5ab6cf9e34a7e		source-directory-byte-hash-unrelated-snapshot	NOT_ASSESSED_BY_FILE_DELTA
PATIENT_WEB	audit-artifacts/DEPLOYMENT_AND_POST_DEPLOY_GATE_20260818.md	PATIENT_WEB	BASELINE_ONLY	4abbd37b6645555f444132453f89718261cab78167acfe47632fe225f0fe5376		source-directory-byte-hash-unrelated-snapshot	NOT_ASSESSED_BY_FILE_DELTA
PATIENT_WEB	audit-artifacts/DEVICE_AUTOMATED_BUILD_RESULTS_20260817.md	PATIENT_WEB	BASELINE_ONLY	04fac1c0292e400494ef82d8fee747500755fbcaccc706d7a2d2f1f530f3421d		source-directory-byte-hash-unrelated-snapshot	NOT_ASSESSED_BY_FILE_DELTA
PATIENT_WEB	audit-artifacts/DEVICE_FARM_BLOCKER_20260817.md	PATIENT_WEB	BASELINE_ONLY	4404d10dca79859ed96fe51315acc6f664c1b0a6070e2a5dd7526b8978eeb915		source-directory-byte-hash-unrelated-snapshot	NOT_ASSESSED_BY_FILE_DELTA
PATIENT_WEB	audit-artifacts/DEVICE_NabdProvider-android-build.out	PATIENT_WEB	BASELINE_ONLY	1e90d6d1f84344cf24dfd67652c7bbe63654668fa247be338d7fe63adf79de65		source-directory-byte-hash-unrelated-snapshot	NOT_ASSESSED_BY_FILE_DELTA
PATIENT_WEB	audit-artifacts/DEVICE_NabdProvider-eas-build.out	PATIENT_WEB	BASELINE_ONLY	19473f86b0d12802fa0b49c6e7cac3ced150391eb70203c646cdfdbff5569e37		source-directory-byte-hash-unrelated-snapshot	NOT_ASSESSED_BY_FILE_DELTA
PATIENT_WEB	audit-artifacts/DEVICE_NabdProvider-expo-config.json	PATIENT_WEB	BASELINE_ONLY	940aefccaaacb1fea127386a861d97033e31676cdabe1ba134f7eb86216f4b4a		source-directory-byte-hash-unrelated-snapshot	NOT_ASSESSED_BY_FILE_DELTA
PATIENT_WEB	audit-artifacts/DEVICE_NabdProvider-prebuild.out	PATIENT_WEB	BASELINE_ONLY	8216291ad75eba6c32b02e40382f8b25182bfdfec8013e3c6f449111f02df097		source-directory-byte-hash-unrelated-snapshot	NOT_ASSESSED_BY_FILE_DELTA
PATIENT_WEB	audit-artifacts/DEVICE_NabdProvider-web-export.out	PATIENT_WEB	BASELINE_ONLY	c75c3c9b1a2276f8f6cb7add5ed2db6eeda378a3b895c156c4b409da43a06676		source-directory-byte-hash-unrelated-snapshot	NOT_ASSESSED_BY_FILE_DELTA
PATIENT_WEB	audit-artifacts/DEVICE_READINESS_REPORT_20260817.md	PATIENT_WEB	BASELINE_ONLY	9368a878ec25b985d74d61db4d78bbdddc72c7ef6143b3ad4166f94ccc892e37		source-directory-byte-hash-unrelated-snapshot	NOT_ASSESSED_BY_FILE_DELTA
PATIENT_WEB	audit-artifacts/DEVICE_SCREEN_ROUTE_INVENTORY_20260817.md	PATIENT_WEB	BASELINE_ONLY	1ac02634e14893c645fd99d0affc76d8af52c24527bea977269067c3822446eb		source-directory-byte-hash-unrelated-snapshot	NOT_ASSESSED_BY_FILE_DELTA
PATIENT_WEB	audit-artifacts/DEVICE_VALIDATION_INVENTORY_20260817.md	PATIENT_WEB	BASELINE_ONLY	82fd1d945f0f00442ad2ffc4fe76f64e0b7943c485b3e8341b3ba556947e4830		source-directory-byte-hash-unrelated-snapshot	NOT_ASSESSED_BY_FILE_DELTA
PATIENT_WEB	audit-artifacts/DEVICE_nabd_plus-android-build.out	PATIENT_WEB	BASELINE_ONLY	fa0c37bab01bf11eb3636c5dab52fbd2d6d1c5e230133f282fa109d82eba0272		source-directory-byte-hash-unrelated-snapshot	NOT_ASSESSED_BY_FILE_DELTA
PATIENT_WEB	audit-artifacts/DEVICE_nabd_plus-eas-build.out	PATIENT_WEB	BASELINE_ONLY	b65e6fe63889e82f9ce98fd7dc6e4bb384f30d7a7269c04dc86a89a5b5db6f4c		source-directory-byte-hash-unrelated-snapshot	NOT_ASSESSED_BY_FILE_DELTA
PATIENT_WEB	audit-artifacts/DEVICE_nabd_plus-expo-config.json	PATIENT_WEB	BASELINE_ONLY	b1e885d59c78777470703eef092aaa3cd2a56b03a50adcf792ea682fef8718f5		source-directory-byte-hash-unrelated-snapshot	NOT_ASSESSED_BY_FILE_DELTA
PATIENT_WEB	audit-artifacts/DEVICE_nabd_plus-prebuild.out	PATIENT_WEB	BASELINE_ONLY	f0781739239c79945171bf0fcb32ecbc4b8761ba9a056269b070d48cd1df55c4		source-directory-byte-hash-unrelated-snapshot	NOT_ASSESSED_BY_FILE_DELTA
PATIENT_WEB	audit-artifacts/DEVICE_nabd_plus-web-export.out	PATIENT_WEB	BASELINE_ONLY	5f3544d5bc6312e0e89ba51801b90b7b472710cec709f35b8f449fde5863909f		source-directory-byte-hash-unrelated-snapshot	NOT_ASSESSED_BY_FILE_DELTA
PATIENT_WEB	audit-artifacts/EMERGENCY_LOCATION_POLICY_REVIEW_DRAFT_20260817.md	PATIENT_WEB	BASELINE_ONLY	762cb469131baf9a3dc179d03cfca4ce4f4cbd6aa35621d5ecdd7bef4f7ad3c1		source-directory-byte-hash-unrelated-snapshot	NOT_ASSESSED_BY_FILE_DELTA
PATIENT_WEB	audit-artifacts/ERROR_CODE_REGISTRY_REVIEW_DRAFT_20260817.md	PATIENT_WEB	BASELINE_ONLY	f4214e076551ac15452ca79692e1e79d5230474d64b34457d75f6ec8768586ad		source-directory-byte-hash-unrelated-snapshot	NOT_ASSESSED_BY_FILE_DELTA
PATIENT_WEB	audit-artifacts/EXECUTION_COMPLETION_MATRIX_20260816.md	PATIENT_WEB	BASELINE_ONLY	23941c59c99711e629b62effd998883e330cfc8975d49368696793eb6f706f0d		source-directory-byte-hash-unrelated-snapshot	NOT_ASSESSED_BY_FILE_DELTA
PATIENT_WEB	audit-artifacts/FULL_CLOSURE_BASELINE_20260818.md	PATIENT_WEB	BASELINE_ONLY	9bc6128714da95850ec93eae47cb7026ab2fdbb9d7361f419de55da1fbd454af		source-directory-byte-hash-unrelated-snapshot	NOT_ASSESSED_BY_FILE_DELTA
PATIENT_WEB	audit-artifacts/FULL_E2E_BACKEND_ROUTE_CONTRACTS_20260817.md	PATIENT_WEB	BASELINE_ONLY	5427b2246fb0ad0a376840a6c4e51531c0829dcb2ca3cf7623ee8c6b31d035e3		source-directory-byte-hash-unrelated-snapshot	NOT_ASSESSED_BY_FILE_DELTA
PATIENT_WEB	audit-artifacts/FULL_PLAN_RECONCILIATION_WORKING_NOTES_20260817.md	PATIENT_WEB	BASELINE_ONLY	32e5213860b8eab965d095fd6fb62a5ab4a6d2082fe4b1b069d4dcc4089064a5		source-directory-byte-hash-unrelated-snapshot	NOT_ASSESSED_BY_FILE_DELTA
PATIENT_WEB	audit-artifacts/FULL_PRODUCTION_E2E_TRACEABILITY_20260817.md	PATIENT_WEB	BASELINE_ONLY	14147c2e08be0e430a611ece44b9ff51398b6a3c95f58d98afbefd736dba969a		source-directory-byte-hash-unrelated-snapshot	NOT_ASSESSED_BY_FILE_DELTA
PATIENT_WEB	audit-artifacts/FULL_SYSTEMATIC_QA_EXECUTION_REGISTER_20260818.md	PATIENT_WEB	BASELINE_ONLY	7f379b1831046061c957d862f3fd8f41c19d87d8fd8ab7ad577cb5473f966ae5		source-directory-byte-hash-unrelated-snapshot	NOT_ASSESSED_BY_FILE_DELTA
PATIENT_WEB	audit-artifacts/FULL_SYSTEMATIC_QA_FINAL_REPORT_20260818.md	PATIENT_WEB	BASELINE_ONLY	600c1f375983ae8f94ef6cf2483a8079db319b9962956fc5ed2f59ecb07af08f		source-directory-byte-hash-unrelated-snapshot	NOT_ASSESSED_BY_FILE_DELTA
PATIENT_WEB	audit-artifacts/IMPLEMENTATION_BASELINE_PHASE0_AR.md	PATIENT_WEB	BASELINE_ONLY	23f0a4a9fdd4c54a3a671ae80db4728b6aa539888ac214fb02f3214e9db4d647		source-directory-byte-hash-unrelated-snapshot	NOT_ASSESSED_BY_FILE_DELTA
PATIENT_WEB	audit-artifacts/IMPLEMENTATION_PHASE2_SECURITY_GATE_AR.md	PATIENT_WEB	BASELINE_ONLY	0f7e8d3fadfe8151c6d437e4b2882c0079f3e4b8c28c1605db921e202f0392ca		source-directory-byte-hash-unrelated-snapshot	NOT_ASSESSED_BY_FILE_DELTA
PATIENT_WEB	audit-artifacts/IMPLEMENTATION_PHASE3_TRUTHFUL_RUNTIME_AR.md	PATIENT_WEB	BASELINE_ONLY	a5cb6e3ef0a047a8afa2159552cafddef067caddc499815df37ec28a1229cef1		source-directory-byte-hash-unrelated-snapshot	NOT_ASSESSED_BY_FILE_DELTA
PATIENT_WEB	audit-artifacts/IMPLEMENTATION_PHASE4_CLOSURE_AR.md	PATIENT_WEB	BASELINE_ONLY	866a928cf1ceb1dcbb00a0331bc329b23906072304d404410a24657aa5f2699f		source-directory-byte-hash-unrelated-snapshot	NOT_ASSESSED_BY_FILE_DELTA
PATIENT_WEB	audit-artifacts/IMPLEMENTATION_PHASE5_DESIGN_GATE_AR.md	PATIENT_WEB	BASELINE_ONLY	2db4e339f46a02f8b180145784b1d553e7ca2824c1137499943176f9b5aec088		source-directory-byte-hash-unrelated-snapshot	NOT_ASSESSED_BY_FILE_DELTA
PATIENT_WEB	audit-artifacts/IMPLEMENTATION_PHASE6_APPOINTMENTS_JOURNEY_AR.md	PATIENT_WEB	BASELINE_ONLY	d6fc2d0a9013aa0ce76a108365b53133f24255103509b66c9f400c7b0484297d		source-directory-byte-hash-unrelated-snapshot	NOT_ASSESSED_BY_FILE_DELTA
PATIENT_WEB	audit-artifacts/IMPLEMENTATION_PHASE6_DASHBOARD_JOURNEY_AR.md	PATIENT_WEB	BASELINE_ONLY	182f53890c996e2ba753c479b5cd73ca239695c0eca89118cd3e168eec17aa66		source-directory-byte-hash-unrelated-snapshot	NOT_ASSESSED_BY_FILE_DELTA
PATIENT_WEB	audit-artifacts/IMPLEMENTATION_PHASE6_HEALTH_JOURNEY_AR.md	PATIENT_WEB	BASELINE_ONLY	2bc22a7c65e414a80eb8379ccb2b441bb5048437587ef726040358e8ad0078e8		source-directory-byte-hash-unrelated-snapshot	NOT_ASSESSED_BY_FILE_DELTA
PATIENT_WEB	audit-artifacts/IMPLEMENTATION_PHASE6_NOTIFICATION_SETTINGS_JOURNEY_AR.md	PATIENT_WEB	BASELINE_ONLY	8a9346acabf0e7f210a242e164863924827a1886a2fa5719c68d998c4d3c69c9		source-directory-byte-hash-unrelated-snapshot	NOT_ASSESSED_BY_FILE_DELTA
PATIENT_WEB	audit-artifacts/IMPLEMENTATION_PHASE6_PRESCRIPTIONS_JOURNEY_AR.md	PATIENT_WEB	BASELINE_ONLY	9c7d0864c116fdeee1ec2af71dba0df60ca075e0f907e12a552ace50369798f4		source-directory-byte-hash-unrelated-snapshot	NOT_ASSESSED_BY_FILE_DELTA
PATIENT_WEB	audit-artifacts/IMPLEMENTATION_PHASE6_REMINDERS_JOURNEY_AR.md	PATIENT_WEB	BASELINE_ONLY	aaafe3c99445aabaff0c96fd46bf228b5b55d274e3078bbd0deaf468032bc223		source-directory-byte-hash-unrelated-snapshot	NOT_ASSESSED_BY_FILE_DELTA
PATIENT_WEB	audit-artifacts/IMPLEMENTATION_WAVE2_CHAT_BOUNDARY_AR.md	PATIENT_WEB	BASELINE_ONLY	4ab13674fe8427b2c88c07db75b6d90e906aaec68ea7eb7a43842a534fbfce96		source-directory-byte-hash-unrelated-snapshot	NOT_ASSESSED_BY_FILE_DELTA
PATIENT_WEB	audit-artifacts/IMPLEMENTATION_WAVE2_DIAGNOSTICS_BOUNDARY_AR.md	PATIENT_WEB	BASELINE_ONLY	a33a4f2a87365cc767bf0fff3260a44cba589e9878d0800ccdcc762b03a7713d		source-directory-byte-hash-unrelated-snapshot	NOT_ASSESSED_BY_FILE_DELTA
PATIENT_WEB	audit-artifacts/IMPLEMENTATION_WAVE2_FAMILY_JOURNEY_AR.md	PATIENT_WEB	BASELINE_ONLY	1bbba6e17bfe9dfa70162cefd954d7dd6bf6a7e533bf9fd50919d20fa0d7f6a2		source-directory-byte-hash-unrelated-snapshot	NOT_ASSESSED_BY_FILE_DELTA
PATIENT_WEB	audit-artifacts/IMPLEMENTATION_WAVE2_HOMECARE_BOUNDARY_AR.md	PATIENT_WEB	BASELINE_ONLY	5b742166a4636e5a759a026dba650ad0861aa7fff63b069f6ee98e74978759a2		source-directory-byte-hash-unrelated-snapshot	NOT_ASSESSED_BY_FILE_DELTA
PATIENT_WEB	audit-artifacts/IMPLEMENTATION_WAVE2_MEDICINES_PRIVATE_READONLY_AR.md	PATIENT_WEB	BASELINE_ONLY	2414f94b263f11a81313ded7cca0a27387fa4eac5848245d94c4e74c1753249e		source-directory-byte-hash-unrelated-snapshot	NOT_ASSESSED_BY_FILE_DELTA
PATIENT_WEB	audit-artifacts/IMPLEMENTATION_WAVE2_ORDERS_JOURNEY_AR.md	PATIENT_WEB	BASELINE_ONLY	5c19a75434cc2cdeb8cc228addf66ef5ae90234275deaa96f40c3cc129651de2		source-directory-byte-hash-unrelated-snapshot	NOT_ASSESSED_BY_FILE_DELTA
PATIENT_WEB	audit-artifacts/IMPLEMENTATION_WAVE2_PHARMACY_BOUNDARY_AR.md	PATIENT_WEB	BASELINE_ONLY	b91868bcce9da7ebc88bb2c774f3397432718a9bde237ace8947ad2515616ecd		source-directory-byte-hash-unrelated-snapshot	NOT_ASSESSED_BY_FILE_DELTA
PATIENT_WEB	audit-artifacts/IMPLEMENTATION_WAVE2_PROFILE_QUICK_ACTIONS_AR.md	PATIENT_WEB	BASELINE_ONLY	766b07f27104a0eedf756cbf5205a4488a91ebf64cbcbcb6da1f6629c5f0f425		source-directory-byte-hash-unrelated-snapshot	NOT_ASSESSED_BY_FILE_DELTA
PATIENT_WEB	audit-artifacts/INSURANCE_NETWORK_PROVENANCE_AUDIT_20260820.md	PATIENT_WEB	BASELINE_ONLY	da859387c93417152d4d1fefbc4e50a0fb5598a95214a2b0b70582263670a28e		source-directory-byte-hash-unrelated-snapshot	NOT_ASSESSED_BY_FILE_DELTA
PATIENT_WEB	audit-artifacts/INSURANCE_OFFICIAL_SOURCE_FINDINGS_20260820.md	PATIENT_WEB	BASELINE_ONLY	63640218478c95ac2bf870c12d8ae422e62d593ac38a2a97987a25e34a34d4b6		source-directory-byte-hash-unrelated-snapshot	NOT_ASSESSED_BY_FILE_DELTA
PATIENT_WEB	audit-artifacts/LABS_ENGINE_LEGACY_AUTH_DRIFT_20260818.md	PATIENT_WEB	BASELINE_ONLY	8307d877a39c0f63d498b40e3313ab735d9d47f681371f6dcbdfe05f947911d6		source-directory-byte-hash-unrelated-snapshot	NOT_ASSESSED_BY_FILE_DELTA
PATIENT_WEB	audit-artifacts/LAB_CONTRACT_RECONCILIATION_BLOCKER_20260818.md	PATIENT_WEB	BASELINE_ONLY	97f4408dcca4df2c9c3082bc5bb6aeb069f7fe6f5f61747006d61156bdfab45b		source-directory-byte-hash-unrelated-snapshot	NOT_ASSESSED_BY_FILE_DELTA
PATIENT_WEB	audit-artifacts/LAB_INBOX_ELIGIBILITY_SUMMARY_20260818.json	PATIENT_WEB	BASELINE_ONLY	a9b6af87d89fc27945bb7b47e4a191c4c95aecd875195bda3988e369c83d7a53		source-directory-byte-hash-unrelated-snapshot	NOT_ASSESSED_BY_FILE_DELTA
PATIENT_WEB	audit-artifacts/MOBILE_TRUTHFULNESS_SCAN.txt	PATIENT_WEB	BASELINE_ONLY	aa45fd7f0f1484c46775eab8910290a63edf93602dddfd7cfd3c6886b4fbb07e		source-directory-byte-hash-unrelated-snapshot	NOT_ASSESSED_BY_FILE_DELTA
PATIENT_WEB	audit-artifacts/NABDAH_ACTUAL_API_CALLS_20260818.tsv	PATIENT_WEB	BASELINE_ONLY	c8e762bd15fbe0c0ecb8e97fecfa1d1f6233ce316602f06174e07a90386e4fb1		source-directory-byte-hash-unrelated-snapshot	NOT_ASSESSED_BY_FILE_DELTA
PATIENT_WEB	audit-artifacts/NABDAH_ACTUAL_API_RECONCILIATION_20260818.md	PATIENT_WEB	BASELINE_ONLY	1fde3696723bed03a4ad9d9b6850b5f102f4e51fe4bec93813153d67f9bdff0d		source-directory-byte-hash-unrelated-snapshot	NOT_ASSESSED_BY_FILE_DELTA
PATIENT_WEB	audit-artifacts/NABDAH_ACTUAL_API_ROUTE_MATCH_20260818.tsv	PATIENT_WEB	BASELINE_ONLY	848a6259bd1fe029af62f6758545c55e16988b4eb0ae37a68d8a037c5c162722		source-directory-byte-hash-unrelated-snapshot	NOT_ASSESSED_BY_FILE_DELTA
PATIENT_WEB	audit-artifacts/NABDAH_AGENT_TRANSITION_OPEN_WORK_AND_REMAINING_PHASES_20260819.md	PATIENT_WEB	BASELINE_ONLY	eddcf451c503f05417d066e268af831d280ba33c6f2ebc01c485397df3710929		source-directory-byte-hash-unrelated-snapshot	NOT_ASSESSED_BY_FILE_DELTA
PATIENT_WEB	audit-artifacts/NABDAH_BACKEND_COMPILED_ROUTES_20260818.tsv	PATIENT_WEB	BASELINE_ONLY	e8fe9cb82f8c284b6d335dac0778a271b36b4edaf1e982267f25749386baa8a5		source-directory-byte-hash-unrelated-snapshot	NOT_ASSESSED_BY_FILE_DELTA
PATIENT_WEB	audit-artifacts/NABDAH_BACKEND_DEPENDENCY_MIGRATION_20260819.md	PATIENT_WEB	BASELINE_ONLY	ff71912df8beb2262304b5ba0c859fca8ec334e2dfdbc9f2f3b6eb674e773bd3		source-directory-byte-hash-unrelated-snapshot	NOT_ASSESSED_BY_FILE_DELTA
PATIENT_WEB	audit-artifacts/NABDAH_BRANCH_COMPONENT_MAP_20260818.md	PATIENT_WEB	BASELINE_ONLY	e9c499a76bec7491261b2abc331ab723dae3cb374e8521511ee75d397c5da9d6		source-directory-byte-hash-unrelated-snapshot	NOT_ASSESSED_BY_FILE_DELTA
PATIENT_WEB	audit-artifacts/NABDAH_BRANCH_HISTORY_AND_APP_SCOPE_VERIFICATION_20260818.md	PATIENT_WEB	BASELINE_ONLY	36b7e981b8c699a30120c0c3f27b5689f7101df0b9746e2ed57b067f61ee1a78		source-directory-byte-hash-unrelated-snapshot	NOT_ASSESSED_BY_FILE_DELTA
PATIENT_WEB	audit-artifacts/NABDAH_BUILD_ENVIRONMENT_GATE_20260818.md	PATIENT_WEB	BASELINE_ONLY	f5b574babb18b9c91d2689e4d74fb9a49c0949306d24ab8d8bc4ca750fa510be		source-directory-byte-hash-unrelated-snapshot	NOT_ASSESSED_BY_FILE_DELTA
PATIENT_WEB	audit-artifacts/NABDAH_CATALOG_GOVERNANCE_PUBLICATION_HARDENING_20260820.md	PATIENT_WEB	BASELINE_ONLY	baae9ba028d6fbfbf873f40bfc2b9e8829bde7e2bb6d5fb7d2a2da857c3c26ab		source-directory-byte-hash-unrelated-snapshot	NOT_ASSESSED_BY_FILE_DELTA
PATIENT_WEB	audit-artifacts/NABDAH_COMPLETE_GAP_INVENTORY_AND_PLAN_AR.md	PATIENT_WEB	BASELINE_ONLY	209519378681ac7ff83220cc81259af309e7a18bd53898680bd4581ce46244a1		source-directory-byte-hash-unrelated-snapshot	NOT_ASSESSED_BY_FILE_DELTA
PATIENT_WEB	audit-artifacts/NABDAH_DEPENDENCY_REMEDIATION_FINAL_DOUBLE_CHECK_20260819.md	PATIENT_WEB	BASELINE_ONLY	28fcbf36be3f20b3035dc23532747cbc9bd21313e06ed7c2cec101218b7732e7		source-directory-byte-hash-unrelated-snapshot	NOT_ASSESSED_BY_FILE_DELTA
PATIENT_WEB	audit-artifacts/NABDAH_DIRECT_BACKEND_BUILD_ENV_BLOCKER_20260818.md	PATIENT_WEB	BASELINE_ONLY	f5cbb53726cb03e8e323f3beeb10997f7354a75c45f64ad43cc370cb2574ef96		source-directory-byte-hash-unrelated-snapshot	NOT_ASSESSED_BY_FILE_DELTA
PATIENT_WEB	audit-artifacts/NABDAH_DIRECT_COMPONENT_INVENTORY_20260818.txt	PATIENT_WEB	BASELINE_ONLY	a6a939328fdcebf1593d47e15a72fae698d4188df008e1d2e2e296b8ab7adc12		source-directory-byte-hash-unrelated-snapshot	NOT_ASSESSED_BY_FILE_DELTA
PATIENT_WEB	audit-artifacts/NABDAH_DIRECT_SOURCE_BRANCH_EVIDENCE_20260818.md	PATIENT_WEB	BASELINE_ONLY	ebacbb0393afe06cd58d0199961fae8d3889a4e0892c12eca0b064cd398514bc		source-directory-byte-hash-unrelated-snapshot	NOT_ASSESSED_BY_FILE_DELTA
PATIENT_WEB	audit-artifacts/NABDAH_ENDPOINT_CONTROLLER_MATCH_20260818.tsv	PATIENT_WEB	BASELINE_ONLY	70e39f96861486dc86bb4f974462b8a34eabde1b38097eb0a2b12945ddf02f9b		source-directory-byte-hash-unrelated-snapshot	NOT_ASSESSED_BY_FILE_DELTA
PATIENT_WEB	audit-artifacts/NABDAH_ENDPOINT_CONTROLLER_RECONCILIATION_20260818.md	PATIENT_WEB	BASELINE_ONLY	e94f109782a17fc549c6f49cdcbb8ef7a9c7aca2816d1a7c4a090b18e333e0e4		source-directory-byte-hash-unrelated-snapshot	NOT_ASSESSED_BY_FILE_DELTA
PATIENT_WEB	audit-artifacts/NABDAH_ENDPOINT_CONTROLLER_RECONCILIATION_20260818.tsv	PATIENT_WEB	BASELINE_ONLY	ef4947bd68149cda834b3221e21ae3de5969b3672b239c3c8542efa6a3e6e80f		source-directory-byte-hash-unrelated-snapshot	NOT_ASSESSED_BY_FILE_DELTA
PATIENT_WEB	audit-artifacts/NABDAH_EXPANDED_FULL_SYSTEMATIC_QA_MATRIX_20260818.md	PATIENT_WEB	BASELINE_ONLY	9b53cfc5d661fa8308379f68514bb5bc8b9838ff85a1bd8be3c31fd3f2554d6d		source-directory-byte-hash-unrelated-snapshot	NOT_ASSESSED_BY_FILE_DELTA
PATIENT_WEB	audit-artifacts/NABDAH_EXPO_MIGRATION_METHOD_20260819.md	PATIENT_WEB	BASELINE_ONLY	1a4656ddd91fb6941cd38c2ac63078ee6e658f75c1f730b4dfd2c4877a30baac		source-directory-byte-hash-unrelated-snapshot	NOT_ASSESSED_BY_FILE_DELTA
PATIENT_WEB	audit-artifacts/NABDAH_FINAL_PHASED_EXECUTION_PLAN_20260818.md	PATIENT_WEB	BASELINE_ONLY	4d58a7f51bc4cf8b1854322480cee45c9ea128705b664749360199a7607b4de0		source-directory-byte-hash-unrelated-snapshot	NOT_ASSESSED_BY_FILE_DELTA
PATIENT_WEB	audit-artifacts/NABDAH_FINAL_REMEDIATION_AND_RELEASE_READINESS_20260815.md	PATIENT_WEB	BASELINE_ONLY	c049d97492ca4962dc4de8593a73e7fd9b73308bce8b1c8c35fee41681c736aa		source-directory-byte-hash-unrelated-snapshot	NOT_ASSESSED_BY_FILE_DELTA
PATIENT_WEB	audit-artifacts/NABDAH_FULL_PLAN_STATUS_20260817.md	PATIENT_WEB	BASELINE_ONLY	7dcba00d10f83929f58eed1984615c680da2a2fca2bdc171a890ad24f9a66d36		source-directory-byte-hash-unrelated-snapshot	NOT_ASSESSED_BY_FILE_DELTA
PATIENT_WEB	audit-artifacts/NABDAH_GATEKEEPER_REMEDIATION_REPORT_20260817.md	PATIENT_WEB	BASELINE_ONLY	57a906c9a8ba607e84485541422a38be2b93d62dc69a5ab815ab7d3a539bb79d		source-directory-byte-hash-unrelated-snapshot	NOT_ASSESSED_BY_FILE_DELTA
PATIENT_WEB	audit-artifacts/NABDAH_HARDENING_BASELINE_AND_SAFE_CHANGE_POLICY_20260820.md	PATIENT_WEB	BASELINE_ONLY	18b36e1ea2302041743148d468458eaf32532b3973cdc6a38755ccbe41c1f9cc		source-directory-byte-hash-unrelated-snapshot	NOT_ASSESSED_BY_FILE_DELTA
PATIENT_WEB	audit-artifacts/NABDAH_LIVE_RECONCILIATION_REGISTER_20260815.md	PATIENT_WEB	BASELINE_ONLY	26a7d6a4f26628a7b92ad19a29dc57a3afb2e0d5d07950f066195f7ad6caf404		source-directory-byte-hash-unrelated-snapshot	NOT_ASSESSED_BY_FILE_DELTA
PATIENT_WEB	audit-artifacts/NABDAH_LOCALE_AND_MONGOOSE_INDEX_HARDENING_20260820.md	PATIENT_WEB	BASELINE_ONLY	5c922d5c929dc3961ec6c5b47ede4cf10385d7cfa679eb487aa743f5df4379f5		source-directory-byte-hash-unrelated-snapshot	NOT_ASSESSED_BY_FILE_DELTA
PATIENT_WEB	audit-artifacts/NABDAH_LOGO_CONCEPTS_AR.md	PATIENT_WEB	BASELINE_ONLY	85136a2cb01f271734b1499adb21219518bba9ea46504f99d217a66a60dd5391		source-directory-byte-hash-unrelated-snapshot	NOT_ASSESSED_BY_FILE_DELTA
PATIENT_WEB	audit-artifacts/NABDAH_MAIN_VS_RECONCILIATION_COMPLETENESS_REPORT_20260818.md	PATIENT_WEB	BASELINE_ONLY	7d234a0a5dcc6d5c646333d81b4c0604f8f41835836fc259f5c68fab3744f0fa		source-directory-byte-hash-unrelated-snapshot	NOT_ASSESSED_BY_FILE_DELTA
PATIENT_WEB	audit-artifacts/NABDAH_MASTER_FULL_SYSTEMATIC_QA_AND_REMEDIATION_PLAN_20260818.md	PATIENT_WEB	BASELINE_ONLY	a8aa552e3a54cba876b24b15e6cbe5f2982ec4cbfd22ceff7e8cc84dc4094769		source-directory-byte-hash-unrelated-snapshot	NOT_ASSESSED_BY_FILE_DELTA
PATIENT_WEB	audit-artifacts/NABDAH_MOBILE_DEPENDENCY_REMEDIATION_STATUS_20260820.md	PATIENT_WEB	BASELINE_ONLY	01f2e379314d0493c808987afc6f2623d4066e104a5ad37dbc09c4d1a8aea0fd		source-directory-byte-hash-unrelated-snapshot	NOT_ASSESSED_BY_FILE_DELTA
PATIENT_WEB	audit-artifacts/NABDAH_NEW_REPOSITORY_BRANCH_INDEX_20260818.txt	PATIENT_WEB	BASELINE_ONLY	65381805c8fd0ce343541fb16fdb724d805a2a75d958fdb3e8166cbf03a49ab8		source-directory-byte-hash-unrelated-snapshot	NOT_ASSESSED_BY_FILE_DELTA
PATIENT_WEB	audit-artifacts/NABDAH_OPENAPI_INSURANCE_CONTRACT_HARDENING_20260820.md	PATIENT_WEB	BASELINE_ONLY	92ff03d5c47fbeb449cecb926cb4684c92ce453816b0d804f4fba6dd1c6daa00		source-directory-byte-hash-unrelated-snapshot	NOT_ASSESSED_BY_FILE_DELTA
PATIENT_WEB	audit-artifacts/NABDAH_OWNER_REVIEWER_NEXT_ACTIONS_20260820.md	PATIENT_WEB	BASELINE_ONLY	5b516813e2b44406e4f928e06174635f51f086dde5f89e5fb249ee9b72a9aad6		source-directory-byte-hash-unrelated-snapshot	NOT_ASSESSED_BY_FILE_DELTA
PATIENT_WEB	audit-artifacts/NABDAH_PASTED_CONTENT_17_REQUIREMENTS_ANALYSIS_20260818.md	PATIENT_WEB	BASELINE_ONLY	d7a49c6645a4d703f217cab386eae51deb9eb4deada80e0cf0dd55e81ab71dcf		source-directory-byte-hash-unrelated-snapshot	NOT_ASSESSED_BY_FILE_DELTA
PATIENT_WEB	audit-artifacts/NABDAH_PATIENT_EXPO_SDK57_MIGRATION_20260819.md	PATIENT_WEB	BASELINE_ONLY	7d67776316ce921459239d27ca985e023226fc1063e2a7668a1b44e5a869bffa		source-directory-byte-hash-unrelated-snapshot	NOT_ASSESSED_BY_FILE_DELTA
PATIENT_WEB	audit-artifacts/NABDAH_PHASE10_ADMIN_DEPENDENCY_AUDIT_REMEDIATION_20260819.md	PATIENT_WEB	BASELINE_ONLY	078aad4c371e6ad392885b920a2d3c230f8a0725ada36159284a10a66391d9ea		source-directory-byte-hash-unrelated-snapshot	NOT_ASSESSED_BY_FILE_DELTA
PATIENT_WEB	audit-artifacts/NABDAH_PHASE10_DEPENDENCY_RISK_TRIAGE_20260819.md	PATIENT_WEB	BASELINE_ONLY	6bbec058760016d1ab56c36bcb2e79740e4d27074a5aaffea1750a02ca69085e		source-directory-byte-hash-unrelated-snapshot	NOT_ASSESSED_BY_FILE_DELTA
PATIENT_WEB	audit-artifacts/NABDAH_PHASE10_FINAL_DOUBLE_CHECK_20260819.md	PATIENT_WEB	BASELINE_ONLY	21d122dffc1acf05c644031954e73786a1b75066ccff4afb03e8111e3bc0e666		source-directory-byte-hash-unrelated-snapshot	NOT_ASSESSED_BY_FILE_DELTA
PATIENT_WEB	audit-artifacts/NABDAH_PHASE10_RELEASE_GATE_RECHECK_20260819.md	PATIENT_WEB	BASELINE_ONLY	6bb5fbfe1862d2758dd1abc286bacc2af63ebab1f751652a16d491a72612aa49		source-directory-byte-hash-unrelated-snapshot	NOT_ASSESSED_BY_FILE_DELTA
PATIENT_WEB	audit-artifacts/NABDAH_PHASE11_FINAL_DOUBLE_CHECK_20260819.md	PATIENT_WEB	BASELINE_ONLY	45444579e85879461b0d6246750600c0db46e431399992df43c1618624d26086		source-directory-byte-hash-unrelated-snapshot	NOT_ASSESSED_BY_FILE_DELTA
PATIENT_WEB	audit-artifacts/NABDAH_PHASE11_PRESCRIPTIONS_AUTHORIZATION_REMEDIATION_20260819.md	PATIENT_WEB	BASELINE_ONLY	18d2829e22edf0bbad6565f43d9cfa38bc1ef1f95bb7c617dc669b03b2f85273		source-directory-byte-hash-unrelated-snapshot	NOT_ASSESSED_BY_FILE_DELTA
PATIENT_WEB	audit-artifacts/NABDAH_PHASE11_SANDBOX_ACCEPTANCE_BOUNDARY_20260819.md	PATIENT_WEB	BASELINE_ONLY	4bba2b65cdd7b7421cd46b58d2bf6d8d7aa1b7ac37771cf34647c03b84872b7a		source-directory-byte-hash-unrelated-snapshot	NOT_ASSESSED_BY_FILE_DELTA
PATIENT_WEB	audit-artifacts/NABDAH_PHASE11_SANDBOX_READONLY_AUTHORIZATION_WAVE1_20260819.md	PATIENT_WEB	BASELINE_ONLY	8d095bf4285ac2ba92ef3417a06d2433fb66d66bae506dcdc03a3aa2e7f4905b		source-directory-byte-hash-unrelated-snapshot	NOT_ASSESSED_BY_FILE_DELTA
PATIENT_WEB	audit-artifacts/NABDAH_PHASE11_SANDBOX_READONLY_AUTHORIZATION_WAVE2_20260819.md	PATIENT_WEB	BASELINE_ONLY	9e7f58a5f323f2dad97639bc90554dd6b02d849dd92cb8367c351731f7596ad7		source-directory-byte-hash-unrelated-snapshot	NOT_ASSESSED_BY_FILE_DELTA
PATIENT_WEB	audit-artifacts/NABDAH_PHASE12_FINAL_PRODUCTION_READINESS_REPORT_20260819.md	PATIENT_WEB	BASELINE_ONLY	3ce14d0be8f7a0577364da2dc801ab43a39b2427ec99b8ff6a40d6de49ee69cf		source-directory-byte-hash-unrelated-snapshot	NOT_ASSESSED_BY_FILE_DELTA
PATIENT_WEB	audit-artifacts/NABDAH_PHASE13_CONTRACT_CLASSIFICATION_20260819.md	PATIENT_WEB	BASELINE_ONLY	ff6e08b94a747880dac4f71687835e57c946b3b061ee28c6773743d5fbe70aaf		source-directory-byte-hash-unrelated-snapshot	NOT_ASSESSED_BY_FILE_DELTA
PATIENT_WEB	audit-artifacts/NABDAH_PHASE13_CONTRACT_INVENTORY_V4_20260819.json	PATIENT_WEB	BASELINE_ONLY	33a0bc05e0388b4f6243924a4639c7da64093a3d12c5656773861c128a121e99		source-directory-byte-hash-unrelated-snapshot	NOT_ASSESSED_BY_FILE_DELTA
PATIENT_WEB	audit-artifacts/NABDAH_PHASE13_CONTRACT_INVENTORY_V4_SUMMARY_20260819.md	PATIENT_WEB	BASELINE_ONLY	a89d772802e68b52d7eea8d5710443a06d2f7c275db6e2d91fda17f3d3a647cb		source-directory-byte-hash-unrelated-snapshot	NOT_ASSESSED_BY_FILE_DELTA
PATIENT_WEB	audit-artifacts/NABDAH_PHASE13_EXIT_CRITERIA_REVIEW_20260819.md	PATIENT_WEB	BASELINE_ONLY	1c646b8694a6eb050bf3a3ab70900e53f6ccdabaecc7ccd465fbb5feee9de8db		source-directory-byte-hash-unrelated-snapshot	NOT_ASSESSED_BY_FILE_DELTA
PATIENT_WEB	audit-artifacts/NABDAH_PHASE13_UI_ACTION_INVENTORY_V2_20260819.json	PATIENT_WEB	BASELINE_ONLY	a4d4d7169173f75f00dbfb9e32098f0f0513fbba02b29ccf3f8b68d40a5adede		source-directory-byte-hash-unrelated-snapshot	NOT_ASSESSED_BY_FILE_DELTA
PATIENT_WEB	audit-artifacts/NABDAH_PHASE13_UI_ACTION_INVENTORY_V2_SUMMARY_20260819.md	PATIENT_WEB	BASELINE_ONLY	dc48f01537dbb0b3780c755b0c708347e213609e54d001527ca88fedc68871e8		source-directory-byte-hash-unrelated-snapshot	NOT_ASSESSED_BY_FILE_DELTA
PATIENT_WEB	audit-artifacts/NABDAH_PHASE14_EXIT_CRITERIA_REVIEW_20260819.md	PATIENT_WEB	BASELINE_ONLY	4ab9fc43540604d1c8d5e8b3073523fe9c603e5b2e3b1952467fd62ac2de9cce		source-directory-byte-hash-unrelated-snapshot	NOT_ASSESSED_BY_FILE_DELTA
PATIENT_WEB	audit-artifacts/NABDAH_PHASE14_PROVIDER_CONTRACT_REMEDIATION_20260819.md	PATIENT_WEB	BASELINE_ONLY	108a525549d6e1b9af0d11e2ae33fcd1d1b4da3eb9cf82b78cfd08bbcd7ddb7e		source-directory-byte-hash-unrelated-snapshot	NOT_ASSESSED_BY_FILE_DELTA
PATIENT_WEB	audit-artifacts/NABDAH_PHASE15_EXIT_CRITERIA_REVIEW_20260819.md	PATIENT_WEB	BASELINE_ONLY	5c26fc980c012130b4b68fae4a750fbc7badee76182d3819661ba6f837e13894		source-directory-byte-hash-unrelated-snapshot	NOT_ASSESSED_BY_FILE_DELTA
PATIENT_WEB	audit-artifacts/NABDAH_PHASE15_MIGRATION_INDEX_PREFLIGHT_20260819.md	PATIENT_WEB	BASELINE_ONLY	2f90300d5e8734084cc9d3badf85123923f0c5c8cae432393761a7be0aa68c7d		source-directory-byte-hash-unrelated-snapshot	NOT_ASSESSED_BY_FILE_DELTA
PATIENT_WEB	audit-artifacts/NABDAH_PHASE15_REVIEWER_DEPLOYMENT_CANDIDATE_20260819.md	PATIENT_WEB	BASELINE_ONLY	85f96ed2c1dac11eb77585a5747aa992d8503203f0cf1fe180b5fbf24de2592e		source-directory-byte-hash-unrelated-snapshot	NOT_ASSESSED_BY_FILE_DELTA
PATIENT_WEB	audit-artifacts/NABDAH_PHASE16_CONSULTATION_CASH_AUTOCONFIRM_P0_REMEDIATION_20260819.md	PATIENT_WEB	BASELINE_ONLY	76084ff478527b5f63e3a4f7086ed8b17abd712523524bd31b5bc1eeb44e3743		source-directory-byte-hash-unrelated-snapshot	NOT_ASSESSED_BY_FILE_DELTA
PATIENT_WEB	audit-artifacts/NABDAH_PHASE16_HOSPITAL_PROVIDER_ROLE_REMEDIATION_20260819.md	PATIENT_WEB	BASELINE_ONLY	f6283c2ffa03def307b308da970f1dcb36ae88994192e38ec8393cf4650ddaea		source-directory-byte-hash-unrelated-snapshot	NOT_ASSESSED_BY_FILE_DELTA
PATIENT_WEB	audit-artifacts/NABDAH_PHASE16_LAB_EMBEDDED_REPORT_CONTRACT_REMEDIATION_20260819.md	PATIENT_WEB	BASELINE_ONLY	ab718127517f5dcd2624eadcb41a40069de1eda62ad3ccf3e4cb0382bcb0df24		source-directory-byte-hash-unrelated-snapshot	NOT_ASSESSED_BY_FILE_DELTA
PATIENT_WEB	audit-artifacts/NABDAH_PHASE16_NURSING_AUTHORIZATION_P0_REMEDIATION_20260819.md	PATIENT_WEB	BASELINE_ONLY	d5d7143ccb435debe41ab09ddb472701f3f2742a89fa47d4f3c7f5fe8aaf37a6		source-directory-byte-hash-unrelated-snapshot	NOT_ASSESSED_BY_FILE_DELTA
PATIENT_WEB	audit-artifacts/NABDAH_PHASE16_PRESCRIPTION_CONTRACT_AND_BOLA_REMEDIATION_20260819.md	PATIENT_WEB	BASELINE_ONLY	3e0b08a7e6d49b34f2b2aef59f7650ef013764e66ff1be6b082c67d87c941a2d		source-directory-byte-hash-unrelated-snapshot	NOT_ASSESSED_BY_FILE_DELTA
PATIENT_WEB	audit-artifacts/NABDAH_PHASE16_PRESCRIPTION_DOCTOR_IDENTITY_P0_REMEDIATION_20260820.md	PATIENT_WEB	BASELINE_ONLY	08d10484f461c49b9b5f32cf6a4c8c3c17c9e0d692d5290cb8840e206e299d23		source-directory-byte-hash-unrelated-snapshot	NOT_ASSESSED_BY_FILE_DELTA
PATIENT_WEB	audit-artifacts/NABDAH_PHASE16_PROVIDER_SELF_PROFILE_IDENTITY_REMEDIATION_20260820.md	PATIENT_WEB	BASELINE_ONLY	21f7e822f9714be5028b205173bc372a20d7fdcc5946389fbc0d95778d9ebd76		source-directory-byte-hash-unrelated-snapshot	NOT_ASSESSED_BY_FILE_DELTA
PATIENT_WEB	audit-artifacts/NABDAH_PHASE16_SANDBOX_EXECUTION_REGISTER_20260819.md	PATIENT_WEB	BASELINE_ONLY	be75e98167e60712e6e48c0ea17084d2d26b9c88f8da3216a8e86eb325862773		source-directory-byte-hash-unrelated-snapshot	NOT_ASSESSED_BY_FILE_DELTA
PATIENT_WEB	audit-artifacts/NABDAH_PHASE17_NATIVE_BUILD_AND_DEVICE_BLOCKERS_20260819.md	PATIENT_WEB	BASELINE_ONLY	26213603e7b79a220dcfe442f4c624daa1986b2e2793b6de75956a35d90f40a1		source-directory-byte-hash-unrelated-snapshot	NOT_ASSESSED_BY_FILE_DELTA
PATIENT_WEB	audit-artifacts/NABDAH_PHASE18_LOCALE_ACCESSIBILITY_TECHNICAL_ACCEPTANCE_20260819.md	PATIENT_WEB	BASELINE_ONLY	d999c090ab5698617ae9a5dd91ab0cf83f42b904dc010698ef344f8e2e56937b		source-directory-byte-hash-unrelated-snapshot	NOT_ASSESSED_BY_FILE_DELTA
PATIENT_WEB	audit-artifacts/NABDAH_PHASE19_FINAL_READINESS_VERDICT_20260819.md	PATIENT_WEB	BASELINE_ONLY	fa97fc4fca50c4ca347157cde15748f32033f64d10c67f35b72287379d2b82dd		source-directory-byte-hash-unrelated-snapshot	NOT_ASSESSED_BY_FILE_DELTA
PATIENT_WEB	audit-artifacts/NABDAH_PHASE19_RERUN_STATUS_AND_EXECUTABLE_BLOCKERS_20260820.md	PATIENT_WEB	BASELINE_ONLY	ccad8b2c1fb1b235f3cb39c32ee9820f436c96f27962d32ad45891e97e0b98d9		source-directory-byte-hash-unrelated-snapshot	NOT_ASSESSED_BY_FILE_DELTA
PATIENT_WEB	audit-artifacts/NABDAH_PHASE1_MAIN_SOURCE_BASELINE_20260818.md	PATIENT_WEB	BASELINE_ONLY	9fe0d41ad2262b1688328a2f49ffbe13ff41a3bc0ae026ed1bad93792837aa1e		source-directory-byte-hash-unrelated-snapshot	NOT_ASSESSED_BY_FILE_DELTA
PATIENT_WEB	audit-artifacts/NABDAH_PHASE2_ADDRESS_CREATE_REMEDIATION_TESTS_20260818.md	PATIENT_WEB	BASELINE_ONLY	789c21dad718e958668a9117449062b5158429b2359f2628389ffb66c26e4d7d		source-directory-byte-hash-unrelated-snapshot	NOT_ASSESSED_BY_FILE_DELTA
PATIENT_WEB	audit-artifacts/NABDAH_PHASE2_CHRONIC_REFILL_CONTRACT_GAP_20260819.md	PATIENT_WEB	BASELINE_ONLY	c5a5ece0c7fa3c4e133fe1134135fe71dfd4cf17e682da1711627a9dcaeb2ea8		source-directory-byte-hash-unrelated-snapshot	NOT_ASSESSED_BY_FILE_DELTA
PATIENT_WEB	audit-artifacts/NABDAH_PHASE2_CLOSURE_MATRIX_20260818.tsv	PATIENT_WEB	BASELINE_ONLY	077e9c39f9d987f9297951ece60f96c6e1715dcfb45d5c5cac709a78b5c233ca		source-directory-byte-hash-unrelated-snapshot	NOT_ASSESSED_BY_FILE_DELTA
PATIENT_WEB	audit-artifacts/NABDAH_PHASE2_CONSULTATION_INSURANCE_FINANCIAL_GAP_20260819.md	PATIENT_WEB	BASELINE_ONLY	c8120645751722140f2680233232a2deceef8bd5274d9e6e860d518df1176b05		source-directory-byte-hash-unrelated-snapshot	NOT_ASSESSED_BY_FILE_DELTA
PATIENT_WEB	audit-artifacts/NABDAH_PHASE2_DIAGNOSTICS_BOOKING_CONTRACT_GAP_20260819.md	PATIENT_WEB	BASELINE_ONLY	5eba0dc2e9c88c4b988e38a006d83ba746f5e9b835ea3a48aa49a17b0570704a		source-directory-byte-hash-unrelated-snapshot	NOT_ASSESSED_BY_FILE_DELTA
PATIENT_WEB	audit-artifacts/NABDAH_PHASE2_DIAGNOSTICS_LAB_RADIOLOGY_WORKFLOW_GAPS_20260819.md	PATIENT_WEB	BASELINE_ONLY	a9dd7fc2a4f3e910e1dd519ab89b00d4cb6271f8a5d0e693c4d3e297e081a87c		source-directory-byte-hash-unrelated-snapshot	NOT_ASSESSED_BY_FILE_DELTA
PATIENT_WEB	audit-artifacts/NABDAH_PHASE2_FAMILY_CALENDAR_CONTRACT_GAP_20260819.md	PATIENT_WEB	BASELINE_ONLY	cfc0c298e18beebacab46115f97f02ea04104742af9e26b6f93e1cae3779396b		source-directory-byte-hash-unrelated-snapshot	NOT_ASSESSED_BY_FILE_DELTA
PATIENT_WEB	audit-artifacts/NABDAH_PHASE2_FAMILY_CHAT_MEMBERSHIP_CONTRACT_GAP_20260819.md	PATIENT_WEB	BASELINE_ONLY	956cea8f7b9e3b128488a893694e33a0639fd286b64953f4b211445a701aea92		source-directory-byte-hash-unrelated-snapshot	NOT_ASSESSED_BY_FILE_DELTA
PATIENT_WEB	audit-artifacts/NABDAH_PHASE2_FAMILY_PERMISSIONS_CONTRACT_GAP_20260819.md	PATIENT_WEB	BASELINE_ONLY	78c73bcecd270280a276a6ad5d5cfc93a8efa3ca453e36b437cd246f5e48dbcf		source-directory-byte-hash-unrelated-snapshot	NOT_ASSESSED_BY_FILE_DELTA
PATIENT_WEB	audit-artifacts/NABDAH_PHASE2_FINAL_CLOSURE_DOUBLE_CHECK_20260819.md	PATIENT_WEB	BASELINE_ONLY	fd3b86dc3cc33e10c264ab28fd15b33c3d3878484fdcba7b9d1833c5f06525bd		source-directory-byte-hash-unrelated-snapshot	NOT_ASSESSED_BY_FILE_DELTA
PATIENT_WEB	audit-artifacts/NABDAH_PHASE2_HOME_CARE_NURSING_WORKFLOW_CONTRACT_GAPS_20260819.md	PATIENT_WEB	BASELINE_ONLY	9bb0c7d5ab29bd283aa8bfd1f580ced7b0b780a164bf3d79e8c29fc60d798064		source-directory-byte-hash-unrelated-snapshot	NOT_ASSESSED_BY_FILE_DELTA
PATIENT_WEB	audit-artifacts/NABDAH_PHASE2_INSURANCE_APPROVAL_PAYMENT_HANDOFF_GAP_20260819.md	PATIENT_WEB	BASELINE_ONLY	9f751388d6cf6911802cadb29b3e78e44dd0b282b8c8f2bb5c8576a43c4a644f		source-directory-byte-hash-unrelated-snapshot	NOT_ASSESSED_BY_FILE_DELTA
PATIENT_WEB	audit-artifacts/NABDAH_PHASE2_INSURANCE_PAYMENT_SPLIT_MISSING_ROUTE_20260819.md	PATIENT_WEB	BASELINE_ONLY	6bb3a2412b7292c46effa02d719091948b087173a2dd5438a7f8d657e3bb6f58		source-directory-byte-hash-unrelated-snapshot	NOT_ASSESSED_BY_FILE_DELTA
PATIENT_WEB	audit-artifacts/NABDAH_PHASE2_LOYALTY_REWARD_CONTRACT_GAPS_20260819.md	PATIENT_WEB	BASELINE_ONLY	6ad9bde72ab50fd7fe8bb2f9c0015decc3acda186c14f9a12e7418ea0a82aef0		source-directory-byte-hash-unrelated-snapshot	NOT_ASSESSED_BY_FILE_DELTA
PATIENT_WEB	audit-artifacts/NABDAH_PHASE2_MAIN_PATIENT_INVENTORY_AND_VERSION_DECISIONS_20260818.md	PATIENT_WEB	BASELINE_ONLY	5aec7a476cd0861e0b64500b47bd4a09a83267255acec3fe9a3ed165311ccf29		source-directory-byte-hash-unrelated-snapshot	NOT_ASSESSED_BY_FILE_DELTA
PATIENT_WEB	audit-artifacts/NABDAH_PHASE2_MANUAL_FINDINGS_BATCH_01_20260818.md	PATIENT_WEB	BASELINE_ONLY	ff7207701dadca7ed12bd1d666d2bf42ef514d58f1c68c55ec02f814dfd5d4a3		source-directory-byte-hash-unrelated-snapshot	NOT_ASSESSED_BY_FILE_DELTA
PATIENT_WEB	audit-artifacts/NABDAH_PHASE2_MATERNITY_CLINICAL_STATE_GAP_20260819.md	PATIENT_WEB	BASELINE_ONLY	713a6ff7bbd869929509e5d4988a13687193c0dcbc5636a50df8887b6d133429		source-directory-byte-hash-unrelated-snapshot	NOT_ASSESSED_BY_FILE_DELTA
PATIENT_WEB	audit-artifacts/NABDAH_PHASE2_MEDICAL_DATA_RISK_REVIEW_20260819.md	PATIENT_WEB	BASELINE_ONLY	83ba829c22a0b1518dcca1a0d676b073b1db9316db95dd61786f383c50e8da49		source-directory-byte-hash-unrelated-snapshot	NOT_ASSESSED_BY_FILE_DELTA
PATIENT_WEB	audit-artifacts/NABDAH_PHASE2_MEDICAL_REPORT_VIEWER_AND_AI_CONTRACT_GAPS_20260819.md	PATIENT_WEB	BASELINE_ONLY	ab32bace1766c08af2a43614da7dea5c8d15ec28de1e9f3a5551c92c2859de24		source-directory-byte-hash-unrelated-snapshot	NOT_ASSESSED_BY_FILE_DELTA
PATIENT_WEB	audit-artifacts/NABDAH_PHASE2_MEDICATION_REMINDER_CONTRACT_GAP_20260819.md	PATIENT_WEB	BASELINE_ONLY	eeb133896e4f2d0deed2edf3f99c14197ef1b499c08d52069c90c72bd1a532c7		source-directory-byte-hash-unrelated-snapshot	NOT_ASSESSED_BY_FILE_DELTA
PATIENT_WEB	audit-artifacts/NABDAH_PHASE2_MONTHLY_REPORT_DATA_LOCALIZATION_GAP_20260819.md	PATIENT_WEB	BASELINE_ONLY	7423ef2b95b9c772d21c4f50034a2038bdfaa8c6a424a6dfabd84f341f75691c		source-directory-byte-hash-unrelated-snapshot	NOT_ASSESSED_BY_FILE_DELTA
PATIENT_WEB	audit-artifacts/NABDAH_PHASE2_MOOD_JOURNAL_CONTRACT_GAP_20260819.md	PATIENT_WEB	BASELINE_ONLY	a116890b985ddb059beb33fff2c7be74add0786af3908b0dfdd24d46c3d256ff		source-directory-byte-hash-unrelated-snapshot	NOT_ASSESSED_BY_FILE_DELTA
PATIENT_WEB	audit-artifacts/NABDAH_PHASE2_NO_EXACT_ROUTE_REVIEW_20260819.md	PATIENT_WEB	BASELINE_ONLY	4d63cde7df39002ce373b741ed239d435b91cbd114809ed3cfed09874e63ddc9		source-directory-byte-hash-unrelated-snapshot	NOT_ASSESSED_BY_FILE_DELTA
PATIENT_WEB	audit-artifacts/NABDAH_PHASE2_NUTRITION_AI_PLAN_CONTRACT_GAP_20260819.md	PATIENT_WEB	BASELINE_ONLY	672bec28ecdc27b169ae2b1d3f72e9b4e4adda925bb62195d19bfa5e399be087		source-directory-byte-hash-unrelated-snapshot	NOT_ASSESSED_BY_FILE_DELTA
PATIENT_WEB	audit-artifacts/NABDAH_PHASE2_PATIENT_FEATURE_DECISION_SUMMARY_20260818.md	PATIENT_WEB	BASELINE_ONLY	28722111cf7bfbabc0787e443e0104736dc6ec0c327dc3a82bf4ad8ebacd437e		source-directory-byte-hash-unrelated-snapshot	NOT_ASSESSED_BY_FILE_DELTA
PATIENT_WEB	audit-artifacts/NABDAH_PHASE2_PATIENT_FULL_TREE_SOURCE_COMPARISON_20260819.md	PATIENT_WEB	BASELINE_ONLY	107645d3dd5891360be1993320393f13f2099eb23df2f063cd836f037970c94a		source-directory-byte-hash-unrelated-snapshot	NOT_ASSESSED_BY_FILE_DELTA
PATIENT_WEB	audit-artifacts/NABDAH_PHASE2_PATIENT_MAIN_RISK_MARKERS_20260818.tsv	PATIENT_WEB	BASELINE_ONLY	c91de16a634df0533bab867781315f8d740b64b688a5fdd064afabe866ca28a1		source-directory-byte-hash-unrelated-snapshot	NOT_ASSESSED_BY_FILE_DELTA
PATIENT_WEB	audit-artifacts/NABDAH_PHASE2_PATIENT_MAIN_RISK_REVIEW_20260818.md	PATIENT_WEB	BASELINE_ONLY	c8a09aef6c1be24e49f2631f1e742d8193cd0bba6adc6e40b1b87f7c0e5d39bb		source-directory-byte-hash-unrelated-snapshot	NOT_ASSESSED_BY_FILE_DELTA
PATIENT_WEB	audit-artifacts/NABDAH_PHASE2_PATIENT_METHOD_MISMATCH_REMEDIATION_QUEUE_20260818.tsv	PATIENT_WEB	BASELINE_ONLY	0b6b00b2972a9f7503aaf8f4280e2a14694db41f9e8bf2b9e7874804dce002a1		source-directory-byte-hash-unrelated-snapshot	NOT_ASSESSED_BY_FILE_DELTA
PATIENT_WEB	audit-artifacts/NABDAH_PHASE2_PATIENT_OPEN_CONTRACT_CLASSIFICATION_20260818.tsv	PATIENT_WEB	BASELINE_ONLY	36edc37d53c036525fed91b6e92b7baef741075bbd95716bda3b41941099b1c5		source-directory-byte-hash-unrelated-snapshot	NOT_ASSESSED_BY_FILE_DELTA
PATIENT_WEB	audit-artifacts/NABDAH_PHASE2_PATIENT_OPEN_CONTRACT_CLASSIFICATION_FINAL_20260818.tsv	PATIENT_WEB	BASELINE_ONLY	3daa2cbfce96a5dbaa5c65edb5a226e2117c01a2dabe2e25820d43c0b72c3052		source-directory-byte-hash-unrelated-snapshot	NOT_ASSESSED_BY_FILE_DELTA
PATIENT_WEB	audit-artifacts/NABDAH_PHASE2_PATIENT_PLACEHOLDER_TRIAGE_20260819.md	PATIENT_WEB	BASELINE_ONLY	f0f268ef0dcb4a9fff941c00d15fbbf054880e84cb2bfdd3ac67e92edf836aef		source-directory-byte-hash-unrelated-snapshot	NOT_ASSESSED_BY_FILE_DELTA
PATIENT_WEB	audit-artifacts/NABDAH_PHASE2_PATIENT_UIUX_LOCALIZATION_BASELINE_20260819.md	PATIENT_WEB	BASELINE_ONLY	004585bce814e57aec649cd6959658debb6ff4cbef504e810a79ba2a4c73f203		source-directory-byte-hash-unrelated-snapshot	NOT_ASSESSED_BY_FILE_DELTA
PATIENT_WEB	audit-artifacts/NABDAH_PHASE2_PLAN_DOUBLE_CHECK_20260818.md	PATIENT_WEB	BASELINE_ONLY	3c4240141c62e648fa9380ea9a8c21ef5beedeb091db4d8a634e8e4ad5d4afcd		source-directory-byte-hash-unrelated-snapshot	NOT_ASSESSED_BY_FILE_DELTA
PATIENT_WEB	audit-artifacts/NABDAH_PHASE2_PRESCRIPTION_TRANSLATOR_CONTRACT_SAFETY_GAPS_20260819.md	PATIENT_WEB	BASELINE_ONLY	5c2d70e7b994de4b2b199e850bce93b3a979c0a3ee4813b46aecd499b4addc77		source-directory-byte-hash-unrelated-snapshot	NOT_ASSESSED_BY_FILE_DELTA
PATIENT_WEB	audit-artifacts/NABDAH_PHASE2_PROFILE_NOTIFICATION_SETTINGS_GAPS_20260819.md	PATIENT_WEB	BASELINE_ONLY	e7fa77b7e0d9b39c95e3feebd226402df357cdea7d2705533286195c68ca7d30		source-directory-byte-hash-unrelated-snapshot	NOT_ASSESSED_BY_FILE_DELTA
PATIENT_WEB	audit-artifacts/NABDAH_PHASE2_SENSITIVE_CANDIDATE_IDENTICAL_REVIEW_20260819.md	PATIENT_WEB	BASELINE_ONLY	defd8f0432c65bbf02a4549b5d33654ccf21e36b4d87e6d0c564977ed1449980		source-directory-byte-hash-unrelated-snapshot	NOT_ASSESSED_BY_FILE_DELTA
PATIENT_WEB	audit-artifacts/NABDAH_PHASE2_SENSITIVE_PATIENT_DECISION_MATRIX_20260818.tsv	PATIENT_WEB	BASELINE_ONLY	d158eb311ef378db303d506ba0929c8ab1d527b14abc40d5bcc9a98cfd780874		source-directory-byte-hash-unrelated-snapshot	NOT_ASSESSED_BY_FILE_DELTA
PATIENT_WEB	audit-artifacts/NABDAH_PHASE2_SKIN_ANALYSIS_SAFETY_PRIVACY_GAPS_20260819.md	PATIENT_WEB	BASELINE_ONLY	6df4dcba766ada015a2b464605eee2876323c0ebfd67aeee9eb66328872de44c		source-directory-byte-hash-unrelated-snapshot	NOT_ASSESSED_BY_FILE_DELTA
PATIENT_WEB	audit-artifacts/NABDAH_PHASE2_SUPPORT_CHAT_TICKET_CONTRACT_GAPS_20260819.md	PATIENT_WEB	BASELINE_ONLY	b0f4f6c6890bf301375723bd14ba8a4f5bbaad252cf8bab51619c1d83a7ec4de		source-directory-byte-hash-unrelated-snapshot	NOT_ASSESSED_BY_FILE_DELTA
PATIENT_WEB	audit-artifacts/NABDAH_PHASE2_TRIAGE_DRUG_INTERACTION_SAFETY_GAPS_20260819.md	PATIENT_WEB	BASELINE_ONLY	4a6136f8dc61458de3ae63bf4d92abd98413e542deaa96bb0b59b903d95bac65		source-directory-byte-hash-unrelated-snapshot	NOT_ASSESSED_BY_FILE_DELTA
PATIENT_WEB	audit-artifacts/NABDAH_PHASE2_VITALS_CONTRACT_CLINICAL_SAFETY_GAP_20260819.md	PATIENT_WEB	BASELINE_ONLY	6abc6da453850484d0268947f98a6e941f87c5a4f83421cb6fc281343bc3177a		source-directory-byte-hash-unrelated-snapshot	NOT_ASSESSED_BY_FILE_DELTA
PATIENT_WEB	audit-artifacts/NABDAH_PHASE2_WALLET_TRANSFER_CARD_CONTRACT_GAPS_20260819.md	PATIENT_WEB	BASELINE_ONLY	a4860e48120715fa1b67c4823d781aed001ecefa2c3b4c52e6a0994cc593da16		source-directory-byte-hash-unrelated-snapshot	NOT_ASSESSED_BY_FILE_DELTA
PATIENT_WEB	audit-artifacts/NABDAH_PHASE3_DOCTOR_PROVIDER_CONFIGURATION_GAPS_20260819.md	PATIENT_WEB	BASELINE_ONLY	b7bf70396e1cc8f10eca069e31700f4a8a8390ee793a2eea96a314567de88b87		source-directory-byte-hash-unrelated-snapshot	NOT_ASSESSED_BY_FILE_DELTA
PATIENT_WEB	audit-artifacts/NABDAH_PHASE3_DOCTOR_REGISTRATION_KYC_GAPS_20260819.md	PATIENT_WEB	BASELINE_ONLY	14a94a6a90b4a3cfc2175d5362550c725a92571689dd54be506134adbf5a53ae		source-directory-byte-hash-unrelated-snapshot	NOT_ASSESSED_BY_FILE_DELTA
PATIENT_WEB	audit-artifacts/NABDAH_PHASE3_FINAL_CLOSURE_DOUBLE_CHECK_20260819.md	PATIENT_WEB	BASELINE_ONLY	79d7831d2b3b481e9d333a17bd807d31bc72992086ad93b87b292e6d696dfe67		source-directory-byte-hash-unrelated-snapshot	NOT_ASSESSED_BY_FILE_DELTA
PATIENT_WEB	audit-artifacts/NABDAH_PHASE3_PROVIDER_AMBULANCE_EMERGENCY_GAPS_20260819.md	PATIENT_WEB	BASELINE_ONLY	17e84f5b1611122d78a12ed7f1b422de78feb2d27c9771547a2b9724e1bf4428		source-directory-byte-hash-unrelated-snapshot	NOT_ASSESSED_BY_FILE_DELTA
PATIENT_WEB	audit-artifacts/NABDAH_PHASE3_PROVIDER_DOCTOR_CLINICAL_WORKFLOW_GAPS_20260819.md	PATIENT_WEB	BASELINE_ONLY	aa97eaa419d45a0c4d6055e226057c3d8486dff080f116f726d7d7ef8b67fe4b		source-directory-byte-hash-unrelated-snapshot	NOT_ASSESSED_BY_FILE_DELTA
PATIENT_WEB	audit-artifacts/NABDAH_PHASE3_PROVIDER_DOCTOR_RECEPTION_GAPS_20260819.md	PATIENT_WEB	BASELINE_ONLY	b6f5fccba8e35b06c7f9e726c59ceea0a5f6b6402c8b35b3370d752fe801b5aa		source-directory-byte-hash-unrelated-snapshot	NOT_ASSESSED_BY_FILE_DELTA
PATIENT_WEB	audit-artifacts/NABDAH_PHASE3_PROVIDER_FACILITY_OPERATIONS_GAPS_20260819.md	PATIENT_WEB	BASELINE_ONLY	23358dde40df466e386a920f6c27d8d1e11ae1f5c2170745389d1c3d02baf61a		source-directory-byte-hash-unrelated-snapshot	NOT_ASSESSED_BY_FILE_DELTA
PATIENT_WEB	audit-artifacts/NABDAH_PHASE3_PROVIDER_LAB_OPERATIONS_GAPS_20260819.md	PATIENT_WEB	BASELINE_ONLY	57c9f1eba7b4328b75b88bfa56f0afe7a7b1ea9e2fa7ddc2d2f99f14273682cd		source-directory-byte-hash-unrelated-snapshot	NOT_ASSESSED_BY_FILE_DELTA
PATIENT_WEB	audit-artifacts/NABDAH_PHASE3_PROVIDER_NETWORK_ONBOARDING_BASELINE_20260819.md	PATIENT_WEB	BASELINE_ONLY	db3a9c40181edf3822e97866c27e62a48148f0b42b2a16c27d6b49480a4b2fea		source-directory-byte-hash-unrelated-snapshot	NOT_ASSESSED_BY_FILE_DELTA
PATIENT_WEB	audit-artifacts/NABDAH_PHASE3_PROVIDER_NURSING_OPERATIONS_GAPS_20260819.md	PATIENT_WEB	BASELINE_ONLY	a4409579c1f09bb4bcfc39c3022c0a467a9ebe2637f0cd9c05f2513ac64466d0		source-directory-byte-hash-unrelated-snapshot	NOT_ASSESSED_BY_FILE_DELTA
PATIENT_WEB	audit-artifacts/NABDAH_PHASE3_PROVIDER_PAYOUT_WALLET_GAPS_20260819.md	PATIENT_WEB	BASELINE_ONLY	baff52373b4c85966d5d3431ceb1b34dcad9eeb8164226e2eebf8476b4c3cee4		source-directory-byte-hash-unrelated-snapshot	NOT_ASSESSED_BY_FILE_DELTA
PATIENT_WEB	audit-artifacts/NABDAH_PHASE3_PROVIDER_PHARMACY_BROADCAST_GAPS_20260819.md	PATIENT_WEB	BASELINE_ONLY	a8019dab93da1c1cbfa0303052c5fe37d645e379cbaab83a6ca4e493a441b124		source-directory-byte-hash-unrelated-snapshot	NOT_ASSESSED_BY_FILE_DELTA
PATIENT_WEB	audit-artifacts/NABDAH_PHASE3_PROVIDER_RADIOLOGY_OPERATIONS_GAPS_20260819.md	PATIENT_WEB	BASELINE_ONLY	7f6d1b132b03551c30861edc19202110071f089d921a3ed80796f526a98c9522		source-directory-byte-hash-unrelated-snapshot	NOT_ASSESSED_BY_FILE_DELTA
PATIENT_WEB	audit-artifacts/NABDAH_PHASE3_PROVIDER_SHARED_COMMUNICATION_SUPPORT_GAPS_20260819.md	PATIENT_WEB	BASELINE_ONLY	dbd452caf6346f24c4e236d5d64ae32d26170118f7e88d586e05061b48f89470		source-directory-byte-hash-unrelated-snapshot	NOT_ASSESSED_BY_FILE_DELTA
PATIENT_WEB	audit-artifacts/NABDAH_PHASE3_PROVIDER_SHARED_SECURITY_ANALYTICS_GAPS_20260819.md	PATIENT_WEB	BASELINE_ONLY	969b7b81d0f7defab40d199910cb5f146fd51f1f2c06224fe8f935210a50165c		source-directory-byte-hash-unrelated-snapshot	NOT_ASSESSED_BY_FILE_DELTA
PATIENT_WEB	audit-artifacts/NABDAH_PHASE4_ADMIN_AI_GATEWAY_GAPS_20260819.md	PATIENT_WEB	BASELINE_ONLY	a4ae7fbb8687311f2bcdb7a3361983bd409f00725b80a101e90d6eff95d00006		source-directory-byte-hash-unrelated-snapshot	NOT_ASSESSED_BY_FILE_DELTA
PATIENT_WEB	audit-artifacts/NABDAH_PHASE4_ADMIN_AUDIT_LOG_GAPS_20260819.md	PATIENT_WEB	BASELINE_ONLY	ca79ea013bbc94c5fe583223387e688268c124ceea2c127c3d115d4a05dff605		source-directory-byte-hash-unrelated-snapshot	NOT_ASSESSED_BY_FILE_DELTA
PATIENT_WEB	audit-artifacts/NABDAH_PHASE4_ADMIN_AUTHORIZATION_SHELL_BASELINE_20260819.md	PATIENT_WEB	BASELINE_ONLY	65c006a5795941dfa5bb89ba0af7e6aa497e9dffcfd1f69f3532252d9882b0b7		source-directory-byte-hash-unrelated-snapshot	NOT_ASSESSED_BY_FILE_DELTA
PATIENT_WEB	audit-artifacts/NABDAH_PHASE4_ADMIN_COMMAND_CENTER_GAPS_20260819.md	PATIENT_WEB	BASELINE_ONLY	ac899a73515e179ec955648780ee45d93a7fa8b89272010b50b62066c9ecd08a		source-directory-byte-hash-unrelated-snapshot	NOT_ASSESSED_BY_FILE_DELTA
PATIENT_WEB	audit-artifacts/NABDAH_PHASE4_ADMIN_CONFIG_MAINTENANCE_GAPS_20260819.md	PATIENT_WEB	BASELINE_ONLY	e59147f04a8e531bf190f66f87f0e8eb4f0c7aa145511914b61743afab853245		source-directory-byte-hash-unrelated-snapshot	NOT_ASSESSED_BY_FILE_DELTA
PATIENT_WEB	audit-artifacts/NABDAH_PHASE4_ADMIN_DISPUTE_RESOLUTION_GAPS_20260819.md	PATIENT_WEB	BASELINE_ONLY	e3e5d382e3436b4b99cc07b765d5d236a49beafb56ceb6e0261eb34e5616b166		source-directory-byte-hash-unrelated-snapshot	NOT_ASSESSED_BY_FILE_DELTA
PATIENT_WEB	audit-artifacts/NABDAH_PHASE4_ADMIN_FINANCIAL_LEDGER_WAREHOUSE_GAPS_20260819.md	PATIENT_WEB	BASELINE_ONLY	c3afa5f8cc6a8acac8cfaaede090879f09c162b4860701fd0c5f6fd040cd023c		source-directory-byte-hash-unrelated-snapshot	NOT_ASSESSED_BY_FILE_DELTA
PATIENT_WEB	audit-artifacts/NABDAH_PHASE4_ADMIN_INSURANCE_REFUND_GAPS_20260819.md	PATIENT_WEB	BASELINE_ONLY	f7f316e935de490ad381486f69530d1f00756ab18d611bd70134e69922d2fad5		source-directory-byte-hash-unrelated-snapshot	NOT_ASSESSED_BY_FILE_DELTA
PATIENT_WEB	audit-artifacts/NABDAH_PHASE4_ADMIN_MEDICINE_CATALOG_GAPS_20260819.md	PATIENT_WEB	BASELINE_ONLY	17fe7f4e24e8940556495636e7172c7c535fcaccf9a11cfa7d21bce1a8f5d295		source-directory-byte-hash-unrelated-snapshot	NOT_ASSESSED_BY_FILE_DELTA
PATIENT_WEB	audit-artifacts/NABDAH_PHASE4_ADMIN_NOTIFICATION_CAMPAIGN_GAPS_20260819.md	PATIENT_WEB	BASELINE_ONLY	577807d42a5f21a3881e1f883eee64f6940d9a2c5d2f3a3714a7f52f85280b02		source-directory-byte-hash-unrelated-snapshot	NOT_ASSESSED_BY_FILE_DELTA
PATIENT_WEB	audit-artifacts/NABDAH_PHASE4_ADMIN_NURSING_OPERATIONS_GAPS_20260819.md	PATIENT_WEB	BASELINE_ONLY	631fd47a4bbbe0a40b6526a3bf597784561e99e2ad0266749dc0a53dc75ac118		source-directory-byte-hash-unrelated-snapshot	NOT_ASSESSED_BY_FILE_DELTA
PATIENT_WEB	audit-artifacts/NABDAH_PHASE4_ADMIN_PAYOUT_FINANCE_GAPS_20260819.md	PATIENT_WEB	BASELINE_ONLY	35942332352b50d3613660e1579f9b10e845fffaadd139dec5be020893e2637d		source-directory-byte-hash-unrelated-snapshot	NOT_ASSESSED_BY_FILE_DELTA
PATIENT_WEB	audit-artifacts/NABDAH_PHASE4_ADMIN_PROVIDER_MODERATION_GAPS_20260819.md	PATIENT_WEB	BASELINE_ONLY	d1b790b3117174374af02e7f953c520546e491d1bb2a3872e29c328ddb0acc8a		source-directory-byte-hash-unrelated-snapshot	NOT_ASSESSED_BY_FILE_DELTA
PATIENT_WEB	audit-artifacts/NABDAH_PHASE4_ADMIN_RBAC_MATRIX_GAPS_20260819.md	PATIENT_WEB	BASELINE_ONLY	fb2340aaa51efd7b5dabae73f9b7bbc8442999cdc55f4848422e4dd3ed438782		source-directory-byte-hash-unrelated-snapshot	NOT_ASSESSED_BY_FILE_DELTA
PATIENT_WEB	audit-artifacts/NABDAH_PHASE4_ADMIN_SERVICE_CATALOG_GAPS_20260819.md	PATIENT_WEB	BASELINE_ONLY	13aff8da208bb2abbc69562c0b867d956d89cd5465383883828b77e3bced6382		source-directory-byte-hash-unrelated-snapshot	NOT_ASSESSED_BY_FILE_DELTA
PATIENT_WEB	audit-artifacts/NABDAH_PHASE4_ADMIN_SOS_EMERGENCY_GOVERNANCE_GAPS_20260819.md	PATIENT_WEB	BASELINE_ONLY	9fb6d8133b67de5a469c11d397ba05571ba98ca3886b7706557cc43f1d83b3dd		source-directory-byte-hash-unrelated-snapshot	NOT_ASSESSED_BY_FILE_DELTA
PATIENT_WEB	audit-artifacts/NABDAH_PHASE4_ADMIN_SUPPORT_TICKETS_GAPS_20260819.md	PATIENT_WEB	BASELINE_ONLY	b922f19a22b75cbfb3d4a88c7fcbec204bbe5d36dd5e83b7e956eb6e4562009b		source-directory-byte-hash-unrelated-snapshot	NOT_ASSESSED_BY_FILE_DELTA
PATIENT_WEB	audit-artifacts/NABDAH_PHASE4_ADMIN_USER_MANAGEMENT_GAPS_20260819.md	PATIENT_WEB	BASELINE_ONLY	ca9d188449a60ed78eae6b93e89b038c697244e9f4d6f66a71ebc3dfab4dd1a9		source-directory-byte-hash-unrelated-snapshot	NOT_ASSESSED_BY_FILE_DELTA
PATIENT_WEB	audit-artifacts/NABDAH_PHASE4_FINAL_CLOSURE_DOUBLE_CHECK_20260819.md	PATIENT_WEB	BASELINE_ONLY	7516395f59f5319a72b100538b8b852108aa9c1f9aee56e32c5207cd498f9f28		source-directory-byte-hash-unrelated-snapshot	NOT_ASSESSED_BY_FILE_DELTA
PATIENT_WEB	audit-artifacts/NABDAH_PHASE5_AUTHORIZATION_GUARD_GAPS_20260819.md	PATIENT_WEB	BASELINE_ONLY	f64b5e14df89e86b08785a810aac47389f5749a7c9cac47d6334f397a2a8c76c		source-directory-byte-hash-unrelated-snapshot	NOT_ASSESSED_BY_FILE_DELTA
PATIENT_WEB	audit-artifacts/NABDAH_PHASE5_CONSISTENCY_RECONCILIATION_GAPS_20260819.md	PATIENT_WEB	BASELINE_ONLY	b62df038e469f48cdf4ebd1ce9253193174a9613f89cd60de7ad99bdfa7f2330		source-directory-byte-hash-unrelated-snapshot	NOT_ASSESSED_BY_FILE_DELTA
PATIENT_WEB	audit-artifacts/NABDAH_PHASE5_EVENT_BUS_OUTBOX_GAPS_20260819.md	PATIENT_WEB	BASELINE_ONLY	380ec809f669fced1483eee149b5d003c0f32c1d94fe9ebde32b000337943db9		source-directory-byte-hash-unrelated-snapshot	NOT_ASSESSED_BY_FILE_DELTA
PATIENT_WEB	audit-artifacts/NABDAH_PHASE5_FINAL_CLOSURE_DOUBLE_CHECK_20260819.md	PATIENT_WEB	BASELINE_ONLY	2d79d71cb02383e6a0394a921a9018aaf097dadb9aabd27963c4664ea34cddee		source-directory-byte-hash-unrelated-snapshot	NOT_ASSESSED_BY_FILE_DELTA
PATIENT_WEB	audit-artifacts/NABDAH_PHASE5_INSURANCE_QUOTE_CONTRACT_GAPS_20260819.md	PATIENT_WEB	BASELINE_ONLY	04c5c0aa059ea73a27d122da1392bef57fb0c94abf9cfa0ac6e98e595f7f434c		source-directory-byte-hash-unrelated-snapshot	NOT_ASSESSED_BY_FILE_DELTA
PATIENT_WEB	audit-artifacts/NABDAH_PHASE5_LEGACY_CANONICAL_DATA_SOURCE_GAPS_20260819.md	PATIENT_WEB	BASELINE_ONLY	3a6828968bbcb517501e3fe0041502959500df28615707e19cf30c34774982c5		source-directory-byte-hash-unrelated-snapshot	NOT_ASSESSED_BY_FILE_DELTA
PATIENT_WEB	audit-artifacts/NABDAH_PHASE5_PAYMENT_ENGINE_CONTRACT_GAPS_20260819.md	PATIENT_WEB	BASELINE_ONLY	4b145de1bdfe250843dff8713fd800ce7f97dec974792051805de4493b98379a		source-directory-byte-hash-unrelated-snapshot	NOT_ASSESSED_BY_FILE_DELTA
PATIENT_WEB	audit-artifacts/NABDAH_PHASE5_REALTIME_WEBSOCKET_SECURITY_GAPS_20260819.md	PATIENT_WEB	BASELINE_ONLY	635b1699f0f01c7d230109bf510c2896937bfc4b0df74af97db1112122b5300f		source-directory-byte-hash-unrelated-snapshot	NOT_ASSESSED_BY_FILE_DELTA
PATIENT_WEB	audit-artifacts/NABDAH_PHASE5_STORAGE_MEDIA_PRIVACY_GAPS_20260819.md	PATIENT_WEB	BASELINE_ONLY	693ad910d8abf30b7e39e5f1c86f70516f01b7d57a93889c0ff4e54efff1a9f8		source-directory-byte-hash-unrelated-snapshot	NOT_ASSESSED_BY_FILE_DELTA
PATIENT_WEB	audit-artifacts/NABDAH_PHASE5_TRANSACTION_SCHEMA_DATA_GAPS_20260819.md	PATIENT_WEB	BASELINE_ONLY	c0d4d03b24a9448a626e22ceaa5af5813b5b6ffd9434d960588b84c6a920b005		source-directory-byte-hash-unrelated-snapshot	NOT_ASSESSED_BY_FILE_DELTA
PATIENT_WEB	audit-artifacts/NABDAH_PHASE5_WORKFLOW_ENGINE_CONTRACT_GAPS_20260819.md	PATIENT_WEB	BASELINE_ONLY	a3079e5673da3b0919af573474bcf0083f1500571f85fc86e2382b1e62f2f077		source-directory-byte-hash-unrelated-snapshot	NOT_ASSESSED_BY_FILE_DELTA
PATIENT_WEB	audit-artifacts/NABDAH_PHASE6_FINAL_CLOSURE_DOUBLE_CHECK_20260819.md	PATIENT_WEB	BASELINE_ONLY	0222d52d67b54f8f1b11a7bc16ba96fdd866d87cdfad162ac0ef208cd4ea59bb		source-directory-byte-hash-unrelated-snapshot	NOT_ASSESSED_BY_FILE_DELTA
PATIENT_WEB	audit-artifacts/NABDAH_PHASE6_PUBLIC_CARE_DISCOVERY_PRIVACY_GAPS_20260819.md	PATIENT_WEB	BASELINE_ONLY	823aaf8aacda8a2f09c6021b681d7a8b0e28ea9ef232fe3b05e643462817bba6		source-directory-byte-hash-unrelated-snapshot	NOT_ASSESSED_BY_FILE_DELTA
PATIENT_WEB	audit-artifacts/NABDAH_PHASE6_SECURITY_OWNERSHIP_PRIVACY_MATRIX_20260819.md	PATIENT_WEB	BASELINE_ONLY	1e41e69e0e214c820fcc85a6a77ba34ba854aa26272b3d963d261867f35da9bb		source-directory-byte-hash-unrelated-snapshot	NOT_ASSESSED_BY_FILE_DELTA
PATIENT_WEB	audit-artifacts/NABDAH_PHASE7_COMPETITOR_UX_BENCHMARK_20260819.md	PATIENT_WEB	BASELINE_ONLY	4d4fe5ad39986889bd0574a5d8faf4999a7da330f6dff9bbbbfac7440c804446		source-directory-byte-hash-unrelated-snapshot	NOT_ASSESSED_BY_FILE_DELTA
PATIENT_WEB	audit-artifacts/NABDAH_PHASE7_FINAL_CLOSURE_DOUBLE_CHECK_20260819.md	PATIENT_WEB	BASELINE_ONLY	f848925df4ef11661fc87868aaa8db3a28a42a572de04fc2c9a108d0386e474a		source-directory-byte-hash-unrelated-snapshot	NOT_ASSESSED_BY_FILE_DELTA
PATIENT_WEB	audit-artifacts/NABDAH_PHASE8_BATCH_AA_PROVIDER_PAYOUT_RESERVATION_INTEGRITY_20260819.md	PATIENT_WEB	BASELINE_ONLY	f5c82fa1c65861cb2ae936fbf490625216515f1ef91e4524d6c37d618498d9dd		source-directory-byte-hash-unrelated-snapshot	NOT_ASSESSED_BY_FILE_DELTA
PATIENT_WEB	audit-artifacts/NABDAH_PHASE8_BATCH_AB_PROVIDER_NURSING_QUEUE_CONTRACT_20260819.md	PATIENT_WEB	BASELINE_ONLY	2232d37c8c61d424f6ccd29a8259fa97c0b737e5fd5aeae9d6c77fddfc32c608		source-directory-byte-hash-unrelated-snapshot	NOT_ASSESSED_BY_FILE_DELTA
PATIENT_WEB	audit-artifacts/NABDAH_PHASE8_BATCH_AC_FACILITY_STAFF_ASSIGNMENT_INTEGRITY_20260819.md	PATIENT_WEB	BASELINE_ONLY	7b94c52062662f74ad6a84c661d0e00c06b17fbf9c6207b183a2848da25d92d0		source-directory-byte-hash-unrelated-snapshot	NOT_ASSESSED_BY_FILE_DELTA
PATIENT_WEB	audit-artifacts/NABDAH_PHASE8_BATCH_AD_ADMIN_REFUND_DECISION_INTEGRITY_20260819.md	PATIENT_WEB	BASELINE_ONLY	46797a6d1105f42cbf38fb58fe7bcb5967b47453ec2df2d33f9e470a0199770f		source-directory-byte-hash-unrelated-snapshot	NOT_ASSESSED_BY_FILE_DELTA
PATIENT_WEB	audit-artifacts/NABDAH_PHASE8_BATCH_AE_AMBULANCE_EMERGENCY_RECORD_INTEGRITY_20260819.md	PATIENT_WEB	BASELINE_ONLY	d7daa62769d84995313ca683ab8f033eae5ae3e75734af823d5b421b85c133a1		source-directory-byte-hash-unrelated-snapshot	NOT_ASSESSED_BY_FILE_DELTA
PATIENT_WEB	audit-artifacts/NABDAH_PHASE8_BATCH_AF_DOCTOR_CLINICAL_RECORD_INTEGRITY_20260819.md	PATIENT_WEB	BASELINE_ONLY	da4e515d88782493b8b41af41a755e503ff548bf9ed669aa37127398516a6bad		source-directory-byte-hash-unrelated-snapshot	NOT_ASSESSED_BY_FILE_DELTA
PATIENT_WEB	audit-artifacts/NABDAH_PHASE8_BATCH_AG_ADMIN_GOVERNANCE_MAINTENANCE_INTEGRITY_20260819.md	PATIENT_WEB	BASELINE_ONLY	2d3fbe21380e7485a4aab7111d76f28f3369740c68b3e49e6db72143b43e1fa3		source-directory-byte-hash-unrelated-snapshot	NOT_ASSESSED_BY_FILE_DELTA
PATIENT_WEB	audit-artifacts/NABDAH_PHASE8_BATCH_AH_ADMIN_CAMPAIGN_DELIVERY_GOVERNANCE_20260819.md	PATIENT_WEB	BASELINE_ONLY	74683440b7dbf8f7fa7697f046cb134da73778dd88969f990bedec458a3cdc92		source-directory-byte-hash-unrelated-snapshot	NOT_ASSESSED_BY_FILE_DELTA
PATIENT_WEB	audit-artifacts/NABDAH_PHASE8_BATCH_AI_ADMIN_SOS_PRIVACY_DISPATCH_CONTAINMENT_20260819.md	PATIENT_WEB	BASELINE_ONLY	112fcf4857c4ef2942b0985fab2e14f3f6667d5a68326e69ef9b6e7f2706144e		source-directory-byte-hash-unrelated-snapshot	NOT_ASSESSED_BY_FILE_DELTA
PATIENT_WEB	audit-artifacts/NABDAH_PHASE8_BATCH_AJ_PATIENT_LOCALE_TECHNICAL_KEY_CONTAINMENT_20260819.md	PATIENT_WEB	BASELINE_ONLY	2baf16b9532c1376c6ebed3d782c215304fe1668008e1f7ff57fab5fac422da4		source-directory-byte-hash-unrelated-snapshot	NOT_ASSESSED_BY_FILE_DELTA
PATIENT_WEB	audit-artifacts/NABDAH_PHASE8_BATCH_AK_ADMIN_AI_PHI_GOVERNANCE_CONTAINMENT_20260819.md	PATIENT_WEB	BASELINE_ONLY	3b550d5a40d823afa9ce23c24665f248aacf8098f10929f1080ee5ff4b01a89c		source-directory-byte-hash-unrelated-snapshot	NOT_ASSESSED_BY_FILE_DELTA
PATIENT_WEB	audit-artifacts/NABDAH_PHASE8_BATCH_AL_PROVIDER_SHARED_UI_ACCESSIBILITY_RTL_20260819.md	PATIENT_WEB	BASELINE_ONLY	bd8e9a4b95fa79041c75c9496626cd4dc71fac91f5cccaa521cd441cc6243b86		source-directory-byte-hash-unrelated-snapshot	NOT_ASSESSED_BY_FILE_DELTA
PATIENT_WEB	audit-artifacts/NABDAH_PHASE8_BATCH_AM_PATIENT_SHARED_UI_ACCESSIBILITY_RTL_20260819.md	PATIENT_WEB	BASELINE_ONLY	2ffc4426bbc6b3262cda68cd3465f6f9600ee207330bac0ff324d611d1f5cb6a		source-directory-byte-hash-unrelated-snapshot	NOT_ASSESSED_BY_FILE_DELTA
PATIENT_WEB	audit-artifacts/NABDAH_PHASE8_BATCH_AN_ADMIN_NURSING_PRIVACY_ASSIGNMENT_CONTAINMENT_20260819.md	PATIENT_WEB	BASELINE_ONLY	62484e43d34b87348b75e9a72708e5bf6eb7fe9df2b52290942e79f2f640eccd		source-directory-byte-hash-unrelated-snapshot	NOT_ASSESSED_BY_FILE_DELTA
PATIENT_WEB	audit-artifacts/NABDAH_PHASE8_BATCH_AO_ADMIN_DISPUTE_FINANCIAL_CONTAINMENT_20260819.md	PATIENT_WEB	BASELINE_ONLY	f71adbebb4b3d8521fde71c65a5ea240ce44564697a4eb7602153c5b022fe235		source-directory-byte-hash-unrelated-snapshot	NOT_ASSESSED_BY_FILE_DELTA
PATIENT_WEB	audit-artifacts/NABDAH_PHASE8_BATCH_AP_ADMIN_SERVICE_CATALOG_PUBLICATION_CONTAINMENT_20260819.md	PATIENT_WEB	BASELINE_ONLY	ad89daec72cf0274eb1dc05f1bc61b6623b59e06bc4796c6c36358b28fe50fdf		source-directory-byte-hash-unrelated-snapshot	NOT_ASSESSED_BY_FILE_DELTA
PATIENT_WEB	audit-artifacts/NABDAH_PHASE8_BATCH_A_PUBLIC_CARE_DISCOVERY_REMEDIATION_20260819.md	PATIENT_WEB	BASELINE_ONLY	b45a68af37cf1c840b0d579cd6d10c550a75e4c430191144a03a363f1c8e2008		source-directory-byte-hash-unrelated-snapshot	NOT_ASSESSED_BY_FILE_DELTA
PATIENT_WEB	audit-artifacts/NABDAH_PHASE8_BATCH_B_REALTIME_ROOM_AUTHORIZATION_20260819.md	PATIENT_WEB	BASELINE_ONLY	c8a11696cdf5b570e201e1a1fd9c083ef4984a9630cd0d35b99353be4b0b2628		source-directory-byte-hash-unrelated-snapshot	NOT_ASSESSED_BY_FILE_DELTA
PATIENT_WEB	audit-artifacts/NABDAH_PHASE8_BATCH_C_PAYMENT_AUTHORIZATION_WEBHOOKS_20260819.md	PATIENT_WEB	BASELINE_ONLY	9c6325dbbd26f15c4e158c8478766bb7cd93c1b3a15fd4402a150f4a57741fda		source-directory-byte-hash-unrelated-snapshot	NOT_ASSESSED_BY_FILE_DELTA
PATIENT_WEB	audit-artifacts/NABDAH_PHASE8_BATCH_D_PRIVILEGED_JWT_IMPERSONATION_20260819.md	PATIENT_WEB	BASELINE_ONLY	8a4a93368a5e14c2a58071db87f8c7b8eb2a368ee982f5c34268b41c7836b9d6		source-directory-byte-hash-unrelated-snapshot	NOT_ASSESSED_BY_FILE_DELTA
PATIENT_WEB	audit-artifacts/NABDAH_PHASE8_BATCH_E_PATIENT_LOCALE_NAVIGATION_20260819.md	PATIENT_WEB	BASELINE_ONLY	0985455d8804708d8c5edb8bec9ed99652763feb6d388b87a9dd0a81cc175184		source-directory-byte-hash-unrelated-snapshot	NOT_ASSESSED_BY_FILE_DELTA
PATIENT_WEB	audit-artifacts/NABDAH_PHASE8_BATCH_F_FAMILY_OWNERSHIP_CONTRACTS_20260819.md	PATIENT_WEB	BASELINE_ONLY	86552f45e6800782f45ea021d65ff7d5a8a1103e19c6a8d6fcc64b2fc007346e		source-directory-byte-hash-unrelated-snapshot	NOT_ASSESSED_BY_FILE_DELTA
PATIENT_WEB	audit-artifacts/NABDAH_PHASE8_BATCH_G_CLINICAL_VITALS_CONTRACT_20260819.md	PATIENT_WEB	BASELINE_ONLY	dd1d06ce784a03bb4cfd2d4dc5079c5600b7e0009222609972fe84c768945f0e		source-directory-byte-hash-unrelated-snapshot	NOT_ASSESSED_BY_FILE_DELTA
PATIENT_WEB	audit-artifacts/NABDAH_PHASE8_BATCH_H_MATERNITY_CLINICAL_STATE_REVALIDATION_20260819.md	PATIENT_WEB	BASELINE_ONLY	49b98ec2a839ffcbbbc0e3f07d013ed1a0c7723d8da47806422526c6b2305239		source-directory-byte-hash-unrelated-snapshot	NOT_ASSESSED_BY_FILE_DELTA
PATIENT_WEB	audit-artifacts/NABDAH_PHASE8_BATCH_I_NUTRITION_PLAN_TRUTHFULNESS_REVALIDATION_20260819.md	PATIENT_WEB	BASELINE_ONLY	4eb5f3d20d04e34c3e5be59a5f271159e86825d2b86a99874e91a277425c81e1		source-directory-byte-hash-unrelated-snapshot	NOT_ASSESSED_BY_FILE_DELTA
PATIENT_WEB	audit-artifacts/NABDAH_PHASE8_BATCH_J_MEDICATION_REMINDER_FIDELITY_20260819.md	PATIENT_WEB	BASELINE_ONLY	9aba068028672e9a29492a4c93b1080385b9a2ec64314f54d73c940f234315e6		source-directory-byte-hash-unrelated-snapshot	NOT_ASSESSED_BY_FILE_DELTA
PATIENT_WEB	audit-artifacts/NABDAH_PHASE8_BATCH_K_PAYMENT_INTENT_IDEMPOTENCY_20260819.md	PATIENT_WEB	BASELINE_ONLY	f3d2bdaecbaab99baa9b586f4c24e2323e89c8e0d55d0e6ce632b5524461dd55		source-directory-byte-hash-unrelated-snapshot	NOT_ASSESSED_BY_FILE_DELTA
PATIENT_WEB	audit-artifacts/NABDAH_PHASE8_BATCH_L_INSURANCE_COPAY_INTEGRITY_20260819.md	PATIENT_WEB	BASELINE_ONLY	cb86d489e6eb898fd3d1ae069371d8c24a1a365a17661c95641a087d61090f8c		source-directory-byte-hash-unrelated-snapshot	NOT_ASSESSED_BY_FILE_DELTA
PATIENT_WEB	audit-artifacts/NABDAH_PHASE8_BATCH_M_PROTECTED_MEDIA_STORAGE_20260819.md	PATIENT_WEB	BASELINE_ONLY	86e4f15a4f9c33c1fd0258e94de4d6f2dab0ff7a98361500f4148b08c6e153c2		source-directory-byte-hash-unrelated-snapshot	NOT_ASSESSED_BY_FILE_DELTA
PATIENT_WEB	audit-artifacts/NABDAH_PHASE8_BATCH_N_WORKFLOW_EVENT_INTEGRITY_20260819.md	PATIENT_WEB	BASELINE_ONLY	d43ac132f5f3f6a21cff4675b0a469faa1b099f98012c1583e8c9e43d39b463b		source-directory-byte-hash-unrelated-snapshot	NOT_ASSESSED_BY_FILE_DELTA
PATIENT_WEB	audit-artifacts/NABDAH_PHASE8_BATCH_O_DIAGNOSTICS_TRUTHFULNESS_20260819.md	PATIENT_WEB	BASELINE_ONLY	775b11f4a639595d79a1a16af306a188a82da61180c363c55f2cae55604d6c44		source-directory-byte-hash-unrelated-snapshot	NOT_ASSESSED_BY_FILE_DELTA
PATIENT_WEB	audit-artifacts/NABDAH_PHASE8_BATCH_P_PROVIDER_DIAGNOSTIC_REPORT_INTEGRITY_20260819.md	PATIENT_WEB	BASELINE_ONLY	1317b89df880fa2b745fdd5d6395561b3cedc1586816bca3b93926113989a960		source-directory-byte-hash-unrelated-snapshot	NOT_ASSESSED_BY_FILE_DELTA
PATIENT_WEB	audit-artifacts/NABDAH_PHASE8_BATCH_Q_MOOD_JOURNAL_TRUTHFULNESS_20260819.md	PATIENT_WEB	BASELINE_ONLY	c7e0d1c8d7e9a0667bb452666679f15cf1fac707364c4bd471d4dbe0b3a19664		source-directory-byte-hash-unrelated-snapshot	NOT_ASSESSED_BY_FILE_DELTA
PATIENT_WEB	audit-artifacts/NABDAH_PHASE8_BATCH_R_CHRONIC_REFILL_INTEGRITY_20260819.md	PATIENT_WEB	BASELINE_ONLY	ba9d49a304377f55cb02d691e3ed64d81dad0743534b00f35b44160904438ca5		source-directory-byte-hash-unrelated-snapshot	NOT_ASSESSED_BY_FILE_DELTA
PATIENT_WEB	audit-artifacts/NABDAH_PHASE8_BATCH_S_FAMILY_CALENDAR_CONTRACT_20260819.md	PATIENT_WEB	BASELINE_ONLY	438abb2f1d9f31154ed3c90fd2f30d383a0ec86730227f5b06d8ec8fc4b8d016		source-directory-byte-hash-unrelated-snapshot	NOT_ASSESSED_BY_FILE_DELTA
PATIENT_WEB	audit-artifacts/NABDAH_PHASE8_BATCH_T_INSURANCE_COPAY_INTEGRITY_20260819.md	PATIENT_WEB	BASELINE_ONLY	f11dc3d700663162ede76ccfd77b5336c7fe4d9bc22d5aacbaec8da377d92905		source-directory-byte-hash-unrelated-snapshot	NOT_ASSESSED_BY_FILE_DELTA
PATIENT_WEB	audit-artifacts/NABDAH_PHASE8_BATCH_U_MONTHLY_HEALTH_REPORT_TEMPORAL_INTEGRITY_20260819.md	PATIENT_WEB	BASELINE_ONLY	d9d755f2482eba6309f3119401dcafeac28a635eeae2a4bd265b3095aa34be87		source-directory-byte-hash-unrelated-snapshot	NOT_ASSESSED_BY_FILE_DELTA
PATIENT_WEB	audit-artifacts/NABDAH_PHASE8_BATCH_V_PROVIDER_NETWORK_CONFIGURATION_INTEGRITY_20260819.md	PATIENT_WEB	BASELINE_ONLY	face98b60c128ef6b5548aad1657c612ffd2e2c01db8bf3572eea33fb22ff206		source-directory-byte-hash-unrelated-snapshot	NOT_ASSESSED_BY_FILE_DELTA
PATIENT_WEB	audit-artifacts/NABDAH_PHASE8_BATCH_W_PROVIDER_KYC_STATE_GATE_20260819.md	PATIENT_WEB	BASELINE_ONLY	4918c039af1ae4888bba15963f9f7631b405e8e8b5c003200f8c66d1a6b5163f		source-directory-byte-hash-unrelated-snapshot	NOT_ASSESSED_BY_FILE_DELTA
PATIENT_WEB	audit-artifacts/NABDAH_PHASE8_BATCH_X_PROVIDER_PHARMACY_BROADCAST_CONTRACT_20260819.md	PATIENT_WEB	BASELINE_ONLY	52c2569b44bfebab281d59a09b5f24e4b5c021ca12e58684b23e3171e1964a99		source-directory-byte-hash-unrelated-snapshot	NOT_ASSESSED_BY_FILE_DELTA
PATIENT_WEB	audit-artifacts/NABDAH_PHASE8_BATCH_Y_LABORATORY_WORKFLOW_INTEGRITY_20260819.md	PATIENT_WEB	BASELINE_ONLY	4bc6323f14be3b6a3dcec8ec9d3138f3cc4c565207c76d620c028896e44ea11b		source-directory-byte-hash-unrelated-snapshot	NOT_ASSESSED_BY_FILE_DELTA
PATIENT_WEB	audit-artifacts/NABDAH_PHASE8_BATCH_Z_ADMIN_SESSION_GOVERNANCE_INTEGRITY_20260819.md	PATIENT_WEB	BASELINE_ONLY	15e7288fae5f5d27b54f2e5b87ff2607ea68e9ddb18617aecba602a529aa178f		source-directory-byte-hash-unrelated-snapshot	NOT_ASSESSED_BY_FILE_DELTA
PATIENT_WEB	audit-artifacts/NABDAH_PHASE8_FINAL_CLOSURE_DOUBLE_CHECK_20260819.md	PATIENT_WEB	BASELINE_ONLY	256225347696b2a81ea555f06896c96b1ef30c6ff92f67051fa4d4d79002296e		source-directory-byte-hash-unrelated-snapshot	NOT_ASSESSED_BY_FILE_DELTA
PATIENT_WEB	audit-artifacts/NABDAH_PHASE8_POST_AE_REMEDIATION_INVENTORY_20260819.md	PATIENT_WEB	BASELINE_ONLY	9121f6a17608a7ca9b0ae1504fb92158fa9786ea0d251b87a2a194339f0a46a4		source-directory-byte-hash-unrelated-snapshot	NOT_ASSESSED_BY_FILE_DELTA
PATIENT_WEB	audit-artifacts/NABDAH_PHASE9_BACKEND_DEPENDENCY_LOCK_INTEGRITY_20260819.md	PATIENT_WEB	BASELINE_ONLY	0e61c63616ce691710b4b03266839c058ed6145a2e2623c6598ebcc90b22cc3c		source-directory-byte-hash-unrelated-snapshot	NOT_ASSESSED_BY_FILE_DELTA
PATIENT_WEB	audit-artifacts/NABDAH_PHASE9_BUILD_GATE_BASELINE_20260819.md	PATIENT_WEB	BASELINE_ONLY	ca97b5013275d9b4ce85f8530dfcb00182033ed08966aa676989d3acb4295333		source-directory-byte-hash-unrelated-snapshot	NOT_ASSESSED_BY_FILE_DELTA
PATIENT_WEB	audit-artifacts/NABDAH_PHASE9_FINAL_DOUBLE_CHECK_20260819.md	PATIENT_WEB	BASELINE_ONLY	350179fdd90250ab84071b74b97aeff28dc52fb64b05e1fcebd2c5163abec323		source-directory-byte-hash-unrelated-snapshot	NOT_ASSESSED_BY_FILE_DELTA
PATIENT_WEB	audit-artifacts/NABDAH_PHASE9_PROVIDER_DEPENDENCY_LOCK_INTEGRITY_20260819.md	PATIENT_WEB	BASELINE_ONLY	f3097d3587812c502cfac6b84b3caa2e8beb28d230c4289e2518dae872d69ef9		source-directory-byte-hash-unrelated-snapshot	NOT_ASSESSED_BY_FILE_DELTA
PATIENT_WEB	audit-artifacts/NABDAH_PHASE9_RELEASE_CANDIDATE_AND_ROLLBACK_PLAN_20260819.md	PATIENT_WEB	BASELINE_ONLY	07cee6c4ce51aa0abeec78e7baddf627132580ed69d66418ee3b84e2d9901ecd		source-directory-byte-hash-unrelated-snapshot	NOT_ASSESSED_BY_FILE_DELTA
PATIENT_WEB	audit-artifacts/NABDAH_PLAN_COMPLETENESS_GAP_REVIEW_20260818.md	PATIENT_WEB	BASELINE_ONLY	77d041d009ddac6cb00b32ac246c390bbdfedf13130423d41ae192156483c3ba		source-directory-byte-hash-unrelated-snapshot	NOT_ASSESSED_BY_FILE_DELTA
PATIENT_WEB	audit-artifacts/NABDAH_PREPHASE13_DOCTOR_PRESCRIPTION_REMEDIATION_20260819.md	PATIENT_WEB	BASELINE_ONLY	fe2086b8bb6a1235464c8a821c2e64fcc76c392e70b5875b24ff98e5a2c447af		source-directory-byte-hash-unrelated-snapshot	NOT_ASSESSED_BY_FILE_DELTA
PATIENT_WEB	audit-artifacts/NABDAH_PROVIDER_AGREEMENT_FAIL_CLOSED_20260819.md	PATIENT_WEB	BASELINE_ONLY	06b5e40cba8928e0afd1b99618c3121d90d88563a379393a0ae1280a5d001efd		source-directory-byte-hash-unrelated-snapshot	NOT_ASSESSED_BY_FILE_DELTA
PATIENT_WEB	audit-artifacts/NABDAH_PROVIDER_CHAT_TRUTHFULNESS_20260819.md	PATIENT_WEB	BASELINE_ONLY	7d521b216083f6b594ed7907ebbbf7ca159548b9ba2885c613604fc2c6b94ae5		source-directory-byte-hash-unrelated-snapshot	NOT_ASSESSED_BY_FILE_DELTA
PATIENT_WEB	audit-artifacts/NABDAH_PROVIDER_DOCTOR_TRUTHFULNESS_20260819.md	PATIENT_WEB	BASELINE_ONLY	910657ba92604440e6557967037b35246344a3f0b98ea84d8372356eecf7f52a		source-directory-byte-hash-unrelated-snapshot	NOT_ASSESSED_BY_FILE_DELTA
PATIENT_WEB	audit-artifacts/NABDAH_PROVIDER_EXPO_SDK57_MIGRATION_20260819.md	PATIENT_WEB	BASELINE_ONLY	aa7503870cf8a48b75c39e5b31890dbed54f71bcfb24047bb7f932cba38fce4a		source-directory-byte-hash-unrelated-snapshot	NOT_ASSESSED_BY_FILE_DELTA
PATIENT_WEB	audit-artifacts/NABDAH_PROVIDER_FULL_LOCALE_STATIC_TEXT_MIGRATION_20260819.md	PATIENT_WEB	BASELINE_ONLY	97a70e6d6f261e9407f84232c93fd49c686a382e202ca1e61eb102dc83459b10		source-directory-byte-hash-unrelated-snapshot	NOT_ASSESSED_BY_FILE_DELTA
PATIENT_WEB	audit-artifacts/NABDAH_PROVIDER_LAB_TRUTHFULNESS_20260819.md	PATIENT_WEB	BASELINE_ONLY	7d00af49488d4eb46ca054457a28dfd738511046d3d59473050b16be0d27e41e		source-directory-byte-hash-unrelated-snapshot	NOT_ASSESSED_BY_FILE_DELTA
PATIENT_WEB	audit-artifacts/NABDAH_PROVIDER_LOCALIZATION_INVENTORY_20260819.md	PATIENT_WEB	BASELINE_ONLY	525188b2c031dbadc3f8550da5e8e60ebea692c3255b8c66a41c7b435eb20bdc		source-directory-byte-hash-unrelated-snapshot	NOT_ASSESSED_BY_FILE_DELTA
PATIENT_WEB	audit-artifacts/NABDAH_PROVIDER_SHARED_OPERATION_TRUTHFULNESS_20260819.md	PATIENT_WEB	BASELINE_ONLY	6a8a2d24906ce43260b520be1ed6ea0fa8f8b73178f57a1bc0f82123e78ff343		source-directory-byte-hash-unrelated-snapshot	NOT_ASSESSED_BY_FILE_DELTA
PATIENT_WEB	audit-artifacts/NABDAH_PROVIDER_SIX_LOCALE_FOUNDATION_20260819.md	PATIENT_WEB	BASELINE_ONLY	a8f951f88f06c643873b6aed2d8ae1b1fe587cdea0f0813e1861126d13897782		source-directory-byte-hash-unrelated-snapshot	NOT_ASSESSED_BY_FILE_DELTA
PATIENT_WEB	audit-artifacts/NABDAH_PROVIDER_TEMPLATE_LOCALE_MIGRATION_20260819.md	PATIENT_WEB	BASELINE_ONLY	a6b67c76b9a02e885398b62447e480a5b78aabe0a2e3412855ef13c52312f991		source-directory-byte-hash-unrelated-snapshot	NOT_ASSESSED_BY_FILE_DELTA
PATIENT_WEB	audit-artifacts/NABDAH_READINESS_RESUMPTION_BLOCKER_RECONCILIATION_20260819.md	PATIENT_WEB	BASELINE_ONLY	376d0866113be6c1eb136fc05c3ac74d749c83f5e50be9047f1041f57061e2b3		source-directory-byte-hash-unrelated-snapshot	NOT_ASSESSED_BY_FILE_DELTA
PATIENT_WEB	audit-artifacts/NABDAH_RECONCILIATION_ACTUAL_API_CALLS_20260818.tsv	PATIENT_WEB	BASELINE_ONLY	982ba56865f4f8e591834dc5ab0f95d1d3fed433a3666a4e67d7423dec822fa2		source-directory-byte-hash-unrelated-snapshot	NOT_ASSESSED_BY_FILE_DELTA
PATIENT_WEB	audit-artifacts/NABDAH_RECONCILIATION_API_ROUTE_MATCH_20260818.tsv	PATIENT_WEB	BASELINE_ONLY	6b67d149c7fbd1f4c46f22799991bf2629985cb722010cd5a46fa1c534c91082		source-directory-byte-hash-unrelated-snapshot	NOT_ASSESSED_BY_FILE_DELTA
PATIENT_WEB	audit-artifacts/NABDAH_RECONCILIATION_BACKEND_ROUTES_20260818.tsv	PATIENT_WEB	BASELINE_ONLY	6fbb050bd8acd33be841d61bb1d30898ca5485098664bd40207016a2ac615893		source-directory-byte-hash-unrelated-snapshot	NOT_ASSESSED_BY_FILE_DELTA
PATIENT_WEB	audit-artifacts/NABDAH_RECONCILIATION_CURRENT_SOURCE_QA_20260818.md	PATIENT_WEB	BASELINE_ONLY	cfcf8b94acaa826a743543ccf7d6b0a816d76a89eec535db5221f95db43da63d		source-directory-byte-hash-unrelated-snapshot	NOT_ASSESSED_BY_FILE_DELTA
PATIENT_WEB	audit-artifacts/NABDAH_RECONCILIATION_SOURCE_UI_MARKERS_20260818.tsv	PATIENT_WEB	BASELINE_ONLY	9ab7b70d79e2162a39e3a2d1554c315eb585883fcdc6f1d06260f1b590f33f81		source-directory-byte-hash-unrelated-snapshot	NOT_ASSESSED_BY_FILE_DELTA
PATIENT_WEB	audit-artifacts/NABDAH_REVIEW_HANDOVER_CURRENT_STATE_20260819.md	PATIENT_WEB	BASELINE_ONLY	b43cb710ce22d10bb89352d54583a87899e5c837525215c8c369db0a4e87f13e		source-directory-byte-hash-unrelated-snapshot	NOT_ASSESSED_BY_FILE_DELTA
PATIENT_WEB	audit-artifacts/NABDAH_ROUTE_MATCH_RECONCILIATION_20260818.md	PATIENT_WEB	BASELINE_ONLY	766130284356f577adc11f56056a853e196cd9d3500a40356bd058639dab3560		source-directory-byte-hash-unrelated-snapshot	NOT_ASSESSED_BY_FILE_DELTA
PATIENT_WEB	audit-artifacts/NABDAH_SCREEN_BUTTON_CONTRACT_INVENTORY_20260818.tsv	PATIENT_WEB	BASELINE_ONLY	944d89403f820bff40d0073ecf866772beccc1239977dbbdadeca806c3c20064		source-directory-byte-hash-unrelated-snapshot	NOT_ASSESSED_BY_FILE_DELTA
PATIENT_WEB	audit-artifacts/NABDAH_SCREEN_BUTTON_CONTRACT_UNIQUE_20260818.tsv	PATIENT_WEB	BASELINE_ONLY	ac80b0cacbb1f9e02ea9da18bd7f1c6fc49047ccce591b35f165fe704fa0a82c		source-directory-byte-hash-unrelated-snapshot	NOT_ASSESSED_BY_FILE_DELTA
PATIENT_WEB	audit-artifacts/NABDAH_SMART_CATALOG_BACKFILL_REVIEWER_RUNBOOK_20260820.md	PATIENT_WEB	BASELINE_ONLY	16a62c4a3db298d0792c80f0890bbf014c3f31bb90259fa600015016d02e6e59		source-directory-byte-hash-unrelated-snapshot	NOT_ASSESSED_BY_FILE_DELTA
PATIENT_WEB	audit-artifacts/NABDAH_SOURCE_AUTHORITY_CORRECTION_20260818.md	PATIENT_WEB	BASELINE_ONLY	1da55d0feb1445c9b28034eda6a3d0b0c005bbf010aa49bb3ee63b3636196dd0		source-directory-byte-hash-unrelated-snapshot	NOT_ASSESSED_BY_FILE_DELTA
PATIENT_WEB	audit-artifacts/NABDAH_SOURCE_AUTHORITY_VERIFICATION_20260818.md	PATIENT_WEB	BASELINE_ONLY	3bf734820d44c9dd02fb3a853abae20183742f3ea2dd66b2b232ec3a4fbaeff7		source-directory-byte-hash-unrelated-snapshot	NOT_ASSESSED_BY_FILE_DELTA
PATIENT_WEB	audit-artifacts/NABDAH_SOURCE_MERGE_TRIAL_20260818.md	PATIENT_WEB	BASELINE_ONLY	57a7e22a03bf1a644d81156ebd9ab9b9fdcbba6d86d124f3743d0f01569eacde		source-directory-byte-hash-unrelated-snapshot	NOT_ASSESSED_BY_FILE_DELTA
PATIENT_WEB	audit-artifacts/NABDAH_UNMATCHED_API_REVIEW_20260818.tsv	PATIENT_WEB	BASELINE_ONLY	82c2c02654414e5a57270927fd2fbc2064137988a158f250296cce3721006c11		source-directory-byte-hash-unrelated-snapshot	NOT_ASSESSED_BY_FILE_DELTA
PATIENT_WEB	audit-artifacts/NABDAH_WEB_PARITY_PHASE8_HANDOVER_AR.md	PATIENT_WEB	BASELINE_ONLY	76cf76c21e9b2692c819e3f6c90a6b29370ecda94c8c8940b154e8c57eccde1b		source-directory-byte-hash-unrelated-snapshot	NOT_ASSESSED_BY_FILE_DELTA
PATIENT_WEB	audit-artifacts/NEW_TRACK_SOURCE_INVENTORY_20260817.txt	PATIENT_WEB	BASELINE_ONLY	ce6a6b02d556e15c344343727fbbb5107bf47cc2d502ffd556881477fc163a9e		source-directory-byte-hash-unrelated-snapshot	NOT_ASSESSED_BY_FILE_DELTA
PATIENT_WEB	audit-artifacts/PATIENT1_SELECTED_ORDER_20260818.json	PATIENT_WEB	BASELINE_ONLY	3c80fd06245e6fb4e4956694a44e688c7603d5ffd20c8e1738a7428ec7367f38		source-directory-byte-hash-unrelated-snapshot	NOT_ASSESSED_BY_FILE_DELTA
PATIENT_WEB	audit-artifacts/PATIENT2_BOLA_CANCEL_BEFORE_AFTER_20260818.json	PATIENT_WEB	BASELINE_ONLY	9fee77f77ca324cb23df6dcd3931c92d722bae43806ba298ebd8c3ff076f29e8		source-directory-byte-hash-unrelated-snapshot	NOT_ASSESSED_BY_FILE_DELTA
PATIENT_WEB	audit-artifacts/PATIENT2_BOLA_READ_20260818.json	PATIENT_WEB	BASELINE_ONLY	0fec2c82571402feab0a36fa065aa7808e3493241a8f146cbf45dac28449d7c2		source-directory-byte-hash-unrelated-snapshot	NOT_ASSESSED_BY_FILE_DELTA
PATIENT_WEB	audit-artifacts/PATIENT2_BOLA_REPORT_RECHECK_20260818.json	PATIENT_WEB	BASELINE_ONLY	5a39b5d9b09d8d5bb9cf14e5de388e4d3658cf7f265e53609607c0078f76bd41		source-directory-byte-hash-unrelated-snapshot	NOT_ASSESSED_BY_FILE_DELTA
PATIENT_WEB	audit-artifacts/PATIENT_404_CONTRACT_CLASSIFICATION_20260818.md	PATIENT_WEB	BASELINE_ONLY	1574fe1e9863db9eaa912331235de29cbbea1242a2c3d13e9fb9039082fd3bc6		source-directory-byte-hash-unrelated-snapshot	NOT_ASSESSED_BY_FILE_DELTA
PATIENT_WEB	audit-artifacts/PATIENT_CONSULTATION_CONSUMER_MAP_20260818.txt	PATIENT_WEB	BASELINE_ONLY	8abf63f1d1879479763f611c56048f960a428ed2be27a0167f2a3141b8511e6e		source-directory-byte-hash-unrelated-snapshot	NOT_ASSESSED_BY_FILE_DELTA
PATIENT_WEB	audit-artifacts/PATIENT_CONSUMER_BACKEND_ROUTE_MAP_20260818.txt	PATIENT_WEB	BASELINE_ONLY	62f8f0073c3aff5d2a3e3984d3d3215e7e613254e3caac9921c933e4f379d1fe		source-directory-byte-hash-unrelated-snapshot	NOT_ASSESSED_BY_FILE_DELTA
PATIENT_WEB	audit-artifacts/PATIENT_EXACT_READ_PROBE_20260818.md	PATIENT_WEB	BASELINE_ONLY	27a26835169ea1617f4e0a1ea593428e90247b1631e646fde512a71a7cbe4dc2		source-directory-byte-hash-unrelated-snapshot	NOT_ASSESSED_BY_FILE_DELTA
PATIENT_WEB	audit-artifacts/PATIENT_EXACT_READ_RETRY_20260818.json	PATIENT_WEB	BASELINE_ONLY	2511f33d06b0a7990bea3722409c01fe0951ee85943ce7a4794a7a8fdb4d7643		source-directory-byte-hash-unrelated-snapshot	NOT_ASSESSED_BY_FILE_DELTA
PATIENT_WEB	audit-artifacts/PATIENT_EXACT_READ_ROUTE_CONTRACTS_20260818.md	PATIENT_WEB	BASELINE_ONLY	8e7b79b4247b2825c5c4663db59651f4d9d587319b98e736167ad1059e7316a6		source-directory-byte-hash-unrelated-snapshot	NOT_ASSESSED_BY_FILE_DELTA
PATIENT_WEB	audit-artifacts/PATIENT_QA_ROUTE_BUTTON_INVENTORY_20260818.txt	PATIENT_WEB	BASELINE_ONLY	31582092e1eb7db3b68605e0717c80ec1f9e74b179f895f9d902140084a1ad8d		source-directory-byte-hash-unrelated-snapshot	NOT_ASSESSED_BY_FILE_DELTA
PATIENT_WEB	audit-artifacts/PATIENT_READONLY_LIVE_MATRIX_20260818.json	PATIENT_WEB	BASELINE_ONLY	b22acfcb9fe0d92c2930cd8e404eaf6127d8004d04f012f22a2990770b913605		source-directory-byte-hash-unrelated-snapshot	NOT_ASSESSED_BY_FILE_DELTA
PATIENT_WEB	audit-artifacts/PATIENT_ROUTE_CONTRACT_RECONCILIATION_20260818.md	PATIENT_WEB	BASELINE_ONLY	26f23dc4901207ae09fb63021108d650af96808ddaa4b0b33fa810d0a3fc002a		source-directory-byte-hash-unrelated-snapshot	NOT_ASSESSED_BY_FILE_DELTA
PATIENT_WEB	audit-artifacts/PATIENT_SINGLE_LOGIN_RETRY_20260818.json	PATIENT_WEB	BASELINE_ONLY	3cb37ca287cb0e91594079c240d59ed9ea283ee438265bbde961a6bf3312d8fe		source-directory-byte-hash-unrelated-snapshot	NOT_ASSESSED_BY_FILE_DELTA
PATIENT_WEB	audit-artifacts/PATIENT_SOURCE_INVENTORY_20260818.txt	PATIENT_WEB	BASELINE_ONLY	8f73c3fae63eda739c2f783f7f5a525494e5c47453309943019512acc9843081		source-directory-byte-hash-unrelated-snapshot	NOT_ASSESSED_BY_FILE_DELTA
PATIENT_WEB	audit-artifacts/PHASE1_CONTRACT_PACK_DECISION_AR.md	PATIENT_WEB	BASELINE_ONLY	99083a405a0b2e74c04469a4939fedcb056bacabdc2f0ad67073a8f5caefd155		source-directory-byte-hash-unrelated-snapshot	NOT_ASSESSED_BY_FILE_DELTA
PATIENT_WEB	audit-artifacts/PHASE1_PHARMACY_CONTRACT_DETAILS.json	PATIENT_WEB	BASELINE_ONLY	8dda2db059c0b27dd09710008b2796955c92d972f45d5f9977742d5dc4801e6d		source-directory-byte-hash-unrelated-snapshot	NOT_ASSESSED_BY_FILE_DELTA
PATIENT_WEB	audit-artifacts/PHASE1_PHARMACY_ORDERS_CONTRACT_SUMMARY.md	PATIENT_WEB	BASELINE_ONLY	b853754c2a50d534ee48d79193041e0d7e74be1b60f9e203b6ab90e35c29ce47		source-directory-byte-hash-unrelated-snapshot	NOT_ASSESSED_BY_FILE_DELTA
PATIENT_WEB	audit-artifacts/PHASE1_PHARMACY_ORDERS_OPENAPI_SCAN.md	PATIENT_WEB	BASELINE_ONLY	b542818975ee2d5e91ca3e401ac352a5064af30f09f849c9ec85db840515e043		source-directory-byte-hash-unrelated-snapshot	NOT_ASSESSED_BY_FILE_DELTA
PATIENT_WEB	audit-artifacts/PHASE1_SELECTED_OPERATIONS_RAW.json	PATIENT_WEB	BASELINE_ONLY	25fff4a2c4eddc8decd039cf37df9b5ed94a62c6783f114f7ee7f39b63687357		source-directory-byte-hash-unrelated-snapshot	NOT_ASSESSED_BY_FILE_DELTA
PATIENT_WEB	audit-artifacts/PHASE2_ORDER_TRACKING_CONTRACT_RAW.json	PATIENT_WEB	BASELINE_ONLY	af9a10ec2edca9e0607ae70e8c3710fb669de5ea6062c6ec517d86a3074bff53		source-directory-byte-hash-unrelated-snapshot	NOT_ASSESSED_BY_FILE_DELTA
PATIENT_WEB	audit-artifacts/PHASE2_PHARMACY_ORDERS_READONLY_IMPLEMENTATION_AR.md	PATIENT_WEB	BASELINE_ONLY	629bbd53ea58a0534c8adc1bf374370f788713ca721dd273ef63481bebeabf0e		source-directory-byte-hash-unrelated-snapshot	NOT_ASSESSED_BY_FILE_DELTA
PATIENT_WEB	audit-artifacts/PHASE2_V1_PATIENT_PHARMACY_RAW.json	PATIENT_WEB	BASELINE_ONLY	29c50064122024455e80d05b9f6667ccd61fe118bebb59eb612839f7f0ee01a3		source-directory-byte-hash-unrelated-snapshot	NOT_ASSESSED_BY_FILE_DELTA
PATIENT_WEB	audit-artifacts/PHASE3_PHARMACY_MUTATION_GATE_AR.md	PATIENT_WEB	BASELINE_ONLY	2994b29078f81c9ea53d653e46cd3e9af29929428a2013cb4172d39c49ab40bf		source-directory-byte-hash-unrelated-snapshot	NOT_ASSESSED_BY_FILE_DELTA
PATIENT_WEB	audit-artifacts/PHASE3_VISUAL_AUDIT_NOTES_AR.md	PATIENT_WEB	BASELINE_ONLY	aa4aab5c4a2c6264a1c58001fb54b417fb4c0b3e3617d0aa884cc705c848cba8		source-directory-byte-hash-unrelated-snapshot	NOT_ASSESSED_BY_FILE_DELTA
PATIENT_WEB	audit-artifacts/PHASE4_ACTIVE_SESSIONS_READONLY_AR.md	PATIENT_WEB	BASELINE_ONLY	a96227ab05bc46555c7fd5daf15ed41bb9e51f7fdb84db8049962d4ecc1bf535		source-directory-byte-hash-unrelated-snapshot	NOT_ASSESSED_BY_FILE_DELTA
PATIENT_WEB	audit-artifacts/PHASE4_ARTICLES_BOOKMARKS_READONLY_AR.md	PATIENT_WEB	BASELINE_ONLY	170492d46320f71f4a7259499c4ae96822ef4a1311e64f6834bc0853f5f36632		source-directory-byte-hash-unrelated-snapshot	NOT_ASSESSED_BY_FILE_DELTA
PATIENT_WEB	audit-artifacts/PHASE4_ARTICLES_FILTERS_AR.md	PATIENT_WEB	BASELINE_ONLY	d04dfdc873f0e7706a7a719ea4a3e67d164164833a1884a12856587649e4a809		source-directory-byte-hash-unrelated-snapshot	NOT_ASSESSED_BY_FILE_DELTA
PATIENT_WEB	audit-artifacts/PHASE4_ARTICLES_NAVIGATION_AR.md	PATIENT_WEB	BASELINE_ONLY	321573b4fe85722ff9ae256b374d0a06b24f0a7464ff23acf46dde293bb95e85		source-directory-byte-hash-unrelated-snapshot	NOT_ASSESSED_BY_FILE_DELTA
PATIENT_WEB	audit-artifacts/PHASE4_CHAT_DETAIL_READONLY_AR.md	PATIENT_WEB	BASELINE_ONLY	81ad2fbf5a01bca13254d2a0f9498be12b1f17e22375234ae79d4ba9f292cd5d		source-directory-byte-hash-unrelated-snapshot	NOT_ASSESSED_BY_FILE_DELTA
PATIENT_WEB	audit-artifacts/PHASE4_CHRONIC_DISEASES_READONLY_AR.md	PATIENT_WEB	BASELINE_ONLY	fa667c29280bebc429ad94ecc1b8787befca858467ba2bb14c052380e88fc2c2		source-directory-byte-hash-unrelated-snapshot	NOT_ASSESSED_BY_FILE_DELTA
PATIENT_WEB	audit-artifacts/PHASE4_CHRONIC_MEDICATIONS_READONLY_AR.md	PATIENT_WEB	BASELINE_ONLY	1606414e7945954567706568d3acf13ee67f5fd5e882ae4afb648f6cab0a6317		source-directory-byte-hash-unrelated-snapshot	NOT_ASSESSED_BY_FILE_DELTA
PATIENT_WEB	audit-artifacts/PHASE4_CHRONIC_NAVIGATION_AR.md	PATIENT_WEB	BASELINE_ONLY	0e60305c8f1ee1b21db06979118ddebb57f5c57312313d738a0ce0ea1ae62210		source-directory-byte-hash-unrelated-snapshot	NOT_ASSESSED_BY_FILE_DELTA
PATIENT_WEB	audit-artifacts/PHASE4_EMERGENCY_CONTACTS_READONLY_AR.md	PATIENT_WEB	BASELINE_ONLY	bd16a9fbe8904ff1eede0d1910922a2a162a9f11cf3140ae21c019b590ee27cc		source-directory-byte-hash-unrelated-snapshot	NOT_ASSESSED_BY_FILE_DELTA
PATIENT_WEB	audit-artifacts/PHASE4_FAMILY_GROUP_READONLY_AR.md	PATIENT_WEB	BASELINE_ONLY	55df85bbe2bc228653143a610a088cdade2e834c631a6208f175b878af389afe		source-directory-byte-hash-unrelated-snapshot	NOT_ASSESSED_BY_FILE_DELTA
PATIENT_WEB	audit-artifacts/PHASE4_HEALTH_TRENDS_NAVIGATION_AR.md	PATIENT_WEB	BASELINE_ONLY	e84b945cc8c7d8fe6462e081eafede68f328740e957f55ef31e40d1c9c89bc33		source-directory-byte-hash-unrelated-snapshot	NOT_ASSESSED_BY_FILE_DELTA
PATIENT_WEB	audit-artifacts/PHASE4_HEALTH_TRENDS_READONLY_AR.md	PATIENT_WEB	BASELINE_ONLY	9728be4a3561ae43f1ca6f17fc385fc5c536b2134088435d0045d63ace4b88fa		source-directory-byte-hash-unrelated-snapshot	NOT_ASSESSED_BY_FILE_DELTA
PATIENT_WEB	audit-artifacts/PHASE4_HEALTH_VITALS_READONLY_AR.md	PATIENT_WEB	BASELINE_ONLY	aa06a49eb6bb9c7be8523dd07eee5f69722bad6213ed70f58cd9f69d216b36fa		source-directory-byte-hash-unrelated-snapshot	NOT_ASSESSED_BY_FILE_DELTA
PATIENT_WEB	audit-artifacts/PHASE4_MENTAL_BREATHING_READONLY_AR.md	PATIENT_WEB	BASELINE_ONLY	3381f742212ba957127a08b5b2cadf0cec96de1b28b9282831d22f695e099417		source-directory-byte-hash-unrelated-snapshot	NOT_ASSESSED_BY_FILE_DELTA
PATIENT_WEB	audit-artifacts/PHASE4_MENTAL_CRISIS_CONTACTS_READONLY_AR.md	PATIENT_WEB	BASELINE_ONLY	33462d95e2aa329417f6afc9ef40b120a323d741575e7ef127b803921cf2d43c		source-directory-byte-hash-unrelated-snapshot	NOT_ASSESSED_BY_FILE_DELTA
PATIENT_WEB	audit-artifacts/PHASE4_MENTAL_HEALTH_NAVIGATION_AR.md	PATIENT_WEB	BASELINE_ONLY	3995300d9316fac45703a218f1366f36e57a3d99426295c0da0f073ec822f4c0		source-directory-byte-hash-unrelated-snapshot	NOT_ASSESSED_BY_FILE_DELTA
PATIENT_WEB	audit-artifacts/PHASE4_MENTAL_MEDITATION_READONLY_AR.md	PATIENT_WEB	BASELINE_ONLY	7b7f7f739b045cdf6f69032a7b84121c70fdda4a810fbd3540d2079d88255a0a		source-directory-byte-hash-unrelated-snapshot	NOT_ASSESSED_BY_FILE_DELTA
PATIENT_WEB	audit-artifacts/PHASE4_MENTAL_MOOD_READONLY_AR.md	PATIENT_WEB	BASELINE_ONLY	e4a06d66fd8213df984cbf227b0725a361036eba06dc14ab174a3d7b98e6ba31		source-directory-byte-hash-unrelated-snapshot	NOT_ASSESSED_BY_FILE_DELTA
PATIENT_WEB	audit-artifacts/PHASE4_NOTIFICATIONS_SETTINGS_I18N_AR.md	PATIENT_WEB	BASELINE_ONLY	46964985552cafc030c8fdbafa17a55fa8efe6262e46d35f5632392ad2d42f5c		source-directory-byte-hash-unrelated-snapshot	NOT_ASSESSED_BY_FILE_DELTA
PATIENT_WEB	audit-artifacts/PHASE4_PHARMACY_ORDERS_HANDOVER_AR.md	PATIENT_WEB	BASELINE_ONLY	16fd2e6b28304e5f85e816e8914a8863903e160fd9b9135e840de81302019f42		source-directory-byte-hash-unrelated-snapshot	NOT_ASSESSED_BY_FILE_DELTA
PATIENT_WEB	audit-artifacts/PHASE4_PRESCRIPTION_DETAIL_READONLY_AR.md	PATIENT_WEB	BASELINE_ONLY	bc9f26d5fc5c88301a9a04c8ad3d21521b69144e3987125e0adf27e05f6e3acf		source-directory-byte-hash-unrelated-snapshot	NOT_ASSESSED_BY_FILE_DELTA
PATIENT_WEB	audit-artifacts/PHASE4_PRESCRIPTION_DETAIL_SECURITY_AR.md	PATIENT_WEB	BASELINE_ONLY	18607ccf541b29f7c831526b6df6909e99d352fcc0967a94e543210bb3b34cc4		source-directory-byte-hash-unrelated-snapshot	NOT_ASSESSED_BY_FILE_DELTA
PATIENT_WEB	audit-artifacts/PHASE4_PROFILE_SECURITY_HARDENING_AR.md	PATIENT_WEB	BASELINE_ONLY	cdea3231a6acad3548eb99b05531a68f45f4e9bdda1c36cd5ccfc6e8dac9acd9		source-directory-byte-hash-unrelated-snapshot	NOT_ASSESSED_BY_FILE_DELTA
PATIENT_WEB	audit-artifacts/PHASE4_REMAINING_SURFACES_DEFERRED_AR.md	PATIENT_WEB	BASELINE_ONLY	bfa148015763897c0805a3c85df7fef8777f2ec2075cd239e7093876353833fe		source-directory-byte-hash-unrelated-snapshot	NOT_ASSESSED_BY_FILE_DELTA
PATIENT_WEB	audit-artifacts/PHASE4_SETTINGS_NAVIGATION_AR.md	PATIENT_WEB	BASELINE_ONLY	36825c0215536a9e4ea2de0cfbc9f7c39841159dd11cbf5fa90ec214ab9ba4c6		source-directory-byte-hash-unrelated-snapshot	NOT_ASSESSED_BY_FILE_DELTA
PATIENT_WEB	audit-artifacts/PHASE4_SETTINGS_READONLY_AR.md	PATIENT_WEB	BASELINE_ONLY	9addc5267b6db383bb985a5e682c2830c080139edfa4ef8ae6a77fac0b78e995		source-directory-byte-hash-unrelated-snapshot	NOT_ASSESSED_BY_FILE_DELTA
PATIENT_WEB	audit-artifacts/PHASE4_SLEEP_NAVIGATION_AR.md	PATIENT_WEB	BASELINE_ONLY	f40c4aeb9506fd829e15ca8495ad989c4d9ffe95e3e97994fe0c6fbb076c93d8		source-directory-byte-hash-unrelated-snapshot	NOT_ASSESSED_BY_FILE_DELTA
PATIENT_WEB	audit-artifacts/PHASE4_SLEEP_READONLY_AR.md	PATIENT_WEB	BASELINE_ONLY	bdd9e8be9d2d5fc269b50d0b2cf4461478f0c2c42d373d0a56603e681696e994		source-directory-byte-hash-unrelated-snapshot	NOT_ASSESSED_BY_FILE_DELTA
PATIENT_WEB	audit-artifacts/PHASE5_AUTH_CONTRACT_SCAN.txt	PATIENT_WEB	BASELINE_ONLY	c5eb414c8f314476a8330e3c6f97dc8cf31145ffcc507e63a3ccfb89ce5ad796		source-directory-byte-hash-unrelated-snapshot	NOT_ASSESSED_BY_FILE_DELTA
PATIENT_WEB	audit-artifacts/PHASE5_AUTH_OTP_IMPLEMENTATION_AR.md	PATIENT_WEB	BASELINE_ONLY	21fab17c4164a8763a14a6ba65d311876569091053e7d4bba1c08ff143f1406c		source-directory-byte-hash-unrelated-snapshot	NOT_ASSESSED_BY_FILE_DELTA
PATIENT_WEB	audit-artifacts/PHASE5_PHARMACY_ORDERS_MUTATIONS_BLOCKED_AR.md	PATIENT_WEB	BASELINE_ONLY	687e2d8de2049549f8616a7521abd506b9d4540ca22f78f58bbb915fb9014325		source-directory-byte-hash-unrelated-snapshot	NOT_ASSESSED_BY_FILE_DELTA
PATIENT_WEB	audit-artifacts/PHASE5_REVALIDATION_SUMMARY_20260818.md	PATIENT_WEB	BASELINE_ONLY	c223c478f04b87eaa1e951a8a776edb17d65cb542a93b7dbfb4e588040ea879a		source-directory-byte-hash-unrelated-snapshot	NOT_ASSESSED_BY_FILE_DELTA
PATIENT_WEB	audit-artifacts/PHASE6_AUTH_OTP_BRIDGING_BLOCKED_AR.md	PATIENT_WEB	BASELINE_ONLY	4ce854c6e21501bee5fb0186b2ba18b039a3934acd0d57cba0177f25049363c3		source-directory-byte-hash-unrelated-snapshot	NOT_ASSESSED_BY_FILE_DELTA
PATIENT_WEB	audit-artifacts/PHASE6_CONSULTATION_DETAIL_IMPLEMENTATION_AR.md	PATIENT_WEB	BASELINE_ONLY	9a32efcbb1470e1a66b31c80dff1246479b592347e7b76f76175ac0f4592a345		source-directory-byte-hash-unrelated-snapshot	NOT_ASSESSED_BY_FILE_DELTA
PATIENT_WEB	audit-artifacts/PHASE6_STAGING_E2E_MATRIX_20260817.md	PATIENT_WEB	BASELINE_ONLY	4e56afdd0bd6609b4a67b5ea6bad604b96302c3a6d93063086e668e7f04e1d7e		source-directory-byte-hash-unrelated-snapshot	NOT_ASSESSED_BY_FILE_DELTA
PATIENT_WEB	audit-artifacts/PHASE7_CONSULTATION_GET_DETAIL_AR.md	PATIENT_WEB	BASELINE_ONLY	470376012b447303066b2cce4de9bfc65880a23bb00d458050abdb45c79c6171		source-directory-byte-hash-unrelated-snapshot	NOT_ASSESSED_BY_FILE_DELTA
PATIENT_WEB	audit-artifacts/PHASE7_DIAGNOSTICS_HEALTH_INSURANCE_CONTRACT_SCAN.txt	PATIENT_WEB	BASELINE_ONLY	71847aa50e83ebf663477b1076d9af2319d7bc4c2f5e03891a602ad75f5039e3		source-directory-byte-hash-unrelated-snapshot	NOT_ASSESSED_BY_FILE_DELTA
PATIENT_WEB	audit-artifacts/PHASE7_DIAGNOSTICS_REPORT_MARKER_IMPLEMENTATION_AR.md	PATIENT_WEB	BASELINE_ONLY	0dd91501d082d73b0c1b58ca373d736e6f099b1f1561605dd6e79309f1c29253		source-directory-byte-hash-unrelated-snapshot	NOT_ASSESSED_BY_FILE_DELTA
PATIENT_WEB	audit-artifacts/PHASE7_HEALTH_REPORTS_IMPLEMENTATION_AR.md	PATIENT_WEB	BASELINE_ONLY	da2a5c5fd115c32e0fc0b01bae3edac7f3184d65fbd92330a532c6627998587f		source-directory-byte-hash-unrelated-snapshot	NOT_ASSESSED_BY_FILE_DELTA
PATIENT_WEB	audit-artifacts/PHASE7_HEALTH_SCORE_CONTRACT_DECISION_AR.md	PATIENT_WEB	BASELINE_ONLY	87953aaad399d2323712ca323f8850242b30cfffab2abac773f2872a5e344135		source-directory-byte-hash-unrelated-snapshot	NOT_ASSESSED_BY_FILE_DELTA
PATIENT_WEB	audit-artifacts/PHASE7_HEALTH_SCORE_IMPLEMENTATION_AR.md	PATIENT_WEB	BASELINE_ONLY	6373187e6e9b5404617a9caaf4e0484f2d37a53333019db6e4cfe73f87f00702		source-directory-byte-hash-unrelated-snapshot	NOT_ASSESSED_BY_FILE_DELTA
PATIENT_WEB	audit-artifacts/PHASE7_INSURANCE_CLAIMS_READONLY_AR.md	PATIENT_WEB	BASELINE_ONLY	9bc6b973f1872d51216d6505581a75dc608f63d60e025ce572de6ebb3931f618		source-directory-byte-hash-unrelated-snapshot	NOT_ASSESSED_BY_FILE_DELTA
PATIENT_WEB	audit-artifacts/PHASE7_INSURANCE_READONLY_IMPLEMENTATION_AR.md	PATIENT_WEB	BASELINE_ONLY	97660e7346424cb89820b9065855d2fa8cbcd2d5f7a123742144a9beb7ab049a		source-directory-byte-hash-unrelated-snapshot	NOT_ASSESSED_BY_FILE_DELTA
PATIENT_WEB	audit-artifacts/PHASE7_MENTAL_HEALTH_READONLY_IMPLEMENTATION_AR.md	PATIENT_WEB	BASELINE_ONLY	353f9af0b36f3c6dbd95d4713bcbcde9f207397d307e1c1499cff206f215ae27		source-directory-byte-hash-unrelated-snapshot	NOT_ASSESSED_BY_FILE_DELTA
PATIENT_WEB	audit-artifacts/PHASE8_MUTATION_CONTRACT_AUDIT_AR.md	PATIENT_WEB	BASELINE_ONLY	fd19939514a889624ca8c5815d1ef37b4deb454a71dcfb453118f1c2cce16e41		source-directory-byte-hash-unrelated-snapshot	NOT_ASSESSED_BY_FILE_DELTA
PATIENT_WEB	audit-artifacts/PHASE9_PRODUCTION_READINESS_AUDIT_AR.md	PATIENT_WEB	BASELINE_ONLY	dc5a0c3edfb64e7cd1541fc9502fa9b515894f383399b662ab795fa7715c1da5		source-directory-byte-hash-unrelated-snapshot	NOT_ASSESSED_BY_FILE_DELTA
PATIENT_WEB	audit-artifacts/PLACEHOLDER_APP_ONLY_SCAN_20260818.txt	PATIENT_WEB	BASELINE_ONLY	bd2a7854932103877a347b23f8c390772cb242225a4559977a02e8a868b2c252		source-directory-byte-hash-unrelated-snapshot	NOT_ASSESSED_BY_FILE_DELTA
PATIENT_WEB	audit-artifacts/PLACEHOLDER_SUSPICIOUS_FINDINGS_20260818.md	PATIENT_WEB	BASELINE_ONLY	0554d44338dcf496a76148fa3e4372e9ec4cb6c5954ddecd97d254d74e390eee		source-directory-byte-hash-unrelated-snapshot	NOT_ASSESSED_BY_FILE_DELTA
PATIENT_WEB	audit-artifacts/POST_REMEDIATION_E2E_EXECUTION_PLAN.md	PATIENT_WEB	BASELINE_ONLY	9fc798112e902a3e53e46bae85dc115e2099e54f6516c61c3e0f2f4cb7336e73		source-directory-byte-hash-unrelated-snapshot	NOT_ASSESSED_BY_FILE_DELTA
PATIENT_WEB	audit-artifacts/PRODUCTION_HEALTH_GATE_20260818.json	PATIENT_WEB	BASELINE_ONLY	96d1c21a2d64c6c494ca586d4c7e4a144a350afde07d2a0fc979d56214fdb2ee		source-directory-byte-hash-unrelated-snapshot	NOT_ASSESSED_BY_FILE_DELTA
PATIENT_WEB	audit-artifacts/PROVIDER_ANDROID_EXPORT_METADATA_20260818.json	PATIENT_WEB	BASELINE_ONLY	d0d14347d4329749c97d6983a07b5691ee5f6ab00bfaec1a1e997157c94afb95		source-directory-byte-hash-unrelated-snapshot	NOT_ASSESSED_BY_FILE_DELTA
PATIENT_WEB	audit-artifacts/PROVIDER_API_CONSUMER_CALLS_20260818.txt	PATIENT_WEB	BASELINE_ONLY	ef94caf34d55a58be91781c6ff32cad23159516c85d9c880a89ae1349890f7f3		source-directory-byte-hash-unrelated-snapshot	NOT_ASSESSED_BY_FILE_DELTA
PATIENT_WEB	audit-artifacts/PROVIDER_API_CONSUMER_FINDINGS_20260818.md	PATIENT_WEB	BASELINE_ONLY	c57775a9ce8e0e5367bce7a135c8e3dce5ae5ff9e0827f2396910576a1f08bcb		source-directory-byte-hash-unrelated-snapshot	NOT_ASSESSED_BY_FILE_DELTA
PATIENT_WEB	audit-artifacts/PROVIDER_AUTH_CONTRACT_DRIFT_20260818.md	PATIENT_WEB	BASELINE_ONLY	333c27b1bc7179613e27e0cb224a88282179211cbaf4b944eda4ff2ee2cef233		source-directory-byte-hash-unrelated-snapshot	NOT_ASSESSED_BY_FILE_DELTA
PATIENT_WEB	audit-artifacts/PROVIDER_AUTH_CONTROLLER_SOURCE_20260818.txt	PATIENT_WEB	BASELINE_ONLY	a56bc215014ae822585276e26186fd720280046c522f7c42d38d96253438ad2e		source-directory-byte-hash-unrelated-snapshot	NOT_ASSESSED_BY_FILE_DELTA
PATIENT_WEB	audit-artifacts/PROVIDER_DOCTOR_EXACT_READ_20260818.json	PATIENT_WEB	BASELINE_ONLY	1fb55576b837aaf238c8d745a8663b8384715d63ec4ac46c2d482025bda81e1c		source-directory-byte-hash-unrelated-snapshot	NOT_ASSESSED_BY_FILE_DELTA
PATIENT_WEB	audit-artifacts/PROVIDER_DOCTOR_SINGLE_LOGIN_20260818.json	PATIENT_WEB	BASELINE_ONLY	3cb37ca287cb0e91594079c240d59ed9ea283ee438265bbde961a6bf3312d8fe		source-directory-byte-hash-unrelated-snapshot	NOT_ASSESSED_BY_FILE_DELTA
PATIENT_WEB	audit-artifacts/PROVIDER_ENTRYPOINT_CANDIDATE_COMPARISON_20260818.md	PATIENT_WEB	BASELINE_ONLY	9d3345965679f950051d2b1dd508d89ae293ab051688b0c60fad4aff7c2290ad		source-directory-byte-hash-unrelated-snapshot	NOT_ASSESSED_BY_FILE_DELTA
PATIENT_WEB	audit-artifacts/PROVIDER_EXPO_BUILD_BLOCKER_20260818.md	PATIENT_WEB	BASELINE_ONLY	bccc7cc39dce5842ac34a4c97e3c2642c8f526adb1fbb14d0f8d183708b57225		source-directory-byte-hash-unrelated-snapshot	NOT_ASSESSED_BY_FILE_DELTA
PATIENT_WEB	audit-artifacts/PROVIDER_FAKE_ACTION_FINDINGS_20260818.md	PATIENT_WEB	BASELINE_ONLY	e9bd144567d02cebe72e5e9153f961ffed5c8d598d9d2389765704333c88cef1		source-directory-byte-hash-unrelated-snapshot	NOT_ASSESSED_BY_FILE_DELTA
PATIENT_WEB	audit-artifacts/PROVIDER_HARDCODED_BUSINESS_DATA_20260818.txt	PATIENT_WEB	BASELINE_ONLY	da42f784b0dd25a3cf8e98d44e12cfa2b2cbff54ab746d9126dac46146c88406		source-directory-byte-hash-unrelated-snapshot	NOT_ASSESSED_BY_FILE_DELTA
PATIENT_WEB	audit-artifacts/PROVIDER_HOSPITAL_EXACT_READ_20260818.json	PATIENT_WEB	BASELINE_ONLY	d087d538dfcc30246ada86a02acd7c9e776656ff4389c93b3b6dec1776d45477		source-directory-byte-hash-unrelated-snapshot	NOT_ASSESSED_BY_FILE_DELTA
PATIENT_WEB	audit-artifacts/PROVIDER_HOSPITAL_SINGLE_LOGIN_20260818.json	PATIENT_WEB	BASELINE_ONLY	3cb37ca287cb0e91594079c240d59ed9ea283ee438265bbde961a6bf3312d8fe		source-directory-byte-hash-unrelated-snapshot	NOT_ASSESSED_BY_FILE_DELTA
PATIENT_WEB	audit-artifacts/PROVIDER_INTAKE_BACKEND_ROUTE_MAP_20260818.txt	PATIENT_WEB	BASELINE_ONLY	4a8b126bf49ab82e7614322046143687ab5773d9bf5b157ad48a62c722f9b9ea		source-directory-byte-hash-unrelated-snapshot	NOT_ASSESSED_BY_FILE_DELTA
PATIENT_WEB	audit-artifacts/PROVIDER_INTAKE_CONSUMER_MAP_20260818.txt	PATIENT_WEB	BASELINE_ONLY	41d878bb727c843d6cfac27f9b38e8d9aa42401d5b8ee290831d3a7d3136cca6		source-directory-byte-hash-unrelated-snapshot	NOT_ASSESSED_BY_FILE_DELTA
PATIENT_WEB	audit-artifacts/PROVIDER_LAB_EXACT_READ_20260818.json	PATIENT_WEB	BASELINE_ONLY	12364e9aff32bbc1ab020259718e874987a354fc24c72c7f2332538da0d29744		source-directory-byte-hash-unrelated-snapshot	NOT_ASSESSED_BY_FILE_DELTA
PATIENT_WEB	audit-artifacts/PROVIDER_LAB_SINGLE_LOGIN_20260818.json	PATIENT_WEB	BASELINE_ONLY	3cb37ca287cb0e91594079c240d59ed9ea283ee438265bbde961a6bf3312d8fe		source-directory-byte-hash-unrelated-snapshot	NOT_ASSESSED_BY_FILE_DELTA
PATIENT_WEB	audit-artifacts/PROVIDER_MY_PROFILE_SOURCE_DRIFT_20260818.md	PATIENT_WEB	BASELINE_ONLY	09eac3a2b77a4188d32975122705be2881fae1953cd3e5d8c7c6a6d326c87234		source-directory-byte-hash-unrelated-snapshot	NOT_ASSESSED_BY_FILE_DELTA
PATIENT_WEB	audit-artifacts/PROVIDER_NATIVE_PREBUILD_20260818.md	PATIENT_WEB	BASELINE_ONLY	15843bfcc0dda493a34ae2064fc1a6044d6d70493b36ef2ad7846499c16ed964		source-directory-byte-hash-unrelated-snapshot	NOT_ASSESSED_BY_FILE_DELTA
PATIENT_WEB	audit-artifacts/PROVIDER_NURSING_EXACT_READ_20260818.json	PATIENT_WEB	BASELINE_ONLY	3aa1e298a1c4d8be7f9ebb1a8ee92d6fa0f147b8d266fc76d72830feb594f815		source-directory-byte-hash-unrelated-snapshot	NOT_ASSESSED_BY_FILE_DELTA
PATIENT_WEB	audit-artifacts/PROVIDER_NURSING_SINGLE_LOGIN_20260818.json	PATIENT_WEB	BASELINE_ONLY	3cb37ca287cb0e91594079c240d59ed9ea283ee438265bbde961a6bf3312d8fe		source-directory-byte-hash-unrelated-snapshot	NOT_ASSESSED_BY_FILE_DELTA
PATIENT_WEB	audit-artifacts/PROVIDER_OPERATIONAL_ROUTE_CATALOG_20260818.md	PATIENT_WEB	BASELINE_ONLY	59e4ac7556c6fb7d49642006a5cefcc266af06f83e9a7a41574eda5d2d052eb5		source-directory-byte-hash-unrelated-snapshot	NOT_ASSESSED_BY_FILE_DELTA
PATIENT_WEB	audit-artifacts/PROVIDER_PHARMACY_CORRECT_BROADCAST_READ_20260818.json	PATIENT_WEB	BASELINE_ONLY	d228c07e8179652dcf2517af63c56b52e891e41f5768977617d8098c4a6a2d88		source-directory-byte-hash-unrelated-snapshot	NOT_ASSESSED_BY_FILE_DELTA
PATIENT_WEB	audit-artifacts/PROVIDER_PHARMACY_EXACT_READ_20260818.json	PATIENT_WEB	BASELINE_ONLY	6e0829b29b84ea79bef3ecdd4fe8eb7134ba403fcbc23f136130921375ae3ddb		source-directory-byte-hash-unrelated-snapshot	NOT_ASSESSED_BY_FILE_DELTA
PATIENT_WEB	audit-artifacts/PROVIDER_PHARMACY_HISTORY_LIVE_RECHECK_20260818.json	PATIENT_WEB	BASELINE_ONLY	248006a210af0b04e51fbaed109a229d531cee8f1345b720ca8793ab54d68d99		source-directory-byte-hash-unrelated-snapshot	NOT_ASSESSED_BY_FILE_DELTA
PATIENT_WEB	audit-artifacts/PROVIDER_PHARMACY_SINGLE_LOGIN_20260818.json	PATIENT_WEB	BASELINE_ONLY	3cb37ca287cb0e91594079c240d59ed9ea283ee438265bbde961a6bf3312d8fe		source-directory-byte-hash-unrelated-snapshot	NOT_ASSESSED_BY_FILE_DELTA
PATIENT_WEB	audit-artifacts/PROVIDER_RADIOLOGY_EXACT_READ_20260818.json	PATIENT_WEB	BASELINE_ONLY	90c5b02d1d1e72e92fb780e8da964a36258a9f5c04178c04defc921c465773bc		source-directory-byte-hash-unrelated-snapshot	NOT_ASSESSED_BY_FILE_DELTA
PATIENT_WEB	audit-artifacts/PROVIDER_RADIOLOGY_SINGLE_LOGIN_20260818.json	PATIENT_WEB	BASELINE_ONLY	3cb37ca287cb0e91594079c240d59ed9ea283ee438265bbde961a6bf3312d8fe		source-directory-byte-hash-unrelated-snapshot	NOT_ASSESSED_BY_FILE_DELTA
PATIENT_WEB	audit-artifacts/PROVIDER_READONLY_FINDINGS_20260818.md	PATIENT_WEB	BASELINE_ONLY	7326bd654b19750e1940f3857972ec031fcd30d3c9c397bc9c94f35a771ca2ac		source-directory-byte-hash-unrelated-snapshot	NOT_ASSESSED_BY_FILE_DELTA
PATIENT_WEB	audit-artifacts/PROVIDER_READONLY_LIVE_MATRIX_20260818.json	PATIENT_WEB	BASELINE_ONLY	ad0248a31c4e6151bc7a6a89a52647de7a06e389a8b9dd5a6c1f10a44499b60c		source-directory-byte-hash-unrelated-snapshot	NOT_ASSESSED_BY_FILE_DELTA
PATIENT_WEB	audit-artifacts/PROVIDER_REGISTRATION_DEFAULTS_POSTFIX_SCAN_20260818.txt	PATIENT_WEB	BASELINE_ONLY	7216ac34674d85b1ec214df434126ffb58dd7ab705efd1172f238b75e399df83		source-directory-byte-hash-unrelated-snapshot	NOT_ASSESSED_BY_FILE_DELTA
PATIENT_WEB	audit-artifacts/PROVIDER_REGISTRATION_DEFAULTS_SCAN_20260818.txt	PATIENT_WEB	BASELINE_ONLY	f5ac42fb81d6db9090295b78fd40d5a40e598d08b6e2fc5ed1c7e41e6a8dec0e		source-directory-byte-hash-unrelated-snapshot	NOT_ASSESSED_BY_FILE_DELTA
PATIENT_WEB	audit-artifacts/PROVIDER_REGISTRATION_VALIDATION_AUDIT_20260818.md	PATIENT_WEB	BASELINE_ONLY	533039a073839e9632e4e98ed3f7c47d24fa52881e08154c8d69b357c1be3779		source-directory-byte-hash-unrelated-snapshot	NOT_ASSESSED_BY_FILE_DELTA
PATIENT_WEB	audit-artifacts/PROVIDER_SCREEN_CONTROLLER_INVENTORY_20260818.md	PATIENT_WEB	BASELINE_ONLY	55f274ffbaa5e279ada6d82c47c7c3f52c729670c96ea2d41e9b399a82d95694		source-directory-byte-hash-unrelated-snapshot	NOT_ASSESSED_BY_FILE_DELTA
PATIENT_WEB	audit-artifacts/PROVIDER_SOURCE_INVENTORY_20260818.txt	PATIENT_WEB	BASELINE_ONLY	b3a6a5e839858fbcc84208d3b3bb47cb673190ef483e663c4ec899f902fc1332		source-directory-byte-hash-unrelated-snapshot	NOT_ASSESSED_BY_FILE_DELTA
PATIENT_WEB	audit-artifacts/PROVIDER_SPECIALTY_CONTRACT_MAP_20260818.md	PATIENT_WEB	BASELINE_ONLY	3a6d7b2a7d14899e859a088ca4a6fddcbbdecb76b9ae6eaf87e1365526aafec1		source-directory-byte-hash-unrelated-snapshot	NOT_ASSESSED_BY_FILE_DELTA
PATIENT_WEB	audit-artifacts/QR_VERIFIER_CONTRACT_REVIEW_DRAFT_20260817.md	PATIENT_WEB	BASELINE_ONLY	68e75e31a1625169eef2a90eb1a244b60902ca658e0df5ae2e71cfd408c4b831		source-directory-byte-hash-unrelated-snapshot	NOT_ASSESSED_BY_FILE_DELTA
PATIENT_WEB	audit-artifacts/RAW_SCREEN_ROUTE_INVENTORY.txt	PATIENT_WEB	BASELINE_ONLY	9f061800aec3050e29139fefa23d068a4b5a37ad013025374ff7d625b86266cd		source-directory-byte-hash-unrelated-snapshot	NOT_ASSESSED_BY_FILE_DELTA
PATIENT_WEB	audit-artifacts/REAL_DEVICE_CHECKLIST.md	PATIENT_WEB	BASELINE_ONLY	e7973dabf5a2a539df38852bd591d2f99ddca55558dfee3ca8ff755b1ddd71af		source-directory-byte-hash-unrelated-snapshot	NOT_ASSESSED_BY_FILE_DELTA
PATIENT_WEB	audit-artifacts/RESCHEDULE_LIVE_CONTRACT_EVIDENCE_20260823.md	PATIENT_WEB	BASELINE_ONLY	6e0de035bb70e62cc44e29cf23fb26dec8b145488915bca728a1fa94b4207c35		source-directory-byte-hash-unrelated-snapshot	NOT_ASSESSED_BY_FILE_DELTA
PATIENT_WEB	audit-artifacts/UNIFIED_INSURANCE_CATALOG_CONSUMER_AUDIT_20260820.md	PATIENT_WEB	BASELINE_ONLY	1f5ab681048827c4d44d678204aa2b62985b2aef42f033d4b52aef60d62500f4		source-directory-byte-hash-unrelated-snapshot	NOT_ASSESSED_BY_FILE_DELTA
PATIENT_WEB	audit-artifacts/WEB_PRODUCTION_CONTAINER_PREP_AR.md	PATIENT_WEB	BASELINE_ONLY	1fb6f3e52df174e0f088ef23b200363c4ca6a76c3d2a7d2ee6ef83ae7db149e5		source-directory-byte-hash-unrelated-snapshot	NOT_ASSESSED_BY_FILE_DELTA
PATIENT_WEB	audit-artifacts/WEB_V2_72_JOURNEY_REGISTER.md	PATIENT_WEB	BASELINE_ONLY	22f63716a150f0d0b2ad6f535343ff362ea16e5f9f45264bffc50cbac9fad9cf		source-directory-byte-hash-unrelated-snapshot	NOT_ASSESSED_BY_FILE_DELTA
PATIENT_WEB	audit-artifacts/WEB_V2_72_JOURNEY_REGISTER.tsv	PATIENT_WEB	BASELINE_ONLY	8e3bc526df7f45d7d676c53c45d9802afe8e7ae612a043f5dfed066d4deb5dc0		source-directory-byte-hash-unrelated-snapshot	NOT_ASSESSED_BY_FILE_DELTA
PATIENT_WEB	audit-artifacts/WEB_V2_APPOINTMENT_BOOKING_CREATE_GET_SLICE_AR.md	PATIENT_WEB	BASELINE_ONLY	d413f1bce98e18d92a1153326ee62feb0493bc7f1a45e00356d6a1c602ad649b		source-directory-byte-hash-unrelated-snapshot	NOT_ASSESSED_BY_FILE_DELTA
PATIENT_WEB	audit-artifacts/WEB_V2_APPOINTMENT_CANCEL_SLICE_AR.md	PATIENT_WEB	BASELINE_ONLY	3f27ad5ef47b05ca8bc8384cd9464f3cd7afa6515b1ee2d5e3f59c160789ea87		source-directory-byte-hash-unrelated-snapshot	NOT_ASSESSED_BY_FILE_DELTA
PATIENT_WEB	audit-artifacts/WEB_V2_APPOINTMENT_RESCHEDULE_SLICE_AR.md	PATIENT_WEB	BASELINE_ONLY	f2fc5ad54fea7dc9e6b2eed2c5c66ce34ecce37ce57aae6d95f8118f8fa286d1		source-directory-byte-hash-unrelated-snapshot	NOT_ASSESSED_BY_FILE_DELTA
PATIENT_WEB	audit-artifacts/WEB_V2_AUTH_OTP_BRIDGE_SLICE_AR.md	PATIENT_WEB	BASELINE_ONLY	a50ccbf00be82949a967731fa4a09bd1856dd147ad4605397581ab390393a318		source-directory-byte-hash-unrelated-snapshot	NOT_ASSESSED_BY_FILE_DELTA
PATIENT_WEB	audit-artifacts/WEB_V2_CALL_TOKEN_SLICE_AR.md	PATIENT_WEB	BASELINE_ONLY	815d9196a2089b758798aaeb1fa50dbf6edfe886167e11568431bba6fae00416		source-directory-byte-hash-unrelated-snapshot	NOT_ASSESSED_BY_FILE_DELTA
PATIENT_WEB	audit-artifacts/WEB_V2_DESIGN_SECURITY_AUDIT_AR.md	PATIENT_WEB	BASELINE_ONLY	412f2e9803315b42a391e34c0cf4d6ed97d1beced578b8e8ea41e43a640bd57b		source-directory-byte-hash-unrelated-snapshot	NOT_ASSESSED_BY_FILE_DELTA
PATIENT_WEB	audit-artifacts/WEB_V2_DOCTOR_DETAIL_GET_SLICE_AR.md	PATIENT_WEB	BASELINE_ONLY	01608e4d728fb67de98700c5b0e090b81d666fbd4b3365b150129f4212c060f4		source-directory-byte-hash-unrelated-snapshot	NOT_ASSESSED_BY_FILE_DELTA
PATIENT_WEB	audit-artifacts/WEB_V2_DOCTOR_SEARCH_GET_SLICE_AR.md	PATIENT_WEB	BASELINE_ONLY	4fee0e28bb3a5e23c15e9133bfaec6a383056f78938b51c57a16f80a26807210		source-directory-byte-hash-unrelated-snapshot	NOT_ASSESSED_BY_FILE_DELTA
PATIENT_WEB	audit-artifacts/WEB_V2_HOMECARE_SERVICES_GATE_RESULT_AR.md	PATIENT_WEB	BASELINE_ONLY	f54c7011bad334acacfc8d4620a4a12149cdf656e70dfba8ac6bd13d194587f9		source-directory-byte-hash-unrelated-snapshot	NOT_ASSESSED_BY_FILE_DELTA
PATIENT_WEB	audit-artifacts/WEB_V2_HOMECARE_SERVICES_GET_SLICE_AR.md	PATIENT_WEB	BASELINE_ONLY	1f8687d19ca0000bf80d499e562992478e3b68fa98ed3b3a459f7779a1f197ca		source-directory-byte-hash-unrelated-snapshot	NOT_ASSESSED_BY_FILE_DELTA
PATIENT_WEB	audit-artifacts/WEB_V2_LABS_PACKAGES_GET_SLICE_AR.md	PATIENT_WEB	BASELINE_ONLY	a64053c34cf3d2b85d09ebe21bfb06ad856b4bfdefec26695d1d12949f8b6bf3		source-directory-byte-hash-unrelated-snapshot	NOT_ASSESSED_BY_FILE_DELTA
PATIENT_WEB	audit-artifacts/WEB_V2_LABS_SERVICES_GET_SLICE_AR.md	PATIENT_WEB	BASELINE_ONLY	5e5488beaf2f90a9387fb70a1224ab453d3a919f455f0c5a82809aafa96a615e		source-directory-byte-hash-unrelated-snapshot	NOT_ASSESSED_BY_FILE_DELTA
PATIENT_WEB	audit-artifacts/WEB_V2_PAYMENT_INTENT_SLICE_AR.md	PATIENT_WEB	BASELINE_ONLY	00ccdb394d123dadd3970ba1d1b2f2f68c626d17c7adb51ed15fcc09e5a5b57b		source-directory-byte-hash-unrelated-snapshot	NOT_ASSESSED_BY_FILE_DELTA
PATIENT_WEB	audit-artifacts/WEB_V2_PHASE1_RECONCILIATION_AR.md	PATIENT_WEB	BASELINE_ONLY	468d6ce370de6a86f23c483fada6195b520696d21a9d3e8168b8a28e9143d1be		source-directory-byte-hash-unrelated-snapshot	NOT_ASSESSED_BY_FILE_DELTA
PATIENT_WEB	audit-artifacts/WEB_V2_RADIOLOGY_SERVICES_GET_SLICE_AR.md	PATIENT_WEB	BASELINE_ONLY	651cf0cf59984eb53aa5945f0db4d5c3214b4bccc1cd7a6c2ba3de183e082a18		source-directory-byte-hash-unrelated-snapshot	NOT_ASSESSED_BY_FILE_DELTA
PATIENT_WEB	audit-artifacts/WEB_V2_RECONCILIATION_ATOMIC.json	PATIENT_WEB	BASELINE_ONLY	a7e50216538ab7d23d7a96131a9688460367c3519bf652d7eb7d47876a612140		source-directory-byte-hash-unrelated-snapshot	NOT_ASSESSED_BY_FILE_DELTA
PATIENT_WEB	audit-artifacts/WEB_V2_RECONCILIATION_ATOMIC.tsv	PATIENT_WEB	BASELINE_ONLY	b1370ea5e1263958d2fad9c8eeeff65a0af7e96380c42ccaacc843a0727d7a21		source-directory-byte-hash-unrelated-snapshot	NOT_ASSESSED_BY_FILE_DELTA
PATIENT_WEB	audit-artifacts/WEB_V2_SPECIALTIES_GATE_RESULT_AR.md	PATIENT_WEB	BASELINE_ONLY	c9dbd7cd2896c456916332e2b43ff1522ea8c0851921f589f0728609214b5e1c		source-directory-byte-hash-unrelated-snapshot	NOT_ASSESSED_BY_FILE_DELTA
PATIENT_WEB	audit-artifacts/WEB_V2_SPECIALTIES_GET_SLICE_AR.md	PATIENT_WEB	BASELINE_ONLY	cd8dfafbfc27c6170877d706bac862a87f30e3ef47f2df974484f46976a3eeeb		source-directory-byte-hash-unrelated-snapshot	NOT_ASSESSED_BY_FILE_DELTA
PATIENT_WEB	audit-artifacts/full-audit-20260823/NABD_PATIENT_WEB_COMPREHENSIVE_AUDIT_20260823.md	PATIENT_WEB	BASELINE_ONLY	6fb66e540946290be9d4849f33b01a7000f6e9d58ff4abb72d9d0bc5c51aa81b		source-directory-byte-hash-unrelated-snapshot	NOT_ASSESSED_BY_FILE_DELTA
PATIENT_WEB	audit-artifacts/full-audit-20260823/NABD_PATIENT_WEB_GAP_CLOSURE_PLAN_AR.md	PATIENT_WEB	BASELINE_ONLY	b915952bd3a49278569284c8abdf1bdc7364b48f833694190e5d25e0028555da		source-directory-byte-hash-unrelated-snapshot	NOT_ASSESSED_BY_FILE_DELTA
PATIENT_WEB	audit-artifacts/full-audit-20260823/PHASE10_DISCOVERY_SEO_REVIEW_AR.md	PATIENT_WEB	BASELINE_ONLY	c836266d4794d76df3aac0efc2c679174187444a7c8e246265063ff773714af4		source-directory-byte-hash-unrelated-snapshot	NOT_ASSESSED_BY_FILE_DELTA
PATIENT_WEB	audit-artifacts/full-audit-20260823/PHASE2_MATRIX_SUMMARY.json	PATIENT_WEB	BASELINE_ONLY	6f73b1934ecea1d0c385abeb3c30abeb9950f65201688b60cdb6f568570e1b2f		source-directory-byte-hash-unrelated-snapshot	NOT_ASSESSED_BY_FILE_DELTA
PATIENT_WEB	audit-artifacts/full-audit-20260823/PHASE2_MOBILE_WEB_PARITY_MATRIX.tsv	PATIENT_WEB	BASELINE_ONLY	ba74571755625873711b2596abecd942e802be234ad9d67fa1e7ea95f88dac48		source-directory-byte-hash-unrelated-snapshot	NOT_ASSESSED_BY_FILE_DELTA
PATIENT_WEB	audit-artifacts/full-audit-20260823/PHASE2_PARITY_MATRIX_REVIEW_AR.md	PATIENT_WEB	BASELINE_ONLY	32b600d710ed82f3fbf691e4dbae1412d77df54015d55615df033db721b447f0		source-directory-byte-hash-unrelated-snapshot	NOT_ASSESSED_BY_FILE_DELTA
PATIENT_WEB	audit-artifacts/full-audit-20260823/PHASE3_P0_CONTRACT_CLOSURE_REVIEW_AR.md	PATIENT_WEB	BASELINE_ONLY	3ee2aa0016c01461a2fb3e721b6d01e72262d5ea1a684d5a0a5c6599afa0fc53		source-directory-byte-hash-unrelated-snapshot	NOT_ASSESSED_BY_FILE_DELTA
PATIENT_WEB	audit-artifacts/full-audit-20260823/PHASE4_DIAGNOSTICS_HOMECARE_PHARMACY_ORDERS_REVIEW_AR.md	PATIENT_WEB	BASELINE_ONLY	674aa9fccb94fde9f722ad3a1b6dffe169fe62462a4f2014ea8d9a30b40a7ceb		source-directory-byte-hash-unrelated-snapshot	NOT_ASSESSED_BY_FILE_DELTA
PATIENT_WEB	audit-artifacts/full-audit-20260823/PHASE5_HEALTH_PROFILE_FAMILY_CHAT_REVIEW_AR.md	PATIENT_WEB	BASELINE_ONLY	fd01216bec5999cb425740d484a5e97289435c403a9713b6d941309eb30796cb		source-directory-byte-hash-unrelated-snapshot	NOT_ASSESSED_BY_FILE_DELTA
PATIENT_WEB	audit-artifacts/full-audit-20260823/PHASE6_ADVANCED_FEATURES_BLOCKER_REVIEW_AR.md	PATIENT_WEB	BASELINE_ONLY	49b482a2940f3aceadeaebbdc9127ab0f3526b00cbfc4cc63d9103bda0cc4e12		source-directory-byte-hash-unrelated-snapshot	NOT_ASSESSED_BY_FILE_DELTA
PATIENT_WEB	audit-artifacts/full-audit-20260823/PHASE8_DESIGN_MOTION_REVIEW_AR.md	PATIENT_WEB	BASELINE_ONLY	5935587626976faa27a516355fcb2d6299d995ab4630740aa78482988535c6ac		source-directory-byte-hash-unrelated-snapshot	NOT_ASSESSED_BY_FILE_DELTA
PATIENT_WEB	audit-artifacts/full-audit-20260823/PHASE9_PERFORMANCE_REVIEW_AR.md	PATIENT_WEB	BASELINE_ONLY	5b8f745aa19c4fc213bc264f0a35a263cb04bb07fdbde0030058db42b03107d4		source-directory-byte-hash-unrelated-snapshot	NOT_ASSESSED_BY_FILE_DELTA
PATIENT_WEB	audit-artifacts/full-audit-20260823/PHASE9_SECURITY_DEPENDENCY_REVIEW_AR.md	PATIENT_WEB	BASELINE_ONLY	59a0939ff09d6ff6f35bb55b54c0f31826581a5bb766db3fea57eaa42067eba6		source-directory-byte-hash-unrelated-snapshot	NOT_ASSESSED_BY_FILE_DELTA
PATIENT_WEB	audit-artifacts/full-audit-20260823/live-contract-probe.tsv	PATIENT_WEB	BASELINE_ONLY	32a0d91a7a127bbb4c9a7085aa66f532f8b7cca0a22425d34bf9ad73c00a3b8b		source-directory-byte-hash-unrelated-snapshot	NOT_ASSESSED_BY_FILE_DELTA
PATIENT_WEB	audit-artifacts/full-audit-20260823/mobile-web-map.tsv	PATIENT_WEB	BASELINE_ONLY	5a927c94a1c79086b7a923d192fe68600fd8a17189114697c4c0ae9cdc9be3f0		source-directory-byte-hash-unrelated-snapshot	NOT_ASSESSED_BY_FILE_DELTA
PATIENT_WEB	audit-artifacts/full-audit-20260823/mobile_api_calls.tsv	PATIENT_WEB	BASELINE_ONLY	d490da88f74f31449fa2e3ae549faa11740ef16ef2a89790f6b4f6d3a0a1a74c		source-directory-byte-hash-unrelated-snapshot	NOT_ASSESSED_BY_FILE_DELTA
PATIENT_WEB	audit-artifacts/full-audit-20260823/mobile_navigation_actions.tsv	PATIENT_WEB	BASELINE_ONLY	0d90cf95aa98bbdee861ba5afc001a0a4a99b4376e74c3403a6670b38413ae07		source-directory-byte-hash-unrelated-snapshot	NOT_ASSESSED_BY_FILE_DELTA
PATIENT_WEB	audit-artifacts/full-audit-20260823/mobile_navigation_actions.txt	PATIENT_WEB	BASELINE_ONLY	6724e668efe5bf4422f35316920c2869be0b47ea02905341aef7d151e0b71321		source-directory-byte-hash-unrelated-snapshot	NOT_ASSESSED_BY_FILE_DELTA
PATIENT_WEB	audit-artifacts/full-audit-20260823/mobile_screen_files.txt	PATIENT_WEB	BASELINE_ONLY	5a946ab200a74c5a83afdf746a59832697fcaff68f1bfe96bef57128a651ce8e		source-directory-byte-hash-unrelated-snapshot	NOT_ASSESSED_BY_FILE_DELTA
PATIENT_WEB	audit-artifacts/full-audit-20260823/mobile_source_files.txt	PATIENT_WEB	BASELINE_ONLY	7f6abe8754c6f4918d518a513b7903ab4f7cfb5231586fa313af28c29c20ddcd		source-directory-byte-hash-unrelated-snapshot	NOT_ASSESSED_BY_FILE_DELTA
PATIENT_WEB	audit-artifacts/full-audit-20260823/mobile_to_web_screen_map.json	PATIENT_WEB	BASELINE_ONLY	d1deffa717c8c6e9b8a35fe30286b240f98dc9e1de51be12064c9722bc619fa9		source-directory-byte-hash-unrelated-snapshot	NOT_ASSESSED_BY_FILE_DELTA
PATIENT_WEB	audit-artifacts/full-audit-20260823/open-gaps-markers.txt	PATIENT_WEB	BASELINE_ONLY	2d8e76ef48e44861ceaee09aa52beda82598581d547a7b03ee57552e66bac086		source-directory-byte-hash-unrelated-snapshot	NOT_ASSESSED_BY_FILE_DELTA
PATIENT_WEB	audit-artifacts/full-audit-20260823/phase11-homecare-owner-probe.txt	PATIENT_WEB	BASELINE_ONLY	0ef2f594acd156c5627e77387124c75baf7b01f7c156fbc17ec4c1f8dad63d9b		source-directory-byte-hash-unrelated-snapshot	NOT_ASSESSED_BY_FILE_DELTA
PATIENT_WEB	audit-artifacts/full-audit-20260823/phase11-homecare-probe.tsv	PATIENT_WEB	BASELINE_ONLY	f77a0720ad1da6b930149752dda1fe90498bf900236dc090f729cd17e8d9e746		source-directory-byte-hash-unrelated-snapshot	NOT_ASSESSED_BY_FILE_DELTA
PATIENT_WEB	audit-artifacts/full-audit-20260823/phase11-sandbox-final.log	PATIENT_WEB	BASELINE_ONLY	389cafe9d4b4e86e3a4f27b3174cef608af38642af9432c1d598ac597e7344f1		source-directory-byte-hash-unrelated-snapshot	NOT_ASSESSED_BY_FILE_DELTA
PATIENT_WEB	audit-artifacts/full-audit-20260823/phase11-sandbox-official.log	PATIENT_WEB	BASELINE_ONLY	ce36d713ee5b9f82c0129a14194b45aacec28f2d05badc62c385936994efa676		source-directory-byte-hash-unrelated-snapshot	NOT_ASSESSED_BY_FILE_DELTA
PATIENT_WEB	audit-artifacts/full-audit-20260823/phase11-unified-method-probe.tsv	PATIENT_WEB	BASELINE_ONLY	fc20304f9fc56331428a0e51722985f5e20583b297a4aa13a2fcdc65900e3e7c		source-directory-byte-hash-unrelated-snapshot	NOT_ASSESSED_BY_FILE_DELTA
PATIENT_WEB	audit-artifacts/full-audit-20260823/phase3-contract-baseline.txt	PATIENT_WEB	BASELINE_ONLY	3b68c4810d110404c3633aede1850d64fd480528e90950152281bac89cc83f4a		source-directory-byte-hash-unrelated-snapshot	NOT_ASSESSED_BY_FILE_DELTA
PATIENT_WEB	audit-artifacts/full-audit-20260823/phase3-live-method-probe.tsv	PATIENT_WEB	BASELINE_ONLY	b2137674bea3847e762042715b567d9d0567276596477c8eca05edd9e0b82ab6		source-directory-byte-hash-unrelated-snapshot	NOT_ASSESSED_BY_FILE_DELTA
PATIENT_WEB	audit-artifacts/full-audit-20260823/phase3-targeted-gates.log	PATIENT_WEB	BASELINE_ONLY	8199d78f4533ff66130e0c5601ec1f4bf2add11c072529c4236a92bc2cf88004		source-directory-byte-hash-unrelated-snapshot	NOT_ASSESSED_BY_FILE_DELTA
PATIENT_WEB	audit-artifacts/full-audit-20260823/phase4-domain-inventory.txt	PATIENT_WEB	BASELINE_ONLY	1594d6262d1894dd71bb8b0d7a10c1eaca1b9810c3f36b13625de3fe0cc839f9		source-directory-byte-hash-unrelated-snapshot	NOT_ASSESSED_BY_FILE_DELTA
PATIENT_WEB	audit-artifacts/full-audit-20260823/phase4-live-probe.tsv	PATIENT_WEB	BASELINE_ONLY	b95ef41e821067a3c9db4efe4029bec42fc2a0f9ee3ec6701190c15ea07e765a		source-directory-byte-hash-unrelated-snapshot	NOT_ASSESSED_BY_FILE_DELTA
PATIENT_WEB	audit-artifacts/full-audit-20260823/phase4-mutation-method-probe.tsv	PATIENT_WEB	BASELINE_ONLY	d662d819af2d82d14ad079ab6c4c243532107fc017d27516ceae6270d9ce4261		source-directory-byte-hash-unrelated-snapshot	NOT_ASSESSED_BY_FILE_DELTA
PATIENT_WEB	audit-artifacts/full-audit-20260823/phase4-test-files.txt	PATIENT_WEB	BASELINE_ONLY	1203fcb8fa74de7283a1e8602f4934758158e95d3dd92617ea5635c9ba938611		source-directory-byte-hash-unrelated-snapshot	NOT_ASSESSED_BY_FILE_DELTA
PATIENT_WEB	audit-artifacts/full-audit-20260823/phase5-domain-inventory.txt	PATIENT_WEB	BASELINE_ONLY	47250fdac7f384b269a95b80a82808020437baf2616417747f1ab62f4052392e		source-directory-byte-hash-unrelated-snapshot	NOT_ASSESSED_BY_FILE_DELTA
PATIENT_WEB	audit-artifacts/full-audit-20260823/phase5-live-probe.tsv	PATIENT_WEB	BASELINE_ONLY	db9ab938e144d2b889344e2efc1c0f1d3116af67f074617dad14ba1a5ac58a74		source-directory-byte-hash-unrelated-snapshot	NOT_ASSESSED_BY_FILE_DELTA
PATIENT_WEB	audit-artifacts/full-audit-20260823/phase6-advanced-gap-inventory.txt	PATIENT_WEB	BASELINE_ONLY	e3c3a860bcef28d6d0e4a050b71ed6e430f288a653f1766784eb3cd07ce8e13d		source-directory-byte-hash-unrelated-snapshot	NOT_ASSESSED_BY_FILE_DELTA
PATIENT_WEB	audit-artifacts/full-audit-20260823/phase7-live-advanced-probe.tsv	PATIENT_WEB	BASELINE_ONLY	87552e760773d842f2936ea87061f5b58ed6cd81ec091589b3ebfd55c76849ac		source-directory-byte-hash-unrelated-snapshot	NOT_ASSESSED_BY_FILE_DELTA
PATIENT_WEB	audit-artifacts/full-audit-20260823/phase8-design-audit.txt	PATIENT_WEB	BASELINE_ONLY	45849598c1ddbf9c16968347b1c08fa71b938a7c40dea7ea81738b0cae44042d		source-directory-byte-hash-unrelated-snapshot	NOT_ASSESSED_BY_FILE_DELTA
PATIENT_WEB	audit-artifacts/full-audit-20260823/phase9-babel-why-prod.txt	PATIENT_WEB	BASELINE_ONLY	e3b0c44298fc1c149afbf4c8996fb92427ae41e4649b934ca495991b7852b855		source-directory-byte-hash-unrelated-snapshot	NOT_ASSESSED_BY_FILE_DELTA
PATIENT_WEB	audit-artifacts/full-audit-20260823/phase9-docker-build.log	PATIENT_WEB	BASELINE_ONLY	7af8af62487bdaf45932fbcd22e3642d3aa651efd88fa56ff77910da3f93ea52		source-directory-byte-hash-unrelated-snapshot	NOT_ASSESSED_BY_FILE_DELTA
PATIENT_WEB	audit-artifacts/full-audit-20260823/phase9-full-gate.log	PATIENT_WEB	BASELINE_ONLY	4c7a4baae4a508d5f364c8d4c02725f9f5642e986b88da58f86d8b8a22b8c288		source-directory-byte-hash-unrelated-snapshot	NOT_ASSESSED_BY_FILE_DELTA
PATIENT_WEB	audit-artifacts/full-audit-20260823/phase9-headers-gates.log	PATIENT_WEB	BASELINE_ONLY	f7315957e8436eb210c81f5b527580446de6702aee2b7950daef6fe0af2fbcc6		source-directory-byte-hash-unrelated-snapshot	NOT_ASSESSED_BY_FILE_DELTA
PATIENT_WEB	audit-artifacts/full-audit-20260823/phase9-outdated.json	PATIENT_WEB	BASELINE_ONLY	8b45a58fdadcb53830ee36d5d064fea878e42c3c6116461b592b9d72743d95d4		source-directory-byte-hash-unrelated-snapshot	NOT_ASSESSED_BY_FILE_DELTA
PATIENT_WEB	audit-artifacts/full-audit-20260823/phase9-pnpm-audit-after-postcss.json	PATIENT_WEB	BASELINE_ONLY	f2bcf0810790da5ac76ba42eecfa08636d713065ba853e9163969088783f0231		source-directory-byte-hash-unrelated-snapshot	NOT_ASSESSED_BY_FILE_DELTA
PATIENT_WEB	audit-artifacts/full-audit-20260823/phase9-pnpm-audit-prod-after-postcss.json	PATIENT_WEB	BASELINE_ONLY	36910520fa65bf59a10802b86acb8463c62acd49260625d483c4ffacd571bf10		source-directory-byte-hash-unrelated-snapshot	NOT_ASSESSED_BY_FILE_DELTA
PATIENT_WEB	audit-artifacts/full-audit-20260823/phase9-pnpm-audit-prod.txt	PATIENT_WEB	BASELINE_ONLY	e4c36eab050af614b5bdae45ae3a9bc6ca52882ab39e7b8dbeb0b44467b065a9		source-directory-byte-hash-unrelated-snapshot	NOT_ASSESSED_BY_FILE_DELTA
PATIENT_WEB	audit-artifacts/full-audit-20260823/phase9-pnpm-audit-summary.json	PATIENT_WEB	BASELINE_ONLY	2f83ef1ff815c431d5935ec47ccb1b4483d6ce1227ba7c235d7c441b3a56d8a0		source-directory-byte-hash-unrelated-snapshot	NOT_ASSESSED_BY_FILE_DELTA
PATIENT_WEB	audit-artifacts/full-audit-20260823/phase9-pnpm-audit.json	PATIENT_WEB	BASELINE_ONLY	18dad714907ea03e461e1c5dc50f2c8d49d4b2f242ad8270cf1e18bbf78159cb		source-directory-byte-hash-unrelated-snapshot	NOT_ASSESSED_BY_FILE_DELTA
PATIENT_WEB	audit-artifacts/full-audit-20260823/phase9-pnpm-why.txt	PATIENT_WEB	BASELINE_ONLY	8bc346f916844857d67296e4ecd3e2d88e7230f10b8b106b916e42b62caeb51a		source-directory-byte-hash-unrelated-snapshot	NOT_ASSESSED_BY_FILE_DELTA
PATIENT_WEB	audit-artifacts/full-audit-20260823/phase9-postcss-fix-gates.log	PATIENT_WEB	BASELINE_ONLY	5cee7b6164181c40083716a45941fa759285763e26100c73bfada87a933d93c7		source-directory-byte-hash-unrelated-snapshot	NOT_ASSESSED_BY_FILE_DELTA
PATIENT_WEB	audit-artifacts/full-audit-20260823/phase9-prod-advisories-normalized.json	PATIENT_WEB	BASELINE_ONLY	75d597365642f5b3787c1a90985f05f2ec9082b040b1331cb4fd2c1ae93b3d2d		source-directory-byte-hash-unrelated-snapshot	NOT_ASSESSED_BY_FILE_DELTA
PATIENT_WEB	audit-artifacts/full-audit-20260823/phase9-prod-deps.txt	PATIENT_WEB	BASELINE_ONLY	358eb2192e72131ee521ea65d6a3ba9379a217b90370fc502a2a9206738bbca6		source-directory-byte-hash-unrelated-snapshot	NOT_ASSESSED_BY_FILE_DELTA
PATIENT_WEB	audit-artifacts/full-audit-20260823/phase9-security-audit.txt	PATIENT_WEB	BASELINE_ONLY	abfd1069c56c477a42ba9f92db28987b939e5787c7a8e73da8f06fd964d5a527		source-directory-byte-hash-unrelated-snapshot	NOT_ASSESSED_BY_FILE_DELTA
PATIENT_WEB	audit-artifacts/full-audit-20260823/reschedule-fix-gates.log	PATIENT_WEB	BASELINE_ONLY	b48c180899b3da8ebf172e4865d9505af2cd1a45499ef12207b590c9c444f645		source-directory-byte-hash-unrelated-snapshot	NOT_ASSESSED_BY_FILE_DELTA
PATIENT_WEB	audit-artifacts/full-audit-20260823/reschedule-method-probe.tsv	PATIENT_WEB	BASELINE_ONLY	443e9237ecb473fd2194b85fe1e2c29a20976d3b942a3cf266f85f7b39837771		source-directory-byte-hash-unrelated-snapshot	NOT_ASSESSED_BY_FILE_DELTA
PATIENT_WEB	audit-artifacts/full-audit-20260823/sandbox-env-presence.txt	PATIENT_WEB	BASELINE_ONLY	a0726d501b0978c5a72e9566779ff50ec506e6bab0e76444e3b825c1e4709b08		source-directory-byte-hash-unrelated-snapshot	NOT_ASSESSED_BY_FILE_DELTA
PATIENT_WEB	audit-artifacts/full-audit-20260823/screen_map_summary.json	PATIENT_WEB	BASELINE_ONLY	ad8963b3debe3e920adf942160df3d699b674f8232f789ace4530081b576c8ca		source-directory-byte-hash-unrelated-snapshot	NOT_ASSESSED_BY_FILE_DELTA
PATIENT_WEB	audit-artifacts/full-audit-20260823/seo-discovery-audit.txt	PATIENT_WEB	BASELINE_ONLY	c5f2371709de020433ca6b27d52dd613010673a9ad26dd46cbedfa6ec6d70d15		source-directory-byte-hash-unrelated-snapshot	NOT_ASSESSED_BY_FILE_DELTA
PATIENT_WEB	audit-artifacts/full-audit-20260823/summary.json	PATIENT_WEB	BASELINE_ONLY	60f6f0e0ca5824bc0d76e2aa3ef9765257bbc9aff9911bab3ee546b916d77f02		source-directory-byte-hash-unrelated-snapshot	NOT_ASSESSED_BY_FILE_DELTA
PATIENT_WEB	audit-artifacts/full-audit-20260823/web-mock-placeholder-scan.txt	PATIENT_WEB	BASELINE_ONLY	df12499d5d3a257f2c5c2cb5869617e5616308694eb94d58843a96e88686b5f5		source-directory-byte-hash-unrelated-snapshot	NOT_ASSESSED_BY_FILE_DELTA
PATIENT_WEB	audit-artifacts/full-audit-20260823/web-token-scan.txt	PATIENT_WEB	BASELINE_ONLY	11465e11c70e3bdb790072558ea204828849d120744ac92c88841333e68ae2c3		source-directory-byte-hash-unrelated-snapshot	NOT_ASSESSED_BY_FILE_DELTA
PATIENT_WEB	audit-artifacts/full-audit-20260823/web_api_routes_files.txt	PATIENT_WEB	BASELINE_ONLY	c985b91c364edcf3cefd4f4893aeeb799d0e579df0f0c346ba267dd87944ba3f		source-directory-byte-hash-unrelated-snapshot	NOT_ASSESSED_BY_FILE_DELTA
PATIENT_WEB	audit-artifacts/full-audit-20260823/web_api_usage.tsv	PATIENT_WEB	BASELINE_ONLY	6386df4b53856fdc229507144d2c2738c89e870b511c02af223be5f757279649		source-directory-byte-hash-unrelated-snapshot	NOT_ASSESSED_BY_FILE_DELTA
PATIENT_WEB	audit-artifacts/full-audit-20260823/web_pages_files.txt	PATIENT_WEB	BASELINE_ONLY	e93431f142d8579cc77678bfe7aaacbc85265beeebfc4829c9b50a203cc4784d		source-directory-byte-hash-unrelated-snapshot	NOT_ASSESSED_BY_FILE_DELTA
PATIENT_WEB	audit-artifacts/full-audit-20260823/web_routes.txt	PATIENT_WEB	BASELINE_ONLY	8dfb546b28826008f841c5e1494ce5d78d73c1e009840037185b212ddee9b3a3		source-directory-byte-hash-unrelated-snapshot	NOT_ASSESSED_BY_FILE_DELTA
PATIENT_WEB	audit-artifacts/full-audit-20260823/wishlist-gates.log	PATIENT_WEB	BASELINE_ONLY	0e489139a35ea4fd091689918673f1fcfe7e9527ac9e468ef5c7b1278acd205f		source-directory-byte-hash-unrelated-snapshot	NOT_ASSESSED_BY_FILE_DELTA
PATIENT_WEB	audit-artifacts/insurance_catalog_api_consumers_20260820.txt	PATIENT_WEB	BASELINE_ONLY	69afa5fedc72f41af0ac9834977ee4407fceb568682b19fd2f124097ef336ecf		source-directory-byte-hash-unrelated-snapshot	NOT_ASSESSED_BY_FILE_DELTA
PATIENT_WEB	audit-artifacts/insurance_catalog_consumers_raw_20260820.txt	PATIENT_WEB	BASELINE_ONLY	cb6563523ed26bdf062dfd7c5ee7afe53a70c1af990098ad9bb33c194df78b40		source-directory-byte-hash-unrelated-snapshot	NOT_ASSESSED_BY_FILE_DELTA
PATIENT_WEB	audit-artifacts/insurance_catalog_final_operational_static_scan_20260820.txt	PATIENT_WEB	BASELINE_ONLY	b8f338ba4c7e17afc50d6f53dedbf7a5819f3ababdbacb3a522da956aeb3e331		source-directory-byte-hash-unrelated-snapshot	NOT_ASSESSED_BY_FILE_DELTA
PATIENT_WEB	audit-artifacts/insurance_catalog_final_operational_static_scan_20260820.txt.filtered	PATIENT_WEB	BASELINE_ONLY	e3b0c44298fc1c149afbf4c8996fb92427ae41e4649b934ca495991b7852b855		source-directory-byte-hash-unrelated-snapshot	NOT_ASSESSED_BY_FILE_DELTA
PATIENT_WEB	audit-artifacts/insurance_catalog_onboarding_profile_excerpt_20260820.txt	PATIENT_WEB	BASELINE_ONLY	9c536888666d51205e1a391ab6fd9e9254e9a68a67a146f95156b63ea76a06bb		source-directory-byte-hash-unrelated-snapshot	NOT_ASSESSED_BY_FILE_DELTA
PATIENT_WEB	audit-artifacts/insurance_catalog_postfix_static_scan_20260820.txt	PATIENT_WEB	BASELINE_ONLY	14e10ffd19a3bce310cba96fca2fbbe68c2a5a4c1af06b79a00546fbfea56c72		source-directory-byte-hash-unrelated-snapshot	NOT_ASSESSED_BY_FILE_DELTA
PATIENT_WEB	audit-artifacts/insurance_catalog_static_or_mock_candidates_20260820.txt	PATIENT_WEB	BASELINE_ONLY	30fb01055245e5087a4defb133d56a42cc71e8485cf788eeb48e5f7af3d4d9c4		source-directory-byte-hash-unrelated-snapshot	NOT_ASSESSED_BY_FILE_DELTA
PATIENT_WEB	audit-artifacts/live-api-baseline-20260822.md	PATIENT_WEB	BASELINE_ONLY	6e3af4bdaff5dd765aab54c623cdb9db3353bae70600d57b0363a36ec6261cb1		source-directory-byte-hash-unrelated-snapshot	NOT_ASSESSED_BY_FILE_DELTA
PATIENT_WEB	audit-artifacts/patient_insurance_screen_source_classification_20260820.txt	PATIENT_WEB	BASELINE_ONLY	edfa873587e666fbf3d75b28fc5256f3a8b84cd1823866327135d1bc7e293ffe		source-directory-byte-hash-unrelated-snapshot	NOT_ASSESSED_BY_FILE_DELTA
PATIENT_WEB	audit-artifacts/patient_service_insurance_static_audit_20260820.txt	PATIENT_WEB	BASELINE_ONLY	d8bf3770220a626c5768d71b0166637b2ad153abdb456a60bc2a6df8c890b59e		source-directory-byte-hash-unrelated-snapshot	NOT_ASSESSED_BY_FILE_DELTA
PATIENT_WEB	audit-artifacts/provider_admin_insurance_screen_source_classification_20260820.txt	PATIENT_WEB	BASELINE_ONLY	aa3aa000e8e5d8ccbb2cb8c0be443ced1e5a65110582075bef1b1117b3c3a20b		source-directory-byte-hash-unrelated-snapshot	NOT_ASSESSED_BY_FILE_DELTA
PATIENT_WEB	audit-artifacts/provider_dashboard_insurance_static_audit_20260820.txt	PATIENT_WEB	BASELINE_ONLY	eceb3cf0bffb6b9cc09f60fc568cf6652583314c5a3b936c6b9b4aef2b354a16		source-directory-byte-hash-unrelated-snapshot	NOT_ASSESSED_BY_FILE_DELTA
PATIENT_WEB	client/index.html	PATIENT_WEB	BASELINE_ONLY	b3ffc2789274f36e49254a5017641685fb7fa229880772834149313de75cdc25		source-directory-byte-hash-unrelated-snapshot	NOT_ASSESSED_BY_FILE_DELTA
PATIENT_WEB	client/public/.gitkeep	PATIENT_WEB	BASELINE_ONLY	e3b0c44298fc1c149afbf4c8996fb92427ae41e4649b934ca495991b7852b855		source-directory-byte-hash-unrelated-snapshot	NOT_ASSESSED_BY_FILE_DELTA
PATIENT_WEB	client/public/__manus__/debug-collector.js	PATIENT_WEB	BASELINE_ONLY	e95d3246bc3757b46286221060b7346ea59fb6a9c94aa05f5eae7e7e09877d1b		source-directory-byte-hash-unrelated-snapshot	NOT_ASSESSED_BY_FILE_DELTA
PATIENT_WEB	client/src/App.tsx	PATIENT_WEB	BASELINE_ONLY	d5be9281dc24312213bbca716a599ce653c47b20710ae87bb030b415b8e1572d		source-directory-byte-hash-unrelated-snapshot	NOT_ASSESSED_BY_FILE_DELTA
PATIENT_WEB	client/src/_core/hooks/useAuth.ts	PATIENT_WEB	BASELINE_ONLY	2d87f1597ab79277ab1755353fc21d362aa05c4e20b79c320001ead15923cca7		source-directory-byte-hash-unrelated-snapshot	NOT_ASSESSED_BY_FILE_DELTA
PATIENT_WEB	client/src/components/AIChatBox.tsx	PATIENT_WEB	BASELINE_ONLY	c97ae745ae8f4db0b5e1a96d851fe9fd6943c53bc1bc6c28603bce36058ce28a		source-directory-byte-hash-unrelated-snapshot	NOT_ASSESSED_BY_FILE_DELTA
PATIENT_WEB	client/src/components/DashboardLayout.tsx	PATIENT_WEB	BASELINE_ONLY	4f5d5829ff8a47b800d92a884848b4d7abddeafebb3af939cf5a96624a24f06c		source-directory-byte-hash-unrelated-snapshot	NOT_ASSESSED_BY_FILE_DELTA
PATIENT_WEB	client/src/components/DashboardLayoutSkeleton.tsx	PATIENT_WEB	BASELINE_ONLY	7b6eab8ac4d4118bdf2be88f23e7db5318d975ac03e6451f773d5eb15feb34cc		source-directory-byte-hash-unrelated-snapshot	NOT_ASSESSED_BY_FILE_DELTA
PATIENT_WEB	client/src/components/ErrorBoundary.tsx	PATIENT_WEB	BASELINE_ONLY	3b0bdb7a19758fcd440138ccfb5f306b96836564f15d7c8c9663d7dd7417e972		source-directory-byte-hash-unrelated-snapshot	NOT_ASSESSED_BY_FILE_DELTA
PATIENT_WEB	client/src/components/ManusDialog.tsx	PATIENT_WEB	BASELINE_ONLY	66237a756ee50b4195a074f689aa97dd4ec445cbbc6f0d11f12bb32a6fb4cd0d		source-directory-byte-hash-unrelated-snapshot	NOT_ASSESSED_BY_FILE_DELTA
PATIENT_WEB	client/src/components/Map.tsx	PATIENT_WEB	BASELINE_ONLY	931413fea95936e68f872bc34733138f9e11a656446b1a56a98fba9532954e22		source-directory-byte-hash-unrelated-snapshot	NOT_ASSESSED_BY_FILE_DELTA
PATIENT_WEB	client/src/components/ui/accordion.tsx	PATIENT_WEB	BASELINE_ONLY	7b96cf50388ad3d07be64924ab33ba5f63b79a6a5749ebe4d31c789c0bc00d44		source-directory-byte-hash-unrelated-snapshot	NOT_ASSESSED_BY_FILE_DELTA
PATIENT_WEB	client/src/components/ui/alert-dialog.tsx	PATIENT_WEB	BASELINE_ONLY	aeecd7967eb0be3bad2753b6633d9a43cc4c08cb35de872ffdc0b9f2b6a9b26c		source-directory-byte-hash-unrelated-snapshot	NOT_ASSESSED_BY_FILE_DELTA
PATIENT_WEB	client/src/components/ui/alert.tsx	PATIENT_WEB	BASELINE_ONLY	eccfc7f6ca9d51407cb413a3ca4b5ac721898ac93d38e95c02c35188ad674abe		source-directory-byte-hash-unrelated-snapshot	NOT_ASSESSED_BY_FILE_DELTA
PATIENT_WEB	client/src/components/ui/aspect-ratio.tsx	PATIENT_WEB	BASELINE_ONLY	654f5d6e9ed17472305d7e6fc5de30453875ffae585f5d064aedc9e6945bdbb0		source-directory-byte-hash-unrelated-snapshot	NOT_ASSESSED_BY_FILE_DELTA
PATIENT_WEB	client/src/components/ui/avatar.tsx	PATIENT_WEB	BASELINE_ONLY	c2382ff71d7ef3492096ed6ef35bf82e1fd421a81d55ca80453f5f5138eac360		source-directory-byte-hash-unrelated-snapshot	NOT_ASSESSED_BY_FILE_DELTA
PATIENT_WEB	client/src/components/ui/badge.tsx	PATIENT_WEB	BASELINE_ONLY	51fd797c59e63d164ade736769f19f26e41c157daba29aa0b327b3b226f4d4ac		source-directory-byte-hash-unrelated-snapshot	NOT_ASSESSED_BY_FILE_DELTA
PATIENT_WEB	client/src/components/ui/breadcrumb.tsx	PATIENT_WEB	BASELINE_ONLY	dd84657e30691ea7f14a785c13b660d6cd626c08ba1df8439c3eca858ee3cd7e		source-directory-byte-hash-unrelated-snapshot	NOT_ASSESSED_BY_FILE_DELTA
PATIENT_WEB	client/src/components/ui/button-group.tsx	PATIENT_WEB	BASELINE_ONLY	ba1d824f0f4d8b5dd78a80fa766e3543eefb9173143652be2c7cb765af1864f5		source-directory-byte-hash-unrelated-snapshot	NOT_ASSESSED_BY_FILE_DELTA
PATIENT_WEB	client/src/components/ui/button.tsx	PATIENT_WEB	BASELINE_ONLY	b08b4785e03566c7a6063b3d57234deae41649676870cbbb9ab2448d816e1739		source-directory-byte-hash-unrelated-snapshot	NOT_ASSESSED_BY_FILE_DELTA
PATIENT_WEB	client/src/components/ui/calendar.tsx	PATIENT_WEB	BASELINE_ONLY	89308bce82e8b23b611cfbc88bc19f7b341d7109ab9a2838c04cb50922113501		source-directory-byte-hash-unrelated-snapshot	NOT_ASSESSED_BY_FILE_DELTA
PATIENT_WEB	client/src/components/ui/card.tsx	PATIENT_WEB	BASELINE_ONLY	1397e7d264d90162220ea7473b311e434651886267c71e7f58d4488be9d8ff39		source-directory-byte-hash-unrelated-snapshot	NOT_ASSESSED_BY_FILE_DELTA
PATIENT_WEB	client/src/components/ui/carousel.tsx	PATIENT_WEB	BASELINE_ONLY	42f66e6fde568c209df5d58a4ca13c3ae92d120a04fd99f7be695d6a570ef0a9		source-directory-byte-hash-unrelated-snapshot	NOT_ASSESSED_BY_FILE_DELTA
PATIENT_WEB	client/src/components/ui/chart.tsx	PATIENT_WEB	BASELINE_ONLY	47c4de202fe1dc229af94d2c86197251d279bee131d2a6fb75ab9e58cec71aab		source-directory-byte-hash-unrelated-snapshot	NOT_ASSESSED_BY_FILE_DELTA
PATIENT_WEB	client/src/components/ui/checkbox.tsx	PATIENT_WEB	BASELINE_ONLY	4fc309590e66d3c41e3be5fb73f988b0e916e7bf5fff321c22c3a64cd4fe97cf		source-directory-byte-hash-unrelated-snapshot	NOT_ASSESSED_BY_FILE_DELTA
PATIENT_WEB	client/src/components/ui/collapsible.tsx	PATIENT_WEB	BASELINE_ONLY	95b5b9ea89a4105045c58b7eba539e57a1f4abc5a54d43ea0f7168f46b645eeb		source-directory-byte-hash-unrelated-snapshot	NOT_ASSESSED_BY_FILE_DELTA
PATIENT_WEB	client/src/components/ui/command.tsx	PATIENT_WEB	BASELINE_ONLY	47910540789d4de9e890de63bfc0046f9cf6bfaa86d496a98c79622900f8520c		source-directory-byte-hash-unrelated-snapshot	NOT_ASSESSED_BY_FILE_DELTA
PATIENT_WEB	client/src/components/ui/context-menu.tsx	PATIENT_WEB	BASELINE_ONLY	fe63c0a0dcabe749874ad19e07dee8418337c62dd64452fc08b5abf27b49b9eb		source-directory-byte-hash-unrelated-snapshot	NOT_ASSESSED_BY_FILE_DELTA
PATIENT_WEB	client/src/components/ui/dialog.tsx	PATIENT_WEB	BASELINE_ONLY	3ffd83bd2940c1191fde091bc47311aebc2b79d78824965a5c446115e58190aa		source-directory-byte-hash-unrelated-snapshot	NOT_ASSESSED_BY_FILE_DELTA
PATIENT_WEB	client/src/components/ui/drawer.tsx	PATIENT_WEB	BASELINE_ONLY	573deecc31f90fcd96f53a37b2e5363eb326fe737cbdb28cac38a5d014734fc8		source-directory-byte-hash-unrelated-snapshot	NOT_ASSESSED_BY_FILE_DELTA
PATIENT_WEB	client/src/components/ui/dropdown-menu.tsx	PATIENT_WEB	BASELINE_ONLY	ede99252b737a29eb1f05370956e2b842be161b6a661f1429155ac561653d029		source-directory-byte-hash-unrelated-snapshot	NOT_ASSESSED_BY_FILE_DELTA
PATIENT_WEB	client/src/components/ui/empty.tsx	PATIENT_WEB	BASELINE_ONLY	c0b612929b15fd498b984d8d98d1b082a3eb294be5aa8eb9cb53b67cf152f465		source-directory-byte-hash-unrelated-snapshot	NOT_ASSESSED_BY_FILE_DELTA
PATIENT_WEB	client/src/components/ui/field.tsx	PATIENT_WEB	BASELINE_ONLY	f093424ca5eadf43d46b020ed780aee7aa5f6d90d0b48fb50c031e3d7b0528c7		source-directory-byte-hash-unrelated-snapshot	NOT_ASSESSED_BY_FILE_DELTA
PATIENT_WEB	client/src/components/ui/form.tsx	PATIENT_WEB	BASELINE_ONLY	0157362d572713567d989b726277879e75c60c24684ade4aef854867dc2fac48		source-directory-byte-hash-unrelated-snapshot	NOT_ASSESSED_BY_FILE_DELTA
PATIENT_WEB	client/src/components/ui/hover-card.tsx	PATIENT_WEB	BASELINE_ONLY	bdfe831708e7de6b9fbb14d8fe5af5a0985f67cff3c2b5755b4b570c3b4e7ad5		source-directory-byte-hash-unrelated-snapshot	NOT_ASSESSED_BY_FILE_DELTA
PATIENT_WEB	client/src/components/ui/input-group.tsx	PATIENT_WEB	BASELINE_ONLY	f62f2be2ad4c2c7711e7b25b0d6c03572f7871cb4022e9f4f6860dcd77dd9e57		source-directory-byte-hash-unrelated-snapshot	NOT_ASSESSED_BY_FILE_DELTA
PATIENT_WEB	client/src/components/ui/input-otp.tsx	PATIENT_WEB	BASELINE_ONLY	45fc7fed882aa5024d8eea52d9b392d13b1d80f2b7f846365bc2586e3d16253d		source-directory-byte-hash-unrelated-snapshot	NOT_ASSESSED_BY_FILE_DELTA
PATIENT_WEB	client/src/components/ui/input.tsx	PATIENT_WEB	BASELINE_ONLY	0aaad971269e84519fb14928a70777db539b4cacf9f145fecd905ba483a199c6		source-directory-byte-hash-unrelated-snapshot	NOT_ASSESSED_BY_FILE_DELTA
PATIENT_WEB	client/src/components/ui/item.tsx	PATIENT_WEB	BASELINE_ONLY	89f2ed48c2270064d63e0a40f755c1da14e99e7db46bceac56d6dee7b45b8798		source-directory-byte-hash-unrelated-snapshot	NOT_ASSESSED_BY_FILE_DELTA
PATIENT_WEB	client/src/components/ui/kbd.tsx	PATIENT_WEB	BASELINE_ONLY	4f8f3e521b2b007643b8a2c8f86cf547bd87e703dc2bed067083ca48f901d6ad		source-directory-byte-hash-unrelated-snapshot	NOT_ASSESSED_BY_FILE_DELTA
PATIENT_WEB	client/src/components/ui/label.tsx	PATIENT_WEB	BASELINE_ONLY	7fdad17d8e83912ad0cfc372c551a901ab98523ef17c0792a17c592a147db732		source-directory-byte-hash-unrelated-snapshot	NOT_ASSESSED_BY_FILE_DELTA
PATIENT_WEB	client/src/components/ui/menubar.tsx	PATIENT_WEB	BASELINE_ONLY	53fb1c058fabaf0cfb3fb2cfdb9b17ccc8762376d62cc011150d919209b82c1a		source-directory-byte-hash-unrelated-snapshot	NOT_ASSESSED_BY_FILE_DELTA
PATIENT_WEB	client/src/components/ui/navigation-menu.tsx	PATIENT_WEB	BASELINE_ONLY	aafccbe2b05d9f80b7d007301b51aaede4692efc468304c5fb11b21cd0c0ef43		source-directory-byte-hash-unrelated-snapshot	NOT_ASSESSED_BY_FILE_DELTA
PATIENT_WEB	client/src/components/ui/pagination.tsx	PATIENT_WEB	BASELINE_ONLY	8f0d822b4688eb131e37fbf2330e19b269ab6487583be3249b98f3b68bb07928		source-directory-byte-hash-unrelated-snapshot	NOT_ASSESSED_BY_FILE_DELTA
PATIENT_WEB	client/src/components/ui/popover.tsx	PATIENT_WEB	BASELINE_ONLY	5e7bec05904d9091a7b53963f5b49660bf3564b02a057ef8640ab6855d6e32fd		source-directory-byte-hash-unrelated-snapshot	NOT_ASSESSED_BY_FILE_DELTA
PATIENT_WEB	client/src/components/ui/progress.tsx	PATIENT_WEB	BASELINE_ONLY	2297e3c13d5b2a04a9164c3900c8cae2e477c07ebed35c4bbda98d1232ab7b7e		source-directory-byte-hash-unrelated-snapshot	NOT_ASSESSED_BY_FILE_DELTA
PATIENT_WEB	client/src/components/ui/radio-group.tsx	PATIENT_WEB	BASELINE_ONLY	025f03d81d4e304eb27d94e6517f37072a3941df8f8603ac55cfb42b17cd99ef		source-directory-byte-hash-unrelated-snapshot	NOT_ASSESSED_BY_FILE_DELTA
PATIENT_WEB	client/src/components/ui/resizable.tsx	PATIENT_WEB	BASELINE_ONLY	52e1027a4b4a5f70f0479f69fe40046dfa112952b7e568292727e1618348ee80		source-directory-byte-hash-unrelated-snapshot	NOT_ASSESSED_BY_FILE_DELTA
PATIENT_WEB	client/src/components/ui/scroll-area.tsx	PATIENT_WEB	BASELINE_ONLY	793c5d69e6e5ce8bcbe453b8834d53f3a90839fc8e8e1f9fe5f77e7626566677		source-directory-byte-hash-unrelated-snapshot	NOT_ASSESSED_BY_FILE_DELTA
PATIENT_WEB	client/src/components/ui/select.tsx	PATIENT_WEB	BASELINE_ONLY	40945665ec8363e55ae38f26115ee763cbc5548bed585eed569d406cbc4b7a75		source-directory-byte-hash-unrelated-snapshot	NOT_ASSESSED_BY_FILE_DELTA
PATIENT_WEB	client/src/components/ui/separator.tsx	PATIENT_WEB	BASELINE_ONLY	23bbf3f74d01f55533f6f22ebbc2b299137421e07896cb7af21245756a10c27e		source-directory-byte-hash-unrelated-snapshot	NOT_ASSESSED_BY_FILE_DELTA
PATIENT_WEB	client/src/components/ui/sheet.tsx	PATIENT_WEB	BASELINE_ONLY	ab22e38f2cf312a31a84fb91f7e912f0da66e809f6e1ae675ec6cf0c8ec0ba61		source-directory-byte-hash-unrelated-snapshot	NOT_ASSESSED_BY_FILE_DELTA
PATIENT_WEB	client/src/components/ui/sidebar.tsx	PATIENT_WEB	BASELINE_ONLY	782ec3ba8a570c9a0f6ec12d7e1c1efdee5e02eb2da7aa46131c734e7f7bbea8		source-directory-byte-hash-unrelated-snapshot	NOT_ASSESSED_BY_FILE_DELTA
PATIENT_WEB	client/src/components/ui/skeleton.tsx	PATIENT_WEB	BASELINE_ONLY	1f75b999a5ad2f65e8fb807faa2b3fccef9eb333996fb4c9030575dac7393091		source-directory-byte-hash-unrelated-snapshot	NOT_ASSESSED_BY_FILE_DELTA
PATIENT_WEB	client/src/components/ui/slider.tsx	PATIENT_WEB	BASELINE_ONLY	9c458646597836916678a9bce2f3064d4d5cdb0c65d32d92bc71f57d7569fb6b		source-directory-byte-hash-unrelated-snapshot	NOT_ASSESSED_BY_FILE_DELTA
PATIENT_WEB	client/src/components/ui/sonner.tsx	PATIENT_WEB	BASELINE_ONLY	a65fe9ded89363ec546f28401a26caec1a3aa38c52259eb829cfa33723dbe3a5		source-directory-byte-hash-unrelated-snapshot	NOT_ASSESSED_BY_FILE_DELTA
PATIENT_WEB	client/src/components/ui/spinner.tsx	PATIENT_WEB	BASELINE_ONLY	ecd836d476573adb4403747c3457339276805433c20eacf3408303b76ec283ff		source-directory-byte-hash-unrelated-snapshot	NOT_ASSESSED_BY_FILE_DELTA
PATIENT_WEB	client/src/components/ui/switch.tsx	PATIENT_WEB	BASELINE_ONLY	688cccb52220e05f6770fb5e8296375f2a784bcf6585eb26a721a9f29361ab60		source-directory-byte-hash-unrelated-snapshot	NOT_ASSESSED_BY_FILE_DELTA
PATIENT_WEB	client/src/components/ui/table.tsx	PATIENT_WEB	BASELINE_ONLY	085566291cf03c9fea590aa9b77339feebf04cf8ce23494a3667f84bf4811e29		source-directory-byte-hash-unrelated-snapshot	NOT_ASSESSED_BY_FILE_DELTA
PATIENT_WEB	client/src/components/ui/tabs.tsx	PATIENT_WEB	BASELINE_ONLY	394b62295cee5185e858bcabfafcd5a7287910944c962fbd9c1c06444b22cedb		source-directory-byte-hash-unrelated-snapshot	NOT_ASSESSED_BY_FILE_DELTA
PATIENT_WEB	client/src/components/ui/textarea.tsx	PATIENT_WEB	BASELINE_ONLY	ffbad961ec02f9ca23f4157daa1a4139960c4477a245c216a793b4692dec142c		source-directory-byte-hash-unrelated-snapshot	NOT_ASSESSED_BY_FILE_DELTA
PATIENT_WEB	client/src/components/ui/toggle-group.tsx	PATIENT_WEB	BASELINE_ONLY	92e7640e30c4ae3ffd775e9a3d845327c26d9ce0f9f39555c2e7cfc2c8671c4d		source-directory-byte-hash-unrelated-snapshot	NOT_ASSESSED_BY_FILE_DELTA
PATIENT_WEB	client/src/components/ui/toggle.tsx	PATIENT_WEB	BASELINE_ONLY	a922c5e0534b9fd556ff8a8b56e25f7d24544be6050472cdd1ea003b8a0f3e47		source-directory-byte-hash-unrelated-snapshot	NOT_ASSESSED_BY_FILE_DELTA
PATIENT_WEB	client/src/components/ui/tooltip.tsx	PATIENT_WEB	BASELINE_ONLY	6f0c581e2018d676e43c0b4b5aeb62d3fe68e65907cf748548208d75ac212677		source-directory-byte-hash-unrelated-snapshot	NOT_ASSESSED_BY_FILE_DELTA
PATIENT_WEB	client/src/const.ts	PATIENT_WEB	BASELINE_ONLY	d7cdbd188f13aa1449030f34b529aa49dc28e62a44a8ddc8029f24e9afe1e9c4		source-directory-byte-hash-unrelated-snapshot	NOT_ASSESSED_BY_FILE_DELTA
PATIENT_WEB	client/src/contexts/ThemeContext.tsx	PATIENT_WEB	BASELINE_ONLY	e025cdb51ad747757235b16dccbb39b5e949cdf93fa9a822ff81ef6e32f65924		source-directory-byte-hash-unrelated-snapshot	NOT_ASSESSED_BY_FILE_DELTA
PATIENT_WEB	client/src/hooks/useComposition.ts	PATIENT_WEB	BASELINE_ONLY	674c515075a2f318d4ec2291313ba552488de0b2c1aac7f36f3d71c4e34d434e		source-directory-byte-hash-unrelated-snapshot	NOT_ASSESSED_BY_FILE_DELTA
PATIENT_WEB	client/src/hooks/useMobile.tsx	PATIENT_WEB	BASELINE_ONLY	464e778a9da49481e3c6dac4f92ff589e01349b33063a74c45435cfeed81e1c0		source-directory-byte-hash-unrelated-snapshot	NOT_ASSESSED_BY_FILE_DELTA
PATIENT_WEB	client/src/hooks/usePersistFn.ts	PATIENT_WEB	BASELINE_ONLY	60cc14f39a3f8b212d7baf4beeaf35f81e09a7c78e4154bcca3477e010879511		source-directory-byte-hash-unrelated-snapshot	NOT_ASSESSED_BY_FILE_DELTA
PATIENT_WEB	client/src/index.css	PATIENT_WEB	BASELINE_ONLY	b0f80913bdb81b376adaf666b19c438422a580bbd0bc7bbf709cd7d3b53b22e6		source-directory-byte-hash-unrelated-snapshot	NOT_ASSESSED_BY_FILE_DELTA
PATIENT_WEB	client/src/lib/trpc.ts	PATIENT_WEB	BASELINE_ONLY	d883ad43f46eaf73342924feaf5342ce601d04abe1a828076625071931cc0ef3		source-directory-byte-hash-unrelated-snapshot	NOT_ASSESSED_BY_FILE_DELTA
PATIENT_WEB	client/src/lib/utils.ts	PATIENT_WEB	BASELINE_ONLY	d1f1e0d62cb8d8d1e04c26e14de842d8a151f75812d81b046c65b5d1fe8e4b27		source-directory-byte-hash-unrelated-snapshot	NOT_ASSESSED_BY_FILE_DELTA
PATIENT_WEB	client/src/main.tsx	PATIENT_WEB	BASELINE_ONLY	0e322fd292220e189d5acc65a89e65fee16d29a5c261625ce758cde3bfd72fd2		source-directory-byte-hash-unrelated-snapshot	NOT_ASSESSED_BY_FILE_DELTA
PATIENT_WEB	client/src/pages/ComponentShowcase.tsx	PATIENT_WEB	BASELINE_ONLY	d3905f3521d77e97b7d7c6198a6f915bf45f68223c74552e7e728f4fe10ca79a		source-directory-byte-hash-unrelated-snapshot	NOT_ASSESSED_BY_FILE_DELTA
PATIENT_WEB	client/src/pages/Home.tsx	PATIENT_WEB	BASELINE_ONLY	2eaea972c22e4e1f35a424ed5c1a9d993918220ad54bf6dbe5ea6574595f100f		source-directory-byte-hash-unrelated-snapshot	NOT_ASSESSED_BY_FILE_DELTA
PATIENT_WEB	client/src/pages/NotFound.tsx	PATIENT_WEB	BASELINE_ONLY	4062794318dde4d0a321e0332cdee2cea68d19c1d9d81889ff425b02ed183f64		source-directory-byte-hash-unrelated-snapshot	NOT_ASSESSED_BY_FILE_DELTA
PATIENT_WEB	components-next/ai-tools.tsx	PATIENT_WEB	INCOMING_ONLY		d1ee761b9a8a6b72f839a33e647eeb170a3f6892b6f53347e9b5bdf91f38634a	source-directory-byte-hash-unrelated-snapshot	NOT_ASSESSED_BY_FILE_DELTA
PATIENT_WEB	components-next/appointment-actions.module.css	PATIENT_WEB	SAME_CONTENT	a77ee63279a195f6a6c9f77f0508d35e01c4ba4bf6757989f390898a40cac17e	a77ee63279a195f6a6c9f77f0508d35e01c4ba4bf6757989f390898a40cac17e	source-directory-byte-hash-unrelated-snapshot	NOT_ASSESSED_BY_FILE_DELTA
PATIENT_WEB	components-next/appointment-actions.tsx	PATIENT_WEB	SAME_CONTENT	865a7eeebb43730b3d166723316a08798d70352fa2c0c85aedc4a93b1e22e787	865a7eeebb43730b3d166723316a08798d70352fa2c0c85aedc4a93b1e22e787	source-directory-byte-hash-unrelated-snapshot	NOT_ASSESSED_BY_FILE_DELTA
PATIENT_WEB	components-next/appointment-booking-form.module.css	PATIENT_WEB	SAME_CONTENT	71f2af97d79e25acbef5f95620dd9264ec69d92efd64c7da615988aad5fa28db	71f2af97d79e25acbef5f95620dd9264ec69d92efd64c7da615988aad5fa28db	source-directory-byte-hash-unrelated-snapshot	NOT_ASSESSED_BY_FILE_DELTA
PATIENT_WEB	components-next/appointment-booking-form.tsx	PATIENT_WEB	MODIFIED	a34e013394473a17b9cd741c9c9ebe1fe1475825cbfe2ebf6ecd4bd46e79f1d3	1af9e3e372677e51e564748371b01ceb431eb20e3cf91525c63f2864d161a2fd	source-directory-byte-hash-unrelated-snapshot	NOT_ASSESSED_BY_FILE_DELTA
PATIENT_WEB	components-next/appointment-reschedule-form.module.css	PATIENT_WEB	SAME_CONTENT	e12f4acc03e53042fdb49ed3bb37633382296e23dd3ab1567b91109e89f8e215	e12f4acc03e53042fdb49ed3bb37633382296e23dd3ab1567b91109e89f8e215	source-directory-byte-hash-unrelated-snapshot	NOT_ASSESSED_BY_FILE_DELTA
PATIENT_WEB	components-next/appointment-reschedule-form.tsx	PATIENT_WEB	SAME_CONTENT	da015ddbca7e7d995a4b16c616db7b4888ce81ae81cc37148f7f334a3f73c0ff	da015ddbca7e7d995a4b16c616db7b4888ce81ae81cc37148f7f334a3f73c0ff	source-directory-byte-hash-unrelated-snapshot	NOT_ASSESSED_BY_FILE_DELTA
PATIENT_WEB	components-next/call-token-launcher.module.css	PATIENT_WEB	SAME_CONTENT	99692b6d0f2a374116ab81185d96e6974a8776155d97d3c999b447bdfed94a8b	99692b6d0f2a374116ab81185d96e6974a8776155d97d3c999b447bdfed94a8b	source-directory-byte-hash-unrelated-snapshot	NOT_ASSESSED_BY_FILE_DELTA
PATIENT_WEB	components-next/call-token-launcher.tsx	PATIENT_WEB	SAME_CONTENT	7b46e2762c9169b66427ade010a451ffa8b34d8b7a4799b6789639ad15988733	7b46e2762c9169b66427ade010a451ffa8b34d8b7a4799b6789639ad15988733	source-directory-byte-hash-unrelated-snapshot	NOT_ASSESSED_BY_FILE_DELTA
PATIENT_WEB	components-next/chat-composer.tsx	PATIENT_WEB	INCOMING_ONLY		7b93264c7c9b9ba4c9953687de8635a4c414c3db86d63a9b2d023453b588aece	source-directory-byte-hash-unrelated-snapshot	NOT_ASSESSED_BY_FILE_DELTA
PATIENT_WEB	components-next/chat-realtime.tsx	PATIENT_WEB	INCOMING_ONLY		65be9a0fa31662b4836ec04eb6ffc69f08c5065d013e1d9fdccfceb8edfbbded	source-directory-byte-hash-unrelated-snapshot	NOT_ASSESSED_BY_FILE_DELTA
PATIENT_WEB	components-next/community-composer.tsx	PATIENT_WEB	INCOMING_ONLY		e8bb1676f9a246cf578e61ff5192bba6b1e3d82622df753685d4e52f0dc077e6	source-directory-byte-hash-unrelated-snapshot	NOT_ASSESSED_BY_FILE_DELTA
PATIENT_WEB	components-next/drug-compare.tsx	PATIENT_WEB	INCOMING_ONLY		ae31ca5a8b7085908b8b3d7ea99607edb40fae78e4526dc55198075d3361bf26	source-directory-byte-hash-unrelated-snapshot	NOT_ASSESSED_BY_FILE_DELTA
PATIENT_WEB	components-next/drug-scanner-tools.tsx	PATIENT_WEB	INCOMING_ONLY		f40d30a36394c4abf56101c6066e2429a1af7dc122b80f2d247a5031fe159dfe	source-directory-byte-hash-unrelated-snapshot	NOT_ASSESSED_BY_FILE_DELTA
PATIENT_WEB	components-next/family-manage-panel.tsx	PATIENT_WEB	INCOMING_ONLY		0e5b715305c0526583e13cc725e1b936c174a9e98d25d6c6dde142304bd5649f	source-directory-byte-hash-unrelated-snapshot	NOT_ASSESSED_BY_FILE_DELTA
PATIENT_WEB	components-next/health-log-form.tsx	PATIENT_WEB	INCOMING_ONLY		25962ab41e3fb4783291c93215d3f79ee6a096be4fa35c260136364adb371643	source-directory-byte-hash-unrelated-snapshot	NOT_ASSESSED_BY_FILE_DELTA
PATIENT_WEB	components-next/insurance-copay-actions.tsx	PATIENT_WEB	INCOMING_ONLY		bed3a49ec5e7c0f107ea73557ad7c8ceac78415b26b13a49881b5c008052d2b9	source-directory-byte-hash-unrelated-snapshot	NOT_ASSESSED_BY_FILE_DELTA
PATIENT_WEB	components-next/json-ld.tsx	PATIENT_WEB	SAME_CONTENT	27376419e763235419c42c864bf3e3c46e079d3589a9cab44ca0efb8bafe052f	27376419e763235419c42c864bf3e3c46e079d3589a9cab44ca0efb8bafe052f	source-directory-byte-hash-unrelated-snapshot	NOT_ASSESSED_BY_FILE_DELTA
PATIENT_WEB	components-next/locale-selector.test.tsx	PATIENT_WEB	SAME_CONTENT	f4bb760a7e6b79ba750004a310cde82eff919c0b7c486ebc0814db60ea24c96e	f4bb760a7e6b79ba750004a310cde82eff919c0b7c486ebc0814db60ea24c96e	source-directory-byte-hash-unrelated-snapshot	NOT_ASSESSED_BY_FILE_DELTA
PATIENT_WEB	components-next/locale-selector.tsx	PATIENT_WEB	SAME_CONTENT	b6e9f167c1fd13c90e4d33ac68a198c2b8befbca282558369b6a843d479a47a7	b6e9f167c1fd13c90e4d33ac68a198c2b8befbca282558369b6a843d479a47a7	source-directory-byte-hash-unrelated-snapshot	NOT_ASSESSED_BY_FILE_DELTA
PATIENT_WEB	components-next/login-form.module.css	PATIENT_WEB	SAME_CONTENT	fd5893f424d3d51fc4212b61dfcee1aa19189f550f2a87665ed3874b1ba937aa	fd5893f424d3d51fc4212b61dfcee1aa19189f550f2a87665ed3874b1ba937aa	source-directory-byte-hash-unrelated-snapshot	NOT_ASSESSED_BY_FILE_DELTA
PATIENT_WEB	components-next/login-form.tsx	PATIENT_WEB	SAME_CONTENT	b68bd3ed09439483cbfc1db0ecf7aaa52f4cfb5d79792dfbb6bd13560434d768	b68bd3ed09439483cbfc1db0ecf7aaa52f4cfb5d79792dfbb6bd13560434d768	source-directory-byte-hash-unrelated-snapshot	NOT_ASSESSED_BY_FILE_DELTA
PATIENT_WEB	components-next/loyalty-actions.tsx	PATIENT_WEB	INCOMING_ONLY		d2177acc0fec70536919e00d427f5ec5ac73841a779ba4379178208edc5e1c80	source-directory-byte-hash-unrelated-snapshot	NOT_ASSESSED_BY_FILE_DELTA
PATIENT_WEB	components-next/maternity-forms.tsx	PATIENT_WEB	INCOMING_ONLY		c830339276b0a03c72bcc87fc5999104f7cee22491443657860f1d6265739735	source-directory-byte-hash-unrelated-snapshot	NOT_ASSESSED_BY_FILE_DELTA
PATIENT_WEB	components-next/nutrition-forms.tsx	PATIENT_WEB	INCOMING_ONLY		de6ba9822f2f54b266c9f30fe24475ae6ce00f7aa0bfe867f0203d0b9b451d50	source-directory-byte-hash-unrelated-snapshot	NOT_ASSESSED_BY_FILE_DELTA
PATIENT_WEB	components-next/offer-select-button.tsx	PATIENT_WEB	INCOMING_ONLY		56f33656d72658b3a128857e9a40f8a30b8c4aad2024136cb9280a98038bedfb	source-directory-byte-hash-unrelated-snapshot	NOT_ASSESSED_BY_FILE_DELTA
PATIENT_WEB	components-next/premium-health-illustration.tsx	PATIENT_WEB	SAME_CONTENT	ea7d09c2cc25b7ed5a2de42703d6942f3a4e914e309780d67acd3fd747fc6d6b	ea7d09c2cc25b7ed5a2de42703d6942f3a4e914e309780d67acd3fd747fc6d6b	source-directory-byte-hash-unrelated-snapshot	NOT_ASSESSED_BY_FILE_DELTA
PATIENT_WEB	components-next/program-actions.tsx	PATIENT_WEB	INCOMING_ONLY		d0825c6f86e6568a09d7e33ee2a9be6677d0dfb623e1eb1b11362ef82930d808	source-directory-byte-hash-unrelated-snapshot	NOT_ASSESSED_BY_FILE_DELTA
PATIENT_WEB	components-next/pulse-shield-mark.tsx	PATIENT_WEB	SAME_CONTENT	13c5c63e2a9a9f5b375ba8cff689d2a9b2b87ad665dd64a35102d8ee05bdbe37	13c5c63e2a9a9f5b375ba8cff689d2a9b2b87ad665dd64a35102d8ee05bdbe37	source-directory-byte-hash-unrelated-snapshot	NOT_ASSESSED_BY_FILE_DELTA
PATIENT_WEB	components-next/push-enable.tsx	PATIENT_WEB	INCOMING_ONLY		f71266b6ecbc439d27fd4a11efdac0349f1bf07cc4414fc40a3b0b5f815f4de8	source-directory-byte-hash-unrelated-snapshot	NOT_ASSESSED_BY_FILE_DELTA
PATIENT_WEB	components-next/refund-request-form.tsx	PATIENT_WEB	INCOMING_ONLY		371c0b8c6fa049291d35b85736a53e3696e4d92ace69bdb4ba40ab6851f52b41	source-directory-byte-hash-unrelated-snapshot	NOT_ASSESSED_BY_FILE_DELTA
PATIENT_WEB	components-next/retry-button.test.tsx	PATIENT_WEB	SAME_CONTENT	53377a14a07f01c7a3c222897eb6ded615af39454a070537bd9e94c43564f926	53377a14a07f01c7a3c222897eb6ded615af39454a070537bd9e94c43564f926	source-directory-byte-hash-unrelated-snapshot	NOT_ASSESSED_BY_FILE_DELTA
PATIENT_WEB	components-next/retry-button.tsx	PATIENT_WEB	SAME_CONTENT	31467cd3cc2cd3bd3a183d01f05a4e7fabbb7dc723c2aaa3d80f71fc3c28a2f5	31467cd3cc2cd3bd3a183d01f05a4e7fabbb7dc723c2aaa3d80f71fc3c28a2f5	source-directory-byte-hash-unrelated-snapshot	NOT_ASSESSED_BY_FILE_DELTA
PATIENT_WEB	components-next/review-form.tsx	PATIENT_WEB	INCOMING_ONLY		eab8782e2f846af22f73a6d5cf427ee621f7d5ade7168d52be1aa1313c29324b	source-directory-byte-hash-unrelated-snapshot	NOT_ASSESSED_BY_FILE_DELTA
PATIENT_WEB	components-next/security-forms.tsx	PATIENT_WEB	INCOMING_ONLY		fe5058946c1f57e48bcd1f7959b5ffcf34d5097088a431aadf91edb1fca511df	source-directory-byte-hash-unrelated-snapshot	NOT_ASSESSED_BY_FILE_DELTA
PATIENT_WEB	components-next/service-booking-form.tsx	PATIENT_WEB	INCOMING_ONLY		91aa79d8e46eb8e5d90d5e5c6414f32a2e0cfd7082e61858d177716307132872	source-directory-byte-hash-unrelated-snapshot	NOT_ASSESSED_BY_FILE_DELTA
PATIENT_WEB	components-next/session-actions.tsx	PATIENT_WEB	SAME_CONTENT	5e12a5999040154bb62f6db05a019483a21cef0b83a7d28000b3fdd12e724822	5e12a5999040154bb62f6db05a019483a21cef0b83a7d28000b3fdd12e724822	source-directory-byte-hash-unrelated-snapshot	NOT_ASSESSED_BY_FILE_DELTA
PATIENT_WEB	components-next/session-log-form.tsx	PATIENT_WEB	INCOMING_ONLY		d7a3210f3310e2688aedf2388e4715aa011cbbfe41d99c51d97a39acddd05308	source-directory-byte-hash-unrelated-snapshot	NOT_ASSESSED_BY_FILE_DELTA
PATIENT_WEB	components-next/settings-forms.tsx	PATIENT_WEB	INCOMING_ONLY		4eb7829ab81993354ee94b462de9d96462328e77ceea1446bffea5bbf5f83efa	source-directory-byte-hash-unrelated-snapshot	NOT_ASSESSED_BY_FILE_DELTA
PATIENT_WEB	components-next/sos-controls.tsx	PATIENT_WEB	INCOMING_ONLY		0b08cf536ae45d96174a402332ab7d1f947a2ed2e2b822f43e9b087f841a603e	source-directory-byte-hash-unrelated-snapshot	NOT_ASSESSED_BY_FILE_DELTA
PATIENT_WEB	components-next/support-forms.tsx	PATIENT_WEB	INCOMING_ONLY		899846ae1099b586f1e385feee6495d7cd7d1f6ddef8f43c9c29e44ec33657a1	source-directory-byte-hash-unrelated-snapshot	NOT_ASSESSED_BY_FILE_DELTA
PATIENT_WEB	components-next/vital-glyph.tsx	PATIENT_WEB	SAME_CONTENT	9463fd21fd28e872d1a2057e55a93829d2f57ca12130fd161b736f29bd244a8b	9463fd21fd28e872d1a2057e55a93829d2f57ca12130fd161b736f29bd244a8b	source-directory-byte-hash-unrelated-snapshot	NOT_ASSESSED_BY_FILE_DELTA
PATIENT_WEB	components-next/wearable-manual-form.tsx	PATIENT_WEB	INCOMING_ONLY		9b8571c8c1e1dc3bf731e66b87386d3a1a94ac265074c93fba24a05207fbe61d	source-directory-byte-hash-unrelated-snapshot	NOT_ASSESSED_BY_FILE_DELTA
PATIENT_WEB	components.json	PATIENT_WEB	SAME_CONTENT	8be0e54515838be398164884e96319b52bcfcbd52b2e63171d51df4131cfcb03	8be0e54515838be398164884e96319b52bcfcbd52b2e63171d51df4131cfcb03	source-directory-byte-hash-unrelated-snapshot	NOT_ASSESSED_BY_FILE_DELTA
PATIENT_WEB	docs/backend-handoff-phase-5.md	PATIENT_WEB	BASELINE_ONLY	43e35b68f19d54d15e3497fce6706ebc168e7f4395f44b68bd0719e2876b751c		source-directory-byte-hash-unrelated-snapshot	NOT_ASSESSED_BY_FILE_DELTA
PATIENT_WEB	docs/github-sync-status-2026-08-20.md	PATIENT_WEB	BASELINE_ONLY	ab3f469ca44d7ff11a8a2e82f18c486f95127b9e9984389e86bf655fd27915ec		source-directory-byte-hash-unrelated-snapshot	NOT_ASSESSED_BY_FILE_DELTA
PATIENT_WEB	docs/github-upload-and-web-status-2026-08-20.md	PATIENT_WEB	BASELINE_ONLY	146a02cb96ebef5872b9ab3cc2daf029402e0e64a84e8010b44312b808e272ca		source-directory-byte-hash-unrelated-snapshot	NOT_ASSESSED_BY_FILE_DELTA
PATIENT_WEB	docs/mobile-aso-playbook.md	PATIENT_WEB	BASELINE_ONLY	1aea8c6c70e251c824664b69c9532def7850fe3aa45d6045e32996f508b83c1d		source-directory-byte-hash-unrelated-snapshot	NOT_ASSESSED_BY_FILE_DELTA
PATIENT_WEB	docs/phase-2-patient-screen-catalog.md	PATIENT_WEB	BASELINE_ONLY	c3fa39018b1679f17f0c51090725a3254a5bdb31eee1cc3333264aaed87a6280		source-directory-byte-hash-unrelated-snapshot	NOT_ASSESSED_BY_FILE_DELTA
PATIENT_WEB	docs/phase-2-priority-contracts.md	PATIENT_WEB	BASELINE_ONLY	10339d15cea2afe62139cfbe7caa7fce90027e8737c399236333ae53906c4100		source-directory-byte-hash-unrelated-snapshot	NOT_ASSESSED_BY_FILE_DELTA
PATIENT_WEB	docs/phase-2-source-audit-initial.md	PATIENT_WEB	BASELINE_ONLY	4438be18f0b0fda7546e0a4980333a58d091c8d5f5590b296ad10344e1fc7b91		source-directory-byte-hash-unrelated-snapshot	NOT_ASSESSED_BY_FILE_DELTA
PATIENT_WEB	docs/phase-3-catalog-and-entity-strategy.md	PATIENT_WEB	BASELINE_ONLY	8b8aaaf3fbe9b2d700ec6ebc8c54e8f3ef5806cbb8ea507f3995eff487890654		source-directory-byte-hash-unrelated-snapshot	NOT_ASSESSED_BY_FILE_DELTA
PATIENT_WEB	docs/phase-3-detailed-route-parity-matrix.md	PATIENT_WEB	BASELINE_ONLY	5393c5e5a2b9ec256979a2583c98d1fd60e038878ec845654d054cb1acdae2a7		source-directory-byte-hash-unrelated-snapshot	NOT_ASSESSED_BY_FILE_DELTA
PATIENT_WEB	docs/phase-3-gap-log.md	PATIENT_WEB	BASELINE_ONLY	c707d68c14d06ca6594480b8732422a211169a8a74d903f318866201425f43af		source-directory-byte-hash-unrelated-snapshot	NOT_ASSESSED_BY_FILE_DELTA
PATIENT_WEB	docs/phase-3-nextjs-adoption-register.md	PATIENT_WEB	BASELINE_ONLY	695b31e3e09abbcbca2cd36acfc199419ed745b72841e0281c4f8158cef4f4e8		source-directory-byte-hash-unrelated-snapshot	NOT_ASSESSED_BY_FILE_DELTA
PATIENT_WEB	docs/phase-3-openapi-findings.md	PATIENT_WEB	BASELINE_ONLY	6c8ea0c6125c01aa6f8ce0602b2fe9b2df6956a9619e18238117e44b4315d1bc		source-directory-byte-hash-unrelated-snapshot	NOT_ASSESSED_BY_FILE_DELTA
PATIENT_WEB	docs/phase-3-openapi-reconciliation.md	PATIENT_WEB	BASELINE_ONLY	3ae56cf858e17de4116853db6fe9ec129900ad6aa16a6de3ee66a5e8ecab5d3e		source-directory-byte-hash-unrelated-snapshot	NOT_ASSESSED_BY_FILE_DELTA
PATIENT_WEB	docs/phase-3-patient-openapi-operation-map.md	PATIENT_WEB	BASELINE_ONLY	29923aeced1e33712f14b728a17fe868c8e01e2205493fbef708306792d636fe		source-directory-byte-hash-unrelated-snapshot	NOT_ASSESSED_BY_FILE_DELTA
PATIENT_WEB	docs/phase-3-web-parity-matrix.md	PATIENT_WEB	BASELINE_ONLY	7569a91bd9ac2b2503bc8c11cb998937c4375adbfe2d85cf1f41442fc00179c5		source-directory-byte-hash-unrelated-snapshot	NOT_ASSESSED_BY_FILE_DELTA
PATIENT_WEB	docs/phase-5-public-medicine-detail-security.md	PATIENT_WEB	BASELINE_ONLY	ea6608d6d35a33782cc83b98575e80dbe8ccc847527268e0347687e06ed4c992		source-directory-byte-hash-unrelated-snapshot	NOT_ASSESSED_BY_FILE_DELTA
PATIENT_WEB	docs/phase-5-sandbox-security-gate.md	PATIENT_WEB	BASELINE_ONLY	c20c5b5e3dd7f642dd0a2cf48c26cf54fb065471ded439f8624a570ab00463a2		source-directory-byte-hash-unrelated-snapshot	NOT_ASSESSED_BY_FILE_DELTA
PATIENT_WEB	docs/phase-6-public-discovery-security-gate.md	PATIENT_WEB	BASELINE_ONLY	3d9cc121d0923b866f3eb4b103f5429e4aca1db802a278bba6ac426f3565d222		source-directory-byte-hash-unrelated-snapshot	NOT_ASSESSED_BY_FILE_DELTA
PATIENT_WEB	docs/phase-6-seo-discovery-policy.md	PATIENT_WEB	BASELINE_ONLY	802140a112debac7b9391e972bc64e4df9718021443506a6674f0dcb79095a54		source-directory-byte-hash-unrelated-snapshot	NOT_ASSESSED_BY_FILE_DELTA
PATIENT_WEB	docs/phase-7-premium-ui-security-gate.md	PATIENT_WEB	BASELINE_ONLY	883701b5bff10825cff416ea9bfb86b694685a407d530fdcfd45c9d734623e0f		source-directory-byte-hash-unrelated-snapshot	NOT_ASSESSED_BY_FILE_DELTA
PATIENT_WEB	docs/premium-design-research.md	PATIENT_WEB	BASELINE_ONLY	b6d98c7ec057cd5c4120e61bb1dac898e561dd2e0584b8eeb37e919287492411		source-directory-byte-hash-unrelated-snapshot	NOT_ASSESSED_BY_FILE_DELTA
PATIENT_WEB	docs/private-bff-boundary.md	PATIENT_WEB	BASELINE_ONLY	6fb6931be349cccd389ebe806a87067f2e1467d479f12043311e197600052a45		source-directory-byte-hash-unrelated-snapshot	NOT_ASSESSED_BY_FILE_DELTA
PATIENT_WEB	docs/production-fallback-audit.md	PATIENT_WEB	BASELINE_ONLY	8c9c946b1544e9d8070ff182613433c341397bce65400988d63c84018893c230		source-directory-byte-hash-unrelated-snapshot	NOT_ASSESSED_BY_FILE_DELTA
PATIENT_WEB	docs/reviewer-developer-handoff-2026-08-20.md	PATIENT_WEB	BASELINE_ONLY	ccf23b8761d648aa8f484e0574633f7e9e9eb8fda3f16885bbb1e0b4917af469		source-directory-byte-hash-unrelated-snapshot	NOT_ASSESSED_BY_FILE_DELTA
PATIENT_WEB	docs/reviewer-handoff-message-2026-08-20.md	PATIENT_WEB	BASELINE_ONLY	7ae1c1a9daa2fed9423568a2210aff62630f3613870ac75a6b5d4db9927e3faa		source-directory-byte-hash-unrelated-snapshot	NOT_ASSESSED_BY_FILE_DELTA
PATIENT_WEB	docs/security-gate-index-2026-08-20.md	PATIENT_WEB	BASELINE_ONLY	9eec229cdc1e9bf7ee036f62f7467c405f19f893a01047ef7604dd308e5d6b2d		source-directory-byte-hash-unrelated-snapshot	NOT_ASSESSED_BY_FILE_DELTA
PATIENT_WEB	docs/seo-geo-measurement-plan.md	PATIENT_WEB	BASELINE_ONLY	f10621eccc2d955cccfbbc475e5c99e20c6136724cc870975e90ad9031b31f3a		source-directory-byte-hash-unrelated-snapshot	NOT_ASSESSED_BY_FILE_DELTA
PATIENT_WEB	docs/seo-public-review-2026-08-20.md	PATIENT_WEB	BASELINE_ONLY	87aed92267af36c49ea22f635060a105a23acbae6f3ad4533fbf0d0ff2f74a09		source-directory-byte-hash-unrelated-snapshot	NOT_ASSESSED_BY_FILE_DELTA
PATIENT_WEB	docs/six-locale-matrix.md	PATIENT_WEB	BASELINE_ONLY	25e2b77037a5298d2ccd79ca17c7900cd667484b937e8fe02c197f62f8f93b98		source-directory-byte-hash-unrelated-snapshot	NOT_ASSESSED_BY_FILE_DELTA
PATIENT_WEB	docs/web-app-completion-matrix-2026-08-20.md	PATIENT_WEB	BASELINE_ONLY	dee79725526755701585eef85e9f6ac2554b582db54881b5d9ff0b85378e3c21		source-directory-byte-hash-unrelated-snapshot	NOT_ASSESSED_BY_FILE_DELTA
PATIENT_WEB	drizzle.config.ts	PATIENT_WEB	SAME_CONTENT	9610673b3fe7b6b950a8e7e54cb1e91f9dd25f87d7ae6a41d2f6ada957065d01	9610673b3fe7b6b950a8e7e54cb1e91f9dd25f87d7ae6a41d2f6ada957065d01	source-directory-byte-hash-unrelated-snapshot	NOT_ASSESSED_BY_FILE_DELTA
PATIENT_WEB	drizzle/0000_spicy_nick_fury.sql	PATIENT_WEB	BASELINE_ONLY	814a08e40d7fc2bcfd458759d18319198ca8ae394f2fa15617a78678e9c9c93b		source-directory-byte-hash-unrelated-snapshot	NOT_ASSESSED_BY_FILE_DELTA
PATIENT_WEB	drizzle/meta/0000_snapshot.json	PATIENT_WEB	BASELINE_ONLY	b9cbf8a3e952a8dd662aa3b7be06e0f995e771dea35842f674d259120a2f01c9		source-directory-byte-hash-unrelated-snapshot	NOT_ASSESSED_BY_FILE_DELTA
PATIENT_WEB	drizzle/meta/_journal.json	PATIENT_WEB	BASELINE_ONLY	7101e211766642d7c0e75b1fc9fa5637e11927c8f351717bd58f838467099073		source-directory-byte-hash-unrelated-snapshot	NOT_ASSESSED_BY_FILE_DELTA
PATIENT_WEB	drizzle/migrations/.gitkeep	PATIENT_WEB	BASELINE_ONLY	e3b0c44298fc1c149afbf4c8996fb92427ae41e4649b934ca495991b7852b855		source-directory-byte-hash-unrelated-snapshot	NOT_ASSESSED_BY_FILE_DELTA
PATIENT_WEB	drizzle/relations.ts	PATIENT_WEB	BASELINE_ONLY	85acb8ece8fbb5031fc56fa8c70338d9b8b06ef3b032391fff8532c6373c7186		source-directory-byte-hash-unrelated-snapshot	NOT_ASSESSED_BY_FILE_DELTA
PATIENT_WEB	drizzle/schema.ts	PATIENT_WEB	BASELINE_ONLY	4f673120db7988710f9dbe7abce5189e91af08c57cc3053069fcf9179fcd289c		source-directory-byte-hash-unrelated-snapshot	NOT_ASSESSED_BY_FILE_DELTA
PATIENT_WEB	evidence/145_care_journeys_visual_check_20260822.md	PATIENT_WEB	BASELINE_ONLY	8dc6476cc8165d4204dbf05642114203c6bda80be631b8c6cc7e6f34d75ec926		source-directory-byte-hash-unrelated-snapshot	NOT_ASSESSED_BY_FILE_DELTA
PATIENT_WEB	evidence/148_phase5_care_journeys_completion_20260822.md	PATIENT_WEB	BASELINE_ONLY	098a8f4eecbd3f358da844792ece53d6528ee215e3877a97194af4bd07edd688		source-directory-byte-hash-unrelated-snapshot	NOT_ASSESSED_BY_FILE_DELTA
PATIENT_WEB	evidence/149_pharmacy_orders_visual_check_20260822.md	PATIENT_WEB	BASELINE_ONLY	5e40f9ac43e312e0eafdf67c186139a3ed6f304b6ef7be20152de878c5d9eda9		source-directory-byte-hash-unrelated-snapshot	NOT_ASSESSED_BY_FILE_DELTA
PATIENT_WEB	evidence/154_phase6_pharmacy_orders_completion_20260822.md	PATIENT_WEB	BASELINE_ONLY	ff20e836be5688471ffd43bf4443c5adb535b26562fde0f3c932afdc1a45e234		source-directory-byte-hash-unrelated-snapshot	NOT_ASSESSED_BY_FILE_DELTA
PATIENT_WEB	evidence/155_profile_health_visual_check_20260822.md	PATIENT_WEB	BASELINE_ONLY	e19145b0f9b2dcdbb0bae02dff00fd4f06df666d3f09a2afeb7634bd53738148		source-directory-byte-hash-unrelated-snapshot	NOT_ASSESSED_BY_FILE_DELTA
PATIENT_WEB	evidence/157_notifications_visual_check_20260822.md	PATIENT_WEB	BASELINE_ONLY	f47f776162e83a8a500d57314492c331dedad18a2fc842833bbe7065abf3101c		source-directory-byte-hash-unrelated-snapshot	NOT_ASSESSED_BY_FILE_DELTA
PATIENT_WEB	evidence/159_reminders_visual_check_20260822.md	PATIENT_WEB	BASELINE_ONLY	d5999b82fd64488e201a46777963e2f59383fdc064a9e363265daf5d917edf02		source-directory-byte-hash-unrelated-snapshot	NOT_ASSESSED_BY_FILE_DELTA
PATIENT_WEB	evidence/161_notification_settings_visual_check_20260822.md	PATIENT_WEB	BASELINE_ONLY	278ceeb5150f19a017d7673b070e37801658efabe43b38a3af7591a44c0657ca		source-directory-byte-hash-unrelated-snapshot	NOT_ASSESSED_BY_FILE_DELTA
PATIENT_WEB	evidence/163_account_settings_visual_check_20260822.md	PATIENT_WEB	BASELINE_ONLY	524514d5bf73a040bec992b66cdc9d37eef100b7af1f66333ba65e137bb49257		source-directory-byte-hash-unrelated-snapshot	NOT_ASSESSED_BY_FILE_DELTA
PATIENT_WEB	evidence/165_insurance_visual_check_20260822.md	PATIENT_WEB	BASELINE_ONLY	3a98b03a7082890753394298d3b4169a6a55b4e4f1f2c1926b9bbffe1c2199d6		source-directory-byte-hash-unrelated-snapshot	NOT_ASSESSED_BY_FILE_DELTA
PATIENT_WEB	evidence/167_articles_visual_check_20260822.md	PATIENT_WEB	BASELINE_ONLY	ac59e93e9168a9dd6985629fc6f7bc07275d488c0c152cbb636ccc04a7f2f27c		source-directory-byte-hash-unrelated-snapshot	NOT_ASSESSED_BY_FILE_DELTA
PATIENT_WEB	evidence/169_mental_health_visual_check_20260822.md	PATIENT_WEB	BASELINE_ONLY	43b0354ab9110c17cf61b3feaee3b5a22c91233c4c2365cc3d6f0136c5dc77f0		source-directory-byte-hash-unrelated-snapshot	NOT_ASSESSED_BY_FILE_DELTA
PATIENT_WEB	evidence/171_phase7_profile_health_content_completion_20260822.md	PATIENT_WEB	BASELINE_ONLY	095f6e1edd9b7859d82e82788fc8888001d21ba23c79cf4aca46f4b76d00b8ec		source-directory-byte-hash-unrelated-snapshot	NOT_ASSESSED_BY_FILE_DELTA
PATIENT_WEB	evidence/184_dependency_security_remediation_20260822.md	PATIENT_WEB	BASELINE_ONLY	3cf9dc2b5b6b58de487b4a274843aa2ecb0781a1dd6739c424ba1457a7f96170		source-directory-byte-hash-unrelated-snapshot	NOT_ASSESSED_BY_FILE_DELTA
PATIENT_WEB	evidence/185_mobile_release_blockers_20260822.md	PATIENT_WEB	BASELINE_ONLY	e283e5e079d8095536252e80e984148555a5452fd13b664561d28c03999ce038		source-directory-byte-hash-unrelated-snapshot	NOT_ASSESSED_BY_FILE_DELTA
PATIENT_WEB	evidence/187_phase9_test_completion_20260822.md	PATIENT_WEB	BASELINE_ONLY	f80132f2abb8b0321666d27f214d9ddeebe3951273ffd50688f99dcb691956dc		source-directory-byte-hash-unrelated-snapshot	NOT_ASSESSED_BY_FILE_DELTA
PATIENT_WEB	evidence/188_multilingual_visual_check_20260822.md	PATIENT_WEB	BASELINE_ONLY	78ca62230d88665e2728ac42e3b6f41f5789d0c43242e16c1606af6a4ee9aa35		source-directory-byte-hash-unrelated-snapshot	NOT_ASSESSED_BY_FILE_DELTA
PATIENT_WEB	evidence/189_release_quality_gates_20260822.md	PATIENT_WEB	BASELINE_ONLY	ce439bebebb1b9e02ba42096995432b59689960466a2f7c45cecf7d47d6ec154		source-directory-byte-hash-unrelated-snapshot	NOT_ASSESSED_BY_FILE_DELTA
PATIENT_WEB	evidence/190_final_readiness_report_20260822.md	PATIENT_WEB	BASELINE_ONLY	1cbd498cb83368423ea3c4f22e03ba91713597890ccbe17d3275a1d8a200893a		source-directory-byte-hash-unrelated-snapshot	NOT_ASSESSED_BY_FILE_DELTA
PATIENT_WEB	evidence/visual/ar-appointments-care-design-v1.webp	PATIENT_WEB	BASELINE_ONLY	e714dc5fe7c9f364857a95711183036177190bb24e35d2a1bf926c7ae849b9e1		source-directory-byte-hash-unrelated-snapshot	NOT_ASSESSED_BY_FILE_DELTA
PATIENT_WEB	evidence/visual/ar-articles-design-v1.webp	PATIENT_WEB	BASELINE_ONLY	ff1697ed27940a9d618f91f4106e34d5066aa1adbdc4f578d573ed4da20143af		source-directory-byte-hash-unrelated-snapshot	NOT_ASSESSED_BY_FILE_DELTA
PATIENT_WEB	evidence/visual/ar-cart-design-v1.webp	PATIENT_WEB	BASELINE_ONLY	317b8b71eaf445b398d45cfdbabb10223fd04910c007db4c14f388f0467c16a3		source-directory-byte-hash-unrelated-snapshot	NOT_ASSESSED_BY_FILE_DELTA
PATIENT_WEB	evidence/visual/ar-diagnostic-detail-design-v1.webp	PATIENT_WEB	BASELINE_ONLY	4a2da161d79bd9c37d0cc73a0c49406485a5b8be8e9c564a0c52601e9b7f0727		source-directory-byte-hash-unrelated-snapshot	NOT_ASSESSED_BY_FILE_DELTA
PATIENT_WEB	evidence/visual/ar-diagnostics-care-design-v1.webp	PATIENT_WEB	BASELINE_ONLY	3d8fdb8a12237aa97f51508cb39bf06bb968ae0e585cea643e8859a64d9f0b38		source-directory-byte-hash-unrelated-snapshot	NOT_ASSESSED_BY_FILE_DELTA
PATIENT_WEB	evidence/visual/ar-health-design-v1.webp	PATIENT_WEB	BASELINE_ONLY	5682ee7565914bde0ee73b208a781bfa7f5dc4b74878713679873897cace8b03		source-directory-byte-hash-unrelated-snapshot	NOT_ASSESSED_BY_FILE_DELTA
PATIENT_WEB	evidence/visual/ar-home-care-design-v1.webp	PATIENT_WEB	BASELINE_ONLY	0336e1e690e213486e267033622220e78960f09b2f0c7b4eb287288cb1f3b4b6		source-directory-byte-hash-unrelated-snapshot	NOT_ASSESSED_BY_FILE_DELTA
PATIENT_WEB	evidence/visual/ar-insurance-design-v1.webp	PATIENT_WEB	BASELINE_ONLY	f6ef32847076504f9ae549de3ea244a45a5fa33f666c4de2053a62b3e0ced858		source-directory-byte-hash-unrelated-snapshot	NOT_ASSESSED_BY_FILE_DELTA
PATIENT_WEB	evidence/visual/ar-medicine-detail-design-v1.webp	PATIENT_WEB	BASELINE_ONLY	5966ae75bf32228c5f00ec68213e5e4fbdfb917e50b4019440b787b389c78d92		source-directory-byte-hash-unrelated-snapshot	NOT_ASSESSED_BY_FILE_DELTA
PATIENT_WEB	evidence/visual/ar-medicines-design-v1.webp	PATIENT_WEB	BASELINE_ONLY	96bc3d7ef683fbd5296e664fa88ccabbb0e6b7345c39893e483e3e5a9436bfe5		source-directory-byte-hash-unrelated-snapshot	NOT_ASSESSED_BY_FILE_DELTA
PATIENT_WEB	evidence/visual/ar-mental-health-design-v1.webp	PATIENT_WEB	BASELINE_ONLY	651ab6c9f3c862b9d88e4a5c9ad9b03a84b690637b97ce2385030b6f02722bf1		source-directory-byte-hash-unrelated-snapshot	NOT_ASSESSED_BY_FILE_DELTA
PATIENT_WEB	evidence/visual/ar-notification-settings-design-v1.webp	PATIENT_WEB	BASELINE_ONLY	e5846355f8d1688c1cf3de56f270252d1d5d7cdcf52fca6a707497b26b472770		source-directory-byte-hash-unrelated-snapshot	NOT_ASSESSED_BY_FILE_DELTA
PATIENT_WEB	evidence/visual/ar-notifications-design-v1.webp	PATIENT_WEB	BASELINE_ONLY	2937f9beab51b59c1852fdb9962424db5618a4d25688b652ac7743f9184ea4c0		source-directory-byte-hash-unrelated-snapshot	NOT_ASSESSED_BY_FILE_DELTA
PATIENT_WEB	evidence/visual/ar-orders-design-v1.webp	PATIENT_WEB	BASELINE_ONLY	2cbfe83771afcaeff6cabe755b7840a8ff1714ad6f3b16b55da4a5f9e7cb132b		source-directory-byte-hash-unrelated-snapshot	NOT_ASSESSED_BY_FILE_DELTA
PATIENT_WEB	evidence/visual/ar-prescriptions-design-v1.webp	PATIENT_WEB	BASELINE_ONLY	e394fbda42703ef1a0e0218e1004a17187c89d38b6d4402bf8c6cd1eebc498db		source-directory-byte-hash-unrelated-snapshot	NOT_ASSESSED_BY_FILE_DELTA
PATIENT_WEB	evidence/visual/ar-profile-design-v1.webp	PATIENT_WEB	BASELINE_ONLY	61a6e4fee326971943d1fbc67276574379abaef2156399d753babb5235f2956b		source-directory-byte-hash-unrelated-snapshot	NOT_ASSESSED_BY_FILE_DELTA
PATIENT_WEB	evidence/visual/ar-reminders-design-v1.webp	PATIENT_WEB	BASELINE_ONLY	8be74559cec6e769fd5d2ff91b4b65a6a719042a4d0324c2fe629bd64dbe4ad9		source-directory-byte-hash-unrelated-snapshot	NOT_ASSESSED_BY_FILE_DELTA
PATIENT_WEB	evidence/visual/ar-settings-design-v1.webp	PATIENT_WEB	BASELINE_ONLY	d6aeb8bbcb75e1d676f801011db01d3cc298d9365d105d33e602674cb48247a0		source-directory-byte-hash-unrelated-snapshot	NOT_ASSESSED_BY_FILE_DELTA
PATIENT_WEB	evidence/visual/bn-settings-ltr-v1.webp	PATIENT_WEB	BASELINE_ONLY	c4c8e63905355960000c38412c10ed5c4989fd3554ec7bc6b081eff3f9cbe621		source-directory-byte-hash-unrelated-snapshot	NOT_ASSESSED_BY_FILE_DELTA
PATIENT_WEB	evidence/visual/en-appointments-empty-v1.webp	PATIENT_WEB	BASELINE_ONLY	4c8e627c3a6a09b297c53e2f42b180e3bd9683321996366769cebe5a79bf8f8d		source-directory-byte-hash-unrelated-snapshot	NOT_ASSESSED_BY_FILE_DELTA
PATIENT_WEB	evidence/visual/en-articles-bidi-v1.webp	PATIENT_WEB	BASELINE_ONLY	1c1cd39de79d5eae8470ad8f48d0ed48bd0b6d5c1155a357ba6607a94ed1a415		source-directory-byte-hash-unrelated-snapshot	NOT_ASSESSED_BY_FILE_DELTA
PATIENT_WEB	evidence/visual/en-health-empty-v1.webp	PATIENT_WEB	BASELINE_ONLY	c8ffdf6c0169dd3883ad9ca2d3082ac2084cf67d5e12e497b3aa2e844c27aedf		source-directory-byte-hash-unrelated-snapshot	NOT_ASSESSED_BY_FILE_DELTA
PATIENT_WEB	evidence/visual/en-insurance-empty-v1.webp	PATIENT_WEB	BASELINE_ONLY	b7cc4b2034b4893b5ce2dc7b1a4c51dcaadb0430fbc43c4b55a4dace8d51506a		source-directory-byte-hash-unrelated-snapshot	NOT_ASSESSED_BY_FILE_DELTA
PATIENT_WEB	evidence/visual/en-orders-empty-v1.webp	PATIENT_WEB	BASELINE_ONLY	891fb647290818f525f25915fc57d7095ad1f19cde303a8d88fb3a12ff2b6335		source-directory-byte-hash-unrelated-snapshot	NOT_ASSESSED_BY_FILE_DELTA
PATIENT_WEB	evidence/visual/en-settings-mixed-direction-v1.webp	PATIENT_WEB	BASELINE_ONLY	f001626f952cfa92c3e0bd880f48dac60f1e51cb898143b12601e3cd049d88f4		source-directory-byte-hash-unrelated-snapshot	NOT_ASSESSED_BY_FILE_DELTA
PATIENT_WEB	evidence/visual/hi-settings-ltr-v1.webp	PATIENT_WEB	BASELINE_ONLY	efb1359708d5ccfd29941f69f23ffa46d68a43c91d76f537838638d4e6bb60ce		source-directory-byte-hash-unrelated-snapshot	NOT_ASSESSED_BY_FILE_DELTA
PATIENT_WEB	evidence/visual/ur-articles-rtl-v1.webp	PATIENT_WEB	BASELINE_ONLY	cff8b8ef741b92513a061031345d90ae00447b2cc90a65839d27c1ca633db36a		source-directory-byte-hash-unrelated-snapshot	NOT_ASSESSED_BY_FILE_DELTA
PATIENT_WEB	evidence/visual/ur-settings-rtl-v1.webp	PATIENT_WEB	BASELINE_ONLY	ca65ba78d9902ba4fc31b2dc4f043d08ba16609aea5166e128b9fd33c950b6f2		source-directory-byte-hash-unrelated-snapshot	NOT_ASSESSED_BY_FILE_DELTA
PATIENT_WEB	i18n/request.ts	PATIENT_WEB	SAME_CONTENT	974a1e9a6f3d34bf70bb8baaedd5c54b60e55efcc7f53f6923e91f875a97a517	974a1e9a6f3d34bf70bb8baaedd5c54b60e55efcc7f53f6923e91f875a97a517	source-directory-byte-hash-unrelated-snapshot	NOT_ASSESSED_BY_FILE_DELTA
PATIENT_WEB	i18n/routing.ts	PATIENT_WEB	SAME_CONTENT	78c4bfe44089c870d089c9291953737b9d35946d5d25b48739bfc029ea8a4a84	78c4bfe44089c870d089c9291953737b9d35946d5d25b48739bfc029ea8a4a84	source-directory-byte-hash-unrelated-snapshot	NOT_ASSESSED_BY_FILE_DELTA
PATIENT_WEB	lib/api/appointments-server.test.ts	PATIENT_WEB_BFF	SAME_CONTENT	7caa69a8707c5fce3d38d0e22e805ce2bf40297e3809bdbfd79ca0051be76157	7caa69a8707c5fce3d38d0e22e805ce2bf40297e3809bdbfd79ca0051be76157	source-directory-byte-hash-unrelated-snapshot	NOT_ASSESSED_BY_FILE_DELTA
PATIENT_WEB	lib/api/appointments-server.ts	PATIENT_WEB_BFF	SAME_CONTENT	7ff0cb35b31432bf3e615e1944c7ce07806042157d15d7b19b78853a8b639788	7ff0cb35b31432bf3e615e1944c7ce07806042157d15d7b19b78853a8b639788	source-directory-byte-hash-unrelated-snapshot	NOT_ASSESSED_BY_FILE_DELTA
PATIENT_WEB	lib/api/appointments.test.ts	PATIENT_WEB_BFF	SAME_CONTENT	0a01f28b518d88f0997b2d61ee91767f4f28a4f693fb035a18a0979b020c18f9	0a01f28b518d88f0997b2d61ee91767f4f28a4f693fb035a18a0979b020c18f9	source-directory-byte-hash-unrelated-snapshot	NOT_ASSESSED_BY_FILE_DELTA
PATIENT_WEB	lib/api/appointments.ts	PATIENT_WEB_BFF	SAME_CONTENT	4252faaa8b5b68ebb0c4a3917f69c82981517e4bd92bd627aa5a9ccb6115c637	4252faaa8b5b68ebb0c4a3917f69c82981517e4bd92bd627aa5a9ccb6115c637	source-directory-byte-hash-unrelated-snapshot	NOT_ASSESSED_BY_FILE_DELTA
PATIENT_WEB	lib/api/articles-server.ts	PATIENT_WEB_BFF	SAME_CONTENT	b269ba474ea30521dc9c5923a08f2c99da40765fd887634298cc5fff980df561	b269ba474ea30521dc9c5923a08f2c99da40765fd887634298cc5fff980df561	source-directory-byte-hash-unrelated-snapshot	NOT_ASSESSED_BY_FILE_DELTA
PATIENT_WEB	lib/api/articles.test.ts	PATIENT_WEB_BFF	SAME_CONTENT	1b8c981a890a76fc390fb025c4b402d669ce0ff8527940772a3abe58ca3c5c60	1b8c981a890a76fc390fb025c4b402d669ce0ff8527940772a3abe58ca3c5c60	source-directory-byte-hash-unrelated-snapshot	NOT_ASSESSED_BY_FILE_DELTA
PATIENT_WEB	lib/api/articles.ts	PATIENT_WEB_BFF	SAME_CONTENT	2a81d9510c8abb1f12f1baca7675100b947b3f6f926b7de88eb1087258ebd3f9	2a81d9510c8abb1f12f1baca7675100b947b3f6f926b7de88eb1087258ebd3f9	source-directory-byte-hash-unrelated-snapshot	NOT_ASSESSED_BY_FILE_DELTA
PATIENT_WEB	lib/api/breathing-server.ts	PATIENT_WEB_BFF	SAME_CONTENT	a4466e9e8b06aea0ace2e12815156addddc199becb1a16af4b22f208428e9583	a4466e9e8b06aea0ace2e12815156addddc199becb1a16af4b22f208428e9583	source-directory-byte-hash-unrelated-snapshot	NOT_ASSESSED_BY_FILE_DELTA
PATIENT_WEB	lib/api/breathing.test.ts	PATIENT_WEB_BFF	SAME_CONTENT	76fdac74a506efb55ed497c4bb6518ad42e17ef22173a387b867ba95a1f1045f	76fdac74a506efb55ed497c4bb6518ad42e17ef22173a387b867ba95a1f1045f	source-directory-byte-hash-unrelated-snapshot	NOT_ASSESSED_BY_FILE_DELTA
PATIENT_WEB	lib/api/breathing.ts	PATIENT_WEB_BFF	SAME_CONTENT	088d54becc8c2f49395e9fdbeb870d00bca46ff67b55c85529fec240f10f38f5	088d54becc8c2f49395e9fdbeb870d00bca46ff67b55c85529fec240f10f38f5	source-directory-byte-hash-unrelated-snapshot	NOT_ASSESSED_BY_FILE_DELTA
PATIENT_WEB	lib/api/cart.test.ts	PATIENT_WEB_BFF	SAME_CONTENT	aaffe29fa4c83f522b4202e7dae2dff32e233508e9be04997ef133e4c4941a2b	aaffe29fa4c83f522b4202e7dae2dff32e233508e9be04997ef133e4c4941a2b	source-directory-byte-hash-unrelated-snapshot	NOT_ASSESSED_BY_FILE_DELTA
PATIENT_WEB	lib/api/cart.ts	PATIENT_WEB_BFF	SAME_CONTENT	28328c65884429ee38cfa49376d65687d069a13010701a6d7502694375d174f8	28328c65884429ee38cfa49376d65687d069a13010701a6d7502694375d174f8	source-directory-byte-hash-unrelated-snapshot	NOT_ASSESSED_BY_FILE_DELTA
PATIENT_WEB	lib/api/chat-server.test.ts	PATIENT_WEB_BFF	SAME_CONTENT	75c10aeee5bf817e4db22440fba540b6a16e64e5e9663e0842d3052667bc2044	75c10aeee5bf817e4db22440fba540b6a16e64e5e9663e0842d3052667bc2044	source-directory-byte-hash-unrelated-snapshot	NOT_ASSESSED_BY_FILE_DELTA
PATIENT_WEB	lib/api/chat-server.ts	PATIENT_WEB_BFF	SAME_CONTENT	255e0bfbb560e904df29aa006ebecbf09e6b802593c45d33be4b529ba4329e66	255e0bfbb560e904df29aa006ebecbf09e6b802593c45d33be4b529ba4329e66	source-directory-byte-hash-unrelated-snapshot	NOT_ASSESSED_BY_FILE_DELTA
PATIENT_WEB	lib/api/chat.test.ts	PATIENT_WEB_BFF	SAME_CONTENT	4569ec5a04ac9e6b131373f4ccc971f7b26cba024eeb8aadced43850affd4391	4569ec5a04ac9e6b131373f4ccc971f7b26cba024eeb8aadced43850affd4391	source-directory-byte-hash-unrelated-snapshot	NOT_ASSESSED_BY_FILE_DELTA
PATIENT_WEB	lib/api/chat.ts	PATIENT_WEB_BFF	MODIFIED	fcac417363ea88ed7b1c4a1acfcb95c00683be652792e97641358e6722182bfd	fd35a8a55ba960fe56584b00f691c572e0585f0fb8b8000066478af08e6e59b3	source-directory-byte-hash-unrelated-snapshot	NOT_ASSESSED_BY_FILE_DELTA
PATIENT_WEB	lib/api/chronic-meds-server.ts	PATIENT_WEB_BFF	SAME_CONTENT	c0ea6964c6de342cbeab8fc490cdd9e0f9645ef949c77aca9fad07ee71830b03	c0ea6964c6de342cbeab8fc490cdd9e0f9645ef949c77aca9fad07ee71830b03	source-directory-byte-hash-unrelated-snapshot	NOT_ASSESSED_BY_FILE_DELTA
PATIENT_WEB	lib/api/chronic-meds.test.ts	PATIENT_WEB_BFF	SAME_CONTENT	d1a03a2fbf039e2c3fd9e1ec2784f775894d35790d2a40faf23c03dfc6d3bb57	d1a03a2fbf039e2c3fd9e1ec2784f775894d35790d2a40faf23c03dfc6d3bb57	source-directory-byte-hash-unrelated-snapshot	NOT_ASSESSED_BY_FILE_DELTA
PATIENT_WEB	lib/api/chronic-meds.ts	PATIENT_WEB_BFF	SAME_CONTENT	d032a277132335b4c8bd4ece99d9510d2afdc1af0e0afec1c175e7cfb351f5e4	d032a277132335b4c8bd4ece99d9510d2afdc1af0e0afec1c175e7cfb351f5e4	source-directory-byte-hash-unrelated-snapshot	NOT_ASSESSED_BY_FILE_DELTA
PATIENT_WEB	lib/api/chronic-server.ts	PATIENT_WEB_BFF	SAME_CONTENT	6a0bfccda5ee087391e329d064d95ce41bfc4bd3fb84beb77df30a8bc1de55d4	6a0bfccda5ee087391e329d064d95ce41bfc4bd3fb84beb77df30a8bc1de55d4	source-directory-byte-hash-unrelated-snapshot	NOT_ASSESSED_BY_FILE_DELTA
PATIENT_WEB	lib/api/chronic.test.ts	PATIENT_WEB_BFF	SAME_CONTENT	e2e7b5441ffbf3a0d723da1f9edcdcc14645528b740c3a358a0fe75d71156cb8	e2e7b5441ffbf3a0d723da1f9edcdcc14645528b740c3a358a0fe75d71156cb8	source-directory-byte-hash-unrelated-snapshot	NOT_ASSESSED_BY_FILE_DELTA
PATIENT_WEB	lib/api/chronic.ts	PATIENT_WEB_BFF	SAME_CONTENT	5b73347a768d03515d026dc9ed3fdf9ba19014af4d4c6269d9e58dd3ce66828b	5b73347a768d03515d026dc9ed3fdf9ba19014af4d4c6269d9e58dd3ce66828b	source-directory-byte-hash-unrelated-snapshot	NOT_ASSESSED_BY_FILE_DELTA
PATIENT_WEB	lib/api/claims-server.ts	PATIENT_WEB_BFF	SAME_CONTENT	7e7ed04a17e69db08ef403408d1017618b0ef4feb23d81cec75f1d6945eb31a2	7e7ed04a17e69db08ef403408d1017618b0ef4feb23d81cec75f1d6945eb31a2	source-directory-byte-hash-unrelated-snapshot	NOT_ASSESSED_BY_FILE_DELTA
PATIENT_WEB	lib/api/claims.test.ts	PATIENT_WEB_BFF	SAME_CONTENT	0ca10f77b9b801d7e71bbb2d7a65fe78c2137f13d01695788c9735ad77e4d306	0ca10f77b9b801d7e71bbb2d7a65fe78c2137f13d01695788c9735ad77e4d306	source-directory-byte-hash-unrelated-snapshot	NOT_ASSESSED_BY_FILE_DELTA
PATIENT_WEB	lib/api/claims.ts	PATIENT_WEB_BFF	SAME_CONTENT	ce36de5b245e85152af32e2c2a59e1c9cddb00fb594ed7117a45011a55e14b04	ce36de5b245e85152af32e2c2a59e1c9cddb00fb594ed7117a45011a55e14b04	source-directory-byte-hash-unrelated-snapshot	NOT_ASSESSED_BY_FILE_DELTA
PATIENT_WEB	lib/api/crisis-contacts-server.ts	PATIENT_WEB_BFF	SAME_CONTENT	595916587b21f9a32752dd9a21223703ed23f77bc408742ebd076513d229ba65	595916587b21f9a32752dd9a21223703ed23f77bc408742ebd076513d229ba65	source-directory-byte-hash-unrelated-snapshot	NOT_ASSESSED_BY_FILE_DELTA
PATIENT_WEB	lib/api/crisis-contacts.test.ts	PATIENT_WEB_BFF	SAME_CONTENT	3deb5c742b6996551ea0599614c1f77f9e5d62f43fecbaa1c1fd8b101d61d9b6	3deb5c742b6996551ea0599614c1f77f9e5d62f43fecbaa1c1fd8b101d61d9b6	source-directory-byte-hash-unrelated-snapshot	NOT_ASSESSED_BY_FILE_DELTA
PATIENT_WEB	lib/api/crisis-contacts.ts	PATIENT_WEB_BFF	SAME_CONTENT	3af866168572b50fec7248dc7c008a2549ae7dba439d9bbb6e1610557a06825c	3af866168572b50fec7248dc7c008a2549ae7dba439d9bbb6e1610557a06825c	source-directory-byte-hash-unrelated-snapshot	NOT_ASSESSED_BY_FILE_DELTA
PATIENT_WEB	lib/api/csrf.ts	PATIENT_WEB_BFF	INCOMING_ONLY		0bfe8904547200bca87260e4c0c16315a2d01c370481e32cb16dfbbd7fb8a87b	source-directory-byte-hash-unrelated-snapshot	NOT_ASSESSED_BY_FILE_DELTA
PATIENT_WEB	lib/api/dashboard-server.ts	PATIENT_WEB_BFF	SAME_CONTENT	c583a7b4afebfb4df7bbcc436cb95ec042fcef23dd9298b0d6988a8fe8b83ab3	c583a7b4afebfb4df7bbcc436cb95ec042fcef23dd9298b0d6988a8fe8b83ab3	source-directory-byte-hash-unrelated-snapshot	NOT_ASSESSED_BY_FILE_DELTA
PATIENT_WEB	lib/api/dashboard.test.ts	PATIENT_WEB_BFF	SAME_CONTENT	c2a6a9a938e4f15537ed1c8a413e8d421b9fc712c574de604ca0e026b0cb0f08	c2a6a9a938e4f15537ed1c8a413e8d421b9fc712c574de604ca0e026b0cb0f08	source-directory-byte-hash-unrelated-snapshot	NOT_ASSESSED_BY_FILE_DELTA
PATIENT_WEB	lib/api/dashboard.ts	PATIENT_WEB_BFF	SAME_CONTENT	1fca8368c2bde2be781fee4e1111250cd28efd438d2912eb1b9451c967cb168a	1fca8368c2bde2be781fee4e1111250cd28efd438d2912eb1b9451c967cb168a	source-directory-byte-hash-unrelated-snapshot	NOT_ASSESSED_BY_FILE_DELTA
PATIENT_WEB	lib/api/diagnostics-report.test.ts	PATIENT_WEB_BFF	SAME_CONTENT	f5cc7ad94f0c997fb0bdae3a6bd806a6b3410a16edf4afa02734b764a887924f	f5cc7ad94f0c997fb0bdae3a6bd806a6b3410a16edf4afa02734b764a887924f	source-directory-byte-hash-unrelated-snapshot	NOT_ASSESSED_BY_FILE_DELTA
PATIENT_WEB	lib/api/diagnostics-server.test.ts	PATIENT_WEB_BFF	SAME_CONTENT	d115689371f5137d77381eabde6fd8178dc8f979f5b86b3c4f86a71f79772348	d115689371f5137d77381eabde6fd8178dc8f979f5b86b3c4f86a71f79772348	source-directory-byte-hash-unrelated-snapshot	NOT_ASSESSED_BY_FILE_DELTA
PATIENT_WEB	lib/api/diagnostics-server.ts	PATIENT_WEB_BFF	SAME_CONTENT	1d4bf09d773825bb76aa6b8a885902f37019afa3bff393209a17bfd0b742448d	1d4bf09d773825bb76aa6b8a885902f37019afa3bff393209a17bfd0b742448d	source-directory-byte-hash-unrelated-snapshot	NOT_ASSESSED_BY_FILE_DELTA
PATIENT_WEB	lib/api/diagnostics.test.ts	PATIENT_WEB_BFF	SAME_CONTENT	6fce2197af13b6a239c52a0c2192f7894fd74784a395abb2071c7564693d9b99	6fce2197af13b6a239c52a0c2192f7894fd74784a395abb2071c7564693d9b99	source-directory-byte-hash-unrelated-snapshot	NOT_ASSESSED_BY_FILE_DELTA
PATIENT_WEB	lib/api/diagnostics.ts	PATIENT_WEB_BFF	SAME_CONTENT	dd4c98e54571ee2eb3fa86e4d5cfa539cff3af0542b03b6456508346159c8128	dd4c98e54571ee2eb3fa86e4d5cfa539cff3af0542b03b6456508346159c8128	source-directory-byte-hash-unrelated-snapshot	NOT_ASSESSED_BY_FILE_DELTA
PATIENT_WEB	lib/api/doctors-detail-server.test.ts	PATIENT_WEB_BFF	SAME_CONTENT	9c7c9086f223e5f3729abcb6e2bc49f7102eb0bde2fa3226721a310526036ca7	9c7c9086f223e5f3729abcb6e2bc49f7102eb0bde2fa3226721a310526036ca7	source-directory-byte-hash-unrelated-snapshot	NOT_ASSESSED_BY_FILE_DELTA
PATIENT_WEB	lib/api/doctors-detail.test.ts	PATIENT_WEB_BFF	SAME_CONTENT	6594b57f7480520396f71219eb30069b8ff7298faddd4c41c997939496f94ae4	6594b57f7480520396f71219eb30069b8ff7298faddd4c41c997939496f94ae4	source-directory-byte-hash-unrelated-snapshot	NOT_ASSESSED_BY_FILE_DELTA
PATIENT_WEB	lib/api/doctors-server.test.ts	PATIENT_WEB_BFF	SAME_CONTENT	d1030b26c9160c535e7064e83c500c104b513c3bcb7bf1084e15789f7e6d96c4	d1030b26c9160c535e7064e83c500c104b513c3bcb7bf1084e15789f7e6d96c4	source-directory-byte-hash-unrelated-snapshot	NOT_ASSESSED_BY_FILE_DELTA
PATIENT_WEB	lib/api/doctors-server.ts	PATIENT_WEB_BFF	SAME_CONTENT	e8f17f0393cc1df9db7d87a64dca54c18eae7d982b867af3167122ddecf11c96	e8f17f0393cc1df9db7d87a64dca54c18eae7d982b867af3167122ddecf11c96	source-directory-byte-hash-unrelated-snapshot	NOT_ASSESSED_BY_FILE_DELTA
PATIENT_WEB	lib/api/doctors-slots-server.test.ts	PATIENT_WEB_BFF	SAME_CONTENT	17b774263ff2d647e2416eb82fd23a293689e11622efd35b1bf4311830323496	17b774263ff2d647e2416eb82fd23a293689e11622efd35b1bf4311830323496	source-directory-byte-hash-unrelated-snapshot	NOT_ASSESSED_BY_FILE_DELTA
PATIENT_WEB	lib/api/doctors-slots.test.ts	PATIENT_WEB_BFF	SAME_CONTENT	3c9ba7f00e6ed8de2ea66b22956f640587c77b9792c3f0a94a13c92d9e15fbdb	3c9ba7f00e6ed8de2ea66b22956f640587c77b9792c3f0a94a13c92d9e15fbdb	source-directory-byte-hash-unrelated-snapshot	NOT_ASSESSED_BY_FILE_DELTA
PATIENT_WEB	lib/api/doctors.test.ts	PATIENT_WEB_BFF	SAME_CONTENT	7d4bc9a28069fd08f5be776b2355040ede36f2146e4e023ae9bd2c3bff25d1b1	7d4bc9a28069fd08f5be776b2355040ede36f2146e4e023ae9bd2c3bff25d1b1	source-directory-byte-hash-unrelated-snapshot	NOT_ASSESSED_BY_FILE_DELTA
PATIENT_WEB	lib/api/doctors.ts	PATIENT_WEB_BFF	SAME_CONTENT	356475d61a5c6e24b6cda0ed09bcac86416a8fe1b5a3d6bdc8031ffe1a3fbece	356475d61a5c6e24b6cda0ed09bcac86416a8fe1b5a3d6bdc8031ffe1a3fbece	source-directory-byte-hash-unrelated-snapshot	NOT_ASSESSED_BY_FILE_DELTA
PATIENT_WEB	lib/api/emergency-contacts-server.ts	PATIENT_WEB_BFF	SAME_CONTENT	efb759f65ee5d292cf15a0dfed4f0fac9dd77c7175b4fd6375a1211eeebbef41	efb759f65ee5d292cf15a0dfed4f0fac9dd77c7175b4fd6375a1211eeebbef41	source-directory-byte-hash-unrelated-snapshot	NOT_ASSESSED_BY_FILE_DELTA
PATIENT_WEB	lib/api/emergency-contacts.test.ts	PATIENT_WEB_BFF	SAME_CONTENT	0b1dcb5a4467893bc295135ab9e2f7ab797eeb67145fff53137bbd368bb8d1af	0b1dcb5a4467893bc295135ab9e2f7ab797eeb67145fff53137bbd368bb8d1af	source-directory-byte-hash-unrelated-snapshot	NOT_ASSESSED_BY_FILE_DELTA
PATIENT_WEB	lib/api/emergency-contacts.ts	PATIENT_WEB_BFF	SAME_CONTENT	f0739caa0e81c9247366c9d61713a1bedd9ce555f2f2ad2f0c309ab658dc0924	f0739caa0e81c9247366c9d61713a1bedd9ce555f2f2ad2f0c309ab658dc0924	source-directory-byte-hash-unrelated-snapshot	NOT_ASSESSED_BY_FILE_DELTA
PATIENT_WEB	lib/api/family-group-server.ts	PATIENT_WEB_BFF	SAME_CONTENT	3f20e7950f3438b238ffd139f6d6ef839122112eda6314f828373a36389b89d5	3f20e7950f3438b238ffd139f6d6ef839122112eda6314f828373a36389b89d5	source-directory-byte-hash-unrelated-snapshot	NOT_ASSESSED_BY_FILE_DELTA
PATIENT_WEB	lib/api/family-group.test.ts	PATIENT_WEB_BFF	SAME_CONTENT	61790f440ea3e68dac60e4fcbf01bc70b23d5d61d01f0fe35480f89d2decfa66	61790f440ea3e68dac60e4fcbf01bc70b23d5d61d01f0fe35480f89d2decfa66	source-directory-byte-hash-unrelated-snapshot	NOT_ASSESSED_BY_FILE_DELTA
PATIENT_WEB	lib/api/family-group.ts	PATIENT_WEB_BFF	SAME_CONTENT	267539e1877f806c55ef3b5448f6281b1296db92a0c9b020f28b7e8445b423c1	267539e1877f806c55ef3b5448f6281b1296db92a0c9b020f28b7e8445b423c1	source-directory-byte-hash-unrelated-snapshot	NOT_ASSESSED_BY_FILE_DELTA
PATIENT_WEB	lib/api/family-server.test.ts	PATIENT_WEB_BFF	SAME_CONTENT	efb690050d8cac410d7c4f2c87f73de4a7a5dbbe47f232837c56990c87ff5068	efb690050d8cac410d7c4f2c87f73de4a7a5dbbe47f232837c56990c87ff5068	source-directory-byte-hash-unrelated-snapshot	NOT_ASSESSED_BY_FILE_DELTA
PATIENT_WEB	lib/api/family-server.ts	PATIENT_WEB_BFF	SAME_CONTENT	350a4ec1901efca2fdce94be65592580fa1c3acc6d5e948c602fe6ca577ce396	350a4ec1901efca2fdce94be65592580fa1c3acc6d5e948c602fe6ca577ce396	source-directory-byte-hash-unrelated-snapshot	NOT_ASSESSED_BY_FILE_DELTA
PATIENT_WEB	lib/api/family.test.ts	PATIENT_WEB_BFF	SAME_CONTENT	e3a742e743406d30d8f51e29df4c4d790d0ba4ba646dfbafe901f65526381c21	e3a742e743406d30d8f51e29df4c4d790d0ba4ba646dfbafe901f65526381c21	source-directory-byte-hash-unrelated-snapshot	NOT_ASSESSED_BY_FILE_DELTA
PATIENT_WEB	lib/api/family.ts	PATIENT_WEB_BFF	SAME_CONTENT	fbd708ece9c38a92c94646dd8a89b5708ac3f3345bf722e1bb15694474fceff2	fbd708ece9c38a92c94646dd8a89b5708ac3f3345bf722e1bb15694474fceff2	source-directory-byte-hash-unrelated-snapshot	NOT_ASSESSED_BY_FILE_DELTA
PATIENT_WEB	lib/api/health-score.test.ts	PATIENT_WEB_BFF	SAME_CONTENT	a47011e2f64ae8a49846d5968e938a8ce588810f9e89ff23f2ebf06b0cc93c98	a47011e2f64ae8a49846d5968e938a8ce588810f9e89ff23f2ebf06b0cc93c98	source-directory-byte-hash-unrelated-snapshot	NOT_ASSESSED_BY_FILE_DELTA
PATIENT_WEB	lib/api/health-score.ts	PATIENT_WEB_BFF	SAME_CONTENT	a2fded619d5ca6d0ec62b853bfb17ebcb7bd6ec897c5b52c44581dc407f7e1e2	a2fded619d5ca6d0ec62b853bfb17ebcb7bd6ec897c5b52c44581dc407f7e1e2	source-directory-byte-hash-unrelated-snapshot	NOT_ASSESSED_BY_FILE_DELTA
PATIENT_WEB	lib/api/home-care-server.test.ts	PATIENT_WEB_BFF	SAME_CONTENT	e1f2750537dcd38ee06ea21cc99bb276b19f0dfa011bda2567fbb3ddfd3c7c8f	e1f2750537dcd38ee06ea21cc99bb276b19f0dfa011bda2567fbb3ddfd3c7c8f	source-directory-byte-hash-unrelated-snapshot	NOT_ASSESSED_BY_FILE_DELTA
PATIENT_WEB	lib/api/home-care-server.ts	PATIENT_WEB_BFF	SAME_CONTENT	0d160cc88b30bfa865bcd522ccc5bb3fef765099ab2f3165675063b8aa27c34b	0d160cc88b30bfa865bcd522ccc5bb3fef765099ab2f3165675063b8aa27c34b	source-directory-byte-hash-unrelated-snapshot	NOT_ASSESSED_BY_FILE_DELTA
PATIENT_WEB	lib/api/home-care-services-server.test.ts	PATIENT_WEB_BFF	SAME_CONTENT	028479dc09f0d31f3e4f2b16814f6516b9e8a14480b644decbe5ac56daef33dd	028479dc09f0d31f3e4f2b16814f6516b9e8a14480b644decbe5ac56daef33dd	source-directory-byte-hash-unrelated-snapshot	NOT_ASSESSED_BY_FILE_DELTA
PATIENT_WEB	lib/api/home-care-services-server.ts	PATIENT_WEB_BFF	SAME_CONTENT	82fba1ce94de8528cfc2b74e8373e21e1f3b82ea41d7a47011cbf70d6be3a0a0	82fba1ce94de8528cfc2b74e8373e21e1f3b82ea41d7a47011cbf70d6be3a0a0	source-directory-byte-hash-unrelated-snapshot	NOT_ASSESSED_BY_FILE_DELTA
PATIENT_WEB	lib/api/home-care-services.test.ts	PATIENT_WEB_BFF	SAME_CONTENT	874b28906f43559c4146d7cf7b9a2cca75c425d0bff5dbbe13f4e3e1b8f17c94	874b28906f43559c4146d7cf7b9a2cca75c425d0bff5dbbe13f4e3e1b8f17c94	source-directory-byte-hash-unrelated-snapshot	NOT_ASSESSED_BY_FILE_DELTA
PATIENT_WEB	lib/api/home-care-services.ts	PATIENT_WEB_BFF	SAME_CONTENT	e930203816788db7eab4aca680a343e618ba976b73b839e1d8c826a15f2245f2	e930203816788db7eab4aca680a343e618ba976b73b839e1d8c826a15f2245f2	source-directory-byte-hash-unrelated-snapshot	NOT_ASSESSED_BY_FILE_DELTA
PATIENT_WEB	lib/api/home-care.test.ts	PATIENT_WEB_BFF	SAME_CONTENT	38d1cfa21bb2034e7fb8b6730264662c899db8ead6f10a16f76b0cfd975c6e1c	38d1cfa21bb2034e7fb8b6730264662c899db8ead6f10a16f76b0cfd975c6e1c	source-directory-byte-hash-unrelated-snapshot	NOT_ASSESSED_BY_FILE_DELTA
PATIENT_WEB	lib/api/home-care.ts	PATIENT_WEB_BFF	SAME_CONTENT	f28ef1b562645b87350cbc7c375096285738d0a62da24b090ea636560ec40ab8	f28ef1b562645b87350cbc7c375096285738d0a62da24b090ea636560ec40ab8	source-directory-byte-hash-unrelated-snapshot	NOT_ASSESSED_BY_FILE_DELTA
PATIENT_WEB	lib/api/insurance-server.ts	PATIENT_WEB_BFF	SAME_CONTENT	365f06727a5a9224d3079d51c951ae9e5cdffed3121af8b9d7f64e4d5a79b76d	365f06727a5a9224d3079d51c951ae9e5cdffed3121af8b9d7f64e4d5a79b76d	source-directory-byte-hash-unrelated-snapshot	NOT_ASSESSED_BY_FILE_DELTA
PATIENT_WEB	lib/api/insurance.test.ts	PATIENT_WEB_BFF	SAME_CONTENT	7691314effcebd303e765dfd50ee2f9a653277a82679ec1e55eb10dbaa71d2d1	7691314effcebd303e765dfd50ee2f9a653277a82679ec1e55eb10dbaa71d2d1	source-directory-byte-hash-unrelated-snapshot	NOT_ASSESSED_BY_FILE_DELTA
PATIENT_WEB	lib/api/insurance.ts	PATIENT_WEB_BFF	SAME_CONTENT	a3e744c45895d8541efc9032d226886d280005f6d15328b819e470b15e50e978	a3e744c45895d8541efc9032d226886d280005f6d15328b819e470b15e50e978	source-directory-byte-hash-unrelated-snapshot	NOT_ASSESSED_BY_FILE_DELTA
PATIENT_WEB	lib/api/labs-server.test.ts	PATIENT_WEB_BFF	SAME_CONTENT	a67559c93be7782371c7b18723efe0414dde43528bcdf0f12da9c26a8d027e81	a67559c93be7782371c7b18723efe0414dde43528bcdf0f12da9c26a8d027e81	source-directory-byte-hash-unrelated-snapshot	NOT_ASSESSED_BY_FILE_DELTA
PATIENT_WEB	lib/api/labs-server.ts	PATIENT_WEB_BFF	SAME_CONTENT	ec947e13bd323822224238a37fabf32de6d8fb97017c6ea9c95165748543cea7	ec947e13bd323822224238a37fabf32de6d8fb97017c6ea9c95165748543cea7	source-directory-byte-hash-unrelated-snapshot	NOT_ASSESSED_BY_FILE_DELTA
PATIENT_WEB	lib/api/labs.test.ts	PATIENT_WEB_BFF	SAME_CONTENT	2e5a39df03818eaa4dbc30d28b80ec71adfba9937134f3555a34387596a5110f	2e5a39df03818eaa4dbc30d28b80ec71adfba9937134f3555a34387596a5110f	source-directory-byte-hash-unrelated-snapshot	NOT_ASSESSED_BY_FILE_DELTA
PATIENT_WEB	lib/api/labs.ts	PATIENT_WEB_BFF	SAME_CONTENT	b9f41ce3fb703623ba481d0c14a42119f5269780ae39ce0ed44681203dadc96f	b9f41ce3fb703623ba481d0c14a42119f5269780ae39ce0ed44681203dadc96f	source-directory-byte-hash-unrelated-snapshot	NOT_ASSESSED_BY_FILE_DELTA
PATIENT_WEB	lib/api/medicines-server.test.ts	PATIENT_WEB_BFF	SAME_CONTENT	4a497a7552c6d190b1542a08050dab0d6c9048730c9a056d6c46ea4f871b222a	4a497a7552c6d190b1542a08050dab0d6c9048730c9a056d6c46ea4f871b222a	source-directory-byte-hash-unrelated-snapshot	NOT_ASSESSED_BY_FILE_DELTA
PATIENT_WEB	lib/api/medicines-server.ts	PATIENT_WEB_BFF	SAME_CONTENT	54432ee58affd721ec04017f46e27527d74e1b27c3de41500f90b43f57a9d3bf	54432ee58affd721ec04017f46e27527d74e1b27c3de41500f90b43f57a9d3bf	source-directory-byte-hash-unrelated-snapshot	NOT_ASSESSED_BY_FILE_DELTA
PATIENT_WEB	lib/api/medicines.test.ts	PATIENT_WEB_BFF	SAME_CONTENT	c57b863b382d8909286974f039f400879e81f34a4c902a1554db1d0d9464a436	c57b863b382d8909286974f039f400879e81f34a4c902a1554db1d0d9464a436	source-directory-byte-hash-unrelated-snapshot	NOT_ASSESSED_BY_FILE_DELTA
PATIENT_WEB	lib/api/medicines.ts	PATIENT_WEB_BFF	SAME_CONTENT	972905bc14176eccf2977744ef0f27661c6393dd969cd492babe6c84d8aabbcc	972905bc14176eccf2977744ef0f27661c6393dd969cd492babe6c84d8aabbcc	source-directory-byte-hash-unrelated-snapshot	NOT_ASSESSED_BY_FILE_DELTA
PATIENT_WEB	lib/api/meditation-server.ts	PATIENT_WEB_BFF	SAME_CONTENT	0f02422b4bb9d694b4230aa0264b8e8cbd5a30bb047f828f4fec169763947f50	0f02422b4bb9d694b4230aa0264b8e8cbd5a30bb047f828f4fec169763947f50	source-directory-byte-hash-unrelated-snapshot	NOT_ASSESSED_BY_FILE_DELTA
PATIENT_WEB	lib/api/meditation.test.ts	PATIENT_WEB_BFF	SAME_CONTENT	5ac66939db5d6b742747f97ae9e8cdf7198682ed1d0720b10e15f16a0811c1ef	5ac66939db5d6b742747f97ae9e8cdf7198682ed1d0720b10e15f16a0811c1ef	source-directory-byte-hash-unrelated-snapshot	NOT_ASSESSED_BY_FILE_DELTA
PATIENT_WEB	lib/api/meditation.ts	PATIENT_WEB_BFF	SAME_CONTENT	9d1aee531c94c97243263f42fb58e63d1b1b0909bea39f7f68f849db474d91f8	9d1aee531c94c97243263f42fb58e63d1b1b0909bea39f7f68f849db474d91f8	source-directory-byte-hash-unrelated-snapshot	NOT_ASSESSED_BY_FILE_DELTA
PATIENT_WEB	lib/api/mental-health-server.ts	PATIENT_WEB_BFF	SAME_CONTENT	3e73208aee456af660c59e14230b6ce4e736715016ed46ff5954b6646519c309	3e73208aee456af660c59e14230b6ce4e736715016ed46ff5954b6646519c309	source-directory-byte-hash-unrelated-snapshot	NOT_ASSESSED_BY_FILE_DELTA
PATIENT_WEB	lib/api/mental-health.test.ts	PATIENT_WEB_BFF	SAME_CONTENT	b9e6e3de85ea7d77447b4fcd3bd94f96cfd3c1bf38d9449e4f082361d6bdc4f6	b9e6e3de85ea7d77447b4fcd3bd94f96cfd3c1bf38d9449e4f082361d6bdc4f6	source-directory-byte-hash-unrelated-snapshot	NOT_ASSESSED_BY_FILE_DELTA
PATIENT_WEB	lib/api/mental-health.ts	PATIENT_WEB_BFF	SAME_CONTENT	c46cd38374b12bf04d4933e40f2e3ff93c74f400ce94bbd362ca01dda2e3b76e	c46cd38374b12bf04d4933e40f2e3ff93c74f400ce94bbd362ca01dda2e3b76e	source-directory-byte-hash-unrelated-snapshot	NOT_ASSESSED_BY_FILE_DELTA
PATIENT_WEB	lib/api/mood-server.ts	PATIENT_WEB_BFF	SAME_CONTENT	acd4cf2c7bd515c702dfa9a3d07511e29bd30f375ebdd4caf293b9c70ea08a4c	acd4cf2c7bd515c702dfa9a3d07511e29bd30f375ebdd4caf293b9c70ea08a4c	source-directory-byte-hash-unrelated-snapshot	NOT_ASSESSED_BY_FILE_DELTA
PATIENT_WEB	lib/api/mood.test.ts	PATIENT_WEB_BFF	SAME_CONTENT	b5b10e143961e81da1b197408087fdfc7c379b660166bb840fe79a92d2d67fd2	b5b10e143961e81da1b197408087fdfc7c379b660166bb840fe79a92d2d67fd2	source-directory-byte-hash-unrelated-snapshot	NOT_ASSESSED_BY_FILE_DELTA
PATIENT_WEB	lib/api/mood.ts	PATIENT_WEB_BFF	SAME_CONTENT	46d3de46222bad130a45226932e886790d5e14f0653e969c24fd755faecd9ec3	46d3de46222bad130a45226932e886790d5e14f0653e969c24fd755faecd9ec3	source-directory-byte-hash-unrelated-snapshot	NOT_ASSESSED_BY_FILE_DELTA
PATIENT_WEB	lib/api/notification-settings-server.ts	PATIENT_WEB_BFF	SAME_CONTENT	7edfa7bd8e7ab7a48fd04b125ed1db26968939366a3e515a32be38f9f8929a5e	7edfa7bd8e7ab7a48fd04b125ed1db26968939366a3e515a32be38f9f8929a5e	source-directory-byte-hash-unrelated-snapshot	NOT_ASSESSED_BY_FILE_DELTA
PATIENT_WEB	lib/api/notification-settings.test.ts	PATIENT_WEB_BFF	SAME_CONTENT	1835df64fe4b7b2c2c34b5f94bef3b0f9db5e5f959d7b2d166270de8265c7e55	1835df64fe4b7b2c2c34b5f94bef3b0f9db5e5f959d7b2d166270de8265c7e55	source-directory-byte-hash-unrelated-snapshot	NOT_ASSESSED_BY_FILE_DELTA
PATIENT_WEB	lib/api/notification-settings.ts	PATIENT_WEB_BFF	SAME_CONTENT	796181b3c0c96ac114ddaef033f8f0918591ff7773e00afd97a68e66f2e0c4f7	796181b3c0c96ac114ddaef033f8f0918591ff7773e00afd97a68e66f2e0c4f7	source-directory-byte-hash-unrelated-snapshot	NOT_ASSESSED_BY_FILE_DELTA
PATIENT_WEB	lib/api/notifications-server.test.ts	PATIENT_WEB_BFF	SAME_CONTENT	7826917e635ae06c35025751f8028024fd82ebda7f7fd046aef594114dc1d854	7826917e635ae06c35025751f8028024fd82ebda7f7fd046aef594114dc1d854	source-directory-byte-hash-unrelated-snapshot	NOT_ASSESSED_BY_FILE_DELTA
PATIENT_WEB	lib/api/notifications-server.ts	PATIENT_WEB_BFF	SAME_CONTENT	d5e1faeb9257e5e41b69145d3b794d9180fcae9cd3b19d159a06b9aba897e0e5	d5e1faeb9257e5e41b69145d3b794d9180fcae9cd3b19d159a06b9aba897e0e5	source-directory-byte-hash-unrelated-snapshot	NOT_ASSESSED_BY_FILE_DELTA
PATIENT_WEB	lib/api/notifications.test.ts	PATIENT_WEB_BFF	SAME_CONTENT	47374d20bf4d5be4f2be74692bbf4c19efba43f6e13d730e83af66a8d048448e	47374d20bf4d5be4f2be74692bbf4c19efba43f6e13d730e83af66a8d048448e	source-directory-byte-hash-unrelated-snapshot	NOT_ASSESSED_BY_FILE_DELTA
PATIENT_WEB	lib/api/notifications.ts	PATIENT_WEB_BFF	SAME_CONTENT	0deb77ad221289c0a134832d8389037670b655600a7b0856cf045a03a43cb7fd	0deb77ad221289c0a134832d8389037670b655600a7b0856cf045a03a43cb7fd	source-directory-byte-hash-unrelated-snapshot	NOT_ASSESSED_BY_FILE_DELTA
PATIENT_WEB	lib/api/orders.test.ts	PATIENT_WEB_BFF	SAME_CONTENT	7b71e84b067188a98c40bc64909033864d3e2ddaa97002137cca737bbb928cc0	7b71e84b067188a98c40bc64909033864d3e2ddaa97002137cca737bbb928cc0	source-directory-byte-hash-unrelated-snapshot	NOT_ASSESSED_BY_FILE_DELTA
PATIENT_WEB	lib/api/orders.ts	PATIENT_WEB_BFF	SAME_CONTENT	3a14a1c3e1ae31bc94b40acb346f31ff8a3550abe178ec8cc6979b9ebdd38243	3a14a1c3e1ae31bc94b40acb346f31ff8a3550abe178ec8cc6979b9ebdd38243	source-directory-byte-hash-unrelated-snapshot	NOT_ASSESSED_BY_FILE_DELTA
PATIENT_WEB	lib/api/patient-allowlist.test.ts	PATIENT_WEB_BFF	SAME_CONTENT	6e207070b200d3db21eef32f3dd1695c5f53e8449ef4396546b7c6f006fdd99e	6e207070b200d3db21eef32f3dd1695c5f53e8449ef4396546b7c6f006fdd99e	source-directory-byte-hash-unrelated-snapshot	NOT_ASSESSED_BY_FILE_DELTA
PATIENT_WEB	lib/api/patient-allowlist.ts	PATIENT_WEB_BFF	SAME_CONTENT	756fa2b1ecf461416c21bb46aca27361715016ac039e54483f2c94cb8cdc1755	756fa2b1ecf461416c21bb46aca27361715016ac039e54483f2c94cb8cdc1755	source-directory-byte-hash-unrelated-snapshot	NOT_ASSESSED_BY_FILE_DELTA
PATIENT_WEB	lib/api/payments-server.ts	PATIENT_WEB_BFF	SAME_CONTENT	85750e9bd9f2fcd7e88250183f17632c9a6811024bf98799fb343fc44e3804f5	85750e9bd9f2fcd7e88250183f17632c9a6811024bf98799fb343fc44e3804f5	source-directory-byte-hash-unrelated-snapshot	NOT_ASSESSED_BY_FILE_DELTA
PATIENT_WEB	lib/api/payments.ts	PATIENT_WEB_BFF	SAME_CONTENT	fd07e9ceb3b4355890702d6c03edb43a25e716563d0f83c7e04a2909ec08a783	fd07e9ceb3b4355890702d6c03edb43a25e716563d0f83c7e04a2909ec08a783	source-directory-byte-hash-unrelated-snapshot	NOT_ASSESSED_BY_FILE_DELTA
PATIENT_WEB	lib/api/pharmacy-flow.ts	PATIENT_WEB_BFF	INCOMING_ONLY		d2d5ab21e5533f3947b06c813b9e6ddf6379d3b168fb9bf51b5077672e609ffb	source-directory-byte-hash-unrelated-snapshot	NOT_ASSESSED_BY_FILE_DELTA
PATIENT_WEB	lib/api/prescriptions-server.test.ts	PATIENT_WEB_BFF	SAME_CONTENT	72838c48e29ac97b5847c6122835099de40e38ac7c028610a703b7d3cfa5515d	72838c48e29ac97b5847c6122835099de40e38ac7c028610a703b7d3cfa5515d	source-directory-byte-hash-unrelated-snapshot	NOT_ASSESSED_BY_FILE_DELTA
PATIENT_WEB	lib/api/prescriptions-server.ts	PATIENT_WEB_BFF	SAME_CONTENT	e977f176b28a3a93f6cf6d5d6777191847450613d6c66fa36ddd2ca4b0558e13	e977f176b28a3a93f6cf6d5d6777191847450613d6c66fa36ddd2ca4b0558e13	source-directory-byte-hash-unrelated-snapshot	NOT_ASSESSED_BY_FILE_DELTA
PATIENT_WEB	lib/api/prescriptions.test.ts	PATIENT_WEB_BFF	SAME_CONTENT	992dddfd47ed2df32543cf240a51de56e4f0440febdae198c0e564a2c647ba60	992dddfd47ed2df32543cf240a51de56e4f0440febdae198c0e564a2c647ba60	source-directory-byte-hash-unrelated-snapshot	NOT_ASSESSED_BY_FILE_DELTA
PATIENT_WEB	lib/api/prescriptions.ts	PATIENT_WEB_BFF	SAME_CONTENT	6a7d0c3075af972558b92e8cf55963ae39e807140d52413382e1b8b2ac5035a4	6a7d0c3075af972558b92e8cf55963ae39e807140d52413382e1b8b2ac5035a4	source-directory-byte-hash-unrelated-snapshot	NOT_ASSESSED_BY_FILE_DELTA
PATIENT_WEB	lib/api/profile-security.test.ts	PATIENT_WEB_BFF	SAME_CONTENT	2f0b88cd09d4a4cf30fb953a7b0a5936f7e0cea3201c6497f6b264df5b29a6fe	2f0b88cd09d4a4cf30fb953a7b0a5936f7e0cea3201c6497f6b264df5b29a6fe	source-directory-byte-hash-unrelated-snapshot	NOT_ASSESSED_BY_FILE_DELTA
PATIENT_WEB	lib/api/profile.test.ts	PATIENT_WEB_BFF	SAME_CONTENT	1df287e9b5a3d326af57bdb60b0fcf0fff88a726b93585d3c9575a8eb54f8e75	1df287e9b5a3d326af57bdb60b0fcf0fff88a726b93585d3c9575a8eb54f8e75	source-directory-byte-hash-unrelated-snapshot	NOT_ASSESSED_BY_FILE_DELTA
PATIENT_WEB	lib/api/profile.ts	PATIENT_WEB_BFF	SAME_CONTENT	e83cece99666fee90e0d161f4cdf5d312c6996bdd23b999541882c16e3a7381c	e83cece99666fee90e0d161f4cdf5d312c6996bdd23b999541882c16e3a7381c	source-directory-byte-hash-unrelated-snapshot	NOT_ASSESSED_BY_FILE_DELTA
PATIENT_WEB	lib/api/public-medicines-server.test.ts	PATIENT_WEB_BFF	SAME_CONTENT	18ab578e98ccc03fb0866848e3b9ca7ad0c0a688b79cc4cd6718561b600ea339	18ab578e98ccc03fb0866848e3b9ca7ad0c0a688b79cc4cd6718561b600ea339	source-directory-byte-hash-unrelated-snapshot	NOT_ASSESSED_BY_FILE_DELTA
PATIENT_WEB	lib/api/public-medicines-server.ts	PATIENT_WEB_BFF	SAME_CONTENT	f24cf2219f11b18804967a006a8bde8a7817206a3c251e8494610a8a8bdfe022	f24cf2219f11b18804967a006a8bde8a7817206a3c251e8494610a8a8bdfe022	source-directory-byte-hash-unrelated-snapshot	NOT_ASSESSED_BY_FILE_DELTA
PATIENT_WEB	lib/api/radiology-server.test.ts	PATIENT_WEB_BFF	SAME_CONTENT	acf2e2d354290140cb357676b27a8f8f881fc906980684fcc8a33cf6c33ce2dd	acf2e2d354290140cb357676b27a8f8f881fc906980684fcc8a33cf6c33ce2dd	source-directory-byte-hash-unrelated-snapshot	NOT_ASSESSED_BY_FILE_DELTA
PATIENT_WEB	lib/api/radiology-server.ts	PATIENT_WEB_BFF	SAME_CONTENT	a4efc7805ae7e072c722b906ba795edafc2886a20f03d9fecfbb7c228f5ddfee	a4efc7805ae7e072c722b906ba795edafc2886a20f03d9fecfbb7c228f5ddfee	source-directory-byte-hash-unrelated-snapshot	NOT_ASSESSED_BY_FILE_DELTA
PATIENT_WEB	lib/api/radiology.test.ts	PATIENT_WEB_BFF	SAME_CONTENT	3f0be5a898f21250a2b80c8e0a1d2b53c9276b1b8c8217c4fac1846e78cd8ec3	3f0be5a898f21250a2b80c8e0a1d2b53c9276b1b8c8217c4fac1846e78cd8ec3	source-directory-byte-hash-unrelated-snapshot	NOT_ASSESSED_BY_FILE_DELTA
PATIENT_WEB	lib/api/radiology.ts	PATIENT_WEB_BFF	SAME_CONTENT	d6a4d898a8a3980bbba0da9d05e70dd54f8d259f632465244de595fe674e2cc8	d6a4d898a8a3980bbba0da9d05e70dd54f8d259f632465244de595fe674e2cc8	source-directory-byte-hash-unrelated-snapshot	NOT_ASSESSED_BY_FILE_DELTA
PATIENT_WEB	lib/api/reminders-server.test.ts	PATIENT_WEB_BFF	SAME_CONTENT	06ed5f10b5c2cc92db9fc2bb5eeb3f3bc59eee36a6b5c1a36e22f49dfd7d40cb	06ed5f10b5c2cc92db9fc2bb5eeb3f3bc59eee36a6b5c1a36e22f49dfd7d40cb	source-directory-byte-hash-unrelated-snapshot	NOT_ASSESSED_BY_FILE_DELTA
PATIENT_WEB	lib/api/reminders-server.ts	PATIENT_WEB_BFF	SAME_CONTENT	e5fc76a3188ad2afc5cab5ec3d07561d3b68758b9d3369f2b45ee49437907d14	e5fc76a3188ad2afc5cab5ec3d07561d3b68758b9d3369f2b45ee49437907d14	source-directory-byte-hash-unrelated-snapshot	NOT_ASSESSED_BY_FILE_DELTA
PATIENT_WEB	lib/api/reminders.test.ts	PATIENT_WEB_BFF	SAME_CONTENT	e26c57c2331efdaf227ac748faaf40f8fe1d956b068ead829fa4faa3681e4087	e26c57c2331efdaf227ac748faaf40f8fe1d956b068ead829fa4faa3681e4087	source-directory-byte-hash-unrelated-snapshot	NOT_ASSESSED_BY_FILE_DELTA
PATIENT_WEB	lib/api/reminders.ts	PATIENT_WEB_BFF	SAME_CONTENT	209bf00c1bfd5d160893715cf9c6ee72c8d57c725103426c18cf10901bc8710f	209bf00c1bfd5d160893715cf9c6ee72c8d57c725103426c18cf10901bc8710f	source-directory-byte-hash-unrelated-snapshot	NOT_ASSESSED_BY_FILE_DELTA
PATIENT_WEB	lib/api/reports.test.ts	PATIENT_WEB_BFF	SAME_CONTENT	489ebe5bbcfac0ae2d6a141ef7a9e82acca848aeeed0fab2a695a0d67c3984ac	489ebe5bbcfac0ae2d6a141ef7a9e82acca848aeeed0fab2a695a0d67c3984ac	source-directory-byte-hash-unrelated-snapshot	NOT_ASSESSED_BY_FILE_DELTA
PATIENT_WEB	lib/api/reports.ts	PATIENT_WEB_BFF	SAME_CONTENT	cc46e6fca1482682a83f04dee28dbaed0aa194ffc0265bfd0e08e199f2ef3418	cc46e6fca1482682a83f04dee28dbaed0aa194ffc0265bfd0e08e199f2ef3418	source-directory-byte-hash-unrelated-snapshot	NOT_ASSESSED_BY_FILE_DELTA
PATIENT_WEB	lib/api/response.ts	PATIENT_WEB_BFF	SAME_CONTENT	1e156951fa7be33a4f66cccd94bdd8bcac820a539506eafe203f1039b09b5af4	1e156951fa7be33a4f66cccd94bdd8bcac820a539506eafe203f1039b09b5af4	source-directory-byte-hash-unrelated-snapshot	NOT_ASSESSED_BY_FILE_DELTA
PATIENT_WEB	lib/api/sandbox-appointments-contracts.test.ts	PATIENT_WEB_BFF	SAME_CONTENT	ee59f51d32a1dfee46e6e8dd6b60cd5d3469f618f08a79c9d3d60df105727160	ee59f51d32a1dfee46e6e8dd6b60cd5d3469f618f08a79c9d3d60df105727160	source-directory-byte-hash-unrelated-snapshot	NOT_ASSESSED_BY_FILE_DELTA
PATIENT_WEB	lib/api/sandbox-chat-contract.test.ts	PATIENT_WEB_BFF	SAME_CONTENT	01f2cd0b9fabea828b1416f1b15d0918f20c59c442ca3cbeba3c02dfe11f7144	01f2cd0b9fabea828b1416f1b15d0918f20c59c442ca3cbeba3c02dfe11f7144	source-directory-byte-hash-unrelated-snapshot	NOT_ASSESSED_BY_FILE_DELTA
PATIENT_WEB	lib/api/sandbox-diagnostics-contracts.test.ts	PATIENT_WEB_BFF	SAME_CONTENT	f2c679ce8c7ad99d214247c7b92fe389ee05c06cfd2345479a808f0fd8f2738f	f2c679ce8c7ad99d214247c7b92fe389ee05c06cfd2345479a808f0fd8f2738f	source-directory-byte-hash-unrelated-snapshot	NOT_ASSESSED_BY_FILE_DELTA
PATIENT_WEB	lib/api/sandbox-family-contract.test.ts	PATIENT_WEB_BFF	SAME_CONTENT	7232c8cf4458e1afa7cff4a6199c171c5eb2b520538ae6440800dd70764a1642	7232c8cf4458e1afa7cff4a6199c171c5eb2b520538ae6440800dd70764a1642	source-directory-byte-hash-unrelated-snapshot	NOT_ASSESSED_BY_FILE_DELTA
PATIENT_WEB	lib/api/sandbox-home-care-contract.test.ts	PATIENT_WEB_BFF	SAME_CONTENT	2cf053e36b88995e473b6835088071d394c76b520b8a1fd9c24bf488ba750996	2cf053e36b88995e473b6835088071d394c76b520b8a1fd9c24bf488ba750996	source-directory-byte-hash-unrelated-snapshot	NOT_ASSESSED_BY_FILE_DELTA
PATIENT_WEB	lib/api/sandbox-medicines-contract.test.ts	PATIENT_WEB_BFF	SAME_CONTENT	2a0911d8fd9e57cea3cac42597dc78b36385eac01601e4170ad2bcecdcc9ba7a	2a0911d8fd9e57cea3cac42597dc78b36385eac01601e4170ad2bcecdcc9ba7a	source-directory-byte-hash-unrelated-snapshot	NOT_ASSESSED_BY_FILE_DELTA
PATIENT_WEB	lib/api/sandbox-notifications-contract.test.ts	PATIENT_WEB_BFF	SAME_CONTENT	ff89791efd818ae95e2dbb502733ba4d597adc2a8dc3b847561d2db11608deb0	ff89791efd818ae95e2dbb502733ba4d597adc2a8dc3b847561d2db11608deb0	source-directory-byte-hash-unrelated-snapshot	NOT_ASSESSED_BY_FILE_DELTA
PATIENT_WEB	lib/api/sandbox-order-ownership.test.ts	PATIENT_WEB_BFF	SAME_CONTENT	cba04d959851ee0f1a632c349579e4b2722cc1f3137dc6ab9d1038a38554750f	cba04d959851ee0f1a632c349579e4b2722cc1f3137dc6ab9d1038a38554750f	source-directory-byte-hash-unrelated-snapshot	NOT_ASSESSED_BY_FILE_DELTA
PATIENT_WEB	lib/api/sandbox-prescriptions-contract.test.ts	PATIENT_WEB_BFF	SAME_CONTENT	9d69aac27c04a6d1d97a1b0d149b7f541a1cd68e5bd0e4a51beec3c206a9de12	9d69aac27c04a6d1d97a1b0d149b7f541a1cd68e5bd0e4a51beec3c206a9de12	source-directory-byte-hash-unrelated-snapshot	NOT_ASSESSED_BY_FILE_DELTA
PATIENT_WEB	lib/api/sandbox-profile-contracts.test.ts	PATIENT_WEB_BFF	SAME_CONTENT	c469825873dfb495438883b3bf44c0b0574e994065b6c65af9262f4ffdb3376c	c469825873dfb495438883b3bf44c0b0574e994065b6c65af9262f4ffdb3376c	source-directory-byte-hash-unrelated-snapshot	NOT_ASSESSED_BY_FILE_DELTA
PATIENT_WEB	lib/api/sandbox-reminders-contract.test.ts	PATIENT_WEB_BFF	SAME_CONTENT	a563c053ffbcfa5a0b7acf165237c0033dbf5b0d4038a64498b3a507c1eb9fba	a563c053ffbcfa5a0b7acf165237c0033dbf5b0d4038a64498b3a507c1eb9fba	source-directory-byte-hash-unrelated-snapshot	NOT_ASSESSED_BY_FILE_DELTA
PATIENT_WEB	lib/api/sandbox-secrets.test.ts	PATIENT_WEB_BFF	SAME_CONTENT	195cbc31eaa16f3e8d11a0bc13cd379e4e59479e40e97ed4e4fd839ee6929138	195cbc31eaa16f3e8d11a0bc13cd379e4e59479e40e97ed4e4fd839ee6929138	source-directory-byte-hash-unrelated-snapshot	NOT_ASSESSED_BY_FILE_DELTA
PATIENT_WEB	lib/api/sandbox-specialty-provider-count.test.ts	PATIENT_WEB_BFF	SAME_CONTENT	a9115c0d68b5e10f0eac2545388cabf46f04fd30bd38bb03e17ef40808e60241	a9115c0d68b5e10f0eac2545388cabf46f04fd30bd38bb03e17ef40808e60241	source-directory-byte-hash-unrelated-snapshot	NOT_ASSESSED_BY_FILE_DELTA
PATIENT_WEB	lib/api/sandbox-vitals-contract.test.ts	PATIENT_WEB_BFF	SAME_CONTENT	4c69f011ffa653580a9d416e2fe36c3f6e775df02c39ccc483b7e5acb37e68ac	4c69f011ffa653580a9d416e2fe36c3f6e775df02c39ccc483b7e5acb37e68ac	source-directory-byte-hash-unrelated-snapshot	NOT_ASSESSED_BY_FILE_DELTA
PATIENT_WEB	lib/api/settings-server.ts	PATIENT_WEB_BFF	SAME_CONTENT	55c43e803d5ba82591e9c8bc62e76248acfa2be0c56cead203368bb070978a96	55c43e803d5ba82591e9c8bc62e76248acfa2be0c56cead203368bb070978a96	source-directory-byte-hash-unrelated-snapshot	NOT_ASSESSED_BY_FILE_DELTA
PATIENT_WEB	lib/api/settings.test.ts	PATIENT_WEB_BFF	SAME_CONTENT	49d74405969cb4dfee9156a5fb1f3197ae3e53c6078134d9a7d458927fb28f95	49d74405969cb4dfee9156a5fb1f3197ae3e53c6078134d9a7d458927fb28f95	source-directory-byte-hash-unrelated-snapshot	NOT_ASSESSED_BY_FILE_DELTA
PATIENT_WEB	lib/api/settings.ts	PATIENT_WEB_BFF	SAME_CONTENT	54db00e7c52912085ad99384b44c85336a2ed4f1ea4800da12fd6d2773cc00ff	54db00e7c52912085ad99384b44c85336a2ed4f1ea4800da12fd6d2773cc00ff	source-directory-byte-hash-unrelated-snapshot	NOT_ASSESSED_BY_FILE_DELTA
PATIENT_WEB	lib/api/sleep-server.ts	PATIENT_WEB_BFF	SAME_CONTENT	29b55d6c295d0896f7f1c997b451fe7b8de9ea2c27cfdbe96a807eec46442466	29b55d6c295d0896f7f1c997b451fe7b8de9ea2c27cfdbe96a807eec46442466	source-directory-byte-hash-unrelated-snapshot	NOT_ASSESSED_BY_FILE_DELTA
PATIENT_WEB	lib/api/sleep.test.ts	PATIENT_WEB_BFF	SAME_CONTENT	b0b9c50b7a301edfa695d046d77a55772b0c8c381d0e82c1d03f71e8205e4c0f	b0b9c50b7a301edfa695d046d77a55772b0c8c381d0e82c1d03f71e8205e4c0f	source-directory-byte-hash-unrelated-snapshot	NOT_ASSESSED_BY_FILE_DELTA
PATIENT_WEB	lib/api/sleep.ts	PATIENT_WEB_BFF	SAME_CONTENT	0d9b9d778c605a3b9917f335289c3159da2dad5d3f2dd20eb50e497b7b15ea78	0d9b9d778c605a3b9917f335289c3159da2dad5d3f2dd20eb50e497b7b15ea78	source-directory-byte-hash-unrelated-snapshot	NOT_ASSESSED_BY_FILE_DELTA
PATIENT_WEB	lib/api/specialties-server.test.ts	PATIENT_WEB_BFF	SAME_CONTENT	307c981e4d83699e47616fb777d28342819668c4390ac4cea365657b7dc4b785	307c981e4d83699e47616fb777d28342819668c4390ac4cea365657b7dc4b785	source-directory-byte-hash-unrelated-snapshot	NOT_ASSESSED_BY_FILE_DELTA
PATIENT_WEB	lib/api/specialties-server.ts	PATIENT_WEB_BFF	SAME_CONTENT	89f7fce8f79f5d12e9adaab720556617c51a8dd11e6ecbb63839ef53cb825dc3	89f7fce8f79f5d12e9adaab720556617c51a8dd11e6ecbb63839ef53cb825dc3	source-directory-byte-hash-unrelated-snapshot	NOT_ASSESSED_BY_FILE_DELTA
PATIENT_WEB	lib/api/specialties.test.ts	PATIENT_WEB_BFF	SAME_CONTENT	8522605874a489096f141f1db84632f3830de57ac335cbbfc36a610f7ebcdc47	8522605874a489096f141f1db84632f3830de57ac335cbbfc36a610f7ebcdc47	source-directory-byte-hash-unrelated-snapshot	NOT_ASSESSED_BY_FILE_DELTA
PATIENT_WEB	lib/api/specialties.ts	PATIENT_WEB_BFF	SAME_CONTENT	124c9d429d39fd26a73dbf9d7b8ae679edb7bf9eb03fea03be602479ce08630d	124c9d429d39fd26a73dbf9d7b8ae679edb7bf9eb03fea03be602479ce08630d	source-directory-byte-hash-unrelated-snapshot	NOT_ASSESSED_BY_FILE_DELTA
PATIENT_WEB	lib/api/trends-server.ts	PATIENT_WEB_BFF	SAME_CONTENT	6f319c1cdf22e91f57be18d7fbddea3ee99e9a49f244240aef8af3fa6f4c45a3	6f319c1cdf22e91f57be18d7fbddea3ee99e9a49f244240aef8af3fa6f4c45a3	source-directory-byte-hash-unrelated-snapshot	NOT_ASSESSED_BY_FILE_DELTA
PATIENT_WEB	lib/api/trends.test.ts	PATIENT_WEB_BFF	SAME_CONTENT	47471d2e5aa68005ff449ee41fdea34c858b62e8e2a84cad2f4362f1c98802a1	47471d2e5aa68005ff449ee41fdea34c858b62e8e2a84cad2f4362f1c98802a1	source-directory-byte-hash-unrelated-snapshot	NOT_ASSESSED_BY_FILE_DELTA
PATIENT_WEB	lib/api/trends.ts	PATIENT_WEB_BFF	SAME_CONTENT	2fa04656b888863a603e203e087e40d6b3e6bbee7f99028fa76562827186c650	2fa04656b888863a603e203e087e40d6b3e6bbee7f99028fa76562827186c650	source-directory-byte-hash-unrelated-snapshot	NOT_ASSESSED_BY_FILE_DELTA
PATIENT_WEB	lib/api/upstream.test.ts	PATIENT_WEB_BFF	SAME_CONTENT	ca39563a2bbc3075af1462b470b4f6bcd72ba9ce494113492d4042e3d75c3467	ca39563a2bbc3075af1462b470b4f6bcd72ba9ce494113492d4042e3d75c3467	source-directory-byte-hash-unrelated-snapshot	NOT_ASSESSED_BY_FILE_DELTA
PATIENT_WEB	lib/api/upstream.ts	PATIENT_WEB_BFF	SAME_CONTENT	d0eb1da677b41af8d1a1edce71aea1cb312a2bc95ef58cb037e5fd2cf7a01f7f	d0eb1da677b41af8d1a1edce71aea1cb312a2bc95ef58cb037e5fd2cf7a01f7f	source-directory-byte-hash-unrelated-snapshot	NOT_ASSESSED_BY_FILE_DELTA
PATIENT_WEB	lib/api/vitals-history.test.ts	PATIENT_WEB_BFF	SAME_CONTENT	49866aed5c8b5426d429bdf462d1a47de3f3e1a4c7f752ba79ded60f4dd36f2f	49866aed5c8b5426d429bdf462d1a47de3f3e1a4c7f752ba79ded60f4dd36f2f	source-directory-byte-hash-unrelated-snapshot	NOT_ASSESSED_BY_FILE_DELTA
PATIENT_WEB	lib/api/vitals-server.test.ts	PATIENT_WEB_BFF	SAME_CONTENT	6c45b68c73ccd15e42e8cff817b090c719cf2b9549d56595e98c335f703799ac	6c45b68c73ccd15e42e8cff817b090c719cf2b9549d56595e98c335f703799ac	source-directory-byte-hash-unrelated-snapshot	NOT_ASSESSED_BY_FILE_DELTA
PATIENT_WEB	lib/api/vitals-server.ts	PATIENT_WEB_BFF	SAME_CONTENT	a3995d28e02a178f91fa618dc7a507d4bcba2a79aaba30707e6acffce34ccb6b	a3995d28e02a178f91fa618dc7a507d4bcba2a79aaba30707e6acffce34ccb6b	source-directory-byte-hash-unrelated-snapshot	NOT_ASSESSED_BY_FILE_DELTA
PATIENT_WEB	lib/api/vitals.test.ts	PATIENT_WEB_BFF	SAME_CONTENT	4e61723f8a5e9f3e969652d72e49b54680ca30456af37b524bc8d21cb5680149	4e61723f8a5e9f3e969652d72e49b54680ca30456af37b524bc8d21cb5680149	source-directory-byte-hash-unrelated-snapshot	NOT_ASSESSED_BY_FILE_DELTA
PATIENT_WEB	lib/api/vitals.ts	PATIENT_WEB_BFF	SAME_CONTENT	da5cbf0d2d65cd9c481891e55f5d6b47c002e7aadb19f4c5906a3cb1e3ccedf5	da5cbf0d2d65cd9c481891e55f5d6b47c002e7aadb19f4c5906a3cb1e3ccedf5	source-directory-byte-hash-unrelated-snapshot	NOT_ASSESSED_BY_FILE_DELTA
PATIENT_WEB	lib/api/wishlist-server.test.ts	PATIENT_WEB_BFF	SAME_CONTENT	93064dee0bf94e2cf9aa804e680aba40f960b2d2c647792d1beeb0e0a9269551	93064dee0bf94e2cf9aa804e680aba40f960b2d2c647792d1beeb0e0a9269551	source-directory-byte-hash-unrelated-snapshot	NOT_ASSESSED_BY_FILE_DELTA
PATIENT_WEB	lib/api/wishlist-server.ts	PATIENT_WEB_BFF	SAME_CONTENT	5ae0c91c385b6c6e34c7a0a61e9b31d7e273cd62f35ee0587695f1ca5705735a	5ae0c91c385b6c6e34c7a0a61e9b31d7e273cd62f35ee0587695f1ca5705735a	source-directory-byte-hash-unrelated-snapshot	NOT_ASSESSED_BY_FILE_DELTA
PATIENT_WEB	lib/api/wishlist.test.ts	PATIENT_WEB_BFF	SAME_CONTENT	bf4d69a8584da4481d612d5fbe46445f626b1d6c9ad6aca111e43d38aa087f3d	bf4d69a8584da4481d612d5fbe46445f626b1d6c9ad6aca111e43d38aa087f3d	source-directory-byte-hash-unrelated-snapshot	NOT_ASSESSED_BY_FILE_DELTA
PATIENT_WEB	lib/api/wishlist.ts	PATIENT_WEB_BFF	SAME_CONTENT	13ff5c5e7522a552d14d8fcd7e2a510c7ec80447f3886e89ee51feb4e684fb05	13ff5c5e7522a552d14d8fcd7e2a510c7ec80447f3886e89ee51feb4e684fb05	source-directory-byte-hash-unrelated-snapshot	NOT_ASSESSED_BY_FILE_DELTA
PATIENT_WEB	lib/auth/cookies.ts	PATIENT_WEB	SAME_CONTENT	e88ca88ece7f0cadbaaf4ee343a5f7d171304e70f0321da3815667dc53d36490	e88ca88ece7f0cadbaaf4ee343a5f7d171304e70f0321da3815667dc53d36490	source-directory-byte-hash-unrelated-snapshot	NOT_ASSESSED_BY_FILE_DELTA
PATIENT_WEB	lib/auth/refresh.test.ts	TEST_OR_E2E	SAME_CONTENT	d6957133b2952afb80724357b44aad5a734752a1b24eb420d5e27c19c6f778d1	d6957133b2952afb80724357b44aad5a734752a1b24eb420d5e27c19c6f778d1	source-directory-byte-hash-unrelated-snapshot	NOT_ASSESSED_BY_FILE_DELTA
PATIENT_WEB	lib/auth/refresh.ts	PATIENT_WEB	SAME_CONTENT	5b78d1fbab647fd5c0f4f891935e6c898591420df35e9c1774983a75791b326a	5b78d1fbab647fd5c0f4f891935e6c898591420df35e9c1774983a75791b326a	source-directory-byte-hash-unrelated-snapshot	NOT_ASSESSED_BY_FILE_DELTA
PATIENT_WEB	lib/auth/session.ts	PATIENT_WEB	SAME_CONTENT	dc31f542f08afcfd02502b42dcbef94cc546d59438cef3fe1bcbc30bf602baf2	dc31f542f08afcfd02502b42dcbef94cc546d59438cef3fe1bcbc30bf602baf2	source-directory-byte-hash-unrelated-snapshot	NOT_ASSESSED_BY_FILE_DELTA
PATIENT_WEB	lib/i18n.test.ts	TEST_OR_E2E	SAME_CONTENT	1a7d7dd1aeb82bbebcc8ff8d6f83c7abb4def878df35db967fac13c637bc6a08	1a7d7dd1aeb82bbebcc8ff8d6f83c7abb4def878df35db967fac13c637bc6a08	source-directory-byte-hash-unrelated-snapshot	NOT_ASSESSED_BY_FILE_DELTA
PATIENT_WEB	lib/i18n.ts	PATIENT_WEB	SAME_CONTENT	b5f96db475e31818bbf432abd040aa4529cf056687632819c40724005501228a	b5f96db475e31818bbf432abd040aa4529cf056687632819c40724005501228a	source-directory-byte-hash-unrelated-snapshot	NOT_ASSESSED_BY_FILE_DELTA
PATIENT_WEB	lib/i18n/global-notfound.ts	PATIENT_WEB	SAME_CONTENT	e484e9ce6ac8d65dacc6cc74533aec9b4d96485d60de0012d9ecc4d85efa80a1	e484e9ce6ac8d65dacc6cc74533aec9b4d96485d60de0012d9ecc4d85efa80a1	source-directory-byte-hash-unrelated-snapshot	NOT_ASSESSED_BY_FILE_DELTA
PATIENT_WEB	lib/i18n/messages.test.ts	TEST_OR_E2E	SAME_CONTENT	e31936d2394acb1410209eabc1026b9633ce819653a946b1989d0bb06f6a7051	e31936d2394acb1410209eabc1026b9633ce819653a946b1989d0bb06f6a7051	source-directory-byte-hash-unrelated-snapshot	NOT_ASSESSED_BY_FILE_DELTA
PATIENT_WEB	lib/seo.ts	PATIENT_WEB	SAME_CONTENT	a69b257ffd5c6cf0770e4732e32fc3f92ca481e38523a57aa49c20e9d3886d87	a69b257ffd5c6cf0770e4732e32fc3f92ca481e38523a57aa49c20e9d3886d87	source-directory-byte-hash-unrelated-snapshot	NOT_ASSESSED_BY_FILE_DELTA
PATIENT_WEB	messages/ar.json	PATIENT_WEB	SAME_CONTENT	3d80b81e44f9b506dbd47eb62d703357f06b880ee5a638f3a8748f5ec6db6bc8	3d80b81e44f9b506dbd47eb62d703357f06b880ee5a638f3a8748f5ec6db6bc8	source-directory-byte-hash-unrelated-snapshot	NOT_ASSESSED_BY_FILE_DELTA
PATIENT_WEB	messages/bn.json	PATIENT_WEB	SAME_CONTENT	70c695a1a711d22e51b4fb888f3ae05290274e4ab8d9195dddb3f74a233f496e	70c695a1a711d22e51b4fb888f3ae05290274e4ab8d9195dddb3f74a233f496e	source-directory-byte-hash-unrelated-snapshot	NOT_ASSESSED_BY_FILE_DELTA
PATIENT_WEB	messages/en.json	PATIENT_WEB	SAME_CONTENT	08114eae33752a26916c3ab37733f38ff5295fd8377692fee399dc2d598f00be	08114eae33752a26916c3ab37733f38ff5295fd8377692fee399dc2d598f00be	source-directory-byte-hash-unrelated-snapshot	NOT_ASSESSED_BY_FILE_DELTA
PATIENT_WEB	messages/fil.json	PATIENT_WEB	SAME_CONTENT	053782b69fa023191b406c490331a45fc09d5cafeafb5a8e5d7ecb01fa1378a3	053782b69fa023191b406c490331a45fc09d5cafeafb5a8e5d7ecb01fa1378a3	source-directory-byte-hash-unrelated-snapshot	NOT_ASSESSED_BY_FILE_DELTA
PATIENT_WEB	messages/hi.json	PATIENT_WEB	SAME_CONTENT	c74399e4b16164e8a637f77ca99aa9e1f02d5e637a4230dd3b139978e49e599d	c74399e4b16164e8a637f77ca99aa9e1f02d5e637a4230dd3b139978e49e599d	source-directory-byte-hash-unrelated-snapshot	NOT_ASSESSED_BY_FILE_DELTA
PATIENT_WEB	messages/ur.json	PATIENT_WEB	SAME_CONTENT	9879f69c64b61d14cfe2f8678caeeaa35bfa4ba61c9dd083a456de0aff1f92b4	9879f69c64b61d14cfe2f8678caeeaa35bfa4ba61c9dd083a456de0aff1f92b4	source-directory-byte-hash-unrelated-snapshot	NOT_ASSESSED_BY_FILE_DELTA
PATIENT_WEB	next-env.d.ts	PATIENT_WEB	SAME_CONTENT	1862ac4bbbc5192d4bf562161df66ea547ed3e67173100656ab606ae9797db2b	1862ac4bbbc5192d4bf562161df66ea547ed3e67173100656ab606ae9797db2b	source-directory-byte-hash-unrelated-snapshot	NOT_ASSESSED_BY_FILE_DELTA
PATIENT_WEB	next.config.ts	PATIENT_WEB	SAME_CONTENT	486ee48576c4a8e4c4a94d1095b8b5a92feb82c666d65fededbd599eadb0f32c	486ee48576c4a8e4c4a94d1095b8b5a92feb82c666d65fededbd599eadb0f32c	source-directory-byte-hash-unrelated-snapshot	NOT_ASSESSED_BY_FILE_DELTA
PATIENT_WEB	package.json	PATIENT_WEB	MODIFIED	ea3064c638d18f64d00e406126bf9b9575b12a920a4f33bef91b91d52e2a7306	7f4bb4ef0debfcc128317d8dd3a9e62127e915c103b5254219992515e044e1b0	source-directory-byte-hash-unrelated-snapshot	NOT_ASSESSED_BY_FILE_DELTA
PATIENT_WEB	patches/wouter@3.7.1.patch	PATIENT_WEB	SAME_CONTENT	4e16e6ff3fde7d6c1024d3e0c8605dc9eb6afb690d0d49958c2f449091813072	4e16e6ff3fde7d6c1024d3e0c8605dc9eb6afb690d0d49958c2f449091813072	source-directory-byte-hash-unrelated-snapshot	NOT_ASSESSED_BY_FILE_DELTA
PATIENT_WEB	pnpm-lock.yaml	PATIENT_WEB	MODIFIED	44012daa5ab34a0efc797003048b9c572db9dc5c38068f2a7d0907d974f37b48	07c7468dff0ed0c414b0ea886e06213d545071bb66a69de827b1c54c9123f73b	source-directory-byte-hash-unrelated-snapshot	NOT_ASSESSED_BY_FILE_DELTA
PATIENT_WEB	proxy.ts	PATIENT_WEB	MODIFIED	98523af50b46f7777d3c49d95698a60b636bc53715ff009dbff028c44630a862	27eb10e339d699293dfbeb6ab19fc006595b4c8ea319a491d6ad9f321fa217ed	source-directory-byte-hash-unrelated-snapshot	NOT_ASSESSED_BY_FILE_DELTA
PATIENT_WEB	public/sw.js	PATIENT_WEB	INCOMING_ONLY		a880b0fdfa1f475bf8689ec5b074f6139aff494db2bcb32f8715dc06602bdaa7	source-directory-byte-hash-unrelated-snapshot	NOT_ASSESSED_BY_FILE_DELTA
PATIENT_WEB	scripts/add_wishlist_i18n.py	PATIENT_WEB	SAME_CONTENT	2e1859a1eede7cb0510ad1e8cae26538989e7f92deb91a1b3b8a1f5c56330ce6	2e1859a1eede7cb0510ad1e8cae26538989e7f92deb91a1b3b8a1f5c56330ce6	source-directory-byte-hash-unrelated-snapshot	NOT_ASSESSED_BY_FILE_DELTA
PATIENT_WEB	scripts/build_parity_matrix.py	PATIENT_WEB	SAME_CONTENT	de15e4d6444a95b5519bfc5376d725e23f145c0c0e7be94c85f6369b97794a52	de15e4d6444a95b5519bfc5376d725e23f145c0c0e7be94c85f6369b97794a52	source-directory-byte-hash-unrelated-snapshot	NOT_ASSESSED_BY_FILE_DELTA
PATIENT_WEB	scripts/compare_mobile_web.py	PATIENT_WEB	SAME_CONTENT	bbdb2302fda385b9d9662887e82a01d5101506ec9104a026313a07e6e8a6c7b7	bbdb2302fda385b9d9662887e82a01d5101506ec9104a026313a07e6e8a6c7b7	source-directory-byte-hash-unrelated-snapshot	NOT_ASSESSED_BY_FILE_DELTA
PATIENT_WEB	scripts/extract_prod_advisories.cjs	PATIENT_WEB	SAME_CONTENT	ca0d7d244378bd907f1b2028c713f042f75e89b9f69ef0f62188432167099753	ca0d7d244378bd907f1b2028c713f042f75e89b9f69ef0f62188432167099753	source-directory-byte-hash-unrelated-snapshot	NOT_ASSESSED_BY_FILE_DELTA
PATIENT_WEB	scripts/full_parity_audit.py	PATIENT_WEB	SAME_CONTENT	eef6d77d7d41e9c3cfd45ba206214ed338919197f86a158183bfa1ae99bd0d6a	eef6d77d7d41e9c3cfd45ba206214ed338919197f86a158183bfa1ae99bd0d6a	source-directory-byte-hash-unrelated-snapshot	NOT_ASSESSED_BY_FILE_DELTA
PATIENT_WEB	scripts/inspect-openapi-gap-contracts.mjs	PATIENT_WEB	SAME_CONTENT	9eaa55c16c2f46c24da514f685028c832214cf25594cad8cbbdcbe89b5672299	9eaa55c16c2f46c24da514f685028c832214cf25594cad8cbbdcbe89b5672299	source-directory-byte-hash-unrelated-snapshot	NOT_ASSESSED_BY_FILE_DELTA
PATIENT_WEB	scripts/inspect-specialty-count-contract.mjs	PATIENT_WEB	SAME_CONTENT	b2e189027a18aa06678702a2ede28ef6a881779c537b01d37c76561dee1b5b7b	b2e189027a18aa06678702a2ede28ef6a881779c537b01d37c76561dee1b5b7b	source-directory-byte-hash-unrelated-snapshot	NOT_ASSESSED_BY_FILE_DELTA
PATIENT_WEB	scripts/run-sandbox-contracts.sh	PATIENT_WEB	SAME_CONTENT	4538c535459412d8d29c7e8a6d8876ce3785cdb2db5cd728c058fee64e8ee72e	4538c535459412d8d29c7e8a6d8876ce3785cdb2db5cd728c058fee64e8ee72e	source-directory-byte-hash-unrelated-snapshot	NOT_ASSESSED_BY_FILE_DELTA
PATIENT_WEB	scripts/summarize_pnpm_audit.py	PATIENT_WEB	SAME_CONTENT	9d737d63065f689577095d4830257f73bca18fb3f6b7ed35fb5f0fdfb1485b8d	9d737d63065f689577095d4830257f73bca18fb3f6b7ed35fb5f0fdfb1485b8d	source-directory-byte-hash-unrelated-snapshot	NOT_ASSESSED_BY_FILE_DELTA
PATIENT_WEB	scripts/verify-core-routes.sh	PATIENT_WEB	SAME_CONTENT	cf688c734e10a48a8bcd608d4fcbc0661ac5fa4d9ea58ba9e38c657f4ea56fbe	cf688c734e10a48a8bcd608d4fcbc0661ac5fa4d9ea58ba9e38c657f4ea56fbe	source-directory-byte-hash-unrelated-snapshot	NOT_ASSESSED_BY_FILE_DELTA
PATIENT_WEB	scripts/verify-sandbox-chat-fields.mjs	PATIENT_WEB	SAME_CONTENT	9912bc66dc2ed2ec8652477b37e24174bad51a783acdf5ed5a1bb6ca252db451	9912bc66dc2ed2ec8652477b37e24174bad51a783acdf5ed5a1bb6ca252db451	source-directory-byte-hash-unrelated-snapshot	NOT_ASSESSED_BY_FILE_DELTA
PATIENT_WEB	scripts/verify-sandbox-diagnostic-fields.mjs	PATIENT_WEB	SAME_CONTENT	6c273e9dba6888a36776ce6cc0a31557711af6e79ddc76cf7bcdcb3b90a5b3a8	6c273e9dba6888a36776ce6cc0a31557711af6e79ddc76cf7bcdcb3b90a5b3a8	source-directory-byte-hash-unrelated-snapshot	NOT_ASSESSED_BY_FILE_DELTA
PATIENT_WEB	scripts/verify-sandbox-family-fields.mjs	PATIENT_WEB	SAME_CONTENT	90e0ebb80b431046a5c3ca2f784d8f2da37e1ebed582c450181dbe0ded8716d5	90e0ebb80b431046a5c3ca2f784d8f2da37e1ebed582c450181dbe0ded8716d5	source-directory-byte-hash-unrelated-snapshot	NOT_ASSESSED_BY_FILE_DELTA
PATIENT_WEB	scripts/verify-sandbox-home-care-fields.mjs	PATIENT_WEB	SAME_CONTENT	79a1f1800291f119086737e39cdfaeef04b4542a2e730573c2361b44020ece97	79a1f1800291f119086737e39cdfaeef04b4542a2e730573c2361b44020ece97	source-directory-byte-hash-unrelated-snapshot	NOT_ASSESSED_BY_FILE_DELTA
PATIENT_WEB	scripts/verify-sandbox-medicine-fields.mjs	PATIENT_WEB	SAME_CONTENT	95a8a2f1e26a7931c93d1115dfbfc913c14f5e60d5fa51a47f9bbf5c5c1185b5	95a8a2f1e26a7931c93d1115dfbfc913c14f5e60d5fa51a47f9bbf5c5c1185b5	source-directory-byte-hash-unrelated-snapshot	NOT_ASSESSED_BY_FILE_DELTA
PATIENT_WEB	scripts/verify-sandbox-notification-fields.mjs	PATIENT_WEB	SAME_CONTENT	b96f34277762d9f269d2441d27876410d12848b6863b8958e94e4cc24b1763f8	b96f34277762d9f269d2441d27876410d12848b6863b8958e94e4cc24b1763f8	source-directory-byte-hash-unrelated-snapshot	NOT_ASSESSED_BY_FILE_DELTA
PATIENT_WEB	scripts/verify-sandbox-prescription-fields.mjs	PATIENT_WEB	SAME_CONTENT	d2e3a07acd50223ea96a9abc11fc27a2430c2b82889a1c7b2ad36f356c0b69d9	d2e3a07acd50223ea96a9abc11fc27a2430c2b82889a1c7b2ad36f356c0b69d9	source-directory-byte-hash-unrelated-snapshot	NOT_ASSESSED_BY_FILE_DELTA
PATIENT_WEB	scripts/verify-sandbox-profile-fields.mjs	PATIENT_WEB	SAME_CONTENT	651e48a58543e1036c1545634953aa8ab1e8ca2e6a20d260a28b05a5f3118844	651e48a58543e1036c1545634953aa8ab1e8ca2e6a20d260a28b05a5f3118844	source-directory-byte-hash-unrelated-snapshot	NOT_ASSESSED_BY_FILE_DELTA
PATIENT_WEB	scripts/verify-sandbox-reminder-fields.mjs	PATIENT_WEB	SAME_CONTENT	43f1f81fab6a3ca41ab7f9c3d22ffd0381362a7dff0e7e619da3298222d19ce7	43f1f81fab6a3ca41ab7f9c3d22ffd0381362a7dff0e7e619da3298222d19ce7	source-directory-byte-hash-unrelated-snapshot	NOT_ASSESSED_BY_FILE_DELTA
PATIENT_WEB	scripts/verify-sandbox-vitals-fields.mjs	PATIENT_WEB	SAME_CONTENT	61c25728417c70ac417399f12d978aa7a06d61442248aa1a75ec44e03879b67f	61c25728417c70ac417399f12d978aa7a06d61442248aa1a75ec44e03879b67f	source-directory-byte-hash-unrelated-snapshot	NOT_ASSESSED_BY_FILE_DELTA
PATIENT_WEB	scripts/verify-sandbox-web-appointments.sh	PATIENT_WEB	SAME_CONTENT	b62c8e3cfa372c903ff2fba66fe933d534d28b2c2bdc7ff364c7137d4b8b7c2b	b62c8e3cfa372c903ff2fba66fe933d534d28b2c2bdc7ff364c7137d4b8b7c2b	source-directory-byte-hash-unrelated-snapshot	NOT_ASSESSED_BY_FILE_DELTA
PATIENT_WEB	scripts/verify-sandbox-web-chat.sh	PATIENT_WEB	SAME_CONTENT	b5ae347d6af758a640b2a32f84959a610dc186f01a8fefecf6c351844ae835d6	b5ae347d6af758a640b2a32f84959a610dc186f01a8fefecf6c351844ae835d6	source-directory-byte-hash-unrelated-snapshot	NOT_ASSESSED_BY_FILE_DELTA
PATIENT_WEB	scripts/verify-sandbox-web-diagnostics.sh	PATIENT_WEB	SAME_CONTENT	b7c3177f1c8ae6c07ef82cfcc5260bd2dfd6186a6050dd70de4cc69dff14fd5d	b7c3177f1c8ae6c07ef82cfcc5260bd2dfd6186a6050dd70de4cc69dff14fd5d	source-directory-byte-hash-unrelated-snapshot	NOT_ASSESSED_BY_FILE_DELTA
PATIENT_WEB	scripts/verify-sandbox-web-family.sh	PATIENT_WEB	SAME_CONTENT	b1f6bc1c0f462ba811eb0acfb0b09023a59195e5d1fda772ea7c1892212cec85	b1f6bc1c0f462ba811eb0acfb0b09023a59195e5d1fda772ea7c1892212cec85	source-directory-byte-hash-unrelated-snapshot	NOT_ASSESSED_BY_FILE_DELTA
PATIENT_WEB	scripts/verify-sandbox-web-home-care.sh	PATIENT_WEB	SAME_CONTENT	3b6411a3097141dd6ad544033db83f7a03aae3e2dc0794a06a511c2954b75232	3b6411a3097141dd6ad544033db83f7a03aae3e2dc0794a06a511c2954b75232	source-directory-byte-hash-unrelated-snapshot	NOT_ASSESSED_BY_FILE_DELTA
PATIENT_WEB	scripts/verify-sandbox-web-medicines.sh	PATIENT_WEB	SAME_CONTENT	6611380c16463900241eefd78c5e195e4718873095d01a7f8c7812836e2738b3	6611380c16463900241eefd78c5e195e4718873095d01a7f8c7812836e2738b3	source-directory-byte-hash-unrelated-snapshot	NOT_ASSESSED_BY_FILE_DELTA
PATIENT_WEB	scripts/verify-sandbox-web-notifications.sh	PATIENT_WEB	SAME_CONTENT	268230c77a21e70eb60438efe27cd76780853ecaf7434206b5c23713daa7344d	268230c77a21e70eb60438efe27cd76780853ecaf7434206b5c23713daa7344d	source-directory-byte-hash-unrelated-snapshot	NOT_ASSESSED_BY_FILE_DELTA
PATIENT_WEB	scripts/verify-sandbox-web-order.sh	PATIENT_WEB	SAME_CONTENT	772da7022b3b430db8c797bae20fba3b21fa1ac70816ba57862ab47c1e27bb00	772da7022b3b430db8c797bae20fba3b21fa1ac70816ba57862ab47c1e27bb00	source-directory-byte-hash-unrelated-snapshot	NOT_ASSESSED_BY_FILE_DELTA
PATIENT_WEB	scripts/verify-sandbox-web-prescriptions.sh	PATIENT_WEB	SAME_CONTENT	2fc98d551f2a8323944f004e710ce4ec0dfad208c4eb2c0fdfbedcb8de626806	2fc98d551f2a8323944f004e710ce4ec0dfad208c4eb2c0fdfbedcb8de626806	source-directory-byte-hash-unrelated-snapshot	NOT_ASSESSED_BY_FILE_DELTA
PATIENT_WEB	scripts/verify-sandbox-web-profile.sh	PATIENT_WEB	SAME_CONTENT	e6038de61cc9b4935fecf48c250c228e84d60dfbe03761dfbabc199c58717f0a	e6038de61cc9b4935fecf48c250c228e84d60dfbe03761dfbabc199c58717f0a	source-directory-byte-hash-unrelated-snapshot	NOT_ASSESSED_BY_FILE_DELTA
PATIENT_WEB	scripts/verify-sandbox-web-reminders.sh	PATIENT_WEB	SAME_CONTENT	8f082b38850b70000172b910278d91b688962ef001b5386d7626a298a9ab5183	8f082b38850b70000172b910278d91b688962ef001b5386d7626a298a9ab5183	source-directory-byte-hash-unrelated-snapshot	NOT_ASSESSED_BY_FILE_DELTA
PATIENT_WEB	scripts/verify-sandbox-web-vitals.sh	PATIENT_WEB	SAME_CONTENT	c77f513028c476d7de672fd55e74d584e720e18e627e962b657470c4af13c758	c77f513028c476d7de672fd55e74d584e720e18e627e962b657470c4af13c758	source-directory-byte-hash-unrelated-snapshot	NOT_ASSESSED_BY_FILE_DELTA
PATIENT_WEB	scripts/verify-truthful-runtime.mjs	PATIENT_WEB	SAME_CONTENT	9903906ede8e7543b10f4674fbb92b6ae5f3270ef0035d507e67b618add8cf8a	9903906ede8e7543b10f4674fbb92b6ae5f3270ef0035d507e67b618add8cf8a	source-directory-byte-hash-unrelated-snapshot	NOT_ASSESSED_BY_FILE_DELTA
PATIENT_WEB	server/_core/context.ts	PATIENT_WEB	BASELINE_ONLY	a43ea9ca8624270a83857d61a7154f17c48bb2c19126d1ee037a37345f6bda86		source-directory-byte-hash-unrelated-snapshot	NOT_ASSESSED_BY_FILE_DELTA
PATIENT_WEB	server/_core/cookies.ts	PATIENT_WEB	BASELINE_ONLY	8b9f416d2d3ea74b3c26cb6855d9019ad7cc4403e103a150502179874c568373		source-directory-byte-hash-unrelated-snapshot	NOT_ASSESSED_BY_FILE_DELTA
PATIENT_WEB	server/_core/dataApi.ts	PATIENT_WEB	BASELINE_ONLY	194ef8e309abde283a1132aa383af10ae583e27e983afa30dfcece3aa9ce27a7		source-directory-byte-hash-unrelated-snapshot	NOT_ASSESSED_BY_FILE_DELTA
PATIENT_WEB	server/_core/env.ts	PATIENT_WEB	BASELINE_ONLY	15356c6c79afa61c60b20e126691853d07b51c48b9e57f205b7ce63dd02d622b		source-directory-byte-hash-unrelated-snapshot	NOT_ASSESSED_BY_FILE_DELTA
PATIENT_WEB	server/_core/heartbeat.ts	PATIENT_WEB	BASELINE_ONLY	e9070208f34813a427d4a79207819acc2ac0d1de5244b4db55fe3a94bfe3f950		source-directory-byte-hash-unrelated-snapshot	NOT_ASSESSED_BY_FILE_DELTA
PATIENT_WEB	server/_core/imageGeneration.ts	PATIENT_WEB	BASELINE_ONLY	3218b6a0a642d92fc5cb24f8737147b8e4f3f11474e53576b6ed4679d7973ccb		source-directory-byte-hash-unrelated-snapshot	NOT_ASSESSED_BY_FILE_DELTA
PATIENT_WEB	server/_core/index.ts	PATIENT_WEB	BASELINE_ONLY	f3af20b0d575c078de9a9af88194131084e2b315c51698f3e79002019fbc2035		source-directory-byte-hash-unrelated-snapshot	NOT_ASSESSED_BY_FILE_DELTA
PATIENT_WEB	server/_core/llm.ts	PATIENT_WEB	BASELINE_ONLY	30d3f1c62a9fbbb4cdba6cb91e1580213dae53fb3d404b5bdd1d41cb6f1d5096		source-directory-byte-hash-unrelated-snapshot	NOT_ASSESSED_BY_FILE_DELTA
PATIENT_WEB	server/_core/map.ts	PATIENT_WEB	BASELINE_ONLY	c04f24ee38ef6840d56053f3464091d164a6236fc36e37672d555a684461ab7e		source-directory-byte-hash-unrelated-snapshot	NOT_ASSESSED_BY_FILE_DELTA
PATIENT_WEB	server/_core/notification.ts	PATIENT_WEB	BASELINE_ONLY	550bf6544bf792b6d13c68539679deb363b70fbf07c0dbde189a98787f66f003		source-directory-byte-hash-unrelated-snapshot	NOT_ASSESSED_BY_FILE_DELTA
PATIENT_WEB	server/_core/oauth.ts	PATIENT_WEB	BASELINE_ONLY	310791a577a40e7920f2ac449f730e4a27ce452c7f6a932834260943be469826		source-directory-byte-hash-unrelated-snapshot	NOT_ASSESSED_BY_FILE_DELTA
PATIENT_WEB	server/_core/sdk.ts	PATIENT_WEB	BASELINE_ONLY	828ff33d41561c3353065deb46930ee44cb81fdf47b75c03171cb5fbd74a81d7		source-directory-byte-hash-unrelated-snapshot	NOT_ASSESSED_BY_FILE_DELTA
PATIENT_WEB	server/_core/storageProxy.ts	PATIENT_WEB	BASELINE_ONLY	dec37a868cf4d82d4cadf18ba279e3aa60ff863c9026ecd2a2165650d2d968e0		source-directory-byte-hash-unrelated-snapshot	NOT_ASSESSED_BY_FILE_DELTA
PATIENT_WEB	server/_core/systemRouter.ts	PATIENT_WEB	BASELINE_ONLY	61bb2c904da1fa08a425f8882aa3b23003bba7266ce00b2d9fcd685e5d4bffaf		source-directory-byte-hash-unrelated-snapshot	NOT_ASSESSED_BY_FILE_DELTA
PATIENT_WEB	server/_core/trpc.ts	PATIENT_WEB	BASELINE_ONLY	95679492e0478938f9bab6e3388ba6a95d3ab3329e6ff2eb9686e638cd07d98e		source-directory-byte-hash-unrelated-snapshot	NOT_ASSESSED_BY_FILE_DELTA
PATIENT_WEB	server/_core/types/cookie.d.ts	PATIENT_WEB	BASELINE_ONLY	c2ed733d67b16ae4621164dbce09e99de0233b4a0ed05227bc35096822173c05		source-directory-byte-hash-unrelated-snapshot	NOT_ASSESSED_BY_FILE_DELTA
PATIENT_WEB	server/_core/types/manusTypes.ts	PATIENT_WEB	BASELINE_ONLY	d073995b792a4376177bf7270cbcf3a670d4e72efb8eb6a83ecb55043cc729c3		source-directory-byte-hash-unrelated-snapshot	NOT_ASSESSED_BY_FILE_DELTA
PATIENT_WEB	server/_core/vite.ts	PATIENT_WEB	BASELINE_ONLY	4bcc2f28e92497651d0c662b65943b73e777f1e38ab05363da3400e68d76f4a1		source-directory-byte-hash-unrelated-snapshot	NOT_ASSESSED_BY_FILE_DELTA
PATIENT_WEB	server/_core/voiceTranscription.ts	PATIENT_WEB	BASELINE_ONLY	c53b328b12e54adfacbc632e668c2b58b9954547ce9d3313907096c8b2db330c		source-directory-byte-hash-unrelated-snapshot	NOT_ASSESSED_BY_FILE_DELTA
PATIENT_WEB	server/auth.logout.test.ts	TEST_OR_E2E	BASELINE_ONLY	253f4a050743093300aa70fc0072f5fbd46cfba96ecfd1d52d434fbe7dcfb54a		source-directory-byte-hash-unrelated-snapshot	NOT_ASSESSED_BY_FILE_DELTA
PATIENT_WEB	server/db.ts	PATIENT_WEB	BASELINE_ONLY	16cff90aae436a580326ab9ad143cd9979dc627a4570d2eb225124739ab983a1		source-directory-byte-hash-unrelated-snapshot	NOT_ASSESSED_BY_FILE_DELTA
PATIENT_WEB	server/routers.ts	PATIENT_WEB	BASELINE_ONLY	9ba9b6c1b21ae6854e2c32c95e3718a0e7cfe472220382932bf9194adb5d7fc2		source-directory-byte-hash-unrelated-snapshot	NOT_ASSESSED_BY_FILE_DELTA
PATIENT_WEB	server/storage.ts	PATIENT_WEB	BASELINE_ONLY	55eab39960d991bfbd50e86fb586fd6842fff88bcc7ab6d3538982a3fd9dd860		source-directory-byte-hash-unrelated-snapshot	NOT_ASSESSED_BY_FILE_DELTA
PATIENT_WEB	shared/_core/errors.ts	PATIENT_WEB	BASELINE_ONLY	52bee7d152045eaa009083e26a4cbc21d413c80b0403a23c4b5572141dec942a		source-directory-byte-hash-unrelated-snapshot	NOT_ASSESSED_BY_FILE_DELTA
PATIENT_WEB	shared/const.ts	PATIENT_WEB	BASELINE_ONLY	30a4b7bfc3369a0f98f4af263dbf8ec5c6fee95cebe8922e347eeb03ab5afccc		source-directory-byte-hash-unrelated-snapshot	NOT_ASSESSED_BY_FILE_DELTA
PATIENT_WEB	shared/types.ts	PATIENT_WEB	BASELINE_ONLY	959aeb30b032e203677e278922e97988b7cbcb56485694458298859af5589974		source-directory-byte-hash-unrelated-snapshot	NOT_ASSESSED_BY_FILE_DELTA
PATIENT_WEB	template.json	PATIENT_WEB	SAME_CONTENT	850fbd4ca13a5636867453db0dc99fc5f722953b37a9c3f5ee4c2d7ff1781736	850fbd4ca13a5636867453db0dc99fc5f722953b37a9c3f5ee4c2d7ff1781736	source-directory-byte-hash-unrelated-snapshot	NOT_ASSESSED_BY_FILE_DELTA
PATIENT_WEB	tests/appointments-design.test.ts	TEST_OR_E2E	SAME_CONTENT	c41fc531ae1559aa77facfef426cacfd7c752e431a358094c07bafc602b04e79	c41fc531ae1559aa77facfef426cacfd7c752e431a358094c07bafc602b04e79	source-directory-byte-hash-unrelated-snapshot	NOT_ASSESSED_BY_FILE_DELTA
PATIENT_WEB	tests/articles-design.test.ts	TEST_OR_E2E	SAME_CONTENT	c70dfe0960e5d9e13d8ebcefe49ef6ad9de4fb894b67bf27ea086466dcfb5c32	c70dfe0960e5d9e13d8ebcefe49ef6ad9de4fb894b67bf27ea086466dcfb5c32	source-directory-byte-hash-unrelated-snapshot	NOT_ASSESSED_BY_FILE_DELTA
PATIENT_WEB	tests/care-detail-design.test.ts	TEST_OR_E2E	SAME_CONTENT	e06b8efe47f54d90ce1bf33f39b3fe77e6a60fd107dad2fba1f787538e508722	e06b8efe47f54d90ce1bf33f39b3fe77e6a60fd107dad2fba1f787538e508722	source-directory-byte-hash-unrelated-snapshot	NOT_ASSESSED_BY_FILE_DELTA
PATIENT_WEB	tests/design-system.test.ts	TEST_OR_E2E	SAME_CONTENT	4ddde8b640117c49ff2624750b97e0a327377487366bfbca3b3dd10e62704991	4ddde8b640117c49ff2624750b97e0a327377487366bfbca3b3dd10e62704991	source-directory-byte-hash-unrelated-snapshot	NOT_ASSESSED_BY_FILE_DELTA
PATIENT_WEB	tests/diagnostics-design.test.ts	TEST_OR_E2E	SAME_CONTENT	a4c6a706459cedb3375c3e4c43ee16b3e04a31ca49d7eb0ee5e01acdad947d10	a4c6a706459cedb3375c3e4c43ee16b3e04a31ca49d7eb0ee5e01acdad947d10	source-directory-byte-hash-unrelated-snapshot	NOT_ASSESSED_BY_FILE_DELTA
PATIENT_WEB	tests/express5-compatibility.test.ts	TEST_OR_E2E	BASELINE_ONLY	c2e724f4000315f79db492e9655204b10efa58a446a895b6002ede7ab23fb4db		source-directory-byte-hash-unrelated-snapshot	NOT_ASSESSED_BY_FILE_DELTA
PATIENT_WEB	tests/family-design.test.ts	TEST_OR_E2E	SAME_CONTENT	868531a6b2154d9f24a6fb2e28f45c2f19c3ef7337c3e946f79527138d18e16f	868531a6b2154d9f24a6fb2e28f45c2f19c3ef7337c3e946f79527138d18e16f	source-directory-byte-hash-unrelated-snapshot	NOT_ASSESSED_BY_FILE_DELTA
PATIENT_WEB	tests/health-design.test.ts	TEST_OR_E2E	SAME_CONTENT	269df5d85ea939b59a596cf8980280d55b055a9a4e856473e4cda3a9f1c28358	269df5d85ea939b59a596cf8980280d55b055a9a4e856473e4cda3a9f1c28358	source-directory-byte-hash-unrelated-snapshot	NOT_ASSESSED_BY_FILE_DELTA
PATIENT_WEB	tests/home-care-design.test.ts	TEST_OR_E2E	SAME_CONTENT	599f148589a01cd616412f19656e18cd685f0241161d7cfc0f02722830c31593	599f148589a01cd616412f19656e18cd685f0241161d7cfc0f02722830c31593	source-directory-byte-hash-unrelated-snapshot	NOT_ASSESSED_BY_FILE_DELTA
PATIENT_WEB	tests/insurance-design.test.ts	TEST_OR_E2E	SAME_CONTENT	194439ef0ee2084b8081c990d3560b9f5f1842808f0b973e4c33cc6eaa80c8d9	194439ef0ee2084b8081c990d3560b9f5f1842808f0b973e4c33cc6eaa80c8d9	source-directory-byte-hash-unrelated-snapshot	NOT_ASSESSED_BY_FILE_DELTA
PATIENT_WEB	tests/login-design.test.ts	TEST_OR_E2E	SAME_CONTENT	aaf9250d172c8afdad43f8b1f8e687c0c6d79213a869042a59e0dcc7d6fd4265	aaf9250d172c8afdad43f8b1f8e687c0c6d79213a869042a59e0dcc7d6fd4265	source-directory-byte-hash-unrelated-snapshot	NOT_ASSESSED_BY_FILE_DELTA
PATIENT_WEB	tests/login-form.test.tsx	PATIENT_WEB	SAME_CONTENT	3882bb79f2bfb6bd513a344792e0fd00fbb2d61d0c86adc1d335bbbd516ed7aa	3882bb79f2bfb6bd513a344792e0fd00fbb2d61d0c86adc1d335bbbd516ed7aa	source-directory-byte-hash-unrelated-snapshot	NOT_ASSESSED_BY_FILE_DELTA
PATIENT_WEB	tests/medicine-catalog-design.test.ts	TEST_OR_E2E	SAME_CONTENT	4484abfff06adb18ccfa4968cf1bdb42b5f3649bd5a3b8f87903ed8b363158d9	4484abfff06adb18ccfa4968cf1bdb42b5f3649bd5a3b8f87903ed8b363158d9	source-directory-byte-hash-unrelated-snapshot	NOT_ASSESSED_BY_FILE_DELTA
PATIENT_WEB	tests/medicine-detail-design.test.ts	TEST_OR_E2E	SAME_CONTENT	8c05fd0537a4bc200df1233e46080195fe82129bdedd41914007a2406623fccc	8c05fd0537a4bc200df1233e46080195fe82129bdedd41914007a2406623fccc	source-directory-byte-hash-unrelated-snapshot	NOT_ASSESSED_BY_FILE_DELTA
PATIENT_WEB	tests/mental-health-design.test.ts	TEST_OR_E2E	SAME_CONTENT	5a45473dad9c99cf9d3f6ba61cfc4327601ac52bc331cb2e0a494f99fc6d07a7	5a45473dad9c99cf9d3f6ba61cfc4327601ac52bc331cb2e0a494f99fc6d07a7	source-directory-byte-hash-unrelated-snapshot	NOT_ASSESSED_BY_FILE_DELTA
PATIENT_WEB	tests/notification-settings-design.test.ts	TEST_OR_E2E	SAME_CONTENT	366d4be884acb3921b4557fe7a6d08895625793815625650a3e93664cbbf8a43	366d4be884acb3921b4557fe7a6d08895625793815625650a3e93664cbbf8a43	source-directory-byte-hash-unrelated-snapshot	NOT_ASSESSED_BY_FILE_DELTA
PATIENT_WEB	tests/notifications-design.test.ts	TEST_OR_E2E	SAME_CONTENT	f92c490e4f313bde1c6e3e550665e79e5bfcc9f79a6bb998a2951fbb3fcd261d	f92c490e4f313bde1c6e3e550665e79e5bfcc9f79a6bb998a2951fbb3fcd261d	source-directory-byte-hash-unrelated-snapshot	NOT_ASSESSED_BY_FILE_DELTA
PATIENT_WEB	tests/order-detail-design.test.ts	TEST_OR_E2E	SAME_CONTENT	262a99be5352b4ece2db38785e26885572e0bc4c6372099429e4eb0985d16838	262a99be5352b4ece2db38785e26885572e0bc4c6372099429e4eb0985d16838	source-directory-byte-hash-unrelated-snapshot	NOT_ASSESSED_BY_FILE_DELTA
PATIENT_WEB	tests/orders-design.test.ts	TEST_OR_E2E	SAME_CONTENT	fb298bdeee581cb6ebe61b7d45ecb8ade29e0efd353cd2d0a0194013a40b53cd	fb298bdeee581cb6ebe61b7d45ecb8ade29e0efd353cd2d0a0194013a40b53cd	source-directory-byte-hash-unrelated-snapshot	NOT_ASSESSED_BY_FILE_DELTA
PATIENT_WEB	tests/premium-brand.test.ts	TEST_OR_E2E	SAME_CONTENT	607e159eec122cb6d48a22267cd7716a151e1dc3b92d6f2efe4a4eb3bbd5bf2f	607e159eec122cb6d48a22267cd7716a151e1dc3b92d6f2efe4a4eb3bbd5bf2f	source-directory-byte-hash-unrelated-snapshot	NOT_ASSESSED_BY_FILE_DELTA
PATIENT_WEB	tests/premium-motion.test.ts	TEST_OR_E2E	SAME_CONTENT	7beb89341dfa18f5f8d563934bfbb17cf6196ff663eef9070045bdf76d057819	7beb89341dfa18f5f8d563934bfbb17cf6196ff663eef9070045bdf76d057819	source-directory-byte-hash-unrelated-snapshot	NOT_ASSESSED_BY_FILE_DELTA
PATIENT_WEB	tests/prescriptions-design.test.ts	TEST_OR_E2E	SAME_CONTENT	67fc0680752ed11a4fe5febe04ef72e262fea284ed8ab1cdd2d35d8c3d738609	67fc0680752ed11a4fe5febe04ef72e262fea284ed8ab1cdd2d35d8c3d738609	source-directory-byte-hash-unrelated-snapshot	NOT_ASSESSED_BY_FILE_DELTA
PATIENT_WEB	tests/profile-design.test.ts	TEST_OR_E2E	SAME_CONTENT	76f1ea0579b298c84ecab6df88b5ac7b9784010138999cf02c94f24623acf345	76f1ea0579b298c84ecab6df88b5ac7b9784010138999cf02c94f24623acf345	source-directory-byte-hash-unrelated-snapshot	NOT_ASSESSED_BY_FILE_DELTA
PATIENT_WEB	tests/proxy.test.ts	TEST_OR_E2E	MODIFIED	ace08e8a3b3ae834c9e0f356ef9d6bb73bcaaf68c8bb401f3526227cd0b7d3a9	e3c90e57b8636a4c4d606524afd4113a1c3558a5d749037abd13a258021fba38	source-directory-byte-hash-unrelated-snapshot	NOT_ASSESSED_BY_FILE_DELTA
PATIENT_WEB	tests/reminders-design.test.ts	TEST_OR_E2E	SAME_CONTENT	3ac17862accd6040ee9f37f8c50e08e207c5bcb4eb5e4ce89a44bb5b6ba0a5d0	3ac17862accd6040ee9f37f8c50e08e207c5bcb4eb5e4ce89a44bb5b6ba0a5d0	source-directory-byte-hash-unrelated-snapshot	NOT_ASSESSED_BY_FILE_DELTA
PATIENT_WEB	tests/settings-design.test.ts	TEST_OR_E2E	SAME_CONTENT	2b7eb2ef1d7fbe697330790ecd30472b9f7074e73900fab70656ad3a58240d4a	2b7eb2ef1d7fbe697330790ecd30472b9f7074e73900fab70656ad3a58240d4a	source-directory-byte-hash-unrelated-snapshot	NOT_ASSESSED_BY_FILE_DELTA
PATIENT_WEB	tests/translation-key-parity.test.ts	TEST_OR_E2E	SAME_CONTENT	b8224dd4da70ac04aac0e4b00bcc0b97854cd8191ccf3b7147668e8ba744d234	b8224dd4da70ac04aac0e4b00bcc0b97854cd8191ccf3b7147668e8ba744d234	source-directory-byte-hash-unrelated-snapshot	NOT_ASSESSED_BY_FILE_DELTA
PATIENT_WEB	todo.md	PATIENT_WEB	BASELINE_ONLY	4872dc609678db5e2083f9f1088be8fec09a78585cde90f1f942e0b50a60c72d		source-directory-byte-hash-unrelated-snapshot	NOT_ASSESSED_BY_FILE_DELTA
PATIENT_WEB	tsconfig.json	PATIENT_WEB	SAME_CONTENT	58fa60897c1885d208bb750587cbbdc8a0cf617a5c1973a52dd76a51e96c6bb1	58fa60897c1885d208bb750587cbbdc8a0cf617a5c1973a52dd76a51e96c6bb1	source-directory-byte-hash-unrelated-snapshot	NOT_ASSESSED_BY_FILE_DELTA
PATIENT_WEB	vite.config.ts	PATIENT_WEB	SAME_CONTENT	1b4f11ec05e426ffb9b020cf18ed5bb979b7f042ad43bfd5d9043b569843afab	1b4f11ec05e426ffb9b020cf18ed5bb979b7f042ad43bfd5d9043b569843afab	source-directory-byte-hash-unrelated-snapshot	NOT_ASSESSED_BY_FILE_DELTA
PATIENT_WEB	vitest.config.ts	PATIENT_WEB	SAME_CONTENT	122138b5ac4a9dc759403a3146fce8c6074776602c9fc3439f8d9f3803828956	122138b5ac4a9dc759403a3146fce8c6074776602c9fc3439f8d9f3803828956	source-directory-byte-hash-unrelated-snapshot	NOT_ASSESSED_BY_FILE_DELTA
PROVIDER	App.tsx	PROVIDER_SCOPE_ABSENT	INCOMING_SCOPE_ABSENT	5f8e91e4705d4ff0f36b21bc92c0013bfff055f612c82ac27b9553dc6f8ebb9f		source-directory-byte-hash-unrelated-snapshot	NOT_ASSESSED_BY_FILE_DELTA
PROVIDER	app.json	PROVIDER_SCOPE_ABSENT	INCOMING_SCOPE_ABSENT	c4431ad931af5c7fe1cd8d732f933439982cdda60347aff2538a4b0a022a4e1c		source-directory-byte-hash-unrelated-snapshot	NOT_ASSESSED_BY_FILE_DELTA
PROVIDER	assets/adaptive-icon.png	PROVIDER_SCOPE_ABSENT	INCOMING_SCOPE_ABSENT	63ef318d96b5d0d0ceba6e04a4e622b1158335cdc67c49e27839132c6f655058		source-directory-byte-hash-unrelated-snapshot	NOT_ASSESSED_BY_FILE_DELTA
PROVIDER	assets/audio/rad_dispatch_alert.mp3	PROVIDER_SCOPE_ABSENT	INCOMING_SCOPE_ABSENT	e3b0c44298fc1c149afbf4c8996fb92427ae41e4649b934ca495991b7852b855		source-directory-byte-hash-unrelated-snapshot	NOT_ASSESSED_BY_FILE_DELTA
PROVIDER	assets/icon.png	PROVIDER_SCOPE_ABSENT	INCOMING_SCOPE_ABSENT	63ef318d96b5d0d0ceba6e04a4e622b1158335cdc67c49e27839132c6f655058		source-directory-byte-hash-unrelated-snapshot	NOT_ASSESSED_BY_FILE_DELTA
PROVIDER	assets/notification-icon.png	PROVIDER_SCOPE_ABSENT	INCOMING_SCOPE_ABSENT	63ef318d96b5d0d0ceba6e04a4e622b1158335cdc67c49e27839132c6f655058		source-directory-byte-hash-unrelated-snapshot	NOT_ASSESSED_BY_FILE_DELTA
PROVIDER	assets/splash.png	PROVIDER_SCOPE_ABSENT	INCOMING_SCOPE_ABSENT	63ef318d96b5d0d0ceba6e04a4e622b1158335cdc67c49e27839132c6f655058		source-directory-byte-hash-unrelated-snapshot	NOT_ASSESSED_BY_FILE_DELTA
PROVIDER	package-lock.json	PROVIDER_SCOPE_ABSENT	INCOMING_SCOPE_ABSENT	fa16c2e4fc5404e93889b5fb0d001c5ef023fdc0f58662436ee577d1798d77d4		source-directory-byte-hash-unrelated-snapshot	NOT_ASSESSED_BY_FILE_DELTA
PROVIDER	package.json	PROVIDER_SCOPE_ABSENT	INCOMING_SCOPE_ABSENT	905a0867304253b329652a41b6ccf58d7f0fe47424f6912ca4efb99d813b73f4		source-directory-byte-hash-unrelated-snapshot	NOT_ASSESSED_BY_FILE_DELTA
PROVIDER	provider-app.contracts.test.js	PROVIDER_SCOPE_ABSENT	INCOMING_SCOPE_ABSENT	6b140be9a95038301fbff37a171012c7f16f5f1abd6de83f44d03d60dd40b99c		source-directory-byte-hash-unrelated-snapshot	NOT_ASSESSED_BY_FILE_DELTA
PROVIDER	src/api/catalogs.ts	PROVIDER_SCOPE_ABSENT	INCOMING_SCOPE_ABSENT	7fa8eca5e18dee98bb50e4e9e8fb49d1b34b4729d3e270a9f1090b90e5701987		source-directory-byte-hash-unrelated-snapshot	NOT_ASSESSED_BY_FILE_DELTA
PROVIDER	src/api/client.ts	PROVIDER_SCOPE_ABSENT	INCOMING_SCOPE_ABSENT	cae9211d607b7838f0b52f9a5ab0880bcb3ad05054f34673b03e37b9ce6ca6b6		source-directory-byte-hash-unrelated-snapshot	NOT_ASSESSED_BY_FILE_DELTA
PROVIDER	src/api/otp.ts	PROVIDER_SCOPE_ABSENT	INCOMING_SCOPE_ABSENT	8d0cdd37a8b314585d6fc0f023e198d0dbdc96406f7e5054eded60ed686fbcea		source-directory-byte-hash-unrelated-snapshot	NOT_ASSESSED_BY_FILE_DELTA
PROVIDER	src/api/provider.ts	PROVIDER_SCOPE_ABSENT	INCOMING_SCOPE_ABSENT	5f30f4ee002b6db4c49df03b2c174959ceb66012e2ce039591873f5c4b02a09b		source-directory-byte-hash-unrelated-snapshot	NOT_ASSESSED_BY_FILE_DELTA
PROVIDER	src/components/ContractModal.tsx	PROVIDER_SCOPE_ABSENT	INCOMING_SCOPE_ABSENT	813beac15529a432a660f6563dea12274330f524b2be22db2225236bdc24be82		source-directory-byte-hash-unrelated-snapshot	NOT_ASSESSED_BY_FILE_DELTA
PROVIDER	src/components/LocationPickerModal.tsx	PROVIDER_SCOPE_ABSENT	INCOMING_SCOPE_ABSENT	a9d77a05620215e0936d16968e29a1dc7bc574ead27f23a1e78fcfece894bc03		source-directory-byte-hash-unrelated-snapshot	NOT_ASSESSED_BY_FILE_DELTA
PROVIDER	src/components/OtpModal.tsx	PROVIDER_SCOPE_ABSENT	INCOMING_SCOPE_ABSENT	ae0594d1da8ca4a460bbb580f793154f5437805aa18bf66814de24819e860921		source-directory-byte-hash-unrelated-snapshot	NOT_ASSESSED_BY_FILE_DELTA
PROVIDER	src/components/PlatformMap.native.tsx	PROVIDER_SCOPE_ABSENT	INCOMING_SCOPE_ABSENT	e18899d4217e5482ae0dba0be9e23496166bfd1cc58abe98b9e6b005eac7f59e		source-directory-byte-hash-unrelated-snapshot	NOT_ASSESSED_BY_FILE_DELTA
PROVIDER	src/components/PlatformMap.tsx	PROVIDER_SCOPE_ABSENT	INCOMING_SCOPE_ABSENT	e18899d4217e5482ae0dba0be9e23496166bfd1cc58abe98b9e6b005eac7f59e		source-directory-byte-hash-unrelated-snapshot	NOT_ASSESSED_BY_FILE_DELTA
PROVIDER	src/components/PlatformMap.web.tsx	PROVIDER_SCOPE_ABSENT	INCOMING_SCOPE_ABSENT	b9f9afb97ed7cbf680f18b8f965dcafc464e06c9134568f2645b40d6ccec26ee		source-directory-byte-hash-unrelated-snapshot	NOT_ASSESSED_BY_FILE_DELTA
PROVIDER	src/components/SignatureCanvasModal.tsx	PROVIDER_SCOPE_ABSENT	INCOMING_SCOPE_ABSENT	f111726c5cb4f64166dfcb7f78d53cf2c8aaa277a0c6465132c3c37788bd25be		source-directory-byte-hash-unrelated-snapshot	NOT_ASSESSED_BY_FILE_DELTA
PROVIDER	src/components/SuccessScreen.tsx	PROVIDER_SCOPE_ABSENT	INCOMING_SCOPE_ABSENT	286e1bd78b57da86c1bd25490300ec42ecfcd23194ed6a4304d90cb8e50f4d88		source-directory-byte-hash-unrelated-snapshot	NOT_ASSESSED_BY_FILE_DELTA
PROVIDER	src/components/icons.tsx	PROVIDER_SCOPE_ABSENT	INCOMING_SCOPE_ABSENT	fbc6ef58fecdb9d5a64953cb8ac84364e219f8371fa4b29d3d3f31bc159beab7		source-directory-byte-hash-unrelated-snapshot	NOT_ASSESSED_BY_FILE_DELTA
PROVIDER	src/components/ui.tsx	PROVIDER_SCOPE_ABSENT	INCOMING_SCOPE_ABSENT	4d987e9f56bd3f88939f5e8b14ba604b8127a676d32f60f95113acf8112cd4ac		source-directory-byte-hash-unrelated-snapshot	NOT_ASSESSED_BY_FILE_DELTA
PROVIDER	src/constants/index.ts	PROVIDER_SCOPE_ABSENT	INCOMING_SCOPE_ABSENT	7c55b2ab1acfb565a7ad71046e451dd05024c7abfcbe18933029fe28f2328e2c		source-directory-byte-hash-unrelated-snapshot	NOT_ASSESSED_BY_FILE_DELTA
PROVIDER	src/context/index.tsx	PROVIDER_SCOPE_ABSENT	INCOMING_SCOPE_ABSENT	3c288ab0a29efb1f9e8fefe4088224ea3c5d4ff8de5130308f44a6205130c42d		source-directory-byte-hash-unrelated-snapshot	NOT_ASSESSED_BY_FILE_DELTA
PROVIDER	src/polyfills.ts	PROVIDER_SCOPE_ABSENT	INCOMING_SCOPE_ABSENT	9ef2a64dccbd655ab6367440f6130a64d9d3f92a80a47b3038397b71c6fce2f3		source-directory-byte-hash-unrelated-snapshot	NOT_ASSESSED_BY_FILE_DELTA
PROVIDER	src/screens/ambulance/AmbulanceDashboard.tsx	PROVIDER_SCOPE_ABSENT	INCOMING_SCOPE_ABSENT	f678b853dbacc4d9173ebebaf2b70439ef26e6d89aab136e736f93bc7b7ade4e		source-directory-byte-hash-unrelated-snapshot	NOT_ASSESSED_BY_FILE_DELTA
PROVIDER	src/screens/ambulance/AmbulanceRegistration.tsx	PROVIDER_SCOPE_ABSENT	INCOMING_SCOPE_ABSENT	0f6ec165362c07179af6a911b96e871c5b9e076fb8c4244c14fa920ff3620870		source-directory-byte-hash-unrelated-snapshot	NOT_ASSESSED_BY_FILE_DELTA
PROVIDER	src/screens/auth/AuthScreens.tsx	PROVIDER_SCOPE_ABSENT	INCOMING_SCOPE_ABSENT	49231fcedae9b21cc156d69dd9e881c5191fdf5467350d2917dcbfddc908cefb		source-directory-byte-hash-unrelated-snapshot	NOT_ASSESSED_BY_FILE_DELTA
PROVIDER	src/screens/auth/PendingDashboard.tsx	PROVIDER_SCOPE_ABSENT	INCOMING_SCOPE_ABSENT	f78bd95065bf73eb8fce5c64bfb4dd0bf2bbdad78ca8cbff1b2710b8900ee244		source-directory-byte-hash-unrelated-snapshot	NOT_ASSESSED_BY_FILE_DELTA
PROVIDER	src/screens/doctor/DoctorDashboard.tsx	PROVIDER_SCOPE_ABSENT	INCOMING_SCOPE_ABSENT	2ed3b2b33a3cde7d365561778436b84abe237a5daccf5ca1a0c59335815944b0		source-directory-byte-hash-unrelated-snapshot	NOT_ASSESSED_BY_FILE_DELTA
PROVIDER	src/screens/doctor/DoctorOpsScreens.tsx	PROVIDER_SCOPE_ABSENT	INCOMING_SCOPE_ABSENT	c3ef6c3722aa3d589011fef38a717a6fdc2d0d31edf5d3376811479588e76ca1		source-directory-byte-hash-unrelated-snapshot	NOT_ASSESSED_BY_FILE_DELTA
PROVIDER	src/screens/doctor/DoctorRegistration.tsx	PROVIDER_SCOPE_ABSENT	INCOMING_SCOPE_ABSENT	27a7093e1b6ecc2ee04a9acdcd0c83bd7b24c031707b54f3531c3465874bfce3		source-directory-byte-hash-unrelated-snapshot	NOT_ASSESSED_BY_FILE_DELTA
PROVIDER	src/screens/doctor/FacilityInvitationsScreen.tsx	PROVIDER_SCOPE_ABSENT	INCOMING_SCOPE_ABSENT	836bb3256eb15cf102cda6643b563f654673546d550d211d3b05a8d2f4fea183		source-directory-byte-hash-unrelated-snapshot	NOT_ASSESSED_BY_FILE_DELTA
PROVIDER	src/screens/doctor/components/DoctorHeader.tsx	PROVIDER_SCOPE_ABSENT	INCOMING_SCOPE_ABSENT	2540d7329cc4614d440f93f3af1052a9e1cdaa80152bd3c34b51570aba7c04fa		source-directory-byte-hash-unrelated-snapshot	NOT_ASSESSED_BY_FILE_DELTA
PROVIDER	src/screens/doctor/components/DoctorQueueList.tsx	PROVIDER_SCOPE_ABSENT	INCOMING_SCOPE_ABSENT	8806a3bcf936200d982823411a0a9d7154e217b0d537c5ad44701f0a451ecd63		source-directory-byte-hash-unrelated-snapshot	NOT_ASSESSED_BY_FILE_DELTA
PROVIDER	src/screens/doctor/components/DoctorStatsRow.tsx	PROVIDER_SCOPE_ABSENT	INCOMING_SCOPE_ABSENT	9339a2b5a24a0186f4de4ce352b3dea1db289b96a127e8fc0d1981bcb5427df2		source-directory-byte-hash-unrelated-snapshot	NOT_ASSESSED_BY_FILE_DELTA
PROVIDER	src/screens/doctor/components/DoctorUrgentRequests.tsx	PROVIDER_SCOPE_ABSENT	INCOMING_SCOPE_ABSENT	b76547430d1b27230e84b9e0730154742179ba2a4f7e7ec9a4c46cf4c9cd09b4		source-directory-byte-hash-unrelated-snapshot	NOT_ASSESSED_BY_FILE_DELTA
PROVIDER	src/screens/facility/DischargeSummaryScreen.tsx	PROVIDER_SCOPE_ABSENT	INCOMING_SCOPE_ABSENT	d3b426c588120d3178ecd2c88320498b7511c923ac65a0a08c8d6a0e61ca899c		source-directory-byte-hash-unrelated-snapshot	NOT_ASSESSED_BY_FILE_DELTA
PROVIDER	src/screens/facility/FacilityAnnouncementsScreen.tsx	PROVIDER_SCOPE_ABSENT	INCOMING_SCOPE_ABSENT	8b6f09493f5b9b155c2dfb28a03ab3731a6a53722d05a93b6a026fd71fc8f5ae		source-directory-byte-hash-unrelated-snapshot	NOT_ASSESSED_BY_FILE_DELTA
PROVIDER	src/screens/facility/FacilityAuditLogScreen.tsx	PROVIDER_SCOPE_ABSENT	INCOMING_SCOPE_ABSENT	f4835e692c52ca8903496085615b4aac82b89aea9666e04f1077edd8e1f15c53		source-directory-byte-hash-unrelated-snapshot	NOT_ASSESSED_BY_FILE_DELTA
PROVIDER	src/screens/facility/FacilityDashboard.tsx	PROVIDER_SCOPE_ABSENT	INCOMING_SCOPE_ABSENT	2393908aee819d18dd0c62a0b1a6adf5f34383c4a966e6a143aa734ca71a12fb		source-directory-byte-hash-unrelated-snapshot	NOT_ASSESSED_BY_FILE_DELTA
PROVIDER	src/screens/facility/FacilityInternalChatScreen.tsx	PROVIDER_SCOPE_ABSENT	INCOMING_SCOPE_ABSENT	e24674b2fa1cd28bf10c828ac5c62ae7d17e8fad8cb416a5f4a0f49f3ebec6c5		source-directory-byte-hash-unrelated-snapshot	NOT_ASSESSED_BY_FILE_DELTA
PROVIDER	src/screens/facility/FacilityInvitationScreen.tsx	PROVIDER_SCOPE_ABSENT	INCOMING_SCOPE_ABSENT	1c4a76f9bf2eb576ab3af0de8b9f388dd24e22e43b4166418d0d9923a9ee86a7		source-directory-byte-hash-unrelated-snapshot	NOT_ASSESSED_BY_FILE_DELTA
PROVIDER	src/screens/facility/FacilityLeaveRequestsScreen.tsx	PROVIDER_SCOPE_ABSENT	INCOMING_SCOPE_ABSENT	0185d7bf6ae37fe566b60774b50e32c80d8eaf82916dd61ce2836648ae7ee562		source-directory-byte-hash-unrelated-snapshot	NOT_ASSESSED_BY_FILE_DELTA
PROVIDER	src/screens/facility/FacilityPatientTrackerScreen.tsx	PROVIDER_SCOPE_ABSENT	INCOMING_SCOPE_ABSENT	c4e2a3ed2e91ac53d2f88b142c4af55a8b1448b80818ff09bfe159377bd0eebb		source-directory-byte-hash-unrelated-snapshot	NOT_ASSESSED_BY_FILE_DELTA
PROVIDER	src/screens/facility/FacilityProfileConfigScreen.tsx	PROVIDER_SCOPE_ABSENT	INCOMING_SCOPE_ABSENT	ca2f44fbe4b882edcb7065499fa321b9ec31b34e85e8549fadfc2a5de7662e73		source-directory-byte-hash-unrelated-snapshot	NOT_ASSESSED_BY_FILE_DELTA
PROVIDER	src/screens/facility/FacilityRegistration.tsx	PROVIDER_SCOPE_ABSENT	INCOMING_SCOPE_ABSENT	af9cef5840c337b0f249438899b1347fbdc887ce35338c0e9135a06a44f6c4bb		source-directory-byte-hash-unrelated-snapshot	NOT_ASSESSED_BY_FILE_DELTA
PROVIDER	src/screens/facility/FacilityResourcesScreen.tsx	PROVIDER_SCOPE_ABSENT	INCOMING_SCOPE_ABSENT	0b3239a7b6336724d9f1f9d5ecaa52d1984dc8dbe075797ad0df4f893a088bd2		source-directory-byte-hash-unrelated-snapshot	NOT_ASSESSED_BY_FILE_DELTA
PROVIDER	src/screens/facility/FacilityUnifiedCalendarScreen.tsx	PROVIDER_SCOPE_ABSENT	INCOMING_SCOPE_ABSENT	725394aa34f8fa086355cf44f4e2defb5d0f37e922683604241e3d4f1830eca7		source-directory-byte-hash-unrelated-snapshot	NOT_ASSESSED_BY_FILE_DELTA
PROVIDER	src/screens/lab/LabDashboard.tsx	PROVIDER_SCOPE_ABSENT	INCOMING_SCOPE_ABSENT	5598067bbd62c85020ff35de7804fefb6d444f48cc6fa01bb60da0809ca9f55f		source-directory-byte-hash-unrelated-snapshot	NOT_ASSESSED_BY_FILE_DELTA
PROVIDER	src/screens/lab/LabQcActions.tsx	PROVIDER_SCOPE_ABSENT	INCOMING_SCOPE_ABSENT	3afeb4a1d19d5cd5b7b75fbb2c502a1872e9d0f7f3d2693c9cce6be86a1285f7		source-directory-byte-hash-unrelated-snapshot	NOT_ASSESSED_BY_FILE_DELTA
PROVIDER	src/screens/lab/LabRegistration.tsx	PROVIDER_SCOPE_ABSENT	INCOMING_SCOPE_ABSENT	57b60ff59e885e842e71cb7de47bb6d50412c24da23c3510ed03d8e92461b4bb		source-directory-byte-hash-unrelated-snapshot	NOT_ASSESSED_BY_FILE_DELTA
PROVIDER	src/screens/nursing/NursingDashboard.tsx	PROVIDER_SCOPE_ABSENT	INCOMING_SCOPE_ABSENT	0a11beb69e3d47f5cecf65095aabd329d5c66315ba66f865cfb22c997e72194d		source-directory-byte-hash-unrelated-snapshot	NOT_ASSESSED_BY_FILE_DELTA
PROVIDER	src/screens/nursing/NursingFieldOps.tsx	PROVIDER_SCOPE_ABSENT	INCOMING_SCOPE_ABSENT	54e0b309678416542033816ef0a2b427bf23d96b30eeec2b13d03069c92d931a		source-directory-byte-hash-unrelated-snapshot	NOT_ASSESSED_BY_FILE_DELTA
PROVIDER	src/screens/nursing/NursingRegistration.tsx	PROVIDER_SCOPE_ABSENT	INCOMING_SCOPE_ABSENT	ad140044fe6dcd23996b0657d22202fa5cf86129d99499e9f61adb419f4f7538		source-directory-byte-hash-unrelated-snapshot	NOT_ASSESSED_BY_FILE_DELTA
PROVIDER	src/screens/pharmacy/PharmacyDashboard.tsx	PROVIDER_SCOPE_ABSENT	INCOMING_SCOPE_ABSENT	f0cbf70dac1ee4183f84080b039f783c553ad5a0fdee2811dac3e459750d6130		source-directory-byte-hash-unrelated-snapshot	NOT_ASSESSED_BY_FILE_DELTA
PROVIDER	src/screens/pharmacy/PharmacyRegistration.tsx	PROVIDER_SCOPE_ABSENT	INCOMING_SCOPE_ABSENT	0b55cd3ab0e2f82aeaea23ebbb1a7a6d5b0c5eebbcb8b53bb12201da9056c744		source-directory-byte-hash-unrelated-snapshot	NOT_ASSESSED_BY_FILE_DELTA
PROVIDER	src/screens/radiology/RadiologyDashboard.tsx	PROVIDER_SCOPE_ABSENT	INCOMING_SCOPE_ABSENT	0d3e8c647db4a8c184f467fbf23ea24b23ab292e05bc4e04cc1dd1fb140de85f		source-directory-byte-hash-unrelated-snapshot	NOT_ASSESSED_BY_FILE_DELTA
PROVIDER	src/screens/radiology/RadiologyRegistration.tsx	PROVIDER_SCOPE_ABSENT	INCOMING_SCOPE_ABSENT	c4dbe730524ee2230ccc49df48e6a5887af0a1e26fb1e99d38bd64e4a56fbdcb		source-directory-byte-hash-unrelated-snapshot	NOT_ASSESSED_BY_FILE_DELTA
PROVIDER	src/screens/shared/BlueprintScreens.tsx	PROVIDER_SCOPE_ABSENT	INCOMING_SCOPE_ABSENT	f0684e7e1e24dccb0991c144e48c203843fd5d98eea514db6f2097838a5b8875		source-directory-byte-hash-unrelated-snapshot	NOT_ASSESSED_BY_FILE_DELTA
PROVIDER	src/screens/shared/FleetScreen.tsx	PROVIDER_SCOPE_ABSENT	INCOMING_SCOPE_ABSENT	312f31308df6804fe7ab90af6ff91c383cd23d9e848d9ba79f28872df3e490b8		source-directory-byte-hash-unrelated-snapshot	NOT_ASSESSED_BY_FILE_DELTA
PROVIDER	src/screens/shared/InsuranceRequestsScreen.tsx	PROVIDER_SCOPE_ABSENT	INCOMING_SCOPE_ABSENT	ac809655973b76f48db7f6da1f69cf896860e4f545470e55dcb62f1ac86aae98		source-directory-byte-hash-unrelated-snapshot	NOT_ASSESSED_BY_FILE_DELTA
PROVIDER	src/screens/shared/LiveKitRoomProvider.tsx	PROVIDER_SCOPE_ABSENT	INCOMING_SCOPE_ABSENT	3a63053a168797a4f4f2ad3c6ca676ba9d8187ce651a1ca978dd46bafa7f26b6		source-directory-byte-hash-unrelated-snapshot	NOT_ASSESSED_BY_FILE_DELTA
PROVIDER	src/screens/shared/PharmacyChatResponder.tsx	PROVIDER_SCOPE_ABSENT	INCOMING_SCOPE_ABSENT	d7cd494ff03b93f67db0a310c09c508a074e899ebd6ee56ab670530ff8d98777		source-directory-byte-hash-unrelated-snapshot	NOT_ASSESSED_BY_FILE_DELTA
PROVIDER	src/screens/shared/ProviderHome.tsx	PROVIDER_SCOPE_ABSENT	INCOMING_SCOPE_ABSENT	c67cf757045bf0320048a20b4ddb3a758df9ae368c4feb986fd28b6e2d3beeb8		source-directory-byte-hash-unrelated-snapshot	NOT_ASSESSED_BY_FILE_DELTA
PROVIDER	src/screens/shared/RealScreens.tsx	PROVIDER_SCOPE_ABSENT	INCOMING_SCOPE_ABSENT	9b925666429223807ecd50bf6f36597016939cb7176b432fb43a15b617fcb431		source-directory-byte-hash-unrelated-snapshot	NOT_ASSESSED_BY_FILE_DELTA
PROVIDER	src/screens/shared/RealScreensExtended.tsx	PROVIDER_SCOPE_ABSENT	INCOMING_SCOPE_ABSENT	05a03ac4b21bbdc1a080d97e392581ceca97e68968fd3df76f415e16605fb408		source-directory-byte-hash-unrelated-snapshot	NOT_ASSESSED_BY_FILE_DELTA
PROVIDER	src/screens/shared/RegistrationSuccess.tsx	PROVIDER_SCOPE_ABSENT	INCOMING_SCOPE_ABSENT	0027df5ba2cc3849acdce143e6eba90fc16f12ba68bcc1c557da23f3a965ad7b		source-directory-byte-hash-unrelated-snapshot	NOT_ASSESSED_BY_FILE_DELTA
PROVIDER	src/screens/shared/SharedScreens.tsx	PROVIDER_SCOPE_ABSENT	INCOMING_SCOPE_ABSENT	38b739bf782fbcd618ddb2d9b7fdf4be627b420eba1b3ec2eff9658cf0024183		source-directory-byte-hash-unrelated-snapshot	NOT_ASSESSED_BY_FILE_DELTA
PROVIDER	src/screens/shared/VideoCallRoom.tsx	PROVIDER_SCOPE_ABSENT	INCOMING_SCOPE_ABSENT	4b8518590d971c3fb3a18a77fa5de23d12084d55e7f8edd97d235b5a6a4e6ad6		source-directory-byte-hash-unrelated-snapshot	NOT_ASSESSED_BY_FILE_DELTA
PROVIDER	src/security/Security.ts	PROVIDER_SCOPE_ABSENT	INCOMING_SCOPE_ABSENT	2576de645b881d82931a48b78bba3b18c5699cea94447955c9e04fc0c5788d8b		source-directory-byte-hash-unrelated-snapshot	NOT_ASSESSED_BY_FILE_DELTA
PROVIDER	src/services/HttpClient.ts	PROVIDER_SCOPE_ABSENT	INCOMING_SCOPE_ABSENT	a37d90412435872af44051935bd1e3943e87a26a584f1056c06a9b0db2dff805		source-directory-byte-hash-unrelated-snapshot	NOT_ASSESSED_BY_FILE_DELTA
PROVIDER	src/services/NotificationService.ts	PROVIDER_SCOPE_ABSENT	INCOMING_SCOPE_ABSENT	356067cbc33ae0d0796bb9dd337c4ba4f2ee24a16f820f82052892f2a9b4f720		source-directory-byte-hash-unrelated-snapshot	NOT_ASSESSED_BY_FILE_DELTA
PROVIDER	src/types/FacilityTypes.ts	PROVIDER_SCOPE_ABSENT	INCOMING_SCOPE_ABSENT	d013ef6236265c7da5ea1e66910c2b227c4cc6e9ea77f9d1b8a100318c3ad0ba		source-directory-byte-hash-unrelated-snapshot	NOT_ASSESSED_BY_FILE_DELTA
PROVIDER	src/types/contracts.ts	PROVIDER_SCOPE_ABSENT	INCOMING_SCOPE_ABSENT	338ba19890e5a44b912c3fb4dac0a2411b338f185ff31327a412d2cdc7f5ef56		source-directory-byte-hash-unrelated-snapshot	NOT_ASSESSED_BY_FILE_DELTA
PROVIDER	src/utils/PushNotifications.ts	PROVIDER_SCOPE_ABSENT	INCOMING_SCOPE_ABSENT	3bd07a15a69daa856b4215f17b1a54bbb9b373b864c02880c8db762a156bca13		source-directory-byte-hash-unrelated-snapshot	NOT_ASSESSED_BY_FILE_DELTA
PROVIDER	src/utils/api.ts	PROVIDER_SCOPE_ABSENT	INCOMING_SCOPE_ABSENT	cffa2b2e4503d337bad609f9c083848019d8d4dee9a041b2cf8a975dfc995113		source-directory-byte-hash-unrelated-snapshot	NOT_ASSESSED_BY_FILE_DELTA
PROVIDER	src/utils/dates.ts	PROVIDER_SCOPE_ABSENT	INCOMING_SCOPE_ABSENT	862a9ca97012f04dec934dafeb2485d53272420720a0e6b76d0755fb3556cade		source-directory-byte-hash-unrelated-snapshot	NOT_ASSESSED_BY_FILE_DELTA
PROVIDER	src/utils/imageUrl.ts	PROVIDER_SCOPE_ABSENT	INCOMING_SCOPE_ABSENT	8110d355406eb2d82ed01a8109c5cbd46b3a4b3dfbbdb5de5cc7ee51d70fa829		source-directory-byte-hash-unrelated-snapshot	NOT_ASSESSED_BY_FILE_DELTA
PROVIDER	src/utils/notifications.ts	PROVIDER_SCOPE_ABSENT	INCOMING_SCOPE_ABSENT	c9db5a26cbf781bcd26b41f0dc523469d054b7c4dd4c76c5c8b38a2de2662854		source-directory-byte-hash-unrelated-snapshot	NOT_ASSESSED_BY_FILE_DELTA
PROVIDER	tsconfig.json	PROVIDER_SCOPE_ABSENT	INCOMING_SCOPE_ABSENT	cabcd9ae0a201f231fe91e2fb8b14653173f2d72fa1aef559bee17715f8a98d6		source-directory-byte-hash-unrelated-snapshot	NOT_ASSESSED_BY_FILE_DELTA
ADMIN_FRONTEND	AGENTS.md	ADMIN_FRONTEND_SCOPE_ABSENT	INCOMING_SCOPE_ABSENT	e3447d84251880fb34cfae09131cb4c57471529bbfe60976a3245793cf621627		source-directory-byte-hash-unrelated-snapshot	NOT_ASSESSED_BY_FILE_DELTA
ADMIN_FRONTEND	CLAUDE.md	ADMIN_FRONTEND_SCOPE_ABSENT	INCOMING_SCOPE_ABSENT	336cc4fbf19beaada7ccf9986414fa91851a8d7a07dfb3ccbe800a69eed0ab49		source-directory-byte-hash-unrelated-snapshot	NOT_ASSESSED_BY_FILE_DELTA
ADMIN_FRONTEND	README.md	ADMIN_FRONTEND_SCOPE_ABSENT	INCOMING_SCOPE_ABSENT	46f372189e874e155ce605d39c02d4f80b1d258920d22ccdf92fe80fb1ac9a76		source-directory-byte-hash-unrelated-snapshot	NOT_ASSESSED_BY_FILE_DELTA
ADMIN_FRONTEND	eslint.config.mjs	ADMIN_FRONTEND_SCOPE_ABSENT	INCOMING_SCOPE_ABSENT	870f1adccecf3051cbcd9fd307cef51d7633cf510979c181a81f4b1797273493		source-directory-byte-hash-unrelated-snapshot	NOT_ASSESSED_BY_FILE_DELTA
ADMIN_FRONTEND	next-env.d.ts	ADMIN_FRONTEND_SCOPE_ABSENT	INCOMING_SCOPE_ABSENT	6270cb0e77bf8b6add74edb5e90994381850fabaf82f3480e6dd0721eacbd40b		source-directory-byte-hash-unrelated-snapshot	NOT_ASSESSED_BY_FILE_DELTA
ADMIN_FRONTEND	next.config.ts	ADMIN_FRONTEND_SCOPE_ABSENT	INCOMING_SCOPE_ABSENT	a5b489982805de6273a048820c55ea6177db634e66a985aac765d93ba8174248		source-directory-byte-hash-unrelated-snapshot	NOT_ASSESSED_BY_FILE_DELTA
ADMIN_FRONTEND	package-lock.json	ADMIN_FRONTEND_SCOPE_ABSENT	INCOMING_SCOPE_ABSENT	b3184d3acf144fae7704535190cef91ef09b6510b25bb6b89d4e8b29309c60d0		source-directory-byte-hash-unrelated-snapshot	NOT_ASSESSED_BY_FILE_DELTA
ADMIN_FRONTEND	package.json	ADMIN_FRONTEND_SCOPE_ABSENT	INCOMING_SCOPE_ABSENT	2f9908f486af3d78094b8014fe4142c238d8206ae34ce9b9c9a7b2243210815b		source-directory-byte-hash-unrelated-snapshot	NOT_ASSESSED_BY_FILE_DELTA
ADMIN_FRONTEND	postcss.config.mjs	ADMIN_FRONTEND_SCOPE_ABSENT	INCOMING_SCOPE_ABSENT	dfac7ac2d86d326a0e5adb024e7943c181393ed17a5fcb8f0315b24c7da6ddde		source-directory-byte-hash-unrelated-snapshot	NOT_ASSESSED_BY_FILE_DELTA
ADMIN_FRONTEND	public/favicon.ico	ADMIN_FRONTEND_SCOPE_ABSENT	INCOMING_SCOPE_ABSENT	2b8ad2d33455a8f736fc3a8ebf8f0bdea8848ad4c0db48a2833bd0f9cd775932		source-directory-byte-hash-unrelated-snapshot	NOT_ASSESSED_BY_FILE_DELTA
ADMIN_FRONTEND	public/file.svg	ADMIN_FRONTEND_SCOPE_ABSENT	INCOMING_SCOPE_ABSENT	2b67812c325c199a02536cdbeea0c593a72f707d323b72ee3e08dbab06753bd4		source-directory-byte-hash-unrelated-snapshot	NOT_ASSESSED_BY_FILE_DELTA
ADMIN_FRONTEND	public/globe.svg	ADMIN_FRONTEND_SCOPE_ABSENT	INCOMING_SCOPE_ABSENT	b614b9bf183925957661ac851498fe1d8029fd43a62fbfed86f9e2624a57e7cf		source-directory-byte-hash-unrelated-snapshot	NOT_ASSESSED_BY_FILE_DELTA
ADMIN_FRONTEND	public/next.svg	ADMIN_FRONTEND_SCOPE_ABSENT	INCOMING_SCOPE_ABSENT	55995dfad6ecb4945a1e856ddca03c5e16aa5bf13fd21b4df6a74ae79357bcfc		source-directory-byte-hash-unrelated-snapshot	NOT_ASSESSED_BY_FILE_DELTA
ADMIN_FRONTEND	public/robots.txt	ADMIN_FRONTEND_SCOPE_ABSENT	INCOMING_SCOPE_ABSENT	90783e33b8606530299560dd6aa514b994e990180852403234ea8094d83822d9		source-directory-byte-hash-unrelated-snapshot	NOT_ASSESSED_BY_FILE_DELTA
ADMIN_FRONTEND	public/vercel.svg	ADMIN_FRONTEND_SCOPE_ABSENT	INCOMING_SCOPE_ABSENT	f081337b2fee635b455b63275406a3e7f39d6a014e25ad90dab5a67e62a12ac4		source-directory-byte-hash-unrelated-snapshot	NOT_ASSESSED_BY_FILE_DELTA
ADMIN_FRONTEND	public/window.svg	ADMIN_FRONTEND_SCOPE_ABSENT	INCOMING_SCOPE_ABSENT	644768c4aaeb4767bce293344eeb0c125fb804a94d801440424072202d85e3a1		source-directory-byte-hash-unrelated-snapshot	NOT_ASSESSED_BY_FILE_DELTA
ADMIN_FRONTEND	src/components/AdminGuard.tsx	ADMIN_FRONTEND_SCOPE_ABSENT	INCOMING_SCOPE_ABSENT	e850a746b172dbeabafa7192999ada76c431b0774afeab3b6f2a61d0bd40f694		source-directory-byte-hash-unrelated-snapshot	NOT_ASSESSED_BY_FILE_DELTA
ADMIN_FRONTEND	src/components/EmptyIcon.tsx	ADMIN_FRONTEND_SCOPE_ABSENT	INCOMING_SCOPE_ABSENT	e87da0153bf3d9b5651ac7e7da2bdb6500fb5400d871361c18334427cf6eaa0b		source-directory-byte-hash-unrelated-snapshot	NOT_ASSESSED_BY_FILE_DELTA
ADMIN_FRONTEND	src/components/ProviderFullDetail.tsx	ADMIN_FRONTEND_SCOPE_ABSENT	INCOMING_SCOPE_ABSENT	034e056d7d1b2208c02ee711c2cb850a03d8f8da0837b571f46749525427c153		source-directory-byte-hash-unrelated-snapshot	NOT_ASSESSED_BY_FILE_DELTA
ADMIN_FRONTEND	src/components/PublicDirectory.tsx	ADMIN_FRONTEND_SCOPE_ABSENT	INCOMING_SCOPE_ABSENT	33c310d4f7441358adbb580301e7f4972102bdb443e6d809a4bac89fe893e960		source-directory-byte-hash-unrelated-snapshot	NOT_ASSESSED_BY_FILE_DELTA
ADMIN_FRONTEND	src/pages/_app.tsx	ADMIN_FRONTEND_SCOPE_ABSENT	INCOMING_SCOPE_ABSENT	e9316262889ee0600d8250142ddc85e732b9eece2838fe0ec2f96c0a9c7dc898		source-directory-byte-hash-unrelated-snapshot	NOT_ASSESSED_BY_FILE_DELTA
ADMIN_FRONTEND	src/pages/_document.tsx	ADMIN_FRONTEND_SCOPE_ABSENT	INCOMING_SCOPE_ABSENT	db90f87ec2f43038e7af699dede542f0773cca6ce2948beeb7f37913cea0733c		source-directory-byte-hash-unrelated-snapshot	NOT_ASSESSED_BY_FILE_DELTA
ADMIN_FRONTEND	src/pages/admin/ai-control.tsx	ADMIN_FRONTEND_SCOPE_ABSENT	INCOMING_SCOPE_ABSENT	805cde84ec9cd497069d7f0adac44c29644714bb27d572dcd5d0053936f51459		source-directory-byte-hash-unrelated-snapshot	NOT_ASSESSED_BY_FILE_DELTA
ADMIN_FRONTEND	src/pages/admin/ambulance-fleet.tsx	ADMIN_FRONTEND_SCOPE_ABSENT	INCOMING_SCOPE_ABSENT	c307f2eb7e373b5fe9c6c7681bf2b778c7e0bd74d2842f3ad23a130fbd9b75d8		source-directory-byte-hash-unrelated-snapshot	NOT_ASSESSED_BY_FILE_DELTA
ADMIN_FRONTEND	src/pages/admin/analytics.tsx	ADMIN_FRONTEND_SCOPE_ABSENT	INCOMING_SCOPE_ABSENT	842e40d40561a22f39cf7c49de90483c727c9ee2b1013b33a159ca769edf4d1f		source-directory-byte-hash-unrelated-snapshot	NOT_ASSESSED_BY_FILE_DELTA
ADMIN_FRONTEND	src/pages/admin/audit-logs.tsx	ADMIN_FRONTEND_SCOPE_ABSENT	INCOMING_SCOPE_ABSENT	2244739d97bca0472269257229a840a39d02a0d0c63ef50868c8b50d1ffe1558		source-directory-byte-hash-unrelated-snapshot	NOT_ASSESSED_BY_FILE_DELTA
ADMIN_FRONTEND	src/pages/admin/catalog-manager.tsx	ADMIN_FRONTEND_SCOPE_ABSENT	INCOMING_SCOPE_ABSENT	2ac31fe58d9b9dbe5c35fa03ffcac7053a7e6b615a9c36ba359ba82d1046b773		source-directory-byte-hash-unrelated-snapshot	NOT_ASSESSED_BY_FILE_DELTA
ADMIN_FRONTEND	src/pages/admin/commissions.tsx	ADMIN_FRONTEND_SCOPE_ABSENT	INCOMING_SCOPE_ABSENT	ce3900c3190d6d8334255bf8721daf32cb08875b70c4a3c557b8c444cfb335b2		source-directory-byte-hash-unrelated-snapshot	NOT_ASSESSED_BY_FILE_DELTA
ADMIN_FRONTEND	src/pages/admin/config-portal.tsx	ADMIN_FRONTEND_SCOPE_ABSENT	INCOMING_SCOPE_ABSENT	7e78317313220c6bab5bb56754c9adf1f80fafb43780e2efc358078c4a583fb8		source-directory-byte-hash-unrelated-snapshot	NOT_ASSESSED_BY_FILE_DELTA
ADMIN_FRONTEND	src/pages/admin/dashboard.tsx	ADMIN_FRONTEND_SCOPE_ABSENT	INCOMING_SCOPE_ABSENT	882f77e5d0531618ca69493d9055292b4614b448f436160831a518e8df4500cd		source-directory-byte-hash-unrelated-snapshot	NOT_ASSESSED_BY_FILE_DELTA
ADMIN_FRONTEND	src/pages/admin/disputes.tsx	ADMIN_FRONTEND_SCOPE_ABSENT	INCOMING_SCOPE_ABSENT	d7e3e700b3689f78d9cdcebfef4fdafe44494b8916eed65b5d43b3101cc1c325		source-directory-byte-hash-unrelated-snapshot	NOT_ASSESSED_BY_FILE_DELTA
ADMIN_FRONTEND	src/pages/admin/financial-ledger.tsx	ADMIN_FRONTEND_SCOPE_ABSENT	INCOMING_SCOPE_ABSENT	df6e0383dfccdac183f155e196d5c53b32dcf733c4fc114067451c5db1f170d6		source-directory-byte-hash-unrelated-snapshot	NOT_ASSESSED_BY_FILE_DELTA
ADMIN_FRONTEND	src/pages/admin/fraud-monitoring.tsx	ADMIN_FRONTEND_SCOPE_ABSENT	INCOMING_SCOPE_ABSENT	dd893f8f910cae17f8f9e877e4b4f8057675d8fbfd03ce152a5a88ebeccf1c70		source-directory-byte-hash-unrelated-snapshot	NOT_ASSESSED_BY_FILE_DELTA
ADMIN_FRONTEND	src/pages/admin/health-dashboard.tsx	ADMIN_FRONTEND_SCOPE_ABSENT	INCOMING_SCOPE_ABSENT	5e054e55894f3f0ebbeb7a96ddd704d1cc55efab8fbddfcbf6c4505c06721cf1		source-directory-byte-hash-unrelated-snapshot	NOT_ASSESSED_BY_FILE_DELTA
ADMIN_FRONTEND	src/pages/admin/image-suggestions.tsx	ADMIN_FRONTEND_SCOPE_ABSENT	INCOMING_SCOPE_ABSENT	bf384dba3b0c6992820fd56788d142c79b8b7c1266aa6d573931f85a7dbebe8d		source-directory-byte-hash-unrelated-snapshot	NOT_ASSESSED_BY_FILE_DELTA
ADMIN_FRONTEND	src/pages/admin/insurance-companies.tsx	ADMIN_FRONTEND_SCOPE_ABSENT	INCOMING_SCOPE_ABSENT	8873703f8a59172e4143fb0137dabc030a714bc0b882a1e1790f517d1199d023		source-directory-byte-hash-unrelated-snapshot	NOT_ASSESSED_BY_FILE_DELTA
ADMIN_FRONTEND	src/pages/admin/insurance-queue.tsx	ADMIN_FRONTEND_SCOPE_ABSENT	INCOMING_SCOPE_ABSENT	81f96f5a0486ea4887476f1ad57b195d01670f63cbcb93f314f118597c0083ed		source-directory-byte-hash-unrelated-snapshot	NOT_ASSESSED_BY_FILE_DELTA
ADMIN_FRONTEND	src/pages/admin/legal-policies.tsx	ADMIN_FRONTEND_SCOPE_ABSENT	INCOMING_SCOPE_ABSENT	0eb0411e947d211b072afc2ba09ddd73037277d753cc938e8544c8b0ec0ea292		source-directory-byte-hash-unrelated-snapshot	NOT_ASSESSED_BY_FILE_DELTA
ADMIN_FRONTEND	src/pages/admin/medicines-catalog.tsx	ADMIN_FRONTEND_SCOPE_ABSENT	INCOMING_SCOPE_ABSENT	442e55a22862bbf77777874d2ddd1c8fc7040502d15ad3be25f8f17b5a80e7ad		source-directory-byte-hash-unrelated-snapshot	NOT_ASSESSED_BY_FILE_DELTA
ADMIN_FRONTEND	src/pages/admin/notification-center.tsx	ADMIN_FRONTEND_SCOPE_ABSENT	INCOMING_SCOPE_ABSENT	71a4deb864ea99684ed4551066b6a2132eaefc8f6721ddbd91720a3dca6f163c		source-directory-byte-hash-unrelated-snapshot	NOT_ASSESSED_BY_FILE_DELTA
ADMIN_FRONTEND	src/pages/admin/nursing-portal.tsx	ADMIN_FRONTEND_SCOPE_ABSENT	INCOMING_SCOPE_ABSENT	68bdd356f7b27a7e0dae8d49e45d9259a70bb0119d3c1ed1041b1cb3501686f4		source-directory-byte-hash-unrelated-snapshot	NOT_ASSESSED_BY_FILE_DELTA
ADMIN_FRONTEND	src/pages/admin/order-detail.tsx	ADMIN_FRONTEND_SCOPE_ABSENT	INCOMING_SCOPE_ABSENT	06ae2f8428067629748e733615cb003088f13abf47a9da7aadb8322d77315eca		source-directory-byte-hash-unrelated-snapshot	NOT_ASSESSED_BY_FILE_DELTA
ADMIN_FRONTEND	src/pages/admin/payouts.tsx	ADMIN_FRONTEND_SCOPE_ABSENT	INCOMING_SCOPE_ABSENT	23de0779928df008521f29ae1e70c42b2be4670ebd59d515ea551cd8fc865b91		source-directory-byte-hash-unrelated-snapshot	NOT_ASSESSED_BY_FILE_DELTA
ADMIN_FRONTEND	src/pages/admin/pharmacy-procurement.tsx	ADMIN_FRONTEND_SCOPE_ABSENT	INCOMING_SCOPE_ABSENT	90c61ca26ce680b7fe4fad7f53f01a4afe670f6b651654218b644d9128803444		source-directory-byte-hash-unrelated-snapshot	NOT_ASSESSED_BY_FILE_DELTA
ADMIN_FRONTEND	src/pages/admin/provider-audits.tsx	ADMIN_FRONTEND_SCOPE_ABSENT	INCOMING_SCOPE_ABSENT	6ee1935bb2b7f82af362339c2c67e86cf9fb71801eee30106db7b3892f74ff6f		source-directory-byte-hash-unrelated-snapshot	NOT_ASSESSED_BY_FILE_DELTA
ADMIN_FRONTEND	src/pages/admin/provider-moderation.tsx	ADMIN_FRONTEND_SCOPE_ABSENT	INCOMING_SCOPE_ABSENT	a5c7d2cf77bf485a30007dcc5ce88980d41db52b79bdfb71907bd64c536c92fe		source-directory-byte-hash-unrelated-snapshot	NOT_ASSESSED_BY_FILE_DELTA
ADMIN_FRONTEND	src/pages/admin/rbac.tsx	ADMIN_FRONTEND_SCOPE_ABSENT	INCOMING_SCOPE_ABSENT	1ce439fc9d76aad7d793c5a13302b8516a23aab14056b5dec75ab69df208d11f		source-directory-byte-hash-unrelated-snapshot	NOT_ASSESSED_BY_FILE_DELTA
ADMIN_FRONTEND	src/pages/admin/security.tsx	ADMIN_FRONTEND_SCOPE_ABSENT	INCOMING_SCOPE_ABSENT	0f76507f94d92a11947e367fe6430f0d25eda878903ddedc30aa914318d3272d		source-directory-byte-hash-unrelated-snapshot	NOT_ASSESSED_BY_FILE_DELTA
ADMIN_FRONTEND	src/pages/admin/shortage-reports.tsx	ADMIN_FRONTEND_SCOPE_ABSENT	INCOMING_SCOPE_ABSENT	b4d83c9685a2a70054c8bf4f8f31f820a41d4ceb14bef1c27b780deba257cbf1		source-directory-byte-hash-unrelated-snapshot	NOT_ASSESSED_BY_FILE_DELTA
ADMIN_FRONTEND	src/pages/admin/sos-monitor.tsx	ADMIN_FRONTEND_SCOPE_ABSENT	INCOMING_SCOPE_ABSENT	0e80d8bf719034cb600ed38ac5f8e2020d8123950a5522a98ae83c4b4241967c		source-directory-byte-hash-unrelated-snapshot	NOT_ASSESSED_BY_FILE_DELTA
ADMIN_FRONTEND	src/pages/admin/support-tickets.tsx	ADMIN_FRONTEND_SCOPE_ABSENT	INCOMING_SCOPE_ABSENT	dc68a820ac9f7195fcb92b07f85ceecf0d477772ef1491227cd3739a80236236		source-directory-byte-hash-unrelated-snapshot	NOT_ASSESSED_BY_FILE_DELTA
ADMIN_FRONTEND	src/pages/admin/users-management.tsx	ADMIN_FRONTEND_SCOPE_ABSENT	INCOMING_SCOPE_ABSENT	aaf12290cc7a8235122f50853963ea2c17908ef73c4eee3e2986cb4427b7d89c		source-directory-byte-hash-unrelated-snapshot	NOT_ASSESSED_BY_FILE_DELTA
ADMIN_FRONTEND	src/pages/api/hello.ts	ADMIN_FRONTEND_SCOPE_ABSENT	INCOMING_SCOPE_ABSENT	546a4296c534a6f7a6f63ee24ad8216f39a7344d7b6e5fc39a23110dc7be4351		source-directory-byte-hash-unrelated-snapshot	NOT_ASSESSED_BY_FILE_DELTA
ADMIN_FRONTEND	src/pages/articles/index.tsx	ADMIN_FRONTEND_SCOPE_ABSENT	INCOMING_SCOPE_ABSENT	8084a7f592a661b43e01848bbd48dc52b33c7345dab6933071e30df3f3fb5de8		source-directory-byte-hash-unrelated-snapshot	NOT_ASSESSED_BY_FILE_DELTA
ADMIN_FRONTEND	src/pages/doctors/index.tsx	ADMIN_FRONTEND_SCOPE_ABSENT	INCOMING_SCOPE_ABSENT	352cfe73536b7bb23b6f9865492db5a5cb453eb0196fac89af1f9f9badc3f17c		source-directory-byte-hash-unrelated-snapshot	NOT_ASSESSED_BY_FILE_DELTA
ADMIN_FRONTEND	src/pages/facilities/index.tsx	ADMIN_FRONTEND_SCOPE_ABSENT	INCOMING_SCOPE_ABSENT	5928cb45c84c0f8bcc91e5a4e1fdf7b58c460ff9baf60386380e85fef98ca2da		source-directory-byte-hash-unrelated-snapshot	NOT_ASSESSED_BY_FILE_DELTA
ADMIN_FRONTEND	src/pages/home-care-services/index.tsx	ADMIN_FRONTEND_SCOPE_ABSENT	INCOMING_SCOPE_ABSENT	865dc45188dc5f37c37f87f11ec74e0250f3904b0e56c1a4834dfb90e25bd2b8		source-directory-byte-hash-unrelated-snapshot	NOT_ASSESSED_BY_FILE_DELTA
ADMIN_FRONTEND	src/pages/index.tsx	ADMIN_FRONTEND_SCOPE_ABSENT	INCOMING_SCOPE_ABSENT	a24fce8b0c6c18e0d972543471c831370ed44dfa9423b0ec92855b66644a06c5		source-directory-byte-hash-unrelated-snapshot	NOT_ASSESSED_BY_FILE_DELTA
ADMIN_FRONTEND	src/pages/lab-services/index.tsx	ADMIN_FRONTEND_SCOPE_ABSENT	INCOMING_SCOPE_ABSENT	02cf719a0fcabdd74d814dad7a1c389e7139552f00644af2b2449b147be87d8c		source-directory-byte-hash-unrelated-snapshot	NOT_ASSESSED_BY_FILE_DELTA
ADMIN_FRONTEND	src/pages/login.tsx	ADMIN_FRONTEND_SCOPE_ABSENT	INCOMING_SCOPE_ABSENT	0cccf5e30392476ee3dad530e33c09de9a8669b85ea0ac8f1c4ee59c5b51b314		source-directory-byte-hash-unrelated-snapshot	NOT_ASSESSED_BY_FILE_DELTA
ADMIN_FRONTEND	src/pages/medicines/index.tsx	ADMIN_FRONTEND_SCOPE_ABSENT	INCOMING_SCOPE_ABSENT	2ddae3c636d80311fd3417bb0dcc65830f50e0cc00e81d8ba0d36515c2847ba5		source-directory-byte-hash-unrelated-snapshot	NOT_ASSESSED_BY_FILE_DELTA
ADMIN_FRONTEND	src/pages/s/[type]/[slug].tsx	ADMIN_FRONTEND_SCOPE_ABSENT	INCOMING_SCOPE_ABSENT	3fedad17614dff0007a5d63f21dcd29332e84c4b8d090f9f31e5a30a0772c698		source-directory-byte-hash-unrelated-snapshot	NOT_ASSESSED_BY_FILE_DELTA
ADMIN_FRONTEND	src/styles/globals.css	ADMIN_FRONTEND_SCOPE_ABSENT	INCOMING_SCOPE_ABSENT	769edf77bd0d101a2d26e6c5656defba8cd885ff37d92279fa293a2756fe5651		source-directory-byte-hash-unrelated-snapshot	NOT_ASSESSED_BY_FILE_DELTA
ADMIN_FRONTEND	src/utils/api.ts	ADMIN_FRONTEND_SCOPE_ABSENT	INCOMING_SCOPE_ABSENT	fb9f1432a4cc8a843338bfee2b684773001a0b67e2601fb308018f56b38373d4		source-directory-byte-hash-unrelated-snapshot	NOT_ASSESSED_BY_FILE_DELTA
ADMIN_FRONTEND	tsconfig.json	ADMIN_FRONTEND_SCOPE_ABSENT	INCOMING_SCOPE_ABSENT	53d4761a011f9c7469ab8adaba0e88f478d439a70e62e2fa6930094373907fbd		source-directory-byte-hash-unrelated-snapshot	NOT_ASSESSED_BY_FILE_DELTA
ADMIN_FRONTEND	tsconfig.tsbuildinfo	ADMIN_FRONTEND_SCOPE_ABSENT	INCOMING_SCOPE_ABSENT	af1c93ccd828bbea34adcaa5c93b95cbf1a0046c0ada49ef9ab1da4df775a0dd		source-directory-byte-hash-unrelated-snapshot	NOT_ASSESSED_BY_FILE_DELTA
