screen_id	mobile_route	mobile_source_path	mobile_action_signal_lines	web_source_path	web_route_candidate	web_sha256	web_line_count	web_action_signal_lines	mapping_status	mapping_note	visual_parity_status	cta_parity_status	scenario_parity_status	contract_parity_status	approved_exception_reason	owner_agent
PM-001	(auth)/forgot-password	app/(auth)/forgot-password.tsx	38,70,118,124	NONE__SOURCE_TREE_SCAN	NONE	NONE	0	NONE	MANUAL_MAPPING_COMPLETE__MISSING_CAPABILITY	No localized forgot-password page or password-recovery handler found in reviewed Web source tree. Evidence: audit-artifacts/gap-closure-audit/patient-web-manual-evidence/AUTH_SESSION_PRIVACY_FAMILY_MANUAL_REVIEW_2026-08-26.md	NOT_REVIEWED__SOURCE_ONLY	MISSING_CAPABILITY	MISSING_CAPABILITY	INSUFFICIENT_EVIDENCE__NO_WEB_SURFACE	NONE	AGENT_1_PATIENT_MOBILE_WEB
PM-002	(auth)/login	app/(auth)/login.tsx	64,103,105,177,179,220,274,283,297,307,323,329,335,340,347	components-next/login-form.tsx	/{locale}/login	b68bd3ed09439483cbfc1db0ecf7aaa52f4cfb5d79792dfbb6bd13560434d768	54	16-53	MANUAL_MAPPING_COMPLETE__STATIC_MATCHED_PARTIAL	Login form provides password, OTP and 2FA client paths; visual parity and upstream contract remain unproven. Evidence: audit-artifacts/gap-closure-audit/patient-web-manual-evidence/AUTH_SESSION_PRIVACY_FAMILY_MANUAL_REVIEW_2026-08-26.md	NOT_REVIEWED__SOURCE_ONLY	STATIC_MATCHED_PARTIAL	STATIC_MATCHED_PARTIAL	RUNTIME_REQUIRED	NONE	AGENT_1_PATIENT_MOBILE_WEB
PM-003	(auth)/otp	app/(auth)/otp.tsx	89,139,141,155,198,205	components-next/login-form.tsx	/{locale}/login	b68bd3ed09439483cbfc1db0ecf7aaa52f4cfb5d79792dfbb6bd13560434d768	54	19-29, 41-52	MANUAL_MAPPING_COMPLETE__STATIC_MATCHED_PARTIAL	OTP is an in-form state, not a separately evidenced query route; one-time exchange/cookie behavior requires Backend/runtime reconciliation. Evidence: audit-artifacts/gap-closure-audit/patient-web-manual-evidence/AUTH_SESSION_PRIVACY_FAMILY_MANUAL_REVIEW_2026-08-26.md	NOT_REVIEWED__SOURCE_ONLY	STATIC_MATCHED_PARTIAL	STATIC_MATCHED_PARTIAL	RUNTIME_REQUIRED	NONE	AGENT_1_PATIENT_MOBILE_WEB
PM-004	(auth)/privacy	app/(auth)/privacy.tsx	70,94	app/[locale]/settings/page.tsx	/{locale}/settings	aa3a2339987d213456cb564571fd38d6d2703865f769d3453dfc2ec9e2a5784b	45	17-44	MANUAL_MAPPING_COMPLETE__MISSING_CAPABILITY	Settings provides read-only privacy/security summaries; no consent or privacy-management mutation CTA is evidenced. Evidence: audit-artifacts/gap-closure-audit/patient-web-manual-evidence/AUTH_SESSION_PRIVACY_FAMILY_MANUAL_REVIEW_2026-08-26.md	NOT_REVIEWED__SOURCE_ONLY	MISSING_CAPABILITY	MISSING_CAPABILITY	MISSING_CAPABILITY	NONE	AGENT_1_PATIENT_MOBILE_WEB
PM-005	(auth)/provider-info	app/(auth)/provider-info.tsx	15,19,62,65	NONE__SOURCE_TREE_SCAN	NONE	NONE	0	NONE	MANUAL_MAPPING_COMPLETE__INSUFFICIENT_EVIDENCE	No patient-Web auth/provider-info equivalent was located; source absence does not prove a Backend contract is absent. Evidence: audit-artifacts/gap-closure-audit/patient-web-manual-evidence/AUTH_SESSION_PRIVACY_FAMILY_MANUAL_REVIEW_2026-08-26.md	NOT_REVIEWED__SOURCE_ONLY	INSUFFICIENT_EVIDENCE	INSUFFICIENT_EVIDENCE	INSUFFICIENT_EVIDENCE__NO_WEB_SURFACE	NONE	AGENT_1_PATIENT_MOBILE_WEB
PM-006	(auth)/register	app/(auth)/register.tsx	45,86,125,127,182,214,271,277,288,304,310,316,321,328	NONE__SOURCE_TREE_SCAN	NONE	NONE	0	NONE	MANUAL_MAPPING_COMPLETE__MISSING_CAPABILITY	No localized registration page or registration handler found in reviewed Web source tree. Evidence: audit-artifacts/gap-closure-audit/patient-web-manual-evidence/AUTH_SESSION_PRIVACY_FAMILY_MANUAL_REVIEW_2026-08-26.md	NOT_REVIEWED__SOURCE_ONLY	MISSING_CAPABILITY	MISSING_CAPABILITY	INSUFFICIENT_EVIDENCE__NO_WEB_SURFACE	NONE	AGENT_1_PATIENT_MOBILE_WEB
PM-007	(auth)/reset-password	app/(auth)/reset-password.tsx	77,102,137	NONE__SOURCE_TREE_SCAN	NONE	NONE	0	NONE	MANUAL_MAPPING_COMPLETE__MISSING_CAPABILITY	No localized reset-password page or reset-password handler found in reviewed Web source tree. Evidence: audit-artifacts/gap-closure-audit/patient-web-manual-evidence/AUTH_SESSION_PRIVACY_FAMILY_MANUAL_REVIEW_2026-08-26.md	NOT_REVIEWED__SOURCE_ONLY	MISSING_CAPABILITY	MISSING_CAPABILITY	INSUFFICIENT_EVIDENCE__NO_WEB_SURFACE	NONE	AGENT_1_PATIENT_MOBILE_WEB
PM-008	(auth)/terms	app/(auth)/terms.tsx	66,90	NONE__SOURCE_TREE_SCAN	NONE	NONE	0	NONE	MANUAL_MAPPING_COMPLETE__MISSING_CAPABILITY	No localized terms/acceptance page or handler found in reviewed Web source tree. Evidence: audit-artifacts/gap-closure-audit/patient-web-manual-evidence/AUTH_SESSION_PRIVACY_FAMILY_MANUAL_REVIEW_2026-08-26.md	NOT_REVIEWED__SOURCE_ONLY	MISSING_CAPABILITY	MISSING_CAPABILITY	INSUFFICIENT_EVIDENCE__NO_WEB_SURFACE	NONE	AGENT_1_PATIENT_MOBILE_WEB
PM-009	(auth)/welcome	app/(auth)/welcome.tsx	21,22,23,77,85,95,100,125,133,150,156,162,167	app/[locale]/page.tsx	/{locale}	7a97ff0734319af803e9640c64ff82caa8228bb0a376a94e496be25b919eaa82	11	10-11	MANUAL_MAPPING_COMPLETE__STATIC_MATCHED_PARTIAL	Public landing is a partial web welcome alternative but does not evidence native onboarding/legal/account-choice equivalence. Evidence: audit-artifacts/gap-closure-audit/patient-web-manual-evidence/AUTH_SESSION_PRIVACY_FAMILY_MANUAL_REVIEW_2026-08-26.md	NOT_REVIEWED__SOURCE_ONLY	STATIC_MATCHED_PARTIAL	STATIC_MATCHED_PARTIAL	INSUFFICIENT_EVIDENCE	NONE	AGENT_1_PATIENT_MOBILE_WEB
PM-010	(onboarding)/index	app/(onboarding)/index.tsx	87,97,167,202	NONE	NONE	NONE	NONE	NONE	MANUAL_MAPPING_REQUIRED	No exact path match found; do not infer a web equivalent from a name/keyword.	NOT_REVIEWED	NOT_REVIEWED	NOT_REVIEWED	NOT_REVIEWED	NONE	AGENT_1_PATIENT_MOBILE_WEB
PM-011	(onboarding)/language	app/(onboarding)/language.tsx	40,58	NONE	NONE	NONE	NONE	NONE	MANUAL_MAPPING_REQUIRED	No exact path match found; do not infer a web equivalent from a name/keyword.	NOT_REVIEWED	NOT_REVIEWED	NOT_REVIEWED	NOT_REVIEWED	NONE	AGENT_1_PATIENT_MOBILE_WEB
PM-012	(onboarding)/permissions	app/(onboarding)/permissions.tsx	74,101,173,175	NONE	NONE	NONE	NONE	NONE	MANUAL_MAPPING_REQUIRED	No exact path match found; do not infer a web equivalent from a name/keyword.	NOT_REVIEWED	NOT_REVIEWED	NOT_REVIEWED	NOT_REVIEWED	NONE	AGENT_1_PATIENT_MOBILE_WEB
PM-013	(tabs)/consultations/index	app/(tabs)/consultations/index.tsx	33,35,220,231,241,244,247,257,260,270,286,293,360,374,378,402,412,482,490,502,506,515,524,533,542,551,557,572,579,588,597,610,653	app/[locale]/consultations/doctors/[doctorId]/page.tsx	/{locale}/consultations/doctors/{doctorId}	f4bd02360d591462dafb7e3c57708564e4bdccc46dc9bd928c761e1aa9454cbd	22	16-21	MANUAL_MAPPING_COMPLETE__STATIC_MATCHED_PARTIAL	Public doctor/slot discovery mounts an idempotent booking form, but price/payment/insurance/provider decision are not evidenced. Evidence: audit-artifacts/gap-closure-audit/patient-web-manual-evidence/CONSULTATION_BOOKING_DIAGNOSTICS_HOME_CARE_MANUAL_REVIEW_2026-08-26.md	NOT_REVIEWED__SOURCE_ONLY	STATIC_MATCHED_PARTIAL	MISSING_CAPABILITY	RUNTIME_REQUIRED	NONE	AGENT_1_PATIENT_MOBILE_WEB
PM-014	(tabs)/diagnostics	app/(tabs)/diagnostics.tsx	96,118,122,131,139,150,158,180,188,207,215,248,270,291,306,328,358,374,394,410,428	app/[locale]/diagnostics/labs/page.tsx	/{locale}/diagnostics/labs	f82abd97031612cb0c5d72440288963539dcc1587baa9857e7f2d21c7418cc0d	27	17-26	MANUAL_MAPPING_COMPLETE__MISSING_CAPABILITY	Public labs discovery is static card/filter UI; no booking, payment, insurance, provider or result transition is evidenced. Evidence: audit-artifacts/gap-closure-audit/patient-web-manual-evidence/CONSULTATION_BOOKING_DIAGNOSTICS_HOME_CARE_MANUAL_REVIEW_2026-08-26.md	NOT_REVIEWED__SOURCE_ONLY	MISSING_CAPABILITY	MISSING_CAPABILITY	MISSING_CAPABILITY	NONE	AGENT_1_PATIENT_MOBILE_WEB
PM-015	(tabs)/health	app/(tabs)/health.tsx	150,161,182,210,257,267,314,343,346,347	app/[locale]/health/page.tsx	/{locale}/health	7a25927267f37ca087b307ce07d740c1281a62ec708d10793fee40da3d462aea	50	35-50	MANUAL_MAPPING_COMPLETE__STATIC_MATCHED_PARTIAL	Authenticated vital summary and navigation exist; provenance, edit/import/share and clinical escalation are not evidenced. Evidence: audit-artifacts/gap-closure-audit/patient-web-manual-evidence/PHI_CONTENT_NOTIFICATIONS_CHAT_MENTAL_HEALTH_MANUAL_REVIEW_2026-08-26.md	NOT_REVIEWED__SOURCE_ONLY	STATIC_MATCHED_PARTIAL	MISSING_CAPABILITY	INSUFFICIENT_EVIDENCE	NONE	AGENT_1_PATIENT_MOBILE_WEB
PM-016	(tabs)/index	app/(tabs)/index.tsx	76,78,85,89,90,91,92,93,94,97,98,102,103,106,107,109,110,115,116,117	NONE	NONE	NONE	NONE	NONE	MANUAL_MAPPING_REQUIRED	No exact path match found; do not infer a web equivalent from a name/keyword.	NOT_REVIEWED	NOT_REVIEWED	NOT_REVIEWED	NOT_REVIEWED	NONE	AGENT_1_PATIENT_MOBILE_WEB
PM-017	(tabs)/nursing	app/(tabs)/nursing.tsx	91,99,113,131,139,156,192,210,221,227,235,236,237,242,243,249,250,251,252,256	NONE__SOURCE_TREE_AND_MUTATION_SCAN	NONE	NONE	0	NONE	MANUAL_MAPPING_COMPLETE__MISSING_CAPABILITY	No nursing-specific Web service/profile/tracking workflow was located; home-care catalog does not evidence nursing booking/fulfillment. Evidence: audit-artifacts/gap-closure-audit/patient-web-manual-evidence/CONSULTATION_BOOKING_DIAGNOSTICS_HOME_CARE_MANUAL_REVIEW_2026-08-26.md	NOT_REVIEWED__SOURCE_ONLY	MISSING_CAPABILITY	MISSING_CAPABILITY	INSUFFICIENT_EVIDENCE__NO_WEB_SURFACE	NONE	AGENT_1_PATIENT_MOBILE_WEB
PM-018	(tabs)/pharmacy	app/(tabs)/pharmacy.tsx	236,248,259,276,300,330,374,391,415,419,424,448,483,487,492,538	app/[locale]/medicines/page.tsx	/{locale}/medicines	9791aadc7b7bb46bccc524f4ced9676679f47aa6e82cfdb74549bcce5c319b11	54	20-53	MANUAL_MAPPING_COMPLETE__STATIC_MATCHED_PARTIAL	Authenticated medicine discovery/search and detail handoff exist, but no pharmacy cart/offer/payment journey CTA is present. Evidence: audit-artifacts/gap-closure-audit/patient-web-manual-evidence/PHARMACY_CART_OFFERS_PAYMENT_ORDERS_MANUAL_REVIEW_2026-08-26.md	NOT_REVIEWED__SOURCE_ONLY	STATIC_MATCHED_PARTIAL	MISSING_CAPABILITY	INSUFFICIENT_EVIDENCE	NONE	AGENT_1_PATIENT_MOBILE_WEB
PM-019	(tabs)/services	app/(tabs)/services.tsx	122,168	NONE	NONE	NONE	NONE	NONE	MANUAL_MAPPING_REQUIRED	No exact path match found; do not infer a web equivalent from a name/keyword.	NOT_REVIEWED	NOT_REVIEWED	NOT_REVIEWED	NOT_REVIEWED	NONE	AGENT_1_PATIENT_MOBILE_WEB
PM-020	ai-assistant	app/ai-assistant.tsx	135,150	NONE	NONE	NONE	NONE	NONE	MANUAL_MAPPING_REQUIRED	No exact path match found; do not infer a web equivalent from a name/keyword.	NOT_REVIEWED	NOT_REVIEWED	NOT_REVIEWED	NOT_REVIEWED	NONE	AGENT_1_PATIENT_MOBILE_WEB
PM-021	ai/chat-doctor	app/ai/chat-doctor.tsx	5	NONE__ROUTE_TREE_AND_SOURCE_SCAN	NONE	NONE	0	NONE	MANUAL_MAPPING_COMPLETE__MISSING_CAPABILITY	No localized Web AI feature surface/CTA found. Evidence: audit-artifacts/gap-closure-audit/patient-web-manual-evidence/AI_EMERGENCY_WALLET_LOYALTY_RETURNS_MANUAL_REVIEW_2026-08-26.md	NOT_REVIEWED__SOURCE_ONLY	MISSING_CAPABILITY	MISSING_CAPABILITY	INSUFFICIENT_EVIDENCE__NO_WEB_SURFACE	NONE	AGENT_1_PATIENT_MOBILE_WEB
PM-022	ai/monthly-report	app/ai/monthly-report.tsx	86,105,115,173,191,229,232	NONE__ROUTE_TREE_AND_SOURCE_SCAN	NONE	NONE	0	NONE	MANUAL_MAPPING_COMPLETE__MISSING_CAPABILITY	No localized Web AI feature surface/CTA found. Evidence: audit-artifacts/gap-closure-audit/patient-web-manual-evidence/AI_EMERGENCY_WALLET_LOYALTY_RETURNS_MANUAL_REVIEW_2026-08-26.md	NOT_REVIEWED__SOURCE_ONLY	MISSING_CAPABILITY	MISSING_CAPABILITY	INSUFFICIENT_EVIDENCE__NO_WEB_SURFACE	NONE	AGENT_1_PATIENT_MOBILE_WEB
PM-023	ai/prescription-translator	app/ai/prescription-translator.tsx	76,77,138,145,149,183,239,240,248,259,260,264	NONE__ROUTE_TREE_AND_SOURCE_SCAN	NONE	NONE	0	NONE	MANUAL_MAPPING_COMPLETE__MISSING_CAPABILITY	No localized Web AI feature surface/CTA found. Evidence: audit-artifacts/gap-closure-audit/patient-web-manual-evidence/AI_EMERGENCY_WALLET_LOYALTY_RETURNS_MANUAL_REVIEW_2026-08-26.md	NOT_REVIEWED__SOURCE_ONLY	MISSING_CAPABILITY	MISSING_CAPABILITY	INSUFFICIENT_EVIDENCE__NO_WEB_SURFACE	NONE	AGENT_1_PATIENT_MOBILE_WEB
PM-024	ai/skin-analysis	app/ai/skin-analysis.tsx	45,48	NONE__ROUTE_TREE_AND_SOURCE_SCAN	NONE	NONE	0	NONE	MANUAL_MAPPING_COMPLETE__MISSING_CAPABILITY	No localized Web AI feature surface/CTA found. Evidence: audit-artifacts/gap-closure-audit/patient-web-manual-evidence/AI_EMERGENCY_WALLET_LOYALTY_RETURNS_MANUAL_REVIEW_2026-08-26.md	NOT_REVIEWED__SOURCE_ONLY	MISSING_CAPABILITY	MISSING_CAPABILITY	INSUFFICIENT_EVIDENCE__NO_WEB_SURFACE	NONE	AGENT_1_PATIENT_MOBILE_WEB
PM-025	ai/symptom-checker	app/ai/symptom-checker.tsx	5	NONE__ROUTE_TREE_AND_SOURCE_SCAN	NONE	NONE	0	NONE	MANUAL_MAPPING_COMPLETE__MISSING_CAPABILITY	No localized Web AI feature surface/CTA found. Evidence: audit-artifacts/gap-closure-audit/patient-web-manual-evidence/AI_EMERGENCY_WALLET_LOYALTY_RETURNS_MANUAL_REVIEW_2026-08-26.md	NOT_REVIEWED__SOURCE_ONLY	MISSING_CAPABILITY	MISSING_CAPABILITY	INSUFFICIENT_EVIDENCE__NO_WEB_SURFACE	NONE	AGENT_1_PATIENT_MOBILE_WEB
PM-026	ai/symptom-timeline	app/ai/symptom-timeline.tsx	5	NONE__ROUTE_TREE_AND_SOURCE_SCAN	NONE	NONE	0	NONE	MANUAL_MAPPING_COMPLETE__MISSING_CAPABILITY	No localized Web AI feature surface/CTA found. Evidence: audit-artifacts/gap-closure-audit/patient-web-manual-evidence/AI_EMERGENCY_WALLET_LOYALTY_RETURNS_MANUAL_REVIEW_2026-08-26.md	NOT_REVIEWED__SOURCE_ONLY	MISSING_CAPABILITY	MISSING_CAPABILITY	INSUFFICIENT_EVIDENCE__NO_WEB_SURFACE	NONE	AGENT_1_PATIENT_MOBILE_WEB
PM-027	ai/triage	app/ai/triage.tsx	51,57,61,67,71,73	NONE__ROUTE_TREE_AND_SOURCE_SCAN	NONE	NONE	0	NONE	MANUAL_MAPPING_COMPLETE__MISSING_CAPABILITY	No localized Web AI feature surface/CTA found. Evidence: audit-artifacts/gap-closure-audit/patient-web-manual-evidence/AI_EMERGENCY_WALLET_LOYALTY_RETURNS_MANUAL_REVIEW_2026-08-26.md	NOT_REVIEWED__SOURCE_ONLY	MISSING_CAPABILITY	MISSING_CAPABILITY	INSUFFICIENT_EVIDENCE__NO_WEB_SURFACE	NONE	AGENT_1_PATIENT_MOBILE_WEB
PM-028	articles/[slug]	app/articles/[slug].tsx	84,103,104,109,164	app/[locale]/articles/[slug]/page.tsx	/{locale}/articles/{slug}	6891bdb73512bc1d5ef6cddc24113ab95930d6fee771bc28ba4ec53f713b59ca	11	11	MANUAL_MAPPING_COMPLETE__CONFIRMED_DEFECT	Article detail explicitly hides body and lacks a complete content/publication evidence chain. Evidence: audit-artifacts/gap-closure-audit/patient-web-manual-evidence/PHI_CONTENT_NOTIFICATIONS_CHAT_MENTAL_HEALTH_MANUAL_REVIEW_2026-08-26.md	NOT_REVIEWED__SOURCE_ONLY	CONFIRMED_DEFECT	MISSING_CAPABILITY	INSUFFICIENT_EVIDENCE	NONE	AGENT_1_PATIENT_MOBILE_WEB
PM-029	articles/bookmarks	app/articles/bookmarks.tsx	59,70,78,86	NONE	NONE	NONE	NONE	NONE	MANUAL_MAPPING_REQUIRED	No exact path match found; do not infer a web equivalent from a name/keyword.	NOT_REVIEWED	NOT_REVIEWED	NOT_REVIEWED	NOT_REVIEWED	NONE	AGENT_1_PATIENT_MOBILE_WEB
PM-030	articles/index	app/articles/index.tsx	86,88,115,141,158	app/[locale]/articles/page.tsx	/{locale}/articles	c079fdde4ec96f25eb5264fbdff7b2b665a466f9baf58be80048613d8da7b06e	11	11	MANUAL_MAPPING_COMPLETE__STATIC_MATCHED_PARTIAL	Public article search/category/detail handoff exists; content completeness and clinical governance are unproven. Evidence: audit-artifacts/gap-closure-audit/patient-web-manual-evidence/PHI_CONTENT_NOTIFICATIONS_CHAT_MENTAL_HEALTH_MANUAL_REVIEW_2026-08-26.md	NOT_REVIEWED__SOURCE_ONLY	STATIC_MATCHED_PARTIAL	STATIC_MATCHED_PARTIAL	INSUFFICIENT_EVIDENCE	NONE	AGENT_1_PATIENT_MOBILE_WEB
PM-031	community/hub	app/community/hub.tsx	98,107,143,171,172,238,260,264	NONE	NONE	NONE	NONE	NONE	MANUAL_MAPPING_REQUIRED	No exact path match found; do not infer a web equivalent from a name/keyword.	NOT_REVIEWED	NOT_REVIEWED	NOT_REVIEWED	NOT_REVIEWED	NONE	AGENT_1_PATIENT_MOBILE_WEB
PM-032	community/post-detail	app/community/post-detail.tsx	132,178,189,194,257	NONE	NONE	NONE	NONE	NONE	MANUAL_MAPPING_REQUIRED	No exact path match found; do not infer a web equivalent from a name/keyword.	NOT_REVIEWED	NOT_REVIEWED	NOT_REVIEWED	NOT_REVIEWED	NONE	AGENT_1_PATIENT_MOBILE_WEB
PM-033	consultations/appointment-detail	app/consultations/appointment-detail.tsx	71,86,127,142,183,188,192,201,207,217,227	app/[locale]/appointments/[appointmentId]/page.tsx	/{locale}/appointments/{appointmentId}	418eb47b4de91c87fb91106f4170d4e4ff88199ef3a397308bd35731fa718051	44	22-42	MANUAL_MAPPING_COMPLETE__STATIC_MATCHED_PARTIAL	Protected appointment detail supports limited consultation actions; payment/insurance/provider ownership and lifecycle remain unresolved. Evidence: audit-artifacts/gap-closure-audit/patient-web-manual-evidence/CONSULTATION_BOOKING_DIAGNOSTICS_HOME_CARE_MANUAL_REVIEW_2026-08-26.md	NOT_REVIEWED__SOURCE_ONLY	STATIC_MATCHED_PARTIAL	STATIC_MATCHED_PARTIAL	INSUFFICIENT_EVIDENCE	NONE	AGENT_1_PATIENT_MOBILE_WEB
PM-034	consultations/appointments	app/consultations/appointments.tsx	78,92,138,162,186,187,265,266,279,280,299,300	app/[locale]/appointments/page.tsx	/{locale}/appointments	7b1a09373e4445d94dcc58467056cc4ca3601c7cc30266c4c24a4bc8b38a2792	43	21-42	MANUAL_MAPPING_COMPLETE__STATIC_MATCHED_PARTIAL	Appointment list is post-booking read surface with client status buckets; it is not consultation discovery or lifecycle authority. Evidence: audit-artifacts/gap-closure-audit/patient-web-manual-evidence/CONSULTATION_BOOKING_DIAGNOSTICS_HOME_CARE_MANUAL_REVIEW_2026-08-26.md	NOT_REVIEWED__SOURCE_ONLY	STATIC_MATCHED_PARTIAL	STATIC_MATCHED_PARTIAL	INSUFFICIENT_EVIDENCE	NONE	AGENT_1_PATIENT_MOBILE_WEB
PM-035	consultations/book/[id]	app/consultations/book/[id].tsx	158,192,193,205,241,267,301,329,334,365	components-next/appointment-booking-form.tsx	/{locale}/consultations/doctors/{doctorId}	a34e013394473a17b9cd741c9c9ebe1fe1475825cbfe2ebf6ecd4bd46e79f1d3	29	10-28	MANUAL_MAPPING_COMPLETE__STATIC_MATCHED_PARTIAL	Booking request carries doctor/type/slot and idempotency only; cash/card-before-confirmation and insurance flow are not evidenced. Evidence: audit-artifacts/gap-closure-audit/patient-web-manual-evidence/CONSULTATION_BOOKING_DIAGNOSTICS_HOME_CARE_MANUAL_REVIEW_2026-08-26.md	NOT_REVIEWED__SOURCE_ONLY	STATIC_MATCHED_PARTIAL	MISSING_CAPABILITY	RUNTIME_REQUIRED	NONE	AGENT_1_PATIENT_MOBILE_WEB
PM-036	consultations/booking-confirm	app/consultations/booking-confirm.tsx	122,123,216,234,241,263,283,350,357,371,438,452	NONE__SOURCE_TREE_AND_MUTATION_SCAN	NONE	NONE	0	NONE	MANUAL_MAPPING_COMPLETE__MISSING_CAPABILITY	No dedicated Web consultation confirmation surface or receipt/payment completion state was located; booking redirects to generic appointment detail. Evidence: audit-artifacts/gap-closure-audit/patient-web-manual-evidence/CONSULTATION_BOOKING_DIAGNOSTICS_HOME_CARE_MANUAL_REVIEW_2026-08-26.md	NOT_REVIEWED__SOURCE_ONLY	MISSING_CAPABILITY	MISSING_CAPABILITY	INSUFFICIENT_EVIDENCE__NO_WEB_SURFACE	NONE	AGENT_1_PATIENT_MOBILE_WEB
PM-037	consultations/booking-pending	app/consultations/booking-pending.tsx	52,54,56,105,137,138,200,203	NONE__SOURCE_TREE_AND_MUTATION_SCAN	NONE	NONE	0	NONE	MANUAL_MAPPING_COMPLETE__MISSING_CAPABILITY	No dedicated Web consultation pending/insurance/payment state surface was located; generic appointment detail does not provide required decision/payment transitions. Evidence: audit-artifacts/gap-closure-audit/patient-web-manual-evidence/CONSULTATION_BOOKING_DIAGNOSTICS_HOME_CARE_MANUAL_REVIEW_2026-08-26.md	NOT_REVIEWED__SOURCE_ONLY	MISSING_CAPABILITY	MISSING_CAPABILITY	INSUFFICIENT_EVIDENCE__NO_WEB_SURFACE	NONE	AGENT_1_PATIENT_MOBILE_WEB
PM-038	consultations/booking-success	app/consultations/booking-success.tsx	54,58,62,260,283	NONE__SOURCE_TREE_AND_MUTATION_SCAN	NONE	NONE	0	NONE	MANUAL_MAPPING_COMPLETE__MISSING_CAPABILITY	No dedicated Web consultation success/receipt surface or verified payment-confirmation state was located. Evidence: audit-artifacts/gap-closure-audit/patient-web-manual-evidence/CONSULTATION_BOOKING_DIAGNOSTICS_HOME_CARE_MANUAL_REVIEW_2026-08-26.md	NOT_REVIEWED__SOURCE_ONLY	MISSING_CAPABILITY	MISSING_CAPABILITY	INSUFFICIENT_EVIDENCE__NO_WEB_SURFACE	NONE	AGENT_1_PATIENT_MOBILE_WEB
PM-039	consultations/call-history	app/consultations/call-history.tsx	87,181,233	NONE__CONSULTATION_ROUTE_TREE_AND_CTA_SCAN	NONE	NONE	0	NONE	MANUAL_MAPPING_COMPLETE__MISSING_CAPABILITY	No call-history Web surface found. Evidence: audit-artifacts/gap-closure-audit/patient-web-manual-evidence/CONSULTATION_FOLLOWUP_CALL_POSTCARE_MANUAL_REVIEW_2026-08-26.md	NOT_REVIEWED__SOURCE_ONLY	MISSING_CAPABILITY	MISSING_CAPABILITY	INSUFFICIENT_EVIDENCE__NO_WEB_SURFACE	NONE	AGENT_1_PATIENT_MOBILE_WEB
PM-040	consultations/cancel-reschedule	app/consultations/cancel-reschedule.tsx	112,123,136,157,191,199,213,233,266,280,292	components-next/appointment-reschedule-form.tsx	/{locale}/appointments/{appointmentId}	da015ddbca7e7d995a4b16c616db7b4888ce81ae81cc37148f7f334a3f73c0ff	15	10-14	MANUAL_MAPPING_COMPLETE__STATIC_MATCHED_PARTIAL	Consultation-only cancel/reschedule uses local datetime input and idempotency; no authoritative slot picker, financial or payer lifecycle is evidenced. Evidence: audit-artifacts/gap-closure-audit/patient-web-manual-evidence/CONSULTATION_BOOKING_DIAGNOSTICS_HOME_CARE_MANUAL_REVIEW_2026-08-26.md	NOT_REVIEWED__SOURCE_ONLY	STATIC_MATCHED_PARTIAL	STATIC_MATCHED_PARTIAL	INSUFFICIENT_EVIDENCE	NONE	AGENT_1_PATIENT_MOBILE_WEB
PM-041	consultations/chat-with-doctor	app/consultations/chat-with-doctor.tsx	143,195	app/[locale]/chat/[threadId]/page.tsx	/{locale}/chat/{threadId}	8b6b3c67d20fd8beb81ad2393b26fc5807087bdab39c54deb403b04a44cdedac	12	12	MANUAL_MAPPING_COMPLETE__MISSING_CAPABILITY	Thread surface renders summary metadata and hides body; no compose/reply/upload/escalation CTA is evidenced. Evidence: audit-artifacts/gap-closure-audit/patient-web-manual-evidence/PHI_CONTENT_NOTIFICATIONS_CHAT_MENTAL_HEALTH_MANUAL_REVIEW_2026-08-26.md	NOT_REVIEWED__SOURCE_ONLY	MISSING_CAPABILITY	MISSING_CAPABILITY	INSUFFICIENT_EVIDENCE	NONE	AGENT_1_PATIENT_MOBILE_WEB
PM-042	consultations/clinic-confirm	app/consultations/clinic-confirm.tsx	74,90,94,103,145,149,153,187	NONE__CONSULTATION_ROUTE_TREE_AND_CTA_SCAN	NONE	NONE	0	NONE	MANUAL_MAPPING_COMPLETE__MISSING_CAPABILITY	No clinic-confirmation Web surface found. Evidence: audit-artifacts/gap-closure-audit/patient-web-manual-evidence/CONSULTATION_FOLLOWUP_CALL_POSTCARE_MANUAL_REVIEW_2026-08-26.md	NOT_REVIEWED__SOURCE_ONLY	MISSING_CAPABILITY	MISSING_CAPABILITY	INSUFFICIENT_EVIDENCE__NO_WEB_SURFACE	NONE	AGENT_1_PATIENT_MOBILE_WEB
PM-043	consultations/clinic-location	app/consultations/clinic-location.tsx	55,94	NONE__CONSULTATION_ROUTE_TREE_AND_CTA_SCAN	NONE	NONE	0	NONE	MANUAL_MAPPING_COMPLETE__MISSING_CAPABILITY	No clinic-location Web surface found. Evidence: audit-artifacts/gap-closure-audit/patient-web-manual-evidence/CONSULTATION_FOLLOWUP_CALL_POSTCARE_MANUAL_REVIEW_2026-08-26.md	NOT_REVIEWED__SOURCE_ONLY	MISSING_CAPABILITY	MISSING_CAPABILITY	INSUFFICIENT_EVIDENCE__NO_WEB_SURFACE	NONE	AGENT_1_PATIENT_MOBILE_WEB
PM-044	consultations/clinic/[id]	app/consultations/clinic/[id].tsx	60,95	NONE__CONSULTATION_ROUTE_TREE_AND_CTA_SCAN	NONE	NONE	0	NONE	MANUAL_MAPPING_COMPLETE__MISSING_CAPABILITY	No clinic-detail Web surface found. Evidence: audit-artifacts/gap-closure-audit/patient-web-manual-evidence/CONSULTATION_FOLLOWUP_CALL_POSTCARE_MANUAL_REVIEW_2026-08-26.md	NOT_REVIEWED__SOURCE_ONLY	MISSING_CAPABILITY	MISSING_CAPABILITY	INSUFFICIENT_EVIDENCE__NO_WEB_SURFACE	NONE	AGENT_1_PATIENT_MOBILE_WEB
PM-045	consultations/doctor-profile	app/consultations/doctor-profile.tsx	20,22	app/[locale]/consultations/doctors/[doctorId]/page.tsx	/{locale}/consultations/doctors/{doctorId}	f4bd02360d591462dafb7e3c57708564e4bdccc46dc9bd928c761e1aa9454cbd	22	16-21	MANUAL_MAPPING_COMPLETE__STATIC_MATCHED_PARTIAL	Public doctor detail and slots exist; pricing/coverage/provider availability authority remains unproven. Evidence: audit-artifacts/gap-closure-audit/patient-web-manual-evidence/CONSULTATION_BOOKING_DIAGNOSTICS_HOME_CARE_MANUAL_REVIEW_2026-08-26.md	NOT_REVIEWED__SOURCE_ONLY	STATIC_MATCHED_PARTIAL	STATIC_MATCHED_PARTIAL	INSUFFICIENT_EVIDENCE	NONE	AGENT_1_PATIENT_MOBILE_WEB
PM-046	consultations/doctor-search	app/consultations/doctor-search.tsx	106,136,178,179,185	app/[locale]/consultations/doctors/page.tsx	/{locale}/consultations/doctors	f7e6036268412347512966c7aad748a72b21c57c2cb4ab2bac5a7bea1a300010	18	10-18	MANUAL_MAPPING_COMPLETE__STATIC_MATCHED_PARTIAL	Public doctor search/sort/detail handoff exists; price/availability/insurance authority and full booking lifecycle remain unproven. Evidence: audit-artifacts/gap-closure-audit/patient-web-manual-evidence/CONSULTATION_FOLLOWUP_CALL_POSTCARE_MANUAL_REVIEW_2026-08-26.md	NOT_REVIEWED__SOURCE_ONLY	STATIC_MATCHED_PARTIAL	MISSING_CAPABILITY	INSUFFICIENT_EVIDENCE	NONE	AGENT_1_PATIENT_MOBILE_WEB
PM-047	consultations/doctor/[id]	app/consultations/doctor/[id].tsx	26,178,221,239,275,289,292,317,338,368,507,527,530,550	app/[locale]/consultations/doctors/[doctorId]/page.tsx	/{locale}/consultations/doctors/{doctorId}	f4bd02360d591462dafb7e3c57708564e4bdccc46dc9bd928c761e1aa9454cbd	22	16-21	MANUAL_MAPPING_COMPLETE__STATIC_MATCHED_PARTIAL	Public doctor detail and slots exist; pricing/coverage/provider availability authority remains unproven. Evidence: audit-artifacts/gap-closure-audit/patient-web-manual-evidence/CONSULTATION_BOOKING_DIAGNOSTICS_HOME_CARE_MANUAL_REVIEW_2026-08-26.md	NOT_REVIEWED__SOURCE_ONLY	STATIC_MATCHED_PARTIAL	STATIC_MATCHED_PARTIAL	INSUFFICIENT_EVIDENCE	NONE	AGENT_1_PATIENT_MOBILE_WEB
PM-048	consultations/follow-up	app/consultations/follow-up.tsx	74,86,87,147,184,192	NONE__CONSULTATION_ROUTE_TREE_AND_CTA_SCAN	NONE	NONE	0	NONE	MANUAL_MAPPING_COMPLETE__MISSING_CAPABILITY	No consultation follow-up Web surface found. Evidence: audit-artifacts/gap-closure-audit/patient-web-manual-evidence/CONSULTATION_FOLLOWUP_CALL_POSTCARE_MANUAL_REVIEW_2026-08-26.md	NOT_REVIEWED__SOURCE_ONLY	MISSING_CAPABILITY	MISSING_CAPABILITY	INSUFFICIENT_EVIDENCE__NO_WEB_SURFACE	NONE	AGENT_1_PATIENT_MOBILE_WEB
PM-049	consultations/home-visit-tracking	app/consultations/home-visit-tracking.tsx	37,50,104,107	NONE__CONSULTATION_ROUTE_TREE_AND_CTA_SCAN	NONE	NONE	0	NONE	MANUAL_MAPPING_COMPLETE__MISSING_CAPABILITY	No home-visit tracking Web surface found. Evidence: audit-artifacts/gap-closure-audit/patient-web-manual-evidence/CONSULTATION_FOLLOWUP_CALL_POSTCARE_MANUAL_REVIEW_2026-08-26.md	NOT_REVIEWED__SOURCE_ONLY	MISSING_CAPABILITY	MISSING_CAPABILITY	INSUFFICIENT_EVIDENCE__NO_WEB_SURFACE	NONE	AGENT_1_PATIENT_MOBILE_WEB
PM-050	consultations/incoming-call	app/consultations/incoming-call.tsx	54,95,100	NONE__CONSULTATION_ROUTE_TREE_AND_CTA_SCAN	NONE	NONE	0	NONE	MANUAL_MAPPING_COMPLETE__MISSING_CAPABILITY	No incoming-call Web surface found. Evidence: audit-artifacts/gap-closure-audit/patient-web-manual-evidence/CONSULTATION_FOLLOWUP_CALL_POSTCARE_MANUAL_REVIEW_2026-08-26.md	NOT_REVIEWED__SOURCE_ONLY	MISSING_CAPABILITY	MISSING_CAPABILITY	INSUFFICIENT_EVIDENCE__NO_WEB_SURFACE	NONE	AGENT_1_PATIENT_MOBILE_WEB
PM-051	consultations/offer/[id]	app/consultations/offer/[id].tsx	12	NONE__CONSULTATION_ROUTE_TREE_AND_CTA_SCAN	NONE	NONE	0	NONE	MANUAL_MAPPING_COMPLETE__MISSING_CAPABILITY	No consultation-offer Web surface found. Evidence: audit-artifacts/gap-closure-audit/patient-web-manual-evidence/CONSULTATION_FOLLOWUP_CALL_POSTCARE_MANUAL_REVIEW_2026-08-26.md	NOT_REVIEWED__SOURCE_ONLY	MISSING_CAPABILITY	MISSING_CAPABILITY	INSUFFICIENT_EVIDENCE__NO_WEB_SURFACE	NONE	AGENT_1_PATIENT_MOBILE_WEB
PM-052	consultations/post-call-rating	app/consultations/post-call-rating.tsx	47,59,77,112,124	NONE__CONSULTATION_ROUTE_TREE_AND_CTA_SCAN	NONE	NONE	0	NONE	MANUAL_MAPPING_COMPLETE__MISSING_CAPABILITY	No post-call rating Web surface found. Evidence: audit-artifacts/gap-closure-audit/patient-web-manual-evidence/CONSULTATION_FOLLOWUP_CALL_POSTCARE_MANUAL_REVIEW_2026-08-26.md	NOT_REVIEWED__SOURCE_ONLY	MISSING_CAPABILITY	MISSING_CAPABILITY	INSUFFICIENT_EVIDENCE__NO_WEB_SURFACE	NONE	AGENT_1_PATIENT_MOBILE_WEB
PM-053	consultations/prescription-from-doctor	app/consultations/prescription-from-doctor.tsx	63,82,87,147,220,229,230,285,326,335,344	NONE__CONSULTATION_ROUTE_TREE_AND_CTA_SCAN	NONE	NONE	0	NONE	MANUAL_MAPPING_COMPLETE__MISSING_CAPABILITY	No consultation prescription Web surface found. Evidence: audit-artifacts/gap-closure-audit/patient-web-manual-evidence/CONSULTATION_FOLLOWUP_CALL_POSTCARE_MANUAL_REVIEW_2026-08-26.md	NOT_REVIEWED__SOURCE_ONLY	MISSING_CAPABILITY	MISSING_CAPABILITY	INSUFFICIENT_EVIDENCE__NO_WEB_SURFACE	NONE	AGENT_1_PATIENT_MOBILE_WEB
PM-054	consultations/share-report	app/consultations/share-report.tsx	111,151,161,227	NONE__CONSULTATION_ROUTE_TREE_AND_CTA_SCAN	NONE	NONE	0	NONE	MANUAL_MAPPING_COMPLETE__MISSING_CAPABILITY	No consultation report-share Web surface found. Evidence: audit-artifacts/gap-closure-audit/patient-web-manual-evidence/CONSULTATION_FOLLOWUP_CALL_POSTCARE_MANUAL_REVIEW_2026-08-26.md	NOT_REVIEWED__SOURCE_ONLY	MISSING_CAPABILITY	MISSING_CAPABILITY	INSUFFICIENT_EVIDENCE__NO_WEB_SURFACE	NONE	AGENT_1_PATIENT_MOBILE_WEB
PM-055	consultations/specialty-select	app/consultations/specialty-select.tsx	55,75,85,86	app/[locale]/consultations/specialties/page.tsx	/{locale}/consultations/specialties	9f80b2a2a3911aea7cd930c82ec8d38fab6e536d98a941e35c28347f41c0bdd2	34	26-32	MANUAL_MAPPING_COMPLETE__CONFIRMED_DEFECT	Specialty selection links to an appointments list whose source accepts only tab and drops the specialty rather than entering doctor discovery. Evidence: audit-artifacts/gap-closure-audit/patient-web-manual-evidence/CONSULTATION_BOOKING_DIAGNOSTICS_HOME_CARE_MANUAL_REVIEW_2026-08-26.md	NOT_REVIEWED__SOURCE_ONLY	CONFIRMED_DEFECT	CONFIRMED_DEFECT	INSUFFICIENT_EVIDENCE	NONE	AGENT_1_PATIENT_MOBILE_WEB
PM-056	consultations/summary	app/consultations/summary.tsx	72,106,141,169	NONE__CONSULTATION_ROUTE_TREE_AND_CTA_SCAN	NONE	NONE	0	NONE	MANUAL_MAPPING_COMPLETE__MISSING_CAPABILITY	No consultation summary Web surface found. Evidence: audit-artifacts/gap-closure-audit/patient-web-manual-evidence/CONSULTATION_FOLLOWUP_CALL_POSTCARE_MANUAL_REVIEW_2026-08-26.md	NOT_REVIEWED__SOURCE_ONLY	MISSING_CAPABILITY	MISSING_CAPABILITY	INSUFFICIENT_EVIDENCE__NO_WEB_SURFACE	NONE	AGENT_1_PATIENT_MOBILE_WEB
PM-057	consultations/video-call	app/consultations/video-call.tsx	158,201,207,211	components-next/call-token-launcher.tsx	/{locale}/appointments/{appointmentId}	7b46e2762c9169b66427ade010a451ffa8b34d8b7a4799b6789639ad15988733	14	9-13	MANUAL_MAPPING_COMPLETE__STATIC_MATCHED_PARTIAL	Video path requests a call token and shows local ready/error only; it does not join or manage a call lifecycle. Evidence: audit-artifacts/gap-closure-audit/patient-web-manual-evidence/CONSULTATION_BOOKING_DIAGNOSTICS_HOME_CARE_MANUAL_REVIEW_2026-08-26.md	NOT_REVIEWED__SOURCE_ONLY	STATIC_MATCHED_PARTIAL	STATIC_MATCHED_PARTIAL	RUNTIME_REQUIRED	NONE	AGENT_1_PATIENT_MOBILE_WEB
PM-058	consultations/video/[id]	app/consultations/video/[id].tsx	7	NONE__CONSULTATION_ROUTE_TREE_AND_CTA_SCAN	NONE	NONE	0	NONE	MANUAL_MAPPING_COMPLETE__MISSING_CAPABILITY	No video-room Web surface found; token readiness alone is not room join. Evidence: audit-artifacts/gap-closure-audit/patient-web-manual-evidence/CONSULTATION_FOLLOWUP_CALL_POSTCARE_MANUAL_REVIEW_2026-08-26.md	NOT_REVIEWED__SOURCE_ONLY	MISSING_CAPABILITY	MISSING_CAPABILITY	INSUFFICIENT_EVIDENCE__NO_WEB_SURFACE	NONE	AGENT_1_PATIENT_MOBILE_WEB
PM-059	consultations/virtual-waiting-room	app/consultations/virtual-waiting-room.tsx	83,187,188	NONE__CONSULTATION_ROUTE_TREE_AND_CTA_SCAN	NONE	NONE	0	NONE	MANUAL_MAPPING_COMPLETE__MISSING_CAPABILITY	No virtual-waiting-room Web surface found. Evidence: audit-artifacts/gap-closure-audit/patient-web-manual-evidence/CONSULTATION_FOLLOWUP_CALL_POSTCARE_MANUAL_REVIEW_2026-08-26.md	NOT_REVIEWED__SOURCE_ONLY	MISSING_CAPABILITY	MISSING_CAPABILITY	INSUFFICIENT_EVIDENCE__NO_WEB_SURFACE	NONE	AGENT_1_PATIENT_MOBILE_WEB
PM-060	consultations/waiting-room	app/consultations/waiting-room.tsx	87,244	NONE__CONSULTATION_ROUTE_TREE_AND_CTA_SCAN	NONE	NONE	0	NONE	MANUAL_MAPPING_COMPLETE__MISSING_CAPABILITY	No waiting-room Web surface found. Evidence: audit-artifacts/gap-closure-audit/patient-web-manual-evidence/CONSULTATION_FOLLOWUP_CALL_POSTCARE_MANUAL_REVIEW_2026-08-26.md	NOT_REVIEWED__SOURCE_ONLY	MISSING_CAPABILITY	MISSING_CAPABILITY	INSUFFICIENT_EVIDENCE__NO_WEB_SURFACE	NONE	AGENT_1_PATIENT_MOBILE_WEB
PM-061	delivery/address-select	app/delivery/address-select.tsx	66,73,96,135,148	NONE	NONE	NONE	NONE	NONE	MANUAL_MAPPING_REQUIRED	No exact path match found; do not infer a web equivalent from a name/keyword.	NOT_REVIEWED	NOT_REVIEWED	NOT_REVIEWED	NOT_REVIEWED	NONE	AGENT_1_PATIENT_MOBILE_WEB
PM-062	diagnostics/book-sample	app/diagnostics/book-sample.tsx	22,50	NONE__SOURCE_TREE_AND_MUTATION_SCAN	NONE	NONE	0	NONE	MANUAL_MAPPING_COMPLETE__MISSING_CAPABILITY	No Web diagnostic sample-booking creation surface or mutation handler was located in reviewed source. Evidence: audit-artifacts/gap-closure-audit/patient-web-manual-evidence/CONSULTATION_BOOKING_DIAGNOSTICS_HOME_CARE_MANUAL_REVIEW_2026-08-26.md	NOT_REVIEWED__SOURCE_ONLY	MISSING_CAPABILITY	MISSING_CAPABILITY	INSUFFICIENT_EVIDENCE__NO_WEB_SURFACE	NONE	AGENT_1_PATIENT_MOBILE_WEB
PM-063	diagnostics/booking-confirm	app/diagnostics/booking-confirm.tsx	5	NONE__SOURCE_TREE_AND_MUTATION_SCAN	NONE	NONE	0	NONE	MANUAL_MAPPING_COMPLETE__MISSING_CAPABILITY	No Web diagnostic booking confirmation surface or payment/insurance completion state was located. Evidence: audit-artifacts/gap-closure-audit/patient-web-manual-evidence/CONSULTATION_BOOKING_DIAGNOSTICS_HOME_CARE_MANUAL_REVIEW_2026-08-26.md	NOT_REVIEWED__SOURCE_ONLY	MISSING_CAPABILITY	MISSING_CAPABILITY	INSUFFICIENT_EVIDENCE__NO_WEB_SURFACE	NONE	AGENT_1_PATIENT_MOBILE_WEB
PM-064	diagnostics/booking-success	app/diagnostics/booking-success.tsx	88,93	NONE__SOURCE_TREE_AND_MUTATION_SCAN	NONE	NONE	0	NONE	MANUAL_MAPPING_COMPLETE__MISSING_CAPABILITY	No Web diagnostic booking success/receipt surface was located. Evidence: audit-artifacts/gap-closure-audit/patient-web-manual-evidence/CONSULTATION_BOOKING_DIAGNOSTICS_HOME_CARE_MANUAL_REVIEW_2026-08-26.md	NOT_REVIEWED__SOURCE_ONLY	MISSING_CAPABILITY	MISSING_CAPABILITY	INSUFFICIENT_EVIDENCE__NO_WEB_SURFACE	NONE	AGENT_1_PATIENT_MOBILE_WEB
PM-065	diagnostics/cart	app/diagnostics/cart.tsx	50,58,72,76,89,110,118,143,189,192	NONE__SOURCE_TREE_AND_MUTATION_SCAN	NONE	NONE	0	NONE	MANUAL_MAPPING_COMPLETE__MISSING_CAPABILITY	No Web diagnostic cart surface or diagnostic-cart mutation flow was located. Evidence: audit-artifacts/gap-closure-audit/patient-web-manual-evidence/CONSULTATION_BOOKING_DIAGNOSTICS_HOME_CARE_MANUAL_REVIEW_2026-08-26.md	NOT_REVIEWED__SOURCE_ONLY	MISSING_CAPABILITY	MISSING_CAPABILITY	INSUFFICIENT_EVIDENCE__NO_WEB_SURFACE	NONE	AGENT_1_PATIENT_MOBILE_WEB
PM-066	diagnostics/checkout	app/diagnostics/checkout.tsx	5	NONE__SOURCE_TREE_AND_MUTATION_SCAN	NONE	NONE	0	NONE	MANUAL_MAPPING_COMPLETE__MISSING_CAPABILITY	No Web diagnostic checkout/payment surface or mutation handler was located. Evidence: audit-artifacts/gap-closure-audit/patient-web-manual-evidence/CONSULTATION_BOOKING_DIAGNOSTICS_HOME_CARE_MANUAL_REVIEW_2026-08-26.md	NOT_REVIEWED__SOURCE_ONLY	MISSING_CAPABILITY	MISSING_CAPABILITY	INSUFFICIENT_EVIDENCE__NO_WEB_SURFACE	NONE	AGENT_1_PATIENT_MOBILE_WEB
PM-067	diagnostics/insurance-approval	app/diagnostics/insurance-approval.tsx	122,181,239,240,250,258,259	NONE__SOURCE_TREE_AND_MUTATION_SCAN	NONE	NONE	0	NONE	MANUAL_MAPPING_COMPLETE__MISSING_CAPABILITY	No Web diagnostic insurance-approval or co-pay decision surface was located. Evidence: audit-artifacts/gap-closure-audit/patient-web-manual-evidence/CONSULTATION_BOOKING_DIAGNOSTICS_HOME_CARE_MANUAL_REVIEW_2026-08-26.md	NOT_REVIEWED__SOURCE_ONLY	MISSING_CAPABILITY	MISSING_CAPABILITY	INSUFFICIENT_EVIDENCE__NO_WEB_SURFACE	NONE	AGENT_1_PATIENT_MOBILE_WEB
PM-068	diagnostics/insurance-upload	app/diagnostics/insurance-upload.tsx	160,175,187,213,258,273,281,298,305,320,344,363,382,387,392	NONE__SOURCE_TREE_AND_MUTATION_SCAN	NONE	NONE	0	NONE	MANUAL_MAPPING_COMPLETE__MISSING_CAPABILITY	No Web diagnostic insurance-upload surface or associated mutation was located. Evidence: audit-artifacts/gap-closure-audit/patient-web-manual-evidence/CONSULTATION_BOOKING_DIAGNOSTICS_HOME_CARE_MANUAL_REVIEW_2026-08-26.md	NOT_REVIEWED__SOURCE_ONLY	MISSING_CAPABILITY	MISSING_CAPABILITY	INSUFFICIENT_EVIDENCE__NO_WEB_SURFACE	NONE	AGENT_1_PATIENT_MOBILE_WEB
PM-069	diagnostics/lab-comparison	app/diagnostics/lab-comparison.tsx	55,56,59,82,91,185	NONE	NONE	NONE	NONE	NONE	MANUAL_MAPPING_REQUIRED	No exact path match found; do not infer a web equivalent from a name/keyword.	NOT_REVIEWED	NOT_REVIEWED	NOT_REVIEWED	NOT_REVIEWED	NONE	AGENT_1_PATIENT_MOBILE_WEB
PM-070	diagnostics/lab/[id]	app/diagnostics/lab/[id].tsx	55,69,105,136,154	NONE__SOURCE_TREE_AND_MUTATION_SCAN	NONE	NONE	0	NONE	MANUAL_MAPPING_COMPLETE__MISSING_CAPABILITY	Lab discovery cards are static and no Web lab-detail/booking route was located in reviewed source. Evidence: audit-artifacts/gap-closure-audit/patient-web-manual-evidence/CONSULTATION_BOOKING_DIAGNOSTICS_HOME_CARE_MANUAL_REVIEW_2026-08-26.md	NOT_REVIEWED__SOURCE_ONLY	MISSING_CAPABILITY	MISSING_CAPABILITY	INSUFFICIENT_EVIDENCE__NO_WEB_SURFACE	NONE	AGENT_1_PATIENT_MOBILE_WEB
PM-071	diagnostics/my-results	app/diagnostics/my-results.tsx	59,140	NONE	NONE	NONE	NONE	NONE	MANUAL_MAPPING_REQUIRED	No exact path match found; do not infer a web equivalent from a name/keyword.	NOT_REVIEWED	NOT_REVIEWED	NOT_REVIEWED	NOT_REVIEWED	NONE	AGENT_1_PATIENT_MOBILE_WEB
PM-072	diagnostics/order/[id]	app/diagnostics/order/[id].tsx	57,78,98,138,191,206,216,266	app/[locale]/diagnostics/[domain]/[bookingId]/page.tsx	/{locale}/diagnostics/{domain}/{bookingId}	a31a1a0ab65c00d86242f96d1816948cff4aeca754f208e852ede28ef4f1c815	40	15-38	MANUAL_MAPPING_COMPLETE__STATIC_MATCHED_PARTIAL	Protected diagnostic booking read exists; no payment/insurance/cancel/result/provider workflow CTA is evidenced. Evidence: audit-artifacts/gap-closure-audit/patient-web-manual-evidence/CONSULTATION_BOOKING_DIAGNOSTICS_HOME_CARE_MANUAL_REVIEW_2026-08-26.md	NOT_REVIEWED__SOURCE_ONLY	STATIC_MATCHED_PARTIAL	STATIC_MATCHED_PARTIAL	INSUFFICIENT_EVIDENCE	NONE	AGENT_1_PATIENT_MOBILE_WEB
PM-073	diagnostics/orders	app/diagnostics/orders.tsx	113,148,167,212,213	NONE	NONE	NONE	NONE	NONE	MANUAL_MAPPING_REQUIRED	No exact path match found; do not infer a web equivalent from a name/keyword.	NOT_REVIEWED	NOT_REVIEWED	NOT_REVIEWED	NOT_REVIEWED	NONE	AGENT_1_PATIENT_MOBILE_WEB
PM-074	diagnostics/package-detail	app/diagnostics/package-detail.tsx	45,59,138	NONE	NONE	NONE	NONE	NONE	MANUAL_MAPPING_REQUIRED	No exact path match found; do not infer a web equivalent from a name/keyword.	NOT_REVIEWED	NOT_REVIEWED	NOT_REVIEWED	NOT_REVIEWED	NONE	AGENT_1_PATIENT_MOBILE_WEB
PM-075	diagnostics/packages	app/diagnostics/packages.tsx	49,82,110,111	app/[locale]/diagnostics/packages/page.tsx	/{locale}/diagnostics/packages	cc9dc294fb33b4ddc6dc2ce86294eedb785c317a27167af198415b4b72bc4658	27	17-26	MANUAL_MAPPING_COMPLETE__STATIC_MATCHED_PARTIAL	Public lab-package discovery/detail handoff exists but no booking, insurance, payment or confirmation transition is evidenced. Evidence: audit-artifacts/gap-closure-audit/patient-web-manual-evidence/CONSULTATION_BOOKING_DIAGNOSTICS_HOME_CARE_MANUAL_REVIEW_2026-08-26.md	NOT_REVIEWED__SOURCE_ONLY	STATIC_MATCHED_PARTIAL	MISSING_CAPABILITY	INSUFFICIENT_EVIDENCE	NONE	AGENT_1_PATIENT_MOBILE_WEB
PM-076	diagnostics/results-history	app/diagnostics/results-history.tsx	43,72	NONE	NONE	NONE	NONE	NONE	MANUAL_MAPPING_REQUIRED	No exact path match found; do not infer a web equivalent from a name/keyword.	NOT_REVIEWED	NOT_REVIEWED	NOT_REVIEWED	NOT_REVIEWED	NONE	AGENT_1_PATIENT_MOBILE_WEB
PM-077	diagnostics/sample-tracking	app/diagnostics/sample-tracking.tsx	5	app/[locale]/diagnostics/[domain]/[bookingId]/page.tsx	/{locale}/diagnostics/{domain}/{bookingId}	a31a1a0ab65c00d86242f96d1816948cff4aeca754f208e852ede28ef4f1c815	40	15-38	MANUAL_MAPPING_COMPLETE__STATIC_MATCHED_PARTIAL	Diagnostic status/schedule/location read exists; no sample/technician tracking state or communication CTA is evidenced. Evidence: audit-artifacts/gap-closure-audit/patient-web-manual-evidence/CONSULTATION_BOOKING_DIAGNOSTICS_HOME_CARE_MANUAL_REVIEW_2026-08-26.md	NOT_REVIEWED__SOURCE_ONLY	STATIC_MATCHED_PARTIAL	MISSING_CAPABILITY	INSUFFICIENT_EVIDENCE	NONE	AGENT_1_PATIENT_MOBILE_WEB
PM-078	diagnostics/search	app/diagnostics/search.tsx	72,96,97	app/[locale]/diagnostics/labs/page.tsx	/{locale}/diagnostics/labs	f82abd97031612cb0c5d72440288963539dcc1587baa9857e7f2d21c7418cc0d	27	17-26	MANUAL_MAPPING_COMPLETE__MISSING_CAPABILITY	Lab search/filter display exists but does not transition to diagnostic booking/payment/insurance flow. Evidence: audit-artifacts/gap-closure-audit/patient-web-manual-evidence/CONSULTATION_BOOKING_DIAGNOSTICS_HOME_CARE_MANUAL_REVIEW_2026-08-26.md	NOT_REVIEWED__SOURCE_ONLY	MISSING_CAPABILITY	MISSING_CAPABILITY	MISSING_CAPABILITY	NONE	AGENT_1_PATIENT_MOBILE_WEB
PM-079	diagnostics/technician-tracking	app/diagnostics/technician-tracking.tsx	5	NONE__SOURCE_TREE_AND_MUTATION_SCAN	NONE	NONE	0	NONE	MANUAL_MAPPING_COMPLETE__MISSING_CAPABILITY	No Web diagnostic technician-tracking surface was located in reviewed source. Evidence: audit-artifacts/gap-closure-audit/patient-web-manual-evidence/CONSULTATION_BOOKING_DIAGNOSTICS_HOME_CARE_MANUAL_REVIEW_2026-08-26.md	NOT_REVIEWED__SOURCE_ONLY	MISSING_CAPABILITY	MISSING_CAPABILITY	INSUFFICIENT_EVIDENCE__NO_WEB_SURFACE	NONE	AGENT_1_PATIENT_MOBILE_WEB
PM-080	diagnostics/test-detail	app/diagnostics/test-detail.tsx	56,63,138,150,152	NONE__SOURCE_TREE_AND_MUTATION_SCAN	NONE	NONE	0	NONE	MANUAL_MAPPING_COMPLETE__MISSING_CAPABILITY	No Web diagnostic test-detail/booking surface was located; labs cards have no detail link. Evidence: audit-artifacts/gap-closure-audit/patient-web-manual-evidence/CONSULTATION_BOOKING_DIAGNOSTICS_HOME_CARE_MANUAL_REVIEW_2026-08-26.md	NOT_REVIEWED__SOURCE_ONLY	MISSING_CAPABILITY	MISSING_CAPABILITY	INSUFFICIENT_EVIDENCE__NO_WEB_SURFACE	NONE	AGENT_1_PATIENT_MOBILE_WEB
PM-081	diagnostics/upload-rx	app/diagnostics/upload-rx.tsx	6	NONE__SOURCE_TREE_AND_MUTATION_SCAN	NONE	NONE	0	NONE	MANUAL_MAPPING_COMPLETE__MISSING_CAPABILITY	No Web diagnostic referral/prescription upload surface or mutation was located. Evidence: audit-artifacts/gap-closure-audit/patient-web-manual-evidence/CONSULTATION_BOOKING_DIAGNOSTICS_HOME_CARE_MANUAL_REVIEW_2026-08-26.md	NOT_REVIEWED__SOURCE_ONLY	MISSING_CAPABILITY	MISSING_CAPABILITY	INSUFFICIENT_EVIDENCE__NO_WEB_SURFACE	NONE	AGENT_1_PATIENT_MOBILE_WEB
PM-082	drug-scanner/index	app/drug-scanner/index.tsx	91,107,135,147,199,203	NONE	NONE	NONE	NONE	NONE	MANUAL_MAPPING_REQUIRED	No exact path match found; do not infer a web equivalent from a name/keyword.	NOT_REVIEWED	NOT_REVIEWED	NOT_REVIEWED	NOT_REVIEWED	NONE	AGENT_1_PATIENT_MOBILE_WEB
PM-083	emergency/index	app/emergency/index.tsx	4	NONE__ROUTE_TREE_AND_SOURCE_SCAN	NONE	NONE	0	NONE	MANUAL_MAPPING_COMPLETE__MISSING_CAPABILITY	No localized Web emergency feature surface/CTA found. Evidence: audit-artifacts/gap-closure-audit/patient-web-manual-evidence/AI_EMERGENCY_WALLET_LOYALTY_RETURNS_MANUAL_REVIEW_2026-08-26.md	NOT_REVIEWED__SOURCE_ONLY	MISSING_CAPABILITY	MISSING_CAPABILITY	INSUFFICIENT_EVIDENCE__NO_WEB_SURFACE	NONE	AGENT_1_PATIENT_MOBILE_WEB
PM-084	emergency/sos-active	app/emergency/sos-active.tsx	73,81,100,158,186,187	NONE__ROUTE_TREE_AND_SOURCE_SCAN	NONE	NONE	0	NONE	MANUAL_MAPPING_COMPLETE__MISSING_CAPABILITY	No localized Web emergency feature surface/CTA found. Evidence: audit-artifacts/gap-closure-audit/patient-web-manual-evidence/AI_EMERGENCY_WALLET_LOYALTY_RETURNS_MANUAL_REVIEW_2026-08-26.md	NOT_REVIEWED__SOURCE_ONLY	MISSING_CAPABILITY	MISSING_CAPABILITY	INSUFFICIENT_EVIDENCE__NO_WEB_SURFACE	NONE	AGENT_1_PATIENT_MOBILE_WEB
PM-085	emergency/sos	app/emergency/sos.tsx	44,67,107,117,177,206,234	NONE__ROUTE_TREE_AND_SOURCE_SCAN	NONE	NONE	0	NONE	MANUAL_MAPPING_COMPLETE__MISSING_CAPABILITY	No localized Web emergency feature surface/CTA found. Evidence: audit-artifacts/gap-closure-audit/patient-web-manual-evidence/AI_EMERGENCY_WALLET_LOYALTY_RETURNS_MANUAL_REVIEW_2026-08-26.md	NOT_REVIEWED__SOURCE_ONLY	MISSING_CAPABILITY	MISSING_CAPABILITY	INSUFFICIENT_EVIDENCE__NO_WEB_SURFACE	NONE	AGENT_1_PATIENT_MOBILE_WEB
PM-086	emergency/tracking	app/emergency/tracking.tsx	59,60,73,127	NONE__ROUTE_TREE_AND_SOURCE_SCAN	NONE	NONE	0	NONE	MANUAL_MAPPING_COMPLETE__MISSING_CAPABILITY	No localized Web emergency feature surface/CTA found. Evidence: audit-artifacts/gap-closure-audit/patient-web-manual-evidence/AI_EMERGENCY_WALLET_LOYALTY_RETURNS_MANUAL_REVIEW_2026-08-26.md	NOT_REVIEWED__SOURCE_ONLY	MISSING_CAPABILITY	MISSING_CAPABILITY	INSUFFICIENT_EVIDENCE__NO_WEB_SURFACE	NONE	AGENT_1_PATIENT_MOBILE_WEB
PM-087	family/calendar	app/family/calendar.tsx	102,152,170,179,244,259,261,263	NONE	NONE	NONE	NONE	NONE	MANUAL_MAPPING_REQUIRED	No exact path match found; do not infer a web equivalent from a name/keyword.	NOT_REVIEWED	NOT_REVIEWED	NOT_REVIEWED	NOT_REVIEWED	NONE	AGENT_1_PATIENT_MOBILE_WEB
PM-088	family/chat	app/family/chat.tsx	135,146,170	NONE__FAMILY_SOURCE_TREE_AND_CTA_SCAN	NONE	NONE	0	NONE	MANUAL_MAPPING_COMPLETE__MISSING_CAPABILITY	No family-chat route or CTA found; family list is summary-only. Evidence: audit-artifacts/gap-closure-audit/patient-web-manual-evidence/FAMILY_MANAGEMENT_DELEGATION_MANUAL_REVIEW_2026-08-26.md	NOT_REVIEWED__SOURCE_ONLY	MISSING_CAPABILITY	MISSING_CAPABILITY	INSUFFICIENT_EVIDENCE__NO_WEB_SURFACE	NONE	AGENT_1_PATIENT_MOBILE_WEB
PM-089	family/emergency-contacts	app/family/emergency-contacts.tsx	67,69,104,145,157,161	NONE	NONE	NONE	NONE	NONE	MANUAL_MAPPING_REQUIRED	No exact path match found; do not infer a web equivalent from a name/keyword.	NOT_REVIEWED	NOT_REVIEWED	NOT_REVIEWED	NOT_REVIEWED	NONE	AGENT_1_PATIENT_MOBILE_WEB
PM-090	family/hub	app/family/hub.tsx	101,115,136,159,160,191,192,202,211	NONE	NONE	NONE	NONE	NONE	MANUAL_MAPPING_REQUIRED	No exact path match found; do not infer a web equivalent from a name/keyword.	NOT_REVIEWED	NOT_REVIEWED	NOT_REVIEWED	NOT_REVIEWED	NONE	AGENT_1_PATIENT_MOBILE_WEB
PM-091	family/index	app/family/index.tsx	4	NONE	NONE	NONE	NONE	NONE	MANUAL_MAPPING_REQUIRED	No exact path match found; do not infer a web equivalent from a name/keyword.	NOT_REVIEWED	NOT_REVIEWED	NOT_REVIEWED	NOT_REVIEWED	NONE	AGENT_1_PATIENT_MOBILE_WEB
PM-092	family/invite	app/family/invite.tsx	57,70,99,103,124	NONE	NONE	NONE	NONE	NONE	MANUAL_MAPPING_REQUIRED	No exact path match found; do not infer a web equivalent from a name/keyword.	NOT_REVIEWED	NOT_REVIEWED	NOT_REVIEWED	NOT_REVIEWED	NONE	AGENT_1_PATIENT_MOBILE_WEB
PM-093	family/join	app/family/join.tsx	99,121,166,172,218,224	NONE	NONE	NONE	NONE	NONE	MANUAL_MAPPING_REQUIRED	No exact path match found; do not infer a web equivalent from a name/keyword.	NOT_REVIEWED	NOT_REVIEWED	NOT_REVIEWED	NOT_REVIEWED	NONE	AGENT_1_PATIENT_MOBILE_WEB
PM-094	family/member-health	app/family/member-health.tsx	152,153,170,282,288	NONE__FAMILY_SOURCE_TREE_AND_CTA_SCAN	NONE	NONE	0	NONE	MANUAL_MAPPING_COMPLETE__MISSING_CAPABILITY	Family cards are non-linked summaries; no delegated health-detail surface found. Evidence: audit-artifacts/gap-closure-audit/patient-web-manual-evidence/FAMILY_MANAGEMENT_DELEGATION_MANUAL_REVIEW_2026-08-26.md	NOT_REVIEWED__SOURCE_ONLY	MISSING_CAPABILITY	MISSING_CAPABILITY	INSUFFICIENT_EVIDENCE__NO_WEB_SURFACE	NONE	AGENT_1_PATIENT_MOBILE_WEB
PM-095	family/permission-request	app/family/permission-request.tsx	88,134,150,151	NONE	NONE	NONE	NONE	NONE	MANUAL_MAPPING_REQUIRED	No exact path match found; do not infer a web equivalent from a name/keyword.	NOT_REVIEWED	NOT_REVIEWED	NOT_REVIEWED	NOT_REVIEWED	NONE	AGENT_1_PATIENT_MOBILE_WEB
PM-096	family/permissions	app/family/permissions.tsx	183,234,310,369	NONE	NONE	NONE	NONE	NONE	MANUAL_MAPPING_REQUIRED	No exact path match found; do not infer a web equivalent from a name/keyword.	NOT_REVIEWED	NOT_REVIEWED	NOT_REVIEWED	NOT_REVIEWED	NONE	AGENT_1_PATIENT_MOBILE_WEB
PM-097	family/scan	app/family/scan.tsx	39,48,59	NONE	NONE	NONE	NONE	NONE	MANUAL_MAPPING_REQUIRED	No exact path match found; do not infer a web equivalent from a name/keyword.	NOT_REVIEWED	NOT_REVIEWED	NOT_REVIEWED	NOT_REVIEWED	NONE	AGENT_1_PATIENT_MOBILE_WEB
PM-098	family/shared-calendar	app/family/shared-calendar.tsx	7	NONE	NONE	NONE	NONE	NONE	MANUAL_MAPPING_REQUIRED	No exact path match found; do not infer a web equivalent from a name/keyword.	NOT_REVIEWED	NOT_REVIEWED	NOT_REVIEWED	NOT_REVIEWED	NONE	AGENT_1_PATIENT_MOBILE_WEB
PM-099	health/actionable-order	app/health/actionable-order.tsx	37,42,48,80,109,131	NONE	NONE	NONE	NONE	NONE	MANUAL_MAPPING_REQUIRED	No exact path match found; do not infer a web equivalent from a name/keyword.	NOT_REVIEWED	NOT_REVIEWED	NOT_REVIEWED	NOT_REVIEWED	NONE	AGENT_1_PATIENT_MOBILE_WEB
PM-100	health/add-family-member	app/health/add-family-member.tsx	5	NONE__FAMILY_SOURCE_TREE_AND_CTA_SCAN	NONE	NONE	0	NONE	MANUAL_MAPPING_COMPLETE__MISSING_CAPABILITY	No add/invite-member form or mutation exists in reviewed family source. Evidence: audit-artifacts/gap-closure-audit/patient-web-manual-evidence/FAMILY_MANAGEMENT_DELEGATION_MANUAL_REVIEW_2026-08-26.md	NOT_REVIEWED__SOURCE_ONLY	MISSING_CAPABILITY	MISSING_CAPABILITY	INSUFFICIENT_EVIDENCE__NO_WEB_SURFACE	NONE	AGENT_1_PATIENT_MOBILE_WEB
PM-101	health/chronic-disease	app/health/chronic-disease.tsx	44,46,64,141,173	app/[locale]/health/chronic-diseases/page.tsx	/{locale}/health/chronic-diseases	a21440787cee24f1ad27cf1adc8d426774d9822443726d7b10bfde0a50270a18	12	12	MANUAL_MAPPING_COMPLETE__STATIC_MATCHED_PARTIAL	Protected condition read exists but no add/edit/remove or clinical-review CTA is evidenced. Evidence: audit-artifacts/gap-closure-audit/patient-web-manual-evidence/HEALTH_READ_SUMMARIES_MANUAL_REVIEW_2026-08-26.md	NOT_REVIEWED__SOURCE_ONLY	STATIC_MATCHED_PARTIAL	MISSING_CAPABILITY	INSUFFICIENT_EVIDENCE	NONE	AGENT_1_PATIENT_MOBILE_WEB
PM-102	health/chronic-medications	app/health/chronic-medications.tsx	42,50,53,54,63	app/[locale]/health/chronic-medications/page.tsx	/{locale}/health/chronic-medications	7a2714110230c55ef22e47ad2e5663033b7f2c7be310ea964b7e3cfa46ab74a9	12	12	MANUAL_MAPPING_COMPLETE__STATIC_MATCHED_PARTIAL	Protected chronic-medication/refill facts exist but no adherence/refill/update/prescribing CTA is evidenced. Evidence: audit-artifacts/gap-closure-audit/patient-web-manual-evidence/HEALTH_READ_SUMMARIES_MANUAL_REVIEW_2026-08-26.md	NOT_REVIEWED__SOURCE_ONLY	STATIC_MATCHED_PARTIAL	MISSING_CAPABILITY	INSUFFICIENT_EVIDENCE	NONE	AGENT_1_PATIENT_MOBILE_WEB
PM-103	health/conditions-allergies	app/health/conditions-allergies.tsx	47,50,58	NONE	NONE	NONE	NONE	NONE	MANUAL_MAPPING_REQUIRED	No exact path match found; do not infer a web equivalent from a name/keyword.	NOT_REVIEWED	NOT_REVIEWED	NOT_REVIEWED	NOT_REVIEWED	NONE	AGENT_1_PATIENT_MOBILE_WEB
PM-104	health/edit-profile	app/health/edit-profile.tsx	68,70,71,74	NONE	NONE	NONE	NONE	NONE	MANUAL_MAPPING_REQUIRED	No exact path match found; do not infer a web equivalent from a name/keyword.	NOT_REVIEWED	NOT_REVIEWED	NOT_REVIEWED	NOT_REVIEWED	NONE	AGENT_1_PATIENT_MOBILE_WEB
PM-105	health/emergency-contacts	app/health/emergency-contacts.tsx	81,105,111,139,145,200,206	app/[locale]/health/emergency-contacts/page.tsx	/{locale}/health/emergency-contacts	24e166a5d90ab661194fd0ec71f3d313fb113434a2ea86687877ee201ce7fe1c	12	12	MANUAL_MAPPING_COMPLETE__STATIC_MATCHED_PARTIAL	Masked emergency contacts are read-only; no add/edit/delete/call/escalation CTA is evidenced. Evidence: audit-artifacts/gap-closure-audit/patient-web-manual-evidence/HEALTH_READ_SUMMARIES_MANUAL_REVIEW_2026-08-26.md	NOT_REVIEWED__SOURCE_ONLY	STATIC_MATCHED_PARTIAL	MISSING_CAPABILITY	INSUFFICIENT_EVIDENCE	NONE	AGENT_1_PATIENT_MOBILE_WEB
PM-106	health/family-calendar	app/health/family-calendar.tsx	5	NONE__FAMILY_SOURCE_TREE_AND_CTA_SCAN	NONE	NONE	0	NONE	MANUAL_MAPPING_COMPLETE__MISSING_CAPABILITY	No family calendar or care-coordination action surface found. Evidence: audit-artifacts/gap-closure-audit/patient-web-manual-evidence/FAMILY_MANAGEMENT_DELEGATION_MANUAL_REVIEW_2026-08-26.md	NOT_REVIEWED__SOURCE_ONLY	MISSING_CAPABILITY	MISSING_CAPABILITY	INSUFFICIENT_EVIDENCE__NO_WEB_SURFACE	NONE	AGENT_1_PATIENT_MOBILE_WEB
PM-107	health/family-chat	app/health/family-chat.tsx	5	NONE__FAMILY_SOURCE_TREE_AND_CTA_SCAN	NONE	NONE	0	NONE	MANUAL_MAPPING_COMPLETE__MISSING_CAPABILITY	No family-chat route or CTA found; family list is summary-only. Evidence: audit-artifacts/gap-closure-audit/patient-web-manual-evidence/FAMILY_MANAGEMENT_DELEGATION_MANUAL_REVIEW_2026-08-26.md	NOT_REVIEWED__SOURCE_ONLY	MISSING_CAPABILITY	MISSING_CAPABILITY	INSUFFICIENT_EVIDENCE__NO_WEB_SURFACE	NONE	AGENT_1_PATIENT_MOBILE_WEB
PM-108	health/family-hub	app/health/family-hub.tsx	142,188,194,208,231,232,263,264,274,283	app/[locale]/family/page.tsx	/{locale}/family	NONE	0	15-44	MANUAL_MAPPING_COMPLETE__MISSING_CAPABILITY	Family surface is membership summary only, not a family hub workflow. Evidence: audit-artifacts/gap-closure-audit/patient-web-manual-evidence/FAMILY_MANAGEMENT_DELEGATION_MANUAL_REVIEW_2026-08-26.md	NOT_REVIEWED__SOURCE_ONLY	MISSING_CAPABILITY	MISSING_CAPABILITY	INSUFFICIENT_EVIDENCE	NONE	AGENT_1_PATIENT_MOBILE_WEB
PM-109	health/family-member-detail	app/health/family-member-detail.tsx	5	NONE__FAMILY_SOURCE_TREE_AND_CTA_SCAN	NONE	NONE	0	NONE	MANUAL_MAPPING_COMPLETE__MISSING_CAPABILITY	Family cards are non-linked summaries; no member-detail/delegated-health surface found. Evidence: audit-artifacts/gap-closure-audit/patient-web-manual-evidence/FAMILY_MANAGEMENT_DELEGATION_MANUAL_REVIEW_2026-08-26.md	NOT_REVIEWED__SOURCE_ONLY	MISSING_CAPABILITY	MISSING_CAPABILITY	INSUFFICIENT_EVIDENCE__NO_WEB_SURFACE	NONE	AGENT_1_PATIENT_MOBILE_WEB
PM-110	health/health-id	app/health/health-id.tsx	86,88,199,213,246	NONE	NONE	NONE	NONE	NONE	MANUAL_MAPPING_REQUIRED	No exact path match found; do not infer a web equivalent from a name/keyword.	NOT_REVIEWED	NOT_REVIEWED	NOT_REVIEWED	NOT_REVIEWED	NONE	AGENT_1_PATIENT_MOBILE_WEB
PM-111	health/medication-reminder-add	app/health/medication-reminder-add.tsx	60,66,70,75	NONE__HEALTH_SOURCE_TREE_AND_CTA_SCAN	NONE	NONE	0	NONE	MANUAL_MAPPING_COMPLETE__MISSING_CAPABILITY	No reminder-creation form or mutation surface was located; reminders page is summary/list only. Evidence: audit-artifacts/gap-closure-audit/patient-web-manual-evidence/HEALTH_READ_SUMMARIES_MANUAL_REVIEW_2026-08-26.md	NOT_REVIEWED__SOURCE_ONLY	MISSING_CAPABILITY	MISSING_CAPABILITY	INSUFFICIENT_EVIDENCE__NO_WEB_SURFACE	NONE	AGENT_1_PATIENT_MOBILE_WEB
PM-112	health/medication-reminder-list	app/health/medication-reminder-list.tsx	70,75,76,86	app/[locale]/reminders/page.tsx	/{locale}/reminders	41037ce2c21801e73671edbca6ed3ee4264ce0c00149892eb94baaedf78ee952	28	13-28	MANUAL_MAPPING_COMPLETE__STATIC_MATCHED_PARTIAL	Protected reminder/today-dose summary exists but no mark-taken/snooze/edit/delete CTA is evidenced. Evidence: audit-artifacts/gap-closure-audit/patient-web-manual-evidence/HEALTH_READ_SUMMARIES_MANUAL_REVIEW_2026-08-26.md	NOT_REVIEWED__SOURCE_ONLY	STATIC_MATCHED_PARTIAL	MISSING_CAPABILITY	INSUFFICIENT_EVIDENCE	NONE	AGENT_1_PATIENT_MOBILE_WEB
PM-113	health/medications	app/health/medications.tsx	37,39,50,51,52,53,54,55,60,62	NONE	NONE	NONE	NONE	NONE	MANUAL_MAPPING_REQUIRED	No exact path match found; do not infer a web equivalent from a name/keyword.	NOT_REVIEWED	NOT_REVIEWED	NOT_REVIEWED	NOT_REVIEWED	NONE	AGENT_1_PATIENT_MOBILE_WEB
PM-114	health/prescriptions	app/health/prescriptions.tsx	42,44,69,76	NONE	NONE	NONE	NONE	NONE	MANUAL_MAPPING_REQUIRED	No exact path match found; do not infer a web equivalent from a name/keyword.	NOT_REVIEWED	NOT_REVIEWED	NOT_REVIEWED	NOT_REVIEWED	NONE	AGENT_1_PATIENT_MOBILE_WEB
PM-115	health/refills	app/health/refills.tsx	65,77,87,107,130,177	app/[locale]/health/chronic-medications/page.tsx	/{locale}/health/chronic-medications	7a2714110230c55ef22e47ad2e5663033b7f2c7be310ea964b7e3cfa46ab74a9	12	12	MANUAL_MAPPING_COMPLETE__MISSING_CAPABILITY	Optional refill date is display-only; no refill eligibility/request/pharmacy/payment workflow is evidenced. Evidence: audit-artifacts/gap-closure-audit/patient-web-manual-evidence/HEALTH_READ_SUMMARIES_MANUAL_REVIEW_2026-08-26.md	NOT_REVIEWED__SOURCE_ONLY	MISSING_CAPABILITY	MISSING_CAPABILITY	INSUFFICIENT_EVIDENCE	NONE	AGENT_1_PATIENT_MOBILE_WEB
PM-116	health/reminders	app/health/reminders.tsx	5	app/[locale]/reminders/page.tsx	/{locale}/reminders	41037ce2c21801e73671edbca6ed3ee4264ce0c00149892eb94baaedf78ee952	28	13-28	MANUAL_MAPPING_COMPLETE__STATIC_MATCHED_PARTIAL	Protected reminder/today-dose summary exists but no mark-taken/snooze/edit/delete CTA is evidenced. Evidence: audit-artifacts/gap-closure-audit/patient-web-manual-evidence/HEALTH_READ_SUMMARIES_MANUAL_REVIEW_2026-08-26.md	NOT_REVIEWED__SOURCE_ONLY	STATIC_MATCHED_PARTIAL	MISSING_CAPABILITY	INSUFFICIENT_EVIDENCE	NONE	AGENT_1_PATIENT_MOBILE_WEB
PM-117	health/reports	app/health/reports.tsx	27,28	app/[locale]/health/reports/page.tsx	/{locale}/health/reports	58b3159bf40d8a1ebc1c7496bbe3ad243ad5464161c800051f0be69de19690ca	10	10	MANUAL_MAPPING_COMPLETE__MISSING_CAPABILITY	Protected report summary list has no detail/download/share/provenance or clinical workflow CTA. Evidence: audit-artifacts/gap-closure-audit/patient-web-manual-evidence/PHI_CONTENT_NOTIFICATIONS_CHAT_MENTAL_HEALTH_MANUAL_REVIEW_2026-08-26.md	NOT_REVIEWED__SOURCE_ONLY	MISSING_CAPABILITY	MISSING_CAPABILITY	INSUFFICIENT_EVIDENCE	NONE	AGENT_1_PATIENT_MOBILE_WEB
PM-118	health/sleep-score	app/health/sleep-score.tsx	69,83,117	app/[locale]/health/sleep/page.tsx	/{locale}/health/sleep	d53db078acb3737adffa8d2660e32c8689dceed01603f472c989aa3fd967348a	12	12	MANUAL_MAPPING_COMPLETE__STATIC_MATCHED_PARTIAL	Protected sleep score/history display exists but no logging/correction/device-sync/intervention CTA is evidenced. Evidence: audit-artifacts/gap-closure-audit/patient-web-manual-evidence/HEALTH_READ_SUMMARIES_MANUAL_REVIEW_2026-08-26.md	NOT_REVIEWED__SOURCE_ONLY	STATIC_MATCHED_PARTIAL	MISSING_CAPABILITY	INSUFFICIENT_EVIDENCE	NONE	AGENT_1_PATIENT_MOBILE_WEB
PM-119	health/sleep-tracker	app/health/sleep-tracker.tsx	98,107,180	app/[locale]/health/sleep/page.tsx	/{locale}/health/sleep	d53db078acb3737adffa8d2660e32c8689dceed01603f472c989aa3fd967348a	12	12	MANUAL_MAPPING_COMPLETE__STATIC_MATCHED_PARTIAL	Protected sleep history exists but no tracking input, device sync, correction or intervention CTA is evidenced. Evidence: audit-artifacts/gap-closure-audit/patient-web-manual-evidence/HEALTH_READ_SUMMARIES_MANUAL_REVIEW_2026-08-26.md	NOT_REVIEWED__SOURCE_ONLY	STATIC_MATCHED_PARTIAL	MISSING_CAPABILITY	INSUFFICIENT_EVIDENCE	NONE	AGENT_1_PATIENT_MOBILE_WEB
PM-120	health/smart-reminders	app/health/smart-reminders.tsx	5	NONE	NONE	NONE	NONE	NONE	MANUAL_MAPPING_REQUIRED	No exact path match found; do not infer a web equivalent from a name/keyword.	NOT_REVIEWED	NOT_REVIEWED	NOT_REVIEWED	NOT_REVIEWED	NONE	AGENT_1_PATIENT_MOBILE_WEB
PM-121	health/trends	app/health/trends.tsx	160,203,223,265,350,464,503	app/[locale]/health/trends/page.tsx	/{locale}/health/trends	f87a2cd9d72a40f20c4a7d9625b7f17d846d8e96714a4791a905926b39dea698	13	13	MANUAL_MAPPING_COMPLETE__STATIC_MATCHED_PARTIAL	Protected trend display exists but no methodology, interpretation, anomaly escalation or corrective-action CTA is evidenced. Evidence: audit-artifacts/gap-closure-audit/patient-web-manual-evidence/HEALTH_READ_SUMMARIES_MANUAL_REVIEW_2026-08-26.md	NOT_REVIEWED__SOURCE_ONLY	STATIC_MATCHED_PARTIAL	MISSING_CAPABILITY	INSUFFICIENT_EVIDENCE	NONE	AGENT_1_PATIENT_MOBILE_WEB
PM-122	health/vitals-log	app/health/vitals-log.tsx	56,58,60,61,63	app/[locale]/health/vitals/page.tsx	/{locale}/health/vitals	75f595cfd5166c91c4d570791945fde8d73857b7617b38f444cbce474cd1b312	12	12	MANUAL_MAPPING_COMPLETE__MISSING_CAPABILITY	Vitals history is explicitly read-only; no manual log/add/edit/delete/import or alert threshold flow is evidenced. Evidence: audit-artifacts/gap-closure-audit/patient-web-manual-evidence/HEALTH_READ_SUMMARIES_MANUAL_REVIEW_2026-08-26.md	NOT_REVIEWED__SOURCE_ONLY	MISSING_CAPABILITY	MISSING_CAPABILITY	INSUFFICIENT_EVIDENCE	NONE	AGENT_1_PATIENT_MOBILE_WEB
PM-123	health/vitals	app/health/vitals.tsx	39,42,43,44,45,46,47	app/[locale]/health/vitals/page.tsx	/{locale}/health/vitals	75f595cfd5166c91c4d570791945fde8d73857b7617b38f444cbce474cd1b312	12	12	MANUAL_MAPPING_COMPLETE__STATIC_MATCHED_PARTIAL	Protected vital-history display exists; provenance, ownership and clinical-action paths are not evidenced. Evidence: audit-artifacts/gap-closure-audit/patient-web-manual-evidence/HEALTH_READ_SUMMARIES_MANUAL_REVIEW_2026-08-26.md	NOT_REVIEWED__SOURCE_ONLY	STATIC_MATCHED_PARTIAL	MISSING_CAPABILITY	INSUFFICIENT_EVIDENCE	NONE	AGENT_1_PATIENT_MOBILE_WEB
PM-124	health/wearables	app/health/wearables.tsx	97,99,172	NONE__HEALTH_SOURCE_TREE_AND_CTA_SCAN	NONE	NONE	0	NONE	MANUAL_MAPPING_COMPLETE__MISSING_CAPABILITY	No wearable/device connection surface was located in the Web health route tree. Evidence: audit-artifacts/gap-closure-audit/patient-web-manual-evidence/HEALTH_READ_SUMMARIES_MANUAL_REVIEW_2026-08-26.md	NOT_REVIEWED__SOURCE_ONLY	MISSING_CAPABILITY	MISSING_CAPABILITY	INSUFFICIENT_EVIDENCE__NO_WEB_SURFACE	NONE	AGENT_1_PATIENT_MOBILE_WEB
PM-125	index	app/index.tsx	29,31,34	NONE	NONE	NONE	NONE	NONE	MANUAL_MAPPING_REQUIRED	No exact path match found; do not infer a web equivalent from a name/keyword.	NOT_REVIEWED	NOT_REVIEWED	NOT_REVIEWED	NOT_REVIEWED	NONE	AGENT_1_PATIENT_MOBILE_WEB
PM-126	insurance/add-policy	app/insurance/add-policy.tsx	91,103,110,140,168	NONE	NONE	NONE	NONE	NONE	MANUAL_MAPPING_REQUIRED	No exact path match found; do not infer a web equivalent from a name/keyword.	NOT_REVIEWED	NOT_REVIEWED	NOT_REVIEWED	NOT_REVIEWED	NONE	AGENT_1_PATIENT_MOBILE_WEB
PM-127	insurance/approval-pending	app/insurance/approval-pending.tsx	87,103,105,106,177	NONE	NONE	NONE	NONE	NONE	MANUAL_MAPPING_REQUIRED	No exact path match found; do not infer a web equivalent from a name/keyword.	NOT_REVIEWED	NOT_REVIEWED	NOT_REVIEWED	NOT_REVIEWED	NONE	AGENT_1_PATIENT_MOBILE_WEB
PM-128	insurance/benefits-summary	app/insurance/benefits-summary.tsx	34	app/[locale]/insurance/page.tsx	/{locale}/insurance	e6db9e732ddfab6dabf12e1e5b5dcef00bd9252fb9d5b9ae1757ab310ddc7ab6	39	19-38	MANUAL_MAPPING_COMPLETE__CONFIRMED_DEFECT	Benefits are fetched but never parsed/rendered; no actionable coverage/co-pay path is evidenced. Evidence: audit-artifacts/gap-closure-audit/patient-web-manual-evidence/PHI_CONTENT_NOTIFICATIONS_CHAT_MENTAL_HEALTH_MANUAL_REVIEW_2026-08-26.md	NOT_REVIEWED__SOURCE_ONLY	CONFIRMED_DEFECT	MISSING_CAPABILITY	INSUFFICIENT_EVIDENCE	NONE	AGENT_1_PATIENT_MOBILE_WEB
PM-129	insurance/claim-tracking	app/insurance/claim-tracking.tsx	48,53,108,112	app/[locale]/insurance/page.tsx	/{locale}/insurance	e6db9e732ddfab6dabf12e1e5b5dcef00bd9252fb9d5b9ae1757ab310ddc7ab6	39	19-38	MANUAL_MAPPING_COMPLETE__STATIC_MATCHED_PARTIAL	Claims are read-only summaries; no claim action/dispute/decision workflow exists. Evidence: audit-artifacts/gap-closure-audit/patient-web-manual-evidence/PHI_CONTENT_NOTIFICATIONS_CHAT_MENTAL_HEALTH_MANUAL_REVIEW_2026-08-26.md	NOT_REVIEWED__SOURCE_ONLY	STATIC_MATCHED_PARTIAL	MISSING_CAPABILITY	INSUFFICIENT_EVIDENCE	NONE	AGENT_1_PATIENT_MOBILE_WEB
PM-130	insurance/copay	app/insurance/copay.tsx	58,102	NONE	NONE	NONE	NONE	NONE	MANUAL_MAPPING_REQUIRED	No exact path match found; do not infer a web equivalent from a name/keyword.	NOT_REVIEWED	NOT_REVIEWED	NOT_REVIEWED	NOT_REVIEWED	NONE	AGENT_1_PATIENT_MOBILE_WEB
PM-131	insurance/coverage-check	app/insurance/coverage-check.tsx	81,140,148,163,176,199	NONE	NONE	NONE	NONE	NONE	MANUAL_MAPPING_REQUIRED	No exact path match found; do not infer a web equivalent from a name/keyword.	NOT_REVIEWED	NOT_REVIEWED	NOT_REVIEWED	NOT_REVIEWED	NONE	AGENT_1_PATIENT_MOBILE_WEB
PM-132	insurance/hub	app/insurance/hub.tsx	205,207,270,284,297,329,354,362,387,399,429	app/[locale]/insurance/page.tsx	/{locale}/insurance	e6db9e732ddfab6dabf12e1e5b5dcef00bd9252fb9d5b9ae1757ab310ddc7ab6	39	19-38	MANUAL_MAPPING_COMPLETE__MISSING_CAPABILITY	Insurance hub is read-only policy/claims summary without policy/benefit/co-pay/payer action flow. Evidence: audit-artifacts/gap-closure-audit/patient-web-manual-evidence/PHI_CONTENT_NOTIFICATIONS_CHAT_MENTAL_HEALTH_MANUAL_REVIEW_2026-08-26.md	NOT_REVIEWED__SOURCE_ONLY	MISSING_CAPABILITY	MISSING_CAPABILITY	INSUFFICIENT_EVIDENCE	NONE	AGENT_1_PATIENT_MOBILE_WEB
PM-133	insurance/index	app/insurance/index.tsx	6	app/[locale]/insurance/page.tsx	/{locale}/insurance	e6db9e732ddfab6dabf12e1e5b5dcef00bd9252fb9d5b9ae1757ab310ddc7ab6	39	19-38	MANUAL_MAPPING_COMPLETE__MISSING_CAPABILITY	Insurance hub is read-only policy/claims summary without policy/benefit/co-pay/payer action flow. Evidence: audit-artifacts/gap-closure-audit/patient-web-manual-evidence/PHI_CONTENT_NOTIFICATIONS_CHAT_MENTAL_HEALTH_MANUAL_REVIEW_2026-08-26.md	NOT_REVIEWED__SOURCE_ONLY	MISSING_CAPABILITY	MISSING_CAPABILITY	INSUFFICIENT_EVIDENCE	NONE	AGENT_1_PATIENT_MOBILE_WEB
PM-134	insurance/network-providers	app/insurance/network-providers.tsx	92,132,177,218	NONE	NONE	NONE	NONE	NONE	MANUAL_MAPPING_REQUIRED	No exact path match found; do not infer a web equivalent from a name/keyword.	NOT_REVIEWED	NOT_REVIEWED	NOT_REVIEWED	NOT_REVIEWED	NONE	AGENT_1_PATIENT_MOBILE_WEB
PM-135	insurance/payment-split	app/insurance/payment-split.tsx	46,60,62,66,67,68,69	NONE	NONE	NONE	NONE	NONE	MANUAL_MAPPING_REQUIRED	No exact path match found; do not infer a web equivalent from a name/keyword.	NOT_REVIEWED	NOT_REVIEWED	NOT_REVIEWED	NOT_REVIEWED	NONE	AGENT_1_PATIENT_MOBILE_WEB
PM-136	insurance/policy-detail	app/insurance/policy-detail.tsx	51,71,107	NONE	NONE	NONE	NONE	NONE	MANUAL_MAPPING_REQUIRED	No exact path match found; do not infer a web equivalent from a name/keyword.	NOT_REVIEWED	NOT_REVIEWED	NOT_REVIEWED	NOT_REVIEWED	NONE	AGENT_1_PATIENT_MOBILE_WEB
PM-137	insurance/refund-status	app/insurance/refund-status.tsx	61	NONE	NONE	NONE	NONE	NONE	MANUAL_MAPPING_REQUIRED	No exact path match found; do not infer a web equivalent from a name/keyword.	NOT_REVIEWED	NOT_REVIEWED	NOT_REVIEWED	NOT_REVIEWED	NONE	AGENT_1_PATIENT_MOBILE_WEB
PM-138	insurance/submit-claim	app/insurance/submit-claim.tsx	68,78,97,116,135	NONE	NONE	NONE	NONE	NONE	MANUAL_MAPPING_REQUIRED	No exact path match found; do not infer a web equivalent from a name/keyword.	NOT_REVIEWED	NOT_REVIEWED	NOT_REVIEWED	NOT_REVIEWED	NONE	AGENT_1_PATIENT_MOBILE_WEB
PM-139	loyalty/challenges	app/loyalty/challenges.tsx	73,125	NONE__ROUTE_TREE_AND_SOURCE_SCAN	NONE	NONE	0	NONE	MANUAL_MAPPING_COMPLETE__MISSING_CAPABILITY	No localized Web loyalty feature surface/CTA found. Evidence: audit-artifacts/gap-closure-audit/patient-web-manual-evidence/AI_EMERGENCY_WALLET_LOYALTY_RETURNS_MANUAL_REVIEW_2026-08-26.md	NOT_REVIEWED__SOURCE_ONLY	MISSING_CAPABILITY	MISSING_CAPABILITY	INSUFFICIENT_EVIDENCE__NO_WEB_SURFACE	NONE	AGENT_1_PATIENT_MOBILE_WEB
PM-140	loyalty/hub	app/loyalty/hub.tsx	113,114,117,206,268,289	NONE__ROUTE_TREE_AND_SOURCE_SCAN	NONE	NONE	0	NONE	MANUAL_MAPPING_COMPLETE__MISSING_CAPABILITY	No localized Web loyalty feature surface/CTA found. Evidence: audit-artifacts/gap-closure-audit/patient-web-manual-evidence/AI_EMERGENCY_WALLET_LOYALTY_RETURNS_MANUAL_REVIEW_2026-08-26.md	NOT_REVIEWED__SOURCE_ONLY	MISSING_CAPABILITY	MISSING_CAPABILITY	INSUFFICIENT_EVIDENCE__NO_WEB_SURFACE	NONE	AGENT_1_PATIENT_MOBILE_WEB
PM-141	loyalty/leaderboard	app/loyalty/leaderboard.tsx	80	NONE__ROUTE_TREE_AND_SOURCE_SCAN	NONE	NONE	0	NONE	MANUAL_MAPPING_COMPLETE__MISSING_CAPABILITY	No localized Web loyalty feature surface/CTA found. Evidence: audit-artifacts/gap-closure-audit/patient-web-manual-evidence/AI_EMERGENCY_WALLET_LOYALTY_RETURNS_MANUAL_REVIEW_2026-08-26.md	NOT_REVIEWED__SOURCE_ONLY	MISSING_CAPABILITY	MISSING_CAPABILITY	INSUFFICIENT_EVIDENCE__NO_WEB_SURFACE	NONE	AGENT_1_PATIENT_MOBILE_WEB
PM-142	loyalty/referrals	app/loyalty/referrals.tsx	112,132,141,199,200,219	NONE__ROUTE_TREE_AND_SOURCE_SCAN	NONE	NONE	0	NONE	MANUAL_MAPPING_COMPLETE__MISSING_CAPABILITY	No localized Web loyalty feature surface/CTA found. Evidence: audit-artifacts/gap-closure-audit/patient-web-manual-evidence/AI_EMERGENCY_WALLET_LOYALTY_RETURNS_MANUAL_REVIEW_2026-08-26.md	NOT_REVIEWED__SOURCE_ONLY	MISSING_CAPABILITY	MISSING_CAPABILITY	INSUFFICIENT_EVIDENCE__NO_WEB_SURFACE	NONE	AGENT_1_PATIENT_MOBILE_WEB
PM-143	loyalty/rewards	app/loyalty/rewards.tsx	56,96,134	NONE__ROUTE_TREE_AND_SOURCE_SCAN	NONE	NONE	0	NONE	MANUAL_MAPPING_COMPLETE__MISSING_CAPABILITY	No localized Web loyalty feature surface/CTA found. Evidence: audit-artifacts/gap-closure-audit/patient-web-manual-evidence/AI_EMERGENCY_WALLET_LOYALTY_RETURNS_MANUAL_REVIEW_2026-08-26.md	NOT_REVIEWED__SOURCE_ONLY	MISSING_CAPABILITY	MISSING_CAPABILITY	INSUFFICIENT_EVIDENCE__NO_WEB_SURFACE	NONE	AGENT_1_PATIENT_MOBILE_WEB
PM-144	map/index	app/map/index.tsx	365,375,392,412,431,449,477,504,545,614,626,629,635,638,640,642,644,646	NONE	NONE	NONE	NONE	NONE	MANUAL_MAPPING_REQUIRED	No exact path match found; do not infer a web equivalent from a name/keyword.	NOT_REVIEWED	NOT_REVIEWED	NOT_REVIEWED	NOT_REVIEWED	NONE	AGENT_1_PATIENT_MOBILE_WEB
PM-145	maternity/baby-development	app/maternity/baby-development.tsx	3	NONE__ROUTE_TREE_AND_SOURCE_SCAN	NONE	NONE	0	NONE	MANUAL_MAPPING_COMPLETE__MISSING_CAPABILITY	No localized Web maternity route/source/CTA found. Evidence: audit-artifacts/gap-closure-audit/patient-web-manual-evidence/NUTRITION_MATERNITY_MANUAL_REVIEW_2026-08-26.md	NOT_REVIEWED__SOURCE_ONLY	MISSING_CAPABILITY	MISSING_CAPABILITY	INSUFFICIENT_EVIDENCE__NO_WEB_SURFACE	NONE	AGENT_1_PATIENT_MOBILE_WEB
PM-146	maternity/baby-growth	app/maternity/baby-growth.tsx	3	NONE__ROUTE_TREE_AND_SOURCE_SCAN	NONE	NONE	0	NONE	MANUAL_MAPPING_COMPLETE__MISSING_CAPABILITY	No localized Web maternity route/source/CTA found. Evidence: audit-artifacts/gap-closure-audit/patient-web-manual-evidence/NUTRITION_MATERNITY_MANUAL_REVIEW_2026-08-26.md	NOT_REVIEWED__SOURCE_ONLY	MISSING_CAPABILITY	MISSING_CAPABILITY	INSUFFICIENT_EVIDENCE__NO_WEB_SURFACE	NONE	AGENT_1_PATIENT_MOBILE_WEB
PM-147	maternity/fetus-data	app/maternity/fetus-data.ts	NONE	NONE__ROUTE_TREE_AND_SOURCE_SCAN	NONE	NONE	0	NONE	MANUAL_MAPPING_COMPLETE__MISSING_CAPABILITY	No localized Web maternity route/source/CTA found. Evidence: audit-artifacts/gap-closure-audit/patient-web-manual-evidence/NUTRITION_MATERNITY_MANUAL_REVIEW_2026-08-26.md	NOT_REVIEWED__SOURCE_ONLY	MISSING_CAPABILITY	MISSING_CAPABILITY	INSUFFICIENT_EVIDENCE__NO_WEB_SURFACE	NONE	AGENT_1_PATIENT_MOBILE_WEB
PM-148	maternity/hub	app/maternity/hub.tsx	20	NONE__ROUTE_TREE_AND_SOURCE_SCAN	NONE	NONE	0	NONE	MANUAL_MAPPING_COMPLETE__MISSING_CAPABILITY	No localized Web maternity route/source/CTA found. Evidence: audit-artifacts/gap-closure-audit/patient-web-manual-evidence/NUTRITION_MATERNITY_MANUAL_REVIEW_2026-08-26.md	NOT_REVIEWED__SOURCE_ONLY	MISSING_CAPABILITY	MISSING_CAPABILITY	INSUFFICIENT_EVIDENCE__NO_WEB_SURFACE	NONE	AGENT_1_PATIENT_MOBILE_WEB
PM-149	maternity/maternity-setup	app/maternity/maternity-setup.tsx	15,16	NONE__ROUTE_TREE_AND_SOURCE_SCAN	NONE	NONE	0	NONE	MANUAL_MAPPING_COMPLETE__MISSING_CAPABILITY	No localized Web maternity route/source/CTA found. Evidence: audit-artifacts/gap-closure-audit/patient-web-manual-evidence/NUTRITION_MATERNITY_MANUAL_REVIEW_2026-08-26.md	NOT_REVIEWED__SOURCE_ONLY	MISSING_CAPABILITY	MISSING_CAPABILITY	INSUFFICIENT_EVIDENCE__NO_WEB_SURFACE	NONE	AGENT_1_PATIENT_MOBILE_WEB
PM-150	maternity/ovulation-tracker	app/maternity/ovulation-tracker.tsx	3	NONE__ROUTE_TREE_AND_SOURCE_SCAN	NONE	NONE	0	NONE	MANUAL_MAPPING_COMPLETE__MISSING_CAPABILITY	No localized Web maternity route/source/CTA found. Evidence: audit-artifacts/gap-closure-audit/patient-web-manual-evidence/NUTRITION_MATERNITY_MANUAL_REVIEW_2026-08-26.md	NOT_REVIEWED__SOURCE_ONLY	MISSING_CAPABILITY	MISSING_CAPABILITY	INSUFFICIENT_EVIDENCE__NO_WEB_SURFACE	NONE	AGENT_1_PATIENT_MOBILE_WEB
PM-151	maternity/pregnancy-tracker	app/maternity/pregnancy-tracker.tsx	3	NONE__ROUTE_TREE_AND_SOURCE_SCAN	NONE	NONE	0	NONE	MANUAL_MAPPING_COMPLETE__MISSING_CAPABILITY	No localized Web maternity route/source/CTA found. Evidence: audit-artifacts/gap-closure-audit/patient-web-manual-evidence/NUTRITION_MATERNITY_MANUAL_REVIEW_2026-08-26.md	NOT_REVIEWED__SOURCE_ONLY	MISSING_CAPABILITY	MISSING_CAPABILITY	INSUFFICIENT_EVIDENCE__NO_WEB_SURFACE	NONE	AGENT_1_PATIENT_MOBILE_WEB
PM-152	mental-health/breathing	app/mental-health/breathing.tsx	5	NONE	NONE	NONE	NONE	NONE	MANUAL_MAPPING_REQUIRED	No exact path match found; do not infer a web equivalent from a name/keyword.	NOT_REVIEWED	NOT_REVIEWED	NOT_REVIEWED	NOT_REVIEWED	NONE	AGENT_1_PATIENT_MOBILE_WEB
PM-153	mental-health/crisis-support	app/mental-health/crisis-support.tsx	59,67,68,69,74,76,80	NONE	NONE	NONE	NONE	NONE	MANUAL_MAPPING_REQUIRED	No exact path match found; do not infer a web equivalent from a name/keyword.	NOT_REVIEWED	NOT_REVIEWED	NOT_REVIEWED	NOT_REVIEWED	NONE	AGENT_1_PATIENT_MOBILE_WEB
PM-154	mental-health/hub	app/mental-health/hub.tsx	26,40	app/[locale]/mental-health/page.tsx	/{locale}/mental-health	1c4ad91b59aa1028cb974de85574513a252e7808ee25539333f231a8757132dc	11	11	MANUAL_MAPPING_COMPLETE__MISSING_CAPABILITY	Wellbeing aggregates/history links exist but no active care, therapist, safety or crisis escalation workflow is evidenced. Evidence: audit-artifacts/gap-closure-audit/patient-web-manual-evidence/PHI_CONTENT_NOTIFICATIONS_CHAT_MENTAL_HEALTH_MANUAL_REVIEW_2026-08-26.md	NOT_REVIEWED__SOURCE_ONLY	MISSING_CAPABILITY	MISSING_CAPABILITY	INSUFFICIENT_EVIDENCE	NONE	AGENT_1_PATIENT_MOBILE_WEB
PM-155	mental-health/index	app/mental-health/index.tsx	6	app/[locale]/mental-health/page.tsx	/{locale}/mental-health	1c4ad91b59aa1028cb974de85574513a252e7808ee25539333f231a8757132dc	11	11	MANUAL_MAPPING_COMPLETE__MISSING_CAPABILITY	Wellbeing aggregates/history links exist but no active care, therapist, safety or crisis escalation workflow is evidenced. Evidence: audit-artifacts/gap-closure-audit/patient-web-manual-evidence/PHI_CONTENT_NOTIFICATIONS_CHAT_MENTAL_HEALTH_MANUAL_REVIEW_2026-08-26.md	NOT_REVIEWED__SOURCE_ONLY	MISSING_CAPABILITY	MISSING_CAPABILITY	INSUFFICIENT_EVIDENCE	NONE	AGENT_1_PATIENT_MOBILE_WEB
PM-156	mental-health/meditation	app/mental-health/meditation.tsx	5	NONE	NONE	NONE	NONE	NONE	MANUAL_MAPPING_REQUIRED	No exact path match found; do not infer a web equivalent from a name/keyword.	NOT_REVIEWED	NOT_REVIEWED	NOT_REVIEWED	NOT_REVIEWED	NONE	AGENT_1_PATIENT_MOBILE_WEB
PM-157	mental-health/mood-journal	app/mental-health/mood-journal.tsx	83,91,99,111,118,121	NONE	NONE	NONE	NONE	NONE	MANUAL_MAPPING_REQUIRED	No exact path match found; do not infer a web equivalent from a name/keyword.	NOT_REVIEWED	NOT_REVIEWED	NOT_REVIEWED	NOT_REVIEWED	NONE	AGENT_1_PATIENT_MOBILE_WEB
PM-158	mental-health/self-assessment	app/mental-health/self-assessment.tsx	5	NONE	NONE	NONE	NONE	NONE	MANUAL_MAPPING_REQUIRED	No exact path match found; do not infer a web equivalent from a name/keyword.	NOT_REVIEWED	NOT_REVIEWED	NOT_REVIEWED	NOT_REVIEWED	NONE	AGENT_1_PATIENT_MOBILE_WEB
PM-159	mental-health/therapist-match	app/mental-health/therapist-match.tsx	5	NONE	NONE	NONE	NONE	NONE	MANUAL_MAPPING_REQUIRED	No exact path match found; do not infer a web equivalent from a name/keyword.	NOT_REVIEWED	NOT_REVIEWED	NOT_REVIEWED	NOT_REVIEWED	NONE	AGENT_1_PATIENT_MOBILE_WEB
PM-160	notifications/index	app/notifications/index.tsx	120,129,135,137,144,148,176,189	NONE	NONE	NONE	NONE	NONE	MANUAL_MAPPING_REQUIRED	No exact path match found; do not infer a web equivalent from a name/keyword.	NOT_REVIEWED	NOT_REVIEWED	NOT_REVIEWED	NOT_REVIEWED	NONE	AGENT_1_PATIENT_MOBILE_WEB
PM-161	nursing/live-tracking	app/nursing/live-tracking.tsx	131,181,249,260	NONE__SOURCE_TREE_AND_MUTATION_SCAN	NONE	NONE	0	NONE	MANUAL_MAPPING_COMPLETE__MISSING_CAPABILITY	No Web nursing live-tracking surface was located; generic home-care catalog is not equivalent evidence. Evidence: audit-artifacts/gap-closure-audit/patient-web-manual-evidence/CONSULTATION_BOOKING_DIAGNOSTICS_HOME_CARE_MANUAL_REVIEW_2026-08-26.md	NOT_REVIEWED__SOURCE_ONLY	MISSING_CAPABILITY	MISSING_CAPABILITY	INSUFFICIENT_EVIDENCE__NO_WEB_SURFACE	NONE	AGENT_1_PATIENT_MOBILE_WEB
PM-162	nursing/nurse-profile	app/nursing/nurse-profile.tsx	139,142,158,174,214,224,231,253,260,267,313,328,340,350	NONE__SOURCE_TREE_AND_MUTATION_SCAN	NONE	NONE	0	NONE	MANUAL_MAPPING_COMPLETE__MISSING_CAPABILITY	No Web nursing-profile surface was located; generic home-care catalog is not equivalent evidence. Evidence: audit-artifacts/gap-closure-audit/patient-web-manual-evidence/CONSULTATION_BOOKING_DIAGNOSTICS_HOME_CARE_MANUAL_REVIEW_2026-08-26.md	NOT_REVIEWED__SOURCE_ONLY	MISSING_CAPABILITY	MISSING_CAPABILITY	INSUFFICIENT_EVIDENCE__NO_WEB_SURFACE	NONE	AGENT_1_PATIENT_MOBILE_WEB
PM-163	nursing/service-details	app/nursing/service-details.tsx	61,85,145,151,167,173,179,186,191,214,216,223	app/[locale]/home-care/services/[serviceId]/page.tsx	/{locale}/home-care/services/{serviceId}	1e83c4bc3b8de9afd44f592838704b87ee96f70683dafdd2c71e9193e95e616d	19	13-18	MANUAL_MAPPING_COMPLETE__MISSING_CAPABILITY	Home-care service detail displays catalog facts only; no nursing booking/provider/payment/insurance handoff is evidenced. Evidence: audit-artifacts/gap-closure-audit/patient-web-manual-evidence/CONSULTATION_BOOKING_DIAGNOSTICS_HOME_CARE_MANUAL_REVIEW_2026-08-26.md	NOT_REVIEWED__SOURCE_ONLY	MISSING_CAPABILITY	MISSING_CAPABILITY	MISSING_CAPABILITY	NONE	AGENT_1_PATIENT_MOBILE_WEB
PM-164	nursing/service-info	app/nursing/service-info.tsx	40,55,72,134	app/[locale]/home-care/services/[serviceId]/page.tsx	/{locale}/home-care/services/{serviceId}	1e83c4bc3b8de9afd44f592838704b87ee96f70683dafdd2c71e9193e95e616d	19	13-18	MANUAL_MAPPING_COMPLETE__MISSING_CAPABILITY	Home-care service information is catalog-only; no nursing service workflow or authoritative fulfillment state is evidenced. Evidence: audit-artifacts/gap-closure-audit/patient-web-manual-evidence/CONSULTATION_BOOKING_DIAGNOSTICS_HOME_CARE_MANUAL_REVIEW_2026-08-26.md	NOT_REVIEWED__SOURCE_ONLY	MISSING_CAPABILITY	MISSING_CAPABILITY	MISSING_CAPABILITY	NONE	AGENT_1_PATIENT_MOBILE_WEB
PM-165	nutrition/ai-meal-planner	app/nutrition/ai-meal-planner.tsx	8	NONE__ROUTE_TREE_AND_SOURCE_SCAN	NONE	NONE	0	NONE	MANUAL_MAPPING_COMPLETE__MISSING_CAPABILITY	No localized Web nutrition route/source/CTA found. Evidence: audit-artifacts/gap-closure-audit/patient-web-manual-evidence/NUTRITION_MATERNITY_MANUAL_REVIEW_2026-08-26.md	NOT_REVIEWED__SOURCE_ONLY	MISSING_CAPABILITY	MISSING_CAPABILITY	INSUFFICIENT_EVIDENCE__NO_WEB_SURFACE	NONE	AGENT_1_PATIENT_MOBILE_WEB
PM-166	nutrition/ai-plan-builder	app/nutrition/ai-plan-builder.tsx	5	NONE__ROUTE_TREE_AND_SOURCE_SCAN	NONE	NONE	0	NONE	MANUAL_MAPPING_COMPLETE__MISSING_CAPABILITY	No localized Web nutrition route/source/CTA found. Evidence: audit-artifacts/gap-closure-audit/patient-web-manual-evidence/NUTRITION_MATERNITY_MANUAL_REVIEW_2026-08-26.md	NOT_REVIEWED__SOURCE_ONLY	MISSING_CAPABILITY	MISSING_CAPABILITY	INSUFFICIENT_EVIDENCE__NO_WEB_SURFACE	NONE	AGENT_1_PATIENT_MOBILE_WEB
PM-167	nutrition/body-composition	app/nutrition/body-composition.tsx	5	NONE__ROUTE_TREE_AND_SOURCE_SCAN	NONE	NONE	0	NONE	MANUAL_MAPPING_COMPLETE__MISSING_CAPABILITY	No localized Web nutrition route/source/CTA found. Evidence: audit-artifacts/gap-closure-audit/patient-web-manual-evidence/NUTRITION_MATERNITY_MANUAL_REVIEW_2026-08-26.md	NOT_REVIEWED__SOURCE_ONLY	MISSING_CAPABILITY	MISSING_CAPABILITY	INSUFFICIENT_EVIDENCE__NO_WEB_SURFACE	NONE	AGENT_1_PATIENT_MOBILE_WEB
PM-168	nutrition/body-target	app/nutrition/body-target.tsx	21,23	NONE__ROUTE_TREE_AND_SOURCE_SCAN	NONE	NONE	0	NONE	MANUAL_MAPPING_COMPLETE__MISSING_CAPABILITY	No localized Web nutrition route/source/CTA found. Evidence: audit-artifacts/gap-closure-audit/patient-web-manual-evidence/NUTRITION_MATERNITY_MANUAL_REVIEW_2026-08-26.md	NOT_REVIEWED__SOURCE_ONLY	MISSING_CAPABILITY	MISSING_CAPABILITY	INSUFFICIENT_EVIDENCE__NO_WEB_SURFACE	NONE	AGENT_1_PATIENT_MOBILE_WEB
PM-169	nutrition/calorie-analyzer	app/nutrition/calorie-analyzer.tsx	5	NONE__ROUTE_TREE_AND_SOURCE_SCAN	NONE	NONE	0	NONE	MANUAL_MAPPING_COMPLETE__MISSING_CAPABILITY	No localized Web nutrition route/source/CTA found. Evidence: audit-artifacts/gap-closure-audit/patient-web-manual-evidence/NUTRITION_MATERNITY_MANUAL_REVIEW_2026-08-26.md	NOT_REVIEWED__SOURCE_ONLY	MISSING_CAPABILITY	MISSING_CAPABILITY	INSUFFICIENT_EVIDENCE__NO_WEB_SURFACE	NONE	AGENT_1_PATIENT_MOBILE_WEB
PM-170	nutrition/daily-tracker	app/nutrition/daily-tracker.tsx	36,38,42,43	NONE__ROUTE_TREE_AND_SOURCE_SCAN	NONE	NONE	0	NONE	MANUAL_MAPPING_COMPLETE__MISSING_CAPABILITY	No localized Web nutrition route/source/CTA found. Evidence: audit-artifacts/gap-closure-audit/patient-web-manual-evidence/NUTRITION_MATERNITY_MANUAL_REVIEW_2026-08-26.md	NOT_REVIEWED__SOURCE_ONLY	MISSING_CAPABILITY	MISSING_CAPABILITY	INSUFFICIENT_EVIDENCE__NO_WEB_SURFACE	NONE	AGENT_1_PATIENT_MOBILE_WEB
PM-171	nutrition/exercise-plan	app/nutrition/exercise-plan.tsx	5	NONE__ROUTE_TREE_AND_SOURCE_SCAN	NONE	NONE	0	NONE	MANUAL_MAPPING_COMPLETE__MISSING_CAPABILITY	No localized Web nutrition route/source/CTA found. Evidence: audit-artifacts/gap-closure-audit/patient-web-manual-evidence/NUTRITION_MATERNITY_MANUAL_REVIEW_2026-08-26.md	NOT_REVIEWED__SOURCE_ONLY	MISSING_CAPABILITY	MISSING_CAPABILITY	INSUFFICIENT_EVIDENCE__NO_WEB_SURFACE	NONE	AGENT_1_PATIENT_MOBILE_WEB
PM-172	nutrition/food-scanner	app/nutrition/food-scanner.tsx	5	NONE__ROUTE_TREE_AND_SOURCE_SCAN	NONE	NONE	0	NONE	MANUAL_MAPPING_COMPLETE__MISSING_CAPABILITY	No localized Web nutrition route/source/CTA found. Evidence: audit-artifacts/gap-closure-audit/patient-web-manual-evidence/NUTRITION_MATERNITY_MANUAL_REVIEW_2026-08-26.md	NOT_REVIEWED__SOURCE_ONLY	MISSING_CAPABILITY	MISSING_CAPABILITY	INSUFFICIENT_EVIDENCE__NO_WEB_SURFACE	NONE	AGENT_1_PATIENT_MOBILE_WEB
PM-173	nutrition/hub	app/nutrition/hub.tsx	24,26,27,28,29,30,34	NONE__ROUTE_TREE_AND_SOURCE_SCAN	NONE	NONE	0	NONE	MANUAL_MAPPING_COMPLETE__MISSING_CAPABILITY	No localized Web nutrition route/source/CTA found. Evidence: audit-artifacts/gap-closure-audit/patient-web-manual-evidence/NUTRITION_MATERNITY_MANUAL_REVIEW_2026-08-26.md	NOT_REVIEWED__SOURCE_ONLY	MISSING_CAPABILITY	MISSING_CAPABILITY	INSUFFICIENT_EVIDENCE__NO_WEB_SURFACE	NONE	AGENT_1_PATIENT_MOBILE_WEB
PM-174	nutrition/index	app/nutrition/index.tsx	6	NONE__ROUTE_TREE_AND_SOURCE_SCAN	NONE	NONE	0	NONE	MANUAL_MAPPING_COMPLETE__MISSING_CAPABILITY	No localized Web nutrition route/source/CTA found. Evidence: audit-artifacts/gap-closure-audit/patient-web-manual-evidence/NUTRITION_MATERNITY_MANUAL_REVIEW_2026-08-26.md	NOT_REVIEWED__SOURCE_ONLY	MISSING_CAPABILITY	MISSING_CAPABILITY	INSUFFICIENT_EVIDENCE__NO_WEB_SURFACE	NONE	AGENT_1_PATIENT_MOBILE_WEB
PM-175	nutrition/log-meal	app/nutrition/log-meal.tsx	32,38,45	NONE__ROUTE_TREE_AND_SOURCE_SCAN	NONE	NONE	0	NONE	MANUAL_MAPPING_COMPLETE__MISSING_CAPABILITY	No localized Web nutrition route/source/CTA found. Evidence: audit-artifacts/gap-closure-audit/patient-web-manual-evidence/NUTRITION_MATERNITY_MANUAL_REVIEW_2026-08-26.md	NOT_REVIEWED__SOURCE_ONLY	MISSING_CAPABILITY	MISSING_CAPABILITY	INSUFFICIENT_EVIDENCE__NO_WEB_SURFACE	NONE	AGENT_1_PATIENT_MOBILE_WEB
PM-176	nutrition/nutrition-plan	app/nutrition/nutrition-plan.tsx	8	NONE__ROUTE_TREE_AND_SOURCE_SCAN	NONE	NONE	0	NONE	MANUAL_MAPPING_COMPLETE__MISSING_CAPABILITY	No localized Web nutrition route/source/CTA found. Evidence: audit-artifacts/gap-closure-audit/patient-web-manual-evidence/NUTRITION_MATERNITY_MANUAL_REVIEW_2026-08-26.md	NOT_REVIEWED__SOURCE_ONLY	MISSING_CAPABILITY	MISSING_CAPABILITY	INSUFFICIENT_EVIDENCE__NO_WEB_SURFACE	NONE	AGENT_1_PATIENT_MOBILE_WEB
PM-177	nutrition/water-tracker	app/nutrition/water-tracker.tsx	5	NONE__ROUTE_TREE_AND_SOURCE_SCAN	NONE	NONE	0	NONE	MANUAL_MAPPING_COMPLETE__MISSING_CAPABILITY	No localized Web nutrition route/source/CTA found. Evidence: audit-artifacts/gap-closure-audit/patient-web-manual-evidence/NUTRITION_MATERNITY_MANUAL_REVIEW_2026-08-26.md	NOT_REVIEWED__SOURCE_ONLY	MISSING_CAPABILITY	MISSING_CAPABILITY	INSUFFICIENT_EVIDENCE__NO_WEB_SURFACE	NONE	AGENT_1_PATIENT_MOBILE_WEB
PM-178	offers/[id]	app/offers/[id].tsx	62,80,81,101,102,187	NONE	NONE	NONE	NONE	NONE	MANUAL_MAPPING_REQUIRED	No exact path match found; do not infer a web equivalent from a name/keyword.	NOT_REVIEWED	NOT_REVIEWED	NOT_REVIEWED	NOT_REVIEWED	NONE	AGENT_1_PATIENT_MOBILE_WEB
PM-179	offers/index	app/offers/index.tsx	40,54,59	NONE	NONE	NONE	NONE	NONE	MANUAL_MAPPING_REQUIRED	No exact path match found; do not infer a web equivalent from a name/keyword.	NOT_REVIEWED	NOT_REVIEWED	NOT_REVIEWED	NOT_REVIEWED	NONE	AGENT_1_PATIENT_MOBILE_WEB
PM-180	orders/index	app/orders/index.tsx	195,207,222,257	app/[locale]/orders/page.tsx	/{locale}/orders	7ee0d21d7058dd02be070a1e698059f6caed554ee6b76139a46fa8c8ab3974b6	41	30-40	MANUAL_MAPPING_COMPLETE__STATIC_MATCHED_PARTIAL	Read-only pharmacy-order history and client status tabs; no provider/payment/insurance lifecycle evidence. Evidence: audit-artifacts/gap-closure-audit/patient-web-manual-evidence/PHARMACY_CART_OFFERS_PAYMENT_ORDERS_MANUAL_REVIEW_2026-08-26.md	NOT_REVIEWED__SOURCE_ONLY	STATIC_MATCHED_PARTIAL	STATIC_MATCHED_PARTIAL	INSUFFICIENT_EVIDENCE	NONE	AGENT_1_PATIENT_MOBILE_WEB
PM-181	payments/failed	app/payments/failed.tsx	60,77,82	NONE	NONE	NONE	NONE	NONE	MANUAL_MAPPING_REQUIRED	No exact path match found; do not infer a web equivalent from a name/keyword.	NOT_REVIEWED	NOT_REVIEWED	NOT_REVIEWED	NOT_REVIEWED	NONE	AGENT_1_PATIENT_MOBILE_WEB
PM-182	payments/failure	app/payments/failure.tsx	66,72,78	NONE	NONE	NONE	NONE	NONE	MANUAL_MAPPING_REQUIRED	No exact path match found; do not infer a web equivalent from a name/keyword.	NOT_REVIEWED	NOT_REVIEWED	NOT_REVIEWED	NOT_REVIEWED	NONE	AGENT_1_PATIENT_MOBILE_WEB
PM-183	payments/processing	app/payments/processing.tsx	149,156,181,195,405,411,412	NONE	NONE	NONE	NONE	NONE	MANUAL_MAPPING_REQUIRED	No exact path match found; do not infer a web equivalent from a name/keyword.	NOT_REVIEWED	NOT_REVIEWED	NOT_REVIEWED	NOT_REVIEWED	NONE	AGENT_1_PATIENT_MOBILE_WEB
PM-184	payments/success	app/payments/success.tsx	73,82,85,86,87,88,98,107,114	NONE	NONE	NONE	NONE	NONE	MANUAL_MAPPING_REQUIRED	No exact path match found; do not infer a web equivalent from a name/keyword.	NOT_REVIEWED	NOT_REVIEWED	NOT_REVIEWED	NOT_REVIEWED	NONE	AGENT_1_PATIENT_MOBILE_WEB
PM-185	pharmacy/barcode-scanner	app/pharmacy/barcode-scanner.tsx	48,50,97,108,120,150,160,195,196,213,214,215	NONE	NONE	NONE	NONE	NONE	MANUAL_MAPPING_REQUIRED	No exact path match found; do not infer a web equivalent from a name/keyword.	NOT_REVIEWED	NOT_REVIEWED	NOT_REVIEWED	NOT_REVIEWED	NONE	AGENT_1_PATIENT_MOBILE_WEB
PM-186	pharmacy/broadcast-status	app/pharmacy/broadcast-status.tsx	47,61,89	NONE__SOURCE_TREE_AND_MUTATION_SCAN	NONE	NONE	0	NONE	MANUAL_MAPPING_COMPLETE__MISSING_CAPABILITY	No Web broadcast-status or pharmacy-offer surface was located in reviewed source; no mutation scan evidence for broadcast/select-offer exists. Evidence: audit-artifacts/gap-closure-audit/patient-web-manual-evidence/PHARMACY_CART_OFFERS_PAYMENT_ORDERS_MANUAL_REVIEW_2026-08-26.md	NOT_REVIEWED__SOURCE_ONLY	MISSING_CAPABILITY	MISSING_CAPABILITY	INSUFFICIENT_EVIDENCE__NO_WEB_SURFACE	NONE	AGENT_1_PATIENT_MOBILE_WEB
PM-187	pharmacy/cart	app/pharmacy/cart.tsx	65,75,87,91,122,126,132,164,171,178,187,198,215	app/[locale]/cart/page.tsx	/{locale}/cart	836c660d9ad8a9895eb8f7c2f454ccdafd277ee571098c025cd98124cd1b27c0	34	19-33	MANUAL_MAPPING_COMPLETE__STATIC_MATCHED_PARTIAL	Cart summary renders server-returned groups/totals only; no cart mutation, submit, geo, Rx, offer or checkout CTA is evidenced. Evidence: audit-artifacts/gap-closure-audit/patient-web-manual-evidence/PHARMACY_CART_OFFERS_PAYMENT_ORDERS_MANUAL_REVIEW_2026-08-26.md	NOT_REVIEWED__SOURCE_ONLY	STATIC_MATCHED_PARTIAL	MISSING_CAPABILITY	INSUFFICIENT_EVIDENCE	NONE	AGENT_1_PATIENT_MOBILE_WEB
PM-188	pharmacy/chat-with-pharmacist	app/pharmacy/chat-with-pharmacist.tsx	191,192,227,237,247,257,340,375,380,396,399	NONE	NONE	NONE	NONE	NONE	MANUAL_MAPPING_REQUIRED	No exact path match found; do not infer a web equivalent from a name/keyword.	NOT_REVIEWED	NOT_REVIEWED	NOT_REVIEWED	NOT_REVIEWED	NONE	AGENT_1_PATIENT_MOBILE_WEB
PM-189	pharmacy/checkout	app/pharmacy/checkout.tsx	6,106,107,117,172,176,189,215,241,260,283,317,385	app/[locale]/cart/checkout/page.tsx	/{locale}/cart/checkout	1da01825d6868b6471d09c2b07d91ca12351f655a01cdd42e7bbb5d599ad5e1a	34	19-33	MANUAL_MAPPING_COMPLETE__MISSING_CAPABILITY	Checkout route is a GET total preview with only a back link; no offer selection, payment, insurance or order submit CTA is evidenced. Evidence: audit-artifacts/gap-closure-audit/patient-web-manual-evidence/PHARMACY_CART_OFFERS_PAYMENT_ORDERS_MANUAL_REVIEW_2026-08-26.md	NOT_REVIEWED__SOURCE_ONLY	MISSING_CAPABILITY	MISSING_CAPABILITY	MISSING_CAPABILITY	NONE	AGENT_1_PATIENT_MOBILE_WEB
PM-190	pharmacy/custom-item	app/pharmacy/custom-item.tsx	116,146,277,307	NONE	NONE	NONE	NONE	NONE	MANUAL_MAPPING_REQUIRED	No exact path match found; do not infer a web equivalent from a name/keyword.	NOT_REVIEWED	NOT_REVIEWED	NOT_REVIEWED	NOT_REVIEWED	NONE	AGENT_1_PATIENT_MOBILE_WEB
PM-191	pharmacy/drug-not-found	app/pharmacy/drug-not-found.tsx	40,62,63,74,106,115,142	NONE	NONE	NONE	NONE	NONE	MANUAL_MAPPING_REQUIRED	No exact path match found; do not infer a web equivalent from a name/keyword.	NOT_REVIEWED	NOT_REVIEWED	NOT_REVIEWED	NOT_REVIEWED	NONE	AGENT_1_PATIENT_MOBILE_WEB
PM-192	pharmacy/filters	app/pharmacy/filters.tsx	107,109,146,160,178,201,217,278,310,326	NONE	NONE	NONE	NONE	NONE	MANUAL_MAPPING_REQUIRED	No exact path match found; do not infer a web equivalent from a name/keyword.	NOT_REVIEWED	NOT_REVIEWED	NOT_REVIEWED	NOT_REVIEWED	NONE	AGENT_1_PATIENT_MOBILE_WEB
PM-193	pharmacy/manual-order	app/pharmacy/manual-order.tsx	47,56,100,105,116	NONE	NONE	NONE	NONE	NONE	MANUAL_MAPPING_REQUIRED	No exact path match found; do not infer a web equivalent from a name/keyword.	NOT_REVIEWED	NOT_REVIEWED	NOT_REVIEWED	NOT_REVIEWED	NONE	AGENT_1_PATIENT_MOBILE_WEB
PM-194	pharmacy/medicine-compare	app/pharmacy/medicine-compare.tsx	59,113	NONE	NONE	NONE	NONE	NONE	MANUAL_MAPPING_REQUIRED	No exact path match found; do not infer a web equivalent from a name/keyword.	NOT_REVIEWED	NOT_REVIEWED	NOT_REVIEWED	NOT_REVIEWED	NONE	AGENT_1_PATIENT_MOBILE_WEB
PM-195	pharmacy/order-confirm	app/pharmacy/order-confirm.tsx	53,55,66,87,178,192	NONE__SOURCE_TREE_AND_MUTATION_SCAN	NONE	NONE	0	NONE	MANUAL_MAPPING_COMPLETE__MISSING_CAPABILITY	No Web order-confirmation surface or order-submit mutation was located in reviewed source; post-order read pages do not prove confirmation. Evidence: audit-artifacts/gap-closure-audit/patient-web-manual-evidence/PHARMACY_CART_OFFERS_PAYMENT_ORDERS_MANUAL_REVIEW_2026-08-26.md	NOT_REVIEWED__SOURCE_ONLY	MISSING_CAPABILITY	MISSING_CAPABILITY	INSUFFICIENT_EVIDENCE__NO_WEB_SURFACE	NONE	AGENT_1_PATIENT_MOBILE_WEB
PM-196	pharmacy/order-history	app/pharmacy/order-history.tsx	108,126,152,196,197,263	app/[locale]/orders/page.tsx	/{locale}/orders	7ee0d21d7058dd02be070a1e698059f6caed554ee6b76139a46fa8c8ab3974b6	41	30-40	MANUAL_MAPPING_COMPLETE__STATIC_MATCHED_PARTIAL	Read-only pharmacy-order history; client status bucket is not an authoritative fulfillment/payment state machine. Evidence: audit-artifacts/gap-closure-audit/patient-web-manual-evidence/PHARMACY_CART_OFFERS_PAYMENT_ORDERS_MANUAL_REVIEW_2026-08-26.md	NOT_REVIEWED__SOURCE_ONLY	STATIC_MATCHED_PARTIAL	STATIC_MATCHED_PARTIAL	INSUFFICIENT_EVIDENCE	NONE	AGENT_1_PATIENT_MOBILE_WEB
PM-197	pharmacy/order-tracking	app/pharmacy/order-tracking.tsx	82,100,126,206,246	app/[locale]/orders/[orderId]/tracking/page.tsx	/{locale}/orders/{orderId}/tracking	36151e2f5485cb3bbb5c4eb3075e53c8fdc43ef042fe6dee444d338e07eb824b	45	19-44	MANUAL_MAPPING_COMPLETE__STATIC_MATCHED_PARTIAL	Tracking is a protected read summary only; no accept-offer, payment, cancel, contact, dispute or delivery-confirmation CTA is evidenced. Evidence: audit-artifacts/gap-closure-audit/patient-web-manual-evidence/PHARMACY_CART_OFFERS_PAYMENT_ORDERS_MANUAL_REVIEW_2026-08-26.md	NOT_REVIEWED__SOURCE_ONLY	STATIC_MATCHED_PARTIAL	STATIC_MATCHED_PARTIAL	INSUFFICIENT_EVIDENCE	NONE	AGENT_1_PATIENT_MOBILE_WEB
PM-198	pharmacy/payment	app/pharmacy/payment.tsx	69,74,80,87,120,123,135,226	NONE__SOURCE_TREE_AND_MUTATION_SCAN	NONE	NONE	0	NONE	MANUAL_MAPPING_COMPLETE__MISSING_CAPABILITY	No Web pharmacy-payment route, local BFF handler or client payment mutation was located; appointment payment intent is booking-specific and not evidence for cart orders. Evidence: audit-artifacts/gap-closure-audit/patient-web-manual-evidence/PHARMACY_CART_OFFERS_PAYMENT_ORDERS_MANUAL_REVIEW_2026-08-26.md	NOT_REVIEWED__SOURCE_ONLY	MISSING_CAPABILITY	MISSING_CAPABILITY	INSUFFICIENT_EVIDENCE__NO_WEB_SURFACE	NONE	AGENT_1_PATIENT_MOBILE_WEB
PM-199	pharmacy/pharmacist-chat	app/pharmacy/pharmacist-chat.tsx	122,240,242,243,360	NONE	NONE	NONE	NONE	NONE	MANUAL_MAPPING_REQUIRED	No exact path match found; do not infer a web equivalent from a name/keyword.	NOT_REVIEWED	NOT_REVIEWED	NOT_REVIEWED	NOT_REVIEWED	NONE	AGENT_1_PATIENT_MOBILE_WEB
PM-200	pharmacy/product-detail	app/pharmacy/product-detail.tsx	33,85,235,238,257,364,386,421,434,443,453,456,468,472,478,489,501,505	app/[locale]/medicines/[medicineId]/page.tsx	/{locale}/medicines/{medicineId}	fb1e417c5df26436443807f5d1687e107fdc0600ddb84597c1fec7ce66ab5500	65	16-64	MANUAL_MAPPING_COMPLETE__STATIC_MATCHED_PARTIAL	Public medicine catalog detail exposes facts only and remains noindex; no price/stock/cart/Rx/offer CTA is evidenced. Evidence: audit-artifacts/gap-closure-audit/patient-web-manual-evidence/PHARMACY_CART_OFFERS_PAYMENT_ORDERS_MANUAL_REVIEW_2026-08-26.md	NOT_REVIEWED__SOURCE_ONLY	STATIC_MATCHED_PARTIAL	MISSING_CAPABILITY	INSUFFICIENT_EVIDENCE	NONE	AGENT_1_PATIENT_MOBILE_WEB
PM-201	pharmacy/product-search	app/pharmacy/product-search.tsx	4	app/[locale]/medicines/page.tsx	/{locale}/medicines	9791aadc7b7bb46bccc524f4ced9676679f47aa6e82cfdb74549bcce5c319b11	54	20-53	MANUAL_MAPPING_COMPLETE__STATIC_MATCHED_PARTIAL	Authenticated medicine search exists; no filters, cart, offer or purchase transition is evidenced in the reviewed page. Evidence: audit-artifacts/gap-closure-audit/patient-web-manual-evidence/PHARMACY_CART_OFFERS_PAYMENT_ORDERS_MANUAL_REVIEW_2026-08-26.md	NOT_REVIEWED__SOURCE_ONLY	STATIC_MATCHED_PARTIAL	MISSING_CAPABILITY	INSUFFICIENT_EVIDENCE	NONE	AGENT_1_PATIENT_MOBILE_WEB
PM-202	pharmacy/reorder	app/pharmacy/reorder.tsx	67,81,88,97,113,117,127,144	NONE	NONE	NONE	NONE	NONE	MANUAL_MAPPING_REQUIRED	No exact path match found; do not infer a web equivalent from a name/keyword.	NOT_REVIEWED	NOT_REVIEWED	NOT_REVIEWED	NOT_REVIEWED	NONE	AGENT_1_PATIENT_MOBILE_WEB
PM-203	pharmacy/rx-order	app/pharmacy/rx-order.tsx	57,71,116	app/[locale]/cart/prescription/page.tsx	/{locale}/cart/prescription	08a637335b65f084562babf5cf2bbfc5d193401816c55f157358f2a9d6ef2da5	31	18-30	MANUAL_MAPPING_COMPLETE__MISSING_CAPABILITY	Prescription-cart preview displays medication names only; no Rx validation, submit, pharmacist review, broadcast, offer, payment or insurance flow is evidenced. Evidence: audit-artifacts/gap-closure-audit/patient-web-manual-evidence/PHARMACY_CART_OFFERS_PAYMENT_ORDERS_MANUAL_REVIEW_2026-08-26.md	NOT_REVIEWED__SOURCE_ONLY	MISSING_CAPABILITY	MISSING_CAPABILITY	MISSING_CAPABILITY	NONE	AGENT_1_PATIENT_MOBILE_WEB
PM-204	pharmacy/scan-prescription	app/pharmacy/scan-prescription.tsx	119,142,207,246	NONE	NONE	NONE	NONE	NONE	MANUAL_MAPPING_REQUIRED	No exact path match found; do not infer a web equivalent from a name/keyword.	NOT_REVIEWED	NOT_REVIEWED	NOT_REVIEWED	NOT_REVIEWED	NONE	AGENT_1_PATIENT_MOBILE_WEB
PM-205	pharmacy/waiting-for-pharmacy	app/pharmacy/waiting-for-pharmacy.tsx	6,103,129,130,133,257	NONE__SOURCE_TREE_AND_MUTATION_SCAN	NONE	NONE	0	NONE	MANUAL_MAPPING_COMPLETE__MISSING_CAPABILITY	No Web waiting-for-pharmacy or offer-expiry/patient-selection surface was located in reviewed source. Evidence: audit-artifacts/gap-closure-audit/patient-web-manual-evidence/PHARMACY_CART_OFFERS_PAYMENT_ORDERS_MANUAL_REVIEW_2026-08-26.md	NOT_REVIEWED__SOURCE_ONLY	MISSING_CAPABILITY	MISSING_CAPABILITY	INSUFFICIENT_EVIDENCE__NO_WEB_SURFACE	NONE	AGENT_1_PATIENT_MOBILE_WEB
PM-206	pharmacy/wishlist	app/pharmacy/wishlist.tsx	83,98,114,120,162,163	NONE	NONE	NONE	NONE	NONE	MANUAL_MAPPING_REQUIRED	No exact path match found; do not infer a web equivalent from a name/keyword.	NOT_REVIEWED	NOT_REVIEWED	NOT_REVIEWED	NOT_REVIEWED	NONE	AGENT_1_PATIENT_MOBILE_WEB
PM-207	profile/addresses	app/profile/addresses.tsx	85,108	NONE__SOURCE_TREE_AND_PROFILE_SCAN	NONE	NONE	0	NONE	MANUAL_MAPPING_COMPLETE__MISSING_CAPABILITY	No localized addresses surface, address CTA, or address mutation was found in reviewed source. Evidence: audit-artifacts/gap-closure-audit/patient-web-manual-evidence/PROFILE_ADDRESSES_MANUAL_REVIEW_2026-08-26.md	NOT_REVIEWED__SOURCE_ONLY	MISSING_CAPABILITY	MISSING_CAPABILITY	INSUFFICIENT_EVIDENCE__NO_WEB_SURFACE	NONE	AGENT_1_PATIENT_MOBILE_WEB
PM-208	profile/edit	app/profile/edit.tsx	4	app/[locale]/profile/page.tsx	/{locale}/profile	8b7244ec55a20d0d14625edc4b787b9e539607ebfbb6c2154c8d6fcbfb82ef9e	59	27-58	MANUAL_MAPPING_COMPLETE__MISSING_CAPABILITY	Profile is display-only; no profile or medical-profile edit CTA/mutation is evidenced. Evidence: audit-artifacts/gap-closure-audit/patient-web-manual-evidence/PROFILE_ADDRESSES_MANUAL_REVIEW_2026-08-26.md	NOT_REVIEWED__SOURCE_ONLY	MISSING_CAPABILITY	MISSING_CAPABILITY	INSUFFICIENT_EVIDENCE	NONE	AGENT_1_PATIENT_MOBILE_WEB
PM-209	profile/index	app/profile/index.tsx	34,61,68,79,88,95,115	app/[locale]/profile/page.tsx	/{locale}/profile	8b7244ec55a20d0d14625edc4b787b9e539607ebfbb6c2154c8d6fcbfb82ef9e	59	27-58	MANUAL_MAPPING_COMPLETE__STATIC_MATCHED_PARTIAL	Protected profile/medical/insurance display exists; field-level ownership/freshness and management controls remain unproven. Evidence: audit-artifacts/gap-closure-audit/patient-web-manual-evidence/PROFILE_ADDRESSES_MANUAL_REVIEW_2026-08-26.md	NOT_REVIEWED__SOURCE_ONLY	STATIC_MATCHED_PARTIAL	MISSING_CAPABILITY	INSUFFICIENT_EVIDENCE	NONE	AGENT_1_PATIENT_MOBILE_WEB
PM-210	profile/insurance	app/profile/insurance.tsx	139,190,209,240,278,284,306	app/[locale]/profile/page.tsx	/{locale}/profile	8b7244ec55a20d0d14625edc4b787b9e539607ebfbb6c2154c8d6fcbfb82ef9e	59	27-39	MANUAL_MAPPING_COMPLETE__MISSING_CAPABILITY	Profile shows selected insurance fields only; no policy/benefits/coverage/co-pay management path is evidenced. Evidence: audit-artifacts/gap-closure-audit/patient-web-manual-evidence/PROFILE_ADDRESSES_MANUAL_REVIEW_2026-08-26.md	NOT_REVIEWED__SOURCE_ONLY	MISSING_CAPABILITY	MISSING_CAPABILITY	INSUFFICIENT_EVIDENCE	NONE	AGENT_1_PATIENT_MOBILE_WEB
PM-211	programs/active	app/programs/active.tsx	70,99,104,114,160,184	NONE	NONE	NONE	NONE	NONE	MANUAL_MAPPING_REQUIRED	No exact path match found; do not infer a web equivalent from a name/keyword.	NOT_REVIEWED	NOT_REVIEWED	NOT_REVIEWED	NOT_REVIEWED	NONE	AGENT_1_PATIENT_MOBILE_WEB
PM-212	reports/ai-analysis	app/reports/ai-analysis.tsx	5	NONE	NONE	NONE	NONE	NONE	MANUAL_MAPPING_REQUIRED	No exact path match found; do not infer a web equivalent from a name/keyword.	NOT_REVIEWED	NOT_REVIEWED	NOT_REVIEWED	NOT_REVIEWED	NONE	AGENT_1_PATIENT_MOBILE_WEB
PM-213	reports/hub	app/reports/hub.tsx	110,143,154,178,179,237,238,250,251	app/[locale]/health/reports/page.tsx	/{locale}/health/reports	58b3159bf40d8a1ebc1c7496bbe3ad243ad5464161c800051f0be69de19690ca	10	10	MANUAL_MAPPING_COMPLETE__MISSING_CAPABILITY	Protected report summary list has no report hub/detail/download/share/provenance workflow. Evidence: audit-artifacts/gap-closure-audit/patient-web-manual-evidence/PHI_CONTENT_NOTIFICATIONS_CHAT_MENTAL_HEALTH_MANUAL_REVIEW_2026-08-26.md	NOT_REVIEWED__SOURCE_ONLY	MISSING_CAPABILITY	MISSING_CAPABILITY	INSUFFICIENT_EVIDENCE	NONE	AGENT_1_PATIENT_MOBILE_WEB
PM-214	reports/passport	app/reports/passport.tsx	72,79,250	NONE	NONE	NONE	NONE	NONE	MANUAL_MAPPING_REQUIRED	No exact path match found; do not infer a web equivalent from a name/keyword.	NOT_REVIEWED	NOT_REVIEWED	NOT_REVIEWED	NOT_REVIEWED	NONE	AGENT_1_PATIENT_MOBILE_WEB
PM-215	reports/timeline	app/reports/timeline.tsx	80,89,117,207	NONE	NONE	NONE	NONE	NONE	MANUAL_MAPPING_REQUIRED	No exact path match found; do not infer a web equivalent from a name/keyword.	NOT_REVIEWED	NOT_REVIEWED	NOT_REVIEWED	NOT_REVIEWED	NONE	AGENT_1_PATIENT_MOBILE_WEB
PM-216	reports/view-report	app/reports/view-report.tsx	110,132,141,245,246	app/[locale]/health/reports/page.tsx	/{locale}/health/reports	58b3159bf40d8a1ebc1c7496bbe3ad243ad5464161c800051f0be69de19690ca	10	10	MANUAL_MAPPING_COMPLETE__MISSING_CAPABILITY	Protected report summary list has no report body/download/share/provenance workflow. Evidence: audit-artifacts/gap-closure-audit/patient-web-manual-evidence/PHI_CONTENT_NOTIFICATIONS_CHAT_MENTAL_HEALTH_MANUAL_REVIEW_2026-08-26.md	NOT_REVIEWED__SOURCE_ONLY	MISSING_CAPABILITY	MISSING_CAPABILITY	INSUFFICIENT_EVIDENCE	NONE	AGENT_1_PATIENT_MOBILE_WEB
PM-217	returns/detail	app/returns/detail.tsx	118	NONE__ROUTE_TREE_AND_SOURCE_SCAN	NONE	NONE	0	NONE	MANUAL_MAPPING_COMPLETE__MISSING_CAPABILITY	No localized Web returns feature surface/CTA found. Evidence: audit-artifacts/gap-closure-audit/patient-web-manual-evidence/AI_EMERGENCY_WALLET_LOYALTY_RETURNS_MANUAL_REVIEW_2026-08-26.md	NOT_REVIEWED__SOURCE_ONLY	MISSING_CAPABILITY	MISSING_CAPABILITY	INSUFFICIENT_EVIDENCE__NO_WEB_SURFACE	NONE	AGENT_1_PATIENT_MOBILE_WEB
PM-218	returns/hub	app/returns/hub.tsx	124,132,202,244,245,308	NONE__ROUTE_TREE_AND_SOURCE_SCAN	NONE	NONE	0	NONE	MANUAL_MAPPING_COMPLETE__MISSING_CAPABILITY	No localized Web returns feature surface/CTA found. Evidence: audit-artifacts/gap-closure-audit/patient-web-manual-evidence/AI_EMERGENCY_WALLET_LOYALTY_RETURNS_MANUAL_REVIEW_2026-08-26.md	NOT_REVIEWED__SOURCE_ONLY	MISSING_CAPABILITY	MISSING_CAPABILITY	INSUFFICIENT_EVIDENCE__NO_WEB_SURFACE	NONE	AGENT_1_PATIENT_MOBILE_WEB
PM-219	returns/new-request	app/returns/new-request.tsx	98,101,112,140,163,190,212,227,260,282	NONE__ROUTE_TREE_AND_SOURCE_SCAN	NONE	NONE	0	NONE	MANUAL_MAPPING_COMPLETE__MISSING_CAPABILITY	No localized Web returns feature surface/CTA found. Evidence: audit-artifacts/gap-closure-audit/patient-web-manual-evidence/AI_EMERGENCY_WALLET_LOYALTY_RETURNS_MANUAL_REVIEW_2026-08-26.md	NOT_REVIEWED__SOURCE_ONLY	MISSING_CAPABILITY	MISSING_CAPABILITY	INSUFFICIENT_EVIDENCE__NO_WEB_SURFACE	NONE	AGENT_1_PATIENT_MOBILE_WEB
PM-220	reviews/index	app/reviews/index.tsx	99,126,160,200,219	NONE	NONE	NONE	NONE	NONE	MANUAL_MAPPING_REQUIRED	No exact path match found; do not infer a web equivalent from a name/keyword.	NOT_REVIEWED	NOT_REVIEWED	NOT_REVIEWED	NOT_REVIEWED	NONE	AGENT_1_PATIENT_MOBILE_WEB
PM-221	room/[id]	app/room/[id].tsx	114,125,132,181	NONE	NONE	NONE	NONE	NONE	MANUAL_MAPPING_REQUIRED	No exact path match found; do not infer a web equivalent from a name/keyword.	NOT_REVIEWED	NOT_REVIEWED	NOT_REVIEWED	NOT_REVIEWED	NONE	AGENT_1_PATIENT_MOBILE_WEB
PM-222	s/[type]/[slug]	app/s/[type]/[slug].tsx	35,48	NONE	NONE	NONE	NONE	NONE	MANUAL_MAPPING_REQUIRED	No exact path match found; do not infer a web equivalent from a name/keyword.	NOT_REVIEWED	NOT_REVIEWED	NOT_REVIEWED	NOT_REVIEWED	NONE	AGENT_1_PATIENT_MOBILE_WEB
PM-223	search/index	app/search/index.tsx	84,86,89,91,93,95,97,99,101,127,147,167	NONE	NONE	NONE	NONE	NONE	MANUAL_MAPPING_REQUIRED	No exact path match found; do not infer a web equivalent from a name/keyword.	NOT_REVIEWED	NOT_REVIEWED	NOT_REVIEWED	NOT_REVIEWED	NONE	AGENT_1_PATIENT_MOBILE_WEB
PM-224	services/index	app/services/index.tsx	80,91	NONE	NONE	NONE	NONE	NONE	MANUAL_MAPPING_REQUIRED	No exact path match found; do not infer a web equivalent from a name/keyword.	NOT_REVIEWED	NOT_REVIEWED	NOT_REVIEWED	NOT_REVIEWED	NONE	AGENT_1_PATIENT_MOBILE_WEB
PM-225	settings/about	app/settings/about.tsx	78,136,221,238	NONE__SETTINGS_ROUTE_TREE_AND_MUTATION_SCAN	NONE	NONE	0	NONE	MANUAL_MAPPING_COMPLETE__MISSING_CAPABILITY	No localized about settings route/CTA found. Evidence: audit-artifacts/gap-closure-audit/patient-web-manual-evidence/SETTINGS_PRIVACY_SECURITY_DATA_MANUAL_REVIEW_2026-08-26.md	NOT_REVIEWED__SOURCE_ONLY	MISSING_CAPABILITY	MISSING_CAPABILITY	INSUFFICIENT_EVIDENCE	NONE	AGENT_1_PATIENT_MOBILE_WEB
PM-226	settings/data	app/settings/data.tsx	54,77,134	app/[locale]/settings/page.tsx	/{locale}/settings	NONE	0	18-43	MANUAL_MAPPING_COMPLETE__MISSING_CAPABILITY	Storage summary is read-only; no export/delete/retention control exists. Evidence: audit-artifacts/gap-closure-audit/patient-web-manual-evidence/SETTINGS_PRIVACY_SECURITY_DATA_MANUAL_REVIEW_2026-08-26.md	NOT_REVIEWED__SOURCE_ONLY	MISSING_CAPABILITY	MISSING_CAPABILITY	INSUFFICIENT_EVIDENCE	NONE	AGENT_1_PATIENT_MOBILE_WEB
PM-227	settings/feedback	app/settings/feedback.tsx	62,88,103,121,162	NONE__SETTINGS_ROUTE_TREE_AND_MUTATION_SCAN	NONE	NONE	0	NONE	MANUAL_MAPPING_COMPLETE__MISSING_CAPABILITY	No feedback route/form/mutation found. Evidence: audit-artifacts/gap-closure-audit/patient-web-manual-evidence/SETTINGS_PRIVACY_SECURITY_DATA_MANUAL_REVIEW_2026-08-26.md	NOT_REVIEWED__SOURCE_ONLY	MISSING_CAPABILITY	MISSING_CAPABILITY	INSUFFICIENT_EVIDENCE	NONE	AGENT_1_PATIENT_MOBILE_WEB
PM-228	settings/help	app/settings/help.tsx	55,92,93,113,141,160	NONE__SETTINGS_ROUTE_TREE_AND_MUTATION_SCAN	NONE	NONE	0	NONE	MANUAL_MAPPING_COMPLETE__MISSING_CAPABILITY	No help route/CTA found. Evidence: audit-artifacts/gap-closure-audit/patient-web-manual-evidence/SETTINGS_PRIVACY_SECURITY_DATA_MANUAL_REVIEW_2026-08-26.md	NOT_REVIEWED__SOURCE_ONLY	MISSING_CAPABILITY	MISSING_CAPABILITY	INSUFFICIENT_EVIDENCE	NONE	AGENT_1_PATIENT_MOBILE_WEB
PM-229	settings/index	app/settings/index.tsx	83,89,92,109,121	app/[locale]/settings/page.tsx	/{locale}/settings	NONE	0	12-44	MANUAL_MAPPING_COMPLETE__STATIC_MATCHED_PARTIAL	Protected settings summary exists but has no management controls. Evidence: audit-artifacts/gap-closure-audit/patient-web-manual-evidence/SETTINGS_PRIVACY_SECURITY_DATA_MANUAL_REVIEW_2026-08-26.md	NOT_REVIEWED__SOURCE_ONLY	STATIC_MATCHED_PARTIAL	STATIC_MATCHED_PARTIAL	INSUFFICIENT_EVIDENCE	NONE	AGENT_1_PATIENT_MOBILE_WEB
PM-230	settings/language	app/settings/language.tsx	19,30	NONE__SETTINGS_ROUTE_TREE_AND_MUTATION_SCAN	NONE	NONE	0	NONE	MANUAL_MAPPING_COMPLETE__MISSING_CAPABILITY	No language settings route/control found. Evidence: audit-artifacts/gap-closure-audit/patient-web-manual-evidence/SETTINGS_PRIVACY_SECURITY_DATA_MANUAL_REVIEW_2026-08-26.md	NOT_REVIEWED__SOURCE_ONLY	MISSING_CAPABILITY	MISSING_CAPABILITY	INSUFFICIENT_EVIDENCE	NONE	AGENT_1_PATIENT_MOBILE_WEB
PM-231	settings/notifications-settings	app/settings/notifications-settings.tsx	197	app/[locale]/notifications/settings/page.tsx	/{locale}/notifications/settings	d4c0b0234e6ad8c6b97b558685d8c8d4b731f5691bcddeec4892cc5092ea2bcf	32	12-31	MANUAL_MAPPING_COMPLETE__MISSING_CAPABILITY	Notification settings render status labels only; no update/device/channel/delivery control is evidenced. Evidence: audit-artifacts/gap-closure-audit/patient-web-manual-evidence/PHI_CONTENT_NOTIFICATIONS_CHAT_MENTAL_HEALTH_MANUAL_REVIEW_2026-08-26.md	NOT_REVIEWED__SOURCE_ONLY	MISSING_CAPABILITY	MISSING_CAPABILITY	INSUFFICIENT_EVIDENCE	NONE	AGENT_1_PATIENT_MOBILE_WEB
PM-232	settings/notifications	app/settings/notifications.tsx	7	app/[locale]/notifications/settings/page.tsx	/{locale}/notifications/settings	NONE	0	12-31	MANUAL_MAPPING_COMPLETE__MISSING_CAPABILITY	Notification surfaces are summaries; no update/device/delivery control is evidenced. Evidence: audit-artifacts/gap-closure-audit/patient-web-manual-evidence/SETTINGS_PRIVACY_SECURITY_DATA_MANUAL_REVIEW_2026-08-26.md	NOT_REVIEWED__SOURCE_ONLY	MISSING_CAPABILITY	MISSING_CAPABILITY	INSUFFICIENT_EVIDENCE	NONE	AGENT_1_PATIENT_MOBILE_WEB
PM-233	settings/privacy	app/settings/privacy.tsx	95,153,162	app/[locale]/settings/page.tsx	/{locale}/settings	NONE	0	18-43	MANUAL_MAPPING_COMPLETE__MISSING_CAPABILITY	Privacy booleans are read-only; no update/revocation/consent control exists. Evidence: audit-artifacts/gap-closure-audit/patient-web-manual-evidence/SETTINGS_PRIVACY_SECURITY_DATA_MANUAL_REVIEW_2026-08-26.md	NOT_REVIEWED__SOURCE_ONLY	MISSING_CAPABILITY	MISSING_CAPABILITY	INSUFFICIENT_EVIDENCE	NONE	AGENT_1_PATIENT_MOBILE_WEB
PM-234	settings/security	app/settings/security.tsx	103,130,199,258,293	app/[locale]/settings/page.tsx	/{locale}/settings	NONE	0	18-43	MANUAL_MAPPING_COMPLETE__MISSING_CAPABILITY	Security/session summaries are read-only; no 2FA/session revoke/device recovery control exists. Evidence: audit-artifacts/gap-closure-audit/patient-web-manual-evidence/SETTINGS_PRIVACY_SECURITY_DATA_MANUAL_REVIEW_2026-08-26.md	NOT_REVIEWED__SOURCE_ONLY	MISSING_CAPABILITY	MISSING_CAPABILITY	INSUFFICIENT_EVIDENCE	NONE	AGENT_1_PATIENT_MOBILE_WEB
PM-235	settings/support-chat	app/settings/support-chat.tsx	4	NONE__SETTINGS_ROUTE_TREE_AND_MUTATION_SCAN	NONE	NONE	0	NONE	MANUAL_MAPPING_COMPLETE__MISSING_CAPABILITY	No support-chat settings route/CTA found. Evidence: audit-artifacts/gap-closure-audit/patient-web-manual-evidence/SETTINGS_PRIVACY_SECURITY_DATA_MANUAL_REVIEW_2026-08-26.md	NOT_REVIEWED__SOURCE_ONLY	MISSING_CAPABILITY	MISSING_CAPABILITY	INSUFFICIENT_EVIDENCE	NONE	AGENT_1_PATIENT_MOBILE_WEB
PM-236	settings/terms	app/settings/terms.tsx	80	NONE__SETTINGS_ROUTE_TREE_AND_MUTATION_SCAN	NONE	NONE	0	NONE	MANUAL_MAPPING_COMPLETE__MISSING_CAPABILITY	No terms settings route/CTA found. Evidence: audit-artifacts/gap-closure-audit/patient-web-manual-evidence/SETTINGS_PRIVACY_SECURITY_DATA_MANUAL_REVIEW_2026-08-26.md	NOT_REVIEWED__SOURCE_ONLY	MISSING_CAPABILITY	MISSING_CAPABILITY	INSUFFICIENT_EVIDENCE	NONE	AGENT_1_PATIENT_MOBILE_WEB
PM-237	shared/location-picker	app/shared/location-picker.tsx	221,248,297,333,353,439,514,561,651,671,683	NONE	NONE	NONE	NONE	NONE	MANUAL_MAPPING_REQUIRED	No exact path match found; do not infer a web equivalent from a name/keyword.	NOT_REVIEWED	NOT_REVIEWED	NOT_REVIEWED	NOT_REVIEWED	NONE	AGENT_1_PATIENT_MOBILE_WEB
PM-238	support/chat	app/support/chat.tsx	129,199,226,250	app/[locale]/chat/[threadId]/page.tsx	/{locale}/chat/{threadId}	8b6b3c67d20fd8beb81ad2393b26fc5807087bdab39c54deb403b04a44cdedac	12	12	MANUAL_MAPPING_COMPLETE__MISSING_CAPABILITY	Thread surface renders summary metadata and hides body; no support-chat compose/escalation CTA is evidenced. Evidence: audit-artifacts/gap-closure-audit/patient-web-manual-evidence/PHI_CONTENT_NOTIFICATIONS_CHAT_MENTAL_HEALTH_MANUAL_REVIEW_2026-08-26.md	NOT_REVIEWED__SOURCE_ONLY	MISSING_CAPABILITY	MISSING_CAPABILITY	INSUFFICIENT_EVIDENCE	NONE	AGENT_1_PATIENT_MOBILE_WEB
PM-239	support/ticket	app/support/ticket.tsx	44,50,69	NONE	NONE	NONE	NONE	NONE	MANUAL_MAPPING_REQUIRED	No exact path match found; do not infer a web equivalent from a name/keyword.	NOT_REVIEWED	NOT_REVIEWED	NOT_REVIEWED	NOT_REVIEWED	NONE	AGENT_1_PATIENT_MOBILE_WEB
PM-240	voice/index	app/voice/index.tsx	83,101	NONE	NONE	NONE	NONE	NONE	MANUAL_MAPPING_REQUIRED	No exact path match found; do not infer a web equivalent from a name/keyword.	NOT_REVIEWED	NOT_REVIEWED	NOT_REVIEWED	NOT_REVIEWED	NONE	AGENT_1_PATIENT_MOBILE_WEB
PM-241	wallet/cards	app/wallet/cards.tsx	104,183,197,249,342,346,361	NONE__ROUTE_TREE_AND_SOURCE_SCAN	NONE	NONE	0	NONE	MANUAL_MAPPING_COMPLETE__MISSING_CAPABILITY	No localized Web wallet feature surface/CTA found. Evidence: audit-artifacts/gap-closure-audit/patient-web-manual-evidence/AI_EMERGENCY_WALLET_LOYALTY_RETURNS_MANUAL_REVIEW_2026-08-26.md	NOT_REVIEWED__SOURCE_ONLY	MISSING_CAPABILITY	MISSING_CAPABILITY	INSUFFICIENT_EVIDENCE__NO_WEB_SURFACE	NONE	AGENT_1_PATIENT_MOBILE_WEB
PM-242	wallet/hub	app/wallet/hub.tsx	114,176,181,209,226,285,316,367,373	NONE__ROUTE_TREE_AND_SOURCE_SCAN	NONE	NONE	0	NONE	MANUAL_MAPPING_COMPLETE__MISSING_CAPABILITY	No localized Web wallet feature surface/CTA found. Evidence: audit-artifacts/gap-closure-audit/patient-web-manual-evidence/AI_EMERGENCY_WALLET_LOYALTY_RETURNS_MANUAL_REVIEW_2026-08-26.md	NOT_REVIEWED__SOURCE_ONLY	MISSING_CAPABILITY	MISSING_CAPABILITY	INSUFFICIENT_EVIDENCE__NO_WEB_SURFACE	NONE	AGENT_1_PATIENT_MOBILE_WEB
PM-243	wallet/topup	app/wallet/topup.tsx	55,84,116,184	NONE__ROUTE_TREE_AND_SOURCE_SCAN	NONE	NONE	0	NONE	MANUAL_MAPPING_COMPLETE__MISSING_CAPABILITY	No localized Web wallet feature surface/CTA found. Evidence: audit-artifacts/gap-closure-audit/patient-web-manual-evidence/AI_EMERGENCY_WALLET_LOYALTY_RETURNS_MANUAL_REVIEW_2026-08-26.md	NOT_REVIEWED__SOURCE_ONLY	MISSING_CAPABILITY	MISSING_CAPABILITY	INSUFFICIENT_EVIDENCE__NO_WEB_SURFACE	NONE	AGENT_1_PATIENT_MOBILE_WEB
PM-244	wallet/transactions	app/wallet/transactions.tsx	83,98	NONE__ROUTE_TREE_AND_SOURCE_SCAN	NONE	NONE	0	NONE	MANUAL_MAPPING_COMPLETE__MISSING_CAPABILITY	No localized Web wallet feature surface/CTA found. Evidence: audit-artifacts/gap-closure-audit/patient-web-manual-evidence/AI_EMERGENCY_WALLET_LOYALTY_RETURNS_MANUAL_REVIEW_2026-08-26.md	NOT_REVIEWED__SOURCE_ONLY	MISSING_CAPABILITY	MISSING_CAPABILITY	INSUFFICIENT_EVIDENCE__NO_WEB_SURFACE	NONE	AGENT_1_PATIENT_MOBILE_WEB
PM-245	wallet/transfer	app/wallet/transfer.tsx	39,51,102,131,150	NONE__ROUTE_TREE_AND_SOURCE_SCAN	NONE	NONE	0	NONE	MANUAL_MAPPING_COMPLETE__MISSING_CAPABILITY	No localized Web wallet feature surface/CTA found. Evidence: audit-artifacts/gap-closure-audit/patient-web-manual-evidence/AI_EMERGENCY_WALLET_LOYALTY_RETURNS_MANUAL_REVIEW_2026-08-26.md	NOT_REVIEWED__SOURCE_ONLY	MISSING_CAPABILITY	MISSING_CAPABILITY	INSUFFICIENT_EVIDENCE__NO_WEB_SURFACE	NONE	AGENT_1_PATIENT_MOBILE_WEB
PM-246	wearables/hub	app/wearables/hub.tsx	169,240	NONE	NONE	NONE	NONE	NONE	MANUAL_MAPPING_REQUIRED	No exact path match found; do not infer a web equivalent from a name/keyword.	NOT_REVIEWED	NOT_REVIEWED	NOT_REVIEWED	NOT_REVIEWED	NONE	AGENT_1_PATIENT_MOBILE_WEB
