archive_path	member_path	sha256	phase0a_sha256	sha256_match	line_count	kind	role	domain	fully_read	evidence_file	evidence_section	line_ranges_read	routes_events	dto_schema_collection	consumers	auth_ownership	state_transitions	price_payment_insurance_source	tests	notes
nabdah-backend.zip	NABDAH_PROJECT_REFERENCE.md	cfeda7126d562bbf26a35af5913e2507421939522445fd33d17b544a3665ada0	cfeda7126d562bbf26a35af5913e2507421939522445fd33d17b544a3665ada0	YES	1800	OWNED_SOURCE_MEMBER	source/config	backend	NO	UNASSIGNED	UNASSIGNED	UNASSIGNED	UNASSIGNED	UNASSIGNED	UNASSIGNED	UNASSIGNED	UNASSIGNED	UNASSIGNED	UNASSIGNED	Semantic read pending; inventory/provenance only
nabdah-backend.zip	docker-compose.yml	aeac102661fe260ac55ce498ca38cf6269fea4857261265e74acab07cf7fc688	aeac102661fe260ac55ce498ca38cf6269fea4857261265e74acab07cf7fc688	YES	21	OWNED_SOURCE_MEMBER	ci/deployment	backend	NO	UNASSIGNED	UNASSIGNED	UNASSIGNED	UNASSIGNED	UNASSIGNED	UNASSIGNED	UNASSIGNED	UNASSIGNED	UNASSIGNED	UNASSIGNED	Semantic read pending; inventory/provenance only
nabdah-backend.zip	tsconfig.json	6a12aea24799485751e9ae2c5296affe5fb570d568e995ec19adb35b7f239063	6a12aea24799485751e9ae2c5296affe5fb570d568e995ec19adb35b7f239063	YES	28	OWNED_SOURCE_MEMBER	config	backend	NO	UNASSIGNED	UNASSIGNED	UNASSIGNED	UNASSIGNED	UNASSIGNED	UNASSIGNED	UNASSIGNED	UNASSIGNED	UNASSIGNED	UNASSIGNED	Semantic read pending; inventory/provenance only
nabdah-backend.zip	docker-compose.prod.yml	9fd905e336b2622dbd47938000070fda64f8ec86b0be2eda96dec1a0ead5a701	9fd905e336b2622dbd47938000070fda64f8ec86b0be2eda96dec1a0ead5a701	YES	48	OWNED_SOURCE_MEMBER	ci/deployment	backend	NO	UNASSIGNED	UNASSIGNED	UNASSIGNED	UNASSIGNED	UNASSIGNED	UNASSIGNED	UNASSIGNED	UNASSIGNED	UNASSIGNED	UNASSIGNED	Semantic read pending; inventory/provenance only
nabdah-backend.zip	package.json	ad6f3a4cec2645d40aaea002cde50644c32af776b24d64e01165e3fea6528d47	ad6f3a4cec2645d40aaea002cde50644c32af776b24d64e01165e3fea6528d47	YES	108	OWNED_SOURCE_MEMBER	config	backend	NO	UNASSIGNED	UNASSIGNED	UNASSIGNED	UNASSIGNED	UNASSIGNED	UNASSIGNED	UNASSIGNED	UNASSIGNED	UNASSIGNED	UNASSIGNED	Semantic read pending; inventory/provenance only
nabdah-backend.zip	nabd_patient_web.zip	8593cf8e828645118f14533cdde33386e56687999f84173d4d18cff4b0b1191f	8593cf8e828645118f14533cdde33386e56687999f84173d4d18cff4b0b1191f	YES		EXCLUSION_BINARY	binary asset/package	backend	NO	UNASSIGNED	UNASSIGNED	UNASSIGNED	UNASSIGNED	UNASSIGNED	UNASSIGNED	UNASSIGNED	UNASSIGNED	UNASSIGNED	UNASSIGNED	Semantic read pending; inventory/provenance only
nabdah-backend.zip	ocr_worker.py	cd7ae395f9ad7f06ec4b226aa043e3e99c47f0dc17854a604ddd6b9ce403785f	cd7ae395f9ad7f06ec4b226aa043e3e99c47f0dc17854a604ddd6b9ce403785f	YES	63	EXCLUSION_OTHER	non-source archive member	backend	NO	UNASSIGNED	UNASSIGNED	UNASSIGNED	UNASSIGNED	UNASSIGNED	UNASSIGNED	UNASSIGNED	UNASSIGNED	UNASSIGNED	UNASSIGNED	Semantic read pending; inventory/provenance only
nabdah-backend.zip	NabdProvider-provider.zip	73c363440c8f4d68ad1ba3f7e9e78cfdab87167a16be20c66deea46d64214a4c	73c363440c8f4d68ad1ba3f7e9e78cfdab87167a16be20c66deea46d64214a4c	YES		EXCLUSION_BINARY	binary asset/package	backend	NO	UNASSIGNED	UNASSIGNED	UNASSIGNED	UNASSIGNED	UNASSIGNED	UNASSIGNED	UNASSIGNED	UNASSIGNED	UNASSIGNED	UNASSIGNED	Semantic read pending; inventory/provenance only
nabdah-backend.zip	Dockerfile.production	f33be31cd4a451c49c451fb789936175a1535b33afb96db77f279022e82bc928	f33be31cd4a451c49c451fb789936175a1535b33afb96db77f279022e82bc928	YES	36	EXCLUSION_OTHER	non-source archive member	backend	NO	UNASSIGNED	UNASSIGNED	UNASSIGNED	UNASSIGNED	UNASSIGNED	UNASSIGNED	UNASSIGNED	UNASSIGNED	UNASSIGNED	UNASSIGNED	Semantic read pending; inventory/provenance only
nabdah-backend.zip	web_admin_dashboard.zip	6f501ebd543a7c97dc2c2b3125fa563fd7e6e68fd087dc9d20bc4d5234c2a671	6f501ebd543a7c97dc2c2b3125fa563fd7e6e68fd087dc9d20bc4d5234c2a671	YES		EXCLUSION_BINARY	binary asset/package	backend	NO	UNASSIGNED	UNASSIGNED	UNASSIGNED	UNASSIGNED	UNASSIGNED	UNASSIGNED	UNASSIGNED	UNASSIGNED	UNASSIGNED	UNASSIGNED	Semantic read pending; inventory/provenance only
nabdah-backend.zip	ENVIRONMENT.md	2e1c50eea22a43db07f89bd72bf69516e030c3d7a1fac7001c9a9903c6f004fe	2e1c50eea22a43db07f89bd72bf69516e030c3d7a1fac7001c9a9903c6f004fe	YES	170	OWNED_SOURCE_MEMBER	source/config	backend	NO	UNASSIGNED	UNASSIGNED	UNASSIGNED	UNASSIGNED	UNASSIGNED	UNASSIGNED	UNASSIGNED	UNASSIGNED	UNASSIGNED	UNASSIGNED	Semantic read pending; inventory/provenance only
nabdah-backend.zip	package-lock.json	ec84d9244a058ea1e22ac88e338435dbfc494d8d63c9f94ba7859da328162aaf	ec84d9244a058ea1e22ac88e338435dbfc494d8d63c9f94ba7859da328162aaf	YES	18299	OWNED_SOURCE_MEMBER	source/config	backend	NO	UNASSIGNED	UNASSIGNED	UNASSIGNED	UNASSIGNED	UNASSIGNED	UNASSIGNED	UNASSIGNED	UNASSIGNED	UNASSIGNED	UNASSIGNED	Semantic read pending; inventory/provenance only
nabdah-backend.zip	nest-cli.json	b02d1c4b4480c9e4e53c028567841eafa5a712c37b69112753260c9781337c6a	b02d1c4b4480c9e4e53c028567841eafa5a712c37b69112753260c9781337c6a	YES	10	OWNED_SOURCE_MEMBER	source/config	backend	NO	UNASSIGNED	UNASSIGNED	UNASSIGNED	UNASSIGNED	UNASSIGNED	UNASSIGNED	UNASSIGNED	UNASSIGNED	UNASSIGNED	UNASSIGNED	Semantic read pending; inventory/provenance only
nabdah-backend.zip	nabd_plus_patient_app.zip	fa37dec94dd2e1525a3fa35e0e6ef68973a0356aa42ca2afca520dee1e5dcfba	fa37dec94dd2e1525a3fa35e0e6ef68973a0356aa42ca2afca520dee1e5dcfba	YES		EXCLUSION_BINARY	binary asset/package	backend	NO	UNASSIGNED	UNASSIGNED	UNASSIGNED	UNASSIGNED	UNASSIGNED	UNASSIGNED	UNASSIGNED	UNASSIGNED	UNASSIGNED	UNASSIGNED	Semantic read pending; inventory/provenance only
nabdah-backend.zip	nabdah-backend.zip	748d8d80365877460906a992c1834408fcfd117a7be02f7a4ab77307aae62bbc	748d8d80365877460906a992c1834408fcfd117a7be02f7a4ab77307aae62bbc	YES		EXCLUSION_BINARY	binary asset/package	backend	NO	UNASSIGNED	UNASSIGNED	UNASSIGNED	UNASSIGNED	UNASSIGNED	UNASSIGNED	UNASSIGNED	UNASSIGNED	UNASSIGNED	UNASSIGNED	Semantic read pending; inventory/provenance only
nabdah-backend.zip	jest.boot.config.js	7ca760cc5fc812ce9cd96376f8b84cf9decca5e13cff494dfd97e48acca11c1b	7ca760cc5fc812ce9cd96376f8b84cf9decca5e13cff494dfd97e48acca11c1b	YES	8	OWNED_SOURCE_MEMBER	config	backend	NO	UNASSIGNED	UNASSIGNED	UNASSIGNED	UNASSIGNED	UNASSIGNED	UNASSIGNED	UNASSIGNED	UNASSIGNED	UNASSIGNED	UNASSIGNED	Semantic read pending; inventory/provenance only
nabdah-backend.zip	Dockerfile	1a582935e1df82393f95333b1b215596edecbf72feef175acc2a15caf50f661c	1a582935e1df82393f95333b1b215596edecbf72feef175acc2a15caf50f661c	YES	14	EXCLUSION_OTHER	non-source archive member	backend	NO	UNASSIGNED	UNASSIGNED	UNASSIGNED	UNASSIGNED	UNASSIGNED	UNASSIGNED	UNASSIGNED	UNASSIGNED	UNASSIGNED	UNASSIGNED	Semantic read pending; inventory/provenance only
nabdah-backend.zip	tsconfig.build.json	2364ad8000c31ea809d6b5d4d5fa3349fff28883ed983406bee8d2cd4c831473	2364ad8000c31ea809d6b5d4d5fa3349fff28883ed983406bee8d2cd4c831473	YES	4	OWNED_SOURCE_MEMBER	config	backend	NO	UNASSIGNED	UNASSIGNED	UNASSIGNED	UNASSIGNED	UNASSIGNED	UNASSIGNED	UNASSIGNED	UNASSIGNED	UNASSIGNED	UNASSIGNED	Semantic read pending; inventory/provenance only
nabdah-backend.zip	todo.md	4872dc609678db5e2083f9f1088be8fec09a78585cde90f1f942e0b50a60c72d	4872dc609678db5e2083f9f1088be8fec09a78585cde90f1f942e0b50a60c72d	YES	1104	OWNED_SOURCE_MEMBER	source/config	backend	NO	UNASSIGNED	UNASSIGNED	UNASSIGNED	UNASSIGNED	UNASSIGNED	UNASSIGNED	UNASSIGNED	UNASSIGNED	UNASSIGNED	UNASSIGNED	Semantic read pending; inventory/provenance only
nabdah-backend.zip	scripts/seed-insurance-companies.ts	28fed858758403f12595359d3bb077d69da365711488ce29d6fcacc604e12616	28fed858758403f12595359d3bb077d69da365711488ce29d6fcacc604e12616	YES	14	OWNED_SOURCE_MEMBER	source/config	backend	NO	UNASSIGNED	UNASSIGNED	UNASSIGNED	UNASSIGNED	UNASSIGNED	UNASSIGNED	UNASSIGNED	UNASSIGNED	UNASSIGNED	UNASSIGNED	Semantic read pending; inventory/provenance only
nabdah-backend.zip	scripts/deploy.sh	bead71766aaf315d0b74236509cf6e3e598b0cf0a625f947ab61df100ff3a6f5	bead71766aaf315d0b74236509cf6e3e598b0cf0a625f947ab61df100ff3a6f5	YES	36	OWNED_SOURCE_MEMBER	ci/deployment	backend	NO	UNASSIGNED	UNASSIGNED	UNASSIGNED	UNASSIGNED	UNASSIGNED	UNASSIGNED	UNASSIGNED	UNASSIGNED	UNASSIGNED	UNASSIGNED	Semantic read pending; inventory/provenance only
nabdah-backend.zip	scripts/seed-loyalty.ts	9aa6145dad44ba8f3bbd82b3fa8da23cc36e48ebf5dec49e198080ea5dfe689c	9aa6145dad44ba8f3bbd82b3fa8da23cc36e48ebf5dec49e198080ea5dfe689c	YES	138	OWNED_SOURCE_MEMBER	source/config	backend	NO	UNASSIGNED	UNASSIGNED	UNASSIGNED	UNASSIGNED	UNASSIGNED	UNASSIGNED	UNASSIGNED	UNASSIGNED	UNASSIGNED	UNASSIGNED	Semantic read pending; inventory/provenance only
nabdah-backend.zip	scripts/test-flow.js	8e9d1fc86720d95550e7df50db0ee2da363554ed92cfbbdf925664c8345bccc4	8e9d1fc86720d95550e7df50db0ee2da363554ed92cfbbdf925664c8345bccc4	YES	71	OWNED_SOURCE_MEMBER	source/config	backend	NO	UNASSIGNED	UNASSIGNED	UNASSIGNED	UNASSIGNED	UNASSIGNED	UNASSIGNED	UNASSIGNED	UNASSIGNED	UNASSIGNED	UNASSIGNED	Semantic read pending; inventory/provenance only
nabdah-backend.zip	scripts/test-extensions.ts	1f1782bcefadfb5fd73c4b774165375b5f0283f80d77cb80af7012ddefa8c0f8	1f1782bcefadfb5fd73c4b774165375b5f0283f80d77cb80af7012ddefa8c0f8	YES	309	OWNED_SOURCE_MEMBER	source/config	backend	NO	UNASSIGNED	UNASSIGNED	UNASSIGNED	UNASSIGNED	UNASSIGNED	UNASSIGNED	UNASSIGNED	UNASSIGNED	UNASSIGNED	UNASSIGNED	Semantic read pending; inventory/provenance only
nabdah-backend.zip	scripts/publish-insurance-logo-assets.ts	ec7661c74cb1f1af49580218b5714f50cefd073d3ac14c096f2df34916f705a7	ec7661c74cb1f1af49580218b5714f50cefd073d3ac14c096f2df34916f705a7	YES	51	OWNED_SOURCE_MEMBER	source/config	backend	NO	UNASSIGNED	UNASSIGNED	UNASSIGNED	UNASSIGNED	UNASSIGNED	UNASSIGNED	UNASSIGNED	UNASSIGNED	UNASSIGNED	UNASSIGNED	Semantic read pending; inventory/provenance only
nabdah-backend.zip	scripts/reconcile-insurance-catalog.ts	9b085dd99c23785459ba9185faab9bbb56364633164512ded598bcf6f31179de	9b085dd99c23785459ba9185faab9bbb56364633164512ded598bcf6f31179de	YES	87	OWNED_SOURCE_MEMBER	source/config	backend	NO	UNASSIGNED	UNASSIGNED	UNASSIGNED	UNASSIGNED	UNASSIGNED	UNASSIGNED	UNASSIGNED	UNASSIGNED	UNASSIGNED	UNASSIGNED	Semantic read pending; inventory/provenance only
nabdah-backend.zip	scripts/db-backup-restore.sh	a9b326c613bcc026ad77f748817cb782232626731e64c86ce542f394b30eadcf	a9b326c613bcc026ad77f748817cb782232626731e64c86ce542f394b30eadcf	YES	59	OWNED_SOURCE_MEMBER	source/config	backend	NO	UNASSIGNED	UNASSIGNED	UNASSIGNED	UNASSIGNED	UNASSIGNED	UNASSIGNED	UNASSIGNED	UNASSIGNED	UNASSIGNED	UNASSIGNED	Semantic read pending; inventory/provenance only
nabdah-backend.zip	scripts/seed_test_providers.js	9b5d634cdf1e95bf4faad4a6af238a1cdafcfef63762f1d7f6b1174b3d039208	9b5d634cdf1e95bf4faad4a6af238a1cdafcfef63762f1d7f6b1174b3d039208	YES	47	OWNED_SOURCE_MEMBER	source/config	backend	NO	UNASSIGNED	UNASSIGNED	UNASSIGNED	UNASSIGNED	UNASSIGNED	UNASSIGNED	UNASSIGNED	UNASSIGNED	UNASSIGNED	UNASSIGNED	Semantic read pending; inventory/provenance only
nabdah-backend.zip	scripts/backfill-catalog-governance.ts	d0b31f1a581f69dce5f16ad992fe50b31343757792c1fa0d4521030a510366b2	d0b31f1a581f69dce5f16ad992fe50b31343757792c1fa0d4521030a510366b2	YES	153	OWNED_SOURCE_MEMBER	source/config	backend	NO	UNASSIGNED	UNASSIGNED	UNASSIGNED	UNASSIGNED	UNASSIGNED	UNASSIGNED	UNASSIGNED	UNASSIGNED	UNASSIGNED	UNASSIGNED	Semantic read pending; inventory/provenance only
nabdah-backend.zip	scripts/seed-articles.ts	2d9849bb9dc9491510c8657bbb9f1b2d7fd643a0a5c14d3b654e3c1237f90889	2d9849bb9dc9491510c8657bbb9f1b2d7fd643a0a5c14d3b654e3c1237f90889	YES	61	OWNED_SOURCE_MEMBER	source/config	backend	NO	UNASSIGNED	UNASSIGNED	UNASSIGNED	UNASSIGNED	UNASSIGNED	UNASSIGNED	UNASSIGNED	UNASSIGNED	UNASSIGNED	UNASSIGNED	Semantic read pending; inventory/provenance only
nabdah-backend.zip	scripts/seed-medicines.js	c8966576730a23681749965c7e57d3dbd4fe2e7c5af6611a94d2b409c9a78f8f	c8966576730a23681749965c7e57d3dbd4fe2e7c5af6611a94d2b409c9a78f8f	YES	99	OWNED_SOURCE_MEMBER	source/config	backend	NO	UNASSIGNED	UNASSIGNED	UNASSIGNED	UNASSIGNED	UNASSIGNED	UNASSIGNED	UNASSIGNED	UNASSIGNED	UNASSIGNED	UNASSIGNED	Semantic read pending; inventory/provenance only
nabdah-backend.zip	scripts/seed_test_providers.ts.bak	135f7fe3cec7ff0bc8be0a9de9d428085716247f015edbd205328caa8e9a59be	135f7fe3cec7ff0bc8be0a9de9d428085716247f015edbd205328caa8e9a59be	YES	100	OWNED_SOURCE_MEMBER	source/config	backend	NO	UNASSIGNED	UNASSIGNED	UNASSIGNED	UNASSIGNED	UNASSIGNED	UNASSIGNED	UNASSIGNED	UNASSIGNED	UNASSIGNED	UNASSIGNED	Semantic read pending; inventory/provenance only
nabdah-backend.zip	infra/livekit.yaml	051920c801831657d37ca3c69d09275a020a2e2fb12e8fd582f6e855dcd40117	051920c801831657d37ca3c69d09275a020a2e2fb12e8fd582f6e855dcd40117	YES	31	OWNED_SOURCE_MEMBER	gateway	backend	NO	UNASSIGNED	UNASSIGNED	UNASSIGNED	UNASSIGNED	UNASSIGNED	UNASSIGNED	UNASSIGNED	UNASSIGNED	UNASSIGNED	UNASSIGNED	Semantic read pending; inventory/provenance only
nabdah-backend.zip	infra/turnserver.conf	45cce6f619db7527a4d051e025a8a28fb95257eb9e74df2e208ca2950ebf10ce	45cce6f619db7527a4d051e025a8a28fb95257eb9e74df2e208ca2950ebf10ce	YES	28	OWNED_SOURCE_MEMBER	ci/deployment	backend	NO	UNASSIGNED	UNASSIGNED	UNASSIGNED	UNASSIGNED	UNASSIGNED	UNASSIGNED	UNASSIGNED	UNASSIGNED	UNASSIGNED	UNASSIGNED	Semantic read pending; inventory/provenance only
nabdah-backend.zip	infra/docker-compose.infra.yml	bc77c2bab62d79f7a08bf490a979e48fdaad8b917d74480235a895f354c1a4a3	bc77c2bab62d79f7a08bf490a979e48fdaad8b917d74480235a895f354c1a4a3	YES	42	OWNED_SOURCE_MEMBER	ci/deployment	backend	NO	UNASSIGNED	UNASSIGNED	UNASSIGNED	UNASSIGNED	UNASSIGNED	UNASSIGNED	UNASSIGNED	UNASSIGNED	UNASSIGNED	UNASSIGNED	Semantic read pending; inventory/provenance only
nabdah-backend.zip	infra/fastapi/server.py	3377c5faa89ff19ad1842b2ab4c186721cdf3144e0b42c3536707109dce785be	3377c5faa89ff19ad1842b2ab4c186721cdf3144e0b42c3536707109dce785be	YES	1430	OWNED_SOURCE_MEMBER	ci/deployment	backend	NO	UNASSIGNED	UNASSIGNED	UNASSIGNED	UNASSIGNED	UNASSIGNED	UNASSIGNED	UNASSIGNED	UNASSIGNED	UNASSIGNED	UNASSIGNED	Semantic read pending; inventory/provenance only
nabdah-backend.zip	infra/fastapi/seed_dev.py	1a15f7adcb128dca769866cc9ac7a7d2f9f44ae665113fe0a459828769cc12bf	1a15f7adcb128dca769866cc9ac7a7d2f9f44ae665113fe0a459828769cc12bf	YES	533	OWNED_SOURCE_MEMBER	ci/deployment	backend	NO	UNASSIGNED	UNASSIGNED	UNASSIGNED	UNASSIGNED	UNASSIGNED	UNASSIGNED	UNASSIGNED	UNASSIGNED	UNASSIGNED	UNASSIGNED	Semantic read pending; inventory/provenance only
nabdah-backend.zip	infra/fastapi/ai_service.py	3c662fc71504860eef47679fcfdd3d30f8450a930aada587b95e0ef54e8d6e2c	3c662fc71504860eef47679fcfdd3d30f8450a930aada587b95e0ef54e8d6e2c	YES	306	OWNED_SOURCE_MEMBER	service	backend	NO	UNASSIGNED	UNASSIGNED	UNASSIGNED	UNASSIGNED	UNASSIGNED	UNASSIGNED	UNASSIGNED	UNASSIGNED	UNASSIGNED	UNASSIGNED	Semantic read pending; inventory/provenance only
nabdah-backend.zip	infra/fastapi/nestjs_proxy.py	1688ef316baaf068986061864efcb85adb9997e006c4bea344b53b26d791a039	1688ef316baaf068986061864efcb85adb9997e006c4bea344b53b26d791a039	YES	47	OWNED_SOURCE_MEMBER	ci/deployment	backend	NO	UNASSIGNED	UNASSIGNED	UNASSIGNED	UNASSIGNED	UNASSIGNED	UNASSIGNED	UNASSIGNED	UNASSIGNED	UNASSIGNED	UNASSIGNED	Semantic read pending; inventory/provenance only
nabdah-backend.zip	infra/fastapi/ai_routes.py	25e2f63019844e5a1dc5077366b8f67f344bfd7bc09e9c4cb535a1d2116a599e	25e2f63019844e5a1dc5077366b8f67f344bfd7bc09e9c4cb535a1d2116a599e	YES	184	OWNED_SOURCE_MEMBER	ci/deployment	backend	NO	UNASSIGNED	UNASSIGNED	UNASSIGNED	UNASSIGNED	UNASSIGNED	UNASSIGNED	UNASSIGNED	UNASSIGNED	UNASSIGNED	UNASSIGNED	Semantic read pending; inventory/provenance only
nabdah-backend.zip	infra/fastapi/setup_server.sh	28af2868b1c9f57fe5d4d8ecf811de73dec9e52b5bbf17049ef4c4fdf6dd58be	28af2868b1c9f57fe5d4d8ecf811de73dec9e52b5bbf17049ef4c4fdf6dd58be	YES	78	OWNED_SOURCE_MEMBER	ci/deployment	backend	NO	UNASSIGNED	UNASSIGNED	UNASSIGNED	UNASSIGNED	UNASSIGNED	UNASSIGNED	UNASSIGNED	UNASSIGNED	UNASSIGNED	UNASSIGNED	Semantic read pending; inventory/provenance only
nabdah-backend.zip	infra/fastapi/requirements.txt	26429eb7b1af90d38f7b6764849b1fdbb38928fcd358c918ad0831510d71e571	26429eb7b1af90d38f7b6764849b1fdbb38928fcd358c918ad0831510d71e571	YES	28	OWNED_SOURCE_MEMBER	ci/deployment	backend	NO	UNASSIGNED	UNASSIGNED	UNASSIGNED	UNASSIGNED	UNASSIGNED	UNASSIGNED	UNASSIGNED	UNASSIGNED	UNASSIGNED	UNASSIGNED	Semantic read pending; inventory/provenance only
nabdah-backend.zip	infra/fastapi/import_etl_products.py	f865f4736afda40b0e63394c4e1b4032bca33edc3a21d02db3191dfab8bfd5fa	f865f4736afda40b0e63394c4e1b4032bca33edc3a21d02db3191dfab8bfd5fa	YES	201	OWNED_SOURCE_MEMBER	ci/deployment	backend	NO	UNASSIGNED	UNASSIGNED	UNASSIGNED	UNASSIGNED	UNASSIGNED	UNASSIGNED	UNASSIGNED	UNASSIGNED	UNASSIGNED	UNASSIGNED	Semantic read pending; inventory/provenance only
nabdah-backend.zip	infra/fastapi/tests/conftest.py	0a201610416730218949b34628d79cac31fce334ee21540278efeb6854ddc04f	0a201610416730218949b34628d79cac31fce334ee21540278efeb6854ddc04f	YES	79	OWNED_SOURCE_MEMBER	test	backend	NO	UNASSIGNED	UNASSIGNED	UNASSIGNED	UNASSIGNED	UNASSIGNED	UNASSIGNED	UNASSIGNED	UNASSIGNED	UNASSIGNED	UNASSIGNED	Semantic read pending; inventory/provenance only
nabdah-backend.zip	infra/fastapi/tests/test_nabd_backend.py	ff9a32ed66744735541b04a66d4b7c94a54b6d3a3dda227deaea7423aad14ce8	ff9a32ed66744735541b04a66d4b7c94a54b6d3a3dda227deaea7423aad14ce8	YES	414	OWNED_SOURCE_MEMBER	test	backend	NO	UNASSIGNED	UNASSIGNED	UNASSIGNED	UNASSIGNED	UNASSIGNED	UNASSIGNED	UNASSIGNED	UNASSIGNED	UNASSIGNED	UNASSIGNED	Semantic read pending; inventory/provenance only
nabdah-backend.zip	test/app.boot.e2e-spec.ts	9fed1b4ab5696a326ea0ba83e825fcc09d4946ad6ce501bb2221bec1ded527fe	9fed1b4ab5696a326ea0ba83e825fcc09d4946ad6ce501bb2221bec1ded527fe	YES	35	OWNED_SOURCE_MEMBER	source/config	backend	NO	UNASSIGNED	UNASSIGNED	UNASSIGNED	UNASSIGNED	UNASSIGNED	UNASSIGNED	UNASSIGNED	UNASSIGNED	UNASSIGNED	UNASSIGNED	Semantic read pending; inventory/provenance only
nabdah-backend.zip	docs/PATIENT_WEB_PUBLIC_DISCOVERY_HANDOFF.md	4990e5fc6f2c37e3faa92a5ee3e244c1f3c088002ab94ba92073b3b29ffe6c91	4990e5fc6f2c37e3faa92a5ee3e244c1f3c088002ab94ba92073b3b29ffe6c91	YES	40	OWNED_SOURCE_MEMBER	source/config	backend	NO	UNASSIGNED	UNASSIGNED	UNASSIGNED	UNASSIGNED	UNASSIGNED	UNASSIGNED	UNASSIGNED	UNASSIGNED	UNASSIGNED	UNASSIGNED	Semantic read pending; inventory/provenance only
nabdah-backend.zip	assets/insurance-logos/chubb_arabia.webp	2ad752bf04986c3b8d69ad281a510a5bbd2538db5a01fbd6a4d448cb4159addf	2ad752bf04986c3b8d69ad281a510a5bbd2538db5a01fbd6a4d448cb4159addf	YES		EXCLUSION_BINARY	binary asset/package	backend	NO	UNASSIGNED	UNASSIGNED	UNASSIGNED	UNASSIGNED	UNASSIGNED	UNASSIGNED	UNASSIGNED	UNASSIGNED	UNASSIGNED	UNASSIGNED	Semantic read pending; inventory/provenance only
nabdah-backend.zip	assets/insurance-logos/walaa.webp	8e7ba98a7e2d6b6508ed0699ba3e9f069f204d3f44ec18de4dbe3fc41a4c6bc0	8e7ba98a7e2d6b6508ed0699ba3e9f069f204d3f44ec18de4dbe3fc41a4c6bc0	YES		EXCLUSION_BINARY	binary asset/package	backend	NO	UNASSIGNED	UNASSIGNED	UNASSIGNED	UNASSIGNED	UNASSIGNED	UNASSIGNED	UNASSIGNED	UNASSIGNED	UNASSIGNED	UNASSIGNED	Semantic read pending; inventory/provenance only
nabdah-backend.zip	assets/insurance-logos/al_sagr.webp	a70cba1c1ad3fc7e28955834c2387d0fce324b64172fd60377779e7cf9372ebc	a70cba1c1ad3fc7e28955834c2387d0fce324b64172fd60377779e7cf9372ebc	YES		EXCLUSION_BINARY	binary asset/package	backend	NO	UNASSIGNED	UNASSIGNED	UNASSIGNED	UNASSIGNED	UNASSIGNED	UNASSIGNED	UNASSIGNED	UNASSIGNED	UNASSIGNED	UNASSIGNED	Semantic read pending; inventory/provenance only
nabdah-backend.zip	assets/insurance-logos/acig.webp	041c9cd3bae243374e8b9d4a63d52d9aefbe5124d72b32c39529a68e58c90906	041c9cd3bae243374e8b9d4a63d52d9aefbe5124d72b32c39529a68e58c90906	YES		EXCLUSION_BINARY	binary asset/package	backend	NO	UNASSIGNED	UNASSIGNED	UNASSIGNED	UNASSIGNED	UNASSIGNED	UNASSIGNED	UNASSIGNED	UNASSIGNED	UNASSIGNED	UNASSIGNED	Semantic read pending; inventory/provenance only
nabdah-backend.zip	assets/insurance-logos/README.md	d60c10ae0bc8c70b3d6be46e5672c03a3f083eb47e7ea1022848d2cad791a922	d60c10ae0bc8c70b3d6be46e5672c03a3f083eb47e7ea1022848d2cad791a922	YES	27	OWNED_SOURCE_MEMBER	source/config	backend	NO	UNASSIGNED	UNASSIGNED	UNASSIGNED	UNASSIGNED	UNASSIGNED	UNASSIGNED	UNASSIGNED	UNASSIGNED	UNASSIGNED	UNASSIGNED	Semantic read pending; inventory/provenance only
nabdah-backend.zip	assets/insurance-logos/liva.webp	8d351cde8087f5b77afbb248a6927a0e3c5ee840c5646450f83c4190780e9dc0	8d351cde8087f5b77afbb248a6927a0e3c5ee840c5646450f83c4190780e9dc0	YES		EXCLUSION_BINARY	binary asset/package	backend	NO	UNASSIGNED	UNASSIGNED	UNASSIGNED	UNASSIGNED	UNASSIGNED	UNASSIGNED	UNASSIGNED	UNASSIGNED	UNASSIGNED	UNASSIGNED	Semantic read pending; inventory/provenance only
nabdah-backend.zip	assets/insurance-logos/tawuniya.webp	e82845c5ba20dfb55d3344511371712aec338fe826a255d2b23348b1220bb066	e82845c5ba20dfb55d3344511371712aec338fe826a255d2b23348b1220bb066	YES		EXCLUSION_BINARY	binary asset/package	backend	NO	UNASSIGNED	UNASSIGNED	UNASSIGNED	UNASSIGNED	UNASSIGNED	UNASSIGNED	UNASSIGNED	UNASSIGNED	UNASSIGNED	UNASSIGNED	Semantic read pending; inventory/provenance only
nabdah-backend.zip	assets/insurance-logos/al_rajhi_takaful.webp	739a6e2376584db4d4f5f644eee21ce4f61782b6aece1c2a8577c9c501e185c8	739a6e2376584db4d4f5f644eee21ce4f61782b6aece1c2a8577c9c501e185c8	YES		EXCLUSION_BINARY	binary asset/package	backend	NO	UNASSIGNED	UNASSIGNED	UNASSIGNED	UNASSIGNED	UNASSIGNED	UNASSIGNED	UNASSIGNED	UNASSIGNED	UNASSIGNED	UNASSIGNED	Semantic read pending; inventory/provenance only
nabdah-backend.zip	assets/insurance-logos/gulf_general.webp	5de7996e87d7085b9c21aa5c43b81a6c1bff1a3e2f2349f458584de89d977c1d	5de7996e87d7085b9c21aa5c43b81a6c1bff1a3e2f2349f458584de89d977c1d	YES		EXCLUSION_BINARY	binary asset/package	backend	NO	UNASSIGNED	UNASSIGNED	UNASSIGNED	UNASSIGNED	UNASSIGNED	UNASSIGNED	UNASSIGNED	UNASSIGNED	UNASSIGNED	UNASSIGNED	Semantic read pending; inventory/provenance only
nabdah-backend.zip	assets/insurance-logos/gig_gulf.webp	e627f1fa288f064174877b3a2e284dc332754a257faaa087f11d74e3edeee473	e627f1fa288f064174877b3a2e284dc332754a257faaa087f11d74e3edeee473	YES		EXCLUSION_BINARY	binary asset/package	backend	NO	UNASSIGNED	UNASSIGNED	UNASSIGNED	UNASSIGNED	UNASSIGNED	UNASSIGNED	UNASSIGNED	UNASSIGNED	UNASSIGNED	UNASSIGNED	Semantic read pending; inventory/provenance only
nabdah-backend.zip	assets/insurance-logos/aljazira_takaful.webp	393f8660a6580beb6ba33e2a9216b88f9e911fcfa76c8c7e8773c8b20b1ce41e	393f8660a6580beb6ba33e2a9216b88f9e911fcfa76c8c7e8773c8b20b1ce41e	YES		EXCLUSION_BINARY	binary asset/package	backend	NO	UNASSIGNED	UNASSIGNED	UNASSIGNED	UNASSIGNED	UNASSIGNED	UNASSIGNED	UNASSIGNED	UNASSIGNED	UNASSIGNED	UNASSIGNED	Semantic read pending; inventory/provenance only
nabdah-backend.zip	assets/insurance-logos/manifest.json	b4cbcfdab7b894db1b3e4a0a1696353802ee28a936520caff813eb22f3fb4761	b4cbcfdab7b894db1b3e4a0a1696353802ee28a936520caff813eb22f3fb4761	YES	402	OWNED_SOURCE_MEMBER	config	backend	NO	UNASSIGNED	UNASSIGNED	UNASSIGNED	UNASSIGNED	UNASSIGNED	UNASSIGNED	UNASSIGNED	UNASSIGNED	UNASSIGNED	UNASSIGNED	Semantic read pending; inventory/provenance only
nabdah-backend.zip	assets/insurance-logos/arabia_insurance.webp	572a447f2b56808459d1b212fd04ab63fa25daf5af548a5863a5528107947c21	572a447f2b56808459d1b212fd04ab63fa25daf5af548a5863a5528107947c21	YES		EXCLUSION_BINARY	binary asset/package	backend	NO	UNASSIGNED	UNASSIGNED	UNASSIGNED	UNASSIGNED	UNASSIGNED	UNASSIGNED	UNASSIGNED	UNASSIGNED	UNASSIGNED	UNASSIGNED	Semantic read pending; inventory/provenance only
nabdah-backend.zip	assets/insurance-logos/saico.webp	d12a895eb77e16aa167efd078aa91424f2652a67036a4c475b338e03b321ac0e	d12a895eb77e16aa167efd078aa91424f2652a67036a4c475b338e03b321ac0e	YES		EXCLUSION_BINARY	binary asset/package	backend	NO	UNASSIGNED	UNASSIGNED	UNASSIGNED	UNASSIGNED	UNASSIGNED	UNASSIGNED	UNASSIGNED	UNASSIGNED	UNASSIGNED	UNASSIGNED	Semantic read pending; inventory/provenance only
nabdah-backend.zip	assets/insurance-logos/amana.webp	2639d2482e0878561c891f59c0c664ef89374646e89f822c33f8a4a7847999dc	2639d2482e0878561c891f59c0c664ef89374646e89f822c33f8a4a7847999dc	YES		EXCLUSION_BINARY	binary asset/package	backend	NO	UNASSIGNED	UNASSIGNED	UNASSIGNED	UNASSIGNED	UNASSIGNED	UNASSIGNED	UNASSIGNED	UNASSIGNED	UNASSIGNED	UNASSIGNED	Semantic read pending; inventory/provenance only
nabdah-backend.zip	assets/insurance-logos/medgulf.webp	1baf5005b682acd78a164f2162928a6709fae69f9c7e90de7ebd8d9d40b47566	1baf5005b682acd78a164f2162928a6709fae69f9c7e90de7ebd8d9d40b47566	YES		EXCLUSION_BINARY	binary asset/package	backend	NO	UNASSIGNED	UNASSIGNED	UNASSIGNED	UNASSIGNED	UNASSIGNED	UNASSIGNED	UNASSIGNED	UNASSIGNED	UNASSIGNED	UNASSIGNED	Semantic read pending; inventory/provenance only
nabdah-backend.zip	assets/insurance-logos/saudi_enaya.webp	b5816eb3be4ee5d9cc617ae043e74815945cebe745c6c6b922d12332ce32210c	b5816eb3be4ee5d9cc617ae043e74815945cebe745c6c6b922d12332ce32210c	YES		EXCLUSION_BINARY	binary asset/package	backend	NO	UNASSIGNED	UNASSIGNED	UNASSIGNED	UNASSIGNED	UNASSIGNED	UNASSIGNED	UNASSIGNED	UNASSIGNED	UNASSIGNED	UNASSIGNED	Semantic read pending; inventory/provenance only
nabdah-backend.zip	assets/insurance-logos/arabian_shield.webp	e280d158efb252b6f842f99c8658936bda4705d4921fbd1e256f801e0d374129	e280d158efb252b6f842f99c8658936bda4705d4921fbd1e256f801e0d374129	YES		EXCLUSION_BINARY	binary asset/package	backend	NO	UNASSIGNED	UNASSIGNED	UNASSIGNED	UNASSIGNED	UNASSIGNED	UNASSIGNED	UNASSIGNED	UNASSIGNED	UNASSIGNED	UNASSIGNED	Semantic read pending; inventory/provenance only
nabdah-backend.zip	assets/insurance-logos/salama.webp	da589d2911a1516fd208b3b2ad829e3d796be7d98670f736af202b0c35e2e257	da589d2911a1516fd208b3b2ad829e3d796be7d98670f736af202b0c35e2e257	YES		EXCLUSION_BINARY	binary asset/package	backend	NO	UNASSIGNED	UNASSIGNED	UNASSIGNED	UNASSIGNED	UNASSIGNED	UNASSIGNED	UNASSIGNED	UNASSIGNED	UNASSIGNED	UNASSIGNED	Semantic read pending; inventory/provenance only
nabdah-backend.zip	assets/insurance-logos/bupa.webp	43d4eedb6167d3754d1ec28dede3ea7e3e3f63e97efedc312eddb433b9e976c5	43d4eedb6167d3754d1ec28dede3ea7e3e3f63e97efedc312eddb433b9e976c5	YES		EXCLUSION_BINARY	binary asset/package	backend	NO	UNASSIGNED	UNASSIGNED	UNASSIGNED	UNASSIGNED	UNASSIGNED	UNASSIGNED	UNASSIGNED	UNASSIGNED	UNASSIGNED	UNASSIGNED	Semantic read pending; inventory/provenance only
nabdah-backend.zip	assets/insurance-logos/cigna.webp	889bec3f443c7ac217766799c12ab9164de9daac242f3e5d0d14439b0390d565	889bec3f443c7ac217766799c12ab9164de9daac242f3e5d0d14439b0390d565	YES		EXCLUSION_BINARY	binary asset/package	backend	NO	UNASSIGNED	UNASSIGNED	UNASSIGNED	UNASSIGNED	UNASSIGNED	UNASSIGNED	UNASSIGNED	UNASSIGNED	UNASSIGNED	UNASSIGNED	Semantic read pending; inventory/provenance only
nabdah-backend.zip	audit-artifacts/NABDAH_PHASE4_ADMIN_INSURANCE_REFUND_GAPS_20260819.md	f7f316e935de490ad381486f69530d1f00756ab18d611bd70134e69922d2fad5	f7f316e935de490ad381486f69530d1f00756ab18d611bd70134e69922d2fad5	YES	20	OWNED_SOURCE_MEMBER	source/config	backend	NO	UNASSIGNED	UNASSIGNED	UNASSIGNED	UNASSIGNED	UNASSIGNED	UNASSIGNED	UNASSIGNED	UNASSIGNED	UNASSIGNED	UNASSIGNED	Semantic read pending; inventory/provenance only
nabdah-backend.zip	audit-artifacts/PATIENT2_BOLA_CANCEL_BEFORE_AFTER_20260818.json	9fee77f77ca324cb23df6dcd3931c92d722bae43806ba298ebd8c3ff076f29e8	9fee77f77ca324cb23df6dcd3931c92d722bae43806ba298ebd8c3ff076f29e8	YES	1	OWNED_SOURCE_MEMBER	source/config	backend	NO	UNASSIGNED	UNASSIGNED	UNASSIGNED	UNASSIGNED	UNASSIGNED	UNASSIGNED	UNASSIGNED	UNASSIGNED	UNASSIGNED	UNASSIGNED	Semantic read pending; inventory/provenance only
nabdah-backend.zip	audit-artifacts/PATIENT_WEB_CONTRACT_PACK_V1.md	b773566e91fd9c2ce048639c17f8f3a4f2e4bd829c7d519fd5131e05a1df65eb	b773566e91fd9c2ce048639c17f8f3a4f2e4bd829c7d519fd5131e05a1df65eb	YES	153	OWNED_SOURCE_MEMBER	source/config	backend	NO	UNASSIGNED	UNASSIGNED	UNASSIGNED	UNASSIGNED	UNASSIGNED	UNASSIGNED	UNASSIGNED	UNASSIGNED	UNASSIGNED	UNASSIGNED	Semantic read pending; inventory/provenance only
nabdah-backend.zip	audit-artifacts/NABDAH_PHASE2_PATIENT_OPEN_CONTRACT_CLASSIFICATION_FINAL_20260818.tsv	3daa2cbfce96a5dbaa5c65edb5a226e2117c01a2dabe2e25820d43c0b72c3052	3daa2cbfce96a5dbaa5c65edb5a226e2117c01a2dabe2e25820d43c0b72c3052	YES	33	OWNED_SOURCE_MEMBER	source/config	backend	NO	UNASSIGNED	UNASSIGNED	UNASSIGNED	UNASSIGNED	UNASSIGNED	UNASSIGNED	UNASSIGNED	UNASSIGNED	UNASSIGNED	UNASSIGNED	Semantic read pending; inventory/provenance only
nabdah-backend.zip	audit-artifacts/NABDAH_PHASE4_ADMIN_COMMAND_CENTER_GAPS_20260819.md	ac899a73515e179ec955648780ee45d93a7fa8b89272010b50b62066c9ecd08a	ac899a73515e179ec955648780ee45d93a7fa8b89272010b50b62066c9ecd08a	YES	14	OWNED_SOURCE_MEMBER	source/config	backend	NO	UNASSIGNED	UNASSIGNED	UNASSIGNED	UNASSIGNED	UNASSIGNED	UNASSIGNED	UNASSIGNED	UNASSIGNED	UNASSIGNED	UNASSIGNED	Semantic read pending; inventory/provenance only
nabdah-backend.zip	audit-artifacts/patient_insurance_screen_source_classification_20260820.txt	edfa873587e666fbf3d75b28fc5256f3a8b84cd1823866327135d1bc7e293ffe	edfa873587e666fbf3d75b28fc5256f3a8b84cd1823866327135d1bc7e293ffe	YES	83	OWNED_SOURCE_MEMBER	source/config	backend	NO	UNASSIGNED	UNASSIGNED	UNASSIGNED	UNASSIGNED	UNASSIGNED	UNASSIGNED	UNASSIGNED	UNASSIGNED	UNASSIGNED	UNASSIGNED	Semantic read pending; inventory/provenance only
nabdah-backend.zip	audit-artifacts/POST_REMEDIATION_E2E_EXECUTION_PLAN.md	9fc798112e902a3e53e46bae85dc115e2099e54f6516c61c3e0f2f4cb7336e73	9fc798112e902a3e53e46bae85dc115e2099e54f6516c61c3e0f2f4cb7336e73	YES	108	OWNED_SOURCE_MEMBER	source/config	backend	NO	UNASSIGNED	UNASSIGNED	UNASSIGNED	UNASSIGNED	UNASSIGNED	UNASSIGNED	UNASSIGNED	UNASSIGNED	UNASSIGNED	UNASSIGNED	Semantic read pending; inventory/provenance only
nabdah-backend.zip	audit-artifacts/INSURANCE_OFFICIAL_SOURCE_FINDINGS_20260820.md	63640218478c95ac2bf870c12d8ae422e62d593ac38a2a97987a25e34a34d4b6	63640218478c95ac2bf870c12d8ae422e62d593ac38a2a97987a25e34a34d4b6	YES	186	OWNED_SOURCE_MEMBER	source/config	backend	NO	UNASSIGNED	UNASSIGNED	UNASSIGNED	UNASSIGNED	UNASSIGNED	UNASSIGNED	UNASSIGNED	UNASSIGNED	UNASSIGNED	UNASSIGNED	Semantic read pending; inventory/provenance only
nabdah-backend.zip	audit-artifacts/NABDAH_PHASE2_FAMILY_PERMISSIONS_CONTRACT_GAP_20260819.md	78c73bcecd270280a276a6ad5d5cfc93a8efa3ca453e36b437cd246f5e48dbcf	78c73bcecd270280a276a6ad5d5cfc93a8efa3ca453e36b437cd246f5e48dbcf	YES	37	OWNED_SOURCE_MEMBER	source/config	backend	NO	UNASSIGNED	UNASSIGNED	UNASSIGNED	UNASSIGNED	UNASSIGNED	UNASSIGNED	UNASSIGNED	UNASSIGNED	UNASSIGNED	UNASSIGNED	Semantic read pending; inventory/provenance only
nabdah-backend.zip	audit-artifacts/PROVIDER_DOCTOR_SINGLE_LOGIN_20260818.json	3cb37ca287cb0e91594079c240d59ed9ea283ee438265bbde961a6bf3312d8fe	3cb37ca287cb0e91594079c240d59ed9ea283ee438265bbde961a6bf3312d8fe	YES	1	OWNED_SOURCE_MEMBER	source/config	backend	NO	UNASSIGNED	UNASSIGNED	UNASSIGNED	UNASSIGNED	UNASSIGNED	UNASSIGNED	UNASSIGNED	UNASSIGNED	UNASSIGNED	UNASSIGNED	Semantic read pending; inventory/provenance only
nabdah-backend.zip	audit-artifacts/NABDAH_PHASE3_DOCTOR_PROVIDER_CONFIGURATION_GAPS_20260819.md	b7bf70396e1cc8f10eca069e31700f4a8a8390ee793a2eea96a314567de88b87	b7bf70396e1cc8f10eca069e31700f4a8a8390ee793a2eea96a314567de88b87	YES	17	OWNED_SOURCE_MEMBER	config	backend	NO	UNASSIGNED	UNASSIGNED	UNASSIGNED	UNASSIGNED	UNASSIGNED	UNASSIGNED	UNASSIGNED	UNASSIGNED	UNASSIGNED	UNASSIGNED	Semantic read pending; inventory/provenance only
nabdah-backend.zip	audit-artifacts/NABDAH_PHASE4_ADMIN_PROVIDER_MODERATION_GAPS_20260819.md	d1b790b3117174374af02e7f953c520546e491d1bb2a3872e29c328ddb0acc8a	d1b790b3117174374af02e7f953c520546e491d1bb2a3872e29c328ddb0acc8a	YES	20	OWNED_SOURCE_MEMBER	source/config	backend	NO	UNASSIGNED	UNASSIGNED	UNASSIGNED	UNASSIGNED	UNASSIGNED	UNASSIGNED	UNASSIGNED	UNASSIGNED	UNASSIGNED	UNASSIGNED	Semantic read pending; inventory/provenance only
nabdah-backend.zip	audit-artifacts/NABDAH_PHASE2_TRIAGE_DRUG_INTERACTION_SAFETY_GAPS_20260819.md	4a6136f8dc61458de3ae63bf4d92abd98413e542deaa96bb0b59b903d95bac65	4a6136f8dc61458de3ae63bf4d92abd98413e542deaa96bb0b59b903d95bac65	YES	35	OWNED_SOURCE_MEMBER	source/config	backend	NO	UNASSIGNED	UNASSIGNED	UNASSIGNED	UNASSIGNED	UNASSIGNED	UNASSIGNED	UNASSIGNED	UNASSIGNED	UNASSIGNED	UNASSIGNED	Semantic read pending; inventory/provenance only
nabdah-backend.zip	audit-artifacts/NABDAH_PHASE8_BATCH_AD_ADMIN_REFUND_DECISION_INTEGRITY_20260819.md	46797a6d1105f42cbf38fb58fe7bcb5967b47453ec2df2d33f9e470a0199770f	46797a6d1105f42cbf38fb58fe7bcb5967b47453ec2df2d33f9e470a0199770f	YES	28	OWNED_SOURCE_MEMBER	source/config	backend	NO	UNASSIGNED	UNASSIGNED	UNASSIGNED	UNASSIGNED	UNASSIGNED	UNASSIGNED	UNASSIGNED	UNASSIGNED	UNASSIGNED	UNASSIGNED	Semantic read pending; inventory/provenance only
nabdah-backend.zip	audit-artifacts/NABDAH_PHASE13_UI_ACTION_INVENTORY_V2_20260819.json	a4d4d7169173f75f00dbfb9e32098f0f0513fbba02b29ccf3f8b68d40a5adede	a4d4d7169173f75f00dbfb9e32098f0f0513fbba02b29ccf3f8b68d40a5adede	YES	9899	OWNED_SOURCE_MEMBER	source/config	backend	NO	UNASSIGNED	UNASSIGNED	UNASSIGNED	UNASSIGNED	UNASSIGNED	UNASSIGNED	UNASSIGNED	UNASSIGNED	UNASSIGNED	UNASSIGNED	Semantic read pending; inventory/provenance only
nabdah-backend.zip	audit-artifacts/PROVIDER_ENTRYPOINT_CANDIDATE_COMPARISON_20260818.md	9d3345965679f950051d2b1dd508d89ae293ab051688b0c60fad4aff7c2290ad	9d3345965679f950051d2b1dd508d89ae293ab051688b0c60fad4aff7c2290ad	YES	153	OWNED_SOURCE_MEMBER	source/config	backend	NO	UNASSIGNED	UNASSIGNED	UNASSIGNED	UNASSIGNED	UNASSIGNED	UNASSIGNED	UNASSIGNED	UNASSIGNED	UNASSIGNED	UNASSIGNED	Semantic read pending; inventory/provenance only
nabdah-backend.zip	audit-artifacts/PROVIDER_NURSING_EXACT_READ_20260818.json	3aa1e298a1c4d8be7f9ebb1a8ee92d6fa0f147b8d266fc76d72830feb594f815	3aa1e298a1c4d8be7f9ebb1a8ee92d6fa0f147b8d266fc76d72830feb594f815	YES	1	OWNED_SOURCE_MEMBER	source/config	backend	NO	UNASSIGNED	UNASSIGNED	UNASSIGNED	UNASSIGNED	UNASSIGNED	UNASSIGNED	UNASSIGNED	UNASSIGNED	UNASSIGNED	UNASSIGNED	Semantic read pending; inventory/provenance only
nabdah-backend.zip	audit-artifacts/insurance_catalog_api_consumers_20260820.txt	69afa5fedc72f41af0ac9834977ee4407fceb568682b19fd2f124097ef336ecf	69afa5fedc72f41af0ac9834977ee4407fceb568682b19fd2f124097ef336ecf	YES	86	OWNED_SOURCE_MEMBER	source/config	backend	NO	UNASSIGNED	UNASSIGNED	UNASSIGNED	UNASSIGNED	UNASSIGNED	UNASSIGNED	UNASSIGNED	UNASSIGNED	UNASSIGNED	UNASSIGNED	Semantic read pending; inventory/provenance only
nabdah-backend.zip	audit-artifacts/PROVIDER_SCREEN_CONTROLLER_INVENTORY_20260818.md	55f274ffbaa5e279ada6d82c47c7c3f52c729670c96ea2d41e9b399a82d95694	55f274ffbaa5e279ada6d82c47c7c3f52c729670c96ea2d41e9b399a82d95694	YES	70	OWNED_SOURCE_MEMBER	controller	backend	NO	UNASSIGNED	UNASSIGNED	UNASSIGNED	UNASSIGNED	UNASSIGNED	UNASSIGNED	UNASSIGNED	UNASSIGNED	UNASSIGNED	UNASSIGNED	Semantic read pending; inventory/provenance only
nabdah-backend.zip	audit-artifacts/NABDAH_ACTUAL_API_ROUTE_MATCH_20260818.tsv	848a6259bd1fe029af62f6758545c55e16988b4eb0ae37a68d8a037c5c162722	848a6259bd1fe029af62f6758545c55e16988b4eb0ae37a68d8a037c5c162722	YES	405	OWNED_SOURCE_MEMBER	source/config	backend	NO	UNASSIGNED	UNASSIGNED	UNASSIGNED	UNASSIGNED	UNASSIGNED	UNASSIGNED	UNASSIGNED	UNASSIGNED	UNASSIGNED	UNASSIGNED	Semantic read pending; inventory/provenance only
nabdah-backend.zip	audit-artifacts/NABDAH_PHASE8_BATCH_N_WORKFLOW_EVENT_INTEGRITY_20260819.md	d43ac132f5f3f6a21cff4675b0a469faa1b099f98012c1583e8c9e43d39b463b	d43ac132f5f3f6a21cff4675b0a469faa1b099f98012c1583e8c9e43d39b463b	YES	28	OWNED_SOURCE_MEMBER	source/config	backend	NO	UNASSIGNED	UNASSIGNED	UNASSIGNED	UNASSIGNED	UNASSIGNED	UNASSIGNED	UNASSIGNED	UNASSIGNED	UNASSIGNED	UNASSIGNED	Semantic read pending; inventory/provenance only
nabdah-backend.zip	audit-artifacts/NABDAH_ACTUAL_API_RECONCILIATION_20260818.md	1fde3696723bed03a4ad9d9b6850b5f102f4e51fe4bec93813153d67f9bdff0d	1fde3696723bed03a4ad9d9b6850b5f102f4e51fe4bec93813153d67f9bdff0d	YES	7	OWNED_SOURCE_MEMBER	source/config	backend	NO	UNASSIGNED	UNASSIGNED	UNASSIGNED	UNASSIGNED	UNASSIGNED	UNASSIGNED	UNASSIGNED	UNASSIGNED	UNASSIGNED	UNASSIGNED	Semantic read pending; inventory/provenance only
nabdah-backend.zip	audit-artifacts/NABDAH_PHASE3_DOCTOR_REGISTRATION_KYC_GAPS_20260819.md	14a94a6a90b4a3cfc2175d5362550c725a92571689dd54be506134adbf5a53ae	14a94a6a90b4a3cfc2175d5362550c725a92571689dd54be506134adbf5a53ae	YES	22	OWNED_SOURCE_MEMBER	source/config	backend	NO	UNASSIGNED	UNASSIGNED	UNASSIGNED	UNASSIGNED	UNASSIGNED	UNASSIGNED	UNASSIGNED	UNASSIGNED	UNASSIGNED	UNASSIGNED	Semantic read pending; inventory/provenance only
nabdah-backend.zip	audit-artifacts/DEVICE_nabd_plus-eas-build.out	b65e6fe63889e82f9ce98fd7dc6e4bb384f30d7a7269c04dc86a89a5b5db6f4c	b65e6fe63889e82f9ce98fd7dc6e4bb384f30d7a7269c04dc86a89a5b5db6f4c	YES	5	EXCLUSION_OTHER	non-source archive member	backend	NO	UNASSIGNED	UNASSIGNED	UNASSIGNED	UNASSIGNED	UNASSIGNED	UNASSIGNED	UNASSIGNED	UNASSIGNED	UNASSIGNED	UNASSIGNED	Semantic read pending; inventory/provenance only
nabdah-backend.zip	audit-artifacts/NABDAH_PHASE4_ADMIN_NURSING_OPERATIONS_GAPS_20260819.md	631fd47a4bbbe0a40b6526a3bf597784561e99e2ad0266749dc0a53dc75ac118	631fd47a4bbbe0a40b6526a3bf597784561e99e2ad0266749dc0a53dc75ac118	YES	14	OWNED_SOURCE_MEMBER	source/config	backend	NO	UNASSIGNED	UNASSIGNED	UNASSIGNED	UNASSIGNED	UNASSIGNED	UNASSIGNED	UNASSIGNED	UNASSIGNED	UNASSIGNED	UNASSIGNED	Semantic read pending; inventory/provenance only
nabdah-backend.zip	audit-artifacts/DEVICE_NabdProvider-expo-config.json	940aefccaaacb1fea127386a861d97033e31676cdabe1ba134f7eb86216f4b4a	940aefccaaacb1fea127386a861d97033e31676cdabe1ba134f7eb86216f4b4a	YES	1	OWNED_SOURCE_MEMBER	config	backend	NO	UNASSIGNED	UNASSIGNED	UNASSIGNED	UNASSIGNED	UNASSIGNED	UNASSIGNED	UNASSIGNED	UNASSIGNED	UNASSIGNED	UNASSIGNED	Semantic read pending; inventory/provenance only
nabdah-backend.zip	audit-artifacts/NABDAH_PHASE8_BATCH_Y_LABORATORY_WORKFLOW_INTEGRITY_20260819.md	4bc6323f14be3b6a3dcec8ec9d3138f3cc4c565207c76d620c028896e44ea11b	4bc6323f14be3b6a3dcec8ec9d3138f3cc4c565207c76d620c028896e44ea11b	YES	35	OWNED_SOURCE_MEMBER	source/config	backend	NO	UNASSIGNED	UNASSIGNED	UNASSIGNED	UNASSIGNED	UNASSIGNED	UNASSIGNED	UNASSIGNED	UNASSIGNED	UNASSIGNED	UNASSIGNED	Semantic read pending; inventory/provenance only
nabdah-backend.zip	audit-artifacts/NABDAH_PHASE16_LAB_EMBEDDED_REPORT_CONTRACT_REMEDIATION_20260819.md	ab718127517f5dcd2624eadcb41a40069de1eda62ad3ccf3e4cb0382bcb0df24	ab718127517f5dcd2624eadcb41a40069de1eda62ad3ccf3e4cb0382bcb0df24	YES	64	OWNED_SOURCE_MEMBER	repository	backend	NO	UNASSIGNED	UNASSIGNED	UNASSIGNED	UNASSIGNED	UNASSIGNED	UNASSIGNED	UNASSIGNED	UNASSIGNED	UNASSIGNED	UNASSIGNED	Semantic read pending; inventory/provenance only
nabdah-backend.zip	audit-artifacts/insurance_catalog_final_operational_static_scan_20260820.txt.filtered	e3b0c44298fc1c149afbf4c8996fb92427ae41e4649b934ca495991b7852b855	e3b0c44298fc1c149afbf4c8996fb92427ae41e4649b934ca495991b7852b855	YES	0	EXCLUSION_OTHER	non-source archive member	backend	NO	UNASSIGNED	UNASSIGNED	UNASSIGNED	UNASSIGNED	UNASSIGNED	UNASSIGNED	UNASSIGNED	UNASSIGNED	UNASSIGNED	UNASSIGNED	Semantic read pending; inventory/provenance only
nabdah-backend.zip	audit-artifacts/NABDAH_PHASE8_BATCH_AF_DOCTOR_CLINICAL_RECORD_INTEGRITY_20260819.md	da4e515d88782493b8b41af41a755e503ff548bf9ed669aa37127398516a6bad	da4e515d88782493b8b41af41a755e503ff548bf9ed669aa37127398516a6bad	YES	36	OWNED_SOURCE_MEMBER	source/config	backend	NO	UNASSIGNED	UNASSIGNED	UNASSIGNED	UNASSIGNED	UNASSIGNED	UNASSIGNED	UNASSIGNED	UNASSIGNED	UNASSIGNED	UNASSIGNED	Semantic read pending; inventory/provenance only
nabdah-backend.zip	audit-artifacts/NABDAH_PHASE8_BATCH_AJ_PATIENT_LOCALE_TECHNICAL_KEY_CONTAINMENT_20260819.md	2baf16b9532c1376c6ebed3d782c215304fe1668008e1f7ff57fab5fac422da4	2baf16b9532c1376c6ebed3d782c215304fe1668008e1f7ff57fab5fac422da4	YES	28	OWNED_SOURCE_MEMBER	source/config	backend	NO	UNASSIGNED	UNASSIGNED	UNASSIGNED	UNASSIGNED	UNASSIGNED	UNASSIGNED	UNASSIGNED	UNASSIGNED	UNASSIGNED	UNASSIGNED	Semantic read pending; inventory/provenance only
nabdah-backend.zip	audit-artifacts/NABDAH_PHASE5_WORKFLOW_ENGINE_CONTRACT_GAPS_20260819.md	a3079e5673da3b0919af573474bcf0083f1500571f85fc86e2382b1e62f2f077	a3079e5673da3b0919af573474bcf0083f1500571f85fc86e2382b1e62f2f077	YES	20	OWNED_SOURCE_MEMBER	source/config	backend	NO	UNASSIGNED	UNASSIGNED	UNASSIGNED	UNASSIGNED	UNASSIGNED	UNASSIGNED	UNASSIGNED	UNASSIGNED	UNASSIGNED	UNASSIGNED	Semantic read pending; inventory/provenance only
nabdah-backend.zip	audit-artifacts/NABDAH_PHASE8_BATCH_AI_ADMIN_SOS_PRIVACY_DISPATCH_CONTAINMENT_20260819.md	112fcf4857c4ef2942b0985fab2e14f3f6667d5a68326e69ef9b6e7f2706144e	112fcf4857c4ef2942b0985fab2e14f3f6667d5a68326e69ef9b6e7f2706144e	YES	31	OWNED_SOURCE_MEMBER	source/config	backend	NO	UNASSIGNED	UNASSIGNED	UNASSIGNED	UNASSIGNED	UNASSIGNED	UNASSIGNED	UNASSIGNED	UNASSIGNED	UNASSIGNED	UNASSIGNED	Semantic read pending; inventory/provenance only
nabdah-backend.zip	audit-artifacts/NABDAH_PROVIDER_LOCALIZATION_INVENTORY_20260819.md	525188b2c031dbadc3f8550da5e8e60ebea692c3255b8c66a41c7b435eb20bdc	525188b2c031dbadc3f8550da5e8e60ebea692c3255b8c66a41c7b435eb20bdc	YES	40	OWNED_SOURCE_MEMBER	source/config	backend	NO	UNASSIGNED	UNASSIGNED	UNASSIGNED	UNASSIGNED	UNASSIGNED	UNASSIGNED	UNASSIGNED	UNASSIGNED	UNASSIGNED	UNASSIGNED	Semantic read pending; inventory/provenance only
nabdah-backend.zip	audit-artifacts/PATIENT_EXACT_READ_ROUTE_CONTRACTS_20260818.md	8e7b79b4247b2825c5c4663db59651f4d9d587319b98e736167ad1059e7316a6	8e7b79b4247b2825c5c4663db59651f4d9d587319b98e736167ad1059e7316a6	YES	85	OWNED_SOURCE_MEMBER	source/config	backend	NO	UNASSIGNED	UNASSIGNED	UNASSIGNED	UNASSIGNED	UNASSIGNED	UNASSIGNED	UNASSIGNED	UNASSIGNED	UNASSIGNED	UNASSIGNED	Semantic read pending; inventory/provenance only
nabdah-backend.zip	audit-artifacts/NABDAH_PHASE5_STORAGE_MEDIA_PRIVACY_GAPS_20260819.md	693ad910d8abf30b7e39e5f1c86f70516f01b7d57a93889c0ff4e54efff1a9f8	693ad910d8abf30b7e39e5f1c86f70516f01b7d57a93889c0ff4e54efff1a9f8	YES	20	OWNED_SOURCE_MEMBER	source/config	backend	NO	UNASSIGNED	UNASSIGNED	UNASSIGNED	UNASSIGNED	UNASSIGNED	UNASSIGNED	UNASSIGNED	UNASSIGNED	UNASSIGNED	UNASSIGNED	Semantic read pending; inventory/provenance only
nabdah-backend.zip	audit-artifacts/NABDAH_PROVIDER_CHAT_TRUTHFULNESS_20260819.md	7d521b216083f6b594ed7907ebbbf7ca159548b9ba2885c613604fc2c6b94ae5	7d521b216083f6b594ed7907ebbbf7ca159548b9ba2885c613604fc2c6b94ae5	YES	51	OWNED_SOURCE_MEMBER	source/config	backend	NO	UNASSIGNED	UNASSIGNED	UNASSIGNED	UNASSIGNED	UNASSIGNED	UNASSIGNED	UNASSIGNED	UNASSIGNED	UNASSIGNED	UNASSIGNED	Semantic read pending; inventory/provenance only
nabdah-backend.zip	audit-artifacts/NABDAH_PHASE4_ADMIN_RBAC_MATRIX_GAPS_20260819.md	fb2340aaa51efd7b5dabae73f9b7bbc8442999cdc55f4848422e4dd3ed438782	fb2340aaa51efd7b5dabae73f9b7bbc8442999cdc55f4848422e4dd3ed438782	YES	18	OWNED_SOURCE_MEMBER	source/config	backend	NO	UNASSIGNED	UNASSIGNED	UNASSIGNED	UNASSIGNED	UNASSIGNED	UNASSIGNED	UNASSIGNED	UNASSIGNED	UNASSIGNED	UNASSIGNED	Semantic read pending; inventory/provenance only
nabdah-backend.zip	audit-artifacts/DEVICE_nabd_plus-web-export.out	5f3544d5bc6312e0e89ba51801b90b7b472710cec709f35b8f449fde5863909f	5f3544d5bc6312e0e89ba51801b90b7b472710cec709f35b8f449fde5863909f	YES	199	EXCLUSION_OTHER	non-source archive member	backend	NO	UNASSIGNED	UNASSIGNED	UNASSIGNED	UNASSIGNED	UNASSIGNED	UNASSIGNED	UNASSIGNED	UNASSIGNED	UNASSIGNED	UNASSIGNED	Semantic read pending; inventory/provenance only
nabdah-backend.zip	audit-artifacts/NABDAH_PHASE8_BATCH_AL_PROVIDER_SHARED_UI_ACCESSIBILITY_RTL_20260819.md	bd8e9a4b95fa79041c75c9496626cd4dc71fac91f5cccaa521cd441cc6243b86	bd8e9a4b95fa79041c75c9496626cd4dc71fac91f5cccaa521cd441cc6243b86	YES	29	OWNED_SOURCE_MEMBER	source/config	backend	NO	UNASSIGNED	UNASSIGNED	UNASSIGNED	UNASSIGNED	UNASSIGNED	UNASSIGNED	UNASSIGNED	UNASSIGNED	UNASSIGNED	UNASSIGNED	Semantic read pending; inventory/provenance only
nabdah-backend.zip	audit-artifacts/NABDAH_PHASE5_PAYMENT_ENGINE_CONTRACT_GAPS_20260819.md	4b145de1bdfe250843dff8713fd800ce7f97dec974792051805de4493b98379a	4b145de1bdfe250843dff8713fd800ce7f97dec974792051805de4493b98379a	YES	21	OWNED_SOURCE_MEMBER	gateway	backend	NO	UNASSIGNED	UNASSIGNED	UNASSIGNED	UNASSIGNED	UNASSIGNED	UNASSIGNED	UNASSIGNED	UNASSIGNED	UNASSIGNED	UNASSIGNED	Semantic read pending; inventory/provenance only
nabdah-backend.zip	audit-artifacts/NABDAH_PHASE11_FINAL_DOUBLE_CHECK_20260819.md	45444579e85879461b0d6246750600c0db46e431399992df43c1618624d26086	45444579e85879461b0d6246750600c0db46e431399992df43c1618624d26086	YES	53	OWNED_SOURCE_MEMBER	source/config	backend	NO	UNASSIGNED	UNASSIGNED	UNASSIGNED	UNASSIGNED	UNASSIGNED	UNASSIGNED	UNASSIGNED	UNASSIGNED	UNASSIGNED	UNASSIGNED	Semantic read pending; inventory/provenance only
nabdah-backend.zip	audit-artifacts/NABDAH_PHASE2_CHRONIC_REFILL_CONTRACT_GAP_20260819.md	c5a5ece0c7fa3c4e133fe1134135fe71dfd4cf17e682da1711627a9dcaeb2ea8	c5a5ece0c7fa3c4e133fe1134135fe71dfd4cf17e682da1711627a9dcaeb2ea8	YES	18	OWNED_SOURCE_MEMBER	source/config	backend	NO	UNASSIGNED	UNASSIGNED	UNASSIGNED	UNASSIGNED	UNASSIGNED	UNASSIGNED	UNASSIGNED	UNASSIGNED	UNASSIGNED	UNASSIGNED	Semantic read pending; inventory/provenance only
nabdah-backend.zip	audit-artifacts/NABDAH_PHASE9_PROVIDER_DEPENDENCY_LOCK_INTEGRITY_20260819.md	f3097d3587812c502cfac6b84b3caa2e8beb28d230c4289e2518dae872d69ef9	f3097d3587812c502cfac6b84b3caa2e8beb28d230c4289e2518dae872d69ef9	YES	22	OWNED_SOURCE_MEMBER	source/config	backend	NO	UNASSIGNED	UNASSIGNED	UNASSIGNED	UNASSIGNED	UNASSIGNED	UNASSIGNED	UNASSIGNED	UNASSIGNED	UNASSIGNED	UNASSIGNED	Semantic read pending; inventory/provenance only
nabdah-backend.zip	audit-artifacts/QR_VERIFIER_CONTRACT_REVIEW_DRAFT_20260817.md	68e75e31a1625169eef2a90eb1a244b60902ca658e0df5ae2e71cfd408c4b831	68e75e31a1625169eef2a90eb1a244b60902ca658e0df5ae2e71cfd408c4b831	YES	52	OWNED_SOURCE_MEMBER	source/config	backend	NO	UNASSIGNED	UNASSIGNED	UNASSIGNED	UNASSIGNED	UNASSIGNED	UNASSIGNED	UNASSIGNED	UNASSIGNED	UNASSIGNED	UNASSIGNED	Semantic read pending; inventory/provenance only
nabdah-backend.zip	audit-artifacts/NABDAH_PHASE4_ADMIN_FINANCIAL_LEDGER_WAREHOUSE_GAPS_20260819.md	c3afa5f8cc6a8acac8cfaaede090879f09c162b4860701fd0c5f6fd040cd023c	c3afa5f8cc6a8acac8cfaaede090879f09c162b4860701fd0c5f6fd040cd023c	YES	16	OWNED_SOURCE_MEMBER	source/config	backend	NO	UNASSIGNED	UNASSIGNED	UNASSIGNED	UNASSIGNED	UNASSIGNED	UNASSIGNED	UNASSIGNED	UNASSIGNED	UNASSIGNED	UNASSIGNED	Semantic read pending; inventory/provenance only
nabdah-backend.zip	audit-artifacts/PATIENT_QA_ROUTE_BUTTON_INVENTORY_20260818.txt	31582092e1eb7db3b68605e0717c80ec1f9e74b179f895f9d902140084a1ad8d	31582092e1eb7db3b68605e0717c80ec1f9e74b179f895f9d902140084a1ad8d	YES	567	OWNED_SOURCE_MEMBER	source/config	backend	NO	UNASSIGNED	UNASSIGNED	UNASSIGNED	UNASSIGNED	UNASSIGNED	UNASSIGNED	UNASSIGNED	UNASSIGNED	UNASSIGNED	UNASSIGNED	Semantic read pending; inventory/provenance only
nabdah-backend.zip	audit-artifacts/FULL_PRODUCTION_E2E_TRACEABILITY_20260817.md	14147c2e08be0e430a611ece44b9ff51398b6a3c95f58d98afbefd736dba969a	14147c2e08be0e430a611ece44b9ff51398b6a3c95f58d98afbefd736dba969a	YES	328	OWNED_SOURCE_MEMBER	source/config	backend	NO	UNASSIGNED	UNASSIGNED	UNASSIGNED	UNASSIGNED	UNASSIGNED	UNASSIGNED	UNASSIGNED	UNASSIGNED	UNASSIGNED	UNASSIGNED	Semantic read pending; inventory/provenance only
nabdah-backend.zip	audit-artifacts/NABDAH_PHASE2_HOME_CARE_NURSING_WORKFLOW_CONTRACT_GAPS_20260819.md	9bb0c7d5ab29bd283aa8bfd1f580ced7b0b780a164bf3d79e8c29fc60d798064	9bb0c7d5ab29bd283aa8bfd1f580ced7b0b780a164bf3d79e8c29fc60d798064	YES	24	OWNED_SOURCE_MEMBER	source/config	backend	NO	UNASSIGNED	UNASSIGNED	UNASSIGNED	UNASSIGNED	UNASSIGNED	UNASSIGNED	UNASSIGNED	UNASSIGNED	UNASSIGNED	UNASSIGNED	Semantic read pending; inventory/provenance only
nabdah-backend.zip	audit-artifacts/PROVIDER_DOCTOR_EXACT_READ_20260818.json	1fb55576b837aaf238c8d745a8663b8384715d63ec4ac46c2d482025bda81e1c	1fb55576b837aaf238c8d745a8663b8384715d63ec4ac46c2d482025bda81e1c	YES	1	OWNED_SOURCE_MEMBER	source/config	backend	NO	UNASSIGNED	UNASSIGNED	UNASSIGNED	UNASSIGNED	UNASSIGNED	UNASSIGNED	UNASSIGNED	UNASSIGNED	UNASSIGNED	UNASSIGNED	Semantic read pending; inventory/provenance only
nabdah-backend.zip	audit-artifacts/NABDAH_PHASE2_FAMILY_CHAT_MEMBERSHIP_CONTRACT_GAP_20260819.md	956cea8f7b9e3b128488a893694e33a0639fd286b64953f4b211445a701aea92	956cea8f7b9e3b128488a893694e33a0639fd286b64953f4b211445a701aea92	YES	28	OWNED_SOURCE_MEMBER	source/config	backend	NO	UNASSIGNED	UNASSIGNED	UNASSIGNED	UNASSIGNED	UNASSIGNED	UNASSIGNED	UNASSIGNED	UNASSIGNED	UNASSIGNED	UNASSIGNED	Semantic read pending; inventory/provenance only
nabdah-backend.zip	audit-artifacts/PROVIDER_INTAKE_BACKEND_ROUTE_MAP_20260818.txt	4a8b126bf49ab82e7614322046143687ab5773d9bf5b157ad48a62c722f9b9ea	4a8b126bf49ab82e7614322046143687ab5773d9bf5b157ad48a62c722f9b9ea	YES	532	OWNED_SOURCE_MEMBER	source/config	backend	NO	UNASSIGNED	UNASSIGNED	UNASSIGNED	UNASSIGNED	UNASSIGNED	UNASSIGNED	UNASSIGNED	UNASSIGNED	UNASSIGNED	UNASSIGNED	Semantic read pending; inventory/provenance only
nabdah-backend.zip	audit-artifacts/NABDAH_READINESS_RESUMPTION_BLOCKER_RECONCILIATION_20260819.md	376d0866113be6c1eb136fc05c3ac74d749c83f5e50be9047f1041f57061e2b3	376d0866113be6c1eb136fc05c3ac74d749c83f5e50be9047f1041f57061e2b3	YES	44	OWNED_SOURCE_MEMBER	source/config	backend	NO	UNASSIGNED	UNASSIGNED	UNASSIGNED	UNASSIGNED	UNASSIGNED	UNASSIGNED	UNASSIGNED	UNASSIGNED	UNASSIGNED	UNASSIGNED	Semantic read pending; inventory/provenance only
nabdah-backend.zip	audit-artifacts/NABDAH_PHASE2_FAMILY_CALENDAR_CONTRACT_GAP_20260819.md	cfc0c298e18beebacab46115f97f02ea04104742af9e26b6f93e1cae3779396b	cfc0c298e18beebacab46115f97f02ea04104742af9e26b6f93e1cae3779396b	YES	21	OWNED_SOURCE_MEMBER	source/config	backend	NO	UNASSIGNED	UNASSIGNED	UNASSIGNED	UNASSIGNED	UNASSIGNED	UNASSIGNED	UNASSIGNED	UNASSIGNED	UNASSIGNED	UNASSIGNED	Semantic read pending; inventory/provenance only
nabdah-backend.zip	audit-artifacts/NABDAH_SCREEN_BUTTON_CONTRACT_INVENTORY_20260818.tsv	944d89403f820bff40d0073ecf866772beccc1239977dbbdadeca806c3c20064	944d89403f820bff40d0073ecf866772beccc1239977dbbdadeca806c3c20064	YES	3159	OWNED_SOURCE_MEMBER	source/config	backend	NO	UNASSIGNED	UNASSIGNED	UNASSIGNED	UNASSIGNED	UNASSIGNED	UNASSIGNED	UNASSIGNED	UNASSIGNED	UNASSIGNED	UNASSIGNED	Semantic read pending; inventory/provenance only
nabdah-backend.zip	audit-artifacts/NABDAH_PHASE7_FINAL_CLOSURE_DOUBLE_CHECK_20260819.md	f848925df4ef11661fc87868aaa8db3a28a42a572de04fc2c9a108d0386e474a	f848925df4ef11661fc87868aaa8db3a28a42a572de04fc2c9a108d0386e474a	YES	32	OWNED_SOURCE_MEMBER	source/config	backend	NO	UNASSIGNED	UNASSIGNED	UNASSIGNED	UNASSIGNED	UNASSIGNED	UNASSIGNED	UNASSIGNED	UNASSIGNED	UNASSIGNED	UNASSIGNED	Semantic read pending; inventory/provenance only
nabdah-backend.zip	audit-artifacts/NABDAH_PHASE16_CONSULTATION_CASH_AUTOCONFIRM_P0_REMEDIATION_20260819.md	76084ff478527b5f63e3a4f7086ed8b17abd712523524bd31b5bc1eeb44e3743	76084ff478527b5f63e3a4f7086ed8b17abd712523524bd31b5bc1eeb44e3743	YES	63	OWNED_SOURCE_MEMBER	source/config	backend	NO	UNASSIGNED	UNASSIGNED	UNASSIGNED	UNASSIGNED	UNASSIGNED	UNASSIGNED	UNASSIGNED	UNASSIGNED	UNASSIGNED	UNASSIGNED	Semantic read pending; inventory/provenance only
nabdah-backend.zip	audit-artifacts/NABDAH_PHASE5_FINAL_CLOSURE_DOUBLE_CHECK_20260819.md	2d79d71cb02383e6a0394a921a9018aaf097dadb9aabd27963c4664ea34cddee	2d79d71cb02383e6a0394a921a9018aaf097dadb9aabd27963c4664ea34cddee	YES	31	OWNED_SOURCE_MEMBER	source/config	backend	NO	UNASSIGNED	UNASSIGNED	UNASSIGNED	UNASSIGNED	UNASSIGNED	UNASSIGNED	UNASSIGNED	UNASSIGNED	UNASSIGNED	UNASSIGNED	Semantic read pending; inventory/provenance only
nabdah-backend.zip	audit-artifacts/NABDAH_PHASE8_BATCH_AE_AMBULANCE_EMERGENCY_RECORD_INTEGRITY_20260819.md	d7daa62769d84995313ca683ab8f033eae5ae3e75734af823d5b421b85c133a1	d7daa62769d84995313ca683ab8f033eae5ae3e75734af823d5b421b85c133a1	YES	35	OWNED_SOURCE_MEMBER	source/config	backend	NO	UNASSIGNED	UNASSIGNED	UNASSIGNED	UNASSIGNED	UNASSIGNED	UNASSIGNED	UNASSIGNED	UNASSIGNED	UNASSIGNED	UNASSIGNED	Semantic read pending; inventory/provenance only
nabdah-backend.zip	audit-artifacts/NABDAH_PLAN_COMPLETENESS_GAP_REVIEW_20260818.md	77d041d009ddac6cb00b32ac246c390bbdfedf13130423d41ae192156483c3ba	77d041d009ddac6cb00b32ac246c390bbdfedf13130423d41ae192156483c3ba	YES	26	OWNED_SOURCE_MEMBER	source/config	backend	NO	UNASSIGNED	UNASSIGNED	UNASSIGNED	UNASSIGNED	UNASSIGNED	UNASSIGNED	UNASSIGNED	UNASSIGNED	UNASSIGNED	UNASSIGNED	Semantic read pending; inventory/provenance only
nabdah-backend.zip	audit-artifacts/NABDAH_PHASE8_POST_AE_REMEDIATION_INVENTORY_20260819.md	9121f6a17608a7ca9b0ae1504fb92158fa9786ea0d251b87a2a194339f0a46a4	9121f6a17608a7ca9b0ae1504fb92158fa9786ea0d251b87a2a194339f0a46a4	YES	81	OWNED_SOURCE_MEMBER	source/config	backend	NO	UNASSIGNED	UNASSIGNED	UNASSIGNED	UNASSIGNED	UNASSIGNED	UNASSIGNED	UNASSIGNED	UNASSIGNED	UNASSIGNED	UNASSIGNED	Semantic read pending; inventory/provenance only
nabdah-backend.zip	audit-artifacts/nabd-patient-api-openapi.json	3cf5ebfd9537f99ede3b0fd6e35bab86da56358d53f74eb4e031e428e52a6a91	3cf5ebfd9537f99ede3b0fd6e35bab86da56358d53f74eb4e031e428e52a6a91	YES	1	OWNED_SOURCE_MEMBER	source/config	backend	NO	UNASSIGNED	UNASSIGNED	UNASSIGNED	UNASSIGNED	UNASSIGNED	UNASSIGNED	UNASSIGNED	UNASSIGNED	UNASSIGNED	UNASSIGNED	Semantic read pending; inventory/provenance only
nabdah-backend.zip	audit-artifacts/NABDAH_LOCALE_AND_MONGOOSE_INDEX_HARDENING_20260820.md	5c922d5c929dc3961ec6c5b47ede4cf10385d7cfa679eb487aa743f5df4379f5	5c922d5c929dc3961ec6c5b47ede4cf10385d7cfa679eb487aa743f5df4379f5	YES	47	OWNED_SOURCE_MEMBER	source/config	backend	NO	UNASSIGNED	UNASSIGNED	UNASSIGNED	UNASSIGNED	UNASSIGNED	UNASSIGNED	UNASSIGNED	UNASSIGNED	UNASSIGNED	UNASSIGNED	Semantic read pending; inventory/provenance only
nabdah-backend.zip	audit-artifacts/NABDAH_PHASE4_ADMIN_CONFIG_MAINTENANCE_GAPS_20260819.md	e59147f04a8e531bf190f66f87f0e8eb4f0c7aa145511914b61743afab853245	e59147f04a8e531bf190f66f87f0e8eb4f0c7aa145511914b61743afab853245	YES	17	OWNED_SOURCE_MEMBER	config	backend	NO	UNASSIGNED	UNASSIGNED	UNASSIGNED	UNASSIGNED	UNASSIGNED	UNASSIGNED	UNASSIGNED	UNASSIGNED	UNASSIGNED	UNASSIGNED	Semantic read pending; inventory/provenance only
nabdah-backend.zip	audit-artifacts/provider_admin_insurance_screen_source_classification_20260820.txt	aa3aa000e8e5d8ccbb2cb8c0be443ced1e5a65110582075bef1b1117b3c3a20b	aa3aa000e8e5d8ccbb2cb8c0be443ced1e5a65110582075bef1b1117b3c3a20b	YES	39	OWNED_SOURCE_MEMBER	source/config	backend	NO	UNASSIGNED	UNASSIGNED	UNASSIGNED	UNASSIGNED	UNASSIGNED	UNASSIGNED	UNASSIGNED	UNASSIGNED	UNASSIGNED	UNASSIGNED	Semantic read pending; inventory/provenance only
nabdah-backend.zip	audit-artifacts/NABDAH_PHASE8_BATCH_AN_ADMIN_NURSING_PRIVACY_ASSIGNMENT_CONTAINMENT_20260819.md	62484e43d34b87348b75e9a72708e5bf6eb7fe9df2b52290942e79f2f640eccd	62484e43d34b87348b75e9a72708e5bf6eb7fe9df2b52290942e79f2f640eccd	YES	31	OWNED_SOURCE_MEMBER	source/config	backend	NO	UNASSIGNED	UNASSIGNED	UNASSIGNED	UNASSIGNED	UNASSIGNED	UNASSIGNED	UNASSIGNED	UNASSIGNED	UNASSIGNED	UNASSIGNED	Semantic read pending; inventory/provenance only
nabdah-backend.zip	audit-artifacts/PROVIDER_LAB_SINGLE_LOGIN_20260818.json	3cb37ca287cb0e91594079c240d59ed9ea283ee438265bbde961a6bf3312d8fe	3cb37ca287cb0e91594079c240d59ed9ea283ee438265bbde961a6bf3312d8fe	YES	1	OWNED_SOURCE_MEMBER	source/config	backend	NO	UNASSIGNED	UNASSIGNED	UNASSIGNED	UNASSIGNED	UNASSIGNED	UNASSIGNED	UNASSIGNED	UNASSIGNED	UNASSIGNED	UNASSIGNED	Semantic read pending; inventory/provenance only
nabdah-backend.zip	audit-artifacts/NABDAH_PHASE15_REVIEWER_DEPLOYMENT_CANDIDATE_20260819.md	85f96ed2c1dac11eb77585a5747aa992d8503203f0cf1fe180b5fbf24de2592e	85f96ed2c1dac11eb77585a5747aa992d8503203f0cf1fe180b5fbf24de2592e	YES	65	OWNED_SOURCE_MEMBER	ci/deployment	backend	NO	UNASSIGNED	UNASSIGNED	UNASSIGNED	UNASSIGNED	UNASSIGNED	UNASSIGNED	UNASSIGNED	UNASSIGNED	UNASSIGNED	UNASSIGNED	Semantic read pending; inventory/provenance only
nabdah-backend.zip	audit-artifacts/NABDAH_PHASE2_PATIENT_UIUX_LOCALIZATION_BASELINE_20260819.md	004585bce814e57aec649cd6959658debb6ff4cbef504e810a79ba2a4c73f203	004585bce814e57aec649cd6959658debb6ff4cbef504e810a79ba2a4c73f203	YES	33	OWNED_SOURCE_MEMBER	source/config	backend	NO	UNASSIGNED	UNASSIGNED	UNASSIGNED	UNASSIGNED	UNASSIGNED	UNASSIGNED	UNASSIGNED	UNASSIGNED	UNASSIGNED	UNASSIGNED	Semantic read pending; inventory/provenance only
nabdah-backend.zip	audit-artifacts/PLACEHOLDER_APP_ONLY_SCAN_20260818.txt	bd2a7854932103877a347b23f8c390772cb242225a4559977a02e8a868b2c252	bd2a7854932103877a347b23f8c390772cb242225a4559977a02e8a868b2c252	YES	402	OWNED_SOURCE_MEMBER	source/config	backend	NO	UNASSIGNED	UNASSIGNED	UNASSIGNED	UNASSIGNED	UNASSIGNED	UNASSIGNED	UNASSIGNED	UNASSIGNED	UNASSIGNED	UNASSIGNED	Semantic read pending; inventory/provenance only
nabdah-backend.zip	audit-artifacts/EXECUTION_COMPLETION_MATRIX_20260816.md	23941c59c99711e629b62effd998883e330cfc8975d49368696793eb6f706f0d	23941c59c99711e629b62effd998883e330cfc8975d49368696793eb6f706f0d	YES	76	OWNED_SOURCE_MEMBER	source/config	backend	NO	UNASSIGNED	UNASSIGNED	UNASSIGNED	UNASSIGNED	UNASSIGNED	UNASSIGNED	UNASSIGNED	UNASSIGNED	UNASSIGNED	UNASSIGNED	Semantic read pending; inventory/provenance only
nabdah-backend.zip	audit-artifacts/NABDAH_SOURCE_MERGE_TRIAL_20260818.md	57a7e22a03bf1a644d81156ebd9ab9b9fdcbba6d86d124f3743d0f01569eacde	57a7e22a03bf1a644d81156ebd9ab9b9fdcbba6d86d124f3743d0f01569eacde	YES	7	OWNED_SOURCE_MEMBER	source/config	backend	NO	UNASSIGNED	UNASSIGNED	UNASSIGNED	UNASSIGNED	UNASSIGNED	UNASSIGNED	UNASSIGNED	UNASSIGNED	UNASSIGNED	UNASSIGNED	Semantic read pending; inventory/provenance only
nabdah-backend.zip	audit-artifacts/DEVICE_SCREEN_ROUTE_INVENTORY_20260817.md	1ac02634e14893c645fd99d0affc76d8af52c24527bea977269067c3822446eb	1ac02634e14893c645fd99d0affc76d8af52c24527bea977269067c3822446eb	YES	316	OWNED_SOURCE_MEMBER	source/config	backend	NO	UNASSIGNED	UNASSIGNED	UNASSIGNED	UNASSIGNED	UNASSIGNED	UNASSIGNED	UNASSIGNED	UNASSIGNED	UNASSIGNED	UNASSIGNED	Semantic read pending; inventory/provenance only
nabdah-backend.zip	audit-artifacts/DEVICE_FARM_BLOCKER_20260817.md	4404d10dca79859ed96fe51315acc6f664c1b0a6070e2a5dd7526b8978eeb915	4404d10dca79859ed96fe51315acc6f664c1b0a6070e2a5dd7526b8978eeb915	YES	17	OWNED_SOURCE_MEMBER	source/config	backend	NO	UNASSIGNED	UNASSIGNED	UNASSIGNED	UNASSIGNED	UNASSIGNED	UNASSIGNED	UNASSIGNED	UNASSIGNED	UNASSIGNED	UNASSIGNED	Semantic read pending; inventory/provenance only
nabdah-backend.zip	audit-artifacts/PROVIDER_PHARMACY_HISTORY_LIVE_RECHECK_20260818.json	248006a210af0b04e51fbaed109a229d531cee8f1345b720ca8793ab54d68d99	248006a210af0b04e51fbaed109a229d531cee8f1345b720ca8793ab54d68d99	YES	1	OWNED_SOURCE_MEMBER	source/config	backend	NO	UNASSIGNED	UNASSIGNED	UNASSIGNED	UNASSIGNED	UNASSIGNED	UNASSIGNED	UNASSIGNED	UNASSIGNED	UNASSIGNED	UNASSIGNED	Semantic read pending; inventory/provenance only
nabdah-backend.zip	audit-artifacts/NABDAH_PHASE4_ADMIN_PAYOUT_FINANCE_GAPS_20260819.md	35942332352b50d3613660e1579f9b10e845fffaadd139dec5be020893e2637d	35942332352b50d3613660e1579f9b10e845fffaadd139dec5be020893e2637d	YES	20	OWNED_SOURCE_MEMBER	source/config	backend	NO	UNASSIGNED	UNASSIGNED	UNASSIGNED	UNASSIGNED	UNASSIGNED	UNASSIGNED	UNASSIGNED	UNASSIGNED	UNASSIGNED	UNASSIGNED	Semantic read pending; inventory/provenance only
nabdah-backend.zip	audit-artifacts/NABDAH_PHASE11_SANDBOX_READONLY_AUTHORIZATION_WAVE1_20260819.md	8d095bf4285ac2ba92ef3417a06d2433fb66d66bae506dcdc03a3aa2e7f4905b	8d095bf4285ac2ba92ef3417a06d2433fb66d66bae506dcdc03a3aa2e7f4905b	YES	26	OWNED_SOURCE_MEMBER	source/config	backend	NO	UNASSIGNED	UNASSIGNED	UNASSIGNED	UNASSIGNED	UNASSIGNED	UNASSIGNED	UNASSIGNED	UNASSIGNED	UNASSIGNED	UNASSIGNED	Semantic read pending; inventory/provenance only
nabdah-backend.zip	audit-artifacts/NABDAH_GATEKEEPER_REMEDIATION_REPORT_20260817.md	57a906c9a8ba607e84485541422a38be2b93d62dc69a5ab815ab7d3a539bb79d	57a906c9a8ba607e84485541422a38be2b93d62dc69a5ab815ab7d3a539bb79d	YES	184	OWNED_SOURCE_MEMBER	repository	backend	NO	UNASSIGNED	UNASSIGNED	UNASSIGNED	UNASSIGNED	UNASSIGNED	UNASSIGNED	UNASSIGNED	UNASSIGNED	UNASSIGNED	UNASSIGNED	Semantic read pending; inventory/provenance only
nabdah-backend.zip	audit-artifacts/NABDAH_PHASE9_BUILD_GATE_BASELINE_20260819.md	ca97b5013275d9b4ce85f8530dfcb00182033ed08966aa676989d3acb4295333	ca97b5013275d9b4ce85f8530dfcb00182033ed08966aa676989d3acb4295333	YES	25	OWNED_SOURCE_MEMBER	source/config	backend	NO	UNASSIGNED	UNASSIGNED	UNASSIGNED	UNASSIGNED	UNASSIGNED	UNASSIGNED	UNASSIGNED	UNASSIGNED	UNASSIGNED	UNASSIGNED	Semantic read pending; inventory/provenance only
nabdah-backend.zip	audit-artifacts/NABDAH_ENDPOINT_CONTROLLER_MATCH_20260818.tsv	70e39f96861486dc86bb4f974462b8a34eabde1b38097eb0a2b12945ddf02f9b	70e39f96861486dc86bb4f974462b8a34eabde1b38097eb0a2b12945ddf02f9b	YES	588	OWNED_SOURCE_MEMBER	controller	backend	NO	UNASSIGNED	UNASSIGNED	UNASSIGNED	UNASSIGNED	UNASSIGNED	UNASSIGNED	UNASSIGNED	UNASSIGNED	UNASSIGNED	UNASSIGNED	Semantic read pending; inventory/provenance only
nabdah-backend.zip	audit-artifacts/NABDAH_PHASE13_CONTRACT_INVENTORY_V4_20260819.json	33a0bc05e0388b4f6243924a4639c7da64093a3d12c5656773861c128a121e99	33a0bc05e0388b4f6243924a4639c7da64093a3d12c5656773861c128a121e99	YES	13720	OWNED_SOURCE_MEMBER	source/config	backend	NO	UNASSIGNED	UNASSIGNED	UNASSIGNED	UNASSIGNED	UNASSIGNED	UNASSIGNED	UNASSIGNED	UNASSIGNED	UNASSIGNED	UNASSIGNED	Semantic read pending; inventory/provenance only
nabdah-backend.zip	audit-artifacts/LAB_CONTRACT_RECONCILIATION_BLOCKER_20260818.md	97f4408dcca4df2c9c3082bc5bb6aeb069f7fe6f5f61747006d61156bdfab45b	97f4408dcca4df2c9c3082bc5bb6aeb069f7fe6f5f61747006d61156bdfab45b	YES	16	OWNED_SOURCE_MEMBER	source/config	backend	NO	UNASSIGNED	UNASSIGNED	UNASSIGNED	UNASSIGNED	UNASSIGNED	UNASSIGNED	UNASSIGNED	UNASSIGNED	UNASSIGNED	UNASSIGNED	Semantic read pending; inventory/provenance only
nabdah-backend.zip	audit-artifacts/NABDAH_PHASE5_INSURANCE_QUOTE_CONTRACT_GAPS_20260819.md	04c5c0aa059ea73a27d122da1392bef57fb0c94abf9cfa0ac6e98e595f7f434c	04c5c0aa059ea73a27d122da1392bef57fb0c94abf9cfa0ac6e98e595f7f434c	YES	21	OWNED_SOURCE_MEMBER	source/config	backend	NO	UNASSIGNED	UNASSIGNED	UNASSIGNED	UNASSIGNED	UNASSIGNED	UNASSIGNED	UNASSIGNED	UNASSIGNED	UNASSIGNED	UNASSIGNED	Semantic read pending; inventory/provenance only
nabdah-backend.zip	audit-artifacts/NABDAH_PROVIDER_FULL_LOCALE_STATIC_TEXT_MIGRATION_20260819.md	97a70e6d6f261e9407f84232c93fd49c686a382e202ca1e61eb102dc83459b10	97a70e6d6f261e9407f84232c93fd49c686a382e202ca1e61eb102dc83459b10	YES	53	OWNED_SOURCE_MEMBER	migration	backend	NO	UNASSIGNED	UNASSIGNED	UNASSIGNED	UNASSIGNED	UNASSIGNED	UNASSIGNED	UNASSIGNED	UNASSIGNED	UNASSIGNED	UNASSIGNED	Semantic read pending; inventory/provenance only
nabdah-backend.zip	audit-artifacts/NABDAH_PHASE8_BATCH_X_PROVIDER_PHARMACY_BROADCAST_CONTRACT_20260819.md	52c2569b44bfebab281d59a09b5f24e4b5c021ca12e58684b23e3171e1964a99	52c2569b44bfebab281d59a09b5f24e4b5c021ca12e58684b23e3171e1964a99	YES	33	OWNED_SOURCE_MEMBER	source/config	backend	NO	UNASSIGNED	UNASSIGNED	UNASSIGNED	UNASSIGNED	UNASSIGNED	UNASSIGNED	UNASSIGNED	UNASSIGNED	UNASSIGNED	UNASSIGNED	Semantic read pending; inventory/provenance only
nabdah-backend.zip	audit-artifacts/NABDAH_PHASE8_BATCH_G_CLINICAL_VITALS_CONTRACT_20260819.md	dd1d06ce784a03bb4cfd2d4dc5079c5600b7e0009222609972fe84c768945f0e	dd1d06ce784a03bb4cfd2d4dc5079c5600b7e0009222609972fe84c768945f0e	YES	29	OWNED_SOURCE_MEMBER	source/config	backend	NO	UNASSIGNED	UNASSIGNED	UNASSIGNED	UNASSIGNED	UNASSIGNED	UNASSIGNED	UNASSIGNED	UNASSIGNED	UNASSIGNED	UNASSIGNED	Semantic read pending; inventory/provenance only
nabdah-backend.zip	audit-artifacts/NABDAH_PHASE5_AUTHORIZATION_GUARD_GAPS_20260819.md	f64b5e14df89e86b08785a810aac47389f5749a7c9cac47d6334f397a2a8c76c	f64b5e14df89e86b08785a810aac47389f5749a7c9cac47d6334f397a2a8c76c	YES	20	OWNED_SOURCE_MEMBER	guard	backend	NO	UNASSIGNED	UNASSIGNED	UNASSIGNED	UNASSIGNED	UNASSIGNED	UNASSIGNED	UNASSIGNED	UNASSIGNED	UNASSIGNED	UNASSIGNED	Semantic read pending; inventory/provenance only
nabdah-backend.zip	audit-artifacts/NABDAH_ENDPOINT_CONTROLLER_RECONCILIATION_20260818.md	e94f109782a17fc549c6f49cdcbb8ef7a9c7aca2816d1a7c4a090b18e333e0e4	e94f109782a17fc549c6f49cdcbb8ef7a9c7aca2816d1a7c4a090b18e333e0e4	YES	7	OWNED_SOURCE_MEMBER	controller	backend	NO	UNASSIGNED	UNASSIGNED	UNASSIGNED	UNASSIGNED	UNASSIGNED	UNASSIGNED	UNASSIGNED	UNASSIGNED	UNASSIGNED	UNASSIGNED	Semantic read pending; inventory/provenance only
nabdah-backend.zip	audit-artifacts/provider_dashboard_insurance_static_audit_20260820.txt	eceb3cf0bffb6b9cc09f60fc568cf6652583314c5a3b936c6b9b4aef2b354a16	eceb3cf0bffb6b9cc09f60fc568cf6652583314c5a3b936c6b9b4aef2b354a16	YES	72	OWNED_SOURCE_MEMBER	source/config	backend	NO	UNASSIGNED	UNASSIGNED	UNASSIGNED	UNASSIGNED	UNASSIGNED	UNASSIGNED	UNASSIGNED	UNASSIGNED	UNASSIGNED	UNASSIGNED	Semantic read pending; inventory/provenance only
nabdah-backend.zip	audit-artifacts/NABDAH_DIRECT_COMPONENT_INVENTORY_20260818.txt	a6a939328fdcebf1593d47e15a72fae698d4188df008e1d2e2e296b8ab7adc12	a6a939328fdcebf1593d47e15a72fae698d4188df008e1d2e2e296b8ab7adc12	YES	582	OWNED_SOURCE_MEMBER	source/config	backend	NO	UNASSIGNED	UNASSIGNED	UNASSIGNED	UNASSIGNED	UNASSIGNED	UNASSIGNED	UNASSIGNED	UNASSIGNED	UNASSIGNED	UNASSIGNED	Semantic read pending; inventory/provenance only
nabdah-backend.zip	audit-artifacts/NABDAH_OWNER_REVIEWER_NEXT_ACTIONS_20260820.md	5b516813e2b44406e4f928e06174635f51f086dde5f89e5fb249ee9b72a9aad6	5b516813e2b44406e4f928e06174635f51f086dde5f89e5fb249ee9b72a9aad6	YES	66	OWNED_SOURCE_MEMBER	source/config	backend	NO	UNASSIGNED	UNASSIGNED	UNASSIGNED	UNASSIGNED	UNASSIGNED	UNASSIGNED	UNASSIGNED	UNASSIGNED	UNASSIGNED	UNASSIGNED	Semantic read pending; inventory/provenance only
nabdah-backend.zip	audit-artifacts/ADMIN_SOURCE_INVENTORY_20260818.txt	7ff8b14eebdbd8c4b2015a8fece3c289ae7e82696e407a4d5e8357c172af6659	7ff8b14eebdbd8c4b2015a8fece3c289ae7e82696e407a4d5e8357c172af6659	YES	177	OWNED_SOURCE_MEMBER	source/config	backend	NO	UNASSIGNED	UNASSIGNED	UNASSIGNED	UNASSIGNED	UNASSIGNED	UNASSIGNED	UNASSIGNED	UNASSIGNED	UNASSIGNED	UNASSIGNED	Semantic read pending; inventory/provenance only
nabdah-backend.zip	audit-artifacts/NABDAH_PHASE8_BATCH_P_PROVIDER_DIAGNOSTIC_REPORT_INTEGRITY_20260819.md	1317b89df880fa2b745fdd5d6395561b3cedc1586816bca3b93926113989a960	1317b89df880fa2b745fdd5d6395561b3cedc1586816bca3b93926113989a960	YES	29	OWNED_SOURCE_MEMBER	repository	backend	NO	UNASSIGNED	UNASSIGNED	UNASSIGNED	UNASSIGNED	UNASSIGNED	UNASSIGNED	UNASSIGNED	UNASSIGNED	UNASSIGNED	UNASSIGNED	Semantic read pending; inventory/provenance only
nabdah-backend.zip	audit-artifacts/PHASE5_REVALIDATION_SUMMARY_20260818.md	c223c478f04b87eaa1e951a8a776edb17d65cb542a93b7dbfb4e588040ea879a	c223c478f04b87eaa1e951a8a776edb17d65cb542a93b7dbfb4e588040ea879a	YES	17	OWNED_SOURCE_MEMBER	source/config	backend	NO	UNASSIGNED	UNASSIGNED	UNASSIGNED	UNASSIGNED	UNASSIGNED	UNASSIGNED	UNASSIGNED	UNASSIGNED	UNASSIGNED	UNASSIGNED	Semantic read pending; inventory/provenance only
nabdah-backend.zip	audit-artifacts/NABDAH_PHASE8_BATCH_T_INSURANCE_COPAY_INTEGRITY_20260819.md	f11dc3d700663162ede76ccfd77b5336c7fe4d9bc22d5aacbaec8da377d92905	f11dc3d700663162ede76ccfd77b5336c7fe4d9bc22d5aacbaec8da377d92905	YES	33	OWNED_SOURCE_MEMBER	source/config	backend	NO	UNASSIGNED	UNASSIGNED	UNASSIGNED	UNASSIGNED	UNASSIGNED	UNASSIGNED	UNASSIGNED	UNASSIGNED	UNASSIGNED	UNASSIGNED	Semantic read pending; inventory/provenance only
nabdah-backend.zip	audit-artifacts/PATIENT2_BOLA_READ_20260818.json	0fec2c82571402feab0a36fa065aa7808e3493241a8f146cbf45dac28449d7c2	0fec2c82571402feab0a36fa065aa7808e3493241a8f146cbf45dac28449d7c2	YES	1	OWNED_SOURCE_MEMBER	source/config	backend	NO	UNASSIGNED	UNASSIGNED	UNASSIGNED	UNASSIGNED	UNASSIGNED	UNASSIGNED	UNASSIGNED	UNASSIGNED	UNASSIGNED	UNASSIGNED	Semantic read pending; inventory/provenance only
nabdah-backend.zip	audit-artifacts/PATIENT_READONLY_LIVE_MATRIX_20260818.json	b22acfcb9fe0d92c2930cd8e404eaf6127d8004d04f012f22a2990770b913605	b22acfcb9fe0d92c2930cd8e404eaf6127d8004d04f012f22a2990770b913605	YES	23	OWNED_SOURCE_MEMBER	source/config	backend	NO	UNASSIGNED	UNASSIGNED	UNASSIGNED	UNASSIGNED	UNASSIGNED	UNASSIGNED	UNASSIGNED	UNASSIGNED	UNASSIGNED	UNASSIGNED	Semantic read pending; inventory/provenance only
nabdah-backend.zip	audit-artifacts/insurance_catalog_final_operational_static_scan_20260820.txt	b8f338ba4c7e17afc50d6f53dedbf7a5819f3ababdbacb3a522da956aeb3e331	b8f338ba4c7e17afc50d6f53dedbf7a5819f3ababdbacb3a522da956aeb3e331	YES	2	OWNED_SOURCE_MEMBER	source/config	backend	NO	UNASSIGNED	UNASSIGNED	UNASSIGNED	UNASSIGNED	UNASSIGNED	UNASSIGNED	UNASSIGNED	UNASSIGNED	UNASSIGNED	UNASSIGNED	Semantic read pending; inventory/provenance only
nabdah-backend.zip	audit-artifacts/NABDAH_PHASE2_NO_EXACT_ROUTE_REVIEW_20260819.md	4d63cde7df39002ce373b741ed239d435b91cbd114809ed3cfed09874e63ddc9	4d63cde7df39002ce373b741ed239d435b91cbd114809ed3cfed09874e63ddc9	YES	26	OWNED_SOURCE_MEMBER	source/config	backend	NO	UNASSIGNED	UNASSIGNED	UNASSIGNED	UNASSIGNED	UNASSIGNED	UNASSIGNED	UNASSIGNED	UNASSIGNED	UNASSIGNED	UNASSIGNED	Semantic read pending; inventory/provenance only
nabdah-backend.zip	audit-artifacts/FULL_E2E_BACKEND_ROUTE_CONTRACTS_20260817.md	5427b2246fb0ad0a376840a6c4e51531c0829dcb2ca3cf7623ee8c6b31d035e3	5427b2246fb0ad0a376840a6c4e51531c0829dcb2ca3cf7623ee8c6b31d035e3	YES	284	OWNED_SOURCE_MEMBER	source/config	backend	NO	UNASSIGNED	UNASSIGNED	UNASSIGNED	UNASSIGNED	UNASSIGNED	UNASSIGNED	UNASSIGNED	UNASSIGNED	UNASSIGNED	UNASSIGNED	Semantic read pending; inventory/provenance only
nabdah-backend.zip	audit-artifacts/NABDAH_PHASE2_MEDICAL_DATA_RISK_REVIEW_20260819.md	83ba829c22a0b1518dcca1a0d676b073b1db9316db95dd61786f383c50e8da49	83ba829c22a0b1518dcca1a0d676b073b1db9316db95dd61786f383c50e8da49	YES	16	OWNED_SOURCE_MEMBER	source/config	backend	NO	UNASSIGNED	UNASSIGNED	UNASSIGNED	UNASSIGNED	UNASSIGNED	UNASSIGNED	UNASSIGNED	UNASSIGNED	UNASSIGNED	UNASSIGNED	Semantic read pending; inventory/provenance only
nabdah-backend.zip	audit-artifacts/NABDAH_DIRECT_BACKEND_BUILD_ENV_BLOCKER_20260818.md	f5cbb53726cb03e8e323f3beeb10997f7354a75c45f64ad43cc370cb2574ef96	f5cbb53726cb03e8e323f3beeb10997f7354a75c45f64ad43cc370cb2574ef96	YES	7	OWNED_SOURCE_MEMBER	source/config	backend	NO	UNASSIGNED	UNASSIGNED	UNASSIGNED	UNASSIGNED	UNASSIGNED	UNASSIGNED	UNASSIGNED	UNASSIGNED	UNASSIGNED	UNASSIGNED	Semantic read pending; inventory/provenance only
nabdah-backend.zip	audit-artifacts/NABDAH_ENDPOINT_CONTROLLER_RECONCILIATION_20260818.tsv	ef4947bd68149cda834b3221e21ae3de5969b3672b239c3c8542efa6a3e6e80f	ef4947bd68149cda834b3221e21ae3de5969b3672b239c3c8542efa6a3e6e80f	YES	3166	OWNED_SOURCE_MEMBER	controller	backend	NO	UNASSIGNED	UNASSIGNED	UNASSIGNED	UNASSIGNED	UNASSIGNED	UNASSIGNED	UNASSIGNED	UNASSIGNED	UNASSIGNED	UNASSIGNED	Semantic read pending; inventory/provenance only
nabdah-backend.zip	audit-artifacts/NABDAH_PHASE8_BATCH_C_PAYMENT_AUTHORIZATION_WEBHOOKS_20260819.md	9c6325dbbd26f15c4e158c8478766bb7cd93c1b3a15fd4402a150f4a57741fda	9c6325dbbd26f15c4e158c8478766bb7cd93c1b3a15fd4402a150f4a57741fda	YES	30	OWNED_SOURCE_MEMBER	gateway	backend	NO	UNASSIGNED	UNASSIGNED	UNASSIGNED	UNASSIGNED	UNASSIGNED	UNASSIGNED	UNASSIGNED	UNASSIGNED	UNASSIGNED	UNASSIGNED	Semantic read pending; inventory/provenance only
nabdah-backend.zip	audit-artifacts/NABDAH_PHASE2_MANUAL_FINDINGS_BATCH_01_20260818.md	ff7207701dadca7ed12bd1d666d2bf42ef514d58f1c68c55ec02f814dfd5d4a3	ff7207701dadca7ed12bd1d666d2bf42ef514d58f1c68c55ec02f814dfd5d4a3	YES	19	OWNED_SOURCE_MEMBER	source/config	backend	NO	UNASSIGNED	UNASSIGNED	UNASSIGNED	UNASSIGNED	UNASSIGNED	UNASSIGNED	UNASSIGNED	UNASSIGNED	UNASSIGNED	UNASSIGNED	Semantic read pending; inventory/provenance only
nabdah-backend.zip	audit-artifacts/NABDAH_PHASE2_PATIENT_FULL_TREE_SOURCE_COMPARISON_20260819.md	107645d3dd5891360be1993320393f13f2099eb23df2f063cd836f037970c94a	107645d3dd5891360be1993320393f13f2099eb23df2f063cd836f037970c94a	YES	13	OWNED_SOURCE_MEMBER	source/config	backend	NO	UNASSIGNED	UNASSIGNED	UNASSIGNED	UNASSIGNED	UNASSIGNED	UNASSIGNED	UNASSIGNED	UNASSIGNED	UNASSIGNED	UNASSIGNED	Semantic read pending; inventory/provenance only
nabdah-backend.zip	audit-artifacts/NABDAH_SMART_CATALOG_BACKFILL_REVIEWER_RUNBOOK_20260820.md	16a62c4a3db298d0792c80f0890bbf014c3f31bb90259fa600015016d02e6e59	16a62c4a3db298d0792c80f0890bbf014c3f31bb90259fa600015016d02e6e59	YES	35	OWNED_SOURCE_MEMBER	source/config	backend	NO	UNASSIGNED	UNASSIGNED	UNASSIGNED	UNASSIGNED	UNASSIGNED	UNASSIGNED	UNASSIGNED	UNASSIGNED	UNASSIGNED	UNASSIGNED	Semantic read pending; inventory/provenance only
nabdah-backend.zip	audit-artifacts/NABDAH_PREPHASE13_DOCTOR_PRESCRIPTION_REMEDIATION_20260819.md	fe2086b8bb6a1235464c8a821c2e64fcc76c392e70b5875b24ff98e5a2c447af	fe2086b8bb6a1235464c8a821c2e64fcc76c392e70b5875b24ff98e5a2c447af	YES	53	OWNED_SOURCE_MEMBER	source/config	backend	NO	UNASSIGNED	UNASSIGNED	UNASSIGNED	UNASSIGNED	UNASSIGNED	UNASSIGNED	UNASSIGNED	UNASSIGNED	UNASSIGNED	UNASSIGNED	Semantic read pending; inventory/provenance only
nabdah-backend.zip	audit-artifacts/NABDAH_PHASE5_TRANSACTION_SCHEMA_DATA_GAPS_20260819.md	c0d4d03b24a9448a626e22ceaa5af5813b5b6ffd9434d960588b84c6a920b005	c0d4d03b24a9448a626e22ceaa5af5813b5b6ffd9434d960588b84c6a920b005	YES	18	OWNED_SOURCE_MEMBER	schema	backend	NO	UNASSIGNED	UNASSIGNED	UNASSIGNED	UNASSIGNED	UNASSIGNED	UNASSIGNED	UNASSIGNED	UNASSIGNED	UNASSIGNED	UNASSIGNED	Semantic read pending; inventory/provenance only
nabdah-backend.zip	audit-artifacts/FULL_CLOSURE_BASELINE_20260818.md	9bc6128714da95850ec93eae47cb7026ab2fdbb9d7361f419de55da1fbd454af	9bc6128714da95850ec93eae47cb7026ab2fdbb9d7361f419de55da1fbd454af	YES	15	OWNED_SOURCE_MEMBER	source/config	backend	NO	UNASSIGNED	UNASSIGNED	UNASSIGNED	UNASSIGNED	UNASSIGNED	UNASSIGNED	UNASSIGNED	UNASSIGNED	UNASSIGNED	UNASSIGNED	Semantic read pending; inventory/provenance only
nabdah-backend.zip	audit-artifacts/NABDAH_PHASE2_MONTHLY_REPORT_DATA_LOCALIZATION_GAP_20260819.md	7423ef2b95b9c772d21c4f50034a2038bdfaa8c6a424a6dfabd84f341f75691c	7423ef2b95b9c772d21c4f50034a2038bdfaa8c6a424a6dfabd84f341f75691c	YES	19	OWNED_SOURCE_MEMBER	repository	backend	NO	UNASSIGNED	UNASSIGNED	UNASSIGNED	UNASSIGNED	UNASSIGNED	UNASSIGNED	UNASSIGNED	UNASSIGNED	UNASSIGNED	UNASSIGNED	Semantic read pending; inventory/provenance only
nabdah-backend.zip	audit-artifacts/FULL_SYSTEMATIC_QA_EXECUTION_REGISTER_20260818.md	7f379b1831046061c957d862f3fd8f41c19d87d8fd8ab7ad577cb5473f966ae5	7f379b1831046061c957d862f3fd8f41c19d87d8fd8ab7ad577cb5473f966ae5	YES	94	OWNED_SOURCE_MEMBER	source/config	backend	NO	UNASSIGNED	UNASSIGNED	UNASSIGNED	UNASSIGNED	UNASSIGNED	UNASSIGNED	UNASSIGNED	UNASSIGNED	UNASSIGNED	UNASSIGNED	Semantic read pending; inventory/provenance only
nabdah-backend.zip	audit-artifacts/NABDAH_PHASE2_INSURANCE_PAYMENT_SPLIT_MISSING_ROUTE_20260819.md	6bb3a2412b7292c46effa02d719091948b087173a2dd5438a7f8d657e3bb6f58	6bb3a2412b7292c46effa02d719091948b087173a2dd5438a7f8d657e3bb6f58	YES	26	OWNED_SOURCE_MEMBER	gateway	backend	NO	UNASSIGNED	UNASSIGNED	UNASSIGNED	UNASSIGNED	UNASSIGNED	UNASSIGNED	UNASSIGNED	UNASSIGNED	UNASSIGNED	UNASSIGNED	Semantic read pending; inventory/provenance only
nabdah-backend.zip	audit-artifacts/NABDAH_DIRECT_SOURCE_BRANCH_EVIDENCE_20260818.md	ebacbb0393afe06cd58d0199961fae8d3889a4e0892c12eca0b064cd398514bc	ebacbb0393afe06cd58d0199961fae8d3889a4e0892c12eca0b064cd398514bc	YES	16	OWNED_SOURCE_MEMBER	source/config	backend	NO	UNASSIGNED	UNASSIGNED	UNASSIGNED	UNASSIGNED	UNASSIGNED	UNASSIGNED	UNASSIGNED	UNASSIGNED	UNASSIGNED	UNASSIGNED	Semantic read pending; inventory/provenance only
nabdah-backend.zip	audit-artifacts/NABDAH_PHASE2_MOOD_JOURNAL_CONTRACT_GAP_20260819.md	a116890b985ddb059beb33fff2c7be74add0786af3908b0dfdd24d46c3d256ff	a116890b985ddb059beb33fff2c7be74add0786af3908b0dfdd24d46c3d256ff	YES	22	OWNED_SOURCE_MEMBER	source/config	backend	NO	UNASSIGNED	UNASSIGNED	UNASSIGNED	UNASSIGNED	UNASSIGNED	UNASSIGNED	UNASSIGNED	UNASSIGNED	UNASSIGNED	UNASSIGNED	Semantic read pending; inventory/provenance only
nabdah-backend.zip	audit-artifacts/DEVICE_VALIDATION_INVENTORY_20260817.md	82fd1d945f0f00442ad2ffc4fe76f64e0b7943c485b3e8341b3ba556947e4830	82fd1d945f0f00442ad2ffc4fe76f64e0b7943c485b3e8341b3ba556947e4830	YES	40	OWNED_SOURCE_MEMBER	source/config	backend	NO	UNASSIGNED	UNASSIGNED	UNASSIGNED	UNASSIGNED	UNASSIGNED	UNASSIGNED	UNASSIGNED	UNASSIGNED	UNASSIGNED	UNASSIGNED	Semantic read pending; inventory/provenance only
nabdah-backend.zip	audit-artifacts/NABDAH_PHASE10_DEPENDENCY_RISK_TRIAGE_20260819.md	6bbec058760016d1ab56c36bcb2e79740e4d27074a5aaffea1750a02ca69085e	6bbec058760016d1ab56c36bcb2e79740e4d27074a5aaffea1750a02ca69085e	YES	20	OWNED_SOURCE_MEMBER	source/config	backend	NO	UNASSIGNED	UNASSIGNED	UNASSIGNED	UNASSIGNED	UNASSIGNED	UNASSIGNED	UNASSIGNED	UNASSIGNED	UNASSIGNED	UNASSIGNED	Semantic read pending; inventory/provenance only
nabdah-backend.zip	audit-artifacts/PROVIDER_RADIOLOGY_EXACT_READ_20260818.json	90c5b02d1d1e72e92fb780e8da964a36258a9f5c04178c04defc921c465773bc	90c5b02d1d1e72e92fb780e8da964a36258a9f5c04178c04defc921c465773bc	YES	1	OWNED_SOURCE_MEMBER	source/config	backend	NO	UNASSIGNED	UNASSIGNED	UNASSIGNED	UNASSIGNED	UNASSIGNED	UNASSIGNED	UNASSIGNED	UNASSIGNED	UNASSIGNED	UNASSIGNED	Semantic read pending; inventory/provenance only
nabdah-backend.zip	audit-artifacts/NABDAH_UNMATCHED_API_REVIEW_20260818.tsv	82c2c02654414e5a57270927fd2fbc2064137988a158f250296cce3721006c11	82c2c02654414e5a57270927fd2fbc2064137988a158f250296cce3721006c11	YES	353	OWNED_SOURCE_MEMBER	source/config	backend	NO	UNASSIGNED	UNASSIGNED	UNASSIGNED	UNASSIGNED	UNASSIGNED	UNASSIGNED	UNASSIGNED	UNASSIGNED	UNASSIGNED	UNASSIGNED	Semantic read pending; inventory/provenance only
nabdah-backend.zip	audit-artifacts/NABDAH_PROVIDER_AGREEMENT_FAIL_CLOSED_20260819.md	06b5e40cba8928e0afd1b99618c3121d90d88563a379393a0ae1280a5d001efd	06b5e40cba8928e0afd1b99618c3121d90d88563a379393a0ae1280a5d001efd	YES	41	OWNED_SOURCE_MEMBER	source/config	backend	NO	UNASSIGNED	UNASSIGNED	UNASSIGNED	UNASSIGNED	UNASSIGNED	UNASSIGNED	UNASSIGNED	UNASSIGNED	UNASSIGNED	UNASSIGNED	Semantic read pending; inventory/provenance only
nabdah-backend.zip	audit-artifacts/PROVIDER_SPECIALTY_CONTRACT_MAP_20260818.md	3a6d7b2a7d14899e859a088ca4a6fddcbbdecb76b9ae6eaf87e1365526aafec1	3a6d7b2a7d14899e859a088ca4a6fddcbbdecb76b9ae6eaf87e1365526aafec1	YES	317	OWNED_SOURCE_MEMBER	source/config	backend	NO	UNASSIGNED	UNASSIGNED	UNASSIGNED	UNASSIGNED	UNASSIGNED	UNASSIGNED	UNASSIGNED	UNASSIGNED	UNASSIGNED	UNASSIGNED	Semantic read pending; inventory/provenance only
nabdah-backend.zip	audit-artifacts/NABDAH_EXPO_MIGRATION_METHOD_20260819.md	1a4656ddd91fb6941cd38c2ac63078ee6e658f75c1f730b4dfd2c4877a30baac	1a4656ddd91fb6941cd38c2ac63078ee6e658f75c1f730b4dfd2c4877a30baac	YES	17	OWNED_SOURCE_MEMBER	migration	backend	NO	UNASSIGNED	UNASSIGNED	UNASSIGNED	UNASSIGNED	UNASSIGNED	UNASSIGNED	UNASSIGNED	UNASSIGNED	UNASSIGNED	UNASSIGNED	Semantic read pending; inventory/provenance only
nabdah-backend.zip	audit-artifacts/NABDAH_PHASE3_FINAL_CLOSURE_DOUBLE_CHECK_20260819.md	79d7831d2b3b481e9d333a17bd807d31bc72992086ad93b87b292e6d696dfe67	79d7831d2b3b481e9d333a17bd807d31bc72992086ad93b87b292e6d696dfe67	YES	35	OWNED_SOURCE_MEMBER	source/config	backend	NO	UNASSIGNED	UNASSIGNED	UNASSIGNED	UNASSIGNED	UNASSIGNED	UNASSIGNED	UNASSIGNED	UNASSIGNED	UNASSIGNED	UNASSIGNED	Semantic read pending; inventory/provenance only
nabdah-backend.zip	audit-artifacts/NABDAH_PHASE8_BATCH_F_FAMILY_OWNERSHIP_CONTRACTS_20260819.md	86552f45e6800782f45ea021d65ff7d5a8a1103e19c6a8d6fcc64b2fc007346e	86552f45e6800782f45ea021d65ff7d5a8a1103e19c6a8d6fcc64b2fc007346e	YES	31	OWNED_SOURCE_MEMBER	source/config	backend	NO	UNASSIGNED	UNASSIGNED	UNASSIGNED	UNASSIGNED	UNASSIGNED	UNASSIGNED	UNASSIGNED	UNASSIGNED	UNASSIGNED	UNASSIGNED	Semantic read pending; inventory/provenance only
nabdah-backend.zip	audit-artifacts/NABDAH_BUILD_ENVIRONMENT_GATE_20260818.md	f5b574babb18b9c91d2689e4d74fb9a49c0949306d24ab8d8bc4ca750fa510be	f5b574babb18b9c91d2689e4d74fb9a49c0949306d24ab8d8bc4ca750fa510be	YES	19	OWNED_SOURCE_MEMBER	source/config	backend	NO	UNASSIGNED	UNASSIGNED	UNASSIGNED	UNASSIGNED	UNASSIGNED	UNASSIGNED	UNASSIGNED	UNASSIGNED	UNASSIGNED	UNASSIGNED	Semantic read pending; inventory/provenance only
nabdah-backend.zip	audit-artifacts/NABDAH_PHASE4_FINAL_CLOSURE_DOUBLE_CHECK_20260819.md	7516395f59f5319a72b100538b8b852108aa9c1f9aee56e32c5207cd498f9f28	7516395f59f5319a72b100538b8b852108aa9c1f9aee56e32c5207cd498f9f28	YES	34	OWNED_SOURCE_MEMBER	source/config	backend	NO	UNASSIGNED	UNASSIGNED	UNASSIGNED	UNASSIGNED	UNASSIGNED	UNASSIGNED	UNASSIGNED	UNASSIGNED	UNASSIGNED	UNASSIGNED	Semantic read pending; inventory/provenance only
nabdah-backend.zip	audit-artifacts/NABDAH_PHASE2_WALLET_TRANSFER_CARD_CONTRACT_GAPS_20260819.md	a4860e48120715fa1b67c4823d781aed001ecefa2c3b4c52e6a0994cc593da16	a4860e48120715fa1b67c4823d781aed001ecefa2c3b4c52e6a0994cc593da16	YES	21	OWNED_SOURCE_MEMBER	source/config	backend	NO	UNASSIGNED	UNASSIGNED	UNASSIGNED	UNASSIGNED	UNASSIGNED	UNASSIGNED	UNASSIGNED	UNASSIGNED	UNASSIGNED	UNASSIGNED	Semantic read pending; inventory/provenance only
nabdah-backend.zip	audit-artifacts/PROVIDER_REGISTRATION_DEFAULTS_POSTFIX_SCAN_20260818.txt	7216ac34674d85b1ec214df434126ffb58dd7ab705efd1172f238b75e399df83	7216ac34674d85b1ec214df434126ffb58dd7ab705efd1172f238b75e399df83	YES	109	OWNED_SOURCE_MEMBER	source/config	backend	NO	UNASSIGNED	UNASSIGNED	UNASSIGNED	UNASSIGNED	UNASSIGNED	UNASSIGNED	UNASSIGNED	UNASSIGNED	UNASSIGNED	UNASSIGNED	Semantic read pending; inventory/provenance only
nabdah-backend.zip	audit-artifacts/PATIENT_EXACT_READ_PROBE_20260818.md	27a26835169ea1617f4e0a1ea593428e90247b1631e646fde512a71a7cbe4dc2	27a26835169ea1617f4e0a1ea593428e90247b1631e646fde512a71a7cbe4dc2	YES	3	OWNED_SOURCE_MEMBER	source/config	backend	NO	UNASSIGNED	UNASSIGNED	UNASSIGNED	UNASSIGNED	UNASSIGNED	UNASSIGNED	UNASSIGNED	UNASSIGNED	UNASSIGNED	UNASSIGNED	Semantic read pending; inventory/provenance only
nabdah-backend.zip	audit-artifacts/PROVIDER_HOSPITAL_EXACT_READ_20260818.json	d087d538dfcc30246ada86a02acd7c9e776656ff4389c93b3b6dec1776d45477	d087d538dfcc30246ada86a02acd7c9e776656ff4389c93b3b6dec1776d45477	YES	1	OWNED_SOURCE_MEMBER	source/config	backend	NO	UNASSIGNED	UNASSIGNED	UNASSIGNED	UNASSIGNED	UNASSIGNED	UNASSIGNED	UNASSIGNED	UNASSIGNED	UNASSIGNED	UNASSIGNED	Semantic read pending; inventory/provenance only
nabdah-backend.zip	audit-artifacts/NABDAH_PHASE9_FINAL_DOUBLE_CHECK_20260819.md	350179fdd90250ab84071b74b97aeff28dc52fb64b05e1fcebd2c5163abec323	350179fdd90250ab84071b74b97aeff28dc52fb64b05e1fcebd2c5163abec323	YES	42	OWNED_SOURCE_MEMBER	source/config	backend	NO	UNASSIGNED	UNASSIGNED	UNASSIGNED	UNASSIGNED	UNASSIGNED	UNASSIGNED	UNASSIGNED	UNASSIGNED	UNASSIGNED	UNASSIGNED	Semantic read pending; inventory/provenance only
nabdah-backend.zip	audit-artifacts/NABDAH_PHASE5_CONSISTENCY_RECONCILIATION_GAPS_20260819.md	b62df038e469f48cdf4ebd1ce9253193174a9613f89cd60de7ad99bdfa7f2330	b62df038e469f48cdf4ebd1ce9253193174a9613f89cd60de7ad99bdfa7f2330	YES	19	OWNED_SOURCE_MEMBER	source/config	backend	NO	UNASSIGNED	UNASSIGNED	UNASSIGNED	UNASSIGNED	UNASSIGNED	UNASSIGNED	UNASSIGNED	UNASSIGNED	UNASSIGNED	UNASSIGNED	Semantic read pending; inventory/provenance only
nabdah-backend.zip	audit-artifacts/NABDAH_PHASE16_HOSPITAL_PROVIDER_ROLE_REMEDIATION_20260819.md	f6283c2ffa03def307b308da970f1dcb36ae88994192e38ec8393cf4650ddaea	f6283c2ffa03def307b308da970f1dcb36ae88994192e38ec8393cf4650ddaea	YES	64	OWNED_SOURCE_MEMBER	source/config	backend	NO	UNASSIGNED	UNASSIGNED	UNASSIGNED	UNASSIGNED	UNASSIGNED	UNASSIGNED	UNASSIGNED	UNASSIGNED	UNASSIGNED	UNASSIGNED	Semantic read pending; inventory/provenance only
nabdah-backend.zip	audit-artifacts/NABDAH_PHASE11_SANDBOX_READONLY_AUTHORIZATION_WAVE2_20260819.md	9e7f58a5f323f2dad97639bc90554dd6b02d849dd92cb8367c351731f7596ad7	9e7f58a5f323f2dad97639bc90554dd6b02d849dd92cb8367c351731f7596ad7	YES	28	OWNED_SOURCE_MEMBER	source/config	backend	NO	UNASSIGNED	UNASSIGNED	UNASSIGNED	UNASSIGNED	UNASSIGNED	UNASSIGNED	UNASSIGNED	UNASSIGNED	UNASSIGNED	UNASSIGNED	Semantic read pending; inventory/provenance only
nabdah-backend.zip	audit-artifacts/NABDAH_PHASE8_BATCH_AC_FACILITY_STAFF_ASSIGNMENT_INTEGRITY_20260819.md	7b94c52062662f74ad6a84c661d0e00c06b17fbf9c6207b183a2848da25d92d0	7b94c52062662f74ad6a84c661d0e00c06b17fbf9c6207b183a2848da25d92d0	YES	30	OWNED_SOURCE_MEMBER	source/config	backend	NO	UNASSIGNED	UNASSIGNED	UNASSIGNED	UNASSIGNED	UNASSIGNED	UNASSIGNED	UNASSIGNED	UNASSIGNED	UNASSIGNED	UNASSIGNED	Semantic read pending; inventory/provenance only
nabdah-backend.zip	audit-artifacts/NABDAH_PHASE13_EXIT_CRITERIA_REVIEW_20260819.md	1c646b8694a6eb050bf3a3ab70900e53f6ccdabaecc7ccd465fbb5feee9de8db	1c646b8694a6eb050bf3a3ab70900e53f6ccdabaecc7ccd465fbb5feee9de8db	YES	34	OWNED_SOURCE_MEMBER	source/config	backend	NO	UNASSIGNED	UNASSIGNED	UNASSIGNED	UNASSIGNED	UNASSIGNED	UNASSIGNED	UNASSIGNED	UNASSIGNED	UNASSIGNED	UNASSIGNED	Semantic read pending; inventory/provenance only
nabdah-backend.zip	audit-artifacts/ADMIN_DISPUTES_SOURCE_SCOPE_BLOCKER_20260818.md	73c2592f7886c8fad2a52204f9028c868b72be57f55c9baed8be514d46e10280	73c2592f7886c8fad2a52204f9028c868b72be57f55c9baed8be514d46e10280	YES	5	OWNED_SOURCE_MEMBER	source/config	backend	NO	UNASSIGNED	UNASSIGNED	UNASSIGNED	UNASSIGNED	UNASSIGNED	UNASSIGNED	UNASSIGNED	UNASSIGNED	UNASSIGNED	UNASSIGNED	Semantic read pending; inventory/provenance only
nabdah-backend.zip	audit-artifacts/NABDAH_PHASE2_CONSULTATION_INSURANCE_FINANCIAL_GAP_20260819.md	c8120645751722140f2680233232a2deceef8bd5274d9e6e860d518df1176b05	c8120645751722140f2680233232a2deceef8bd5274d9e6e860d518df1176b05	YES	26	OWNED_SOURCE_MEMBER	source/config	backend	NO	UNASSIGNED	UNASSIGNED	UNASSIGNED	UNASSIGNED	UNASSIGNED	UNASSIGNED	UNASSIGNED	UNASSIGNED	UNASSIGNED	UNASSIGNED	Semantic read pending; inventory/provenance only
nabdah-backend.zip	audit-artifacts/NABDAH_BACKEND_DEPENDENCY_MIGRATION_20260819.md	ff71912df8beb2262304b5ba0c859fca8ec334e2dfdbc9f2f3b6eb674e773bd3	ff71912df8beb2262304b5ba0c859fca8ec334e2dfdbc9f2f3b6eb674e773bd3	YES	47	OWNED_SOURCE_MEMBER	migration	backend	NO	UNASSIGNED	UNASSIGNED	UNASSIGNED	UNASSIGNED	UNASSIGNED	UNASSIGNED	UNASSIGNED	UNASSIGNED	UNASSIGNED	UNASSIGNED	Semantic read pending; inventory/provenance only
nabdah-backend.zip	audit-artifacts/NABDAH_PROVIDER_SIX_LOCALE_FOUNDATION_20260819.md	a8f951f88f06c643873b6aed2d8ae1b1fe587cdea0f0813e1861126d13897782	a8f951f88f06c643873b6aed2d8ae1b1fe587cdea0f0813e1861126d13897782	YES	76	OWNED_SOURCE_MEMBER	source/config	backend	NO	UNASSIGNED	UNASSIGNED	UNASSIGNED	UNASSIGNED	UNASSIGNED	UNASSIGNED	UNASSIGNED	UNASSIGNED	UNASSIGNED	UNASSIGNED	Semantic read pending; inventory/provenance only
nabdah-backend.zip	audit-artifacts/NABDAH_PHASE12_FINAL_PRODUCTION_READINESS_REPORT_20260819.md	3ce14d0be8f7a0577364da2dc801ab43a39b2427ec99b8ff6a40d6de49ee69cf	3ce14d0be8f7a0577364da2dc801ab43a39b2427ec99b8ff6a40d6de49ee69cf	YES	107	OWNED_SOURCE_MEMBER	repository	backend	NO	UNASSIGNED	UNASSIGNED	UNASSIGNED	UNASSIGNED	UNASSIGNED	UNASSIGNED	UNASSIGNED	UNASSIGNED	UNASSIGNED	UNASSIGNED	Semantic read pending; inventory/provenance only
nabdah-backend.zip	audit-artifacts/PROVIDER_HOSPITAL_SINGLE_LOGIN_20260818.json	3cb37ca287cb0e91594079c240d59ed9ea283ee438265bbde961a6bf3312d8fe	3cb37ca287cb0e91594079c240d59ed9ea283ee438265bbde961a6bf3312d8fe	YES	1	OWNED_SOURCE_MEMBER	source/config	backend	NO	UNASSIGNED	UNASSIGNED	UNASSIGNED	UNASSIGNED	UNASSIGNED	UNASSIGNED	UNASSIGNED	UNASSIGNED	UNASSIGNED	UNASSIGNED	Semantic read pending; inventory/provenance only
nabdah-backend.zip	audit-artifacts/NABDAH_PHASE2_PATIENT_METHOD_MISMATCH_REMEDIATION_QUEUE_20260818.tsv	0b6b00b2972a9f7503aaf8f4280e2a14694db41f9e8bf2b9e7874804dce002a1	0b6b00b2972a9f7503aaf8f4280e2a14694db41f9e8bf2b9e7874804dce002a1	YES	21	OWNED_SOURCE_MEMBER	job	backend	NO	UNASSIGNED	UNASSIGNED	UNASSIGNED	UNASSIGNED	UNASSIGNED	UNASSIGNED	UNASSIGNED	UNASSIGNED	UNASSIGNED	UNASSIGNED	Semantic read pending; inventory/provenance only
nabdah-backend.zip	audit-artifacts/NABDAH_PHASE5_EVENT_BUS_OUTBOX_GAPS_20260819.md	380ec809f669fced1483eee149b5d003c0f32c1d94fe9ebde32b000337943db9	380ec809f669fced1483eee149b5d003c0f32c1d94fe9ebde32b000337943db9	YES	18	OWNED_SOURCE_MEMBER	source/config	backend	NO	UNASSIGNED	UNASSIGNED	UNASSIGNED	UNASSIGNED	UNASSIGNED	UNASSIGNED	UNASSIGNED	UNASSIGNED	UNASSIGNED	UNASSIGNED	Semantic read pending; inventory/provenance only
nabdah-backend.zip	audit-artifacts/NABDAH_PHASE16_PRESCRIPTION_DOCTOR_IDENTITY_P0_REMEDIATION_20260820.md	08d10484f461c49b9b5f32cf6a4c8c3c17c9e0d692d5290cb8840e206e299d23	08d10484f461c49b9b5f32cf6a4c8c3c17c9e0d692d5290cb8840e206e299d23	YES	54	OWNED_SOURCE_MEMBER	source/config	backend	NO	UNASSIGNED	UNASSIGNED	UNASSIGNED	UNASSIGNED	UNASSIGNED	UNASSIGNED	UNASSIGNED	UNASSIGNED	UNASSIGNED	UNASSIGNED	Semantic read pending; inventory/provenance only
nabdah-backend.zip	audit-artifacts/NABDAH_SOURCE_AUTHORITY_CORRECTION_20260818.md	1da55d0feb1445c9b28034eda6a3d0b0c005bbf010aa49bb3ee63b3636196dd0	1da55d0feb1445c9b28034eda6a3d0b0c005bbf010aa49bb3ee63b3636196dd0	YES	15	OWNED_SOURCE_MEMBER	source/config	backend	NO	UNASSIGNED	UNASSIGNED	UNASSIGNED	UNASSIGNED	UNASSIGNED	UNASSIGNED	UNASSIGNED	UNASSIGNED	UNASSIGNED	UNASSIGNED	Semantic read pending; inventory/provenance only
nabdah-backend.zip	audit-artifacts/NABDAH_PHASE2_PATIENT_FEATURE_DECISION_SUMMARY_20260818.md	28722111cf7bfbabc0787e443e0104736dc6ec0c327dc3a82bf4ad8ebacd437e	28722111cf7bfbabc0787e443e0104736dc6ec0c327dc3a82bf4ad8ebacd437e	YES	30	OWNED_SOURCE_MEMBER	source/config	backend	NO	UNASSIGNED	UNASSIGNED	UNASSIGNED	UNASSIGNED	UNASSIGNED	UNASSIGNED	UNASSIGNED	UNASSIGNED	UNASSIGNED	UNASSIGNED	Semantic read pending; inventory/provenance only
nabdah-backend.zip	audit-artifacts/NABDAH_PHASE9_BACKEND_DEPENDENCY_LOCK_INTEGRITY_20260819.md	0e61c63616ce691710b4b03266839c058ed6145a2e2623c6598ebcc90b22cc3c	0e61c63616ce691710b4b03266839c058ed6145a2e2623c6598ebcc90b22cc3c	YES	22	OWNED_SOURCE_MEMBER	source/config	backend	NO	UNASSIGNED	UNASSIGNED	UNASSIGNED	UNASSIGNED	UNASSIGNED	UNASSIGNED	UNASSIGNED	UNASSIGNED	UNASSIGNED	UNASSIGNED	Semantic read pending; inventory/provenance only
nabdah-backend.zip	audit-artifacts/DEVICE_nabd_plus-prebuild.out	f0781739239c79945171bf0fcb32ecbc4b8761ba9a056269b070d48cd1df55c4	f0781739239c79945171bf0fcb32ecbc4b8761ba9a056269b070d48cd1df55c4	YES	14	EXCLUSION_OTHER	non-source archive member	backend	NO	UNASSIGNED	UNASSIGNED	UNASSIGNED	UNASSIGNED	UNASSIGNED	UNASSIGNED	UNASSIGNED	UNASSIGNED	UNASSIGNED	UNASSIGNED	Semantic read pending; inventory/provenance only
nabdah-backend.zip	audit-artifacts/PROVIDER_PHARMACY_CORRECT_BROADCAST_READ_20260818.json	d228c07e8179652dcf2517af63c56b52e891e41f5768977617d8098c4a6a2d88	d228c07e8179652dcf2517af63c56b52e891e41f5768977617d8098c4a6a2d88	YES	1	OWNED_SOURCE_MEMBER	source/config	backend	NO	UNASSIGNED	UNASSIGNED	UNASSIGNED	UNASSIGNED	UNASSIGNED	UNASSIGNED	UNASSIGNED	UNASSIGNED	UNASSIGNED	UNASSIGNED	Semantic read pending; inventory/provenance only
nabdah-backend.zip	audit-artifacts/PATIENT_404_CONTRACT_CLASSIFICATION_20260818.md	1574fe1e9863db9eaa912331235de29cbbea1242a2c3d13e9fb9039082fd3bc6	1574fe1e9863db9eaa912331235de29cbbea1242a2c3d13e9fb9039082fd3bc6	YES	218	OWNED_SOURCE_MEMBER	source/config	backend	NO	UNASSIGNED	UNASSIGNED	UNASSIGNED	UNASSIGNED	UNASSIGNED	UNASSIGNED	UNASSIGNED	UNASSIGNED	UNASSIGNED	UNASSIGNED	Semantic read pending; inventory/provenance only
nabdah-backend.zip	audit-artifacts/NABDAH_PHASE2_PATIENT_OPEN_CONTRACT_CLASSIFICATION_20260818.tsv	36edc37d53c036525fed91b6e92b7baef741075bbd95716bda3b41941099b1c5	36edc37d53c036525fed91b6e92b7baef741075bbd95716bda3b41941099b1c5	YES	33	OWNED_SOURCE_MEMBER	source/config	backend	NO	UNASSIGNED	UNASSIGNED	UNASSIGNED	UNASSIGNED	UNASSIGNED	UNASSIGNED	UNASSIGNED	UNASSIGNED	UNASSIGNED	UNASSIGNED	Semantic read pending; inventory/provenance only
nabdah-backend.zip	audit-artifacts/DEVICE_nabd_plus-expo-config.json	b1e885d59c78777470703eef092aaa3cd2a56b03a50adcf792ea682fef8718f5	b1e885d59c78777470703eef092aaa3cd2a56b03a50adcf792ea682fef8718f5	YES	1	OWNED_SOURCE_MEMBER	config	backend	NO	UNASSIGNED	UNASSIGNED	UNASSIGNED	UNASSIGNED	UNASSIGNED	UNASSIGNED	UNASSIGNED	UNASSIGNED	UNASSIGNED	UNASSIGNED	Semantic read pending; inventory/provenance only
nabdah-backend.zip	audit-artifacts/NABDAH_PHASE19_RERUN_STATUS_AND_EXECUTABLE_BLOCKERS_20260820.md	ccad8b2c1fb1b235f3cb39c32ee9820f436c96f27962d32ad45891e97e0b98d9	ccad8b2c1fb1b235f3cb39c32ee9820f436c96f27962d32ad45891e97e0b98d9	YES	53	OWNED_SOURCE_MEMBER	source/config	backend	NO	UNASSIGNED	UNASSIGNED	UNASSIGNED	UNASSIGNED	UNASSIGNED	UNASSIGNED	UNASSIGNED	UNASSIGNED	UNASSIGNED	UNASSIGNED	Semantic read pending; inventory/provenance only
nabdah-backend.zip	audit-artifacts/ERROR_CODE_REGISTRY_REVIEW_DRAFT_20260817.md	f4214e076551ac15452ca79692e1e79d5230474d64b34457d75f6ec8768586ad	f4214e076551ac15452ca79692e1e79d5230474d64b34457d75f6ec8768586ad	YES	56	OWNED_SOURCE_MEMBER	source/config	backend	NO	UNASSIGNED	UNASSIGNED	UNASSIGNED	UNASSIGNED	UNASSIGNED	UNASSIGNED	UNASSIGNED	UNASSIGNED	UNASSIGNED	UNASSIGNED	Semantic read pending; inventory/provenance only
nabdah-backend.zip	audit-artifacts/NABDAH_PROVIDER_LAB_TRUTHFULNESS_20260819.md	7d00af49488d4eb46ca054457a28dfd738511046d3d59473050b16be0d27e41e	7d00af49488d4eb46ca054457a28dfd738511046d3d59473050b16be0d27e41e	YES	42	OWNED_SOURCE_MEMBER	source/config	backend	NO	UNASSIGNED	UNASSIGNED	UNASSIGNED	UNASSIGNED	UNASSIGNED	UNASSIGNED	UNASSIGNED	UNASSIGNED	UNASSIGNED	UNASSIGNED	Semantic read pending; inventory/provenance only
nabdah-backend.zip	audit-artifacts/NABDAH_PHASE3_PROVIDER_LAB_OPERATIONS_GAPS_20260819.md	57c9f1eba7b4328b75b88bfa56f0afe7a7b1ea9e2fa7ddc2d2f99f14273682cd	57c9f1eba7b4328b75b88bfa56f0afe7a7b1ea9e2fa7ddc2d2f99f14273682cd	YES	20	OWNED_SOURCE_MEMBER	source/config	backend	NO	UNASSIGNED	UNASSIGNED	UNASSIGNED	UNASSIGNED	UNASSIGNED	UNASSIGNED	UNASSIGNED	UNASSIGNED	UNASSIGNED	UNASSIGNED	Semantic read pending; inventory/provenance only
nabdah-backend.zip	audit-artifacts/NABDAH_ACTUAL_API_CALLS_20260818.tsv	c8e762bd15fbe0c0ecb8e97fecfa1d1f6233ce316602f06174e07a90386e4fb1	c8e762bd15fbe0c0ecb8e97fecfa1d1f6233ce316602f06174e07a90386e4fb1	YES	405	OWNED_SOURCE_MEMBER	source/config	backend	NO	UNASSIGNED	UNASSIGNED	UNASSIGNED	UNASSIGNED	UNASSIGNED	UNASSIGNED	UNASSIGNED	UNASSIGNED	UNASSIGNED	UNASSIGNED	Semantic read pending; inventory/provenance only
nabdah-backend.zip	audit-artifacts/NABDAH_MASTER_FULL_SYSTEMATIC_QA_AND_REMEDIATION_PLAN_20260818.md	a8aa552e3a54cba876b24b15e6cbe5f2982ec4cbfd22ceff7e8cc84dc4094769	a8aa552e3a54cba876b24b15e6cbe5f2982ec4cbfd22ceff7e8cc84dc4094769	YES	73	OWNED_SOURCE_MEMBER	source/config	backend	NO	UNASSIGNED	UNASSIGNED	UNASSIGNED	UNASSIGNED	UNASSIGNED	UNASSIGNED	UNASSIGNED	UNASSIGNED	UNASSIGNED	UNASSIGNED	Semantic read pending; inventory/provenance only
nabdah-backend.zip	audit-artifacts/EMERGENCY_LOCATION_POLICY_REVIEW_DRAFT_20260817.md	762cb469131baf9a3dc179d03cfca4ce4f4cbd6aa35621d5ecdd7bef4f7ad3c1	762cb469131baf9a3dc179d03cfca4ce4f4cbd6aa35621d5ecdd7bef4f7ad3c1	YES	42	OWNED_SOURCE_MEMBER	source/config	backend	NO	UNASSIGNED	UNASSIGNED	UNASSIGNED	UNASSIGNED	UNASSIGNED	UNASSIGNED	UNASSIGNED	UNASSIGNED	UNASSIGNED	UNASSIGNED	Semantic read pending; inventory/provenance only
nabdah-backend.zip	audit-artifacts/PROVIDER_READONLY_FINDINGS_20260818.md	7326bd654b19750e1940f3857972ec031fcd30d3c9c397bc9c94f35a771ca2ac	7326bd654b19750e1940f3857972ec031fcd30d3c9c397bc9c94f35a771ca2ac	YES	5	OWNED_SOURCE_MEMBER	source/config	backend	NO	UNASSIGNED	UNASSIGNED	UNASSIGNED	UNASSIGNED	UNASSIGNED	UNASSIGNED	UNASSIGNED	UNASSIGNED	UNASSIGNED	UNASSIGNED	Semantic read pending; inventory/provenance only
nabdah-backend.zip	audit-artifacts/NABDAH_PHASE3_PROVIDER_PHARMACY_BROADCAST_GAPS_20260819.md	a8019dab93da1c1cbfa0303052c5fe37d645e379cbaab83a6ca4e493a441b124	a8019dab93da1c1cbfa0303052c5fe37d645e379cbaab83a6ca4e493a441b124	YES	20	OWNED_SOURCE_MEMBER	source/config	backend	NO	UNASSIGNED	UNASSIGNED	UNASSIGNED	UNASSIGNED	UNASSIGNED	UNASSIGNED	UNASSIGNED	UNASSIGNED	UNASSIGNED	UNASSIGNED	Semantic read pending; inventory/provenance only
nabdah-backend.zip	audit-artifacts/NABDAH_PHASE10_FINAL_DOUBLE_CHECK_20260819.md	21d122dffc1acf05c644031954e73786a1b75066ccff4afb03e8111e3bc0e666	21d122dffc1acf05c644031954e73786a1b75066ccff4afb03e8111e3bc0e666	YES	29	OWNED_SOURCE_MEMBER	source/config	backend	NO	UNASSIGNED	UNASSIGNED	UNASSIGNED	UNASSIGNED	UNASSIGNED	UNASSIGNED	UNASSIGNED	UNASSIGNED	UNASSIGNED	UNASSIGNED	Semantic read pending; inventory/provenance only
nabdah-backend.zip	audit-artifacts/NABDAH_REVIEW_HANDOVER_CURRENT_STATE_20260819.md	b43cb710ce22d10bb89352d54583a87899e5c837525215c8c369db0a4e87f13e	b43cb710ce22d10bb89352d54583a87899e5c837525215c8c369db0a4e87f13e	YES	139	OWNED_SOURCE_MEMBER	source/config	backend	NO	UNASSIGNED	UNASSIGNED	UNASSIGNED	UNASSIGNED	UNASSIGNED	UNASSIGNED	UNASSIGNED	UNASSIGNED	UNASSIGNED	UNASSIGNED	Semantic read pending; inventory/provenance only
nabdah-backend.zip	audit-artifacts/NABDAH_PHASE4_ADMIN_AUTHORIZATION_SHELL_BASELINE_20260819.md	65c006a5795941dfa5bb89ba0af7e6aa497e9dffcfd1f69f3532252d9882b0b7	65c006a5795941dfa5bb89ba0af7e6aa497e9dffcfd1f69f3532252d9882b0b7	YES	16	OWNED_SOURCE_MEMBER	source/config	backend	NO	UNASSIGNED	UNASSIGNED	UNASSIGNED	UNASSIGNED	UNASSIGNED	UNASSIGNED	UNASSIGNED	UNASSIGNED	UNASSIGNED	UNASSIGNED	Semantic read pending; inventory/provenance only
nabdah-backend.zip	audit-artifacts/NABDAH_PHASE8_BATCH_AA_PROVIDER_PAYOUT_RESERVATION_INTEGRITY_20260819.md	f5c82fa1c65861cb2ae936fbf490625216515f1ef91e4524d6c37d618498d9dd	f5c82fa1c65861cb2ae936fbf490625216515f1ef91e4524d6c37d618498d9dd	YES	35	OWNED_SOURCE_MEMBER	source/config	backend	NO	UNASSIGNED	UNASSIGNED	UNASSIGNED	UNASSIGNED	UNASSIGNED	UNASSIGNED	UNASSIGNED	UNASSIGNED	UNASSIGNED	UNASSIGNED	Semantic read pending; inventory/provenance only
nabdah-backend.zip	audit-artifacts/NABDAH_PHASE2_FINAL_CLOSURE_DOUBLE_CHECK_20260819.md	fd3b86dc3cc33e10c264ab28fd15b33c3d3878484fdcba7b9d1833c5f06525bd	fd3b86dc3cc33e10c264ab28fd15b33c3d3878484fdcba7b9d1833c5f06525bd	YES	34	OWNED_SOURCE_MEMBER	source/config	backend	NO	UNASSIGNED	UNASSIGNED	UNASSIGNED	UNASSIGNED	UNASSIGNED	UNASSIGNED	UNASSIGNED	UNASSIGNED	UNASSIGNED	UNASSIGNED	Semantic read pending; inventory/provenance only
nabdah-backend.zip	audit-artifacts/NABDAH_PHASE16_PRESCRIPTION_CONTRACT_AND_BOLA_REMEDIATION_20260819.md	3e0b08a7e6d49b34f2b2aef59f7650ef013764e66ff1be6b082c67d87c941a2d	3e0b08a7e6d49b34f2b2aef59f7650ef013764e66ff1be6b082c67d87c941a2d	YES	119	OWNED_SOURCE_MEMBER	source/config	backend	NO	UNASSIGNED	UNASSIGNED	UNASSIGNED	UNASSIGNED	UNASSIGNED	UNASSIGNED	UNASSIGNED	UNASSIGNED	UNASSIGNED	UNASSIGNED	Semantic read pending; inventory/provenance only
nabdah-backend.zip	audit-artifacts/NABDAH_PHASE13_UI_ACTION_INVENTORY_V2_SUMMARY_20260819.md	dc48f01537dbb0b3780c755b0c708347e213609e54d001527ca88fedc68871e8	dc48f01537dbb0b3780c755b0c708347e213609e54d001527ca88fedc68871e8	YES	64	OWNED_SOURCE_MEMBER	source/config	backend	NO	UNASSIGNED	UNASSIGNED	UNASSIGNED	UNASSIGNED	UNASSIGNED	UNASSIGNED	UNASSIGNED	UNASSIGNED	UNASSIGNED	UNASSIGNED	Semantic read pending; inventory/provenance only
nabdah-backend.zip	audit-artifacts/NABDAH_PHASE3_PROVIDER_FACILITY_OPERATIONS_GAPS_20260819.md	23358dde40df466e386a920f6c27d8d1e11ae1f5c2170745389d1c3d02baf61a	23358dde40df466e386a920f6c27d8d1e11ae1f5c2170745389d1c3d02baf61a	YES	20	OWNED_SOURCE_MEMBER	source/config	backend	NO	UNASSIGNED	UNASSIGNED	UNASSIGNED	UNASSIGNED	UNASSIGNED	UNASSIGNED	UNASSIGNED	UNASSIGNED	UNASSIGNED	UNASSIGNED	Semantic read pending; inventory/provenance only
nabdah-backend.zip	audit-artifacts/DEVICE_NabdProvider-android-build.out	1e90d6d1f84344cf24dfd67652c7bbe63654668fa247be338d7fe63adf79de65	1e90d6d1f84344cf24dfd67652c7bbe63654668fa247be338d7fe63adf79de65	YES	9	EXCLUSION_OTHER	non-source archive member	backend	NO	UNASSIGNED	UNASSIGNED	UNASSIGNED	UNASSIGNED	UNASSIGNED	UNASSIGNED	UNASSIGNED	UNASSIGNED	UNASSIGNED	UNASSIGNED	Semantic read pending; inventory/provenance only
nabdah-backend.zip	audit-artifacts/NABDAH_PHASE18_LOCALE_ACCESSIBILITY_TECHNICAL_ACCEPTANCE_20260819.md	d999c090ab5698617ae9a5dd91ab0cf83f42b904dc010698ef344f8e2e56937b	d999c090ab5698617ae9a5dd91ab0cf83f42b904dc010698ef344f8e2e56937b	YES	46	OWNED_SOURCE_MEMBER	source/config	backend	NO	UNASSIGNED	UNASSIGNED	UNASSIGNED	UNASSIGNED	UNASSIGNED	UNASSIGNED	UNASSIGNED	UNASSIGNED	UNASSIGNED	UNASSIGNED	Semantic read pending; inventory/provenance only
nabdah-backend.zip	audit-artifacts/NABDAH_PHASE9_RELEASE_CANDIDATE_AND_ROLLBACK_PLAN_20260819.md	07cee6c4ce51aa0abeec78e7baddf627132580ed69d66418ee3b84e2d9901ecd	07cee6c4ce51aa0abeec78e7baddf627132580ed69d66418ee3b84e2d9901ecd	YES	47	OWNED_SOURCE_MEMBER	source/config	backend	NO	UNASSIGNED	UNASSIGNED	UNASSIGNED	UNASSIGNED	UNASSIGNED	UNASSIGNED	UNASSIGNED	UNASSIGNED	UNASSIGNED	UNASSIGNED	Semantic read pending; inventory/provenance only
nabdah-backend.zip	audit-artifacts/DEVICE_AUTOMATED_BUILD_RESULTS_20260817.md	04fac1c0292e400494ef82d8fee747500755fbcaccc706d7a2d2f1f530f3421d	04fac1c0292e400494ef82d8fee747500755fbcaccc706d7a2d2f1f530f3421d	YES	15	OWNED_SOURCE_MEMBER	source/config	backend	NO	UNASSIGNED	UNASSIGNED	UNASSIGNED	UNASSIGNED	UNASSIGNED	UNASSIGNED	UNASSIGNED	UNASSIGNED	UNASSIGNED	UNASSIGNED	Semantic read pending; inventory/provenance only
nabdah-backend.zip	audit-artifacts/PATIENT_SINGLE_LOGIN_RETRY_20260818.json	3cb37ca287cb0e91594079c240d59ed9ea283ee438265bbde961a6bf3312d8fe	3cb37ca287cb0e91594079c240d59ed9ea283ee438265bbde961a6bf3312d8fe	YES	1	OWNED_SOURCE_MEMBER	source/config	backend	NO	UNASSIGNED	UNASSIGNED	UNASSIGNED	UNASSIGNED	UNASSIGNED	UNASSIGNED	UNASSIGNED	UNASSIGNED	UNASSIGNED	UNASSIGNED	Semantic read pending; inventory/provenance only
nabdah-backend.zip	audit-artifacts/NABDAH_PHASE2_VITALS_CONTRACT_CLINICAL_SAFETY_GAP_20260819.md	6abc6da453850484d0268947f98a6e941f87c5a4f83421cb6fc281343bc3177a	6abc6da453850484d0268947f98a6e941f87c5a4f83421cb6fc281343bc3177a	YES	29	OWNED_SOURCE_MEMBER	source/config	backend	NO	UNASSIGNED	UNASSIGNED	UNASSIGNED	UNASSIGNED	UNASSIGNED	UNASSIGNED	UNASSIGNED	UNASSIGNED	UNASSIGNED	UNASSIGNED	Semantic read pending; inventory/provenance only
nabdah-backend.zip	audit-artifacts/NABDAH_PHASE4_ADMIN_USER_MANAGEMENT_GAPS_20260819.md	ca9d188449a60ed78eae6b93e89b038c697244e9f4d6f66a71ebc3dfab4dd1a9	ca9d188449a60ed78eae6b93e89b038c697244e9f4d6f66a71ebc3dfab4dd1a9	YES	21	OWNED_SOURCE_MEMBER	source/config	backend	NO	UNASSIGNED	UNASSIGNED	UNASSIGNED	UNASSIGNED	UNASSIGNED	UNASSIGNED	UNASSIGNED	UNASSIGNED	UNASSIGNED	UNASSIGNED	Semantic read pending; inventory/provenance only
nabdah-backend.zip	audit-artifacts/NABDAH_BRANCH_COMPONENT_MAP_20260818.md	e9c499a76bec7491261b2abc331ab723dae3cb374e8521511ee75d397c5da9d6	e9c499a76bec7491261b2abc331ab723dae3cb374e8521511ee75d397c5da9d6	YES	18	OWNED_SOURCE_MEMBER	source/config	backend	NO	UNASSIGNED	UNASSIGNED	UNASSIGNED	UNASSIGNED	UNASSIGNED	UNASSIGNED	UNASSIGNED	UNASSIGNED	UNASSIGNED	UNASSIGNED	Semantic read pending; inventory/provenance only
nabdah-backend.zip	audit-artifacts/NABDAH_PHASE2_SENSITIVE_PATIENT_DECISION_MATRIX_20260818.tsv	d158eb311ef378db303d506ba0929c8ab1d527b14abc40d5bcc9a98cfd780874	d158eb311ef378db303d506ba0929c8ab1d527b14abc40d5bcc9a98cfd780874	YES	44	OWNED_SOURCE_MEMBER	source/config	backend	NO	UNASSIGNED	UNASSIGNED	UNASSIGNED	UNASSIGNED	UNASSIGNED	UNASSIGNED	UNASSIGNED	UNASSIGNED	UNASSIGNED	UNASSIGNED	Semantic read pending; inventory/provenance only
nabdah-backend.zip	audit-artifacts/NABDAH_PHASE8_BATCH_AK_ADMIN_AI_PHI_GOVERNANCE_CONTAINMENT_20260819.md	3b550d5a40d823afa9ce23c24665f248aacf8098f10929f1080ee5ff4b01a89c	3b550d5a40d823afa9ce23c24665f248aacf8098f10929f1080ee5ff4b01a89c	YES	31	OWNED_SOURCE_MEMBER	source/config	backend	NO	UNASSIGNED	UNASSIGNED	UNASSIGNED	UNASSIGNED	UNASSIGNED	UNASSIGNED	UNASSIGNED	UNASSIGNED	UNASSIGNED	UNASSIGNED	Semantic read pending; inventory/provenance only
nabdah-backend.zip	audit-artifacts/COMMUNICATIONS_SOURCE_TRACE_20260817.txt	bf80baa70f467741b46b725ed10d57cdb53ba132440a69d79e3ee8a10239d78b	bf80baa70f467741b46b725ed10d57cdb53ba132440a69d79e3ee8a10239d78b	YES	1280	OWNED_SOURCE_MEMBER	source/config	backend	NO	UNASSIGNED	UNASSIGNED	UNASSIGNED	UNASSIGNED	UNASSIGNED	UNASSIGNED	UNASSIGNED	UNASSIGNED	UNASSIGNED	UNASSIGNED	Semantic read pending; inventory/provenance only
nabdah-backend.zip	audit-artifacts/NABDAH_PHASE10_ADMIN_DEPENDENCY_AUDIT_REMEDIATION_20260819.md	078aad4c371e6ad392885b920a2d3c230f8a0725ada36159284a10a66391d9ea	078aad4c371e6ad392885b920a2d3c230f8a0725ada36159284a10a66391d9ea	YES	20	OWNED_SOURCE_MEMBER	source/config	backend	NO	UNASSIGNED	UNASSIGNED	UNASSIGNED	UNASSIGNED	UNASSIGNED	UNASSIGNED	UNASSIGNED	UNASSIGNED	UNASSIGNED	UNASSIGNED	Semantic read pending; inventory/provenance only
nabdah-backend.zip	audit-artifacts/NABDAH_SCREEN_BUTTON_CONTRACT_UNIQUE_20260818.tsv	ac80b0cacbb1f9e02ea9da18bd7f1c6fc49047ccce591b35f165fe704fa0a82c	ac80b0cacbb1f9e02ea9da18bd7f1c6fc49047ccce591b35f165fe704fa0a82c	YES	3159	OWNED_SOURCE_MEMBER	source/config	backend	NO	UNASSIGNED	UNASSIGNED	UNASSIGNED	UNASSIGNED	UNASSIGNED	UNASSIGNED	UNASSIGNED	UNASSIGNED	UNASSIGNED	UNASSIGNED	Semantic read pending; inventory/provenance only
nabdah-backend.zip	audit-artifacts/NABDAH_PHASE5_REALTIME_WEBSOCKET_SECURITY_GAPS_20260819.md	635b1699f0f01c7d230109bf510c2896937bfc4b0df74af97db1112122b5300f	635b1699f0f01c7d230109bf510c2896937bfc4b0df74af97db1112122b5300f	YES	20	OWNED_SOURCE_MEMBER	source/config	backend	NO	UNASSIGNED	UNASSIGNED	UNASSIGNED	UNASSIGNED	UNASSIGNED	UNASSIGNED	UNASSIGNED	UNASSIGNED	UNASSIGNED	UNASSIGNED	Semantic read pending; inventory/provenance only
nabdah-backend.zip	audit-artifacts/insurance_catalog_postfix_static_scan_20260820.txt	14e10ffd19a3bce310cba96fca2fbbe68c2a5a4c1af06b79a00546fbfea56c72	14e10ffd19a3bce310cba96fca2fbbe68c2a5a4c1af06b79a00546fbfea56c72	YES	3	OWNED_SOURCE_MEMBER	source/config	backend	NO	UNASSIGNED	UNASSIGNED	UNASSIGNED	UNASSIGNED	UNASSIGNED	UNASSIGNED	UNASSIGNED	UNASSIGNED	UNASSIGNED	UNASSIGNED	Semantic read pending; inventory/provenance only
nabdah-backend.zip	audit-artifacts/NABDAH_EXPANDED_FULL_SYSTEMATIC_QA_MATRIX_20260818.md	9b53cfc5d661fa8308379f68514bb5bc8b9838ff85a1bd8be3c31fd3f2554d6d	9b53cfc5d661fa8308379f68514bb5bc8b9838ff85a1bd8be3c31fd3f2554d6d	YES	72	OWNED_SOURCE_MEMBER	source/config	backend	NO	UNASSIGNED	UNASSIGNED	UNASSIGNED	UNASSIGNED	UNASSIGNED	UNASSIGNED	UNASSIGNED	UNASSIGNED	UNASSIGNED	UNASSIGNED	Semantic read pending; inventory/provenance only
nabdah-backend.zip	audit-artifacts/NABDAH_PHASE8_BATCH_AH_ADMIN_CAMPAIGN_DELIVERY_GOVERNANCE_20260819.md	74683440b7dbf8f7fa7697f046cb134da73778dd88969f990bedec458a3cdc92	74683440b7dbf8f7fa7697f046cb134da73778dd88969f990bedec458a3cdc92	YES	33	OWNED_SOURCE_MEMBER	source/config	backend	NO	UNASSIGNED	UNASSIGNED	UNASSIGNED	UNASSIGNED	UNASSIGNED	UNASSIGNED	UNASSIGNED	UNASSIGNED	UNASSIGNED	UNASSIGNED	Semantic read pending; inventory/provenance only
nabdah-backend.zip	audit-artifacts/NABDAH_PHASE16_SANDBOX_EXECUTION_REGISTER_20260819.md	be75e98167e60712e6e48c0ea17084d2d26b9c88f8da3216a8e86eb325862773	be75e98167e60712e6e48c0ea17084d2d26b9c88f8da3216a8e86eb325862773	YES	63	OWNED_SOURCE_MEMBER	source/config	backend	NO	UNASSIGNED	UNASSIGNED	UNASSIGNED	UNASSIGNED	UNASSIGNED	UNASSIGNED	UNASSIGNED	UNASSIGNED	UNASSIGNED	UNASSIGNED	Semantic read pending; inventory/provenance only
nabdah-backend.zip	audit-artifacts/DEVICE_NabdProvider-eas-build.out	19473f86b0d12802fa0b49c6e7cac3ced150391eb70203c646cdfdbff5569e37	19473f86b0d12802fa0b49c6e7cac3ced150391eb70203c646cdfdbff5569e37	YES	5	EXCLUSION_OTHER	non-source archive member	backend	NO	UNASSIGNED	UNASSIGNED	UNASSIGNED	UNASSIGNED	UNASSIGNED	UNASSIGNED	UNASSIGNED	UNASSIGNED	UNASSIGNED	UNASSIGNED	Semantic read pending; inventory/provenance only
nabdah-backend.zip	audit-artifacts/NABDAH_RECONCILIATION_BACKEND_ROUTES_20260818.tsv	6fbb050bd8acd33be841d61bb1d30898ca5485098664bd40207016a2ac615893	6fbb050bd8acd33be841d61bb1d30898ca5485098664bd40207016a2ac615893	YES	1392	OWNED_SOURCE_MEMBER	source/config	backend	NO	UNASSIGNED	UNASSIGNED	UNASSIGNED	UNASSIGNED	UNASSIGNED	UNASSIGNED	UNASSIGNED	UNASSIGNED	UNASSIGNED	UNASSIGNED	Semantic read pending; inventory/provenance only
nabdah-backend.zip	audit-artifacts/PROVIDER_NATIVE_PREBUILD_20260818.md	15843bfcc0dda493a34ae2064fc1a6044d6d70493b36ef2ad7846499c16ed964	15843bfcc0dda493a34ae2064fc1a6044d6d70493b36ef2ad7846499c16ed964	YES	7	OWNED_SOURCE_MEMBER	source/config	backend	NO	UNASSIGNED	UNASSIGNED	UNASSIGNED	UNASSIGNED	UNASSIGNED	UNASSIGNED	UNASSIGNED	UNASSIGNED	UNASSIGNED	UNASSIGNED	Semantic read pending; inventory/provenance only
nabdah-backend.zip	audit-artifacts/NABDAH_PHASE2_SENSITIVE_CANDIDATE_IDENTICAL_REVIEW_20260819.md	defd8f0432c65bbf02a4549b5d33654ccf21e36b4d87e6d0c564977ed1449980	defd8f0432c65bbf02a4549b5d33654ccf21e36b4d87e6d0c564977ed1449980	YES	17	OWNED_SOURCE_MEMBER	source/config	backend	NO	UNASSIGNED	UNASSIGNED	UNASSIGNED	UNASSIGNED	UNASSIGNED	UNASSIGNED	UNASSIGNED	UNASSIGNED	UNASSIGNED	UNASSIGNED	Semantic read pending; inventory/provenance only
nabdah-backend.zip	audit-artifacts/DEVICE_NabdProvider-prebuild.out	8216291ad75eba6c32b02e40382f8b25182bfdfec8013e3c6f449111f02df097	8216291ad75eba6c32b02e40382f8b25182bfdfec8013e3c6f449111f02df097	YES	14	EXCLUSION_OTHER	non-source archive member	backend	NO	UNASSIGNED	UNASSIGNED	UNASSIGNED	UNASSIGNED	UNASSIGNED	UNASSIGNED	UNASSIGNED	UNASSIGNED	UNASSIGNED	UNASSIGNED	Semantic read pending; inventory/provenance only
nabdah-backend.zip	audit-artifacts/NABDAH_AGENT_TRANSITION_OPEN_WORK_AND_REMAINING_PHASES_20260819.md	eddcf451c503f05417d066e268af831d280ba33c6f2ebc01c485397df3710929	eddcf451c503f05417d066e268af831d280ba33c6f2ebc01c485397df3710929	YES	184	OWNED_SOURCE_MEMBER	source/config	backend	NO	UNASSIGNED	UNASSIGNED	UNASSIGNED	UNASSIGNED	UNASSIGNED	UNASSIGNED	UNASSIGNED	UNASSIGNED	UNASSIGNED	UNASSIGNED	Semantic read pending; inventory/provenance only
nabdah-backend.zip	audit-artifacts/NABDAH_PHASE8_BATCH_R_CHRONIC_REFILL_INTEGRITY_20260819.md	ba9d49a304377f55cb02d691e3ed64d81dad0743534b00f35b44160904438ca5	ba9d49a304377f55cb02d691e3ed64d81dad0743534b00f35b44160904438ca5	YES	36	OWNED_SOURCE_MEMBER	source/config	backend	NO	UNASSIGNED	UNASSIGNED	UNASSIGNED	UNASSIGNED	UNASSIGNED	UNASSIGNED	UNASSIGNED	UNASSIGNED	UNASSIGNED	UNASSIGNED	Semantic read pending; inventory/provenance only
nabdah-backend.zip	audit-artifacts/PROVIDER_PHARMACY_SINGLE_LOGIN_20260818.json	3cb37ca287cb0e91594079c240d59ed9ea283ee438265bbde961a6bf3312d8fe	3cb37ca287cb0e91594079c240d59ed9ea283ee438265bbde961a6bf3312d8fe	YES	1	OWNED_SOURCE_MEMBER	source/config	backend	NO	UNASSIGNED	UNASSIGNED	UNASSIGNED	UNASSIGNED	UNASSIGNED	UNASSIGNED	UNASSIGNED	UNASSIGNED	UNASSIGNED	UNASSIGNED	Semantic read pending; inventory/provenance only
nabdah-backend.zip	audit-artifacts/NABDAH_PHASE19_FINAL_READINESS_VERDICT_20260819.md	fa97fc4fca50c4ca347157cde15748f32033f64d10c67f35b72287379d2b82dd	fa97fc4fca50c4ca347157cde15748f32033f64d10c67f35b72287379d2b82dd	YES	67	OWNED_SOURCE_MEMBER	source/config	backend	NO	UNASSIGNED	UNASSIGNED	UNASSIGNED	UNASSIGNED	UNASSIGNED	UNASSIGNED	UNASSIGNED	UNASSIGNED	UNASSIGNED	UNASSIGNED	Semantic read pending; inventory/provenance only
nabdah-backend.zip	audit-artifacts/PROVIDER_API_CONSUMER_CALLS_20260818.txt	ef94caf34d55a58be91781c6ff32cad23159516c85d9c880a89ae1349890f7f3	ef94caf34d55a58be91781c6ff32cad23159516c85d9c880a89ae1349890f7f3	YES	318	OWNED_SOURCE_MEMBER	source/config	backend	NO	UNASSIGNED	UNASSIGNED	UNASSIGNED	UNASSIGNED	UNASSIGNED	UNASSIGNED	UNASSIGNED	UNASSIGNED	UNASSIGNED	UNASSIGNED	Semantic read pending; inventory/provenance only
nabdah-backend.zip	audit-artifacts/NABDAH_PHASE3_PROVIDER_RADIOLOGY_OPERATIONS_GAPS_20260819.md	7f6d1b132b03551c30861edc19202110071f089d921a3ed80796f526a98c9522	7f6d1b132b03551c30861edc19202110071f089d921a3ed80796f526a98c9522	YES	21	OWNED_SOURCE_MEMBER	source/config	backend	NO	UNASSIGNED	UNASSIGNED	UNASSIGNED	UNASSIGNED	UNASSIGNED	UNASSIGNED	UNASSIGNED	UNASSIGNED	UNASSIGNED	UNASSIGNED	Semantic read pending; inventory/provenance only
nabdah-backend.zip	audit-artifacts/NABDAH_RECONCILIATION_SOURCE_UI_MARKERS_20260818.tsv	9ab7b70d79e2162a39e3a2d1554c315eb585883fcdc6f1d06260f1b590f33f81	9ab7b70d79e2162a39e3a2d1554c315eb585883fcdc6f1d06260f1b590f33f81	YES	4208	OWNED_SOURCE_MEMBER	source/config	backend	NO	UNASSIGNED	UNASSIGNED	UNASSIGNED	UNASSIGNED	UNASSIGNED	UNASSIGNED	UNASSIGNED	UNASSIGNED	UNASSIGNED	UNASSIGNED	Semantic read pending; inventory/provenance only
nabdah-backend.zip	audit-artifacts/FULL_PLAN_RECONCILIATION_WORKING_NOTES_20260817.md	32e5213860b8eab965d095fd6fb62a5ab4a6d2082fe4b1b069d4dcc4089064a5	32e5213860b8eab965d095fd6fb62a5ab4a6d2082fe4b1b069d4dcc4089064a5	YES	57	OWNED_SOURCE_MEMBER	source/config	backend	NO	UNASSIGNED	UNASSIGNED	UNASSIGNED	UNASSIGNED	UNASSIGNED	UNASSIGNED	UNASSIGNED	UNASSIGNED	UNASSIGNED	UNASSIGNED	Semantic read pending; inventory/provenance only
nabdah-backend.zip	audit-artifacts/NABDAH_BACKEND_COMPILED_ROUTES_20260818.tsv	e8fe9cb82f8c284b6d335dac0778a271b36b4edaf1e982267f25749386baa8a5	e8fe9cb82f8c284b6d335dac0778a271b36b4edaf1e982267f25749386baa8a5	YES	934	OWNED_SOURCE_MEMBER	source/config	backend	NO	UNASSIGNED	UNASSIGNED	UNASSIGNED	UNASSIGNED	UNASSIGNED	UNASSIGNED	UNASSIGNED	UNASSIGNED	UNASSIGNED	UNASSIGNED	Semantic read pending; inventory/provenance only
nabdah-backend.zip	audit-artifacts/COMMUNICATIONS_IMPLEMENTATION_VERIFICATION_20260817.md	71635c6c882689a98d6eefdf5f2f69f3ba9a8941a00235e41e0927aad2b227c4	71635c6c882689a98d6eefdf5f2f69f3ba9a8941a00235e41e0927aad2b227c4	YES	81	OWNED_SOURCE_MEMBER	source/config	backend	NO	UNASSIGNED	UNASSIGNED	UNASSIGNED	UNASSIGNED	UNASSIGNED	UNASSIGNED	UNASSIGNED	UNASSIGNED	UNASSIGNED	UNASSIGNED	Semantic read pending; inventory/provenance only
nabdah-backend.zip	audit-artifacts/NABDAH_PHASE3_PROVIDER_AMBULANCE_EMERGENCY_GAPS_20260819.md	17e84f5b1611122d78a12ed7f1b422de78feb2d27c9771547a2b9724e1bf4428	17e84f5b1611122d78a12ed7f1b422de78feb2d27c9771547a2b9724e1bf4428	YES	20	OWNED_SOURCE_MEMBER	source/config	backend	NO	UNASSIGNED	UNASSIGNED	UNASSIGNED	UNASSIGNED	UNASSIGNED	UNASSIGNED	UNASSIGNED	UNASSIGNED	UNASSIGNED	UNASSIGNED	Semantic read pending; inventory/provenance only
nabdah-backend.zip	audit-artifacts/DEVICE_NabdProvider-web-export.out	c75c3c9b1a2276f8f6cb7add5ed2db6eeda378a3b895c156c4b409da43a06676	c75c3c9b1a2276f8f6cb7add5ed2db6eeda378a3b895c156c4b409da43a06676	YES	14	EXCLUSION_OTHER	non-source archive member	backend	NO	UNASSIGNED	UNASSIGNED	UNASSIGNED	UNASSIGNED	UNASSIGNED	UNASSIGNED	UNASSIGNED	UNASSIGNED	UNASSIGNED	UNASSIGNED	Semantic read pending; inventory/provenance only
nabdah-backend.zip	audit-artifacts/NABDAH_PHASE8_BATCH_S_FAMILY_CALENDAR_CONTRACT_20260819.md	438abb2f1d9f31154ed3c90fd2f30d383a0ec86730227f5b06d8ec8fc4b8d016	438abb2f1d9f31154ed3c90fd2f30d383a0ec86730227f5b06d8ec8fc4b8d016	YES	34	OWNED_SOURCE_MEMBER	source/config	backend	NO	UNASSIGNED	UNASSIGNED	UNASSIGNED	UNASSIGNED	UNASSIGNED	UNASSIGNED	UNASSIGNED	UNASSIGNED	UNASSIGNED	UNASSIGNED	Semantic read pending; inventory/provenance only
nabdah-backend.zip	audit-artifacts/PROVIDER_INTAKE_CONSUMER_MAP_20260818.txt	41d878bb727c843d6cfac27f9b38e8d9aa42401d5b8ee290831d3a7d3136cca6	41d878bb727c843d6cfac27f9b38e8d9aa42401d5b8ee290831d3a7d3136cca6	YES	507	OWNED_SOURCE_MEMBER	source/config	backend	NO	UNASSIGNED	UNASSIGNED	UNASSIGNED	UNASSIGNED	UNASSIGNED	UNASSIGNED	UNASSIGNED	UNASSIGNED	UNASSIGNED	UNASSIGNED	Semantic read pending; inventory/provenance only
nabdah-backend.zip	audit-artifacts/NABDAH_PHASE3_PROVIDER_NURSING_OPERATIONS_GAPS_20260819.md	a4409579c1f09bb4bcfc39c3022c0a467a9ebe2637f0cd9c05f2513ac64466d0	a4409579c1f09bb4bcfc39c3022c0a467a9ebe2637f0cd9c05f2513ac64466d0	YES	21	OWNED_SOURCE_MEMBER	source/config	backend	NO	UNASSIGNED	UNASSIGNED	UNASSIGNED	UNASSIGNED	UNASSIGNED	UNASSIGNED	UNASSIGNED	UNASSIGNED	UNASSIGNED	UNASSIGNED	Semantic read pending; inventory/provenance only
nabdah-backend.zip	audit-artifacts/NABDAH_PHASE2_MEDICATION_REMINDER_CONTRACT_GAP_20260819.md	eeb133896e4f2d0deed2edf3f99c14197ef1b499c08d52069c90c72bd1a532c7	eeb133896e4f2d0deed2edf3f99c14197ef1b499c08d52069c90c72bd1a532c7	YES	22	OWNED_SOURCE_MEMBER	source/config	backend	NO	UNASSIGNED	UNASSIGNED	UNASSIGNED	UNASSIGNED	UNASSIGNED	UNASSIGNED	UNASSIGNED	UNASSIGNED	UNASSIGNED	UNASSIGNED	Semantic read pending; inventory/provenance only
nabdah-backend.zip	audit-artifacts/NABDAH_PHASE6_FINAL_CLOSURE_DOUBLE_CHECK_20260819.md	0222d52d67b54f8f1b11a7bc16ba96fdd866d87cdfad162ac0ef208cd4ea59bb	0222d52d67b54f8f1b11a7bc16ba96fdd866d87cdfad162ac0ef208cd4ea59bb	YES	31	OWNED_SOURCE_MEMBER	source/config	backend	NO	UNASSIGNED	UNASSIGNED	UNASSIGNED	UNASSIGNED	UNASSIGNED	UNASSIGNED	UNASSIGNED	UNASSIGNED	UNASSIGNED	UNASSIGNED	Semantic read pending; inventory/provenance only
nabdah-backend.zip	audit-artifacts/NABDAH_PHASE2_SUPPORT_CHAT_TICKET_CONTRACT_GAPS_20260819.md	b0f4f6c6890bf301375723bd14ba8a4f5bbaad252cf8bab51619c1d83a7ec4de	b0f4f6c6890bf301375723bd14ba8a4f5bbaad252cf8bab51619c1d83a7ec4de	YES	19	OWNED_SOURCE_MEMBER	source/config	backend	NO	UNASSIGNED	UNASSIGNED	UNASSIGNED	UNASSIGNED	UNASSIGNED	UNASSIGNED	UNASSIGNED	UNASSIGNED	UNASSIGNED	UNASSIGNED	Semantic read pending; inventory/provenance only
nabdah-backend.zip	audit-artifacts/NABDAH_PHASE8_BATCH_AG_ADMIN_GOVERNANCE_MAINTENANCE_INTEGRITY_20260819.md	2d3fbe21380e7485a4aab7111d76f28f3369740c68b3e49e6db72143b43e1fa3	2d3fbe21380e7485a4aab7111d76f28f3369740c68b3e49e6db72143b43e1fa3	YES	32	OWNED_SOURCE_MEMBER	source/config	backend	NO	UNASSIGNED	UNASSIGNED	UNASSIGNED	UNASSIGNED	UNASSIGNED	UNASSIGNED	UNASSIGNED	UNASSIGNED	UNASSIGNED	UNASSIGNED	Semantic read pending; inventory/provenance only
nabdah-backend.zip	audit-artifacts/NABDAH_PHASE8_BATCH_J_MEDICATION_REMINDER_FIDELITY_20260819.md	9aba068028672e9a29492a4c93b1080385b9a2ec64314f54d73c940f234315e6	9aba068028672e9a29492a4c93b1080385b9a2ec64314f54d73c940f234315e6	YES	31	OWNED_SOURCE_MEMBER	source/config	backend	NO	UNASSIGNED	UNASSIGNED	UNASSIGNED	UNASSIGNED	UNASSIGNED	UNASSIGNED	UNASSIGNED	UNASSIGNED	UNASSIGNED	UNASSIGNED	Semantic read pending; inventory/provenance only
nabdah-backend.zip	audit-artifacts/NABDAH_PHASE2_NUTRITION_AI_PLAN_CONTRACT_GAP_20260819.md	672bec28ecdc27b169ae2b1d3f72e9b4e4adda925bb62195d19bfa5e399be087	672bec28ecdc27b169ae2b1d3f72e9b4e4adda925bb62195d19bfa5e399be087	YES	22	OWNED_SOURCE_MEMBER	source/config	backend	NO	UNASSIGNED	UNASSIGNED	UNASSIGNED	UNASSIGNED	UNASSIGNED	UNASSIGNED	UNASSIGNED	UNASSIGNED	UNASSIGNED	UNASSIGNED	Semantic read pending; inventory/provenance only
nabdah-backend.zip	audit-artifacts/PATIENT_EXACT_READ_RETRY_20260818.json	2511f33d06b0a7990bea3722409c01fe0951ee85943ce7a4794a7a8fdb4d7643	2511f33d06b0a7990bea3722409c01fe0951ee85943ce7a4794a7a8fdb4d7643	YES	1	OWNED_SOURCE_MEMBER	source/config	backend	NO	UNASSIGNED	UNASSIGNED	UNASSIGNED	UNASSIGNED	UNASSIGNED	UNASSIGNED	UNASSIGNED	UNASSIGNED	UNASSIGNED	UNASSIGNED	Semantic read pending; inventory/provenance only
nabdah-backend.zip	audit-artifacts/NABDAH_NEW_REPOSITORY_BRANCH_INDEX_20260818.txt	65381805c8fd0ce343541fb16fdb724d805a2a75d958fdb3e8166cbf03a49ab8	65381805c8fd0ce343541fb16fdb724d805a2a75d958fdb3e8166cbf03a49ab8	YES	17	OWNED_SOURCE_MEMBER	repository	backend	NO	UNASSIGNED	UNASSIGNED	UNASSIGNED	UNASSIGNED	UNASSIGNED	UNASSIGNED	UNASSIGNED	UNASSIGNED	UNASSIGNED	UNASSIGNED	Semantic read pending; inventory/provenance only
nabdah-backend.zip	audit-artifacts/NABDAH_PATIENT_EXPO_SDK57_MIGRATION_20260819.md	7d67776316ce921459239d27ca985e023226fc1063e2a7668a1b44e5a869bffa	7d67776316ce921459239d27ca985e023226fc1063e2a7668a1b44e5a869bffa	YES	47	OWNED_SOURCE_MEMBER	migration	backend	NO	UNASSIGNED	UNASSIGNED	UNASSIGNED	UNASSIGNED	UNASSIGNED	UNASSIGNED	UNASSIGNED	UNASSIGNED	UNASSIGNED	UNASSIGNED	Semantic read pending; inventory/provenance only
nabdah-backend.zip	audit-artifacts/NABDAH_PHASE3_PROVIDER_SHARED_SECURITY_ANALYTICS_GAPS_20260819.md	969b7b81d0f7defab40d199910cb5f146fd51f1f2c06224fe8f935210a50165c	969b7b81d0f7defab40d199910cb5f146fd51f1f2c06224fe8f935210a50165c	YES	20	OWNED_SOURCE_MEMBER	source/config	backend	NO	UNASSIGNED	UNASSIGNED	UNASSIGNED	UNASSIGNED	UNASSIGNED	UNASSIGNED	UNASSIGNED	UNASSIGNED	UNASSIGNED	UNASSIGNED	Semantic read pending; inventory/provenance only
nabdah-backend.zip	audit-artifacts/REAL_DEVICE_CHECKLIST.md	e7973dabf5a2a539df38852bd591d2f99ddca55558dfee3ca8ff755b1ddd71af	e7973dabf5a2a539df38852bd591d2f99ddca55558dfee3ca8ff755b1ddd71af	YES	85	OWNED_SOURCE_MEMBER	source/config	backend	NO	UNASSIGNED	UNASSIGNED	UNASSIGNED	UNASSIGNED	UNASSIGNED	UNASSIGNED	UNASSIGNED	UNASSIGNED	UNASSIGNED	UNASSIGNED	Semantic read pending; inventory/provenance only
nabdah-backend.zip	audit-artifacts/NABDAH_PROVIDER_EXPO_SDK57_MIGRATION_20260819.md	aa7503870cf8a48b75c39e5b31890dbed54f71bcfb24047bb7f932cba38fce4a	aa7503870cf8a48b75c39e5b31890dbed54f71bcfb24047bb7f932cba38fce4a	YES	50	OWNED_SOURCE_MEMBER	migration	backend	NO	UNASSIGNED	UNASSIGNED	UNASSIGNED	UNASSIGNED	UNASSIGNED	UNASSIGNED	UNASSIGNED	UNASSIGNED	UNASSIGNED	UNASSIGNED	Semantic read pending; inventory/provenance only
nabdah-backend.zip	audit-artifacts/NABDAH_MOBILE_DEPENDENCY_REMEDIATION_STATUS_20260820.md	01f2e379314d0493c808987afc6f2623d4066e104a5ad37dbc09c4d1a8aea0fd	01f2e379314d0493c808987afc6f2623d4066e104a5ad37dbc09c4d1a8aea0fd	YES	36	OWNED_SOURCE_MEMBER	source/config	backend	NO	UNASSIGNED	UNASSIGNED	UNASSIGNED	UNASSIGNED	UNASSIGNED	UNASSIGNED	UNASSIGNED	UNASSIGNED	UNASSIGNED	UNASSIGNED	Semantic read pending; inventory/provenance only
nabdah-backend.zip	audit-artifacts/PROVIDER_SOURCE_INVENTORY_20260818.txt	b3a6a5e839858fbcc84208d3b3bb47cb673190ef483e663c4ec899f902fc1332	b3a6a5e839858fbcc84208d3b3bb47cb673190ef483e663c4ec899f902fc1332	YES	428	OWNED_SOURCE_MEMBER	source/config	backend	NO	UNASSIGNED	UNASSIGNED	UNASSIGNED	UNASSIGNED	UNASSIGNED	UNASSIGNED	UNASSIGNED	UNASSIGNED	UNASSIGNED	UNASSIGNED	Semantic read pending; inventory/provenance only
nabdah-backend.zip	audit-artifacts/NABDAH_PHASE8_BATCH_AM_PATIENT_SHARED_UI_ACCESSIBILITY_RTL_20260819.md	2ffc4426bbc6b3262cda68cd3465f6f9600ee207330bac0ff324d611d1f5cb6a	2ffc4426bbc6b3262cda68cd3465f6f9600ee207330bac0ff324d611d1f5cb6a	YES	29	OWNED_SOURCE_MEMBER	source/config	backend	NO	UNASSIGNED	UNASSIGNED	UNASSIGNED	UNASSIGNED	UNASSIGNED	UNASSIGNED	UNASSIGNED	UNASSIGNED	UNASSIGNED	UNASSIGNED	Semantic read pending; inventory/provenance only
nabdah-backend.zip	audit-artifacts/NABDAH_SOURCE_AUTHORITY_VERIFICATION_20260818.md	3bf734820d44c9dd02fb3a853abae20183742f3ea2dd66b2b232ec3a4fbaeff7	3bf734820d44c9dd02fb3a853abae20183742f3ea2dd66b2b232ec3a4fbaeff7	YES	15	OWNED_SOURCE_MEMBER	source/config	backend	NO	UNASSIGNED	UNASSIGNED	UNASSIGNED	UNASSIGNED	UNASSIGNED	UNASSIGNED	UNASSIGNED	UNASSIGNED	UNASSIGNED	UNASSIGNED	Semantic read pending; inventory/provenance only
nabdah-backend.zip	audit-artifacts/NABDAH_PHASE3_PROVIDER_PAYOUT_WALLET_GAPS_20260819.md	baff52373b4c85966d5d3431ceb1b34dcad9eeb8164226e2eebf8476b4c3cee4	baff52373b4c85966d5d3431ceb1b34dcad9eeb8164226e2eebf8476b4c3cee4	YES	18	OWNED_SOURCE_MEMBER	source/config	backend	NO	UNASSIGNED	UNASSIGNED	UNASSIGNED	UNASSIGNED	UNASSIGNED	UNASSIGNED	UNASSIGNED	UNASSIGNED	UNASSIGNED	UNASSIGNED	Semantic read pending; inventory/provenance only
nabdah-backend.zip	audit-artifacts/NABDAH_PHASE8_BATCH_W_PROVIDER_KYC_STATE_GATE_20260819.md	4918c039af1ae4888bba15963f9f7631b405e8e8b5c003200f8c66d1a6b5163f	4918c039af1ae4888bba15963f9f7631b405e8e8b5c003200f8c66d1a6b5163f	YES	34	OWNED_SOURCE_MEMBER	source/config	backend	NO	UNASSIGNED	UNASSIGNED	UNASSIGNED	UNASSIGNED	UNASSIGNED	UNASSIGNED	UNASSIGNED	UNASSIGNED	UNASSIGNED	UNASSIGNED	Semantic read pending; inventory/provenance only
nabdah-backend.zip	audit-artifacts/PROVIDER_PHARMACY_EXACT_READ_20260818.json	6e0829b29b84ea79bef3ecdd4fe8eb7134ba403fcbc23f136130921375ae3ddb	6e0829b29b84ea79bef3ecdd4fe8eb7134ba403fcbc23f136130921375ae3ddb	YES	1	OWNED_SOURCE_MEMBER	source/config	backend	NO	UNASSIGNED	UNASSIGNED	UNASSIGNED	UNASSIGNED	UNASSIGNED	UNASSIGNED	UNASSIGNED	UNASSIGNED	UNASSIGNED	UNASSIGNED	Semantic read pending; inventory/provenance only
nabdah-backend.zip	audit-artifacts/NABDAH_PHASE2_SKIN_ANALYSIS_SAFETY_PRIVACY_GAPS_20260819.md	6df4dcba766ada015a2b464605eee2876323c0ebfd67aeee9eb66328872de44c	6df4dcba766ada015a2b464605eee2876323c0ebfd67aeee9eb66328872de44c	YES	16	OWNED_SOURCE_MEMBER	source/config	backend	NO	UNASSIGNED	UNASSIGNED	UNASSIGNED	UNASSIGNED	UNASSIGNED	UNASSIGNED	UNASSIGNED	UNASSIGNED	UNASSIGNED	UNASSIGNED	Semantic read pending; inventory/provenance only
nabdah-backend.zip	audit-artifacts/NABDAH_LIVE_RECONCILIATION_REGISTER_20260815.md	26a7d6a4f26628a7b92ad19a29dc57a3afb2e0d5d07950f066195f7ad6caf404	26a7d6a4f26628a7b92ad19a29dc57a3afb2e0d5d07950f066195f7ad6caf404	YES	341	OWNED_SOURCE_MEMBER	source/config	backend	NO	UNASSIGNED	UNASSIGNED	UNASSIGNED	UNASSIGNED	UNASSIGNED	UNASSIGNED	UNASSIGNED	UNASSIGNED	UNASSIGNED	UNASSIGNED	Semantic read pending; inventory/provenance only
nabdah-backend.zip	audit-artifacts/LAB_INBOX_ELIGIBILITY_SUMMARY_20260818.json	a9b6af87d89fc27945bb7b47e4a191c4c95aecd875195bda3988e369c83d7a53	a9b6af87d89fc27945bb7b47e4a191c4c95aecd875195bda3988e369c83d7a53	YES	17	OWNED_SOURCE_MEMBER	source/config	backend	NO	UNASSIGNED	UNASSIGNED	UNASSIGNED	UNASSIGNED	UNASSIGNED	UNASSIGNED	UNASSIGNED	UNASSIGNED	UNASSIGNED	UNASSIGNED	Semantic read pending; inventory/provenance only
nabdah-backend.zip	audit-artifacts/NABDAH_PROVIDER_TEMPLATE_LOCALE_MIGRATION_20260819.md	a6b67c76b9a02e885398b62447e480a5b78aabe0a2e3412855ef13c52312f991	a6b67c76b9a02e885398b62447e480a5b78aabe0a2e3412855ef13c52312f991	YES	57	OWNED_SOURCE_MEMBER	migration	backend	NO	UNASSIGNED	UNASSIGNED	UNASSIGNED	UNASSIGNED	UNASSIGNED	UNASSIGNED	UNASSIGNED	UNASSIGNED	UNASSIGNED	UNASSIGNED	Semantic read pending; inventory/provenance only
nabdah-backend.zip	audit-artifacts/patient_service_insurance_static_audit_20260820.txt	d8bf3770220a626c5768d71b0166637b2ad153abdb456a60bc2a6df8c890b59e	d8bf3770220a626c5768d71b0166637b2ad153abdb456a60bc2a6df8c890b59e	YES	182	OWNED_SOURCE_MEMBER	service	backend	NO	UNASSIGNED	UNASSIGNED	UNASSIGNED	UNASSIGNED	UNASSIGNED	UNASSIGNED	UNASSIGNED	UNASSIGNED	UNASSIGNED	UNASSIGNED	Semantic read pending; inventory/provenance only
nabdah-backend.zip	audit-artifacts/NABDAH_PHASE8_FINAL_CLOSURE_DOUBLE_CHECK_20260819.md	256225347696b2a81ea555f06896c96b1ef30c6ff92f67051fa4d4d79002296e	256225347696b2a81ea555f06896c96b1ef30c6ff92f67051fa4d4d79002296e	YES	46	OWNED_SOURCE_MEMBER	source/config	backend	NO	UNASSIGNED	UNASSIGNED	UNASSIGNED	UNASSIGNED	UNASSIGNED	UNASSIGNED	UNASSIGNED	UNASSIGNED	UNASSIGNED	UNASSIGNED	Semantic read pending; inventory/provenance only
nabdah-backend.zip	audit-artifacts/CONSULTATION_BACKEND_APP_CONTRACT_MAP_20260818.txt	4bf00cc79e81c4f6c40496e8e99db55a711995d7de5aa2eadb07ebbdf7a254b8	4bf00cc79e81c4f6c40496e8e99db55a711995d7de5aa2eadb07ebbdf7a254b8	YES	1026	OWNED_SOURCE_MEMBER	source/config	backend	NO	UNASSIGNED	UNASSIGNED	UNASSIGNED	UNASSIGNED	UNASSIGNED	UNASSIGNED	UNASSIGNED	UNASSIGNED	UNASSIGNED	UNASSIGNED	Semantic read pending; inventory/provenance only
nabdah-backend.zip	audit-artifacts/NABDAH_PHASE2_PRESCRIPTION_TRANSLATOR_CONTRACT_SAFETY_GAPS_20260819.md	5c2d70e7b994de4b2b199e850bce93b3a979c0a3ee4813b46aecd499b4addc77	5c2d70e7b994de4b2b199e850bce93b3a979c0a3ee4813b46aecd499b4addc77	YES	15	OWNED_SOURCE_MEMBER	source/config	backend	NO	UNASSIGNED	UNASSIGNED	UNASSIGNED	UNASSIGNED	UNASSIGNED	UNASSIGNED	UNASSIGNED	UNASSIGNED	UNASSIGNED	UNASSIGNED	Semantic read pending; inventory/provenance only
nabdah-backend.zip	audit-artifacts/NABDAH_PHASE14_PROVIDER_CONTRACT_REMEDIATION_20260819.md	108a525549d6e1b9af0d11e2ae33fcd1d1b4da3eb9cf82b78cfd08bbcd7ddb7e	108a525549d6e1b9af0d11e2ae33fcd1d1b4da3eb9cf82b78cfd08bbcd7ddb7e	YES	39	OWNED_SOURCE_MEMBER	source/config	backend	NO	UNASSIGNED	UNASSIGNED	UNASSIGNED	UNASSIGNED	UNASSIGNED	UNASSIGNED	UNASSIGNED	UNASSIGNED	UNASSIGNED	UNASSIGNED	Semantic read pending; inventory/provenance only
nabdah-backend.zip	audit-artifacts/NABDAH_RECONCILIATION_API_ROUTE_MATCH_20260818.tsv	6b67d149c7fbd1f4c46f22799991bf2629985cb722010cd5a46fa1c534c91082	6b67d149c7fbd1f4c46f22799991bf2629985cb722010cd5a46fa1c534c91082	YES	729	OWNED_SOURCE_MEMBER	source/config	backend	NO	UNASSIGNED	UNASSIGNED	UNASSIGNED	UNASSIGNED	UNASSIGNED	UNASSIGNED	UNASSIGNED	UNASSIGNED	UNASSIGNED	UNASSIGNED	Semantic read pending; inventory/provenance only
nabdah-backend.zip	audit-artifacts/PROVIDER_REGISTRATION_VALIDATION_AUDIT_20260818.md	533039a073839e9632e4e98ed3f7c47d24fa52881e08154c8d69b357c1be3779	533039a073839e9632e4e98ed3f7c47d24fa52881e08154c8d69b357c1be3779	YES	32	OWNED_SOURCE_MEMBER	source/config	backend	NO	UNASSIGNED	UNASSIGNED	UNASSIGNED	UNASSIGNED	UNASSIGNED	UNASSIGNED	UNASSIGNED	UNASSIGNED	UNASSIGNED	UNASSIGNED	Semantic read pending; inventory/provenance only
nabdah-backend.zip	audit-artifacts/NABDAH_PHASE2_DIAGNOSTICS_BOOKING_CONTRACT_GAP_20260819.md	5eba0dc2e9c88c4b988e38a006d83ba746f5e9b835ea3a48aa49a17b0570704a	5eba0dc2e9c88c4b988e38a006d83ba746f5e9b835ea3a48aa49a17b0570704a	YES	24	OWNED_SOURCE_MEMBER	source/config	backend	NO	UNASSIGNED	UNASSIGNED	UNASSIGNED	UNASSIGNED	UNASSIGNED	UNASSIGNED	UNASSIGNED	UNASSIGNED	UNASSIGNED	UNASSIGNED	Semantic read pending; inventory/provenance only
nabdah-backend.zip	audit-artifacts/NABDAH_PHASE8_BATCH_A_PUBLIC_CARE_DISCOVERY_REMEDIATION_20260819.md	b45a68af37cf1c840b0d579cd6d10c550a75e4c430191144a03a363f1c8e2008	b45a68af37cf1c840b0d579cd6d10c550a75e4c430191144a03a363f1c8e2008	YES	34	OWNED_SOURCE_MEMBER	source/config	backend	NO	UNASSIGNED	UNASSIGNED	UNASSIGNED	UNASSIGNED	UNASSIGNED	UNASSIGNED	UNASSIGNED	UNASSIGNED	UNASSIGNED	UNASSIGNED	Semantic read pending; inventory/provenance only
nabdah-backend.zip	audit-artifacts/NABDAH_PHASE8_BATCH_E_PATIENT_LOCALE_NAVIGATION_20260819.md	0985455d8804708d8c5edb8bec9ed99652763feb6d388b87a9dd0a81cc175184	0985455d8804708d8c5edb8bec9ed99652763feb6d388b87a9dd0a81cc175184	YES	29	OWNED_SOURCE_MEMBER	source/config	backend	NO	UNASSIGNED	UNASSIGNED	UNASSIGNED	UNASSIGNED	UNASSIGNED	UNASSIGNED	UNASSIGNED	UNASSIGNED	UNASSIGNED	UNASSIGNED	Semantic read pending; inventory/provenance only
nabdah-backend.zip	audit-artifacts/insurance_catalog_static_or_mock_candidates_20260820.txt	30fb01055245e5087a4defb133d56a42cc71e8485cf788eeb48e5f7af3d4d9c4	30fb01055245e5087a4defb133d56a42cc71e8485cf788eeb48e5f7af3d4d9c4	YES	148	OWNED_SOURCE_MEMBER	source/config	backend	NO	UNASSIGNED	UNASSIGNED	UNASSIGNED	UNASSIGNED	UNASSIGNED	UNASSIGNED	UNASSIGNED	UNASSIGNED	UNASSIGNED	UNASSIGNED	Semantic read pending; inventory/provenance only
nabdah-backend.zip	audit-artifacts/AUDIT_REPORT_BUILD_GATE_20260818.md	198673d7b788302f64a976795bdd69cbabb366219ea2e852eacb66c8e9365207	198673d7b788302f64a976795bdd69cbabb366219ea2e852eacb66c8e9365207	YES	11	OWNED_SOURCE_MEMBER	repository	backend	NO	UNASSIGNED	UNASSIGNED	UNASSIGNED	UNASSIGNED	UNASSIGNED	UNASSIGNED	UNASSIGNED	UNASSIGNED	UNASSIGNED	UNASSIGNED	Semantic read pending; inventory/provenance only
nabdah-backend.zip	audit-artifacts/NABDAH_HARDENING_BASELINE_AND_SAFE_CHANGE_POLICY_20260820.md	18b36e1ea2302041743148d468458eaf32532b3973cdc6a38755ccbe41c1f9cc	18b36e1ea2302041743148d468458eaf32532b3973cdc6a38755ccbe41c1f9cc	YES	44	OWNED_SOURCE_MEMBER	source/config	backend	NO	UNASSIGNED	UNASSIGNED	UNASSIGNED	UNASSIGNED	UNASSIGNED	UNASSIGNED	UNASSIGNED	UNASSIGNED	UNASSIGNED	UNASSIGNED	Semantic read pending; inventory/provenance only
nabdah-backend.zip	audit-artifacts/DEVICE_nabd_plus-android-build.out	fa0c37bab01bf11eb3636c5dab52fbd2d6d1c5e230133f282fa109d82eba0272	fa0c37bab01bf11eb3636c5dab52fbd2d6d1c5e230133f282fa109d82eba0272	YES	9	EXCLUSION_OTHER	non-source archive member	backend	NO	UNASSIGNED	UNASSIGNED	UNASSIGNED	UNASSIGNED	UNASSIGNED	UNASSIGNED	UNASSIGNED	UNASSIGNED	UNASSIGNED	UNASSIGNED	Semantic read pending; inventory/provenance only
nabdah-backend.zip	audit-artifacts/NABDAH_PHASE8_BATCH_H_MATERNITY_CLINICAL_STATE_REVALIDATION_20260819.md	49b98ec2a839ffcbbbc0e3f07d013ed1a0c7723d8da47806422526c6b2305239	49b98ec2a839ffcbbbc0e3f07d013ed1a0c7723d8da47806422526c6b2305239	YES	29	OWNED_SOURCE_MEMBER	source/config	backend	NO	UNASSIGNED	UNASSIGNED	UNASSIGNED	UNASSIGNED	UNASSIGNED	UNASSIGNED	UNASSIGNED	UNASSIGNED	UNASSIGNED	UNASSIGNED	Semantic read pending; inventory/provenance only
nabdah-backend.zip	audit-artifacts/NABDAH_PHASE11_SANDBOX_ACCEPTANCE_BOUNDARY_20260819.md	4bba2b65cdd7b7421cd46b58d2bf6d8d7aa1b7ac37771cf34647c03b84872b7a	4bba2b65cdd7b7421cd46b58d2bf6d8d7aa1b7ac37771cf34647c03b84872b7a	YES	21	OWNED_SOURCE_MEMBER	source/config	backend	NO	UNASSIGNED	UNASSIGNED	UNASSIGNED	UNASSIGNED	UNASSIGNED	UNASSIGNED	UNASSIGNED	UNASSIGNED	UNASSIGNED	UNASSIGNED	Semantic read pending; inventory/provenance only
nabdah-backend.zip	audit-artifacts/NABDAH_PHASE3_PROVIDER_DOCTOR_RECEPTION_GAPS_20260819.md	b6f5fccba8e35b06c7f9e726c59ceea0a5f6b6402c8b35b3370d752fe801b5aa	b6f5fccba8e35b06c7f9e726c59ceea0a5f6b6402c8b35b3370d752fe801b5aa	YES	17	OWNED_SOURCE_MEMBER	source/config	backend	NO	UNASSIGNED	UNASSIGNED	UNASSIGNED	UNASSIGNED	UNASSIGNED	UNASSIGNED	UNASSIGNED	UNASSIGNED	UNASSIGNED	UNASSIGNED	Semantic read pending; inventory/provenance only
nabdah-backend.zip	audit-artifacts/NABDAH_PHASE15_MIGRATION_INDEX_PREFLIGHT_20260819.md	2f90300d5e8734084cc9d3badf85123923f0c5c8cae432393761a7be0aa68c7d	2f90300d5e8734084cc9d3badf85123923f0c5c8cae432393761a7be0aa68c7d	YES	324	OWNED_SOURCE_MEMBER	migration	backend	NO	UNASSIGNED	UNASSIGNED	UNASSIGNED	UNASSIGNED	UNASSIGNED	UNASSIGNED	UNASSIGNED	UNASSIGNED	UNASSIGNED	UNASSIGNED	Semantic read pending; inventory/provenance only
nabdah-backend.zip	audit-artifacts/NABDAH_PHASE2_CLOSURE_MATRIX_20260818.tsv	077e9c39f9d987f9297951ece60f96c6e1715dcfb45d5c5cac709a78b5c233ca	077e9c39f9d987f9297951ece60f96c6e1715dcfb45d5c5cac709a78b5c233ca	YES	26	OWNED_SOURCE_MEMBER	source/config	backend	NO	UNASSIGNED	UNASSIGNED	UNASSIGNED	UNASSIGNED	UNASSIGNED	UNASSIGNED	UNASSIGNED	UNASSIGNED	UNASSIGNED	UNASSIGNED	Semantic read pending; inventory/provenance only
nabdah-backend.zip	audit-artifacts/NABDAH_PHASE4_ADMIN_DISPUTE_RESOLUTION_GAPS_20260819.md	e3e5d382e3436b4b99cc07b765d5d236a49beafb56ceb6e0261eb34e5616b166	e3e5d382e3436b4b99cc07b765d5d236a49beafb56ceb6e0261eb34e5616b166	YES	16	OWNED_SOURCE_MEMBER	source/config	backend	NO	UNASSIGNED	UNASSIGNED	UNASSIGNED	UNASSIGNED	UNASSIGNED	UNASSIGNED	UNASSIGNED	UNASSIGNED	UNASSIGNED	UNASSIGNED	Semantic read pending; inventory/provenance only
nabdah-backend.zip	audit-artifacts/PATIENT_CONSUMER_BACKEND_ROUTE_MAP_20260818.txt	62f8f0073c3aff5d2a3e3984d3d3215e7e613254e3caac9921c933e4f379d1fe	62f8f0073c3aff5d2a3e3984d3d3215e7e613254e3caac9921c933e4f379d1fe	YES	1450	OWNED_SOURCE_MEMBER	source/config	backend	NO	UNASSIGNED	UNASSIGNED	UNASSIGNED	UNASSIGNED	UNASSIGNED	UNASSIGNED	UNASSIGNED	UNASSIGNED	UNASSIGNED	UNASSIGNED	Semantic read pending; inventory/provenance only
nabdah-backend.zip	audit-artifacts/PRODUCTION_HEALTH_GATE_20260818.json	96d1c21a2d64c6c494ca586d4c7e4a144a350afde07d2a0fc979d56214fdb2ee	96d1c21a2d64c6c494ca586d4c7e4a144a350afde07d2a0fc979d56214fdb2ee	YES	8	OWNED_SOURCE_MEMBER	source/config	backend	NO	UNASSIGNED	UNASSIGNED	UNASSIGNED	UNASSIGNED	UNASSIGNED	UNASSIGNED	UNASSIGNED	UNASSIGNED	UNASSIGNED	UNASSIGNED	Semantic read pending; inventory/provenance only
nabdah-backend.zip	audit-artifacts/PATIENT1_SELECTED_ORDER_20260818.json	3c80fd06245e6fb4e4956694a44e688c7603d5ffd20c8e1738a7428ec7367f38	3c80fd06245e6fb4e4956694a44e688c7603d5ffd20c8e1738a7428ec7367f38	YES	1	OWNED_SOURCE_MEMBER	source/config	backend	NO	UNASSIGNED	UNASSIGNED	UNASSIGNED	UNASSIGNED	UNASSIGNED	UNASSIGNED	UNASSIGNED	UNASSIGNED	UNASSIGNED	UNASSIGNED	Semantic read pending; inventory/provenance only
nabdah-backend.zip	audit-artifacts/NABDAH_PHASE3_PROVIDER_SHARED_COMMUNICATION_SUPPORT_GAPS_20260819.md	dbd452caf6346f24c4e236d5d64ae32d26170118f7e88d586e05061b48f89470	dbd452caf6346f24c4e236d5d64ae32d26170118f7e88d586e05061b48f89470	YES	19	OWNED_SOURCE_MEMBER	source/config	backend	NO	UNASSIGNED	UNASSIGNED	UNASSIGNED	UNASSIGNED	UNASSIGNED	UNASSIGNED	UNASSIGNED	UNASSIGNED	UNASSIGNED	UNASSIGNED	Semantic read pending; inventory/provenance only
nabdah-backend.zip	audit-artifacts/NABDAH_PHASE2_ADDRESS_CREATE_REMEDIATION_TESTS_20260818.md	789c21dad718e958668a9117449062b5158429b2359f2628389ffb66c26e4d7d	789c21dad718e958668a9117449062b5158429b2359f2628389ffb66c26e4d7d	YES	22	OWNED_SOURCE_MEMBER	source/config	backend	NO	UNASSIGNED	UNASSIGNED	UNASSIGNED	UNASSIGNED	UNASSIGNED	UNASSIGNED	UNASSIGNED	UNASSIGNED	UNASSIGNED	UNASSIGNED	Semantic read pending; inventory/provenance only
nabdah-backend.zip	audit-artifacts/NABDAH_PHASE2_DIAGNOSTICS_LAB_RADIOLOGY_WORKFLOW_GAPS_20260819.md	a9dd7fc2a4f3e910e1dd519ab89b00d4cb6271f8a5d0e693c4d3e297e081a87c	a9dd7fc2a4f3e910e1dd519ab89b00d4cb6271f8a5d0e693c4d3e297e081a87c	YES	23	OWNED_SOURCE_MEMBER	source/config	backend	NO	UNASSIGNED	UNASSIGNED	UNASSIGNED	UNASSIGNED	UNASSIGNED	UNASSIGNED	UNASSIGNED	UNASSIGNED	UNASSIGNED	UNASSIGNED	Semantic read pending; inventory/provenance only
nabdah-backend.zip	audit-artifacts/NABDAH_CATALOG_GOVERNANCE_PUBLICATION_HARDENING_20260820.md	baae9ba028d6fbfbf873f40bfc2b9e8829bde7e2bb6d5fb7d2a2da857c3c26ab	baae9ba028d6fbfbf873f40bfc2b9e8829bde7e2bb6d5fb7d2a2da857c3c26ab	YES	62	OWNED_SOURCE_MEMBER	source/config	backend	NO	UNASSIGNED	UNASSIGNED	UNASSIGNED	UNASSIGNED	UNASSIGNED	UNASSIGNED	UNASSIGNED	UNASSIGNED	UNASSIGNED	UNASSIGNED	Semantic read pending; inventory/provenance only
nabdah-backend.zip	audit-artifacts/NABDAH_PHASE13_CONTRACT_CLASSIFICATION_20260819.md	ff6e08b94a747880dac4f71687835e57c946b3b061ee28c6773743d5fbe70aaf	ff6e08b94a747880dac4f71687835e57c946b3b061ee28c6773743d5fbe70aaf	YES	56	OWNED_SOURCE_MEMBER	source/config	backend	NO	UNASSIGNED	UNASSIGNED	UNASSIGNED	UNASSIGNED	UNASSIGNED	UNASSIGNED	UNASSIGNED	UNASSIGNED	UNASSIGNED	UNASSIGNED	Semantic read pending; inventory/provenance only
nabdah-backend.zip	audit-artifacts/NABDAH_PHASE2_MAIN_PATIENT_INVENTORY_AND_VERSION_DECISIONS_20260818.md	5aec7a476cd0861e0b64500b47bd4a09a83267255acec3fe9a3ed165311ccf29	5aec7a476cd0861e0b64500b47bd4a09a83267255acec3fe9a3ed165311ccf29	YES	53	OWNED_SOURCE_MEMBER	source/config	backend	NO	UNASSIGNED	UNASSIGNED	UNASSIGNED	UNASSIGNED	UNASSIGNED	UNASSIGNED	UNASSIGNED	UNASSIGNED	UNASSIGNED	UNASSIGNED	Semantic read pending; inventory/provenance only
nabdah-backend.zip	audit-artifacts/NABDAH_BRANCH_HISTORY_AND_APP_SCOPE_VERIFICATION_20260818.md	36b7e981b8c699a30120c0c3f27b5689f7101df0b9746e2ed57b067f61ee1a78	36b7e981b8c699a30120c0c3f27b5689f7101df0b9746e2ed57b067f61ee1a78	YES	36	OWNED_SOURCE_MEMBER	source/config	backend	NO	UNASSIGNED	UNASSIGNED	UNASSIGNED	UNASSIGNED	UNASSIGNED	UNASSIGNED	UNASSIGNED	UNASSIGNED	UNASSIGNED	UNASSIGNED	Semantic read pending; inventory/provenance only
nabdah-backend.zip	audit-artifacts/PROVIDER_API_CONSUMER_FINDINGS_20260818.md	c57775a9ce8e0e5367bce7a135c8e3dce5ae5ff9e0827f2396910576a1f08bcb	c57775a9ce8e0e5367bce7a135c8e3dce5ae5ff9e0827f2396910576a1f08bcb	YES	16	OWNED_SOURCE_MEMBER	source/config	backend	NO	UNASSIGNED	UNASSIGNED	UNASSIGNED	UNASSIGNED	UNASSIGNED	UNASSIGNED	UNASSIGNED	UNASSIGNED	UNASSIGNED	UNASSIGNED	Semantic read pending; inventory/provenance only
nabdah-backend.zip	audit-artifacts/NABDAH_PHASE4_ADMIN_SUPPORT_TICKETS_GAPS_20260819.md	b922f19a22b75cbfb3d4a88c7fcbec204bbe5d36dd5e83b7e956eb6e4562009b	b922f19a22b75cbfb3d4a88c7fcbec204bbe5d36dd5e83b7e956eb6e4562009b	YES	19	OWNED_SOURCE_MEMBER	source/config	backend	NO	UNASSIGNED	UNASSIGNED	UNASSIGNED	UNASSIGNED	UNASSIGNED	UNASSIGNED	UNASSIGNED	UNASSIGNED	UNASSIGNED	UNASSIGNED	Semantic read pending; inventory/provenance only
nabdah-backend.zip	audit-artifacts/AUTHORITATIVE_SOURCE_HASH_SNAPSHOT_20260818.txt	9b5b3b7a4c5c59b34760303e1966528b0af2daaa8cdb63ce00d7778cec15e2e3	9b5b3b7a4c5c59b34760303e1966528b0af2daaa8cdb63ce00d7778cec15e2e3	YES	15	OWNED_SOURCE_MEMBER	source/config	backend	NO	UNASSIGNED	UNASSIGNED	UNASSIGNED	UNASSIGNED	UNASSIGNED	UNASSIGNED	UNASSIGNED	UNASSIGNED	UNASSIGNED	UNASSIGNED	Semantic read pending; inventory/provenance only
nabdah-backend.zip	audit-artifacts/PROVIDER_HARDCODED_BUSINESS_DATA_20260818.txt	da42f784b0dd25a3cf8e98d44e12cfa2b2cbff54ab746d9126dac46146c88406	da42f784b0dd25a3cf8e98d44e12cfa2b2cbff54ab746d9126dac46146c88406	YES	135	OWNED_SOURCE_MEMBER	source/config	backend	NO	UNASSIGNED	UNASSIGNED	UNASSIGNED	UNASSIGNED	UNASSIGNED	UNASSIGNED	UNASSIGNED	UNASSIGNED	UNASSIGNED	UNASSIGNED	Semantic read pending; inventory/provenance only
nabdah-backend.zip	audit-artifacts/NABDAH_PHASE8_BATCH_Z_ADMIN_SESSION_GOVERNANCE_INTEGRITY_20260819.md	15e7288fae5f5d27b54f2e5b87ff2607ea68e9ddb18617aecba602a529aa178f	15e7288fae5f5d27b54f2e5b87ff2607ea68e9ddb18617aecba602a529aa178f	YES	30	OWNED_SOURCE_MEMBER	source/config	backend	NO	UNASSIGNED	UNASSIGNED	UNASSIGNED	UNASSIGNED	UNASSIGNED	UNASSIGNED	UNASSIGNED	UNASSIGNED	UNASSIGNED	UNASSIGNED	Semantic read pending; inventory/provenance only
nabdah-backend.zip	audit-artifacts/INSURANCE_NETWORK_PROVENANCE_AUDIT_20260820.md	da859387c93417152d4d1fefbc4e50a0fb5598a95214a2b0b70582263670a28e	da859387c93417152d4d1fefbc4e50a0fb5598a95214a2b0b70582263670a28e	YES	57	OWNED_SOURCE_MEMBER	source/config	backend	NO	UNASSIGNED	UNASSIGNED	UNASSIGNED	UNASSIGNED	UNASSIGNED	UNASSIGNED	UNASSIGNED	UNASSIGNED	UNASSIGNED	UNASSIGNED	Semantic read pending; inventory/provenance only
nabdah-backend.zip	audit-artifacts/CONSENT_CONTRACT_REVIEW_DRAFT_20260817.md	95c46c7b1d81ca77812c8b45fd85f325f7fdced300638cb828c04b6db4974b20	95c46c7b1d81ca77812c8b45fd85f325f7fdced300638cb828c04b6db4974b20	YES	61	OWNED_SOURCE_MEMBER	source/config	backend	NO	UNASSIGNED	UNASSIGNED	UNASSIGNED	UNASSIGNED	UNASSIGNED	UNASSIGNED	UNASSIGNED	UNASSIGNED	UNASSIGNED	UNASSIGNED	Semantic read pending; inventory/provenance only
nabdah-backend.zip	audit-artifacts/PATIENT_WEB_BUILD_GUIDE.md	4fed8f4488a5e55d1328c80bb684e7391b3f9c9df8d39f21be4cf2ec190e77b2	4fed8f4488a5e55d1328c80bb684e7391b3f9c9df8d39f21be4cf2ec190e77b2	YES	138	OWNED_SOURCE_MEMBER	source/config	backend	NO	UNASSIGNED	UNASSIGNED	UNASSIGNED	UNASSIGNED	UNASSIGNED	UNASSIGNED	UNASSIGNED	UNASSIGNED	UNASSIGNED	UNASSIGNED	Semantic read pending; inventory/provenance only
nabdah-backend.zip	audit-artifacts/BACKEND_SOURCE_IMPORT_PROVENANCE_20260822.md	1abf0c25682b27f1bf5fe386b8b84dda780440daa68515af121b9ccb4ef97c76	1abf0c25682b27f1bf5fe386b8b84dda780440daa68515af121b9ccb4ef97c76	YES	14	OWNED_SOURCE_MEMBER	source/config	backend	NO	UNASSIGNED	UNASSIGNED	UNASSIGNED	UNASSIGNED	UNASSIGNED	UNASSIGNED	UNASSIGNED	UNASSIGNED	UNASSIGNED	UNASSIGNED	Semantic read pending; inventory/provenance only
nabdah-backend.zip	audit-artifacts/NABDAH_PHASE2_PATIENT_MAIN_RISK_REVIEW_20260818.md	c8a09aef6c1be24e49f2631f1e742d8193cd0bba6adc6e40b1b87f7c0e5d39bb	c8a09aef6c1be24e49f2631f1e742d8193cd0bba6adc6e40b1b87f7c0e5d39bb	YES	20	OWNED_SOURCE_MEMBER	source/config	backend	NO	UNASSIGNED	UNASSIGNED	UNASSIGNED	UNASSIGNED	UNASSIGNED	UNASSIGNED	UNASSIGNED	UNASSIGNED	UNASSIGNED	UNASSIGNED	Semantic read pending; inventory/provenance only
nabdah-backend.zip	audit-artifacts/NABDAH_OPENAPI_INSURANCE_CONTRACT_HARDENING_20260820.md	92ff03d5c47fbeb449cecb926cb4684c92ce453816b0d804f4fba6dd1c6daa00	92ff03d5c47fbeb449cecb926cb4684c92ce453816b0d804f4fba6dd1c6daa00	YES	78	OWNED_SOURCE_MEMBER	source/config	backend	NO	UNASSIGNED	UNASSIGNED	UNASSIGNED	UNASSIGNED	UNASSIGNED	UNASSIGNED	UNASSIGNED	UNASSIGNED	UNASSIGNED	UNASSIGNED	Semantic read pending; inventory/provenance only
nabdah-backend.zip	audit-artifacts/NABDAH_PROVIDER_DOCTOR_TRUTHFULNESS_20260819.md	910657ba92604440e6557967037b35246344a3f0b98ea84d8372356eecf7f52a	910657ba92604440e6557967037b35246344a3f0b98ea84d8372356eecf7f52a	YES	50	OWNED_SOURCE_MEMBER	source/config	backend	NO	UNASSIGNED	UNASSIGNED	UNASSIGNED	UNASSIGNED	UNASSIGNED	UNASSIGNED	UNASSIGNED	UNASSIGNED	UNASSIGNED	UNASSIGNED	Semantic read pending; inventory/provenance only
nabdah-backend.zip	audit-artifacts/PLACEHOLDER_SUSPICIOUS_FINDINGS_20260818.md	0554d44338dcf496a76148fa3e4372e9ec4cb6c5954ddecd97d254d74e390eee	0554d44338dcf496a76148fa3e4372e9ec4cb6c5954ddecd97d254d74e390eee	YES	257	OWNED_SOURCE_MEMBER	source/config	backend	NO	UNASSIGNED	UNASSIGNED	UNASSIGNED	UNASSIGNED	UNASSIGNED	UNASSIGNED	UNASSIGNED	UNASSIGNED	UNASSIGNED	UNASSIGNED	Semantic read pending; inventory/provenance only
nabdah-backend.zip	audit-artifacts/NABDAH_PHASE8_BATCH_M_PROTECTED_MEDIA_STORAGE_20260819.md	86e4f15a4f9c33c1fd0258e94de4d6f2dab0ff7a98361500f4148b08c6e153c2	86e4f15a4f9c33c1fd0258e94de4d6f2dab0ff7a98361500f4148b08c6e153c2	YES	30	OWNED_SOURCE_MEMBER	source/config	backend	NO	UNASSIGNED	UNASSIGNED	UNASSIGNED	UNASSIGNED	UNASSIGNED	UNASSIGNED	UNASSIGNED	UNASSIGNED	UNASSIGNED	UNASSIGNED	Semantic read pending; inventory/provenance only
nabdah-backend.zip	audit-artifacts/PROVIDER_ANDROID_EXPORT_METADATA_20260818.json	d0d14347d4329749c97d6983a07b5691ee5f6ab00bfaec1a1e997157c94afb95	d0d14347d4329749c97d6983a07b5691ee5f6ab00bfaec1a1e997157c94afb95	YES	1	OWNED_SOURCE_MEMBER	source/config	backend	NO	UNASSIGNED	UNASSIGNED	UNASSIGNED	UNASSIGNED	UNASSIGNED	UNASSIGNED	UNASSIGNED	UNASSIGNED	UNASSIGNED	UNASSIGNED	Semantic read pending; inventory/provenance only
nabdah-backend.zip	audit-artifacts/NABDAH_FULL_PLAN_STATUS_20260817.md	7dcba00d10f83929f58eed1984615c680da2a2fca2bdc171a890ad24f9a66d36	7dcba00d10f83929f58eed1984615c680da2a2fca2bdc171a890ad24f9a66d36	YES	226	OWNED_SOURCE_MEMBER	source/config	backend	NO	UNASSIGNED	UNASSIGNED	UNASSIGNED	UNASSIGNED	UNASSIGNED	UNASSIGNED	UNASSIGNED	UNASSIGNED	UNASSIGNED	UNASSIGNED	Semantic read pending; inventory/provenance only
nabdah-backend.zip	audit-artifacts/NABDAH_PHASE8_BATCH_AO_ADMIN_DISPUTE_FINANCIAL_CONTAINMENT_20260819.md	f71adbebb4b3d8521fde71c65a5ea240ce44564697a4eb7602153c5b022fe235	f71adbebb4b3d8521fde71c65a5ea240ce44564697a4eb7602153c5b022fe235	YES	29	OWNED_SOURCE_MEMBER	source/config	backend	NO	UNASSIGNED	UNASSIGNED	UNASSIGNED	UNASSIGNED	UNASSIGNED	UNASSIGNED	UNASSIGNED	UNASSIGNED	UNASSIGNED	UNASSIGNED	Semantic read pending; inventory/provenance only
nabdah-backend.zip	audit-artifacts/NABDAH_PHASE7_COMPETITOR_UX_BENCHMARK_20260819.md	4d4fe5ad39986889bd0574a5d8faf4999a7da330f6dff9bbbbfac7440c804446	4d4fe5ad39986889bd0574a5d8faf4999a7da330f6dff9bbbbfac7440c804446	YES	107	OWNED_SOURCE_MEMBER	source/config	backend	NO	UNASSIGNED	UNASSIGNED	UNASSIGNED	UNASSIGNED	UNASSIGNED	UNASSIGNED	UNASSIGNED	UNASSIGNED	UNASSIGNED	UNASSIGNED	Semantic read pending; inventory/provenance only
nabdah-backend.zip	audit-artifacts/insurance_catalog_consumers_raw_20260820.txt	cb6563523ed26bdf062dfd7c5ee7afe53a70c1af990098ad9bb33c194df78b40	cb6563523ed26bdf062dfd7c5ee7afe53a70c1af990098ad9bb33c194df78b40	YES	2614	OWNED_SOURCE_MEMBER	source/config	backend	NO	UNASSIGNED	UNASSIGNED	UNASSIGNED	UNASSIGNED	UNASSIGNED	UNASSIGNED	UNASSIGNED	UNASSIGNED	UNASSIGNED	UNASSIGNED	Semantic read pending; inventory/provenance only
nabdah-backend.zip	audit-artifacts/DEPLOYMENT_AND_POST_DEPLOY_GATE_20260818.md	4abbd37b6645555f444132453f89718261cab78167acfe47632fe225f0fe5376	4abbd37b6645555f444132453f89718261cab78167acfe47632fe225f0fe5376	YES	33	OWNED_SOURCE_MEMBER	ci/deployment	backend	NO	UNASSIGNED	UNASSIGNED	UNASSIGNED	UNASSIGNED	UNASSIGNED	UNASSIGNED	UNASSIGNED	UNASSIGNED	UNASSIGNED	UNASSIGNED	Semantic read pending; inventory/provenance only
nabdah-backend.zip	audit-artifacts/NABDAH_PHASE16_NURSING_AUTHORIZATION_P0_REMEDIATION_20260819.md	d5d7143ccb435debe41ab09ddb472701f3f2742a89fa47d4f3c7f5fe8aaf37a6	d5d7143ccb435debe41ab09ddb472701f3f2742a89fa47d4f3c7f5fe8aaf37a6	YES	35	OWNED_SOURCE_MEMBER	source/config	backend	NO	UNASSIGNED	UNASSIGNED	UNASSIGNED	UNASSIGNED	UNASSIGNED	UNASSIGNED	UNASSIGNED	UNASSIGNED	UNASSIGNED	UNASSIGNED	Semantic read pending; inventory/provenance only
nabdah-backend.zip	audit-artifacts/insurance_catalog_onboarding_profile_excerpt_20260820.txt	9c536888666d51205e1a391ab6fd9e9254e9a68a67a146f95156b63ea76a06bb	9c536888666d51205e1a391ab6fd9e9254e9a68a67a146f95156b63ea76a06bb	YES	1268	OWNED_SOURCE_MEMBER	source/config	backend	NO	UNASSIGNED	UNASSIGNED	UNASSIGNED	UNASSIGNED	UNASSIGNED	UNASSIGNED	UNASSIGNED	UNASSIGNED	UNASSIGNED	UNASSIGNED	Semantic read pending; inventory/provenance only
nabdah-backend.zip	audit-artifacts/NABDAH_PHASE2_PATIENT_PLACEHOLDER_TRIAGE_20260819.md	f0f268ef0dcb4a9fff941c00d15fbbf054880e84cb2bfdd3ac67e92edf836aef	f0f268ef0dcb4a9fff941c00d15fbbf054880e84cb2bfdd3ac67e92edf836aef	YES	17	OWNED_SOURCE_MEMBER	source/config	backend	NO	UNASSIGNED	UNASSIGNED	UNASSIGNED	UNASSIGNED	UNASSIGNED	UNASSIGNED	UNASSIGNED	UNASSIGNED	UNASSIGNED	UNASSIGNED	Semantic read pending; inventory/provenance only
nabdah-backend.zip	audit-artifacts/NABDAH_PHASE17_NATIVE_BUILD_AND_DEVICE_BLOCKERS_20260819.md	26213603e7b79a220dcfe442f4c624daa1986b2e2793b6de75956a35d90f40a1	26213603e7b79a220dcfe442f4c624daa1986b2e2793b6de75956a35d90f40a1	YES	46	OWNED_SOURCE_MEMBER	source/config	backend	NO	UNASSIGNED	UNASSIGNED	UNASSIGNED	UNASSIGNED	UNASSIGNED	UNASSIGNED	UNASSIGNED	UNASSIGNED	UNASSIGNED	UNASSIGNED	Semantic read pending; inventory/provenance only
nabdah-backend.zip	audit-artifacts/PATIENT_ROUTE_CONTRACT_RECONCILIATION_20260818.md	26f23dc4901207ae09fb63021108d650af96808ddaa4b0b33fa810d0a3fc002a	26f23dc4901207ae09fb63021108d650af96808ddaa4b0b33fa810d0a3fc002a	YES	7	OWNED_SOURCE_MEMBER	source/config	backend	NO	UNASSIGNED	UNASSIGNED	UNASSIGNED	UNASSIGNED	UNASSIGNED	UNASSIGNED	UNASSIGNED	UNASSIGNED	UNASSIGNED	UNASSIGNED	Semantic read pending; inventory/provenance only
nabdah-backend.zip	audit-artifacts/AUTHORITATIVE_SOURCE_REGISTER_20260818.md	852333eb330c65798a4f3525b89a01e57ed0d9e2b4301a4802b51d9fa89d72f2	852333eb330c65798a4f3525b89a01e57ed0d9e2b4301a4802b51d9fa89d72f2	YES	47	OWNED_SOURCE_MEMBER	source/config	backend	NO	UNASSIGNED	UNASSIGNED	UNASSIGNED	UNASSIGNED	UNASSIGNED	UNASSIGNED	UNASSIGNED	UNASSIGNED	UNASSIGNED	UNASSIGNED	Semantic read pending; inventory/provenance only
nabdah-backend.zip	audit-artifacts/PROVIDER_READONLY_LIVE_MATRIX_20260818.json	ad0248a31c4e6151bc7a6a89a52647de7a06e389a8b9dd5a6c1f10a44499b60c	ad0248a31c4e6151bc7a6a89a52647de7a06e389a8b9dd5a6c1f10a44499b60c	YES	74	OWNED_SOURCE_MEMBER	source/config	backend	NO	UNASSIGNED	UNASSIGNED	UNASSIGNED	UNASSIGNED	UNASSIGNED	UNASSIGNED	UNASSIGNED	UNASSIGNED	UNASSIGNED	UNASSIGNED	Semantic read pending; inventory/provenance only
nabdah-backend.zip	audit-artifacts/NABDAH_PHASE4_ADMIN_NOTIFICATION_CAMPAIGN_GAPS_20260819.md	577807d42a5f21a3881e1f883eee64f6940d9a2c5d2f3a3714a7f52f85280b02	577807d42a5f21a3881e1f883eee64f6940d9a2c5d2f3a3714a7f52f85280b02	YES	16	OWNED_SOURCE_MEMBER	source/config	backend	NO	UNASSIGNED	UNASSIGNED	UNASSIGNED	UNASSIGNED	UNASSIGNED	UNASSIGNED	UNASSIGNED	UNASSIGNED	UNASSIGNED	UNASSIGNED	Semantic read pending; inventory/provenance only
nabdah-backend.zip	audit-artifacts/NEW_TRACK_SOURCE_INVENTORY_20260817.txt	ce6a6b02d556e15c344343727fbbb5107bf47cc2d502ffd556881477fc163a9e	ce6a6b02d556e15c344343727fbbb5107bf47cc2d502ffd556881477fc163a9e	YES	1015	OWNED_SOURCE_MEMBER	source/config	backend	NO	UNASSIGNED	UNASSIGNED	UNASSIGNED	UNASSIGNED	UNASSIGNED	UNASSIGNED	UNASSIGNED	UNASSIGNED	UNASSIGNED	UNASSIGNED	Semantic read pending; inventory/provenance only
nabdah-backend.zip	audit-artifacts/NABDAH_PHASE2_PROFILE_NOTIFICATION_SETTINGS_GAPS_20260819.md	e7fa77b7e0d9b39c95e3feebd226402df357cdea7d2705533286195c68ca7d30	e7fa77b7e0d9b39c95e3feebd226402df357cdea7d2705533286195c68ca7d30	YES	30	OWNED_SOURCE_MEMBER	source/config	backend	NO	UNASSIGNED	UNASSIGNED	UNASSIGNED	UNASSIGNED	UNASSIGNED	UNASSIGNED	UNASSIGNED	UNASSIGNED	UNASSIGNED	UNASSIGNED	Semantic read pending; inventory/provenance only
nabdah-backend.zip	audit-artifacts/NABDAH_PHASE4_ADMIN_SERVICE_CATALOG_GAPS_20260819.md	13aff8da208bb2abbc69562c0b867d956d89cd5465383883828b77e3bced6382	13aff8da208bb2abbc69562c0b867d956d89cd5465383883828b77e3bced6382	YES	16	OWNED_SOURCE_MEMBER	service	backend	NO	UNASSIGNED	UNASSIGNED	UNASSIGNED	UNASSIGNED	UNASSIGNED	UNASSIGNED	UNASSIGNED	UNASSIGNED	UNASSIGNED	UNASSIGNED	Semantic read pending; inventory/provenance only
nabdah-backend.zip	audit-artifacts/CONTRACT_PACK_V1_IMPLEMENTATION_FILE_MANIFEST_20260822.md	6ddf83103f96a631b6d4153dce8d9ff8b4880df90959c363e346427076323975	6ddf83103f96a631b6d4153dce8d9ff8b4880df90959c363e346427076323975	YES	205	OWNED_SOURCE_MEMBER	config	backend	NO	UNASSIGNED	UNASSIGNED	UNASSIGNED	UNASSIGNED	UNASSIGNED	UNASSIGNED	UNASSIGNED	UNASSIGNED	UNASSIGNED	UNASSIGNED	Semantic read pending; inventory/provenance only
nabdah-backend.zip	audit-artifacts/FULL_SYSTEMATIC_QA_FINAL_REPORT_20260818.md	600c1f375983ae8f94ef6cf2483a8079db319b9962956fc5ed2f59ecb07af08f	600c1f375983ae8f94ef6cf2483a8079db319b9962956fc5ed2f59ecb07af08f	YES	120	OWNED_SOURCE_MEMBER	repository	backend	NO	UNASSIGNED	UNASSIGNED	UNASSIGNED	UNASSIGNED	UNASSIGNED	UNASSIGNED	UNASSIGNED	UNASSIGNED	UNASSIGNED	UNASSIGNED	Semantic read pending; inventory/provenance only
nabdah-backend.zip	audit-artifacts/NABDAH_FINAL_PHASED_EXECUTION_PLAN_20260818.md	4d58a7f51bc4cf8b1854322480cee45c9ea128705b664749360199a7607b4de0	4d58a7f51bc4cf8b1854322480cee45c9ea128705b664749360199a7607b4de0	YES	141	OWNED_SOURCE_MEMBER	source/config	backend	NO	UNASSIGNED	UNASSIGNED	UNASSIGNED	UNASSIGNED	UNASSIGNED	UNASSIGNED	UNASSIGNED	UNASSIGNED	UNASSIGNED	UNASSIGNED	Semantic read pending; inventory/provenance only
nabdah-backend.zip	audit-artifacts/NABDAH_PHASE16_PROVIDER_SELF_PROFILE_IDENTITY_REMEDIATION_20260820.md	21f7e822f9714be5028b205173bc372a20d7fdcc5946389fbc0d95778d9ebd76	21f7e822f9714be5028b205173bc372a20d7fdcc5946389fbc0d95778d9ebd76	YES	38	OWNED_SOURCE_MEMBER	source/config	backend	NO	UNASSIGNED	UNASSIGNED	UNASSIGNED	UNASSIGNED	UNASSIGNED	UNASSIGNED	UNASSIGNED	UNASSIGNED	UNASSIGNED	UNASSIGNED	Semantic read pending; inventory/provenance only
nabdah-backend.zip	audit-artifacts/NABDAH_PHASE8_BATCH_B_REALTIME_ROOM_AUTHORIZATION_20260819.md	c8a11696cdf5b570e201e1a1fd9c083ef4984a9630cd0d35b99353be4b0b2628	c8a11696cdf5b570e201e1a1fd9c083ef4984a9630cd0d35b99353be4b0b2628	YES	29	OWNED_SOURCE_MEMBER	source/config	backend	NO	UNASSIGNED	UNASSIGNED	UNASSIGNED	UNASSIGNED	UNASSIGNED	UNASSIGNED	UNASSIGNED	UNASSIGNED	UNASSIGNED	UNASSIGNED	Semantic read pending; inventory/provenance only
nabdah-backend.zip	audit-artifacts/PROVIDER_LAB_EXACT_READ_20260818.json	12364e9aff32bbc1ab020259718e874987a354fc24c72c7f2332538da0d29744	12364e9aff32bbc1ab020259718e874987a354fc24c72c7f2332538da0d29744	YES	1	OWNED_SOURCE_MEMBER	source/config	backend	NO	UNASSIGNED	UNASSIGNED	UNASSIGNED	UNASSIGNED	UNASSIGNED	UNASSIGNED	UNASSIGNED	UNASSIGNED	UNASSIGNED	UNASSIGNED	Semantic read pending; inventory/provenance only
nabdah-backend.zip	audit-artifacts/NABDAH_PHASE6_PUBLIC_CARE_DISCOVERY_PRIVACY_GAPS_20260819.md	823aaf8aacda8a2f09c6021b681d7a8b0e28ea9ef232fe3b05e643462817bba6	823aaf8aacda8a2f09c6021b681d7a8b0e28ea9ef232fe3b05e643462817bba6	YES	20	OWNED_SOURCE_MEMBER	source/config	backend	NO	UNASSIGNED	UNASSIGNED	UNASSIGNED	UNASSIGNED	UNASSIGNED	UNASSIGNED	UNASSIGNED	UNASSIGNED	UNASSIGNED	UNASSIGNED	Semantic read pending; inventory/provenance only
nabdah-backend.zip	audit-artifacts/NABDAH_PHASE8_BATCH_U_MONTHLY_HEALTH_REPORT_TEMPORAL_INTEGRITY_20260819.md	d9d755f2482eba6309f3119401dcafeac28a635eeae2a4bd265b3095aa34be87	d9d755f2482eba6309f3119401dcafeac28a635eeae2a4bd265b3095aa34be87	YES	30	OWNED_SOURCE_MEMBER	repository	backend	NO	UNASSIGNED	UNASSIGNED	UNASSIGNED	UNASSIGNED	UNASSIGNED	UNASSIGNED	UNASSIGNED	UNASSIGNED	UNASSIGNED	UNASSIGNED	Semantic read pending; inventory/provenance only
nabdah-backend.zip	audit-artifacts/NABDAH_FINAL_REMEDIATION_AND_RELEASE_READINESS_20260815.md	c049d97492ca4962dc4de8593a73e7fd9b73308bce8b1c8c35fee41681c736aa	c049d97492ca4962dc4de8593a73e7fd9b73308bce8b1c8c35fee41681c736aa	YES	109	OWNED_SOURCE_MEMBER	source/config	backend	NO	UNASSIGNED	UNASSIGNED	UNASSIGNED	UNASSIGNED	UNASSIGNED	UNASSIGNED	UNASSIGNED	UNASSIGNED	UNASSIGNED	UNASSIGNED	Semantic read pending; inventory/provenance only
nabdah-backend.zip	audit-artifacts/NABDAH_PHASE3_PROVIDER_DOCTOR_CLINICAL_WORKFLOW_GAPS_20260819.md	aa97eaa419d45a0c4d6055e226057c3d8486dff080f116f726d7d7ef8b67fe4b	aa97eaa419d45a0c4d6055e226057c3d8486dff080f116f726d7d7ef8b67fe4b	YES	18	OWNED_SOURCE_MEMBER	source/config	backend	NO	UNASSIGNED	UNASSIGNED	UNASSIGNED	UNASSIGNED	UNASSIGNED	UNASSIGNED	UNASSIGNED	UNASSIGNED	UNASSIGNED	UNASSIGNED	Semantic read pending; inventory/provenance only
nabdah-backend.zip	audit-artifacts/NABDAH_PHASE1_MAIN_SOURCE_BASELINE_20260818.md	9fe0d41ad2262b1688328a2f49ffbe13ff41a3bc0ae026ed1bad93792837aa1e	9fe0d41ad2262b1688328a2f49ffbe13ff41a3bc0ae026ed1bad93792837aa1e	YES	65	OWNED_SOURCE_MEMBER	source/config	backend	NO	UNASSIGNED	UNASSIGNED	UNASSIGNED	UNASSIGNED	UNASSIGNED	UNASSIGNED	UNASSIGNED	UNASSIGNED	UNASSIGNED	UNASSIGNED	Semantic read pending; inventory/provenance only
nabdah-backend.zip	audit-artifacts/PROVIDER_FAKE_ACTION_FINDINGS_20260818.md	e9bd144567d02cebe72e5e9153f961ffed5c8d598d9d2389765704333c88cef1	e9bd144567d02cebe72e5e9153f961ffed5c8d598d9d2389765704333c88cef1	YES	40	OWNED_SOURCE_MEMBER	source/config	backend	NO	UNASSIGNED	UNASSIGNED	UNASSIGNED	UNASSIGNED	UNASSIGNED	UNASSIGNED	UNASSIGNED	UNASSIGNED	UNASSIGNED	UNASSIGNED	Semantic read pending; inventory/provenance only
nabdah-backend.zip	audit-artifacts/PATIENT_SOURCE_INVENTORY_20260818.txt	8f73c3fae63eda739c2f783f7f5a525494e5c47453309943019512acc9843081	8f73c3fae63eda739c2f783f7f5a525494e5c47453309943019512acc9843081	YES	300	OWNED_SOURCE_MEMBER	source/config	backend	NO	UNASSIGNED	UNASSIGNED	UNASSIGNED	UNASSIGNED	UNASSIGNED	UNASSIGNED	UNASSIGNED	UNASSIGNED	UNASSIGNED	UNASSIGNED	Semantic read pending; inventory/provenance only
nabdah-backend.zip	audit-artifacts/PROVIDER_RADIOLOGY_SINGLE_LOGIN_20260818.json	3cb37ca287cb0e91594079c240d59ed9ea283ee438265bbde961a6bf3312d8fe	3cb37ca287cb0e91594079c240d59ed9ea283ee438265bbde961a6bf3312d8fe	YES	1	OWNED_SOURCE_MEMBER	source/config	backend	NO	UNASSIGNED	UNASSIGNED	UNASSIGNED	UNASSIGNED	UNASSIGNED	UNASSIGNED	UNASSIGNED	UNASSIGNED	UNASSIGNED	UNASSIGNED	Semantic read pending; inventory/provenance only
nabdah-backend.zip	audit-artifacts/PROVIDER_AUTH_CONTROLLER_SOURCE_20260818.txt	a56bc215014ae822585276e26186fd720280046c522f7c42d38d96253438ad2e	a56bc215014ae822585276e26186fd720280046c522f7c42d38d96253438ad2e	YES	105	OWNED_SOURCE_MEMBER	controller	backend	NO	UNASSIGNED	UNASSIGNED	UNASSIGNED	UNASSIGNED	UNASSIGNED	UNASSIGNED	UNASSIGNED	UNASSIGNED	UNASSIGNED	UNASSIGNED	Semantic read pending; inventory/provenance only
nabdah-backend.zip	audit-artifacts/LABS_ENGINE_LEGACY_AUTH_DRIFT_20260818.md	8307d877a39c0f63d498b40e3313ab735d9d47f681371f6dcbdfe05f947911d6	8307d877a39c0f63d498b40e3313ab735d9d47f681371f6dcbdfe05f947911d6	YES	18	OWNED_SOURCE_MEMBER	source/config	backend	NO	UNASSIGNED	UNASSIGNED	UNASSIGNED	UNASSIGNED	UNASSIGNED	UNASSIGNED	UNASSIGNED	UNASSIGNED	UNASSIGNED	UNASSIGNED	Semantic read pending; inventory/provenance only
nabdah-backend.zip	audit-artifacts/CONTRACT_PACK_V1_REMAINING_GAP_MATRIX_20260822.md	a44929a6a8e1f107ffd83ed6a7063b67760eb534132a8b71cadee8aab6fd7399	a44929a6a8e1f107ffd83ed6a7063b67760eb534132a8b71cadee8aab6fd7399	YES	26	OWNED_SOURCE_MEMBER	source/config	backend	NO	UNASSIGNED	UNASSIGNED	UNASSIGNED	UNASSIGNED	UNASSIGNED	UNASSIGNED	UNASSIGNED	UNASSIGNED	UNASSIGNED	UNASSIGNED	Semantic read pending; inventory/provenance only
nabdah-backend.zip	audit-artifacts/PROVIDER_EXPO_BUILD_BLOCKER_20260818.md	bccc7cc39dce5842ac34a4c97e3c2642c8f526adb1fbb14d0f8d183708b57225	bccc7cc39dce5842ac34a4c97e3c2642c8f526adb1fbb14d0f8d183708b57225	YES	17	OWNED_SOURCE_MEMBER	source/config	backend	NO	UNASSIGNED	UNASSIGNED	UNASSIGNED	UNASSIGNED	UNASSIGNED	UNASSIGNED	UNASSIGNED	UNASSIGNED	UNASSIGNED	UNASSIGNED	Semantic read pending; inventory/provenance only
nabdah-backend.zip	audit-artifacts/NABDAH_PHASE14_EXIT_CRITERIA_REVIEW_20260819.md	4ab9fc43540604d1c8d5e8b3073523fe9c603e5b2e3b1952467fd62ac2de9cce	4ab9fc43540604d1c8d5e8b3073523fe9c603e5b2e3b1952467fd62ac2de9cce	YES	31	OWNED_SOURCE_MEMBER	source/config	backend	NO	UNASSIGNED	UNASSIGNED	UNASSIGNED	UNASSIGNED	UNASSIGNED	UNASSIGNED	UNASSIGNED	UNASSIGNED	UNASSIGNED	UNASSIGNED	Semantic read pending; inventory/provenance only
nabdah-backend.zip	audit-artifacts/NABDAH_PHASE8_BATCH_O_DIAGNOSTICS_TRUTHFULNESS_20260819.md	775b11f4a639595d79a1a16af306a188a82da61180c363c55f2cae55604d6c44	775b11f4a639595d79a1a16af306a188a82da61180c363c55f2cae55604d6c44	YES	28	OWNED_SOURCE_MEMBER	source/config	backend	NO	UNASSIGNED	UNASSIGNED	UNASSIGNED	UNASSIGNED	UNASSIGNED	UNASSIGNED	UNASSIGNED	UNASSIGNED	UNASSIGNED	UNASSIGNED	Semantic read pending; inventory/provenance only
nabdah-backend.zip	audit-artifacts/NABDAH_PHASE8_BATCH_AP_ADMIN_SERVICE_CATALOG_PUBLICATION_CONTAINMENT_20260819.md	ad89daec72cf0274eb1dc05f1bc61b6623b59e06bc4796c6c36358b28fe50fdf	ad89daec72cf0274eb1dc05f1bc61b6623b59e06bc4796c6c36358b28fe50fdf	YES	30	OWNED_SOURCE_MEMBER	service	backend	NO	UNASSIGNED	UNASSIGNED	UNASSIGNED	UNASSIGNED	UNASSIGNED	UNASSIGNED	UNASSIGNED	UNASSIGNED	UNASSIGNED	UNASSIGNED	Semantic read pending; inventory/provenance only
nabdah-backend.zip	audit-artifacts/NABDAH_PHASE6_SECURITY_OWNERSHIP_PRIVACY_MATRIX_20260819.md	1e41e69e0e214c820fcc85a6a77ba34ba854aa26272b3d963d261867f35da9bb	1e41e69e0e214c820fcc85a6a77ba34ba854aa26272b3d963d261867f35da9bb	YES	31	OWNED_SOURCE_MEMBER	source/config	backend	NO	UNASSIGNED	UNASSIGNED	UNASSIGNED	UNASSIGNED	UNASSIGNED	UNASSIGNED	UNASSIGNED	UNASSIGNED	UNASSIGNED	UNASSIGNED	Semantic read pending; inventory/provenance only
nabdah-backend.zip	audit-artifacts/NABDAH_PHASE8_BATCH_Q_MOOD_JOURNAL_TRUTHFULNESS_20260819.md	c7e0d1c8d7e9a0667bb452666679f15cf1fac707364c4bd471d4dbe0b3a19664	c7e0d1c8d7e9a0667bb452666679f15cf1fac707364c4bd471d4dbe0b3a19664	YES	31	OWNED_SOURCE_MEMBER	source/config	backend	NO	UNASSIGNED	UNASSIGNED	UNASSIGNED	UNASSIGNED	UNASSIGNED	UNASSIGNED	UNASSIGNED	UNASSIGNED	UNASSIGNED	UNASSIGNED	Semantic read pending; inventory/provenance only
nabdah-backend.zip	audit-artifacts/UNIFIED_INSURANCE_CATALOG_CONSUMER_AUDIT_20260820.md	1f5ab681048827c4d44d678204aa2b62985b2aef42f033d4b52aef60d62500f4	1f5ab681048827c4d44d678204aa2b62985b2aef42f033d4b52aef60d62500f4	YES	104	OWNED_SOURCE_MEMBER	source/config	backend	NO	UNASSIGNED	UNASSIGNED	UNASSIGNED	UNASSIGNED	UNASSIGNED	UNASSIGNED	UNASSIGNED	UNASSIGNED	UNASSIGNED	UNASSIGNED	Semantic read pending; inventory/provenance only
nabdah-backend.zip	audit-artifacts/NABDAH_MAIN_VS_RECONCILIATION_COMPLETENESS_REPORT_20260818.md	7d234a0a5dcc6d5c646333d81b4c0604f8f41835836fc259f5c68fab3744f0fa	7d234a0a5dcc6d5c646333d81b4c0604f8f41835836fc259f5c68fab3744f0fa	YES	58	OWNED_SOURCE_MEMBER	repository	backend	NO	UNASSIGNED	UNASSIGNED	UNASSIGNED	UNASSIGNED	UNASSIGNED	UNASSIGNED	UNASSIGNED	UNASSIGNED	UNASSIGNED	UNASSIGNED	Semantic read pending; inventory/provenance only
nabdah-backend.zip	audit-artifacts/NABDAH_PHASE4_ADMIN_MEDICINE_CATALOG_GAPS_20260819.md	17fe7f4e24e8940556495636e7172c7c535fcaccf9a11cfa7d21bce1a8f5d295	17fe7f4e24e8940556495636e7172c7c535fcaccf9a11cfa7d21bce1a8f5d295	YES	19	OWNED_SOURCE_MEMBER	source/config	backend	NO	UNASSIGNED	UNASSIGNED	UNASSIGNED	UNASSIGNED	UNASSIGNED	UNASSIGNED	UNASSIGNED	UNASSIGNED	UNASSIGNED	UNASSIGNED	Semantic read pending; inventory/provenance only
nabdah-backend.zip	audit-artifacts/NABDAH_PHASE4_ADMIN_AI_GATEWAY_GAPS_20260819.md	a4ae7fbb8687311f2bcdb7a3361983bd409f00725b80a101e90d6eff95d00006	a4ae7fbb8687311f2bcdb7a3361983bd409f00725b80a101e90d6eff95d00006	YES	15	OWNED_SOURCE_MEMBER	gateway	backend	NO	UNASSIGNED	UNASSIGNED	UNASSIGNED	UNASSIGNED	UNASSIGNED	UNASSIGNED	UNASSIGNED	UNASSIGNED	UNASSIGNED	UNASSIGNED	Semantic read pending; inventory/provenance only
nabdah-backend.zip	audit-artifacts/NABDAH_PHASE5_LEGACY_CANONICAL_DATA_SOURCE_GAPS_20260819.md	3a6828968bbcb517501e3fe0041502959500df28615707e19cf30c34774982c5	3a6828968bbcb517501e3fe0041502959500df28615707e19cf30c34774982c5	YES	18	OWNED_SOURCE_MEMBER	source/config	backend	NO	UNASSIGNED	UNASSIGNED	UNASSIGNED	UNASSIGNED	UNASSIGNED	UNASSIGNED	UNASSIGNED	UNASSIGNED	UNASSIGNED	UNASSIGNED	Semantic read pending; inventory/provenance only
nabdah-backend.zip	audit-artifacts/NABDAH_PHASE8_BATCH_K_PAYMENT_INTENT_IDEMPOTENCY_20260819.md	f3d2bdaecbaab99baa9b586f4c24e2323e89c8e0d55d0e6ce632b5524461dd55	f3d2bdaecbaab99baa9b586f4c24e2323e89c8e0d55d0e6ce632b5524461dd55	YES	39	OWNED_SOURCE_MEMBER	gateway	backend	NO	UNASSIGNED	UNASSIGNED	UNASSIGNED	UNASSIGNED	UNASSIGNED	UNASSIGNED	UNASSIGNED	UNASSIGNED	UNASSIGNED	UNASSIGNED	Semantic read pending; inventory/provenance only
nabdah-backend.zip	audit-artifacts/NABDAH_DEPENDENCY_REMEDIATION_FINAL_DOUBLE_CHECK_20260819.md	28fcbf36be3f20b3035dc23532747cbc9bd21313e06ed7c2cec101218b7732e7	28fcbf36be3f20b3035dc23532747cbc9bd21313e06ed7c2cec101218b7732e7	YES	43	OWNED_SOURCE_MEMBER	source/config	backend	NO	UNASSIGNED	UNASSIGNED	UNASSIGNED	UNASSIGNED	UNASSIGNED	UNASSIGNED	UNASSIGNED	UNASSIGNED	UNASSIGNED	UNASSIGNED	Semantic read pending; inventory/provenance only
nabdah-backend.zip	audit-artifacts/NABDAH_PHASE2_MATERNITY_CLINICAL_STATE_GAP_20260819.md	713a6ff7bbd869929509e5d4988a13687193c0dcbc5636a50df8887b6d133429	713a6ff7bbd869929509e5d4988a13687193c0dcbc5636a50df8887b6d133429	YES	22	OWNED_SOURCE_MEMBER	source/config	backend	NO	UNASSIGNED	UNASSIGNED	UNASSIGNED	UNASSIGNED	UNASSIGNED	UNASSIGNED	UNASSIGNED	UNASSIGNED	UNASSIGNED	UNASSIGNED	Semantic read pending; inventory/provenance only
nabdah-backend.zip	audit-artifacts/NABDAH_ROUTE_MATCH_RECONCILIATION_20260818.md	766130284356f577adc11f56056a853e196cd9d3500a40356bd058639dab3560	766130284356f577adc11f56056a853e196cd9d3500a40356bd058639dab3560	YES	5	OWNED_SOURCE_MEMBER	source/config	backend	NO	UNASSIGNED	UNASSIGNED	UNASSIGNED	UNASSIGNED	UNASSIGNED	UNASSIGNED	UNASSIGNED	UNASSIGNED	UNASSIGNED	UNASSIGNED	Semantic read pending; inventory/provenance only
nabdah-backend.zip	audit-artifacts/NABDAH_PHASE8_BATCH_L_INSURANCE_COPAY_INTEGRITY_20260819.md	cb86d489e6eb898fd3d1ae069371d8c24a1a365a17661c95641a087d61090f8c	cb86d489e6eb898fd3d1ae069371d8c24a1a365a17661c95641a087d61090f8c	YES	32	OWNED_SOURCE_MEMBER	source/config	backend	NO	UNASSIGNED	UNASSIGNED	UNASSIGNED	UNASSIGNED	UNASSIGNED	UNASSIGNED	UNASSIGNED	UNASSIGNED	UNASSIGNED	UNASSIGNED	Semantic read pending; inventory/provenance only
nabdah-backend.zip	audit-artifacts/NABDAH_PHASE3_PROVIDER_NETWORK_ONBOARDING_BASELINE_20260819.md	db3a9c40181edf3822e97866c27e62a48148f0b42b2a16c27d6b49480a4b2fea	db3a9c40181edf3822e97866c27e62a48148f0b42b2a16c27d6b49480a4b2fea	YES	21	OWNED_SOURCE_MEMBER	source/config	backend	NO	UNASSIGNED	UNASSIGNED	UNASSIGNED	UNASSIGNED	UNASSIGNED	UNASSIGNED	UNASSIGNED	UNASSIGNED	UNASSIGNED	UNASSIGNED	Semantic read pending; inventory/provenance only
nabdah-backend.zip	audit-artifacts/NABDAH_PHASE8_BATCH_V_PROVIDER_NETWORK_CONFIGURATION_INTEGRITY_20260819.md	face98b60c128ef6b5548aad1657c612ffd2e2c01db8bf3572eea33fb22ff206	face98b60c128ef6b5548aad1657c612ffd2e2c01db8bf3572eea33fb22ff206	YES	35	OWNED_SOURCE_MEMBER	config	backend	NO	UNASSIGNED	UNASSIGNED	UNASSIGNED	UNASSIGNED	UNASSIGNED	UNASSIGNED	UNASSIGNED	UNASSIGNED	UNASSIGNED	UNASSIGNED	Semantic read pending; inventory/provenance only
nabdah-backend.zip	audit-artifacts/PROVIDER_OPERATIONAL_ROUTE_CATALOG_20260818.md	59e4ac7556c6fb7d49642006a5cefcc266af06f83e9a7a41574eda5d2d052eb5	59e4ac7556c6fb7d49642006a5cefcc266af06f83e9a7a41574eda5d2d052eb5	YES	228	OWNED_SOURCE_MEMBER	source/config	backend	NO	UNASSIGNED	UNASSIGNED	UNASSIGNED	UNASSIGNED	UNASSIGNED	UNASSIGNED	UNASSIGNED	UNASSIGNED	UNASSIGNED	UNASSIGNED	Semantic read pending; inventory/provenance only
nabdah-backend.zip	audit-artifacts/DEVICE_READINESS_REPORT_20260817.md	9368a878ec25b985d74d61db4d78bbdddc72c7ef6143b3ad4166f94ccc892e37	9368a878ec25b985d74d61db4d78bbdddc72c7ef6143b3ad4166f94ccc892e37	YES	71	OWNED_SOURCE_MEMBER	repository	backend	NO	UNASSIGNED	UNASSIGNED	UNASSIGNED	UNASSIGNED	UNASSIGNED	UNASSIGNED	UNASSIGNED	UNASSIGNED	UNASSIGNED	UNASSIGNED	Semantic read pending; inventory/provenance only
nabdah-backend.zip	audit-artifacts/NABDAH_PHASE4_ADMIN_SOS_EMERGENCY_GOVERNANCE_GAPS_20260819.md	9fb6d8133b67de5a469c11d397ba05571ba98ca3886b7706557cc43f1d83b3dd	9fb6d8133b67de5a469c11d397ba05571ba98ca3886b7706557cc43f1d83b3dd	YES	20	OWNED_SOURCE_MEMBER	source/config	backend	NO	UNASSIGNED	UNASSIGNED	UNASSIGNED	UNASSIGNED	UNASSIGNED	UNASSIGNED	UNASSIGNED	UNASSIGNED	UNASSIGNED	UNASSIGNED	Semantic read pending; inventory/provenance only
nabdah-backend.zip	audit-artifacts/NABDAH_PHASE8_BATCH_AB_PROVIDER_NURSING_QUEUE_CONTRACT_20260819.md	2232d37c8c61d424f6ccd29a8259fa97c0b737e5fd5aeae9d6c77fddfc32c608	2232d37c8c61d424f6ccd29a8259fa97c0b737e5fd5aeae9d6c77fddfc32c608	YES	34	OWNED_SOURCE_MEMBER	job	backend	NO	UNASSIGNED	UNASSIGNED	UNASSIGNED	UNASSIGNED	UNASSIGNED	UNASSIGNED	UNASSIGNED	UNASSIGNED	UNASSIGNED	UNASSIGNED	Semantic read pending; inventory/provenance only
nabdah-backend.zip	audit-artifacts/NABDAH_PHASE8_BATCH_I_NUTRITION_PLAN_TRUTHFULNESS_REVALIDATION_20260819.md	4eb5f3d20d04e34c3e5be59a5f271159e86825d2b86a99874e91a277425c81e1	4eb5f3d20d04e34c3e5be59a5f271159e86825d2b86a99874e91a277425c81e1	YES	29	OWNED_SOURCE_MEMBER	source/config	backend	NO	UNASSIGNED	UNASSIGNED	UNASSIGNED	UNASSIGNED	UNASSIGNED	UNASSIGNED	UNASSIGNED	UNASSIGNED	UNASSIGNED	UNASSIGNED	Semantic read pending; inventory/provenance only
nabdah-backend.zip	audit-artifacts/NABDAH_PHASE2_LOYALTY_REWARD_CONTRACT_GAPS_20260819.md	6ad9bde72ab50fd7fe8bb2f9c0015decc3acda186c14f9a12e7418ea0a82aef0	6ad9bde72ab50fd7fe8bb2f9c0015decc3acda186c14f9a12e7418ea0a82aef0	YES	20	OWNED_SOURCE_MEMBER	source/config	backend	NO	UNASSIGNED	UNASSIGNED	UNASSIGNED	UNASSIGNED	UNASSIGNED	UNASSIGNED	UNASSIGNED	UNASSIGNED	UNASSIGNED	UNASSIGNED	Semantic read pending; inventory/provenance only
nabdah-backend.zip	audit-artifacts/NABDAH_PHASE10_RELEASE_GATE_RECHECK_20260819.md	6bb5fbfe1862d2758dd1abc286bacc2af63ebab1f751652a16d491a72612aa49	6bb5fbfe1862d2758dd1abc286bacc2af63ebab1f751652a16d491a72612aa49	YES	25	OWNED_SOURCE_MEMBER	source/config	backend	NO	UNASSIGNED	UNASSIGNED	UNASSIGNED	UNASSIGNED	UNASSIGNED	UNASSIGNED	UNASSIGNED	UNASSIGNED	UNASSIGNED	UNASSIGNED	Semantic read pending; inventory/provenance only
nabdah-backend.zip	audit-artifacts/NABDAH_PHASE13_CONTRACT_INVENTORY_V4_SUMMARY_20260819.md	a89d772802e68b52d7eea8d5710443a06d2f7c275db6e2d91fda17f3d3a647cb	a89d772802e68b52d7eea8d5710443a06d2f7c275db6e2d91fda17f3d3a647cb	YES	38	OWNED_SOURCE_MEMBER	source/config	backend	NO	UNASSIGNED	UNASSIGNED	UNASSIGNED	UNASSIGNED	UNASSIGNED	UNASSIGNED	UNASSIGNED	UNASSIGNED	UNASSIGNED	UNASSIGNED	Semantic read pending; inventory/provenance only
nabdah-backend.zip	audit-artifacts/PROVIDER_MY_PROFILE_SOURCE_DRIFT_20260818.md	09eac3a2b77a4188d32975122705be2881fae1953cd3e5d8c7c6a6d326c87234	09eac3a2b77a4188d32975122705be2881fae1953cd3e5d8c7c6a6d326c87234	YES	27	OWNED_SOURCE_MEMBER	source/config	backend	NO	UNASSIGNED	UNASSIGNED	UNASSIGNED	UNASSIGNED	UNASSIGNED	UNASSIGNED	UNASSIGNED	UNASSIGNED	UNASSIGNED	UNASSIGNED	Semantic read pending; inventory/provenance only
nabdah-backend.zip	audit-artifacts/NABDAH_RECONCILIATION_CURRENT_SOURCE_QA_20260818.md	cfcf8b94acaa826a743543ccf7d6b0a816d76a89eec535db5221f95db43da63d	cfcf8b94acaa826a743543ccf7d6b0a816d76a89eec535db5221f95db43da63d	YES	25	OWNED_SOURCE_MEMBER	source/config	backend	NO	UNASSIGNED	UNASSIGNED	UNASSIGNED	UNASSIGNED	UNASSIGNED	UNASSIGNED	UNASSIGNED	UNASSIGNED	UNASSIGNED	UNASSIGNED	Semantic read pending; inventory/provenance only
nabdah-backend.zip	audit-artifacts/NABDAH_PHASE2_MEDICAL_REPORT_VIEWER_AND_AI_CONTRACT_GAPS_20260819.md	ab32bace1766c08af2a43614da7dea5c8d15ec28de1e9f3a5551c92c2859de24	ab32bace1766c08af2a43614da7dea5c8d15ec28de1e9f3a5551c92c2859de24	YES	20	OWNED_SOURCE_MEMBER	repository	backend	NO	UNASSIGNED	UNASSIGNED	UNASSIGNED	UNASSIGNED	UNASSIGNED	UNASSIGNED	UNASSIGNED	UNASSIGNED	UNASSIGNED	UNASSIGNED	Semantic read pending; inventory/provenance only
nabdah-backend.zip	audit-artifacts/NABDAH_PHASE2_PLAN_DOUBLE_CHECK_20260818.md	3c4240141c62e648fa9380ea9a8c21ef5beedeb091db4d8a634e8e4ad5d4afcd	3c4240141c62e648fa9380ea9a8c21ef5beedeb091db4d8a634e8e4ad5d4afcd	YES	74	OWNED_SOURCE_MEMBER	source/config	backend	NO	UNASSIGNED	UNASSIGNED	UNASSIGNED	UNASSIGNED	UNASSIGNED	UNASSIGNED	UNASSIGNED	UNASSIGNED	UNASSIGNED	UNASSIGNED	Semantic read pending; inventory/provenance only
nabdah-backend.zip	audit-artifacts/NABDAH_PHASE8_BATCH_D_PRIVILEGED_JWT_IMPERSONATION_20260819.md	8a4a93368a5e14c2a58071db87f8c7b8eb2a368ee982f5c34268b41c7836b9d6	8a4a93368a5e14c2a58071db87f8c7b8eb2a368ee982f5c34268b41c7836b9d6	YES	28	OWNED_SOURCE_MEMBER	source/config	backend	NO	UNASSIGNED	UNASSIGNED	UNASSIGNED	UNASSIGNED	UNASSIGNED	UNASSIGNED	UNASSIGNED	UNASSIGNED	UNASSIGNED	UNASSIGNED	Semantic read pending; inventory/provenance only
nabdah-backend.zip	audit-artifacts/NABDAH_RECONCILIATION_ACTUAL_API_CALLS_20260818.tsv	982ba56865f4f8e591834dc5ab0f95d1d3fed433a3666a4e67d7423dec822fa2	982ba56865f4f8e591834dc5ab0f95d1d3fed433a3666a4e67d7423dec822fa2	YES	729	OWNED_SOURCE_MEMBER	source/config	backend	NO	UNASSIGNED	UNASSIGNED	UNASSIGNED	UNASSIGNED	UNASSIGNED	UNASSIGNED	UNASSIGNED	UNASSIGNED	UNASSIGNED	UNASSIGNED	Semantic read pending; inventory/provenance only
nabdah-backend.zip	audit-artifacts/PATIENT_CONSULTATION_CONSUMER_MAP_20260818.txt	8abf63f1d1879479763f611c56048f960a428ed2be27a0167f2a3141b8511e6e	8abf63f1d1879479763f611c56048f960a428ed2be27a0167f2a3141b8511e6e	YES	854	OWNED_SOURCE_MEMBER	source/config	backend	NO	UNASSIGNED	UNASSIGNED	UNASSIGNED	UNASSIGNED	UNASSIGNED	UNASSIGNED	UNASSIGNED	UNASSIGNED	UNASSIGNED	UNASSIGNED	Semantic read pending; inventory/provenance only
nabdah-backend.zip	audit-artifacts/NABDAH_PHASE15_EXIT_CRITERIA_REVIEW_20260819.md	5c26fc980c012130b4b68fae4a750fbc7badee76182d3819661ba6f837e13894	5c26fc980c012130b4b68fae4a750fbc7badee76182d3819661ba6f837e13894	YES	22	OWNED_SOURCE_MEMBER	source/config	backend	NO	UNASSIGNED	UNASSIGNED	UNASSIGNED	UNASSIGNED	UNASSIGNED	UNASSIGNED	UNASSIGNED	UNASSIGNED	UNASSIGNED	UNASSIGNED	Semantic read pending; inventory/provenance only
nabdah-backend.zip	audit-artifacts/COMPREHENSIVE_SERVICE_SCENARIO_MATRIX_20260818.md	982e1076517a57473404f90af83ad40a5119d82bf4c21da2f6dad3853f673d10	982e1076517a57473404f90af83ad40a5119d82bf4c21da2f6dad3853f673d10	YES	45	OWNED_SOURCE_MEMBER	service	backend	NO	UNASSIGNED	UNASSIGNED	UNASSIGNED	UNASSIGNED	UNASSIGNED	UNASSIGNED	UNASSIGNED	UNASSIGNED	UNASSIGNED	UNASSIGNED	Semantic read pending; inventory/provenance only
nabdah-backend.zip	audit-artifacts/PROVIDER_AUTH_CONTRACT_DRIFT_20260818.md	333c27b1bc7179613e27e0cb224a88282179211cbaf4b944eda4ff2ee2cef233	333c27b1bc7179613e27e0cb224a88282179211cbaf4b944eda4ff2ee2cef233	YES	5	OWNED_SOURCE_MEMBER	source/config	backend	NO	UNASSIGNED	UNASSIGNED	UNASSIGNED	UNASSIGNED	UNASSIGNED	UNASSIGNED	UNASSIGNED	UNASSIGNED	UNASSIGNED	UNASSIGNED	Semantic read pending; inventory/provenance only
nabdah-backend.zip	audit-artifacts/NABDAH_PHASE2_INSURANCE_APPROVAL_PAYMENT_HANDOFF_GAP_20260819.md	9f751388d6cf6911802cadb29b3e78e44dd0b282b8c8f2bb5c8576a43c4a644f	9f751388d6cf6911802cadb29b3e78e44dd0b282b8c8f2bb5c8576a43c4a644f	YES	25	OWNED_SOURCE_MEMBER	gateway	backend	NO	UNASSIGNED	UNASSIGNED	UNASSIGNED	UNASSIGNED	UNASSIGNED	UNASSIGNED	UNASSIGNED	UNASSIGNED	UNASSIGNED	UNASSIGNED	Semantic read pending; inventory/provenance only
nabdah-backend.zip	audit-artifacts/NABDAH_PROVIDER_SHARED_OPERATION_TRUTHFULNESS_20260819.md	6a8a2d24906ce43260b520be1ed6ea0fa8f8b73178f57a1bc0f82123e78ff343	6a8a2d24906ce43260b520be1ed6ea0fa8f8b73178f57a1bc0f82123e78ff343	YES	48	OWNED_SOURCE_MEMBER	source/config	backend	NO	UNASSIGNED	UNASSIGNED	UNASSIGNED	UNASSIGNED	UNASSIGNED	UNASSIGNED	UNASSIGNED	UNASSIGNED	UNASSIGNED	UNASSIGNED	Semantic read pending; inventory/provenance only
nabdah-backend.zip	audit-artifacts/PHASE6_STAGING_E2E_MATRIX_20260817.md	4e56afdd0bd6609b4a67b5ea6bad604b96302c3a6d93063086e668e7f04e1d7e	4e56afdd0bd6609b4a67b5ea6bad604b96302c3a6d93063086e668e7f04e1d7e	YES	50	OWNED_SOURCE_MEMBER	source/config	backend	NO	UNASSIGNED	UNASSIGNED	UNASSIGNED	UNASSIGNED	UNASSIGNED	UNASSIGNED	UNASSIGNED	UNASSIGNED	UNASSIGNED	UNASSIGNED	Semantic read pending; inventory/provenance only
nabdah-backend.zip	audit-artifacts/PROVIDER_NURSING_SINGLE_LOGIN_20260818.json	3cb37ca287cb0e91594079c240d59ed9ea283ee438265bbde961a6bf3312d8fe	3cb37ca287cb0e91594079c240d59ed9ea283ee438265bbde961a6bf3312d8fe	YES	1	OWNED_SOURCE_MEMBER	source/config	backend	NO	UNASSIGNED	UNASSIGNED	UNASSIGNED	UNASSIGNED	UNASSIGNED	UNASSIGNED	UNASSIGNED	UNASSIGNED	UNASSIGNED	UNASSIGNED	Semantic read pending; inventory/provenance only
nabdah-backend.zip	audit-artifacts/NABDAH_PHASE4_ADMIN_AUDIT_LOG_GAPS_20260819.md	ca79ea013bbc94c5fe583223387e688268c124ceea2c127c3d115d4a05dff605	ca79ea013bbc94c5fe583223387e688268c124ceea2c127c3d115d4a05dff605	YES	25	OWNED_SOURCE_MEMBER	source/config	backend	NO	UNASSIGNED	UNASSIGNED	UNASSIGNED	UNASSIGNED	UNASSIGNED	UNASSIGNED	UNASSIGNED	UNASSIGNED	UNASSIGNED	UNASSIGNED	Semantic read pending; inventory/provenance only
nabdah-backend.zip	audit-artifacts/PROVIDER_REGISTRATION_DEFAULTS_SCAN_20260818.txt	f5ac42fb81d6db9090295b78fd40d5a40e598d08b6e2fc5ed1c7e41e6a8dec0e	f5ac42fb81d6db9090295b78fd40d5a40e598d08b6e2fc5ed1c7e41e6a8dec0e	YES	787	OWNED_SOURCE_MEMBER	source/config	backend	NO	UNASSIGNED	UNASSIGNED	UNASSIGNED	UNASSIGNED	UNASSIGNED	UNASSIGNED	UNASSIGNED	UNASSIGNED	UNASSIGNED	UNASSIGNED	Semantic read pending; inventory/provenance only
nabdah-backend.zip	audit-artifacts/NABDAH_PHASE11_PRESCRIPTIONS_AUTHORIZATION_REMEDIATION_20260819.md	18d2829e22edf0bbad6565f43d9cfa38bc1ef1f95bb7c617dc669b03b2f85273	18d2829e22edf0bbad6565f43d9cfa38bc1ef1f95bb7c617dc669b03b2f85273	YES	30	OWNED_SOURCE_MEMBER	source/config	backend	NO	UNASSIGNED	UNASSIGNED	UNASSIGNED	UNASSIGNED	UNASSIGNED	UNASSIGNED	UNASSIGNED	UNASSIGNED	UNASSIGNED	UNASSIGNED	Semantic read pending; inventory/provenance only
nabdah-backend.zip	audit-artifacts/NABDAH_PASTED_CONTENT_17_REQUIREMENTS_ANALYSIS_20260818.md	d7a49c6645a4d703f217cab386eae51deb9eb4deada80e0cf0dd55e81ab71dcf	d7a49c6645a4d703f217cab386eae51deb9eb4deada80e0cf0dd55e81ab71dcf	YES	70	OWNED_SOURCE_MEMBER	source/config	backend	NO	UNASSIGNED	UNASSIGNED	UNASSIGNED	UNASSIGNED	UNASSIGNED	UNASSIGNED	UNASSIGNED	UNASSIGNED	UNASSIGNED	UNASSIGNED	Semantic read pending; inventory/provenance only
nabdah-backend.zip	audit-artifacts/NABDAH_PHASE2_PATIENT_MAIN_RISK_MARKERS_20260818.tsv	c91de16a634df0533bab867781315f8d740b64b688a5fdd064afabe866ca28a1	c91de16a634df0533bab867781315f8d740b64b688a5fdd064afabe866ca28a1	YES	191	OWNED_SOURCE_MEMBER	source/config	backend	NO	UNASSIGNED	UNASSIGNED	UNASSIGNED	UNASSIGNED	UNASSIGNED	UNASSIGNED	UNASSIGNED	UNASSIGNED	UNASSIGNED	UNASSIGNED	Semantic read pending; inventory/provenance only
nabdah-backend.zip	audit-artifacts/PATIENT2_BOLA_REPORT_RECHECK_20260818.json	5a39b5d9b09d8d5bb9cf14e5de388e4d3658cf7f265e53609607c0078f76bd41	5a39b5d9b09d8d5bb9cf14e5de388e4d3658cf7f265e53609607c0078f76bd41	YES	1	OWNED_SOURCE_MEMBER	repository	backend	NO	UNASSIGNED	UNASSIGNED	UNASSIGNED	UNASSIGNED	UNASSIGNED	UNASSIGNED	UNASSIGNED	UNASSIGNED	UNASSIGNED	UNASSIGNED	Semantic read pending; inventory/provenance only
nabdah-backend.zip	audit-artifacts/ADMIN_QA_ROUTE_BUTTON_INVENTORY_20260818.txt	c1de3cbf858101b65ce89032020a428fccd24bc1e94f8fe3ba5dc3dc0f0d1899	c1de3cbf858101b65ce89032020a428fccd24bc1e94f8fe3ba5dc3dc0f0d1899	YES	305	OWNED_SOURCE_MEMBER	source/config	backend	NO	UNASSIGNED	UNASSIGNED	UNASSIGNED	UNASSIGNED	UNASSIGNED	UNASSIGNED	UNASSIGNED	UNASSIGNED	UNASSIGNED	UNASSIGNED	Semantic read pending; inventory/provenance only
nabdah-backend.zip	audit-artifacts/verification/BACKEND_AUTH_REFRESH_TTL_BOOT_TEST_20260822.txt	c937bbdc76cf88b49877e3cf08d34154f7c1d3be14b238e1d474cc4fcd4b21b0	c937bbdc76cf88b49877e3cf08d34154f7c1d3be14b238e1d474cc4fcd4b21b0	YES	15	OWNED_SOURCE_MEMBER	source/config	backend	NO	UNASSIGNED	UNASSIGNED	UNASSIGNED	UNASSIGNED	UNASSIGNED	UNASSIGNED	UNASSIGNED	UNASSIGNED	UNASSIGNED	UNASSIGNED	Semantic read pending; inventory/provenance only
nabdah-backend.zip	audit-artifacts/verification/BACKEND_PRESCRIPTIONS_DTO_CONTRACT_BOOT_TEST_20260822.txt	3f213db04a7f2204823cf6520eef3313032dd531a00b1f0855b89a973a52675b	3f213db04a7f2204823cf6520eef3313032dd531a00b1f0855b89a973a52675b	YES	15	OWNED_SOURCE_MEMBER	dto	backend	NO	UNASSIGNED	UNASSIGNED	UNASSIGNED	UNASSIGNED	UNASSIGNED	UNASSIGNED	UNASSIGNED	UNASSIGNED	UNASSIGNED	UNASSIGNED	Semantic read pending; inventory/provenance only
nabdah-backend.zip	audit-artifacts/verification/BACKEND_USERS_SETTINGS_CONTRACT_BUILD_20260822.txt	fa3465ad332372345d40b6495b5d62ac98c71342ba295bb6381fe63eceb43388	fa3465ad332372345d40b6495b5d62ac98c71342ba295bb6381fe63eceb43388	YES	3	OWNED_SOURCE_MEMBER	source/config	backend	NO	UNASSIGNED	UNASSIGNED	UNASSIGNED	UNASSIGNED	UNASSIGNED	UNASSIGNED	UNASSIGNED	UNASSIGNED	UNASSIGNED	UNASSIGNED	Semantic read pending; inventory/provenance only
nabdah-backend.zip	audit-artifacts/verification/BACKEND_USERS_SETTINGS_CONTRACT_BOOT_TEST_20260822.txt	12f4753ea79538a2e764437389b34d025a4921f3024ff7535cf7f46b3f521315	12f4753ea79538a2e764437389b34d025a4921f3024ff7535cf7f46b3f521315	YES	15	OWNED_SOURCE_MEMBER	source/config	backend	NO	UNASSIGNED	UNASSIGNED	UNASSIGNED	UNASSIGNED	UNASSIGNED	UNASSIGNED	UNASSIGNED	UNASSIGNED	UNASSIGNED	UNASSIGNED	Semantic read pending; inventory/provenance only
nabdah-backend.zip	audit-artifacts/verification/BACKEND_CHAT_MEDIA_CONTRACT_BRIDGE_BUILD_20260822.txt	fa3465ad332372345d40b6495b5d62ac98c71342ba295bb6381fe63eceb43388	fa3465ad332372345d40b6495b5d62ac98c71342ba295bb6381fe63eceb43388	YES	3	OWNED_SOURCE_MEMBER	source/config	backend	NO	UNASSIGNED	UNASSIGNED	UNASSIGNED	UNASSIGNED	UNASSIGNED	UNASSIGNED	UNASSIGNED	UNASSIGNED	UNASSIGNED	UNASSIGNED	Semantic read pending; inventory/provenance only
nabdah-backend.zip	audit-artifacts/verification/BACKEND_ARTICLE_BOOKMARK_CONTRACT_FULL_TEST_20260822.txt	e4939c5b6ae1a80bf78d7196e865b3a3d46e3d131c16862d2717e1957cff7d3d	e4939c5b6ae1a80bf78d7196e865b3a3d46e3d131c16862d2717e1957cff7d3d	YES	176	OWNED_SOURCE_MEMBER	source/config	backend	NO	UNASSIGNED	UNASSIGNED	UNASSIGNED	UNASSIGNED	UNASSIGNED	UNASSIGNED	UNASSIGNED	UNASSIGNED	UNASSIGNED	UNASSIGNED	Semantic read pending; inventory/provenance only
nabdah-backend.zip	audit-artifacts/verification/BACKEND_UNIFIED_BOOKINGS_CASH_BRIDGE_FULL_TEST_20260822.txt	6c4cfbd36ad2f1462976b0f0d0207a1e6f575ecac1d7ed72c09d6aa3f2658be9	6c4cfbd36ad2f1462976b0f0d0207a1e6f575ecac1d7ed72c09d6aa3f2658be9	YES	170	OWNED_SOURCE_MEMBER	source/config	backend	NO	UNASSIGNED	UNASSIGNED	UNASSIGNED	UNASSIGNED	UNASSIGNED	UNASSIGNED	UNASSIGNED	UNASSIGNED	UNASSIGNED	UNASSIGNED	Semantic read pending; inventory/provenance only
nabdah-backend.zip	audit-artifacts/verification/BACKEND_ORDERS_IDEMPOTENCY_BOOT_TEST_20260822.txt	41d17cc266b8474abc45f4f1b9e724aecd82c82c38f2fd73426a314c37523216	41d17cc266b8474abc45f4f1b9e724aecd82c82c38f2fd73426a314c37523216	YES	15	OWNED_SOURCE_MEMBER	source/config	backend	NO	UNASSIGNED	UNASSIGNED	UNASSIGNED	UNASSIGNED	UNASSIGNED	UNASSIGNED	UNASSIGNED	UNASSIGNED	UNASSIGNED	UNASSIGNED	Semantic read pending; inventory/provenance only
nabdah-backend.zip	audit-artifacts/verification/CONTRACT_PACK_V1_DELIVERY_STATUS_20260822.md	2c56b7ae4b6affd6ad2a91110ddb98ad27d19730564504f9fdbd77c2573be155	2c56b7ae4b6affd6ad2a91110ddb98ad27d19730564504f9fdbd77c2573be155	YES	64	OWNED_SOURCE_MEMBER	source/config	backend	NO	UNASSIGNED	UNASSIGNED	UNASSIGNED	UNASSIGNED	UNASSIGNED	UNASSIGNED	UNASSIGNED	UNASSIGNED	UNASSIGNED	UNASSIGNED	Semantic read pending; inventory/provenance only
nabdah-backend.zip	audit-artifacts/verification/BACKEND_UNIFIED_BOOKINGS_CALL_TOKEN_FULL_TEST_20260822.txt	f247a7c4ef905ff362d10e149b3a070faf42ff88f1975d3ccc94dcb6169b7c91	f247a7c4ef905ff362d10e149b3a070faf42ff88f1975d3ccc94dcb6169b7c91	YES	170	OWNED_SOURCE_MEMBER	source/config	backend	NO	UNASSIGNED	UNASSIGNED	UNASSIGNED	UNASSIGNED	UNASSIGNED	UNASSIGNED	UNASSIGNED	UNASSIGNED	UNASSIGNED	UNASSIGNED	Semantic read pending; inventory/provenance only
nabdah-backend.zip	audit-artifacts/verification/BACKEND_PUBLIC_CATALOG_FRAGMENT_VERIFICATION_20260822.md	8c3aab50bbdf1fd82da899c44f901d6738eeb1982d1922b2b7656b1ec06edb30	8c3aab50bbdf1fd82da899c44f901d6738eeb1982d1922b2b7656b1ec06edb30	YES	30	OWNED_SOURCE_MEMBER	source/config	backend	NO	UNASSIGNED	UNASSIGNED	UNASSIGNED	UNASSIGNED	UNASSIGNED	UNASSIGNED	UNASSIGNED	UNASSIGNED	UNASSIGNED	UNASSIGNED	Semantic read pending; inventory/provenance only
nabdah-backend.zip	audit-artifacts/verification/BACKEND_PRESCRIPTIONS_DTO_CONTRACT_FULL_TEST_20260822.txt	ee6416581736fc32109bb28bd5debbc957b61662c9d5a677a2c37edb5c749580	ee6416581736fc32109bb28bd5debbc957b61662c9d5a677a2c37edb5c749580	YES	174	OWNED_SOURCE_MEMBER	dto	backend	NO	UNASSIGNED	UNASSIGNED	UNASSIGNED	UNASSIGNED	UNASSIGNED	UNASSIGNED	UNASSIGNED	UNASSIGNED	UNASSIGNED	UNASSIGNED	Semantic read pending; inventory/provenance only
nabdah-backend.zip	audit-artifacts/verification/BACKEND_UNIFIED_BOOKINGS_CASH_BRIDGE_BUILD_20260822.txt	fa3465ad332372345d40b6495b5d62ac98c71342ba295bb6381fe63eceb43388	fa3465ad332372345d40b6495b5d62ac98c71342ba295bb6381fe63eceb43388	YES	3	OWNED_SOURCE_MEMBER	source/config	backend	NO	UNASSIGNED	UNASSIGNED	UNASSIGNED	UNASSIGNED	UNASSIGNED	UNASSIGNED	UNASSIGNED	UNASSIGNED	UNASSIGNED	UNASSIGNED	Semantic read pending; inventory/provenance only
nabdah-backend.zip	audit-artifacts/verification/BACKEND_CONTRACT_PACK_V1_FULL_TEST_20260822.txt	2dfafddf888ace5e5a9cd9d7604a20ef34c074cc87c67f01fd8388150acdf16a	2dfafddf888ace5e5a9cd9d7604a20ef34c074cc87c67f01fd8388150acdf16a	YES	169	OWNED_SOURCE_MEMBER	source/config	backend	NO	UNASSIGNED	UNASSIGNED	UNASSIGNED	UNASSIGNED	UNASSIGNED	UNASSIGNED	UNASSIGNED	UNASSIGNED	UNASSIGNED	UNASSIGNED	Semantic read pending; inventory/provenance only
nabdah-backend.zip	audit-artifacts/verification/BACKEND_PUBLIC_CATALOG_FRAGMENT_BOOT_TEST_20260822.txt	bc2db208813e320bdb12b98b802697afcfa65e4d2022e7c399148a3ac52d8644	bc2db208813e320bdb12b98b802697afcfa65e4d2022e7c399148a3ac52d8644	YES	15	OWNED_SOURCE_MEMBER	source/config	backend	NO	UNASSIGNED	UNASSIGNED	UNASSIGNED	UNASSIGNED	UNASSIGNED	UNASSIGNED	UNASSIGNED	UNASSIGNED	UNASSIGNED	UNASSIGNED	Semantic read pending; inventory/provenance only
nabdah-backend.zip	audit-artifacts/verification/BACKEND_CHAT_MEDIA_CONTRACT_BRIDGE_FULL_TEST_20260822.txt	30b78b9b2ed5c554c282f5db8971a9f63b2458b5d5eb7fd28401edb26d8ef9f6	30b78b9b2ed5c554c282f5db8971a9f63b2458b5d5eb7fd28401edb26d8ef9f6	YES	173	OWNED_SOURCE_MEMBER	source/config	backend	NO	UNASSIGNED	UNASSIGNED	UNASSIGNED	UNASSIGNED	UNASSIGNED	UNASSIGNED	UNASSIGNED	UNASSIGNED	UNASSIGNED	UNASSIGNED	Semantic read pending; inventory/provenance only
nabdah-backend.zip	audit-artifacts/verification/BACKEND_AUTH_REFRESH_TTL_BUILD_20260822.txt	fa3465ad332372345d40b6495b5d62ac98c71342ba295bb6381fe63eceb43388	fa3465ad332372345d40b6495b5d62ac98c71342ba295bb6381fe63eceb43388	YES	3	OWNED_SOURCE_MEMBER	source/config	backend	NO	UNASSIGNED	UNASSIGNED	UNASSIGNED	UNASSIGNED	UNASSIGNED	UNASSIGNED	UNASSIGNED	UNASSIGNED	UNASSIGNED	UNASSIGNED	Semantic read pending; inventory/provenance only
nabdah-backend.zip	audit-artifacts/verification/BACKEND_ARTICLE_BOOKMARK_CONTRACT_VERIFICATION_20260822.md	63825711310ff8c614312d2fdb8ccf76a1bd06b9f476889bcf2a1f632f6e18ee	63825711310ff8c614312d2fdb8ccf76a1bd06b9f476889bcf2a1f632f6e18ee	YES	31	OWNED_SOURCE_MEMBER	source/config	backend	NO	UNASSIGNED	UNASSIGNED	UNASSIGNED	UNASSIGNED	UNASSIGNED	UNASSIGNED	UNASSIGNED	UNASSIGNED	UNASSIGNED	UNASSIGNED	Semantic read pending; inventory/provenance only
nabdah-backend.zip	audit-artifacts/verification/BACKEND_UNIFIED_BOOKINGS_CALL_TOKEN_VERIFICATION_20260822.md	2c444da8e9d1e96c667090a0e4a510bca760c807d57c59460da196831f8aab4b	2c444da8e9d1e96c667090a0e4a510bca760c807d57c59460da196831f8aab4b	YES	32	OWNED_SOURCE_MEMBER	source/config	backend	NO	UNASSIGNED	UNASSIGNED	UNASSIGNED	UNASSIGNED	UNASSIGNED	UNASSIGNED	UNASSIGNED	UNASSIGNED	UNASSIGNED	UNASSIGNED	Semantic read pending; inventory/provenance only
nabdah-backend.zip	audit-artifacts/verification/BACKEND_UNIFIED_BOOKINGS_CASH_BRIDGE_BOOT_TEST_20260822.txt	a6468d97a4faa7568307477ef8ba6a21febeba01f2ac475d60e1ea336e6251fd	a6468d97a4faa7568307477ef8ba6a21febeba01f2ac475d60e1ea336e6251fd	YES	15	OWNED_SOURCE_MEMBER	source/config	backend	NO	UNASSIGNED	UNASSIGNED	UNASSIGNED	UNASSIGNED	UNASSIGNED	UNASSIGNED	UNASSIGNED	UNASSIGNED	UNASSIGNED	UNASSIGNED	Semantic read pending; inventory/provenance only
nabdah-backend.zip	audit-artifacts/verification/BACKEND_PUBLIC_CATALOG_FRAGMENT_FULL_TEST_20260822.txt	6e36e4017ac203f71a96fb1be50b3ce3e2b13257084abc6fa600c610b3d01270	6e36e4017ac203f71a96fb1be50b3ce3e2b13257084abc6fa600c610b3d01270	YES	178	OWNED_SOURCE_MEMBER	source/config	backend	NO	UNASSIGNED	UNASSIGNED	UNASSIGNED	UNASSIGNED	UNASSIGNED	UNASSIGNED	UNASSIGNED	UNASSIGNED	UNASSIGNED	UNASSIGNED	Semantic read pending; inventory/provenance only
nabdah-backend.zip	audit-artifacts/verification/CONTRACT_PACK_V1_DELIVERY_STATUS_UPDATE_20260822.md	c452f1d0f819030d01082015a6bdade77178f0af7420fc1925e97bc365e465b4	c452f1d0f819030d01082015a6bdade77178f0af7420fc1925e97bc365e465b4	YES	67	OWNED_SOURCE_MEMBER	source/config	backend	NO	UNASSIGNED	UNASSIGNED	UNASSIGNED	UNASSIGNED	UNASSIGNED	UNASSIGNED	UNASSIGNED	UNASSIGNED	UNASSIGNED	UNASSIGNED	Semantic read pending; inventory/provenance only
nabdah-backend.zip	audit-artifacts/verification/BACKEND_CONTRACT_PACK_V1_VERIFICATION_20260822.md	3f5f2c7d63208a0245c3524fc5cd2b5d268ebb9c699c8c87dd79f7898b169312	3f5f2c7d63208a0245c3524fc5cd2b5d268ebb9c699c8c87dd79f7898b169312	YES	19	OWNED_SOURCE_MEMBER	source/config	backend	NO	UNASSIGNED	UNASSIGNED	UNASSIGNED	UNASSIGNED	UNASSIGNED	UNASSIGNED	UNASSIGNED	UNASSIGNED	UNASSIGNED	UNASSIGNED	Semantic read pending; inventory/provenance only
nabdah-backend.zip	audit-artifacts/verification/BACKEND_PUBLIC_SPECIALTIES_CONTRACT_BUILD_20260822.txt	fa3465ad332372345d40b6495b5d62ac98c71342ba295bb6381fe63eceb43388	fa3465ad332372345d40b6495b5d62ac98c71342ba295bb6381fe63eceb43388	YES	3	OWNED_SOURCE_MEMBER	source/config	backend	NO	UNASSIGNED	UNASSIGNED	UNASSIGNED	UNASSIGNED	UNASSIGNED	UNASSIGNED	UNASSIGNED	UNASSIGNED	UNASSIGNED	UNASSIGNED	Semantic read pending; inventory/provenance only
nabdah-backend.zip	audit-artifacts/verification/BACKEND_UNIFIED_BOOKINGS_CASH_BRIDGE_VERIFICATION_20260822.md	7f6b65c46123c5f86391d730e4d0752131fddd785aad97a238b37660456244ce	7f6b65c46123c5f86391d730e4d0752131fddd785aad97a238b37660456244ce	YES	37	OWNED_SOURCE_MEMBER	source/config	backend	NO	UNASSIGNED	UNASSIGNED	UNASSIGNED	UNASSIGNED	UNASSIGNED	UNASSIGNED	UNASSIGNED	UNASSIGNED	UNASSIGNED	UNASSIGNED	Semantic read pending; inventory/provenance only
nabdah-backend.zip	audit-artifacts/verification/BACKEND_REAL_NEST_BOOT_ATTEMPT_20260822.txt	babbb77e94733f725113ec376e9585b8306b644462ac813e094f3d5aee78c253	babbb77e94733f725113ec376e9585b8306b644462ac813e094f3d5aee78c253	YES	8	OWNED_SOURCE_MEMBER	source/config	backend	NO	UNASSIGNED	UNASSIGNED	UNASSIGNED	UNASSIGNED	UNASSIGNED	UNASSIGNED	UNASSIGNED	UNASSIGNED	UNASSIGNED	UNASSIGNED	Semantic read pending; inventory/provenance only
nabdah-backend.zip	audit-artifacts/verification/BACKEND_PUBLIC_SPECIALTIES_CONTRACT_FULL_TEST_20260822.txt	310380690e8624321b02f2fc309a3114453edf8307674d01737ba9cfc895b428	310380690e8624321b02f2fc309a3114453edf8307674d01737ba9cfc895b428	YES	177	OWNED_SOURCE_MEMBER	source/config	backend	NO	UNASSIGNED	UNASSIGNED	UNASSIGNED	UNASSIGNED	UNASSIGNED	UNASSIGNED	UNASSIGNED	UNASSIGNED	UNASSIGNED	UNASSIGNED	Semantic read pending; inventory/provenance only
nabdah-backend.zip	audit-artifacts/verification/BACKEND_AUTH_REFRESH_TTL_VERIFICATION_20260822.md	b6f30c671c23d33536123ea0646108d17cdb02a6ea94d4ed243895084cd721de	b6f30c671c23d33536123ea0646108d17cdb02a6ea94d4ed243895084cd721de	YES	19	OWNED_SOURCE_MEMBER	source/config	backend	NO	UNASSIGNED	UNASSIGNED	UNASSIGNED	UNASSIGNED	UNASSIGNED	UNASSIGNED	UNASSIGNED	UNASSIGNED	UNASSIGNED	UNASSIGNED	Semantic read pending; inventory/provenance only
nabdah-backend.zip	audit-artifacts/verification/BACKEND_PUBLIC_SPECIALTIES_CONTRACT_BOOT_TEST_20260822.txt	5db2b2d159e6bec3f0433309ff7072b4b0e7c5d4e520271c18a35a0a826a8acc	5db2b2d159e6bec3f0433309ff7072b4b0e7c5d4e520271c18a35a0a826a8acc	YES	15	OWNED_SOURCE_MEMBER	source/config	backend	NO	UNASSIGNED	UNASSIGNED	UNASSIGNED	UNASSIGNED	UNASSIGNED	UNASSIGNED	UNASSIGNED	UNASSIGNED	UNASSIGNED	UNASSIGNED	Semantic read pending; inventory/provenance only
nabdah-backend.zip	audit-artifacts/verification/BACKEND_CHAT_MEDIA_CONTRACT_BRIDGE_VERIFICATION_20260822.md	24b42446af36e1abe3237e63197b80c5eda28ec90813f9947489a4da1242e76b	24b42446af36e1abe3237e63197b80c5eda28ec90813f9947489a4da1242e76b	YES	38	OWNED_SOURCE_MEMBER	source/config	backend	NO	UNASSIGNED	UNASSIGNED	UNASSIGNED	UNASSIGNED	UNASSIGNED	UNASSIGNED	UNASSIGNED	UNASSIGNED	UNASSIGNED	UNASSIGNED	Semantic read pending; inventory/provenance only
nabdah-backend.zip	audit-artifacts/verification/BACKEND_CONTRACT_PACK_V1_NEST_BOOT_TEST_20260822.txt	89dbb41416baa5dbb3ed679f3416762a2cef55d208ffcfcb66f1c19be9d15ec4	89dbb41416baa5dbb3ed679f3416762a2cef55d208ffcfcb66f1c19be9d15ec4	YES	15	OWNED_SOURCE_MEMBER	source/config	backend	NO	UNASSIGNED	UNASSIGNED	UNASSIGNED	UNASSIGNED	UNASSIGNED	UNASSIGNED	UNASSIGNED	UNASSIGNED	UNASSIGNED	UNASSIGNED	Semantic read pending; inventory/provenance only
nabdah-backend.zip	audit-artifacts/verification/BACKEND_PRESCRIPTIONS_DTO_CONTRACT_BUILD_20260822.txt	fa3465ad332372345d40b6495b5d62ac98c71342ba295bb6381fe63eceb43388	fa3465ad332372345d40b6495b5d62ac98c71342ba295bb6381fe63eceb43388	YES	3	OWNED_SOURCE_MEMBER	dto	backend	NO	UNASSIGNED	UNASSIGNED	UNASSIGNED	UNASSIGNED	UNASSIGNED	UNASSIGNED	UNASSIGNED	UNASSIGNED	UNASSIGNED	UNASSIGNED	Semantic read pending; inventory/provenance only
nabdah-backend.zip	audit-artifacts/verification/BACKEND_USERS_SETTINGS_CONTRACT_VERIFICATION_20260822.md	916187e72c9a44a6545e27754b79c3d38731598e78d3d99e822ad25776795343	916187e72c9a44a6545e27754b79c3d38731598e78d3d99e822ad25776795343	YES	32	OWNED_SOURCE_MEMBER	source/config	backend	NO	UNASSIGNED	UNASSIGNED	UNASSIGNED	UNASSIGNED	UNASSIGNED	UNASSIGNED	UNASSIGNED	UNASSIGNED	UNASSIGNED	UNASSIGNED	Semantic read pending; inventory/provenance only
nabdah-backend.zip	audit-artifacts/verification/BACKEND_HOME_CARE_BOOKING_CONTRACT_VERIFICATION_20260822.md	0ef985f59e77d9fa5a442ce6f2085a8cf629067e608630479dd351d700a5535e	0ef985f59e77d9fa5a442ce6f2085a8cf629067e608630479dd351d700a5535e	YES	31	OWNED_SOURCE_MEMBER	source/config	backend	NO	UNASSIGNED	UNASSIGNED	UNASSIGNED	UNASSIGNED	UNASSIGNED	UNASSIGNED	UNASSIGNED	UNASSIGNED	UNASSIGNED	UNASSIGNED	Semantic read pending; inventory/provenance only
nabdah-backend.zip	audit-artifacts/verification/BACKEND_ARTICLE_BOOKMARK_CONTRACT_BUILD_20260822.txt	fa3465ad332372345d40b6495b5d62ac98c71342ba295bb6381fe63eceb43388	fa3465ad332372345d40b6495b5d62ac98c71342ba295bb6381fe63eceb43388	YES	3	OWNED_SOURCE_MEMBER	source/config	backend	NO	UNASSIGNED	UNASSIGNED	UNASSIGNED	UNASSIGNED	UNASSIGNED	UNASSIGNED	UNASSIGNED	UNASSIGNED	UNASSIGNED	UNASSIGNED	Semantic read pending; inventory/provenance only
nabdah-backend.zip	audit-artifacts/verification/BACKEND_PRESCRIPTIONS_DTO_CONTRACT_VERIFICATION_20260822.md	33a700a14dc949b3f0d94583a3b60ec73a8fe4a3db9bb2f3933b5ebbaa17217b	33a700a14dc949b3f0d94583a3b60ec73a8fe4a3db9bb2f3933b5ebbaa17217b	YES	31	OWNED_SOURCE_MEMBER	dto	backend	NO	UNASSIGNED	UNASSIGNED	UNASSIGNED	UNASSIGNED	UNASSIGNED	UNASSIGNED	UNASSIGNED	UNASSIGNED	UNASSIGNED	UNASSIGNED	Semantic read pending; inventory/provenance only
nabdah-backend.zip	audit-artifacts/verification/BACKEND_HOME_CARE_BOOKING_CONTRACT_BOOT_TEST_20260822.txt	f0d0c7572ff88de876502d8896e17f653f4caacbe57f79ecc124466b1f95cad9	f0d0c7572ff88de876502d8896e17f653f4caacbe57f79ecc124466b1f95cad9	YES	15	OWNED_SOURCE_MEMBER	source/config	backend	NO	UNASSIGNED	UNASSIGNED	UNASSIGNED	UNASSIGNED	UNASSIGNED	UNASSIGNED	UNASSIGNED	UNASSIGNED	UNASSIGNED	UNASSIGNED	Semantic read pending; inventory/provenance only
nabdah-backend.zip	audit-artifacts/verification/BACKEND_PUBLIC_SPECIALTIES_CONTRACT_VERIFICATION_20260822.md	0fc231e5b7131c06aea5c62ca4daddddceea809bb88fa9966e2ef5af6ce6bd92	0fc231e5b7131c06aea5c62ca4daddddceea809bb88fa9966e2ef5af6ce6bd92	YES	28	OWNED_SOURCE_MEMBER	source/config	backend	NO	UNASSIGNED	UNASSIGNED	UNASSIGNED	UNASSIGNED	UNASSIGNED	UNASSIGNED	UNASSIGNED	UNASSIGNED	UNASSIGNED	UNASSIGNED	Semantic read pending; inventory/provenance only
nabdah-backend.zip	audit-artifacts/verification/BACKEND_ORDERS_IDEMPOTENCY_BUILD_20260822.txt	fa3465ad332372345d40b6495b5d62ac98c71342ba295bb6381fe63eceb43388	fa3465ad332372345d40b6495b5d62ac98c71342ba295bb6381fe63eceb43388	YES	3	OWNED_SOURCE_MEMBER	source/config	backend	NO	UNASSIGNED	UNASSIGNED	UNASSIGNED	UNASSIGNED	UNASSIGNED	UNASSIGNED	UNASSIGNED	UNASSIGNED	UNASSIGNED	UNASSIGNED	Semantic read pending; inventory/provenance only
nabdah-backend.zip	audit-artifacts/verification/BACKEND_ORDERS_IDEMPOTENCY_VERIFICATION_20260822.md	d474e2834949070e2083e2038f77244b4d1805c35a4d2b5e0d929a1bc81df3fb	d474e2834949070e2083e2038f77244b4d1805c35a4d2b5e0d929a1bc81df3fb	YES	28	OWNED_SOURCE_MEMBER	source/config	backend	NO	UNASSIGNED	UNASSIGNED	UNASSIGNED	UNASSIGNED	UNASSIGNED	UNASSIGNED	UNASSIGNED	UNASSIGNED	UNASSIGNED	UNASSIGNED	Semantic read pending; inventory/provenance only
nabdah-backend.zip	audit-artifacts/verification/BACKEND_ORDERS_IDEMPOTENCY_FULL_TEST_20260822.txt	63ac9550808f90b2cc66088e64fb582d406341000b4f6158bfed99c4d2e64dc6	63ac9550808f90b2cc66088e64fb582d406341000b4f6158bfed99c4d2e64dc6	YES	177	OWNED_SOURCE_MEMBER	source/config	backend	NO	UNASSIGNED	UNASSIGNED	UNASSIGNED	UNASSIGNED	UNASSIGNED	UNASSIGNED	UNASSIGNED	UNASSIGNED	UNASSIGNED	UNASSIGNED	Semantic read pending; inventory/provenance only
nabdah-backend.zip	audit-artifacts/verification/BACKEND_USERS_SETTINGS_CONTRACT_FULL_TEST_20260822.txt	d8e364511a36b7450a18d20819377f170e2d0159e221deb9fd1a6003c7c55157	d8e364511a36b7450a18d20819377f170e2d0159e221deb9fd1a6003c7c55157	YES	174	OWNED_SOURCE_MEMBER	source/config	backend	NO	UNASSIGNED	UNASSIGNED	UNASSIGNED	UNASSIGNED	UNASSIGNED	UNASSIGNED	UNASSIGNED	UNASSIGNED	UNASSIGNED	UNASSIGNED	Semantic read pending; inventory/provenance only
nabdah-backend.zip	audit-artifacts/verification/BACKEND_REAL_NEST_BOOT_ATTEMPT_20260822.md	609ca87a278875f3c28924af852aca458e2a8d9df4556e46764f81fe03a1f9d0	609ca87a278875f3c28924af852aca458e2a8d9df4556e46764f81fe03a1f9d0	YES	19	OWNED_SOURCE_MEMBER	source/config	backend	NO	UNASSIGNED	UNASSIGNED	UNASSIGNED	UNASSIGNED	UNASSIGNED	UNASSIGNED	UNASSIGNED	UNASSIGNED	UNASSIGNED	UNASSIGNED	Semantic read pending; inventory/provenance only
nabdah-backend.zip	audit-artifacts/verification/BACKEND_PUBLIC_CATALOG_FRAGMENT_BUILD_20260822.txt	fa3465ad332372345d40b6495b5d62ac98c71342ba295bb6381fe63eceb43388	fa3465ad332372345d40b6495b5d62ac98c71342ba295bb6381fe63eceb43388	YES	3	OWNED_SOURCE_MEMBER	source/config	backend	NO	UNASSIGNED	UNASSIGNED	UNASSIGNED	UNASSIGNED	UNASSIGNED	UNASSIGNED	UNASSIGNED	UNASSIGNED	UNASSIGNED	UNASSIGNED	Semantic read pending; inventory/provenance only
nabdah-backend.zip	audit-artifacts/verification/BACKEND_UNIFIED_BOOKINGS_CALL_TOKEN_BUILD_20260822.txt	fa3465ad332372345d40b6495b5d62ac98c71342ba295bb6381fe63eceb43388	fa3465ad332372345d40b6495b5d62ac98c71342ba295bb6381fe63eceb43388	YES	3	OWNED_SOURCE_MEMBER	source/config	backend	NO	UNASSIGNED	UNASSIGNED	UNASSIGNED	UNASSIGNED	UNASSIGNED	UNASSIGNED	UNASSIGNED	UNASSIGNED	UNASSIGNED	UNASSIGNED	Semantic read pending; inventory/provenance only
nabdah-backend.zip	audit-artifacts/verification/BACKEND_HOME_CARE_BOOKING_CONTRACT_FULL_TEST_20260822.txt	1f291d92e53db75cf6d8865ee14cab646be47129802d3d98e0fb291784be6e06	1f291d92e53db75cf6d8865ee14cab646be47129802d3d98e0fb291784be6e06	YES	175	OWNED_SOURCE_MEMBER	source/config	backend	NO	UNASSIGNED	UNASSIGNED	UNASSIGNED	UNASSIGNED	UNASSIGNED	UNASSIGNED	UNASSIGNED	UNASSIGNED	UNASSIGNED	UNASSIGNED	Semantic read pending; inventory/provenance only
nabdah-backend.zip	audit-artifacts/verification/BACKEND_ARTICLE_BOOKMARK_CONTRACT_BOOT_TEST_20260822.txt	b91f622ba46957a5b2b1f487ec7e0807f40d6ef80ee6d974d26b15593502b8e3	b91f622ba46957a5b2b1f487ec7e0807f40d6ef80ee6d974d26b15593502b8e3	YES	15	OWNED_SOURCE_MEMBER	source/config	backend	NO	UNASSIGNED	UNASSIGNED	UNASSIGNED	UNASSIGNED	UNASSIGNED	UNASSIGNED	UNASSIGNED	UNASSIGNED	UNASSIGNED	UNASSIGNED	Semantic read pending; inventory/provenance only
nabdah-backend.zip	audit-artifacts/verification/BACKEND_CONTRACT_PACK_V1_NEST_BUILD_20260822.txt	fa3465ad332372345d40b6495b5d62ac98c71342ba295bb6381fe63eceb43388	fa3465ad332372345d40b6495b5d62ac98c71342ba295bb6381fe63eceb43388	YES	3	OWNED_SOURCE_MEMBER	source/config	backend	NO	UNASSIGNED	UNASSIGNED	UNASSIGNED	UNASSIGNED	UNASSIGNED	UNASSIGNED	UNASSIGNED	UNASSIGNED	UNASSIGNED	UNASSIGNED	Semantic read pending; inventory/provenance only
nabdah-backend.zip	audit-artifacts/verification/BACKEND_UNIFIED_BOOKINGS_CALL_TOKEN_BOOT_TEST_20260822.txt	4167ece4250e9d50ac1c2b632be736504d5d74b488719f7fa735dccf2ef5cdec	4167ece4250e9d50ac1c2b632be736504d5d74b488719f7fa735dccf2ef5cdec	YES	15	OWNED_SOURCE_MEMBER	source/config	backend	NO	UNASSIGNED	UNASSIGNED	UNASSIGNED	UNASSIGNED	UNASSIGNED	UNASSIGNED	UNASSIGNED	UNASSIGNED	UNASSIGNED	UNASSIGNED	Semantic read pending; inventory/provenance only
nabdah-backend.zip	audit-artifacts/verification/BACKEND_CHAT_MEDIA_CONTRACT_BRIDGE_BOOT_TEST_20260822.txt	ec5f8bddc9c12342f0a69d7aecbc43932581a7e2aeb9088dd11e3bd24c71dfd1	ec5f8bddc9c12342f0a69d7aecbc43932581a7e2aeb9088dd11e3bd24c71dfd1	YES	15	OWNED_SOURCE_MEMBER	source/config	backend	NO	UNASSIGNED	UNASSIGNED	UNASSIGNED	UNASSIGNED	UNASSIGNED	UNASSIGNED	UNASSIGNED	UNASSIGNED	UNASSIGNED	UNASSIGNED	Semantic read pending; inventory/provenance only
nabdah-backend.zip	audit-artifacts/verification/BACKEND_AUTH_REFRESH_TTL_FULL_TEST_20260822.txt	c17d4f93bc0ec9c81825eeed29be266630267240b553b79ee4a0c585748dad34	c17d4f93bc0ec9c81825eeed29be266630267240b553b79ee4a0c585748dad34	YES	169	OWNED_SOURCE_MEMBER	source/config	backend	NO	UNASSIGNED	UNASSIGNED	UNASSIGNED	UNASSIGNED	UNASSIGNED	UNASSIGNED	UNASSIGNED	UNASSIGNED	UNASSIGNED	UNASSIGNED	Semantic read pending; inventory/provenance only
nabdah-backend.zip	audit-artifacts/verification/BACKEND_HOME_CARE_BOOKING_CONTRACT_BUILD_20260822.txt	fa3465ad332372345d40b6495b5d62ac98c71342ba295bb6381fe63eceb43388	fa3465ad332372345d40b6495b5d62ac98c71342ba295bb6381fe63eceb43388	YES	3	OWNED_SOURCE_MEMBER	source/config	backend	NO	UNASSIGNED	UNASSIGNED	UNASSIGNED	UNASSIGNED	UNASSIGNED	UNASSIGNED	UNASSIGNED	UNASSIGNED	UNASSIGNED	UNASSIGNED	Semantic read pending; inventory/provenance only
nabdah-backend.zip	e2e/README.md	b642f93ef94a721024c7787eff4b8677b4cf3bd9b9fccf0c57230f3254b685ed	b642f93ef94a721024c7787eff4b8677b4cf3bd9b9fccf0c57230f3254b685ed	YES	46	OWNED_SOURCE_MEMBER	test	backend	NO	UNASSIGNED	UNASSIGNED	UNASSIGNED	UNASSIGNED	UNASSIGNED	UNASSIGNED	UNASSIGNED	UNASSIGNED	UNASSIGNED	UNASSIGNED	Semantic read pending; inventory/provenance only
nabdah-backend.zip	e2e/matrix2.js	24f175eb3a684db3e974ad9500337355a7548d71781ac161060b8880cd2cd79b	24f175eb3a684db3e974ad9500337355a7548d71781ac161060b8880cd2cd79b	YES	562	OWNED_SOURCE_MEMBER	test	backend	NO	UNASSIGNED	UNASSIGNED	UNASSIGNED	UNASSIGNED	UNASSIGNED	UNASSIGNED	UNASSIGNED	UNASSIGNED	UNASSIGNED	UNASSIGNED	Semantic read pending; inventory/provenance only
nabdah-backend.zip	e2e/package.json	fa079085cb12d927cada52a456f1ed8457e72e8b4140cdf1898b6ac8c0c01f05	fa079085cb12d927cada52a456f1ed8457e72e8b4140cdf1898b6ac8c0c01f05	YES	1	OWNED_SOURCE_MEMBER	test	backend	NO	UNASSIGNED	UNASSIGNED	UNASSIGNED	UNASSIGNED	UNASSIGNED	UNASSIGNED	UNASSIGNED	UNASSIGNED	UNASSIGNED	UNASSIGNED	Semantic read pending; inventory/provenance only
nabdah-backend.zip	e2e/boot.js	b6739adb9d1420f35392a52427a11fd2741bb61a6a4d8f5903836f7e86257041	b6739adb9d1420f35392a52427a11fd2741bb61a6a4d8f5903836f7e86257041	YES	54	OWNED_SOURCE_MEMBER	test	backend	NO	UNASSIGNED	UNASSIGNED	UNASSIGNED	UNASSIGNED	UNASSIGNED	UNASSIGNED	UNASSIGNED	UNASSIGNED	UNASSIGNED	UNASSIGNED	Semantic read pending; inventory/provenance only
nabdah-backend.zip	e2e/matrix.js	c28f3568f251ea8389395e8cb18d66d6c437ae70168cb8415b4dfd36c7f0d5d9	c28f3568f251ea8389395e8cb18d66d6c437ae70168cb8415b4dfd36c7f0d5d9	YES	465	OWNED_SOURCE_MEMBER	test	backend	NO	UNASSIGNED	UNASSIGNED	UNASSIGNED	UNASSIGNED	UNASSIGNED	UNASSIGNED	UNASSIGNED	UNASSIGNED	UNASSIGNED	UNASSIGNED	Semantic read pending; inventory/provenance only
nabdah-backend.zip	src/main.ts	21de1597224a348ec52a98850dad415cd68bdcadfbe68756784c76c6976e4202	21de1597224a348ec52a98850dad415cd68bdcadfbe68756784c76c6976e4202	YES	131	OWNED_SOURCE_MEMBER	source/config	backend	NO	UNASSIGNED	UNASSIGNED	UNASSIGNED	UNASSIGNED	UNASSIGNED	UNASSIGNED	UNASSIGNED	UNASSIGNED	UNASSIGNED	UNASSIGNED	Semantic read pending; inventory/provenance only
nabdah-backend.zip	src/app.module.ts	036aaa35fbc1736466cb697e2c97f43ee1baa8a882426fa1cb6e3c4b1fe87c60	036aaa35fbc1736466cb697e2c97f43ee1baa8a882426fa1cb6e3c4b1fe87c60	YES	270	OWNED_SOURCE_MEMBER	source/config	backend	NO	UNASSIGNED	UNASSIGNED	UNASSIGNED	UNASSIGNED	UNASSIGNED	UNASSIGNED	UNASSIGNED	UNASSIGNED	UNASSIGNED	UNASSIGNED	Semantic read pending; inventory/provenance only
nabdah-backend.zip	src/health.controller.ts	97795aee0f748c41988868163d8727b7533531de5efbabb250d313edd25069b2	97795aee0f748c41988868163d8727b7533531de5efbabb250d313edd25069b2	YES	59	OWNED_SOURCE_MEMBER	controller	backend	NO	UNASSIGNED	UNASSIGNED	UNASSIGNED	UNASSIGNED	UNASSIGNED	UNASSIGNED	UNASSIGNED	UNASSIGNED	UNASSIGNED	UNASSIGNED	Semantic read pending; inventory/provenance only
nabdah-backend.zip	src/scripts/seed_test_providers.ts	be28bfbe998c5285f0cda6c5493972c43e96586b730d4bd1abf3800927d738ab	be28bfbe998c5285f0cda6c5493972c43e96586b730d4bd1abf3800927d738ab	YES	174	OWNED_SOURCE_MEMBER	source/config	backend	NO	UNASSIGNED	UNASSIGNED	UNASSIGNED	UNASSIGNED	UNASSIGNED	UNASSIGNED	UNASSIGNED	UNASSIGNED	UNASSIGNED	UNASSIGNED	Semantic read pending; inventory/provenance only
nabdah-backend.zip	src/scripts/seed-insurance-companies.ts	016bda339f51fcf7e22cda78da4e4404a33da34eba7b2b36cf70d610a47c0c0f	016bda339f51fcf7e22cda78da4e4404a33da34eba7b2b36cf70d610a47c0c0f	YES	38	OWNED_SOURCE_MEMBER	source/config	backend	NO	UNASSIGNED	UNASSIGNED	UNASSIGNED	UNASSIGNED	UNASSIGNED	UNASSIGNED	UNASSIGNED	UNASSIGNED	UNASSIGNED	UNASSIGNED	Semantic read pending; inventory/provenance only
nabdah-backend.zip	src/scripts/seed-admin.ts	c8abda226ee2616dbc3f2694326fb40db61fb482da864b46fe813c54d1467128	c8abda226ee2616dbc3f2694326fb40db61fb482da864b46fe813c54d1467128	YES	67	OWNED_SOURCE_MEMBER	source/config	backend	NO	UNASSIGNED	UNASSIGNED	UNASSIGNED	UNASSIGNED	UNASSIGNED	UNASSIGNED	UNASSIGNED	UNASSIGNED	UNASSIGNED	UNASSIGNED	Semantic read pending; inventory/provenance only
nabdah-backend.zip	src/scripts/seed_test.ts	a96f59b382e04230865651bbe1b182bbec76253e6621ff58ff76f18717bb72b5	a96f59b382e04230865651bbe1b182bbec76253e6621ff58ff76f18717bb72b5	YES	286	OWNED_SOURCE_MEMBER	source/config	backend	NO	UNASSIGNED	UNASSIGNED	UNASSIGNED	UNASSIGNED	UNASSIGNED	UNASSIGNED	UNASSIGNED	UNASSIGNED	UNASSIGNED	UNASSIGNED	Semantic read pending; inventory/provenance only
nabdah-backend.zip	src/scripts/verify-production.ts	429891ceeb3017920f24c2e88d81f9c7c2f17b867f3a6951f34f99ed7e40a8de	429891ceeb3017920f24c2e88d81f9c7c2f17b867f3a6951f34f99ed7e40a8de	YES	52	OWNED_SOURCE_MEMBER	source/config	backend	NO	UNASSIGNED	UNASSIGNED	UNASSIGNED	UNASSIGNED	UNASSIGNED	UNASSIGNED	UNASSIGNED	UNASSIGNED	UNASSIGNED	UNASSIGNED	Semantic read pending; inventory/provenance only
nabdah-backend.zip	src/contracts/insurance-openapi.contract.spec.ts	aecafbeac3c4c275af7f1b57e8d6a23a92ae7ad3238418a64df627b89b5cbe97	aecafbeac3c4c275af7f1b57e8d6a23a92ae7ad3238418a64df627b89b5cbe97	YES	92	OWNED_SOURCE_MEMBER	test	backend	NO	UNASSIGNED	UNASSIGNED	UNASSIGNED	UNASSIGNED	UNASSIGNED	UNASSIGNED	UNASSIGNED	UNASSIGNED	UNASSIGNED	UNASSIGNED	Semantic read pending; inventory/provenance only
nabdah-backend.zip	src/contracts/phase6-contracts.ts	a6f7c5711f593693da8c6b5491b18c16a5789864761815d86114bbd45d9db274	a6f7c5711f593693da8c6b5491b18c16a5789864761815d86114bbd45d9db274	YES	83	OWNED_SOURCE_MEMBER	source/config	backend	NO	UNASSIGNED	UNASSIGNED	UNASSIGNED	UNASSIGNED	UNASSIGNED	UNASSIGNED	UNASSIGNED	UNASSIGNED	UNASSIGNED	UNASSIGNED	Semantic read pending; inventory/provenance only
nabdah-backend.zip	src/contracts/provider-availability.contract.spec.ts	767edad6d8d76c0d7a921196c0c032daf409b78765b88e3e43127e17a7e47559	767edad6d8d76c0d7a921196c0c032daf409b78765b88e3e43127e17a7e47559	YES	38	OWNED_SOURCE_MEMBER	test	backend	NO	UNASSIGNED	UNASSIGNED	UNASSIGNED	UNASSIGNED	UNASSIGNED	UNASSIGNED	UNASSIGNED	UNASSIGNED	UNASSIGNED	UNASSIGNED	Semantic read pending; inventory/provenance only
nabdah-backend.zip	src/contracts/ownership-controllers.spec.ts	687ba27d5043e52f9594e88c22ea8e60b4a8013cecec6f32fbe899697d1c8deb	687ba27d5043e52f9594e88c22ea8e60b4a8013cecec6f32fbe899697d1c8deb	YES	36	OWNED_SOURCE_MEMBER	controller	backend	NO	UNASSIGNED	UNASSIGNED	UNASSIGNED	UNASSIGNED	UNASSIGNED	UNASSIGNED	UNASSIGNED	UNASSIGNED	UNASSIGNED	UNASSIGNED	Semantic read pending; inventory/provenance only
nabdah-backend.zip	src/contracts/phase6-contracts.spec.ts	a57927eb9dfa806267f371f1d85779f8d66e245652126cb2f61c4fc23a56e95a	a57927eb9dfa806267f371f1d85779f8d66e245652126cb2f61c4fc23a56e95a	YES	22	OWNED_SOURCE_MEMBER	test	backend	NO	UNASSIGNED	UNASSIGNED	UNASSIGNED	UNASSIGNED	UNASSIGNED	UNASSIGNED	UNASSIGNED	UNASSIGNED	UNASSIGNED	UNASSIGNED	Semantic read pending; inventory/provenance only
nabdah-backend.zip	src/contracts/catalog-governance-backfill.contract.spec.ts	a12a89b23267885fe08ca18ebfb7c6c2007a43492d221f8ee6ae674f0e9b505f	a12a89b23267885fe08ca18ebfb7c6c2007a43492d221f8ee6ae674f0e9b505f	YES	52	OWNED_SOURCE_MEMBER	test	backend	NO	UNASSIGNED	UNASSIGNED	UNASSIGNED	UNASSIGNED	UNASSIGNED	UNASSIGNED	UNASSIGNED	UNASSIGNED	UNASSIGNED	UNASSIGNED	Semantic read pending; inventory/provenance only
nabdah-backend.zip	src/contracts/mongoose-indexes.contract.spec.ts	38f2f7bb32293716448ae0d10933788fda7e17556c2edfcb891e8d1c9a461555	38f2f7bb32293716448ae0d10933788fda7e17556c2edfcb891e8d1c9a461555	YES	21	OWNED_SOURCE_MEMBER	test	backend	NO	UNASSIGNED	UNASSIGNED	UNASSIGNED	UNASSIGNED	UNASSIGNED	UNASSIGNED	UNASSIGNED	UNASSIGNED	UNASSIGNED	UNASSIGNED	Semantic read pending; inventory/provenance only
nabdah-backend.zip	src/modules/analytics/analytics.module.ts	5f610bedb9066480288d70d7edd541ab58823f38de0aba9f37112c4c16d17a48	5f610bedb9066480288d70d7edd541ab58823f38de0aba9f37112c4c16d17a48	YES	149	OWNED_SOURCE_MEMBER	source/config	backend	NO	UNASSIGNED	UNASSIGNED	UNASSIGNED	UNASSIGNED	UNASSIGNED	UNASSIGNED	UNASSIGNED	UNASSIGNED	UNASSIGNED	UNASSIGNED	Semantic read pending; inventory/provenance only
nabdah-backend.zip	src/modules/storage/storage.module.ts	8568438fa21ba0875abaa36fb5fe149a8107bac4de1700aad21d1575c96de8d2	8568438fa21ba0875abaa36fb5fe149a8107bac4de1700aad21d1575c96de8d2	YES	410	OWNED_SOURCE_MEMBER	source/config	backend	NO	UNASSIGNED	UNASSIGNED	UNASSIGNED	UNASSIGNED	UNASSIGNED	UNASSIGNED	UNASSIGNED	UNASSIGNED	UNASSIGNED	UNASSIGNED	Semantic read pending; inventory/provenance only
nabdah-backend.zip	src/modules/storage/storage.module.spec.ts	8f91c14ae2b7fa1a4f526581da7f56675075f11185c17bbf48c172ade577a211	8f91c14ae2b7fa1a4f526581da7f56675075f11185c17bbf48c172ade577a211	YES	31	OWNED_SOURCE_MEMBER	test	backend	NO	UNASSIGNED	UNASSIGNED	UNASSIGNED	UNASSIGNED	UNASSIGNED	UNASSIGNED	UNASSIGNED	UNASSIGNED	UNASSIGNED	UNASSIGNED	Semantic read pending; inventory/provenance only
nabdah-backend.zip	src/modules/users/users.controller.ts	b870f287dc01fb9972177e167dd8360cb4006b96a3306d8e4cedcd5f01a5741b	b870f287dc01fb9972177e167dd8360cb4006b96a3306d8e4cedcd5f01a5741b	YES	117	OWNED_SOURCE_MEMBER	controller	backend	NO	UNASSIGNED	UNASSIGNED	UNASSIGNED	UNASSIGNED	UNASSIGNED	UNASSIGNED	UNASSIGNED	UNASSIGNED	UNASSIGNED	UNASSIGNED	Semantic read pending; inventory/provenance only
nabdah-backend.zip	src/modules/users/data-retention.service.ts	36640479a2d0b2cd82ddb6eaff2888752e916fb11620cf7889c48f45cdd1192f	36640479a2d0b2cd82ddb6eaff2888752e916fb11620cf7889c48f45cdd1192f	YES	42	OWNED_SOURCE_MEMBER	service	backend	NO	UNASSIGNED	UNASSIGNED	UNASSIGNED	UNASSIGNED	UNASSIGNED	UNASSIGNED	UNASSIGNED	UNASSIGNED	UNASSIGNED	UNASSIGNED	Semantic read pending; inventory/provenance only
nabdah-backend.zip	src/modules/users/user.insurance.controller.ts	dc0726461cdf37d53cef2ab56708e45ae80fac8e992fb322066f3924efcf4083	dc0726461cdf37d53cef2ab56708e45ae80fac8e992fb322066f3924efcf4083	YES	47	OWNED_SOURCE_MEMBER	controller	backend	NO	UNASSIGNED	UNASSIGNED	UNASSIGNED	UNASSIGNED	UNASSIGNED	UNASSIGNED	UNASSIGNED	UNASSIGNED	UNASSIGNED	UNASSIGNED	Semantic read pending; inventory/provenance only
nabdah-backend.zip	src/modules/users/users.contract.spec.ts	1b802022b2c44030ceb506d50ed8259e4c99c08b5b0f8bc0e19a261aa87fad7d	1b802022b2c44030ceb506d50ed8259e4c99c08b5b0f8bc0e19a261aa87fad7d	YES	64	OWNED_SOURCE_MEMBER	test	backend	NO	UNASSIGNED	UNASSIGNED	UNASSIGNED	UNASSIGNED	UNASSIGNED	UNASSIGNED	UNASSIGNED	UNASSIGNED	UNASSIGNED	UNASSIGNED	Semantic read pending; inventory/provenance only
nabdah-backend.zip	src/modules/users/users.module.ts	cc95cd6eb4cda1e23e3235edac5170b4478aa42ef7b9fe149238eb39b8241e22	cc95cd6eb4cda1e23e3235edac5170b4478aa42ef7b9fe149238eb39b8241e22	YES	34	OWNED_SOURCE_MEMBER	source/config	backend	NO	UNASSIGNED	UNASSIGNED	UNASSIGNED	UNASSIGNED	UNASSIGNED	UNASSIGNED	UNASSIGNED	UNASSIGNED	UNASSIGNED	UNASSIGNED	Semantic read pending; inventory/provenance only
nabdah-backend.zip	src/modules/users/users.addresses.controller.ts	786dc5ee07121aae8cc2fd885d017d14b6a8638ce5b90c175328d811044a49b4	786dc5ee07121aae8cc2fd885d017d14b6a8638ce5b90c175328d811044a49b4	YES	59	OWNED_SOURCE_MEMBER	controller	backend	NO	UNASSIGNED	UNASSIGNED	UNASSIGNED	UNASSIGNED	UNASSIGNED	UNASSIGNED	UNASSIGNED	UNASSIGNED	UNASSIGNED	UNASSIGNED	Semantic read pending; inventory/provenance only
nabdah-backend.zip	src/modules/users/users.insurance.controller.ts	af4affaac35302c827a24c34a174f3b3dd14f9b0478a85fb6d5e3d05d1eb1fc6	af4affaac35302c827a24c34a174f3b3dd14f9b0478a85fb6d5e3d05d1eb1fc6	YES	81	OWNED_SOURCE_MEMBER	controller	backend	NO	UNASSIGNED	UNASSIGNED	UNASSIGNED	UNASSIGNED	UNASSIGNED	UNASSIGNED	UNASSIGNED	UNASSIGNED	UNASSIGNED	UNASSIGNED	Semantic read pending; inventory/provenance only
nabdah-backend.zip	src/modules/users/users.service.ts	5f9f012062f55d1a3f31edbf1a738b79a1ccaf9a9dcad51c67e9c61519f64841	5f9f012062f55d1a3f31edbf1a738b79a1ccaf9a9dcad51c67e9c61519f64841	YES	359	OWNED_SOURCE_MEMBER	service	backend	NO	UNASSIGNED	UNASSIGNED	UNASSIGNED	UNASSIGNED	UNASSIGNED	UNASSIGNED	UNASSIGNED	UNASSIGNED	UNASSIGNED	UNASSIGNED	Semantic read pending; inventory/provenance only
nabdah-backend.zip	src/modules/users/repositories/patient-profile.repository.ts	60365fb6793ab7ca88787c4400ee51b1f752db940e2ba2ca766769139e8f0568	60365fb6793ab7ca88787c4400ee51b1f752db940e2ba2ca766769139e8f0568	YES	12	OWNED_SOURCE_MEMBER	repository	backend	NO	UNASSIGNED	UNASSIGNED	UNASSIGNED	UNASSIGNED	UNASSIGNED	UNASSIGNED	UNASSIGNED	UNASSIGNED	UNASSIGNED	UNASSIGNED	Semantic read pending; inventory/provenance only
nabdah-backend.zip	src/modules/users/repositories/user.repository.ts	a559d61e5d2a415161425175672a448d0074f865891d5bdae16800e44bea438e	a559d61e5d2a415161425175672a448d0074f865891d5bdae16800e44bea438e	YES	12	OWNED_SOURCE_MEMBER	repository	backend	NO	UNASSIGNED	UNASSIGNED	UNASSIGNED	UNASSIGNED	UNASSIGNED	UNASSIGNED	UNASSIGNED	UNASSIGNED	UNASSIGNED	UNASSIGNED	Semantic read pending; inventory/provenance only
nabdah-backend.zip	src/modules/users/repositories/provider-profile.repository.ts	35b5eab07e20757384358dfbcb2e090e4600fb9b3e3b9efb35d7688c06bf27cd	35b5eab07e20757384358dfbcb2e090e4600fb9b3e3b9efb35d7688c06bf27cd	YES	12	OWNED_SOURCE_MEMBER	repository	backend	NO	UNASSIGNED	UNASSIGNED	UNASSIGNED	UNASSIGNED	UNASSIGNED	UNASSIGNED	UNASSIGNED	UNASSIGNED	UNASSIGNED	UNASSIGNED	Semantic read pending; inventory/provenance only
nabdah-backend.zip	src/modules/mail/mail.module.ts	1bca19335de48e4e42f5e76029492b6cefd958c0785ccdb74fc4f5538fbc625f	1bca19335de48e4e42f5e76029492b6cefd958c0785ccdb74fc4f5538fbc625f	YES	115	OWNED_SOURCE_MEMBER	source/config	backend	NO	UNASSIGNED	UNASSIGNED	UNASSIGNED	UNASSIGNED	UNASSIGNED	UNASSIGNED	UNASSIGNED	UNASSIGNED	UNASSIGNED	UNASSIGNED	Semantic read pending; inventory/provenance only
nabdah-backend.zip	src/modules/insurance-engine/insurance-engine.module.ts	fe398be101869fa1038d44aba980088e2d2559aaf64289b29e24aa285e5b26c4	fe398be101869fa1038d44aba980088e2d2559aaf64289b29e24aa285e5b26c4	YES	656	OWNED_SOURCE_MEMBER	source/config	backend	NO	UNASSIGNED	UNASSIGNED	UNASSIGNED	UNASSIGNED	UNASSIGNED	UNASSIGNED	UNASSIGNED	UNASSIGNED	UNASSIGNED	UNASSIGNED	Semantic read pending; inventory/provenance only
nabdah-backend.zip	src/modules/insurance-engine/tests/insurance-flow.spec.ts	4a03c486a61b88c6e80aa34a6a5ea8f5cf44fcc2fa5f69aa35634116bd5a99b6	4a03c486a61b88c6e80aa34a6a5ea8f5cf44fcc2fa5f69aa35634116bd5a99b6	YES	290	OWNED_SOURCE_MEMBER	test	backend	NO	UNASSIGNED	UNASSIGNED	UNASSIGNED	UNASSIGNED	UNASSIGNED	UNASSIGNED	UNASSIGNED	UNASSIGNED	UNASSIGNED	UNASSIGNED	Semantic read pending; inventory/provenance only
nabdah-backend.zip	src/modules/support/support.controller.ts	f311fb7ad478f46ff7e516c4092199e270417f9d81e0986a8ea70b0d720d6f52	f311fb7ad478f46ff7e516c4092199e270417f9d81e0986a8ea70b0d720d6f52	YES	41	OWNED_SOURCE_MEMBER	controller	backend	NO	UNASSIGNED	UNASSIGNED	UNASSIGNED	UNASSIGNED	UNASSIGNED	UNASSIGNED	UNASSIGNED	UNASSIGNED	UNASSIGNED	UNASSIGNED	Semantic read pending; inventory/provenance only
nabdah-backend.zip	src/modules/support/support.service.ts	dfc1e659c7eece07ee57d13aeb730726ce57565edfee85d92e42f11a630c3e31	dfc1e659c7eece07ee57d13aeb730726ce57565edfee85d92e42f11a630c3e31	YES	102	OWNED_SOURCE_MEMBER	service	backend	NO	UNASSIGNED	UNASSIGNED	UNASSIGNED	UNASSIGNED	UNASSIGNED	UNASSIGNED	UNASSIGNED	UNASSIGNED	UNASSIGNED	UNASSIGNED	Semantic read pending; inventory/provenance only
nabdah-backend.zip	src/modules/support/support.module.ts	4ec1ef20a418de46fccece2ee29ddf054849f06e3997359bb8b9ba530fa26831	4ec1ef20a418de46fccece2ee29ddf054849f06e3997359bb8b9ba530fa26831	YES	17	OWNED_SOURCE_MEMBER	source/config	backend	NO	UNASSIGNED	UNASSIGNED	UNASSIGNED	UNASSIGNED	UNASSIGNED	UNASSIGNED	UNASSIGNED	UNASSIGNED	UNASSIGNED	UNASSIGNED	Semantic read pending; inventory/provenance only
nabdah-backend.zip	src/modules/support/repositories/patientsettings.repository.ts	a1a114f6fe87098c70e1ddc26ab8fa52c4ff52d5c2a47289447bd25e7677b132	a1a114f6fe87098c70e1ddc26ab8fa52c4ff52d5c2a47289447bd25e7677b132	YES	13	OWNED_SOURCE_MEMBER	repository	backend	NO	UNASSIGNED	UNASSIGNED	UNASSIGNED	UNASSIGNED	UNASSIGNED	UNASSIGNED	UNASSIGNED	UNASSIGNED	UNASSIGNED	UNASSIGNED	Semantic read pending; inventory/provenance only
nabdah-backend.zip	src/modules/support/repositories/supportrequest.repository.ts	e32b9b52d6cdb510adef8087011aa2a66fbee5cfb47a13b78ab33649dc193153	e32b9b52d6cdb510adef8087011aa2a66fbee5cfb47a13b78ab33649dc193153	YES	13	OWNED_SOURCE_MEMBER	repository	backend	NO	UNASSIGNED	UNASSIGNED	UNASSIGNED	UNASSIGNED	UNASSIGNED	UNASSIGNED	UNASSIGNED	UNASSIGNED	UNASSIGNED	UNASSIGNED	Semantic read pending; inventory/provenance only
nabdah-backend.zip	src/modules/webhooks/webhooks.controller.ts	310a9179e1c1d42f12ca6c5a82fbfa62c843faa550b0268e8733db9a45bae805	310a9179e1c1d42f12ca6c5a82fbfa62c843faa550b0268e8733db9a45bae805	YES	50	OWNED_SOURCE_MEMBER	controller	backend	NO	UNASSIGNED	UNASSIGNED	UNASSIGNED	UNASSIGNED	UNASSIGNED	UNASSIGNED	UNASSIGNED	UNASSIGNED	UNASSIGNED	UNASSIGNED	Semantic read pending; inventory/provenance only
nabdah-backend.zip	src/modules/webhooks/webhooks.module.ts	b1a5bb306df72eaf3cdef6d7f36b60df26149d7e194ddd5e232c8a0a58c1af3a	b1a5bb306df72eaf3cdef6d7f36b60df26149d7e194ddd5e232c8a0a58c1af3a	YES	10	OWNED_SOURCE_MEMBER	gateway	backend	NO	UNASSIGNED	UNASSIGNED	UNASSIGNED	UNASSIGNED	UNASSIGNED	UNASSIGNED	UNASSIGNED	UNASSIGNED	UNASSIGNED	UNASSIGNED	Semantic read pending; inventory/provenance only
nabdah-backend.zip	src/modules/webhooks/webhooks.service.ts	70dbe6ea2b1fc528b65207240476fccae74caa560fd521d7ef85eaacccc723bc	70dbe6ea2b1fc528b65207240476fccae74caa560fd521d7ef85eaacccc723bc	YES	136	OWNED_SOURCE_MEMBER	service	backend	NO	UNASSIGNED	UNASSIGNED	UNASSIGNED	UNASSIGNED	UNASSIGNED	UNASSIGNED	UNASSIGNED	UNASSIGNED	UNASSIGNED	UNASSIGNED	Semantic read pending; inventory/provenance only
nabdah-backend.zip	src/modules/webhooks/webhooks.service.spec.ts	08fa06ada5b9235fefc8ab4272107123ed01395cfd874f0a0e6bf44c38509e75	08fa06ada5b9235fefc8ab4272107123ed01395cfd874f0a0e6bf44c38509e75	YES	95	OWNED_SOURCE_MEMBER	service	backend	NO	UNASSIGNED	UNASSIGNED	UNASSIGNED	UNASSIGNED	UNASSIGNED	UNASSIGNED	UNASSIGNED	UNASSIGNED	UNASSIGNED	UNASSIGNED	Semantic read pending; inventory/provenance only
nabdah-backend.zip	src/modules/webhooks/guards/livekit-webhook.guard.ts	ffaae9adf8ee07a626481d66e147c3c0f99d33f1ab8934447154598447a5df73	ffaae9adf8ee07a626481d66e147c3c0f99d33f1ab8934447154598447a5df73	YES	32	OWNED_SOURCE_MEMBER	guard	backend	NO	UNASSIGNED	UNASSIGNED	UNASSIGNED	UNASSIGNED	UNASSIGNED	UNASSIGNED	UNASSIGNED	UNASSIGNED	UNASSIGNED	UNASSIGNED	Semantic read pending; inventory/provenance only
nabdah-backend.zip	src/modules/community/community.module.ts	63a3c8f09841e8ec62e590d439cc8df32629bf0224fe827c12e067f13efeb51a	63a3c8f09841e8ec62e590d439cc8df32629bf0224fe827c12e067f13efeb51a	YES	22	OWNED_SOURCE_MEMBER	source/config	backend	NO	UNASSIGNED	UNASSIGNED	UNASSIGNED	UNASSIGNED	UNASSIGNED	UNASSIGNED	UNASSIGNED	UNASSIGNED	UNASSIGNED	UNASSIGNED	Semantic read pending; inventory/provenance only
nabdah-backend.zip	src/modules/community/community.controller.ts	c327a88dddf78957b916cfad3ec897b8c75cde9ddb5dea281696c0fd9e2e69f4	c327a88dddf78957b916cfad3ec897b8c75cde9ddb5dea281696c0fd9e2e69f4	YES	87	OWNED_SOURCE_MEMBER	controller	backend	NO	UNASSIGNED	UNASSIGNED	UNASSIGNED	UNASSIGNED	UNASSIGNED	UNASSIGNED	UNASSIGNED	UNASSIGNED	UNASSIGNED	UNASSIGNED	Semantic read pending; inventory/provenance only
nabdah-backend.zip	src/modules/community/community.service.spec.ts	078d1fc4f3dc2fc7f69e0b74fcc69fa4b2e55eb53285d029c54678fe15062b9e	078d1fc4f3dc2fc7f69e0b74fcc69fa4b2e55eb53285d029c54678fe15062b9e	YES	119	OWNED_SOURCE_MEMBER	service	backend	NO	UNASSIGNED	UNASSIGNED	UNASSIGNED	UNASSIGNED	UNASSIGNED	UNASSIGNED	UNASSIGNED	UNASSIGNED	UNASSIGNED	UNASSIGNED	Semantic read pending; inventory/provenance only
nabdah-backend.zip	src/modules/community/community.service.ts	eadeea6499e8b9379c353fe762debd9d5604102184c5a397951e64f7e7bf8c6e	eadeea6499e8b9379c353fe762debd9d5604102184c5a397951e64f7e7bf8c6e	YES	198	OWNED_SOURCE_MEMBER	service	backend	NO	UNASSIGNED	UNASSIGNED	UNASSIGNED	UNASSIGNED	UNASSIGNED	UNASSIGNED	UNASSIGNED	UNASSIGNED	UNASSIGNED	UNASSIGNED	Semantic read pending; inventory/provenance only
nabdah-backend.zip	src/modules/community/repositories/postcomment.repository.ts	da49be196581769e978a99079e676b0ca046c63abaabada8dddb2c6a863f3551	da49be196581769e978a99079e676b0ca046c63abaabada8dddb2c6a863f3551	YES	13	OWNED_SOURCE_MEMBER	repository	backend	NO	UNASSIGNED	UNASSIGNED	UNASSIGNED	UNASSIGNED	UNASSIGNED	UNASSIGNED	UNASSIGNED	UNASSIGNED	UNASSIGNED	UNASSIGNED	Semantic read pending; inventory/provenance only
nabdah-backend.zip	src/modules/community/repositories/livesession.repository.ts	cfd6403a84e1cd606dc844da3ebc8189e732fedd02173fe4486753da4105aff4	cfd6403a84e1cd606dc844da3ebc8189e732fedd02173fe4486753da4105aff4	YES	13	OWNED_SOURCE_MEMBER	repository	backend	NO	UNASSIGNED	UNASSIGNED	UNASSIGNED	UNASSIGNED	UNASSIGNED	UNASSIGNED	UNASSIGNED	UNASSIGNED	UNASSIGNED	UNASSIGNED	Semantic read pending; inventory/provenance only
nabdah-backend.zip	src/modules/community/repositories/post.repository.ts	9593120e6085f24f9c942836788d2adc6ddabb05ee2d897131115f43d208fb65	9593120e6085f24f9c942836788d2adc6ddabb05ee2d897131115f43d208fb65	YES	13	OWNED_SOURCE_MEMBER	repository	backend	NO	UNASSIGNED	UNASSIGNED	UNASSIGNED	UNASSIGNED	UNASSIGNED	UNASSIGNED	UNASSIGNED	UNASSIGNED	UNASSIGNED	UNASSIGNED	Semantic read pending; inventory/provenance only
nabdah-backend.zip	src/modules/push/push.module.ts	14ae9d0ca5a4d713c4c50230bbb399dbb3a63d06f2c67a0d021dcf5437664bbd	14ae9d0ca5a4d713c4c50230bbb399dbb3a63d06f2c67a0d021dcf5437664bbd	YES	760	OWNED_SOURCE_MEMBER	source/config	backend	NO	UNASSIGNED	UNASSIGNED	UNASSIGNED	UNASSIGNED	UNASSIGNED	UNASSIGNED	UNASSIGNED	UNASSIGNED	UNASSIGNED	UNASSIGNED	Semantic read pending; inventory/provenance only
nabdah-backend.zip	src/modules/pharmacy_ops/pharmacy_ops.module.ts	b125bd517b6c5e22b929dbc6772dba039aadd4cc9d608f57ae9c832eebdc1384	b125bd517b6c5e22b929dbc6772dba039aadd4cc9d608f57ae9c832eebdc1384	YES	25	OWNED_SOURCE_MEMBER	source/config	backend	NO	UNASSIGNED	UNASSIGNED	UNASSIGNED	UNASSIGNED	UNASSIGNED	UNASSIGNED	UNASSIGNED	UNASSIGNED	UNASSIGNED	UNASSIGNED	Semantic read pending; inventory/provenance only
nabdah-backend.zip	src/modules/pharmacy_ops/pharmacy_ops.controller.ts	beb899886eb193f0ff35c774ebdf73a048095e76c39858f574d6add1290d2354	beb899886eb193f0ff35c774ebdf73a048095e76c39858f574d6add1290d2354	YES	97	OWNED_SOURCE_MEMBER	controller	backend	NO	UNASSIGNED	UNASSIGNED	UNASSIGNED	UNASSIGNED	UNASSIGNED	UNASSIGNED	UNASSIGNED	UNASSIGNED	UNASSIGNED	UNASSIGNED	Semantic read pending; inventory/provenance only
nabdah-backend.zip	src/modules/pharmacy_ops/pharmacy_ops.service.ts	57228f10125786b89eb65e114e02c0023c9a73d5853ae8f82d014bcff83010b8	57228f10125786b89eb65e114e02c0023c9a73d5853ae8f82d014bcff83010b8	YES	232	OWNED_SOURCE_MEMBER	service	backend	NO	UNASSIGNED	UNASSIGNED	UNASSIGNED	UNASSIGNED	UNASSIGNED	UNASSIGNED	UNASSIGNED	UNASSIGNED	UNASSIGNED	UNASSIGNED	Semantic read pending; inventory/provenance only
nabdah-backend.zip	src/modules/pharmacy_ops/repositories/pharmacyinventory.repository.ts	79beccd917c3a41067cc42c19945ba2164ad94b9eb74c95965c4f85477c24630	79beccd917c3a41067cc42c19945ba2164ad94b9eb74c95965c4f85477c24630	YES	13	OWNED_SOURCE_MEMBER	repository	backend	NO	UNASSIGNED	UNASSIGNED	UNASSIGNED	UNASSIGNED	UNASSIGNED	UNASSIGNED	UNASSIGNED	UNASSIGNED	UNASSIGNED	UNASSIGNED	Semantic read pending; inventory/provenance only
nabdah-backend.zip	src/modules/pharmacy_ops/repositories/medicine.repository.ts	6c4ad6a42dcb53e5193ff19c7ab023abe9856dac64f22ab3d479b4977e83723f	6c4ad6a42dcb53e5193ff19c7ab023abe9856dac64f22ab3d479b4977e83723f	YES	13	OWNED_SOURCE_MEMBER	repository	backend	NO	UNASSIGNED	UNASSIGNED	UNASSIGNED	UNASSIGNED	UNASSIGNED	UNASSIGNED	UNASSIGNED	UNASSIGNED	UNASSIGNED	UNASSIGNED	Semantic read pending; inventory/provenance only
nabdah-backend.zip	src/modules/pharmacy_ops/repositories/order.repository.ts	17033cbe1be9edd2efec6aada595c57abd36c931d76a7aac3d19d254da39cec0	17033cbe1be9edd2efec6aada595c57abd36c931d76a7aac3d19d254da39cec0	YES	13	OWNED_SOURCE_MEMBER	repository	backend	NO	UNASSIGNED	UNASSIGNED	UNASSIGNED	UNASSIGNED	UNASSIGNED	UNASSIGNED	UNASSIGNED	UNASSIGNED	UNASSIGNED	UNASSIGNED	Semantic read pending; inventory/provenance only
nabdah-backend.zip	src/modules/home-care-compat/home-care-compat.controller.spec.ts	ad2ac086ec14df8e06f0b0e604bdef589ad34d28a4a5452ddbe73f964c78145d	ad2ac086ec14df8e06f0b0e604bdef589ad34d28a4a5452ddbe73f964c78145d	YES	34	OWNED_SOURCE_MEMBER	controller	backend	NO	UNASSIGNED	UNASSIGNED	UNASSIGNED	UNASSIGNED	UNASSIGNED	UNASSIGNED	UNASSIGNED	UNASSIGNED	UNASSIGNED	UNASSIGNED	Semantic read pending; inventory/provenance only
nabdah-backend.zip	src/modules/home-care-compat/home-care-compat.module.ts	b695edccf37d3e82f97711e6b020032ddb08598cea074c97aa39b4e2f8ec8971	b695edccf37d3e82f97711e6b020032ddb08598cea074c97aa39b4e2f8ec8971	YES	322	OWNED_SOURCE_MEMBER	source/config	backend	NO	UNASSIGNED	UNASSIGNED	UNASSIGNED	UNASSIGNED	UNASSIGNED	UNASSIGNED	UNASSIGNED	UNASSIGNED	UNASSIGNED	UNASSIGNED	Semantic read pending; inventory/provenance only
nabdah-backend.zip	src/modules/admin-web-core/admin-web-core.module.ts	b391bc99348f99c0f07dd18c3ba3ec51f4921935cc3e567d40705b1d8e9633a0	b391bc99348f99c0f07dd18c3ba3ec51f4921935cc3e567d40705b1d8e9633a0	YES	51	OWNED_SOURCE_MEMBER	source/config	backend	NO	UNASSIGNED	UNASSIGNED	UNASSIGNED	UNASSIGNED	UNASSIGNED	UNASSIGNED	UNASSIGNED	UNASSIGNED	UNASSIGNED	UNASSIGNED	Semantic read pending; inventory/provenance only
nabdah-backend.zip	src/modules/admin-web-core/guards/roles.guard.ts	1e128e947121a598abd9f556513f1804c24214c3540a052faedc9c323690fc02	1e128e947121a598abd9f556513f1804c24214c3540a052faedc9c323690fc02	YES	42	OWNED_SOURCE_MEMBER	guard	backend	NO	UNASSIGNED	UNASSIGNED	UNASSIGNED	UNASSIGNED	UNASSIGNED	UNASSIGNED	UNASSIGNED	UNASSIGNED	UNASSIGNED	UNASSIGNED	Semantic read pending; inventory/provenance only
nabdah-backend.zip	src/modules/admin-web-core/schemas/audit-log.schema.ts	d22e2bb3835b2552c75157bc0ba917a722f30326c4b3fe0841ccb3881720b47c	d22e2bb3835b2552c75157bc0ba917a722f30326c4b3fe0841ccb3881720b47c	YES	24	OWNED_SOURCE_MEMBER	schema	backend	NO	UNASSIGNED	UNASSIGNED	UNASSIGNED	UNASSIGNED	UNASSIGNED	UNASSIGNED	UNASSIGNED	UNASSIGNED	UNASSIGNED	UNASSIGNED	Semantic read pending; inventory/provenance only
nabdah-backend.zip	src/modules/admin-web-core/schemas/system-config-extended.schema.ts	62f54767bf0ba84280f3370a5b4b544970133171cef6929236ca8b1a2d90a3d3	62f54767bf0ba84280f3370a5b4b544970133171cef6929236ca8b1a2d90a3d3	YES	18	OWNED_SOURCE_MEMBER	schema	backend	NO	UNASSIGNED	UNASSIGNED	UNASSIGNED	UNASSIGNED	UNASSIGNED	UNASSIGNED	UNASSIGNED	UNASSIGNED	UNASSIGNED	UNASSIGNED	Semantic read pending; inventory/provenance only
nabdah-backend.zip	src/modules/admin-web-core/schemas/heatmap-data.schema.ts	254b748044480d0a0fa9db73dcb36870f016d6778c7256478158869e0ed64c63	254b748044480d0a0fa9db73dcb36870f016d6778c7256478158869e0ed64c63	YES	24	OWNED_SOURCE_MEMBER	schema	backend	NO	UNASSIGNED	UNASSIGNED	UNASSIGNED	UNASSIGNED	UNASSIGNED	UNASSIGNED	UNASSIGNED	UNASSIGNED	UNASSIGNED	UNASSIGNED	Semantic read pending; inventory/provenance only
nabdah-backend.zip	src/modules/admin-web-core/schemas/provider.schema.ts	b8990c25f605e424301cc53e2ab93e8b0ee7476d8f6c6c6dcc567a859dfc35a8	b8990c25f605e424301cc53e2ab93e8b0ee7476d8f6c6c6dcc567a859dfc35a8	YES	33	OWNED_SOURCE_MEMBER	schema	backend	NO	UNASSIGNED	UNASSIGNED	UNASSIGNED	UNASSIGNED	UNASSIGNED	UNASSIGNED	UNASSIGNED	UNASSIGNED	UNASSIGNED	UNASSIGNED	Semantic read pending; inventory/provenance only
nabdah-backend.zip	src/modules/admin-web-core/schemas/commission-ledger.schema.ts	cd0220067b47b720d0a0ed0f52f166b6a49e67d1bdfa7d9417b80cb16eb685fa	cd0220067b47b720d0a0ed0f52f166b6a49e67d1bdfa7d9417b80cb16eb685fa	YES	30	OWNED_SOURCE_MEMBER	schema	backend	NO	UNASSIGNED	UNASSIGNED	UNASSIGNED	UNASSIGNED	UNASSIGNED	UNASSIGNED	UNASSIGNED	UNASSIGNED	UNASSIGNED	UNASSIGNED	Semantic read pending; inventory/provenance only
nabdah-backend.zip	src/modules/admin-web-core/schemas/provider-delta.schema.ts	a64c4e9cc3fff6e82a4181465cbd76de2d4d3f15cb1bc80b776a263da0b2c0cc	a64c4e9cc3fff6e82a4181465cbd76de2d4d3f15cb1bc80b776a263da0b2c0cc	YES	24	OWNED_SOURCE_MEMBER	schema	backend	NO	UNASSIGNED	UNASSIGNED	UNASSIGNED	UNASSIGNED	UNASSIGNED	UNASSIGNED	UNASSIGNED	UNASSIGNED	UNASSIGNED	UNASSIGNED	Semantic read pending; inventory/provenance only
nabdah-backend.zip	src/modules/admin-web-core/schemas/fraud-alert.schema.ts	a6d57f24a0df0f947361f4d8e0c1aed955bde46702ae31f1af2d8e32d0648c89	a6d57f24a0df0f947361f4d8e0c1aed955bde46702ae31f1af2d8e32d0648c89	YES	24	OWNED_SOURCE_MEMBER	schema	backend	NO	UNASSIGNED	UNASSIGNED	UNASSIGNED	UNASSIGNED	UNASSIGNED	UNASSIGNED	UNASSIGNED	UNASSIGNED	UNASSIGNED	UNASSIGNED	Semantic read pending; inventory/provenance only
nabdah-backend.zip	src/modules/admin-web-core/schemas/procurement-request.schema.ts	84e52fd3f85a5c4df68e6768994d7b77469a6beef09f691045a0ceda32c7f1d6	84e52fd3f85a5c4df68e6768994d7b77469a6beef09f691045a0ceda32c7f1d6	YES	21	OWNED_SOURCE_MEMBER	schema	backend	NO	UNASSIGNED	UNASSIGNED	UNASSIGNED	UNASSIGNED	UNASSIGNED	UNASSIGNED	UNASSIGNED	UNASSIGNED	UNASSIGNED	UNASSIGNED	Semantic read pending; inventory/provenance only
nabdah-backend.zip	src/modules/admin-web-core/schemas/withdrawal-request.schema.ts	e89753645afd7ca04a7358f23dd1c16c645fdd4833470137f4b141876beb6d35	e89753645afd7ca04a7358f23dd1c16c645fdd4833470137f4b141876beb6d35	YES	27	OWNED_SOURCE_MEMBER	schema	backend	NO	UNASSIGNED	UNASSIGNED	UNASSIGNED	UNASSIGNED	UNASSIGNED	UNASSIGNED	UNASSIGNED	UNASSIGNED	UNASSIGNED	UNASSIGNED	Semantic read pending; inventory/provenance only
nabdah-backend.zip	src/modules/admin-web-core/controllers/admin-config.controller.ts	be129bcf74695a5e342068fcecd2868cc41aab890350d9fbdac3a027b31de42d	be129bcf74695a5e342068fcecd2868cc41aab890350d9fbdac3a027b31de42d	YES	28	OWNED_SOURCE_MEMBER	controller	backend	NO	UNASSIGNED	UNASSIGNED	UNASSIGNED	UNASSIGNED	UNASSIGNED	UNASSIGNED	UNASSIGNED	UNASSIGNED	UNASSIGNED	UNASSIGNED	Semantic read pending; inventory/provenance only
nabdah-backend.zip	src/modules/admin-web-core/controllers/system-health.controller.ts	20f15c6dadd760e6e9458a63e11bb1c76bafa5addfc9eea3bcb0ce841cc9150b	20f15c6dadd760e6e9458a63e11bb1c76bafa5addfc9eea3bcb0ce841cc9150b	YES	27	OWNED_SOURCE_MEMBER	controller	backend	NO	UNASSIGNED	UNASSIGNED	UNASSIGNED	UNASSIGNED	UNASSIGNED	UNASSIGNED	UNASSIGNED	UNASSIGNED	UNASSIGNED	UNASSIGNED	Semantic read pending; inventory/provenance only
nabdah-backend.zip	src/modules/admin-web-core/controllers/admin-governance.controller.ts	6fbcd2d6e5be0712fdf2bd80f63851bd0352faf3030841bb81da30fef8e5c66c	6fbcd2d6e5be0712fdf2bd80f63851bd0352faf3030841bb81da30fef8e5c66c	YES	46	OWNED_SOURCE_MEMBER	controller	backend	NO	UNASSIGNED	UNASSIGNED	UNASSIGNED	UNASSIGNED	UNASSIGNED	UNASSIGNED	UNASSIGNED	UNASSIGNED	UNASSIGNED	UNASSIGNED	Semantic read pending; inventory/provenance only
nabdah-backend.zip	src/modules/admin-web-core/controllers/admin-extended-operations.controller.ts	870fb89384c491960a94cdeadc66923f71e0d75231f050f67be09bec98a5023e	870fb89384c491960a94cdeadc66923f71e0d75231f050f67be09bec98a5023e	YES	43	OWNED_SOURCE_MEMBER	controller	backend	NO	UNASSIGNED	UNASSIGNED	UNASSIGNED	UNASSIGNED	UNASSIGNED	UNASSIGNED	UNASSIGNED	UNASSIGNED	UNASSIGNED	UNASSIGNED	Semantic read pending; inventory/provenance only
nabdah-backend.zip	src/modules/admin-web-core/controllers/provider-moderation.controller.ts	034ee9674e951794466c23377f3996350adc61acdaf283a3196c3f96bdd2699d	034ee9674e951794466c23377f3996350adc61acdaf283a3196c3f96bdd2699d	YES	118	OWNED_SOURCE_MEMBER	controller	backend	NO	UNASSIGNED	UNASSIGNED	UNASSIGNED	UNASSIGNED	UNASSIGNED	UNASSIGNED	UNASSIGNED	UNASSIGNED	UNASSIGNED	UNASSIGNED	Semantic read pending; inventory/provenance only
nabdah-backend.zip	src/modules/admin-web-core/controllers/analytics.controller.ts	5fff994e85971d718e556ff4a22eda5b2830449cadf826ebf1e43ce34f44e3a2	5fff994e85971d718e556ff4a22eda5b2830449cadf826ebf1e43ce34f44e3a2	YES	61	OWNED_SOURCE_MEMBER	controller	backend	NO	UNASSIGNED	UNASSIGNED	UNASSIGNED	UNASSIGNED	UNASSIGNED	UNASSIGNED	UNASSIGNED	UNASSIGNED	UNASSIGNED	UNASSIGNED	Semantic read pending; inventory/provenance only
nabdah-backend.zip	src/modules/admin-web-core/controllers/admin-governance.controller.spec.ts	14377e4381c1bd6837188b1efd99f2fe8f200d094f897dcfd1e521208dfe2361	14377e4381c1bd6837188b1efd99f2fe8f200d094f897dcfd1e521208dfe2361	YES	11	OWNED_SOURCE_MEMBER	controller	backend	NO	UNASSIGNED	UNASSIGNED	UNASSIGNED	UNASSIGNED	UNASSIGNED	UNASSIGNED	UNASSIGNED	UNASSIGNED	UNASSIGNED	UNASSIGNED	Semantic read pending; inventory/provenance only
nabdah-backend.zip	src/modules/admin-web-core/controllers/finance.controller.ts	7833374246a87dbd05929f2ca89e7788bc63f9051d0264710011006e9c9dcbcf	7833374246a87dbd05929f2ca89e7788bc63f9051d0264710011006e9c9dcbcf	YES	149	OWNED_SOURCE_MEMBER	controller	backend	NO	UNASSIGNED	UNASSIGNED	UNASSIGNED	UNASSIGNED	UNASSIGNED	UNASSIGNED	UNASSIGNED	UNASSIGNED	UNASSIGNED	UNASSIGNED	Semantic read pending; inventory/provenance only
nabdah-backend.zip	src/modules/bans/bans.service.ts	7e62e9b261ed18e652b77c3b64a15d04e2d26d6d0ccc9fd725eae43744f1bcf1	7e62e9b261ed18e652b77c3b64a15d04e2d26d6d0ccc9fd725eae43744f1bcf1	YES	53	OWNED_SOURCE_MEMBER	service	backend	NO	UNASSIGNED	UNASSIGNED	UNASSIGNED	UNASSIGNED	UNASSIGNED	UNASSIGNED	UNASSIGNED	UNASSIGNED	UNASSIGNED	UNASSIGNED	Semantic read pending; inventory/provenance only
nabdah-backend.zip	src/modules/bans/bans.controller.ts	1f11ddd013c050ddfcdec88946e32c5e8dccec44059bc4e0064b087cee9bb16b	1f11ddd013c050ddfcdec88946e32c5e8dccec44059bc4e0064b087cee9bb16b	YES	34	OWNED_SOURCE_MEMBER	controller	backend	NO	UNASSIGNED	UNASSIGNED	UNASSIGNED	UNASSIGNED	UNASSIGNED	UNASSIGNED	UNASSIGNED	UNASSIGNED	UNASSIGNED	UNASSIGNED	Semantic read pending; inventory/provenance only
nabdah-backend.zip	src/modules/bans/bans.schema.ts	40e57f20cb8401fdaec89ca4c6bb288605dd75524f583d26ecc06562080d794f	40e57f20cb8401fdaec89ca4c6bb288605dd75524f583d26ecc06562080d794f	YES	31	OWNED_SOURCE_MEMBER	schema	backend	NO	UNASSIGNED	UNASSIGNED	UNASSIGNED	UNASSIGNED	UNASSIGNED	UNASSIGNED	UNASSIGNED	UNASSIGNED	UNASSIGNED	UNASSIGNED	Semantic read pending; inventory/provenance only
nabdah-backend.zip	src/modules/bans/bans.module.ts	28b7b8af5c99f88e111c8f8340457db04bb1514b63e49754aedfd34596588644	28b7b8af5c99f88e111c8f8340457db04bb1514b63e49754aedfd34596588644	YES	15	OWNED_SOURCE_MEMBER	source/config	backend	NO	UNASSIGNED	UNASSIGNED	UNASSIGNED	UNASSIGNED	UNASSIGNED	UNASSIGNED	UNASSIGNED	UNASSIGNED	UNASSIGNED	UNASSIGNED	Semantic read pending; inventory/provenance only
nabdah-backend.zip	src/modules/bans/bans.middleware.ts	258718cd4e03d295e9758e5876d9fcae6f1f7f9c1a898c4ac4da9addc9146a70	258718cd4e03d295e9758e5876d9fcae6f1f7f9c1a898c4ac4da9addc9146a70	YES	25	OWNED_SOURCE_MEMBER	source/config	backend	NO	UNASSIGNED	UNASSIGNED	UNASSIGNED	UNASSIGNED	UNASSIGNED	UNASSIGNED	UNASSIGNED	UNASSIGNED	UNASSIGNED	UNASSIGNED	Semantic read pending; inventory/provenance only
nabdah-backend.zip	src/modules/bans/repositories/ban.repository.ts	45986326bcb89aefe116c4fe29edb317bf011b55489af4493bc84e4c62d26cfe	45986326bcb89aefe116c4fe29edb317bf011b55489af4493bc84e4c62d26cfe	YES	13	OWNED_SOURCE_MEMBER	repository	backend	NO	UNASSIGNED	UNASSIGNED	UNASSIGNED	UNASSIGNED	UNASSIGNED	UNASSIGNED	UNASSIGNED	UNASSIGNED	UNASSIGNED	UNASSIGNED	Semantic read pending; inventory/provenance only
nabdah-backend.zip	src/modules/media/media.module.ts	d16d21e570d573439fd258216f04d022589fa9b69924ab9fe76eaf5087603134	d16d21e570d573439fd258216f04d022589fa9b69924ab9fe76eaf5087603134	YES	13	OWNED_SOURCE_MEMBER	source/config	backend	NO	UNASSIGNED	UNASSIGNED	UNASSIGNED	UNASSIGNED	UNASSIGNED	UNASSIGNED	UNASSIGNED	UNASSIGNED	UNASSIGNED	UNASSIGNED	Semantic read pending; inventory/provenance only
nabdah-backend.zip	src/modules/media/media.service.ts	662c7853c0997da847bd5b35d3315a29aca94a792079f03b2771bbb6df38ce17	662c7853c0997da847bd5b35d3315a29aca94a792079f03b2771bbb6df38ce17	YES	98	OWNED_SOURCE_MEMBER	service	backend	NO	UNASSIGNED	UNASSIGNED	UNASSIGNED	UNASSIGNED	UNASSIGNED	UNASSIGNED	UNASSIGNED	UNASSIGNED	UNASSIGNED	UNASSIGNED	Semantic read pending; inventory/provenance only
nabdah-backend.zip	src/modules/media/media.controller.ts	52a43b052f30327fb3b2d5e55edec79105e2c5c8ad17d09df021b1fbb107aff1	52a43b052f30327fb3b2d5e55edec79105e2c5c8ad17d09df021b1fbb107aff1	YES	173	OWNED_SOURCE_MEMBER	controller	backend	NO	UNASSIGNED	UNASSIGNED	UNASSIGNED	UNASSIGNED	UNASSIGNED	UNASSIGNED	UNASSIGNED	UNASSIGNED	UNASSIGNED	UNASSIGNED	Semantic read pending; inventory/provenance only
nabdah-backend.zip	src/modules/media/media.controller.spec.ts	832617e2b47d50f7e1d396482004eeb87c5c9f00cf74e7f0fd1cda7ee9caabcc	832617e2b47d50f7e1d396482004eeb87c5c9f00cf74e7f0fd1cda7ee9caabcc	YES	22	OWNED_SOURCE_MEMBER	controller	backend	NO	UNASSIGNED	UNASSIGNED	UNASSIGNED	UNASSIGNED	UNASSIGNED	UNASSIGNED	UNASSIGNED	UNASSIGNED	UNASSIGNED	UNASSIGNED	Semantic read pending; inventory/provenance only
nabdah-backend.zip	src/modules/media/media.schema.ts	3149ed0fcba905aa2af36e4207d1cafbeda5c978482a100adc50fc1c25609056	3149ed0fcba905aa2af36e4207d1cafbeda5c978482a100adc50fc1c25609056	YES	23	OWNED_SOURCE_MEMBER	schema	backend	NO	UNASSIGNED	UNASSIGNED	UNASSIGNED	UNASSIGNED	UNASSIGNED	UNASSIGNED	UNASSIGNED	UNASSIGNED	UNASSIGNED	UNASSIGNED	Semantic read pending; inventory/provenance only
nabdah-backend.zip	src/modules/media/media.contract.spec.ts	473dcb3b2d535c8351bc9c051820dbea56c4b7721eea7fdf1456ab17f41f8269	473dcb3b2d535c8351bc9c051820dbea56c4b7721eea7fdf1456ab17f41f8269	YES	67	OWNED_SOURCE_MEMBER	test	backend	NO	UNASSIGNED	UNASSIGNED	UNASSIGNED	UNASSIGNED	UNASSIGNED	UNASSIGNED	UNASSIGNED	UNASSIGNED	UNASSIGNED	UNASSIGNED	Semantic read pending; inventory/provenance only
nabdah-backend.zip	src/modules/cart/cart.module.ts	e217fe3b2365c3a4eccdf19d18f4abbd30882e9a22fe2c34822083fabc587feb	e217fe3b2365c3a4eccdf19d18f4abbd30882e9a22fe2c34822083fabc587feb	YES	259	OWNED_SOURCE_MEMBER	source/config	backend	NO	UNASSIGNED	UNASSIGNED	UNASSIGNED	UNASSIGNED	UNASSIGNED	UNASSIGNED	UNASSIGNED	UNASSIGNED	UNASSIGNED	UNASSIGNED	Semantic read pending; inventory/provenance only
nabdah-backend.zip	src/modules/cart/cart.contract.spec.ts	a23a17ef32e347ff543a07305b9bec24a109726d47ba7fd68a29b746f4641671	a23a17ef32e347ff543a07305b9bec24a109726d47ba7fd68a29b746f4641671	YES	74	OWNED_SOURCE_MEMBER	test	backend	NO	UNASSIGNED	UNASSIGNED	UNASSIGNED	UNASSIGNED	UNASSIGNED	UNASSIGNED	UNASSIGNED	UNASSIGNED	UNASSIGNED	UNASSIGNED	Semantic read pending; inventory/provenance only
nabdah-backend.zip	src/modules/consistency/consistency.module.ts	755f14d5dda55065b8985eb1bf22e176e63f7735ed45d57c2293e3d60af62fa4	755f14d5dda55065b8985eb1bf22e176e63f7735ed45d57c2293e3d60af62fa4	YES	187	OWNED_SOURCE_MEMBER	source/config	backend	NO	UNASSIGNED	UNASSIGNED	UNASSIGNED	UNASSIGNED	UNASSIGNED	UNASSIGNED	UNASSIGNED	UNASSIGNED	UNASSIGNED	UNASSIGNED	Semantic read pending; inventory/provenance only
nabdah-backend.zip	src/modules/feature-flags/feature-flags.controller.ts	db2a40143cdc0c14e849030b328bab4585de09cca2c2439347fd2198219e1758	db2a40143cdc0c14e849030b328bab4585de09cca2c2439347fd2198219e1758	YES	36	OWNED_SOURCE_MEMBER	controller	backend	NO	UNASSIGNED	UNASSIGNED	UNASSIGNED	UNASSIGNED	UNASSIGNED	UNASSIGNED	UNASSIGNED	UNASSIGNED	UNASSIGNED	UNASSIGNED	Semantic read pending; inventory/provenance only
nabdah-backend.zip	src/modules/feature-flags/feature-flags.service.ts	e2ddf7ee4e65ccb9eae8c8de2866134e222c98a820004e578cfd0572ea8710f6	e2ddf7ee4e65ccb9eae8c8de2866134e222c98a820004e578cfd0572ea8710f6	YES	22	OWNED_SOURCE_MEMBER	service	backend	NO	UNASSIGNED	UNASSIGNED	UNASSIGNED	UNASSIGNED	UNASSIGNED	UNASSIGNED	UNASSIGNED	UNASSIGNED	UNASSIGNED	UNASSIGNED	Semantic read pending; inventory/provenance only
nabdah-backend.zip	src/modules/feature-flags/feature-flags.module.ts	b4deb1236068df8fe641d340d7d4ab1833f15944b83a88233546c1983c68217e	b4deb1236068df8fe641d340d7d4ab1833f15944b83a88233546c1983c68217e	YES	18	OWNED_SOURCE_MEMBER	source/config	backend	NO	UNASSIGNED	UNASSIGNED	UNASSIGNED	UNASSIGNED	UNASSIGNED	UNASSIGNED	UNASSIGNED	UNASSIGNED	UNASSIGNED	UNASSIGNED	Semantic read pending; inventory/provenance only
nabdah-backend.zip	src/modules/feature-flags/feature-flag.schema.ts	e0e7026d6e622dcdd08696f42e25170388bc801732b0c415d4f561096fad5524	e0e7026d6e622dcdd08696f42e25170388bc801732b0c415d4f561096fad5524	YES	14	OWNED_SOURCE_MEMBER	schema	backend	NO	UNASSIGNED	UNASSIGNED	UNASSIGNED	UNASSIGNED	UNASSIGNED	UNASSIGNED	UNASSIGNED	UNASSIGNED	UNASSIGNED	UNASSIGNED	Semantic read pending; inventory/provenance only
nabdah-backend.zip	src/modules/feature-flags/repositories/featureflag.repository.ts	8ebb367516ab6b53b294c896fe1d54cdfca693f5d10d0884360edc355a9b7899	8ebb367516ab6b53b294c896fe1d54cdfca693f5d10d0884360edc355a9b7899	YES	13	OWNED_SOURCE_MEMBER	repository	backend	NO	UNASSIGNED	UNASSIGNED	UNASSIGNED	UNASSIGNED	UNASSIGNED	UNASSIGNED	UNASSIGNED	UNASSIGNED	UNASSIGNED	UNASSIGNED	Semantic read pending; inventory/provenance only
nabdah-backend.zip	src/modules/facility-ops/facility-ops.module.ts	9203cc243203a81d9b03201f1d11a063b180be1cad8f7abec49494d862fba386	9203cc243203a81d9b03201f1d11a063b180be1cad8f7abec49494d862fba386	YES	440	OWNED_SOURCE_MEMBER	source/config	backend	NO	UNASSIGNED	UNASSIGNED	UNASSIGNED	UNASSIGNED	UNASSIGNED	UNASSIGNED	UNASSIGNED	UNASSIGNED	UNASSIGNED	UNASSIGNED	Semantic read pending; inventory/provenance only
nabdah-backend.zip	src/modules/facility-ops/facility-ops.service.spec.ts	339f3b30072ba9017e9f964031514bfeb235dbf129f54ad69a6973884176b624	339f3b30072ba9017e9f964031514bfeb235dbf129f54ad69a6973884176b624	YES	83	OWNED_SOURCE_MEMBER	service	backend	NO	UNASSIGNED	UNASSIGNED	UNASSIGNED	UNASSIGNED	UNASSIGNED	UNASSIGNED	UNASSIGNED	UNASSIGNED	UNASSIGNED	UNASSIGNED	Semantic read pending; inventory/provenance only
nabdah-backend.zip	src/modules/admin-governance/admin-governance.module.ts	c44c7da85135d1c750b1c2c829747fcc8e67ab85de63c40d897e253b3f29f4d8	c44c7da85135d1c750b1c2c829747fcc8e67ab85de63c40d897e253b3f29f4d8	YES	366	OWNED_SOURCE_MEMBER	source/config	backend	NO	UNASSIGNED	UNASSIGNED	UNASSIGNED	UNASSIGNED	UNASSIGNED	UNASSIGNED	UNASSIGNED	UNASSIGNED	UNASSIGNED	UNASSIGNED	Semantic read pending; inventory/provenance only
nabdah-backend.zip	src/modules/admin-governance/system-config.controller.ts	988fe178a38e902a7bd96b9c521788d89ea801f8762163c04e3fa8652ab227d9	988fe178a38e902a7bd96b9c521788d89ea801f8762163c04e3fa8652ab227d9	YES	37	OWNED_SOURCE_MEMBER	controller	backend	NO	UNASSIGNED	UNASSIGNED	UNASSIGNED	UNASSIGNED	UNASSIGNED	UNASSIGNED	UNASSIGNED	UNASSIGNED	UNASSIGNED	UNASSIGNED	Semantic read pending; inventory/provenance only
nabdah-backend.zip	src/modules/admin-governance/b2b.controller.ts	b6acee79cd08558dd53ecb9c72eaf503ab0ade976ca05e2e3bcd86ffcb4d25a0	b6acee79cd08558dd53ecb9c72eaf503ab0ade976ca05e2e3bcd86ffcb4d25a0	YES	43	OWNED_SOURCE_MEMBER	controller	backend	NO	UNASSIGNED	UNASSIGNED	UNASSIGNED	UNASSIGNED	UNASSIGNED	UNASSIGNED	UNASSIGNED	UNASSIGNED	UNASSIGNED	UNASSIGNED	Semantic read pending; inventory/provenance only
nabdah-backend.zip	src/modules/slot-locks/slot-locks.module.ts	cb5136f0ae9061f0ade9a6ae69afef93c396c01e43d9e3420b8db71ef7b7d529	cb5136f0ae9061f0ade9a6ae69afef93c396c01e43d9e3420b8db71ef7b7d529	YES	73	OWNED_SOURCE_MEMBER	source/config	backend	NO	UNASSIGNED	UNASSIGNED	UNASSIGNED	UNASSIGNED	UNASSIGNED	UNASSIGNED	UNASSIGNED	UNASSIGNED	UNASSIGNED	UNASSIGNED	Semantic read pending; inventory/provenance only
nabdah-backend.zip	src/modules/slot-locks/slot-locks.service.spec.ts	369438feed160419e06d5d3b95d76b3cfcf1371009ef66988b02ef0322586d3e	369438feed160419e06d5d3b95d76b3cfcf1371009ef66988b02ef0322586d3e	YES	64	OWNED_SOURCE_MEMBER	service	backend	NO	UNASSIGNED	UNASSIGNED	UNASSIGNED	UNASSIGNED	UNASSIGNED	UNASSIGNED	UNASSIGNED	UNASSIGNED	UNASSIGNED	UNASSIGNED	Semantic read pending; inventory/provenance only
nabdah-backend.zip	src/modules/loyalty/loyalty.service.spec.ts	aa8855526ce246532c06eedf858e7b7745298122dc7959d5b5f75b007f59d943	aa8855526ce246532c06eedf858e7b7745298122dc7959d5b5f75b007f59d943	YES	129	OWNED_SOURCE_MEMBER	service	backend	NO	UNASSIGNED	UNASSIGNED	UNASSIGNED	UNASSIGNED	UNASSIGNED	UNASSIGNED	UNASSIGNED	UNASSIGNED	UNASSIGNED	UNASSIGNED	Semantic read pending; inventory/provenance only
nabdah-backend.zip	src/modules/loyalty/loyalty.service.ts	3e35e156058cd7d25527cf121aa5f5a8879540c2d28fe7179de70ba289db24d7	3e35e156058cd7d25527cf121aa5f5a8879540c2d28fe7179de70ba289db24d7	YES	338	OWNED_SOURCE_MEMBER	service	backend	NO	UNASSIGNED	UNASSIGNED	UNASSIGNED	UNASSIGNED	UNASSIGNED	UNASSIGNED	UNASSIGNED	UNASSIGNED	UNASSIGNED	UNASSIGNED	Semantic read pending; inventory/provenance only
nabdah-backend.zip	src/modules/loyalty/loyalty.controller.ts	69e6f20438dfe0c6285ef766622d8d65b03f5b24fe4fe7de63d41464bce3ac6c	69e6f20438dfe0c6285ef766622d8d65b03f5b24fe4fe7de63d41464bce3ac6c	YES	68	OWNED_SOURCE_MEMBER	controller	backend	NO	UNASSIGNED	UNASSIGNED	UNASSIGNED	UNASSIGNED	UNASSIGNED	UNASSIGNED	UNASSIGNED	UNASSIGNED	UNASSIGNED	UNASSIGNED	Semantic read pending; inventory/provenance only
nabdah-backend.zip	src/modules/loyalty/loyalty.module.ts	948963bb3fe94ae31c35e90a2475628e0d9740e8f5f4fe5afb821e4f15fdbba3	948963bb3fe94ae31c35e90a2475628e0d9740e8f5f4fe5afb821e4f15fdbba3	YES	35	OWNED_SOURCE_MEMBER	source/config	backend	NO	UNASSIGNED	UNASSIGNED	UNASSIGNED	UNASSIGNED	UNASSIGNED	UNASSIGNED	UNASSIGNED	UNASSIGNED	UNASSIGNED	UNASSIGNED	Semantic read pending; inventory/provenance only
nabdah-backend.zip	src/modules/loyalty/repositories/challengeprogress.repository.ts	d8464f515b9c303b78c056df60ac09a899e6df8f85e4a08a348e7805321e8ed0	d8464f515b9c303b78c056df60ac09a899e6df8f85e4a08a348e7805321e8ed0	YES	13	OWNED_SOURCE_MEMBER	repository	backend	NO	UNASSIGNED	UNASSIGNED	UNASSIGNED	UNASSIGNED	UNASSIGNED	UNASSIGNED	UNASSIGNED	UNASSIGNED	UNASSIGNED	UNASSIGNED	Semantic read pending; inventory/provenance only
nabdah-backend.zip	src/modules/loyalty/repositories/loyaltytransaction.repository.ts	27e33cc53f5112f3bb3642ae32dd559e23bca6d0d3d28dd754ee3e9b9a3ec85d	27e33cc53f5112f3bb3642ae32dd559e23bca6d0d3d28dd754ee3e9b9a3ec85d	YES	13	OWNED_SOURCE_MEMBER	repository	backend	NO	UNASSIGNED	UNASSIGNED	UNASSIGNED	UNASSIGNED	UNASSIGNED	UNASSIGNED	UNASSIGNED	UNASSIGNED	UNASSIGNED	UNASSIGNED	Semantic read pending; inventory/provenance only
nabdah-backend.zip	src/modules/loyalty/repositories/loyaltyaccount.repository.ts	0585422aef7566d85696dca7e933b32c65e8ee85acb3e95174356c36f45a5d7f	0585422aef7566d85696dca7e933b32c65e8ee85acb3e95174356c36f45a5d7f	YES	13	OWNED_SOURCE_MEMBER	repository	backend	NO	UNASSIGNED	UNASSIGNED	UNASSIGNED	UNASSIGNED	UNASSIGNED	UNASSIGNED	UNASSIGNED	UNASSIGNED	UNASSIGNED	UNASSIGNED	Semantic read pending; inventory/provenance only
nabdah-backend.zip	src/modules/loyalty/repositories/loyaltychallenge.repository.ts	9ac5ee94490b901501f1d0c4a904fa8f74d6afbdc480f6d34b8a4573588f29f6	9ac5ee94490b901501f1d0c4a904fa8f74d6afbdc480f6d34b8a4573588f29f6	YES	13	OWNED_SOURCE_MEMBER	repository	backend	NO	UNASSIGNED	UNASSIGNED	UNASSIGNED	UNASSIGNED	UNASSIGNED	UNASSIGNED	UNASSIGNED	UNASSIGNED	UNASSIGNED	UNASSIGNED	Semantic read pending; inventory/provenance only
nabdah-backend.zip	src/modules/loyalty/repositories/reward.repository.ts	2f8a1d828d165d1d0df50188b5837b63e91abee68a5e858a5b6b8fe87e559a7e	2f8a1d828d165d1d0df50188b5837b63e91abee68a5e858a5b6b8fe87e559a7e	YES	13	OWNED_SOURCE_MEMBER	repository	backend	NO	UNASSIGNED	UNASSIGNED	UNASSIGNED	UNASSIGNED	UNASSIGNED	UNASSIGNED	UNASSIGNED	UNASSIGNED	UNASSIGNED	UNASSIGNED	Semantic read pending; inventory/provenance only
nabdah-backend.zip	src/modules/loyalty/repositories/rewardclaim.repository.ts	1d18732cd5c46c6d2f6e09da12b9d6ee8ef84d19b0ce01ed3744cdc009e4cb6e	1d18732cd5c46c6d2f6e09da12b9d6ee8ef84d19b0ce01ed3744cdc009e4cb6e	YES	13	OWNED_SOURCE_MEMBER	repository	backend	NO	UNASSIGNED	UNASSIGNED	UNASSIGNED	UNASSIGNED	UNASSIGNED	UNASSIGNED	UNASSIGNED	UNASSIGNED	UNASSIGNED	UNASSIGNED	Semantic read pending; inventory/provenance only
nabdah-backend.zip	src/modules/medicines/med-i18n.spec.ts	6e616635f408a462cd8c9393ebf8ff00cd30be1ee38f96261a708569de52c64b	6e616635f408a462cd8c9393ebf8ff00cd30be1ee38f96261a708569de52c64b	YES	34	OWNED_SOURCE_MEMBER	test	backend	NO	UNASSIGNED	UNASSIGNED	UNASSIGNED	UNASSIGNED	UNASSIGNED	UNASSIGNED	UNASSIGNED	UNASSIGNED	UNASSIGNED	UNASSIGNED	Semantic read pending; inventory/provenance only
nabdah-backend.zip	src/modules/medicines/medicines.service.ts	e9e7d5c329199fa64f2557500c27b740672b1f5f6126ef965ffecd26faa303e4	e9e7d5c329199fa64f2557500c27b740672b1f5f6126ef965ffecd26faa303e4	YES	1515	OWNED_SOURCE_MEMBER	service	backend	NO	UNASSIGNED	UNASSIGNED	UNASSIGNED	UNASSIGNED	UNASSIGNED	UNASSIGNED	UNASSIGNED	UNASSIGNED	UNASSIGNED	UNASSIGNED	Semantic read pending; inventory/provenance only
nabdah-backend.zip	src/modules/medicines/medicines.module.ts	a1f2dac65dd81545d79b8fca2938fe319c94edc9adff9be104f548f9fb3164f3	a1f2dac65dd81545d79b8fca2938fe319c94edc9adff9be104f548f9fb3164f3	YES	14	OWNED_SOURCE_MEMBER	source/config	backend	NO	UNASSIGNED	UNASSIGNED	UNASSIGNED	UNASSIGNED	UNASSIGNED	UNASSIGNED	UNASSIGNED	UNASSIGNED	UNASSIGNED	UNASSIGNED	Semantic read pending; inventory/provenance only
nabdah-backend.zip	src/modules/medicines/medicines.controller.ts	5cf010c48506955ab7e8e4f9f44cb8948b26d9384a1831d27515cc57f5758c03	5cf010c48506955ab7e8e4f9f44cb8948b26d9384a1831d27515cc57f5758c03	YES	361	OWNED_SOURCE_MEMBER	controller	backend	NO	UNASSIGNED	UNASSIGNED	UNASSIGNED	UNASSIGNED	UNASSIGNED	UNASSIGNED	UNASSIGNED	UNASSIGNED	UNASSIGNED	UNASSIGNED	Semantic read pending; inventory/provenance only
nabdah-backend.zip	src/modules/medicines/med-i18n.ts	9742f2ffbae5a319b8c77c2f9d99b76cf4f7479d0b4d8f53e3b23fb913f18efb	9742f2ffbae5a319b8c77c2f9d99b76cf4f7479d0b4d8f53e3b23fb913f18efb	YES	180	OWNED_SOURCE_MEMBER	source/config	backend	NO	UNASSIGNED	UNASSIGNED	UNASSIGNED	UNASSIGNED	UNASSIGNED	UNASSIGNED	UNASSIGNED	UNASSIGNED	UNASSIGNED	UNASSIGNED	Semantic read pending; inventory/provenance only
nabdah-backend.zip	src/modules/medicines/medicines.service.publication.spec.ts	283e9b63ef156cb2104bb5a742d285239996aed825cafe7d758bb5c1d162a8c4	283e9b63ef156cb2104bb5a742d285239996aed825cafe7d758bb5c1d162a8c4	YES	53	OWNED_SOURCE_MEMBER	service	backend	NO	UNASSIGNED	UNASSIGNED	UNASSIGNED	UNASSIGNED	UNASSIGNED	UNASSIGNED	UNASSIGNED	UNASSIGNED	UNASSIGNED	UNASSIGNED	Semantic read pending; inventory/provenance only
nabdah-backend.zip	src/modules/medicines/medicines.public-catalog.contract.spec.ts	e038bccebf506b30fd7034b9a3093190063f9a53355505eafb8829eeb16f09c3	e038bccebf506b30fd7034b9a3093190063f9a53355505eafb8829eeb16f09c3	YES	39	OWNED_SOURCE_MEMBER	test	backend	NO	UNASSIGNED	UNASSIGNED	UNASSIGNED	UNASSIGNED	UNASSIGNED	UNASSIGNED	UNASSIGNED	UNASSIGNED	UNASSIGNED	UNASSIGNED	Semantic read pending; inventory/provenance only
nabdah-backend.zip	src/modules/medicines/repositories/medicine.repository.ts	6c4ad6a42dcb53e5193ff19c7ab023abe9856dac64f22ab3d479b4977e83723f	6c4ad6a42dcb53e5193ff19c7ab023abe9856dac64f22ab3d479b4977e83723f	YES	13	OWNED_SOURCE_MEMBER	repository	backend	NO	UNASSIGNED	UNASSIGNED	UNASSIGNED	UNASSIGNED	UNASSIGNED	UNASSIGNED	UNASSIGNED	UNASSIGNED	UNASSIGNED	UNASSIGNED	Semantic read pending; inventory/provenance only
nabdah-backend.zip	src/modules/seo/seo.service.ts	aad23482b97ab989dd84c8f6bd25bb0b3d2280127fc372bdcd04f1129c300808	aad23482b97ab989dd84c8f6bd25bb0b3d2280127fc372bdcd04f1129c300808	YES	434	OWNED_SOURCE_MEMBER	service	backend	NO	UNASSIGNED	UNASSIGNED	UNASSIGNED	UNASSIGNED	UNASSIGNED	UNASSIGNED	UNASSIGNED	UNASSIGNED	UNASSIGNED	UNASSIGNED	Semantic read pending; inventory/provenance only
nabdah-backend.zip	src/modules/seo/seo.module.ts	ed7208efaad061a2dc20b95f679ddc1d0794a262ee723d556dc2dc48a3870350	ed7208efaad061a2dc20b95f679ddc1d0794a262ee723d556dc2dc48a3870350	YES	32	OWNED_SOURCE_MEMBER	source/config	backend	NO	UNASSIGNED	UNASSIGNED	UNASSIGNED	UNASSIGNED	UNASSIGNED	UNASSIGNED	UNASSIGNED	UNASSIGNED	UNASSIGNED	UNASSIGNED	Semantic read pending; inventory/provenance only
nabdah-backend.zip	src/modules/seo/seo.service.spec.ts	9fe05a8636a265bd0ab98f8365961727b96e7b48209bd547a5e6e0d1602aa0c6	9fe05a8636a265bd0ab98f8365961727b96e7b48209bd547a5e6e0d1602aa0c6	YES	96	OWNED_SOURCE_MEMBER	service	backend	NO	UNASSIGNED	UNASSIGNED	UNASSIGNED	UNASSIGNED	UNASSIGNED	UNASSIGNED	UNASSIGNED	UNASSIGNED	UNASSIGNED	UNASSIGNED	Semantic read pending; inventory/provenance only
nabdah-backend.zip	src/modules/seo/seo.controller.ts	6ab37fda9930b3e95ce757482b4ac0934fabeaa98179f664b969777110ea4a65	6ab37fda9930b3e95ce757482b4ac0934fabeaa98179f664b969777110ea4a65	YES	77	OWNED_SOURCE_MEMBER	controller	backend	NO	UNASSIGNED	UNASSIGNED	UNASSIGNED	UNASSIGNED	UNASSIGNED	UNASSIGNED	UNASSIGNED	UNASSIGNED	UNASSIGNED	UNASSIGNED	Semantic read pending; inventory/provenance only
nabdah-backend.zip	src/modules/seo/repositories/article.repository.ts	63a98ce073889ce92aeea93d542e7b2467d2defbd5a1e0c6522cb1c80bb14d26	63a98ce073889ce92aeea93d542e7b2467d2defbd5a1e0c6522cb1c80bb14d26	YES	12	OWNED_SOURCE_MEMBER	repository	backend	NO	UNASSIGNED	UNASSIGNED	UNASSIGNED	UNASSIGNED	UNASSIGNED	UNASSIGNED	UNASSIGNED	UNASSIGNED	UNASSIGNED	UNASSIGNED	Semantic read pending; inventory/provenance only
nabdah-backend.zip	src/modules/seo/repositories/homecareservice.repository.ts	d55baf7cab70785ca9bb7dce9a559b26c5b84d0167d371c02649882ba41dd4d5	d55baf7cab70785ca9bb7dce9a559b26c5b84d0167d371c02649882ba41dd4d5	YES	13	OWNED_SOURCE_MEMBER	service	backend	NO	UNASSIGNED	UNASSIGNED	UNASSIGNED	UNASSIGNED	UNASSIGNED	UNASSIGNED	UNASSIGNED	UNASSIGNED	UNASSIGNED	UNASSIGNED	Semantic read pending; inventory/provenance only
nabdah-backend.zip	src/modules/seo/repositories/medicine.repository.ts	99a00f2c12df2cbce28c8f040b7c8e702636797630944b22c8e8abd2b55c1729	99a00f2c12df2cbce28c8f040b7c8e702636797630944b22c8e8abd2b55c1729	YES	13	OWNED_SOURCE_MEMBER	repository	backend	NO	UNASSIGNED	UNASSIGNED	UNASSIGNED	UNASSIGNED	UNASSIGNED	UNASSIGNED	UNASSIGNED	UNASSIGNED	UNASSIGNED	UNASSIGNED	Semantic read pending; inventory/provenance only
nabdah-backend.zip	src/modules/seo/repositories/labservice.repository.ts	ca517a70c7818c4e3ad677441d791fae2eebe08835988a3244be660e71a604a8	ca517a70c7818c4e3ad677441d791fae2eebe08835988a3244be660e71a604a8	YES	13	OWNED_SOURCE_MEMBER	service	backend	NO	UNASSIGNED	UNASSIGNED	UNASSIGNED	UNASSIGNED	UNASSIGNED	UNASSIGNED	UNASSIGNED	UNASSIGNED	UNASSIGNED	UNASSIGNED	Semantic read pending; inventory/provenance only
nabdah-backend.zip	src/modules/seo/repositories/facility.repository.ts	c3a753e606ced09ff8d34ae790c31c66281676dcfa87e829c305377b471b714c	c3a753e606ced09ff8d34ae790c31c66281676dcfa87e829c305377b471b714c	YES	13	OWNED_SOURCE_MEMBER	repository	backend	NO	UNASSIGNED	UNASSIGNED	UNASSIGNED	UNASSIGNED	UNASSIGNED	UNASSIGNED	UNASSIGNED	UNASSIGNED	UNASSIGNED	UNASSIGNED	Semantic read pending; inventory/provenance only
nabdah-backend.zip	src/modules/seo/repositories/providerprofile.repository.ts	55242172b9bf4e48e9d2f4944a336261ed614ef3cf5a7f58a619858e086fda32	55242172b9bf4e48e9d2f4944a336261ed614ef3cf5a7f58a619858e086fda32	YES	13	OWNED_SOURCE_MEMBER	repository	backend	NO	UNASSIGNED	UNASSIGNED	UNASSIGNED	UNASSIGNED	UNASSIGNED	UNASSIGNED	UNASSIGNED	UNASSIGNED	UNASSIGNED	UNASSIGNED	Semantic read pending; inventory/provenance only
nabdah-backend.zip	src/modules/timeline/timeline.module.ts	e7a56d6f1d8585c101446f6a1d7f3847d441571c2ac06b6e4164879ff7faa03f	e7a56d6f1d8585c101446f6a1d7f3847d441571c2ac06b6e4164879ff7faa03f	YES	44	OWNED_SOURCE_MEMBER	source/config	backend	NO	UNASSIGNED	UNASSIGNED	UNASSIGNED	UNASSIGNED	UNASSIGNED	UNASSIGNED	UNASSIGNED	UNASSIGNED	UNASSIGNED	UNASSIGNED	Semantic read pending; inventory/provenance only
nabdah-backend.zip	src/modules/timeline/timeline.service.ts	6219e2c32e96c61c4ae33fc528ceb9b44f48af3dc64cb1cdb0186bd992526d26	6219e2c32e96c61c4ae33fc528ceb9b44f48af3dc64cb1cdb0186bd992526d26	YES	386	OWNED_SOURCE_MEMBER	service	backend	NO	UNASSIGNED	UNASSIGNED	UNASSIGNED	UNASSIGNED	UNASSIGNED	UNASSIGNED	UNASSIGNED	UNASSIGNED	UNASSIGNED	UNASSIGNED	Semantic read pending; inventory/provenance only
nabdah-backend.zip	src/modules/timeline/timeline.controller.ts	12f27fddb9b30a44b0c84bb9b88fb92b7eb017a9f25350227461c7b1ad5bd4cc	12f27fddb9b30a44b0c84bb9b88fb92b7eb017a9f25350227461c7b1ad5bd4cc	YES	39	OWNED_SOURCE_MEMBER	controller	backend	NO	UNASSIGNED	UNASSIGNED	UNASSIGNED	UNASSIGNED	UNASSIGNED	UNASSIGNED	UNASSIGNED	UNASSIGNED	UNASSIGNED	UNASSIGNED	Semantic read pending; inventory/provenance only
nabdah-backend.zip	src/modules/timeline/repositories/medicationreminder.repository.ts	6b7a4cee32245659b86a9c8cbf5e0bb115ea8d84bc8fa879895488b80b0948e4	6b7a4cee32245659b86a9c8cbf5e0bb115ea8d84bc8fa879895488b80b0948e4	YES	13	OWNED_SOURCE_MEMBER	repository	backend	NO	UNASSIGNED	UNASSIGNED	UNASSIGNED	UNASSIGNED	UNASSIGNED	UNASSIGNED	UNASSIGNED	UNASSIGNED	UNASSIGNED	UNASSIGNED	Semantic read pending; inventory/provenance only
nabdah-backend.zip	src/modules/timeline/repositories/homecarebooking.repository.ts	0fe864ceee4547c3d5c4b917636d98e00887fc867b93b816b221d753ec71b067	0fe864ceee4547c3d5c4b917636d98e00887fc867b93b816b221d753ec71b067	YES	13	OWNED_SOURCE_MEMBER	repository	backend	NO	UNASSIGNED	UNASSIGNED	UNASSIGNED	UNASSIGNED	UNASSIGNED	UNASSIGNED	UNASSIGNED	UNASSIGNED	UNASSIGNED	UNASSIGNED	Semantic read pending; inventory/provenance only
nabdah-backend.zip	src/modules/timeline/repositories/order.repository.ts	aac565ec1dccaee1b000cf6e98de18bfc17d74d6386caf8d9c8cf0d755a57871	aac565ec1dccaee1b000cf6e98de18bfc17d74d6386caf8d9c8cf0d755a57871	YES	13	OWNED_SOURCE_MEMBER	repository	backend	NO	UNASSIGNED	UNASSIGNED	UNASSIGNED	UNASSIGNED	UNASSIGNED	UNASSIGNED	UNASSIGNED	UNASSIGNED	UNASSIGNED	UNASSIGNED	Semantic read pending; inventory/provenance only
nabdah-backend.zip	src/modules/timeline/repositories/labbooking.repository.ts	e8c881989835a2cb11a5fb9cb647e1d6bf553a3d36b40013b5da7baaafe07cb5	e8c881989835a2cb11a5fb9cb647e1d6bf553a3d36b40013b5da7baaafe07cb5	YES	13	OWNED_SOURCE_MEMBER	repository	backend	NO	UNASSIGNED	UNASSIGNED	UNASSIGNED	UNASSIGNED	UNASSIGNED	UNASSIGNED	UNASSIGNED	UNASSIGNED	UNASSIGNED	UNASSIGNED	Semantic read pending; inventory/provenance only
nabdah-backend.zip	src/modules/timeline/repositories/prescription.repository.ts	707ff691b4c7b81154ce7f89856c26a92ef75205352c0dea160835be85acf441	707ff691b4c7b81154ce7f89856c26a92ef75205352c0dea160835be85acf441	YES	13	OWNED_SOURCE_MEMBER	repository	backend	NO	UNASSIGNED	UNASSIGNED	UNASSIGNED	UNASSIGNED	UNASSIGNED	UNASSIGNED	UNASSIGNED	UNASSIGNED	UNASSIGNED	UNASSIGNED	Semantic read pending; inventory/provenance only
nabdah-backend.zip	src/modules/timeline/repositories/customservicerequest.repository.ts	bf50ff16a188def9321385aaeca4b21a310403ab5eeb54014e0ef7360dd052a6	bf50ff16a188def9321385aaeca4b21a310403ab5eeb54014e0ef7360dd052a6	YES	13	OWNED_SOURCE_MEMBER	service	backend	NO	UNASSIGNED	UNASSIGNED	UNASSIGNED	UNASSIGNED	UNASSIGNED	UNASSIGNED	UNASSIGNED	UNASSIGNED	UNASSIGNED	UNASSIGNED	Semantic read pending; inventory/provenance only
nabdah-backend.zip	src/modules/timeline/repositories/medicalreport.repository.ts	a32c8b405709ef34a00981ca6282a533658816f33778593f5750b5decc55be07	a32c8b405709ef34a00981ca6282a533658816f33778593f5750b5decc55be07	YES	13	OWNED_SOURCE_MEMBER	repository	backend	NO	UNASSIGNED	UNASSIGNED	UNASSIGNED	UNASSIGNED	UNASSIGNED	UNASSIGNED	UNASSIGNED	UNASSIGNED	UNASSIGNED	UNASSIGNED	Semantic read pending; inventory/provenance only
nabdah-backend.zip	src/modules/timeline/repositories/labresult.repository.ts	819129c4841bb3d715abde98c21c8618fa2765e087c0c67a0edb9bea6e42c08f	819129c4841bb3d715abde98c21c8618fa2765e087c0c67a0edb9bea6e42c08f	YES	13	OWNED_SOURCE_MEMBER	repository	backend	NO	UNASSIGNED	UNASSIGNED	UNASSIGNED	UNASSIGNED	UNASSIGNED	UNASSIGNED	UNASSIGNED	UNASSIGNED	UNASSIGNED	UNASSIGNED	Semantic read pending; inventory/provenance only
nabdah-backend.zip	src/modules/timeline/repositories/vitalreading.repository.ts	e4fa24f76f201083c4d521be533d2699cf301836c3e9092512109b245519c68a	e4fa24f76f201083c4d521be533d2699cf301836c3e9092512109b245519c68a	YES	13	OWNED_SOURCE_MEMBER	repository	backend	NO	UNASSIGNED	UNASSIGNED	UNASSIGNED	UNASSIGNED	UNASSIGNED	UNASSIGNED	UNASSIGNED	UNASSIGNED	UNASSIGNED	UNASSIGNED	Semantic read pending; inventory/provenance only
nabdah-backend.zip	src/modules/timeline/repositories/radiologybooking.repository.ts	58c21524c05c0355fcea187c2f77110367644dd54f4ec1547cbb65e0216b1f35	58c21524c05c0355fcea187c2f77110367644dd54f4ec1547cbb65e0216b1f35	YES	13	OWNED_SOURCE_MEMBER	repository	backend	NO	UNASSIGNED	UNASSIGNED	UNASSIGNED	UNASSIGNED	UNASSIGNED	UNASSIGNED	UNASSIGNED	UNASSIGNED	UNASSIGNED	UNASSIGNED	Semantic read pending; inventory/provenance only
nabdah-backend.zip	src/modules/timeline/repositories/appointment.repository.ts	5399a26880ac80002aad4c40c94b2515d44df8b4eb14d07bcf39aea9dfb66371	5399a26880ac80002aad4c40c94b2515d44df8b4eb14d07bcf39aea9dfb66371	YES	13	OWNED_SOURCE_MEMBER	repository	backend	NO	UNASSIGNED	UNASSIGNED	UNASSIGNED	UNASSIGNED	UNASSIGNED	UNASSIGNED	UNASSIGNED	UNASSIGNED	UNASSIGNED	UNASSIGNED	Semantic read pending; inventory/provenance only
nabdah-backend.zip	src/modules/service-catalog/service-catalog.module.ts	b0179cd499b173bfb979f58b125bdd3684e04a8e2b5bcb92856593fbc6e92813	b0179cd499b173bfb979f58b125bdd3684e04a8e2b5bcb92856593fbc6e92813	YES	215	OWNED_SOURCE_MEMBER	service	backend	NO	UNASSIGNED	UNASSIGNED	UNASSIGNED	UNASSIGNED	UNASSIGNED	UNASSIGNED	UNASSIGNED	UNASSIGNED	UNASSIGNED	UNASSIGNED	Semantic read pending; inventory/provenance only
nabdah-backend.zip	src/modules/ai/ai.controller.ts	c43c0e332344164a8799ab7ee9dd5dbeb87d4901b60ae3a610605c96cec72dbd	c43c0e332344164a8799ab7ee9dd5dbeb87d4901b60ae3a610605c96cec72dbd	YES	168	OWNED_SOURCE_MEMBER	controller	backend	NO	UNASSIGNED	UNASSIGNED	UNASSIGNED	UNASSIGNED	UNASSIGNED	UNASSIGNED	UNASSIGNED	UNASSIGNED	UNASSIGNED	UNASSIGNED	Semantic read pending; inventory/provenance only
nabdah-backend.zip	src/modules/ai/ai.service.ts	632e318ed4b70ef61543bee5cb9610ca280c53705a50e2b96aed9dc455bbe356	632e318ed4b70ef61543bee5cb9610ca280c53705a50e2b96aed9dc455bbe356	YES	337	OWNED_SOURCE_MEMBER	service	backend	NO	UNASSIGNED	UNASSIGNED	UNASSIGNED	UNASSIGNED	UNASSIGNED	UNASSIGNED	UNASSIGNED	UNASSIGNED	UNASSIGNED	UNASSIGNED	Semantic read pending; inventory/provenance only
nabdah-backend.zip	src/modules/ai/ai-provider.service.ts	acc7e07ecd9a2c016882760852de38a4f7b3466a556147511c57c10457215458	acc7e07ecd9a2c016882760852de38a4f7b3466a556147511c57c10457215458	YES	250	OWNED_SOURCE_MEMBER	service	backend	NO	UNASSIGNED	UNASSIGNED	UNASSIGNED	UNASSIGNED	UNASSIGNED	UNASSIGNED	UNASSIGNED	UNASSIGNED	UNASSIGNED	UNASSIGNED	Semantic read pending; inventory/provenance only
nabdah-backend.zip	src/modules/ai/ai-gateway.service.ts	2fd37b31765d1a50f02702b7a8e78a92ddcbf98658f0bafffa23e19ef5250aed	2fd37b31765d1a50f02702b7a8e78a92ddcbf98658f0bafffa23e19ef5250aed	YES	286	OWNED_SOURCE_MEMBER	service	backend	NO	UNASSIGNED	UNASSIGNED	UNASSIGNED	UNASSIGNED	UNASSIGNED	UNASSIGNED	UNASSIGNED	UNASSIGNED	UNASSIGNED	UNASSIGNED	Semantic read pending; inventory/provenance only
nabdah-backend.zip	src/modules/ai/ai.admin-containment.spec.ts	0422fe01736077b407cbe60048358145ae3a3024b2fdf92e16cebe1e7c171840	0422fe01736077b407cbe60048358145ae3a3024b2fdf92e16cebe1e7c171840	YES	13	OWNED_SOURCE_MEMBER	test	backend	NO	UNASSIGNED	UNASSIGNED	UNASSIGNED	UNASSIGNED	UNASSIGNED	UNASSIGNED	UNASSIGNED	UNASSIGNED	UNASSIGNED	UNASSIGNED	Semantic read pending; inventory/provenance only
nabdah-backend.zip	src/modules/ai/ai.service.spec.ts	acc4af210c5f41dac401909ac49be75306d8e36629cbc9d44b16579fe4cb351b	acc4af210c5f41dac401909ac49be75306d8e36629cbc9d44b16579fe4cb351b	YES	60	OWNED_SOURCE_MEMBER	service	backend	NO	UNASSIGNED	UNASSIGNED	UNASSIGNED	UNASSIGNED	UNASSIGNED	UNASSIGNED	UNASSIGNED	UNASSIGNED	UNASSIGNED	UNASSIGNED	Semantic read pending; inventory/provenance only
nabdah-backend.zip	src/modules/ai/ai.module.ts	a442084c8900080fd36e78a4e6a5f6fb9db5c142950b364b73eb212ac5c90b45	a442084c8900080fd36e78a4e6a5f6fb9db5c142950b364b73eb212ac5c90b45	YES	10	OWNED_SOURCE_MEMBER	source/config	backend	NO	UNASSIGNED	UNASSIGNED	UNASSIGNED	UNASSIGNED	UNASSIGNED	UNASSIGNED	UNASSIGNED	UNASSIGNED	UNASSIGNED	UNASSIGNED	Semantic read pending; inventory/provenance only
nabdah-backend.zip	src/modules/ai/ai.service.excel.spec.ts	854f3c0ed9b576d0a7f31311151a5607a231f56c36d8e8a6ca23bc53a8477481	854f3c0ed9b576d0a7f31311151a5607a231f56c36d8e8a6ca23bc53a8477481	YES	22	OWNED_SOURCE_MEMBER	service	backend	NO	UNASSIGNED	UNASSIGNED	UNASSIGNED	UNASSIGNED	UNASSIGNED	UNASSIGNED	UNASSIGNED	UNASSIGNED	UNASSIGNED	UNASSIGNED	Semantic read pending; inventory/provenance only
nabdah-backend.zip	src/modules/patient-ux/patient-ux.service.spec.ts	0319b36fe3d78bfd9ec8ee4501349da392d3363f72982497dbb8189e35b47c4e	0319b36fe3d78bfd9ec8ee4501349da392d3363f72982497dbb8189e35b47c4e	YES	140	OWNED_SOURCE_MEMBER	service	backend	NO	UNASSIGNED	UNASSIGNED	UNASSIGNED	UNASSIGNED	UNASSIGNED	UNASSIGNED	UNASSIGNED	UNASSIGNED	UNASSIGNED	UNASSIGNED	Semantic read pending; inventory/provenance only
nabdah-backend.zip	src/modules/patient-ux/patient-ux.module.ts	d2e1ac0b7be7e5b93ea54141c51937e8aa8fa22242b8d7018566873338e3140a	d2e1ac0b7be7e5b93ea54141c51937e8aa8fa22242b8d7018566873338e3140a	YES	310	OWNED_SOURCE_MEMBER	source/config	backend	NO	UNASSIGNED	UNASSIGNED	UNASSIGNED	UNASSIGNED	UNASSIGNED	UNASSIGNED	UNASSIGNED	UNASSIGNED	UNASSIGNED	UNASSIGNED	Semantic read pending; inventory/provenance only
nabdah-backend.zip	src/modules/home/home.service.ts	4fea499311a0c52c0715f73d5326457915bcd9af0683dd4f1b07e3eeda0dcf7b	4fea499311a0c52c0715f73d5326457915bcd9af0683dd4f1b07e3eeda0dcf7b	YES	270	OWNED_SOURCE_MEMBER	service	backend	NO	UNASSIGNED	UNASSIGNED	UNASSIGNED	UNASSIGNED	UNASSIGNED	UNASSIGNED	UNASSIGNED	UNASSIGNED	UNASSIGNED	UNASSIGNED	Semantic read pending; inventory/provenance only
nabdah-backend.zip	src/modules/home/home.module.ts	820b691e273c49dda60cdbaafd9ac227e36cc1b48e1ae0b9eeaf8a24c1882e40	820b691e273c49dda60cdbaafd9ac227e36cc1b48e1ae0b9eeaf8a24c1882e40	YES	18	OWNED_SOURCE_MEMBER	source/config	backend	NO	UNASSIGNED	UNASSIGNED	UNASSIGNED	UNASSIGNED	UNASSIGNED	UNASSIGNED	UNASSIGNED	UNASSIGNED	UNASSIGNED	UNASSIGNED	Semantic read pending; inventory/provenance only
nabdah-backend.zip	src/modules/home/home.controller.ts	18285c7ffbf9dfc0e4e7e6236acd514fd789e45e747dfae82b5b7e9ac5570fad	18285c7ffbf9dfc0e4e7e6236acd514fd789e45e747dfae82b5b7e9ac5570fad	YES	24	OWNED_SOURCE_MEMBER	controller	backend	NO	UNASSIGNED	UNASSIGNED	UNASSIGNED	UNASSIGNED	UNASSIGNED	UNASSIGNED	UNASSIGNED	UNASSIGNED	UNASSIGNED	UNASSIGNED	Semantic read pending; inventory/provenance only
nabdah-backend.zip	src/modules/notifications/notifications.controller.ts	bc7eb7532401092f1e926c97328ac8c847bd5a6715449f5377c06285b9a32b7d	bc7eb7532401092f1e926c97328ac8c847bd5a6715449f5377c06285b9a32b7d	YES	66	OWNED_SOURCE_MEMBER	controller	backend	NO	UNASSIGNED	UNASSIGNED	UNASSIGNED	UNASSIGNED	UNASSIGNED	UNASSIGNED	UNASSIGNED	UNASSIGNED	UNASSIGNED	UNASSIGNED	Semantic read pending; inventory/provenance only
nabdah-backend.zip	src/modules/notifications/notifications.module.ts	8c2480109a498ddb4265e7c50450a539a8fb705152c5487a7b8f34ad6f003cf6	8c2480109a498ddb4265e7c50450a539a8fb705152c5487a7b8f34ad6f003cf6	YES	29	OWNED_SOURCE_MEMBER	source/config	backend	NO	UNASSIGNED	UNASSIGNED	UNASSIGNED	UNASSIGNED	UNASSIGNED	UNASSIGNED	UNASSIGNED	UNASSIGNED	UNASSIGNED	UNASSIGNED	Semantic read pending; inventory/provenance only
nabdah-backend.zip	src/modules/notifications/notifications.service.spec.ts	8fe8ef59fdd3a8e617041910046184257ddbce29f169999064aea67a3195741a	8fe8ef59fdd3a8e617041910046184257ddbce29f169999064aea67a3195741a	YES	28	OWNED_SOURCE_MEMBER	service	backend	NO	UNASSIGNED	UNASSIGNED	UNASSIGNED	UNASSIGNED	UNASSIGNED	UNASSIGNED	UNASSIGNED	UNASSIGNED	UNASSIGNED	UNASSIGNED	Semantic read pending; inventory/provenance only
nabdah-backend.zip	src/modules/notifications/notifications.service.ts	8a7e14c6f75dd4fe23965a5eb028ffba26be40c20d24dcca9d8ff985facefddb	8a7e14c6f75dd4fe23965a5eb028ffba26be40c20d24dcca9d8ff985facefddb	YES	852	OWNED_SOURCE_MEMBER	service	backend	NO	UNASSIGNED	UNASSIGNED	UNASSIGNED	UNASSIGNED	UNASSIGNED	UNASSIGNED	UNASSIGNED	UNASSIGNED	UNASSIGNED	UNASSIGNED	Semantic read pending; inventory/provenance only
nabdah-backend.zip	src/modules/notifications/notification-delivery.processor.ts	f9afc1afdcf0eb906efa4f748f05798aad75a36111a962e734fe1204334f7d5d	f9afc1afdcf0eb906efa4f748f05798aad75a36111a962e734fe1204334f7d5d	YES	26	OWNED_SOURCE_MEMBER	source/config	backend	NO	UNASSIGNED	UNASSIGNED	UNASSIGNED	UNASSIGNED	UNASSIGNED	UNASSIGNED	UNASSIGNED	UNASSIGNED	UNASSIGNED	UNASSIGNED	Semantic read pending; inventory/provenance only
nabdah-backend.zip	src/modules/notifications/repositories/notification.repository.ts	f6a9c2981c414df2493606d3af9474ef1928e0aba78554bbb1eb13c25ed21e5b	f6a9c2981c414df2493606d3af9474ef1928e0aba78554bbb1eb13c25ed21e5b	YES	13	OWNED_SOURCE_MEMBER	repository	backend	NO	UNASSIGNED	UNASSIGNED	UNASSIGNED	UNASSIGNED	UNASSIGNED	UNASSIGNED	UNASSIGNED	UNASSIGNED	UNASSIGNED	UNASSIGNED	Semantic read pending; inventory/provenance only
nabdah-backend.zip	src/modules/notifications/processors/mail.processor.ts	1a9ea408853c5c663d8c80ff5a512c82a9204ff8b83b3c612b1d899388606daf	1a9ea408853c5c663d8c80ff5a512c82a9204ff8b83b3c612b1d899388606daf	YES	19	OWNED_SOURCE_MEMBER	source/config	backend	NO	UNASSIGNED	UNASSIGNED	UNASSIGNED	UNASSIGNED	UNASSIGNED	UNASSIGNED	UNASSIGNED	UNASSIGNED	UNASSIGNED	UNASSIGNED	Semantic read pending; inventory/provenance only
nabdah-backend.zip	src/modules/referral/referral.service.ts	3782f85c43c51bb32b49e7369292f6186ea49f670f9b876173ac76890fd452e7	3782f85c43c51bb32b49e7369292f6186ea49f670f9b876173ac76890fd452e7	YES	149	OWNED_SOURCE_MEMBER	service	backend	NO	UNASSIGNED	UNASSIGNED	UNASSIGNED	UNASSIGNED	UNASSIGNED	UNASSIGNED	UNASSIGNED	UNASSIGNED	UNASSIGNED	UNASSIGNED	Semantic read pending; inventory/provenance only
nabdah-backend.zip	src/modules/referral/referral.module.ts	c0046c6a6c9bc767b459de4ec0c927c225295f6c919416d6e9e05a55a1c9c3bb	c0046c6a6c9bc767b459de4ec0c927c225295f6c919416d6e9e05a55a1c9c3bb	YES	10	OWNED_SOURCE_MEMBER	source/config	backend	NO	UNASSIGNED	UNASSIGNED	UNASSIGNED	UNASSIGNED	UNASSIGNED	UNASSIGNED	UNASSIGNED	UNASSIGNED	UNASSIGNED	UNASSIGNED	Semantic read pending; inventory/provenance only
nabdah-backend.zip	src/modules/referral/referral.controller.ts	3fc315044100f67e418edd51f5a083c1ee998aaa226e019bc6cde3c0395c167c	3fc315044100f67e418edd51f5a083c1ee998aaa226e019bc6cde3c0395c167c	YES	26	OWNED_SOURCE_MEMBER	controller	backend	NO	UNASSIGNED	UNASSIGNED	UNASSIGNED	UNASSIGNED	UNASSIGNED	UNASSIGNED	UNASSIGNED	UNASSIGNED	UNASSIGNED	UNASSIGNED	Semantic read pending; inventory/provenance only
nabdah-backend.zip	src/modules/auth/auth.service.spec.ts	5a99492d77379ce07f4fab1bedb0ee0bc34f267198f9db175265482dfb99db6f	5a99492d77379ce07f4fab1bedb0ee0bc34f267198f9db175265482dfb99db6f	YES	243	OWNED_SOURCE_MEMBER	service	backend	YES	audit-artifacts/phase0b-backend/semantic-evidence-auth-service-spec.md	Semantic read; Auth/ownership; State transitions; Price/payment/insurance source; Security/truthfulness observations	2-180,181-243	TEST: guest conversion, admin 2FA, OTP hash/TTL/consumption assertions	Mock AuthService testing module; user/patient models, Redis, JWT and event mocks	AuthService guest/2FA/OTP methods; HTTP integration coverage pending	Service-level guest/2FA/OTP tests; guest actor binding and HTTP ownership absent	Guest -> permanent; login -> 2FA -> tokens; OTP stored -> verified -> deleted	None visible	Existing mock suite read; cookie boundary, atomic merge, rate-limit, brute-force, Redis failure, refresh/social/device and owner isolation gaps documented	Full source member read completed from baseline archive bytes; second range closed truncation boundary; no tests executed or remediation performed
nabdah-backend.zip	src/modules/auth/auth.service.ts	0ac72c7f3e1f36ccb749f912ba8af611dcc6f189efeaf824e344d13bcfbf7a00	0ac72c7f3e1f36ccb749f912ba8af611dcc6f189efeaf824e344d13bcfbf7a00	YES	1028	OWNED_SOURCE_MEMBER	service	backend	YES	audit-artifacts/phase0b-backend/semantic-evidence-auth-service.md	Semantic read; Auth/ownership; State transitions; Security/truthfulness observations	2-350,316-700,618-1028	SERVICE: token/refresh/revoke, patient OTP/exchange, password reset/register/login/2FA/passkey, guest, social auth	User/PatientProfile repositories; Redis OTP/exchange/reset/session keys; social provider payloads	AuthController; passkey/device controllers; consumer traceability phase pending	Identifier/token scoped Redis flows; admin 2FA/passkey/trusted device; guest device identity; social email account linkage	OTP -> exchange -> session; refresh rotation/revocation; reset claim; guest convert/merge; admin second factor	NONE	Not executed; Redis failure, OTP/replay, refresh, reset, role, passkey/device, guest merge, social signature/fallback implications documented	Full source member read completed from baseline archive bytes; overlapping ranges re-read; no remediation performed
nabdah-backend.zip	src/modules/auth/device-trust.service.ts	81970784c26cac33bf9b7e7a7b222355ae2818576d955372fe3247160cc9d838	81970784c26cac33bf9b7e7a7b222355ae2818576d955372fe3247160cc9d838	YES	116	OWNED_SOURCE_MEMBER	service	backend	YES	audit-artifacts/phase0b-backend/semantic-evidence-device-trust-service.md	Semantic read; Auth/ownership; State transitions; Security/truthfulness observations	1-116	SERVICE: trusted-device issue/validate/list/revoke/heartbeat/online sessions	TrustedDevice model; Redis sessions:user registry; raw trust token input	AuthService; auth/passkey controllers; consumer traceability phase pending	User-scoped hashed token validation/revoke; assumes completed 2FA/admin context upstream	issued -> validated/heartbeat -> revoked; Redis online registry expires/prunes	NONE	Not executed; hash/token, binding, revoke, Redis error, stale pruning, collision, metadata and TTL implications documented	Full source member read completed from baseline archive bytes; no remediation performed
nabdah-backend.zip	src/modules/auth/patient-web-auth.contract.spec.ts	6359f800e525b14457f63f321c78a2ab38b7eddba1af47711ab8be0bba31daff	6359f800e525b14457f63f321c78a2ab38b7eddba1af47711ab8be0bba31daff	YES	148	OWNED_SOURCE_MEMBER	test	backend	YES	audit-artifacts/phase0b-backend/semantic-evidence-patient-web-auth-contract-spec.md	Semantic read; Auth/ownership; State transitions; Price/payment/insurance source; Security/truthfulness observations	1-148	TEST: patient web auth Contract V1 registration/OTP/exchange/refresh/consent assertions	AuthService contract test harness; Redis/user/patient/JWT mocks; registration/OTP/exchange DTO expectations	AuthService/AuthController contract boundary; integration coverage pending	Patient auth semantics; no resource owner/stranger authorization coverage	Register -> OTP pending -> exchange token -> one-time session claim; expired OTP -> Gone	None visible	Existing mock contract read; integration cookie, rate-limit, wrong-code, Redis-failure, device/social/password and owner isolation tests absent/documented	Full source member read completed from baseline archive bytes; no tests executed or remediation performed
nabdah-backend.zip	src/modules/auth/auth.module.ts	29184afa0506114cde0dc26a5d71beed848236c797833ccc15426036716d6a6d	29184afa0506114cde0dc26a5d71beed848236c797833ccc15426036716d6a6d	YES	48	OWNED_SOURCE_MEMBER	source/config	backend	YES	audit-artifacts/phase0b-backend/semantic-evidence-auth-module.md	Semantic read; Auth/ownership; Security/truthfulness observations	1-48	MODULE WIRING: AuthController/PasskeyController; global JWT/guard; schema/repository providers	User/PatientProfile/ProviderProfile/PasskeyCredential/TrustedDevice schemas; repositories	Global AuthModule consumers; consumer traceability phase pending	Global JWT module/guard; shared auth/passkey/device services; repository/schema wiring	Startup fail-closed without JWT_SECRET or short production secret; otherwise auth services available	NONE	Not executed; startup secret/expiry/wiring/global guard consistency implications documented	Full source member read completed from baseline archive bytes; no remediation performed
nabdah-backend.zip	src/modules/auth/auth.controller.ts	1d22f59a807bc936f8887315d357b09665e679589c9f0eb8e43632673b40c67b	1d22f59a807bc936f8887315d357b09665e679589c9f0eb8e43632673b40c67b	YES	307	OWNED_SOURCE_MEMBER	controller	backend	YES	audit-artifacts/phase0b-backend/semantic-evidence-auth-controller.md	Semantic read; Contract/state/consumer implications	1-308	1-307; 81-305	RegisterDto, LoginDto, GuestDto, PatientOtpRequestDto, PatientOtpVerifyDto, PatientSessionExchangeDto, password DTOs, ConvertGuestDto	Not yet reconciled; consumer traceability phase pending	JWT guard by default; Public OTP/session/login/legacy routes; CurrentUser on owned admin resources	OTP request -> verify -> exchange cookie; login/2FA -> admin cookie; reset/guest conversion transitions	NONE	Not executed; acceptance implications documented	Full source member read completed from baseline archive bytes; findings are observational only
nabdah-backend.zip	src/modules/auth/passkey.controller.ts	78332dea9a289ad68513ecb99b2084679248cb633143ad05d8b7d94cc5923a72	78332dea9a289ad68513ecb99b2084679248cb633143ad05d8b7d94cc5923a72	YES	72	OWNED_SOURCE_MEMBER	controller	backend	YES	audit-artifacts/phase0b-backend/semantic-evidence-passkey-controller.md	Semantic read; Auth/ownership; Security/truthfulness observations	1-72	19-70: enrollment options/verify, devices list/remove, public passkey login verify	Inline enrollment/login bodies; WebAuthn response payloads; trusted/admin cookies	AuthService; PasskeyService; consumer traceability phase pending	JWT management guard; designated-admin/service checks; public assertion delegates AuthService	enrollment -> credential; assertion -> AuthService session/trusted-device cookies	NONE	Not executed; auth, throttle, replay, cookie flags/lifetime, response token and proxy-IP implications documented	Full source member read completed from baseline archive bytes; no remediation performed
nabdah-backend.zip	src/modules/auth/passkey.service.ts	c9c0aad1281f4b65607e9eeff20351a5d9f42621360244b625e27466d7c3ac30	c9c0aad1281f4b65607e9eeff20351a5d9f42621360244b625e27466d7c3ac30	YES	224	OWNED_SOURCE_MEMBER	service	backend	YES	audit-artifacts/phase0b-backend/semantic-evidence-passkey-service.md	Semantic read; Auth/ownership; State transitions; Security/truthfulness observations	1-224	SERVICE: passkey enrollment/list/remove/login challenge/assertion; Redis challenge storage	PasskeyCredential/User models; WebAuthn registration/authentication payloads; Redis challenges	AuthService; PasskeyController; consumer traceability phase pending	Designated admin fresh DB check; credential ownership via credential record; required user verification	enrollment challenge -> credential; login challenge -> assertion -> counter update/session	NONE	Not executed; admin gate, challenge replay, RP/origin, WebAuthn counter, duplicate/last credential and Redis failure implications documented	Full source member read completed from baseline archive bytes; no remediation performed
nabdah-backend.zip	src/modules/auth/schemas/passkey-credential.schema.ts	6aa12874841650e1884deb629c508f5742fd13c9bb9f3aac55411238d69443ae	6aa12874841650e1884deb629c508f5742fd13c9bb9f3aac55411238d69443ae	YES	35	OWNED_SOURCE_MEMBER	schema	backend	NO	UNASSIGNED	UNASSIGNED	UNASSIGNED	UNASSIGNED	UNASSIGNED	UNASSIGNED	UNASSIGNED	UNASSIGNED	UNASSIGNED	UNASSIGNED	Semantic read pending; inventory/provenance only
nabdah-backend.zip	src/modules/auth/schemas/trusted-device.schema.ts	258c9c9abff5b16d9e4597711863bf287ae033d006112509d483dc0fa7042894	258c9c9abff5b16d9e4597711863bf287ae033d006112509d483dc0fa7042894	YES	28	OWNED_SOURCE_MEMBER	schema	backend	NO	UNASSIGNED	UNASSIGNED	UNASSIGNED	UNASSIGNED	UNASSIGNED	UNASSIGNED	UNASSIGNED	UNASSIGNED	UNASSIGNED	UNASSIGNED	Semantic read pending; inventory/provenance only
nabdah-backend.zip	src/modules/auth/repositories/user.repository.ts	810663ec29e799517a445a91b1f0910bc5897c86ff1bea728b30feda1d5f6ca7	810663ec29e799517a445a91b1f0910bc5897c86ff1bea728b30feda1d5f6ca7	YES	13	OWNED_SOURCE_MEMBER	repository	backend	NO	UNASSIGNED	UNASSIGNED	UNASSIGNED	UNASSIGNED	UNASSIGNED	UNASSIGNED	UNASSIGNED	UNASSIGNED	UNASSIGNED	UNASSIGNED	Semantic read pending; inventory/provenance only
nabdah-backend.zip	src/modules/auth/repositories/patientprofile.repository.ts	5860ac653f59f200f1a8f32df8f1589b67ddbeabecf3fb9f13ae954d52cf8a9b	5860ac653f59f200f1a8f32df8f1589b67ddbeabecf3fb9f13ae954d52cf8a9b	YES	13	OWNED_SOURCE_MEMBER	repository	backend	NO	UNASSIGNED	UNASSIGNED	UNASSIGNED	UNASSIGNED	UNASSIGNED	UNASSIGNED	UNASSIGNED	UNASSIGNED	UNASSIGNED	UNASSIGNED	Semantic read pending; inventory/provenance only
nabdah-backend.zip	src/modules/api-security/api-security.module.ts	444b10bc1644abf9bf66bee67d1762c6681a9fa5cf4b58c5f4288e37550cc105	444b10bc1644abf9bf66bee67d1762c6681a9fa5cf4b58c5f4288e37550cc105	YES	226	OWNED_SOURCE_MEMBER	source/config	backend	NO	UNASSIGNED	UNASSIGNED	UNASSIGNED	UNASSIGNED	UNASSIGNED	UNASSIGNED	UNASSIGNED	UNASSIGNED	UNASSIGNED	UNASSIGNED	Semantic read pending; inventory/provenance only
nabdah-backend.zip	src/modules/moyasar/moyasar.service.ts	5f4492133ecd5c6040776095481731358feae6a70cd4bbc26a584dc6e791c2e6	5f4492133ecd5c6040776095481731358feae6a70cd4bbc26a584dc6e791c2e6	YES	3	OWNED_SOURCE_MEMBER	service	backend	NO	UNASSIGNED	UNASSIGNED	UNASSIGNED	UNASSIGNED	UNASSIGNED	UNASSIGNED	UNASSIGNED	UNASSIGNED	UNASSIGNED	UNASSIGNED	Semantic read pending; inventory/provenance only
nabdah-backend.zip	src/modules/moyasar/moyasar.module.ts	837b7973da7b6f784af477c6e5fc39bce7d1389d444ba6a6f8b3be9a309965e0	837b7973da7b6f784af477c6e5fc39bce7d1389d444ba6a6f8b3be9a309965e0	YES	475	OWNED_SOURCE_MEMBER	source/config	backend	NO	UNASSIGNED	UNASSIGNED	UNASSIGNED	UNASSIGNED	UNASSIGNED	UNASSIGNED	UNASSIGNED	UNASSIGNED	UNASSIGNED	UNASSIGNED	Semantic read pending; inventory/provenance only
nabdah-backend.zip	src/modules/i18n/i18n.module.ts	d327039c1280e4d02c4350ee608653f2e7477cbb55081dc4d5f83e4b70a3342b	d327039c1280e4d02c4350ee608653f2e7477cbb55081dc4d5f83e4b70a3342b	YES	11	OWNED_SOURCE_MEMBER	source/config	backend	NO	UNASSIGNED	UNASSIGNED	UNASSIGNED	UNASSIGNED	UNASSIGNED	UNASSIGNED	UNASSIGNED	UNASSIGNED	UNASSIGNED	UNASSIGNED	Semantic read pending; inventory/provenance only
nabdah-backend.zip	src/modules/i18n/i18n.controller.ts	c4d64f61bf5f42068a52630f43fb91c6623639100ce57bbdb93bddfbc7896a29	c4d64f61bf5f42068a52630f43fb91c6623639100ce57bbdb93bddfbc7896a29	YES	23	OWNED_SOURCE_MEMBER	controller	backend	NO	UNASSIGNED	UNASSIGNED	UNASSIGNED	UNASSIGNED	UNASSIGNED	UNASSIGNED	UNASSIGNED	UNASSIGNED	UNASSIGNED	UNASSIGNED	Semantic read pending; inventory/provenance only
nabdah-backend.zip	src/modules/i18n/i18n.service.ts	0a9f4380a5628006576c214b48da0ca2509061a6bc5c61b77510056430ed4549	0a9f4380a5628006576c214b48da0ca2509061a6bc5c61b77510056430ed4549	YES	743	OWNED_SOURCE_MEMBER	service	backend	NO	UNASSIGNED	UNASSIGNED	UNASSIGNED	UNASSIGNED	UNASSIGNED	UNASSIGNED	UNASSIGNED	UNASSIGNED	UNASSIGNED	UNASSIGNED	Semantic read pending; inventory/provenance only
nabdah-backend.zip	src/modules/export/export.module.ts	5fa4a13fa09465ba26ea3851755a05d91733548aa065a86eb9ed7f4827ca05a9	5fa4a13fa09465ba26ea3851755a05d91733548aa065a86eb9ed7f4827ca05a9	YES	10	OWNED_SOURCE_MEMBER	source/config	backend	NO	UNASSIGNED	UNASSIGNED	UNASSIGNED	UNASSIGNED	UNASSIGNED	UNASSIGNED	UNASSIGNED	UNASSIGNED	UNASSIGNED	UNASSIGNED	Semantic read pending; inventory/provenance only
nabdah-backend.zip	src/modules/export/export.controller.ts	cb86f9228ccc3e6f8b1de6a97e54a229274f8ae66b37457245e23bce4f3f9795	cb86f9228ccc3e6f8b1de6a97e54a229274f8ae66b37457245e23bce4f3f9795	YES	48	OWNED_SOURCE_MEMBER	controller	backend	NO	UNASSIGNED	UNASSIGNED	UNASSIGNED	UNASSIGNED	UNASSIGNED	UNASSIGNED	UNASSIGNED	UNASSIGNED	UNASSIGNED	UNASSIGNED	Semantic read pending; inventory/provenance only
nabdah-backend.zip	src/modules/export/export.service.ts	a645e4bda8c3aef8b22534994a1ea97f1a6776af7b202e0442cf66e9e6ee28a4	a645e4bda8c3aef8b22534994a1ea97f1a6776af7b202e0442cf66e9e6ee28a4	YES	64	OWNED_SOURCE_MEMBER	service	backend	NO	UNASSIGNED	UNASSIGNED	UNASSIGNED	UNASSIGNED	UNASSIGNED	UNASSIGNED	UNASSIGNED	UNASSIGNED	UNASSIGNED	UNASSIGNED	Semantic read pending; inventory/provenance only
nabdah-backend.zip	src/modules/realtime/realtime.sse.ts	c121fae4245aaebfcf7b0c81a8e32ac31159195151b7864bd2bfc114159f6901	c121fae4245aaebfcf7b0c81a8e32ac31159195151b7864bd2bfc114159f6901	YES	41	OWNED_SOURCE_MEMBER	source/config	backend	NO	UNASSIGNED	UNASSIGNED	UNASSIGNED	UNASSIGNED	UNASSIGNED	UNASSIGNED	UNASSIGNED	UNASSIGNED	UNASSIGNED	UNASSIGNED	Semantic read pending; inventory/provenance only
nabdah-backend.zip	src/modules/realtime/realtime.service.ts	3d61bd67770f2a0d0d4766d1fd5c68c4ec16ee1c59fa611da7d1b9b36d34e378	3d61bd67770f2a0d0d4766d1fd5c68c4ec16ee1c59fa611da7d1b9b36d34e378	YES	71	OWNED_SOURCE_MEMBER	service	backend	NO	UNASSIGNED	UNASSIGNED	UNASSIGNED	UNASSIGNED	UNASSIGNED	UNASSIGNED	UNASSIGNED	UNASSIGNED	UNASSIGNED	UNASSIGNED	Semantic read pending; inventory/provenance only
nabdah-backend.zip	src/modules/realtime/realtime.gateway.ts	3358ba2f59af7699361d2b15775dec23aed687e5098f10d9fc6f1c87023cb1cf	3358ba2f59af7699361d2b15775dec23aed687e5098f10d9fc6f1c87023cb1cf	YES	507	OWNED_SOURCE_MEMBER	gateway	backend	NO	UNASSIGNED	UNASSIGNED	UNASSIGNED	UNASSIGNED	UNASSIGNED	UNASSIGNED	UNASSIGNED	UNASSIGNED	UNASSIGNED	UNASSIGNED	Semantic read pending; inventory/provenance only
nabdah-backend.zip	src/modules/realtime/realtime.gateway.authorization.spec.ts	504859c7a3e6e7c29dc6c168878b2dcd81a90f2d0002d4234b284f3769fa4e3f	504859c7a3e6e7c29dc6c168878b2dcd81a90f2d0002d4234b284f3769fa4e3f	YES	72	OWNED_SOURCE_MEMBER	test	backend	NO	UNASSIGNED	UNASSIGNED	UNASSIGNED	UNASSIGNED	UNASSIGNED	UNASSIGNED	UNASSIGNED	UNASSIGNED	UNASSIGNED	UNASSIGNED	Semantic read pending; inventory/provenance only
nabdah-backend.zip	src/modules/realtime/realtime.module.ts	e37b71d19203f4fd8a6ddf484ad0f10524feabf6176bee12e117adaf67485211	e37b71d19203f4fd8a6ddf484ad0f10524feabf6176bee12e117adaf67485211	YES	22	OWNED_SOURCE_MEMBER	source/config	backend	NO	UNASSIGNED	UNASSIGNED	UNASSIGNED	UNASSIGNED	UNASSIGNED	UNASSIGNED	UNASSIGNED	UNASSIGNED	UNASSIGNED	UNASSIGNED	Semantic read pending; inventory/provenance only
nabdah-backend.zip	src/modules/medical-profile/medical-profile.service.ts	6af39c4905ed73f748b5c1ecb891330f6b435df388ecdfc4bb9691eb107ffcdd	6af39c4905ed73f748b5c1ecb891330f6b435df388ecdfc4bb9691eb107ffcdd	YES	58	OWNED_SOURCE_MEMBER	service	backend	NO	UNASSIGNED	UNASSIGNED	UNASSIGNED	UNASSIGNED	UNASSIGNED	UNASSIGNED	UNASSIGNED	UNASSIGNED	UNASSIGNED	UNASSIGNED	Semantic read pending; inventory/provenance only
nabdah-backend.zip	src/modules/medical-profile/medical-profile.module.ts	b09164808af4cb944effbc93ccda53ffc08db397baf7c0b0be2e2f2879d55750	b09164808af4cb944effbc93ccda53ffc08db397baf7c0b0be2e2f2879d55750	YES	16	OWNED_SOURCE_MEMBER	source/config	backend	NO	UNASSIGNED	UNASSIGNED	UNASSIGNED	UNASSIGNED	UNASSIGNED	UNASSIGNED	UNASSIGNED	UNASSIGNED	UNASSIGNED	UNASSIGNED	Semantic read pending; inventory/provenance only
nabdah-backend.zip	src/modules/medical-profile/medical-profile.controller.ts	420c4d574c134ba7ccfcdc979e1d235b7f4eb43885e3c85be3fc527622a683fc	420c4d574c134ba7ccfcdc979e1d235b7f4eb43885e3c85be3fc527622a683fc	YES	36	OWNED_SOURCE_MEMBER	controller	backend	NO	UNASSIGNED	UNASSIGNED	UNASSIGNED	UNASSIGNED	UNASSIGNED	UNASSIGNED	UNASSIGNED	UNASSIGNED	UNASSIGNED	UNASSIGNED	Semantic read pending; inventory/provenance only
nabdah-backend.zip	src/modules/medical-profile/repositories/medicalprofile.repository.ts	1833e0bcc6c04f49805c080ca88c77f84c31b94baac933a9e996b036509b45b2	1833e0bcc6c04f49805c080ca88c77f84c31b94baac933a9e996b036509b45b2	YES	13	OWNED_SOURCE_MEMBER	repository	backend	NO	UNASSIGNED	UNASSIGNED	UNASSIGNED	UNASSIGNED	UNASSIGNED	UNASSIGNED	UNASSIGNED	UNASSIGNED	UNASSIGNED	UNASSIGNED	Semantic read pending; inventory/provenance only
nabdah-backend.zip	src/modules/ocr/ocr.service.ts	5942d3932679479d2e56d73bc78afb7fefcc850a4199fa257acd776b917f6da6	5942d3932679479d2e56d73bc78afb7fefcc850a4199fa257acd776b917f6da6	YES	35	OWNED_SOURCE_MEMBER	service	backend	NO	UNASSIGNED	UNASSIGNED	UNASSIGNED	UNASSIGNED	UNASSIGNED	UNASSIGNED	UNASSIGNED	UNASSIGNED	UNASSIGNED	UNASSIGNED	Semantic read pending; inventory/provenance only
nabdah-backend.zip	src/modules/tour/tour.module.ts	908d6cd0575fecf3ff9b194cffbb2716e801fd146a382f5e6313b615a22ea582	908d6cd0575fecf3ff9b194cffbb2716e801fd146a382f5e6313b615a22ea582	YES	14	OWNED_SOURCE_MEMBER	source/config	backend	NO	UNASSIGNED	UNASSIGNED	UNASSIGNED	UNASSIGNED	UNASSIGNED	UNASSIGNED	UNASSIGNED	UNASSIGNED	UNASSIGNED	UNASSIGNED	Semantic read pending; inventory/provenance only
nabdah-backend.zip	src/modules/tour/tour.controller.ts	6420607aae8068829925fabaa24705f086a4458762fb09a71fdb74161d395a46	6420607aae8068829925fabaa24705f086a4458762fb09a71fdb74161d395a46	YES	19	OWNED_SOURCE_MEMBER	controller	backend	NO	UNASSIGNED	UNASSIGNED	UNASSIGNED	UNASSIGNED	UNASSIGNED	UNASSIGNED	UNASSIGNED	UNASSIGNED	UNASSIGNED	UNASSIGNED	Semantic read pending; inventory/provenance only
nabdah-backend.zip	src/modules/tour/tour.service.ts	39bb4232a077ab6fccf80cfaf9f73809623f7512ae8bc138a154ffae9a751390	39bb4232a077ab6fccf80cfaf9f73809623f7512ae8bc138a154ffae9a751390	YES	23	OWNED_SOURCE_MEMBER	service	backend	NO	UNASSIGNED	UNASSIGNED	UNASSIGNED	UNASSIGNED	UNASSIGNED	UNASSIGNED	UNASSIGNED	UNASSIGNED	UNASSIGNED	UNASSIGNED	Semantic read pending; inventory/provenance only
nabdah-backend.zip	src/modules/recruitment/recruitment.module.ts	b9ae4faaa2ffae38a0348189d23bd894b15bebdb0a4987177e0305198ca562d8	b9ae4faaa2ffae38a0348189d23bd894b15bebdb0a4987177e0305198ca562d8	YES	299	OWNED_SOURCE_MEMBER	source/config	backend	NO	UNASSIGNED	UNASSIGNED	UNASSIGNED	UNASSIGNED	UNASSIGNED	UNASSIGNED	UNASSIGNED	UNASSIGNED	UNASSIGNED	UNASSIGNED	Semantic read pending; inventory/provenance only
nabdah-backend.zip	src/modules/recruitment/recruitment.service.spec.ts	36074e6b04a446cfd8ed3a18c6466abbcc5a77ed627488dc899d44bdcc8c5196	36074e6b04a446cfd8ed3a18c6466abbcc5a77ed627488dc899d44bdcc8c5196	YES	156	OWNED_SOURCE_MEMBER	service	backend	NO	UNASSIGNED	UNASSIGNED	UNASSIGNED	UNASSIGNED	UNASSIGNED	UNASSIGNED	UNASSIGNED	UNASSIGNED	UNASSIGNED	UNASSIGNED	Semantic read pending; inventory/provenance only
nabdah-backend.zip	src/modules/finance-engine/finance-engine.module.ts	ab7da8cf00b587fc715fa87357487be70d6862c96984174f1cd11de43a74c5b6	ab7da8cf00b587fc715fa87357487be70d6862c96984174f1cd11de43a74c5b6	YES	1023	OWNED_SOURCE_MEMBER	source/config	backend	NO	UNASSIGNED	UNASSIGNED	UNASSIGNED	UNASSIGNED	UNASSIGNED	UNASSIGNED	UNASSIGNED	UNASSIGNED	UNASSIGNED	UNASSIGNED	Semantic read pending; inventory/provenance only
nabdah-backend.zip	src/modules/operations-safety/operations-safety.module.ts	860706096cee7ed802ba73f8896b43152cc0c71129623166e6052ca6711bb097	860706096cee7ed802ba73f8896b43152cc0c71129623166e6052ca6711bb097	YES	166	OWNED_SOURCE_MEMBER	source/config	backend	NO	UNASSIGNED	UNASSIGNED	UNASSIGNED	UNASSIGNED	UNASSIGNED	UNASSIGNED	UNASSIGNED	UNASSIGNED	UNASSIGNED	UNASSIGNED	Semantic read pending; inventory/provenance only
nabdah-backend.zip	src/modules/health/health.service.spec.ts	900d80fd74e0a902aa3ad1a85120bdcbe73ce2785586cf58fbbe63b48da13417	900d80fd74e0a902aa3ad1a85120bdcbe73ce2785586cf58fbbe63b48da13417	YES	170	OWNED_SOURCE_MEMBER	service	backend	NO	UNASSIGNED	UNASSIGNED	UNASSIGNED	UNASSIGNED	UNASSIGNED	UNASSIGNED	UNASSIGNED	UNASSIGNED	UNASSIGNED	UNASSIGNED	Semantic read pending; inventory/provenance only
nabdah-backend.zip	src/modules/health/health.controller.ts	b6a0badcba36bcd6e79d90fa23ee9afeddd03a2d9cea93ec270dcbb5390b51ec	b6a0badcba36bcd6e79d90fa23ee9afeddd03a2d9cea93ec270dcbb5390b51ec	YES	140	OWNED_SOURCE_MEMBER	controller	backend	YES	audit-artifacts/phase0b-backend/semantic-evidence-health-controller.md	Semantic read; Auth/ownership; Idempotency/security observations; Test implications	1-140	14-139: vitals/reminders/wearables/refill/sleep/medical-profile routes	Mostly inline any bodies; query type/limit/active; path IDs	Not yet reconciled; consumer traceability phase pending	Controller-level JwtAuthGuard; CurrentUser delegated to HealthService	vitals CRUD; reminder lifecycle/refill; medication refill; sleep; emergency contacts; wearables unsupported	NONE	Not executed; owner/stranger, replay, unsupported, query bounds and validation implications documented	Full source member read completed from baseline archive bytes; no remediation performed
nabdah-backend.zip	src/modules/health/health.module.ts	f4d0a8dc10da52680083316c376e8d00e5fe6774b45aef7b347654f10a3de157	f4d0a8dc10da52680083316c376e8d00e5fe6774b45aef7b347654f10a3de157	YES	22	OWNED_SOURCE_MEMBER	source/config	backend	NO	UNASSIGNED	UNASSIGNED	UNASSIGNED	UNASSIGNED	UNASSIGNED	UNASSIGNED	UNASSIGNED	UNASSIGNED	UNASSIGNED	UNASSIGNED	Semantic read pending; inventory/provenance only
nabdah-backend.zip	src/modules/health/health.service.ts	ba5a170df8428ee865f1f76e9b228ec3b7b5fa8a767f146e008f270b8ee879ea	ba5a170df8428ee865f1f76e9b228ec3b7b5fa8a767f146e008f270b8ee879ea	YES	798	OWNED_SOURCE_MEMBER	service	backend	NO	UNASSIGNED	UNASSIGNED	UNASSIGNED	UNASSIGNED	UNASSIGNED	UNASSIGNED	UNASSIGNED	UNASSIGNED	UNASSIGNED	UNASSIGNED	Semantic read pending; inventory/provenance only
nabdah-backend.zip	src/modules/health/health-dashboard.controller.ts	472d9477cd9ebfb4016a4ae4c190d1886a238b911864accf20dc45b9e0dd2067	472d9477cd9ebfb4016a4ae4c190d1886a238b911864accf20dc45b9e0dd2067	YES	133	OWNED_SOURCE_MEMBER	controller	backend	NO	UNASSIGNED	UNASSIGNED	UNASSIGNED	UNASSIGNED	UNASSIGNED	UNASSIGNED	UNASSIGNED	UNASSIGNED	UNASSIGNED	UNASSIGNED	Semantic read pending; inventory/provenance only
nabdah-backend.zip	src/modules/health/repositories/medicationreminder.repository.ts	6a485cf0e83b88f559b63ae4e75a57b92f9c401ee16c2106bd064804e68eff75	6a485cf0e83b88f559b63ae4e75a57b92f9c401ee16c2106bd064804e68eff75	YES	13	OWNED_SOURCE_MEMBER	repository	backend	NO	UNASSIGNED	UNASSIGNED	UNASSIGNED	UNASSIGNED	UNASSIGNED	UNASSIGNED	UNASSIGNED	UNASSIGNED	UNASSIGNED	UNASSIGNED	Semantic read pending; inventory/provenance only
nabdah-backend.zip	src/modules/health/repositories/sleepreading.repository.ts	8b1d3794e2ca4cfb182be485f57215b2fb8a6775a89550844c5eda21badc325a	8b1d3794e2ca4cfb182be485f57215b2fb8a6775a89550844c5eda21badc325a	YES	13	OWNED_SOURCE_MEMBER	repository	backend	NO	UNASSIGNED	UNASSIGNED	UNASSIGNED	UNASSIGNED	UNASSIGNED	UNASSIGNED	UNASSIGNED	UNASSIGNED	UNASSIGNED	UNASSIGNED	Semantic read pending; inventory/provenance only
nabdah-backend.zip	src/modules/health/repositories/vitalreading.repository.ts	20c179bc71293c8890c86e3d4c070e3e446372f7aca69dff3e0d6a0f89dc1f09	20c179bc71293c8890c86e3d4c070e3e446372f7aca69dff3e0d6a0f89dc1f09	YES	13	OWNED_SOURCE_MEMBER	repository	backend	NO	UNASSIGNED	UNASSIGNED	UNASSIGNED	UNASSIGNED	UNASSIGNED	UNASSIGNED	UNASSIGNED	UNASSIGNED	UNASSIGNED	UNASSIGNED	Semantic read pending; inventory/provenance only
nabdah-backend.zip	src/modules/mental-health/mental-health.service.spec.ts	582e32b8d6f8ec9984d4bb06fdcefe66ab18ddb456fb82a52bf31985d45b3e6c	582e32b8d6f8ec9984d4bb06fdcefe66ab18ddb456fb82a52bf31985d45b3e6c	YES	96	OWNED_SOURCE_MEMBER	service	backend	NO	UNASSIGNED	UNASSIGNED	UNASSIGNED	UNASSIGNED	UNASSIGNED	UNASSIGNED	UNASSIGNED	UNASSIGNED	UNASSIGNED	UNASSIGNED	Semantic read pending; inventory/provenance only
nabdah-backend.zip	src/modules/mental-health/mental-health.service.ts	1d1156642f06bf01b098422ae1277e40b41fc4090c3584258b7a0658680d7a5c	1d1156642f06bf01b098422ae1277e40b41fc4090c3584258b7a0658680d7a5c	YES	251	OWNED_SOURCE_MEMBER	service	backend	NO	UNASSIGNED	UNASSIGNED	UNASSIGNED	UNASSIGNED	UNASSIGNED	UNASSIGNED	UNASSIGNED	UNASSIGNED	UNASSIGNED	UNASSIGNED	Semantic read pending; inventory/provenance only
nabdah-backend.zip	src/modules/mental-health/mental-health.controller.ts	dd190dff9767c5c62c9fa8df61840dd132cc7d65cb287171e8770c12af29eef8	dd190dff9767c5c62c9fa8df61840dd132cc7d65cb287171e8770c12af29eef8	YES	95	OWNED_SOURCE_MEMBER	controller	backend	NO	UNASSIGNED	UNASSIGNED	UNASSIGNED	UNASSIGNED	UNASSIGNED	UNASSIGNED	UNASSIGNED	UNASSIGNED	UNASSIGNED	UNASSIGNED	Semantic read pending; inventory/provenance only
nabdah-backend.zip	src/modules/mental-health/mental-health.module.ts	4992e635c15a607a911b5dce432a98a371d77752d876d7a85cf627ad24530bb9	4992e635c15a607a911b5dce432a98a371d77752d876d7a85cf627ad24530bb9	YES	35	OWNED_SOURCE_MEMBER	source/config	backend	NO	UNASSIGNED	UNASSIGNED	UNASSIGNED	UNASSIGNED	UNASSIGNED	UNASSIGNED	UNASSIGNED	UNASSIGNED	UNASSIGNED	UNASSIGNED	Semantic read pending; inventory/provenance only
nabdah-backend.zip	src/modules/mental-health/repositories/moodentry.repository.ts	c46ffdd3747e55f9080e5cf0690ecac33f280a93037473564926bad2bc6b516a	c46ffdd3747e55f9080e5cf0690ecac33f280a93037473564926bad2bc6b516a	YES	13	OWNED_SOURCE_MEMBER	repository	backend	NO	UNASSIGNED	UNASSIGNED	UNASSIGNED	UNASSIGNED	UNASSIGNED	UNASSIGNED	UNASSIGNED	UNASSIGNED	UNASSIGNED	UNASSIGNED	Semantic read pending; inventory/provenance only
nabdah-backend.zip	src/modules/mental-health/repositories/meditationsession.repository.ts	ed45694e4f3687d26ccf08c1c2f0b21b9b606faeb22afa7d6708fc74fad98081	ed45694e4f3687d26ccf08c1c2f0b21b9b606faeb22afa7d6708fc74fad98081	YES	13	OWNED_SOURCE_MEMBER	repository	backend	NO	UNASSIGNED	UNASSIGNED	UNASSIGNED	UNASSIGNED	UNASSIGNED	UNASSIGNED	UNASSIGNED	UNASSIGNED	UNASSIGNED	UNASSIGNED	Semantic read pending; inventory/provenance only
nabdah-backend.zip	src/modules/mental-health/repositories/breathingsession.repository.ts	c4f54f3ac7e67549166241f1b8d6fca3edc4a2e65f02b1a3010f67835406a7d6	c4f54f3ac7e67549166241f1b8d6fca3edc4a2e65f02b1a3010f67835406a7d6	YES	13	OWNED_SOURCE_MEMBER	repository	backend	NO	UNASSIGNED	UNASSIGNED	UNASSIGNED	UNASSIGNED	UNASSIGNED	UNASSIGNED	UNASSIGNED	UNASSIGNED	UNASSIGNED	UNASSIGNED	Semantic read pending; inventory/provenance only
nabdah-backend.zip	src/modules/mental-health/repositories/crisiscontact.repository.ts	89baea82a660bba4468710270584a9bba63569e78d7ff6d2a04f4d34d13c7129	89baea82a660bba4468710270584a9bba63569e78d7ff6d2a04f4d34d13c7129	YES	13	OWNED_SOURCE_MEMBER	repository	backend	NO	UNASSIGNED	UNASSIGNED	UNASSIGNED	UNASSIGNED	UNASSIGNED	UNASSIGNED	UNASSIGNED	UNASSIGNED	UNASSIGNED	UNASSIGNED	Semantic read pending; inventory/provenance only
nabdah-backend.zip	src/modules/labs/labs.controller.ts	7a2e688d92638a5c5e442d99efe8c73690165fecd91faad17ebafb7bf48e798f	7a2e688d92638a5c5e442d99efe8c73690165fecd91faad17ebafb7bf48e798f	YES	178	OWNED_SOURCE_MEMBER	controller	backend	YES	audit-artifacts/phase0b-backend/semantic-evidence-labs-controller.md	Semantic read; Auth/ownership; State transitions; Security/truthfulness observations	1-178	9-176: catalog/package/booking/report/insurance/reschedule/tracking/admin/sample routes	Mostly inline any bodies; typed sample stage and compatible-provider query	Not yet reconciled; consumer traceability phase pending	No controller-level guard; CurrentUser delegated to service; explicit JWT only on admin/sample routes	booking lifecycle/report; cancel/reschedule/emergency/reassign; sample stages; admin force-state	Catalog/booking/payment delegated; insurance/cash separate; server total verification not visible	Not executed; method/path, auth, ownership, replay, workflow, GPS, admin gate, and query validation implications documented	Full source member read completed from baseline archive bytes; no remediation performed
nabdah-backend.zip	src/modules/labs/lab-pdf.service.ts	c483430fca8b6f3e86444c8bd0aab8a52b876cf3db4ca18343d5f467ba1a881a	c483430fca8b6f3e86444c8bd0aab8a52b876cf3db4ca18343d5f467ba1a881a	YES	66	OWNED_SOURCE_MEMBER	service	backend	YES	audit-artifacts/phase0b-backend/semantic-evidence-lab-pdf-service.md	Full semantic read; Security/privacy; Truthfulness/data quality; Clinical/operational integrity; Test implications	2-66	SERVICE: generateReport(booking, structuredData) -> PDF data URI	Untyped booking and structuredData inputs; pdfkit stream	Labs report generation and downstream report URL/data-URI consumers	No auth, patient isolation, consent, redaction, signed access or audit visible	Input booking/results -> PDF stream chunks -> base64 data URI or rejected Promise	None visible	No member tests visible; authorization/privacy, malformed data, PDF validity, locale/time, clinical provenance, storage/access and memory gaps documented	Full source member read completed from baseline archive bytes; fallback Unknown Patient and current process date are explicit truthfulness risks; no product code changed
nabdah-backend.zip	src/modules/labs/labs.service.ts	7548339167a5560f7e3bd338f15f8bd5697883ebf79445ae331c5369964b00c1	7548339167a5560f7e3bd338f15f8bd5697883ebf79445ae331c5369964b00c1	YES	583	OWNED_SOURCE_MEMBER	service	backend	YES	audit-artifacts/phase0b-backend/semantic-evidence-labs-service.md	Semantic read; State transitions; Price/payment/insurance source; Security/truthfulness observations	1-268,269-565,566-584	SERVICE: labs catalog/compatible providers/booking/documents/insurance/cash/state/report/samples/tracking/reschedule	Inline booking/document/insurance/sample/report/GPS payloads; LabService/LabBooking/LabSample repositories	LabsController; UnifiedBookingsService; consumer traceability phase pending	Effective role checks; patient owner 404; assigned provider/admin operations; service-level ownership helpers	NEW_REQUEST through sample/report lifecycle; cancel/emergency; reschedule same-state; reassign confirmed	Catalog price server snapshot; hard-coded SAR 25 home fee; location payment policy; insurance pending/approval	Not executed; price authority, slot/duplicate, ownership, state, report/sample, GPS, admin gate, and idempotency implications documented	Full source member read completed from baseline archive bytes; no remediation performed
nabdah-backend.zip	src/modules/labs/labs.service.spec.ts	2f208daa46c53d25e7a8335b9edb495681ecf23d4016cbf26de1b9b70963f18c	2f208daa46c53d25e7a8335b9edb495681ecf23d4016cbf26de1b9b70963f18c	YES	212	OWNED_SOURCE_MEMBER	service	backend	YES	audit-artifacts/phase0b-backend/semantic-evidence-labs-service-spec.md	Full semantic read; Security/ownership; State transitions; Test gaps	2-120,121-212	TEST: provider booking transition; patient reschedule ownership; GPS ownership; sample registration/stages; owned sample listing	Mock LabsService repositories/models; LabBookingState; EventEmitter/EventBus/WorkflowEngine	LabsService transitions, sample workflow and provider-owned listing	Positive service-level provider/patient/sample ownership tests; HTTP auth/404 concealment/tenant binding not tested	NEW_REQUEST -> CONFIRMED -> SAMPLE_COLLECTED; received -> analyzing; illegal transition rejected; workflow engine delegated	None visible	Existing mock suite read; idempotency/replay, concurrency, persistence failure, event retry, DTO validation, guards, audit and role edge gaps documented	Full source member read completed from baseline archive bytes; no product code changed and no tests executed
nabdah-backend.zip	src/modules/labs/labs.seed.ts	e853ac7e23158df1e142fa95848ea1d02ee254b246628ad9adda998ad9af3be7	e853ac7e23158df1e142fa95848ea1d02ee254b246628ad9adda998ad9af3be7	YES	40	OWNED_SOURCE_MEMBER	source/config	backend	YES	audit-artifacts/phase0b-backend/semantic-evidence-labs-seed.md	Full semantic read; Truthfulness/data quality; Security/ownership; Price/payment/insurance source; Test implications	2-40	SEED: 19 lab tests + 5 packages; comment says boot population when collection empty	Static LAB_SEED array with test/package objects; radiology seed explicitly separate	Lab catalog seed/import path and catalog read consumers	No access/tenant semantics; production execution guard not shown in this member	None; static data array	Hard-coded prices/old_price; no currency/tax/payment/insurance/ledger provenance	No member tests visible; production seed governance, idempotency/environment scope, taxonomy consistency and package references require tests	Full source member read completed from baseline archive bytes; hard-coded popularity and pricing plus urine category=blood recorded; seed not executed and no product code changed
nabdah-backend.zip	src/modules/labs/lab-results.controller.ts	bbb0c5e52c5ab15abd2089ec6d14b48dfbca4a09c09daa77af7b5721a449a6a2	bbb0c5e52c5ab15abd2089ec6d14b48dfbca4a09c09daa77af7b5721a449a6a2	YES	15	OWNED_SOURCE_MEMBER	controller	backend	YES	audit-artifacts/phase0b-backend/semantic-evidence-lab-results-controller.md	Semantic read; Auth/ownership; Test implications	1-15	11-14: create/mine/by-booking/detail result routes	Raw create body; LabResultsService	Not yet reconciled; consumer traceability phase pending	Controller-level JwtAuthGuard; service-dependent result/booking ownership	Result creation; read-only mine/by-booking/detail	NONE	Not executed; auth, ownership, privacy, booking linkage, payload and replay implications documented	Full source member read completed from baseline archive bytes; no remediation performed
nabdah-backend.zip	src/modules/labs/lab-results.service.ts	e052e73b0314a5380061f14f632f053585b4d1165b509d6dc2da090d33fb732a	e052e73b0314a5380061f14f632f053585b4d1165b509d6dc2da090d33fb732a	YES	142	OWNED_SOURCE_MEMBER	service	backend	YES	audit-artifacts/phase0b-backend/semantic-evidence-lab-results-service.md	Semantic read; Auth/ownership; State transitions; Security/truthfulness observations	1-143	SERVICE: result create/mine/by-booking/detail; legacy embedded report resolution	Raw result body; LabResult/LabBooking repositories; embedded labbookings reports	LabResultsController; LabsService uploadReport; consumer traceability phase pending	Provider-role + assigned-booking ownership for create; patient/admin detail privacy; patient-scoped booking reads	RESULT_UPLOADED -> REPORTED via WorkflowEngine; booking report reference/history update	NONE	Not executed; role/state/flags/replay/union/privacy/attachment implications documented	Full source member read completed from baseline archive bytes; no remediation performed
nabdah-backend.zip	src/modules/labs/lab-results.service.spec.ts	9d40f1a1e4a7e02379eef9e9d6cd75e62a3e9aae567819ec4952e7b5915813e0	9d40f1a1e4a7e02379eef9e9d6cd75e62a3e9aae567819ec4952e7b5915813e0	YES	66	OWNED_SOURCE_MEMBER	service	backend	YES	audit-artifacts/phase0b-backend/semantic-evidence-lab-results-service-spec.md	Full semantic read; Security/ownership; State transitions; Test gaps	2-66	TEST: result creation ownership/state; embedded report patient resolution; foreign patient NotFound	Mock results/bookings/events/workflow and Mongo collection projection	LabResultsService create/one; workflow release and patient report retrieval	Positive provider ownership and patient 404 service tests; HTTP guard, identity provenance, tenant and URL auth pending	PROCESSING blocks create; RESULT_UPLOADED -> REPORTED via WorkflowEngine	None visible; fixture report URL is example.invalid and not live evidence	Existing mock suite read; replay/duplicates/concurrency/content security/event retry/audit/401/controller integration gaps documented	Full source member read completed from baseline archive bytes; no product code changed and no tests executed
nabdah-backend.zip	src/modules/labs/labs.module.ts	fd011671368aed0f82685c0cd464ab947bb706c8c6e48aaf23225c6014616897	fd011671368aed0f82685c0cd464ab947bb706c8c6e48aaf23225c6014616897	YES	37	OWNED_SOURCE_MEMBER	source/config	backend	YES	audit-artifacts/phase0b-backend/semantic-evidence-labs-module.md	Full semantic read; Wiring/security observations; Test implications	2-37	MODULE: LabsController, LabResultsController, LabsEngineController registered	Seven Mongoose models; WorkflowEngineModule; four repository providers; three services	Labs HTTP controllers and exported LabsService/LabResultsService/LabPdfService	No module-level guards/interceptors/rate limits/idempotency; protection must be elsewhere	WorkflowEngineModule imported; state semantics delegated to services	None visible	Module tests should verify intended model mapping, cross-model isolation, provider tokens, guard/interceptor coverage and export safety	Full source member read completed from baseline archive bytes; LabBooking and LabCenterBooking are both registered and require mapping verification; no product code changed and no tests executed
nabdah-backend.zip	src/modules/labs/schemas/lab-booking.schema.ts	28970de12b4f67dc7251b78069bfd9841012bc5d2a2d1ca90dc68c75dca50f99	28970de12b4f67dc7251b78069bfd9841012bc5d2a2d1ca90dc68c75dca50f99	YES	66	OWNED_SOURCE_MEMBER	schema	backend	YES	audit-artifacts/phase0b-backend/semantic-evidence-lab-booking-schema.md	Full semantic read; Security/privacy; Truthfulness/data quality; State transitions; Price/payment/insurance source	2-66	SCHEMA: LabBooking timestamps, patient/lab refs, delivery modes, sample barcode, status, metric results, PDF URL, payment fields	Mongoose LabBookingSchema; required/indexed refs and enum/default fields	Labs booking workflow, sample/report processing, wallet/payment consumers	patient_id/lab_id refs and indexes only; no authorization/immutability/access policy in schema	Enum defaults PENDING_ACCEPTANCE; no schema-level transition guard; timestamps only	payment_method cash/card/insurance; total_price default 0; no currency/intent/claim/ledger fields	No member tests visible; barcode uniqueness, state CAS, price/payment governance, PII, report access, provenance/signature and timestamp gaps documented	Full source member read completed from baseline archive bytes; no product code changed and no tests executed
nabdah-backend.zip	src/modules/labs/schemas/lab-catalog.schema.ts	abd92150fb28cc3fc39d3afab8ce59a9bf9ca8050e55968a1411b77d8ca9bf87	abd92150fb28cc3fc39d3afab8ce59a9bf9ca8050e55968a1411b77d8ca9bf87	YES	41	OWNED_SOURCE_MEMBER	schema	backend	YES	audit-artifacts/phase0b-backend/semantic-evidence-lab-catalog-schema.md	Full semantic read; Ownership/security; Truthfulness/data quality; State/transitions; Price/payment/insurance source	2-41	SCHEMA: LabCatalog timestamps, lab/test identity, two prices, insurance flag, reference ranges	Mongoose LabCatalogSchema; required/unique/indexed/default fields	Labs catalog read/update and pricing/insurance consumers	lab_id string only; global unique test_code; no tenant/auth/audit/approval policy visible	Timestamps only; no draft/active/retired/published/version lifecycle	in_lab_price/home_collection_price default 0; accepts_insurance boolean; no currency/tax/ledger/claim fields	No member tests visible; compound index, authorization, price/currency, lifecycle, insurance semantics, range context and concurrent upsert gaps documented	Full source member read completed from baseline archive bytes; no product code changed and no tests executed
nabdah-backend.zip	src/modules/labs/repositories/labservice.repository.ts	3d8f5728ec25b369e2cb3a3801a1f9486d8e82533a5547d70b12ceafca179a1d	3d8f5728ec25b369e2cb3a3801a1f9486d8e82533a5547d70b12ceafca179a1d	YES	13	OWNED_SOURCE_MEMBER	service	backend	YES	audit-artifacts/phase0b-backend/semantic-evidence-labservice-repository.md	Full semantic read; Semantic behavior; Security/ownership; Test implications	2-13	REPOSITORY: LabServiceRepository extends MongoRepository<LabService>	Injected Mongoose Model<LabService>; generic MongoRepository base	LabsService and other LabService persistence consumers	No repository-specific ownership, tenant, soft-delete or scoped-query policy visible; inherited semantics pending	None visible	None visible	No member tests visible; inherited repository scoping, projection, pagination, error mapping and model identity require verification	Full source member read completed from baseline archive bytes; thin wiring only; no product code changed and no tests executed
nabdah-backend.zip	src/modules/labs/repositories/labbooking.repository.ts	fc16b721a96ec81f78cac8458ef26cefd8c2359b414d4daf3af63ab58bd39af5	fc16b721a96ec81f78cac8458ef26cefd8c2359b414d4daf3af63ab58bd39af5	YES	13	OWNED_SOURCE_MEMBER	repository	backend	YES	audit-artifacts/phase0b-backend/semantic-evidence-labbooking-repository.md	Full semantic read; Semantic behavior; Security/ownership; Test implications	2-13	REPOSITORY: LabBookingRepository extends MongoRepository<LabBooking>	Injected Mongoose Model<LabBooking>; generic MongoRepository base	Labs booking persistence and workflow consumers	No repository-specific patient/lab ownership, tenant, immutable-field or authorization policy visible; inherited semantics pending	None visible	None visible	No member tests visible; base/consumer scoping, state CAS, transactions, PII/payment projection, soft-delete and error behavior require verification	Full source member read completed from baseline archive bytes; thin wiring only; no product code changed and no tests executed
nabdah-backend.zip	src/modules/labs/repositories/labsample.repository.ts	1c68fe7953fb3dba69dfa95317e3a208c335ab6d05c8c496088b65aa2a1bc7dc	1c68fe7953fb3dba69dfa95317e3a208c335ab6d05c8c496088b65aa2a1bc7dc	YES	13	OWNED_SOURCE_MEMBER	repository	backend	YES	audit-artifacts/phase0b-backend/semantic-evidence-labsample-repository.md	Full semantic read; Semantic behavior; Security/ownership; Test implications	2-13	REPOSITORY: LabSampleRepository extends MongoRepository<LabSample>	Injected Mongoose Model<LabSample>; generic MongoRepository base	Labs sample registration/stage and result processing consumers	No sample ownership, booking scoping, tenant, authorization or immutable barcode policy visible; inherited semantics pending	None visible	None visible	No member tests visible; booking-scoped access, barcode race/uniqueness, immutable identifiers, stage CAS, PII projection, soft delete and transaction gaps documented	Full source member read completed from baseline archive bytes; thin wiring only; no product code changed and no tests executed
nabdah-backend.zip	src/modules/labs/repositories/labresult.repository.ts	2badc14774628602487f360c32762f05e84a34ec0d7061e1982729295284f0a6	2badc14774628602487f360c32762f05e84a34ec0d7061e1982729295284f0a6	YES	13	OWNED_SOURCE_MEMBER	repository	backend	YES	audit-artifacts/phase0b-backend/semantic-evidence-labresult-repository.md	Full semantic read; Semantic behavior; Security/ownership; Test implications	2-13	REPOSITORY: LabResultRepository extends MongoRepository<LabResult>	Injected Mongoose Model<LabResult>; generic MongoRepository base	LabResultsService and report/result persistence consumers	No patient/provider ownership, tenant, report confidentiality, immutable-result or authorization policy visible; inherited semantics pending	None visible	None visible	No member tests visible; patient/provider scoping, confidentiality, booking linkage, versioning, concurrency, projection, soft-delete and transaction gaps documented	Full source member read completed from baseline archive bytes; thin wiring only; no product code changed and no tests executed
nabdah-backend.zip	src/modules/labs/controllers/labs-engine.controller.ts	0ff46a9458655714e301506e7f00e836e1a9a48f099bd42ba60fe7412d12d6b4	0ff46a9458655714e301506e7f00e836e1a9a48f099bd42ba60fe7412d12d6b4	YES	158	OWNED_SOURCE_MEMBER	controller	backend	YES	audit-artifacts/phase0b-backend/semantic-evidence-labs-engine-controller.md	Routes and behavior; Security and truthfulness findings; Financial gap; Test implications	2-100,101-158	GET /labs/bookings/queue; POST /labs/bookings/:id/respond; POST /labs/bookings/collect-sample/:id; POST /labs/bookings/finalize-test/:id; GET/POST /labs/bookings/catalog; GET /labs/bookings/wallet	Inline request body types; LabCenterBooking and LabCatalog Mongoose models	Labs provider/operations workflows; referring physician callback claimed but not invoked visibly	No visible auth/role/ownership; client-supplied lab_id and booking IDs trusted; unauthorized mapped to BadRequest	PENDING_ACCEPTANCE/ACCEPTED/SAMPLE_COLLECTED -> ACCEPTED/CANCELLED; booking -> SAMPLE_COLLECTED -> REPORT_UPLOADED; catalog upsert; wallet derived from REPORT_UPLOADED	total_price/payment_method/status from LabCenterBooking; hard-coded 15% commission; no payment/insurance verification visible	No controller test visible in member; required owner/stranger/unauth, idempotency/replay, state CAS, barcode race, DTO validation, report/PDF auth, callbacks and ledger reconciliation documented	Full source member read completed from baseline archive bytes; no product code changed and no tests executed
nabdah-backend.zip	src/modules/prescriptions/prescriptions.service.ts	62a52f72c61993ddf95fb89f7db5da6cc8521d6145339d20c09e7559068fd7eb	62a52f72c61993ddf95fb89f7db5da6cc8521d6145339d20c09e7559068fd7eb	YES	331	OWNED_SOURCE_MEMBER	service	backend	NO	UNASSIGNED	UNASSIGNED	UNASSIGNED	UNASSIGNED	UNASSIGNED	UNASSIGNED	UNASSIGNED	UNASSIGNED	UNASSIGNED	UNASSIGNED	Semantic read pending; inventory/provenance only
nabdah-backend.zip	src/modules/prescriptions/prescriptions.controller.ts	c8ac79627dbf11cb15f94b8a22f8f514ac39b1c6e18ecfd8267bc073a03b34fd	c8ac79627dbf11cb15f94b8a22f8f514ac39b1c6e18ecfd8267bc073a03b34fd	YES	73	OWNED_SOURCE_MEMBER	controller	backend	NO	UNASSIGNED	UNASSIGNED	UNASSIGNED	UNASSIGNED	UNASSIGNED	UNASSIGNED	UNASSIGNED	UNASSIGNED	UNASSIGNED	UNASSIGNED	Semantic read pending; inventory/provenance only
nabdah-backend.zip	src/modules/prescriptions/prescriptions.authorization.spec.ts	3c29dc5c8630ce1a56865d168af77db1178fa4c0f420b01c7cf379ba5084cb3b	3c29dc5c8630ce1a56865d168af77db1178fa4c0f420b01c7cf379ba5084cb3b	YES	300	OWNED_SOURCE_MEMBER	test	backend	NO	UNASSIGNED	UNASSIGNED	UNASSIGNED	UNASSIGNED	UNASSIGNED	UNASSIGNED	UNASSIGNED	UNASSIGNED	UNASSIGNED	UNASSIGNED	Semantic read pending; inventory/provenance only
nabdah-backend.zip	src/modules/prescriptions/prescriptions.module.ts	306f55a9992a1ddbd189a9d2c81d64cb618ad6f37842be48bd01890cd3ef92a4	306f55a9992a1ddbd189a9d2c81d64cb618ad6f37842be48bd01890cd3ef92a4	YES	21	OWNED_SOURCE_MEMBER	source/config	backend	NO	UNASSIGNED	UNASSIGNED	UNASSIGNED	UNASSIGNED	UNASSIGNED	UNASSIGNED	UNASSIGNED	UNASSIGNED	UNASSIGNED	UNASSIGNED	Semantic read pending; inventory/provenance only
nabdah-backend.zip	src/modules/prescriptions/repositories/prescription.repository.ts	cc9cb2400f933f35db0f12a2d4f19bede3913514013138d79d03131efeb69fa9	cc9cb2400f933f35db0f12a2d4f19bede3913514013138d79d03131efeb69fa9	YES	13	OWNED_SOURCE_MEMBER	repository	backend	NO	UNASSIGNED	UNASSIGNED	UNASSIGNED	UNASSIGNED	UNASSIGNED	UNASSIGNED	UNASSIGNED	UNASSIGNED	UNASSIGNED	UNASSIGNED	Semantic read pending; inventory/provenance only
nabdah-backend.zip	src/modules/billing/billing.module.ts	528248f82ef3cd58735638a1401c24d7434968d6386385dc78c672e7eb4d8b4a	528248f82ef3cd58735638a1401c24d7434968d6386385dc78c672e7eb4d8b4a	YES	253	OWNED_SOURCE_MEMBER	source/config	backend	NO	UNASSIGNED	UNASSIGNED	UNASSIGNED	UNASSIGNED	UNASSIGNED	UNASSIGNED	UNASSIGNED	UNASSIGNED	UNASSIGNED	UNASSIGNED	Semantic read pending; inventory/provenance only
nabdah-backend.zip	src/modules/billing/billing.service.ts	e80a7d7b56e18c9599c51bfb0ac5a0ee591bf34584e01248e7321b9bf457c371	e80a7d7b56e18c9599c51bfb0ac5a0ee591bf34584e01248e7321b9bf457c371	YES	66	OWNED_SOURCE_MEMBER	service	backend	NO	UNASSIGNED	UNASSIGNED	UNASSIGNED	UNASSIGNED	UNASSIGNED	UNASSIGNED	UNASSIGNED	UNASSIGNED	UNASSIGNED	UNASSIGNED	Semantic read pending; inventory/provenance only
nabdah-backend.zip	src/modules/billing/tests/billing-zatca.spec.ts	74832af76d02b1c8abf4c61f8f559f76e964d6c096027d1cf5ab7dd87cfa9dc5	74832af76d02b1c8abf4c61f8f559f76e964d6c096027d1cf5ab7dd87cfa9dc5	YES	69	OWNED_SOURCE_MEMBER	test	backend	NO	UNASSIGNED	UNASSIGNED	UNASSIGNED	UNASSIGNED	UNASSIGNED	UNASSIGNED	UNASSIGNED	UNASSIGNED	UNASSIGNED	UNASSIGNED	Semantic read pending; inventory/provenance only
nabdah-backend.zip	src/modules/articles/articles.module.ts	85a6dec7cffbbd9d0f455c508f600031fd2a3de7a7cc741286c988776b8575ee	85a6dec7cffbbd9d0f455c508f600031fd2a3de7a7cc741286c988776b8575ee	YES	196	OWNED_SOURCE_MEMBER	source/config	backend	NO	UNASSIGNED	UNASSIGNED	UNASSIGNED	UNASSIGNED	UNASSIGNED	UNASSIGNED	UNASSIGNED	UNASSIGNED	UNASSIGNED	UNASSIGNED	Semantic read pending; inventory/provenance only
nabdah-backend.zip	src/modules/articles/seo.controller.ts	24cb9927f97b04d3ee067a14ff4b8024a36d3f5180ed4d8f8d332b62f9dcb9f5	24cb9927f97b04d3ee067a14ff4b8024a36d3f5180ed4d8f8d332b62f9dcb9f5	YES	44	OWNED_SOURCE_MEMBER	controller	backend	NO	UNASSIGNED	UNASSIGNED	UNASSIGNED	UNASSIGNED	UNASSIGNED	UNASSIGNED	UNASSIGNED	UNASSIGNED	UNASSIGNED	UNASSIGNED	Semantic read pending; inventory/provenance only
nabdah-backend.zip	src/modules/articles/articles.contract.spec.ts	4f61699aac5d0fb659bbaea81af3368785f9f742b3da18c8a8d2bcf8085d3209	4f61699aac5d0fb659bbaea81af3368785f9f742b3da18c8a8d2bcf8085d3209	YES	41	OWNED_SOURCE_MEMBER	test	backend	NO	UNASSIGNED	UNASSIGNED	UNASSIGNED	UNASSIGNED	UNASSIGNED	UNASSIGNED	UNASSIGNED	UNASSIGNED	UNASSIGNED	UNASSIGNED	Semantic read pending; inventory/provenance only
nabdah-backend.zip	src/modules/admin-authority/admin-authority.module.ts	aceacbc52b226796f8b823ec3558bca4348a7ec5646981987f659458bc9700cd	aceacbc52b226796f8b823ec3558bca4348a7ec5646981987f659458bc9700cd	YES	291	OWNED_SOURCE_MEMBER	source/config	backend	NO	UNASSIGNED	UNASSIGNED	UNASSIGNED	UNASSIGNED	UNASSIGNED	UNASSIGNED	UNASSIGNED	UNASSIGNED	UNASSIGNED	UNASSIGNED	Semantic read pending; inventory/provenance only
nabdah-backend.zip	src/modules/providers/providers.service.spec.ts	b70da226e6c9ece6078874be4a6c1e3b87299d4171eb988ac5c9111a80664687	b70da226e6c9ece6078874be4a6c1e3b87299d4171eb988ac5c9111a80664687	YES	55	OWNED_SOURCE_MEMBER	service	backend	NO	UNASSIGNED	UNASSIGNED	UNASSIGNED	UNASSIGNED	UNASSIGNED	UNASSIGNED	UNASSIGNED	UNASSIGNED	UNASSIGNED	UNASSIGNED	Semantic read pending; inventory/provenance only
nabdah-backend.zip	src/modules/providers/providers.controller.ts	c1f2b6a68ea1181bae4e531ccf6ae7d56ea559132460f6d66220f6ffb63f945c	c1f2b6a68ea1181bae4e531ccf6ae7d56ea559132460f6d66220f6ffb63f945c	YES	100	OWNED_SOURCE_MEMBER	controller	backend	NO	UNASSIGNED	UNASSIGNED	UNASSIGNED	UNASSIGNED	UNASSIGNED	UNASSIGNED	UNASSIGNED	UNASSIGNED	UNASSIGNED	UNASSIGNED	Semantic read pending; inventory/provenance only
nabdah-backend.zip	src/modules/providers/providers.module.ts	b0555e4f47512e8fce32dc9ec822d974e23b2f5ae56d5f927b6120a5c42c3225	b0555e4f47512e8fce32dc9ec822d974e23b2f5ae56d5f927b6120a5c42c3225	YES	29	OWNED_SOURCE_MEMBER	source/config	backend	NO	UNASSIGNED	UNASSIGNED	UNASSIGNED	UNASSIGNED	UNASSIGNED	UNASSIGNED	UNASSIGNED	UNASSIGNED	UNASSIGNED	UNASSIGNED	Semantic read pending; inventory/provenance only
nabdah-backend.zip	src/modules/providers/providers.service.ts	1fb3a962749a25c9d9e1dbcf5d164c86d7bbde5c3b64943fb801599a10319c37	1fb3a962749a25c9d9e1dbcf5d164c86d7bbde5c3b64943fb801599a10319c37	YES	468	OWNED_SOURCE_MEMBER	service	backend	NO	UNASSIGNED	UNASSIGNED	UNASSIGNED	UNASSIGNED	UNASSIGNED	UNASSIGNED	UNASSIGNED	UNASSIGNED	UNASSIGNED	UNASSIGNED	Semantic read pending; inventory/provenance only
nabdah-backend.zip	src/modules/providers/schemas/provider-delta.schema.ts	0a5b4935a161d25bb517a3200f67e22d0c6a475860713c27bf77cf22a2d87b93	0a5b4935a161d25bb517a3200f67e22d0c6a475860713c27bf77cf22a2d87b93	YES	34	OWNED_SOURCE_MEMBER	schema	backend	NO	UNASSIGNED	UNASSIGNED	UNASSIGNED	UNASSIGNED	UNASSIGNED	UNASSIGNED	UNASSIGNED	UNASSIGNED	UNASSIGNED	UNASSIGNED	Semantic read pending; inventory/provenance only
nabdah-backend.zip	src/modules/providers/schemas/hospital-sub-entity.schema.ts	f0c8bb54cc28a548047b367dc771400782a118bb307568c91fd247cbb22dcadc	f0c8bb54cc28a548047b367dc771400782a118bb307568c91fd247cbb22dcadc	YES	29	OWNED_SOURCE_MEMBER	schema	backend	NO	UNASSIGNED	UNASSIGNED	UNASSIGNED	UNASSIGNED	UNASSIGNED	UNASSIGNED	UNASSIGNED	UNASSIGNED	UNASSIGNED	UNASSIGNED	Semantic read pending; inventory/provenance only
nabdah-backend.zip	src/modules/providers/repositories/user.repository.ts	810663ec29e799517a445a91b1f0910bc5897c86ff1bea728b30feda1d5f6ca7	810663ec29e799517a445a91b1f0910bc5897c86ff1bea728b30feda1d5f6ca7	YES	13	OWNED_SOURCE_MEMBER	repository	backend	NO	UNASSIGNED	UNASSIGNED	UNASSIGNED	UNASSIGNED	UNASSIGNED	UNASSIGNED	UNASSIGNED	UNASSIGNED	UNASSIGNED	UNASSIGNED	Semantic read pending; inventory/provenance only
nabdah-backend.zip	src/modules/providers/repositories/providerprofile.repository.ts	0e689f87af957e6c51b6015e5d9ba0882ea6707b496b4b785dc4313b490f2d82	0e689f87af957e6c51b6015e5d9ba0882ea6707b496b4b785dc4313b490f2d82	YES	13	OWNED_SOURCE_MEMBER	repository	backend	NO	UNASSIGNED	UNASSIGNED	UNASSIGNED	UNASSIGNED	UNASSIGNED	UNASSIGNED	UNASSIGNED	UNASSIGNED	UNASSIGNED	UNASSIGNED	Semantic read pending; inventory/provenance only
nabdah-backend.zip	src/modules/providers/controllers/hospital-enterprise.controller.ts	9c1ef234fd26dd806bab6ba2e360df470aade6f0e4e74b880cfcd4a6a57701c4	9c1ef234fd26dd806bab6ba2e360df470aade6f0e4e74b880cfcd4a6a57701c4	YES	125	OWNED_SOURCE_MEMBER	controller	backend	NO	UNASSIGNED	UNASSIGNED	UNASSIGNED	UNASSIGNED	UNASSIGNED	UNASSIGNED	UNASSIGNED	UNASSIGNED	UNASSIGNED	UNASSIGNED	Semantic read pending; inventory/provenance only
nabdah-backend.zip	src/modules/payouts/provider-payouts.controller.spec.ts	e33e5c25ecf1070a67f5090a9e69ab2037e9204a0e2f21c461b43f35e2a57c6a	e33e5c25ecf1070a67f5090a9e69ab2037e9204a0e2f21c461b43f35e2a57c6a	YES	52	OWNED_SOURCE_MEMBER	controller	backend	NO	UNASSIGNED	UNASSIGNED	UNASSIGNED	UNASSIGNED	UNASSIGNED	UNASSIGNED	UNASSIGNED	UNASSIGNED	UNASSIGNED	UNASSIGNED	Semantic read pending; inventory/provenance only
nabdah-backend.zip	src/modules/payouts/provider-payouts.controller.ts	ca0b8693f52a38b6995a6a92cd3677298335b3d06b0c600a3c213790437e6242	ca0b8693f52a38b6995a6a92cd3677298335b3d06b0c600a3c213790437e6242	YES	120	OWNED_SOURCE_MEMBER	controller	backend	NO	UNASSIGNED	UNASSIGNED	UNASSIGNED	UNASSIGNED	UNASSIGNED	UNASSIGNED	UNASSIGNED	UNASSIGNED	UNASSIGNED	UNASSIGNED	Semantic read pending; inventory/provenance only
nabdah-backend.zip	src/modules/ratings/ratings.module.ts	544b3525d01a87549548d1a9a3e337c1ad8724d9cbfff0ba2beca1f8846f7921	544b3525d01a87549548d1a9a3e337c1ad8724d9cbfff0ba2beca1f8846f7921	YES	112	OWNED_SOURCE_MEMBER	source/config	backend	NO	UNASSIGNED	UNASSIGNED	UNASSIGNED	UNASSIGNED	UNASSIGNED	UNASSIGNED	UNASSIGNED	UNASSIGNED	UNASSIGNED	UNASSIGNED	Semantic read pending; inventory/provenance only
nabdah-backend.zip	src/modules/provider-ops/provider-ops.module.ts	993e32c791528b5d6b3fb0ea0734517e3cbffec45651dc628861576edbac507a	993e32c791528b5d6b3fb0ea0734517e3cbffec45651dc628861576edbac507a	YES	640	OWNED_SOURCE_MEMBER	source/config	backend	NO	UNASSIGNED	UNASSIGNED	UNASSIGNED	UNASSIGNED	UNASSIGNED	UNASSIGNED	UNASSIGNED	UNASSIGNED	UNASSIGNED	UNASSIGNED	Semantic read pending; inventory/provenance only
nabdah-backend.zip	src/modules/config/config.controller.ts	682f474ca475d96df9a41a9f27ea2d341bc411ad4cc36aee47ea403b555e6e5b	682f474ca475d96df9a41a9f27ea2d341bc411ad4cc36aee47ea403b555e6e5b	YES	17	OWNED_SOURCE_MEMBER	controller	backend	NO	UNASSIGNED	UNASSIGNED	UNASSIGNED	UNASSIGNED	UNASSIGNED	UNASSIGNED	UNASSIGNED	UNASSIGNED	UNASSIGNED	UNASSIGNED	Semantic read pending; inventory/provenance only
nabdah-backend.zip	src/modules/config/config.service.ts	ce3ed3b99d92d20619954657cc267d67e2249debaf647244d7bc8d02d8454d6e	ce3ed3b99d92d20619954657cc267d67e2249debaf647244d7bc8d02d8454d6e	YES	39	OWNED_SOURCE_MEMBER	service	backend	NO	UNASSIGNED	UNASSIGNED	UNASSIGNED	UNASSIGNED	UNASSIGNED	UNASSIGNED	UNASSIGNED	UNASSIGNED	UNASSIGNED	UNASSIGNED	Semantic read pending; inventory/provenance only
nabdah-backend.zip	src/modules/config/config.module.ts	2edf191916f5e560cde98f0f122d761646e19243de33c1e07ed952716c0e8662	2edf191916f5e560cde98f0f122d761646e19243de33c1e07ed952716c0e8662	YES	10	OWNED_SOURCE_MEMBER	config	backend	NO	UNASSIGNED	UNASSIGNED	UNASSIGNED	UNASSIGNED	UNASSIGNED	UNASSIGNED	UNASSIGNED	UNASSIGNED	UNASSIGNED	UNASSIGNED	Semantic read pending; inventory/provenance only
nabdah-backend.zip	src/modules/event-reliability/event-reliability.module.ts	0d7349e4fa082286ec1555ba99755d819615b52560af9edc7014eb8a2b013624	0d7349e4fa082286ec1555ba99755d819615b52560af9edc7014eb8a2b013624	YES	151	OWNED_SOURCE_MEMBER	source/config	backend	NO	UNASSIGNED	UNASSIGNED	UNASSIGNED	UNASSIGNED	UNASSIGNED	UNASSIGNED	UNASSIGNED	UNASSIGNED	UNASSIGNED	UNASSIGNED	Semantic read pending; inventory/provenance only
nabdah-backend.zip	src/modules/seed/seed.facilities.ts	66f45afd7d0f25bfa1cdf74763038f54775637addd1e69d6575d04fe775f226d	66f45afd7d0f25bfa1cdf74763038f54775637addd1e69d6575d04fe775f226d	YES	142	OWNED_SOURCE_MEMBER	source/config	backend	NO	UNASSIGNED	UNASSIGNED	UNASSIGNED	UNASSIGNED	UNASSIGNED	UNASSIGNED	UNASSIGNED	UNASSIGNED	UNASSIGNED	UNASSIGNED	Semantic read pending; inventory/provenance only
nabdah-backend.zip	src/modules/seed/seed.data.ts	c4cd558fdf261dc7dda917e2af591079e68fd9025cb7b1969ef361618da60928	c4cd558fdf261dc7dda917e2af591079e68fd9025cb7b1969ef361618da60928	YES	298	OWNED_SOURCE_MEMBER	source/config	backend	NO	UNASSIGNED	UNASSIGNED	UNASSIGNED	UNASSIGNED	UNASSIGNED	UNASSIGNED	UNASSIGNED	UNASSIGNED	UNASSIGNED	UNASSIGNED	Semantic read pending; inventory/provenance only
nabdah-backend.zip	src/modules/seed/seed.module.ts	302c86506a3b09573dda9cc2564c9a7debc76a72bf237c904333224eefa7b801	302c86506a3b09573dda9cc2564c9a7debc76a72bf237c904333224eefa7b801	YES	37	OWNED_SOURCE_MEMBER	source/config	backend	NO	UNASSIGNED	UNASSIGNED	UNASSIGNED	UNASSIGNED	UNASSIGNED	UNASSIGNED	UNASSIGNED	UNASSIGNED	UNASSIGNED	UNASSIGNED	Semantic read pending; inventory/provenance only
nabdah-backend.zip	src/modules/seed/seed.service.ts	d0a3b157631823c945513c589b25b456f63f0b555833ab4d3d93bbc8aa72bcfc	d0a3b157631823c945513c589b25b456f63f0b555833ab4d3d93bbc8aa72bcfc	YES	348	OWNED_SOURCE_MEMBER	service	backend	NO	UNASSIGNED	UNASSIGNED	UNASSIGNED	UNASSIGNED	UNASSIGNED	UNASSIGNED	UNASSIGNED	UNASSIGNED	UNASSIGNED	UNASSIGNED	Semantic read pending; inventory/provenance only
nabdah-backend.zip	src/modules/seed/repositories/pharmacyinventory.repository.ts	79beccd917c3a41067cc42c19945ba2164ad94b9eb74c95965c4f85477c24630	79beccd917c3a41067cc42c19945ba2164ad94b9eb74c95965c4f85477c24630	YES	13	OWNED_SOURCE_MEMBER	repository	backend	NO	UNASSIGNED	UNASSIGNED	UNASSIGNED	UNASSIGNED	UNASSIGNED	UNASSIGNED	UNASSIGNED	UNASSIGNED	UNASSIGNED	UNASSIGNED	Semantic read pending; inventory/provenance only
nabdah-backend.zip	src/modules/seed/repositories/medicine.repository.ts	6c4ad6a42dcb53e5193ff19c7ab023abe9856dac64f22ab3d479b4977e83723f	6c4ad6a42dcb53e5193ff19c7ab023abe9856dac64f22ab3d479b4977e83723f	YES	13	OWNED_SOURCE_MEMBER	repository	backend	NO	UNASSIGNED	UNASSIGNED	UNASSIGNED	UNASSIGNED	UNASSIGNED	UNASSIGNED	UNASSIGNED	UNASSIGNED	UNASSIGNED	UNASSIGNED	Semantic read pending; inventory/provenance only
nabdah-backend.zip	src/modules/seed/repositories/user.repository.ts	810663ec29e799517a445a91b1f0910bc5897c86ff1bea728b30feda1d5f6ca7	810663ec29e799517a445a91b1f0910bc5897c86ff1bea728b30feda1d5f6ca7	YES	13	OWNED_SOURCE_MEMBER	repository	backend	NO	UNASSIGNED	UNASSIGNED	UNASSIGNED	UNASSIGNED	UNASSIGNED	UNASSIGNED	UNASSIGNED	UNASSIGNED	UNASSIGNED	UNASSIGNED	Semantic read pending; inventory/provenance only
nabdah-backend.zip	src/modules/seed/repositories/patientprofile.repository.ts	5860ac653f59f200f1a8f32df8f1589b67ddbeabecf3fb9f13ae954d52cf8a9b	5860ac653f59f200f1a8f32df8f1589b67ddbeabecf3fb9f13ae954d52cf8a9b	YES	13	OWNED_SOURCE_MEMBER	repository	backend	NO	UNASSIGNED	UNASSIGNED	UNASSIGNED	UNASSIGNED	UNASSIGNED	UNASSIGNED	UNASSIGNED	UNASSIGNED	UNASSIGNED	UNASSIGNED	Semantic read pending; inventory/provenance only
nabdah-backend.zip	src/modules/seed/repositories/labservice.repository.ts	3d8f5728ec25b369e2cb3a3801a1f9486d8e82533a5547d70b12ceafca179a1d	3d8f5728ec25b369e2cb3a3801a1f9486d8e82533a5547d70b12ceafca179a1d	YES	13	OWNED_SOURCE_MEMBER	service	backend	NO	UNASSIGNED	UNASSIGNED	UNASSIGNED	UNASSIGNED	UNASSIGNED	UNASSIGNED	UNASSIGNED	UNASSIGNED	UNASSIGNED	UNASSIGNED	Semantic read pending; inventory/provenance only
nabdah-backend.zip	src/modules/seed/repositories/systemconfig.repository.ts	d3072d7e5f9e56d7fbc001dd291cca87c5834512471f0a1bc9714f237260d89d	d3072d7e5f9e56d7fbc001dd291cca87c5834512471f0a1bc9714f237260d89d	YES	13	OWNED_SOURCE_MEMBER	config	backend	NO	UNASSIGNED	UNASSIGNED	UNASSIGNED	UNASSIGNED	UNASSIGNED	UNASSIGNED	UNASSIGNED	UNASSIGNED	UNASSIGNED	UNASSIGNED	Semantic read pending; inventory/provenance only
nabdah-backend.zip	src/modules/seed/repositories/facility.repository.ts	0612638081341486e6cd07b80d322af01bd25d4dff98620133c6917131b40199	0612638081341486e6cd07b80d322af01bd25d4dff98620133c6917131b40199	YES	13	OWNED_SOURCE_MEMBER	repository	backend	NO	UNASSIGNED	UNASSIGNED	UNASSIGNED	UNASSIGNED	UNASSIGNED	UNASSIGNED	UNASSIGNED	UNASSIGNED	UNASSIGNED	UNASSIGNED	Semantic read pending; inventory/provenance only
nabdah-backend.zip	src/modules/seed/repositories/providerprofile.repository.ts	0e689f87af957e6c51b6015e5d9ba0882ea6707b496b4b785dc4313b490f2d82	0e689f87af957e6c51b6015e5d9ba0882ea6707b496b4b785dc4313b490f2d82	YES	13	OWNED_SOURCE_MEMBER	repository	backend	NO	UNASSIGNED	UNASSIGNED	UNASSIGNED	UNASSIGNED	UNASSIGNED	UNASSIGNED	UNASSIGNED	UNASSIGNED	UNASSIGNED	UNASSIGNED	Semantic read pending; inventory/provenance only
nabdah-backend.zip	src/modules/maternity/maternity.module.ts	3d245e40227bec1df19c84dd9077d232fd74dd6feea99e7623a129e0fcd8b210	3d245e40227bec1df19c84dd9077d232fd74dd6feea99e7623a129e0fcd8b210	YES	18	OWNED_SOURCE_MEMBER	source/config	backend	NO	UNASSIGNED	UNASSIGNED	UNASSIGNED	UNASSIGNED	UNASSIGNED	UNASSIGNED	UNASSIGNED	UNASSIGNED	UNASSIGNED	UNASSIGNED	Semantic read pending; inventory/provenance only
nabdah-backend.zip	src/modules/maternity/maternity.service.spec.ts	413f29daac4d2652818594d3129e310cd019db2f2c5ff9ab5a68f1c1ab182e92	413f29daac4d2652818594d3129e310cd019db2f2c5ff9ab5a68f1c1ab182e92	YES	44	OWNED_SOURCE_MEMBER	service	backend	NO	UNASSIGNED	UNASSIGNED	UNASSIGNED	UNASSIGNED	UNASSIGNED	UNASSIGNED	UNASSIGNED	UNASSIGNED	UNASSIGNED	UNASSIGNED	Semantic read pending; inventory/provenance only
nabdah-backend.zip	src/modules/maternity/maternity.service.ts	b2e5412758325b3c74b13beeb7b7186807ef7d5cbfa24c23b378b0e807a439bb	b2e5412758325b3c74b13beeb7b7186807ef7d5cbfa24c23b378b0e807a439bb	YES	155	OWNED_SOURCE_MEMBER	service	backend	NO	UNASSIGNED	UNASSIGNED	UNASSIGNED	UNASSIGNED	UNASSIGNED	UNASSIGNED	UNASSIGNED	UNASSIGNED	UNASSIGNED	UNASSIGNED	Semantic read pending; inventory/provenance only
nabdah-backend.zip	src/modules/maternity/maternity.controller.ts	4aa7ac846c751d8068175f4f2a0f6e5384d599737b8e9ed8cec86ba200377896	4aa7ac846c751d8068175f4f2a0f6e5384d599737b8e9ed8cec86ba200377896	YES	58	OWNED_SOURCE_MEMBER	controller	backend	NO	UNASSIGNED	UNASSIGNED	UNASSIGNED	UNASSIGNED	UNASSIGNED	UNASSIGNED	UNASSIGNED	UNASSIGNED	UNASSIGNED	UNASSIGNED	Semantic read pending; inventory/provenance only
nabdah-backend.zip	src/modules/maternity/repositories/maternityprofile.repository.ts	ef008632db5b7871e7200f51efb69f2d8e157dfa1661a976ee0b4cf91b5dc642	ef008632db5b7871e7200f51efb69f2d8e157dfa1661a976ee0b4cf91b5dc642	YES	13	OWNED_SOURCE_MEMBER	repository	backend	NO	UNASSIGNED	UNASSIGNED	UNASSIGNED	UNASSIGNED	UNASSIGNED	UNASSIGNED	UNASSIGNED	UNASSIGNED	UNASSIGNED	UNASSIGNED	Semantic read pending; inventory/provenance only
nabdah-backend.zip	src/modules/provider-jobs/provider-jobs.module.ts	e8e6342480f89ba8f31cd009ea488908cf5b8af0341601333700c4b618b9cadd	e8e6342480f89ba8f31cd009ea488908cf5b8af0341601333700c4b618b9cadd	YES	288	OWNED_SOURCE_MEMBER	job	backend	NO	UNASSIGNED	UNASSIGNED	UNASSIGNED	UNASSIGNED	UNASSIGNED	UNASSIGNED	UNASSIGNED	UNASSIGNED	UNASSIGNED	UNASSIGNED	Semantic read pending; inventory/provenance only
nabdah-backend.zip	src/modules/orders/orders.idempotency.contract.spec.ts	6cac77fe5ac2b5aebf48624ed268763cb0edfaf275d03035718d4ea6886d8794	6cac77fe5ac2b5aebf48624ed268763cb0edfaf275d03035718d4ea6886d8794	YES	10	OWNED_SOURCE_MEMBER	test	backend	NO	UNASSIGNED	UNASSIGNED	UNASSIGNED	UNASSIGNED	UNASSIGNED	UNASSIGNED	UNASSIGNED	UNASSIGNED	UNASSIGNED	UNASSIGNED	Semantic read pending; inventory/provenance only
nabdah-backend.zip	src/modules/orders/orders.service.ts	18cb23bb64ac4f167bb994d55d7a0153aa84101e778337669e44e5b3318c0b1b	18cb23bb64ac4f167bb994d55d7a0153aa84101e778337669e44e5b3318c0b1b	YES	798	OWNED_SOURCE_MEMBER	service	backend	YES	audit-artifacts/phase0b-backend/semantic-evidence-orders-service.md	Semantic read; Auth/ownership; State transitions; Price/payment/insurance source; Security/truthfulness observations	2-253,255-550,553-798	SERVICE: order create/detail/list/transition/cancel/reorder/delivery/bids/tracking/insurance/cash	Order/Medicine/Delivery/PharmacyBid models; wallet/payments/insurance/coupon/loyalty/refund collections	OrdersController; Dispatch/Workflow/Finance services; consumer traceability phase pending	Patient/provider/admin method-specific checks; order 404 privacy in core methods; several service methods rely on upstream guards	create/dispatch/split -> validated/pharmacy_received -> operational delivery states; reject/escalate; cancel/partial/bid flows	Catalog/server pricing; manual-entry fallback; wallet/Moyasar/refunds; coupon/loyalty; insurance copay/coverage; bid totals	Not executed; pricing, split, transition, refund/replay, basket, bid ownership, tracking privacy and financial workflow implications documented	Full source member read completed from baseline archive bytes; overlapping ranges re-read; no remediation performed
nabdah-backend.zip	src/modules/orders/orders.service.refill-delivery.spec.ts	36c3a242f0039741152b153d6c6be5ec1d82956ef0136298d2419250a37adcc7	36c3a242f0039741152b153d6c6be5ec1d82956ef0136298d2419250a37adcc7	YES	40	OWNED_SOURCE_MEMBER	service	backend	NO	UNASSIGNED	UNASSIGNED	UNASSIGNED	UNASSIGNED	UNASSIGNED	UNASSIGNED	UNASSIGNED	UNASSIGNED	UNASSIGNED	UNASSIGNED	Semantic read pending; inventory/provenance only
nabdah-backend.zip	src/modules/orders/orders.ownership.contract.spec.ts	1f93e862b820d6125d5db4e23a1cfe3b9fb09271c17d95184525e62da770b2dd	1f93e862b820d6125d5db4e23a1cfe3b9fb09271c17d95184525e62da770b2dd	YES	15	OWNED_SOURCE_MEMBER	test	backend	NO	UNASSIGNED	UNASSIGNED	UNASSIGNED	UNASSIGNED	UNASSIGNED	UNASSIGNED	UNASSIGNED	UNASSIGNED	UNASSIGNED	UNASSIGNED	Semantic read pending; inventory/provenance only
nabdah-backend.zip	src/modules/orders/orders.module.ts	f1b7703f6a206ec0bf0a1f5b7c76e801b67dcddfb86e8682d5f5dde2b25b75eb	f1b7703f6a206ec0bf0a1f5b7c76e801b67dcddfb86e8682d5f5dde2b25b75eb	YES	37	OWNED_SOURCE_MEMBER	source/config	backend	NO	UNASSIGNED	UNASSIGNED	UNASSIGNED	UNASSIGNED	UNASSIGNED	UNASSIGNED	UNASSIGNED	UNASSIGNED	UNASSIGNED	UNASSIGNED	Semantic read pending; inventory/provenance only
nabdah-backend.zip	src/modules/orders/orders.service.spec.ts	da90467314bd3c866ebb3e98eb7396ff7cd1499c1d35c4c8290b33828b7129ef	da90467314bd3c866ebb3e98eb7396ff7cd1499c1d35c4c8290b33828b7129ef	YES	129	OWNED_SOURCE_MEMBER	service	backend	NO	UNASSIGNED	UNASSIGNED	UNASSIGNED	UNASSIGNED	UNASSIGNED	UNASSIGNED	UNASSIGNED	UNASSIGNED	UNASSIGNED	UNASSIGNED	Semantic read pending; inventory/provenance only
nabdah-backend.zip	src/modules/orders/dispatch.service.ts	d1dc9d5dcac865e6d05ad4da300ceb0f393b055c73020283fd0b6644de9c0816	d1dc9d5dcac865e6d05ad4da300ceb0f393b055c73020283fd0b6644de9c0816	YES	196	OWNED_SOURCE_MEMBER	service	backend	NO	UNASSIGNED	UNASSIGNED	UNASSIGNED	UNASSIGNED	UNASSIGNED	UNASSIGNED	UNASSIGNED	UNASSIGNED	UNASSIGNED	UNASSIGNED	Semantic read pending; inventory/provenance only
nabdah-backend.zip	src/modules/orders/orders.controller.ts	8f38d1214e85988e6ef6149bedff7161d82dd162140e22ee99e7a7d6d314b03a	8f38d1214e85988e6ef6149bedff7161d82dd162140e22ee99e7a7d6d314b03a	YES	187	OWNED_SOURCE_MEMBER	controller	backend	YES	audit-artifacts/phase0b-backend/semantic-evidence-orders-controller.md	Semantic read; Auth/ownership; State transitions; Test implications	1-187	13-185: order create/mine/reorder/cancel/basket/pharmacy/delivery/admin/bid routes	CreateOrderDto; raw bodies for partial/cancel/basket/insurance/bid/admin transitions; typed delivery/state bodies	Not yet reconciled; consumer traceability phase pending	JwtAuthGuard; Roles for patient/pharmacy/delivery/admin; detail ownership delegated to service; bid accept no explicit Roles	create -> basket review -> pharmacy lifecycle -> delivery -> delivered; cancel/reorder/insurance/bids side transitions	Totals delegated to service; cash opt-in and insurance approval separate; idempotency visible on reorder/reorder-partial/cancel only	Not executed; ownership, role, replay, state machine, PDF, insurance, and delivery attribution implications documented	Full source member read completed from baseline archive bytes; no remediation performed
nabdah-backend.zip	src/modules/orders/dto/create-order.dto.ts	c8dfef43744e35c02e94d723ad36c07aeb4f945db153be21558a12595492dfad	c8dfef43744e35c02e94d723ad36c07aeb4f945db153be21558a12595492dfad	YES	64	OWNED_SOURCE_MEMBER	dto	backend	NO	UNASSIGNED	UNASSIGNED	UNASSIGNED	UNASSIGNED	UNASSIGNED	UNASSIGNED	UNASSIGNED	UNASSIGNED	UNASSIGNED	UNASSIGNED	Semantic read pending; inventory/provenance only
nabdah-backend.zip	src/modules/orders/repositories/pharmacyinventory.repository.ts	79beccd917c3a41067cc42c19945ba2164ad94b9eb74c95965c4f85477c24630	79beccd917c3a41067cc42c19945ba2164ad94b9eb74c95965c4f85477c24630	YES	13	OWNED_SOURCE_MEMBER	repository	backend	NO	UNASSIGNED	UNASSIGNED	UNASSIGNED	UNASSIGNED	UNASSIGNED	UNASSIGNED	UNASSIGNED	UNASSIGNED	UNASSIGNED	UNASSIGNED	Semantic read pending; inventory/provenance only
nabdah-backend.zip	src/modules/orders/repositories/delivery.repository.ts	67115431cb732cc71b3e4ef36cb4fad8d24ae2849cfcf7da4515be5861fa27b9	67115431cb732cc71b3e4ef36cb4fad8d24ae2849cfcf7da4515be5861fa27b9	YES	13	OWNED_SOURCE_MEMBER	repository	backend	NO	UNASSIGNED	UNASSIGNED	UNASSIGNED	UNASSIGNED	UNASSIGNED	UNASSIGNED	UNASSIGNED	UNASSIGNED	UNASSIGNED	UNASSIGNED	Semantic read pending; inventory/provenance only
nabdah-backend.zip	src/modules/orders/repositories/medicine.repository.ts	6c4ad6a42dcb53e5193ff19c7ab023abe9856dac64f22ab3d479b4977e83723f	6c4ad6a42dcb53e5193ff19c7ab023abe9856dac64f22ab3d479b4977e83723f	YES	13	OWNED_SOURCE_MEMBER	repository	backend	NO	UNASSIGNED	UNASSIGNED	UNASSIGNED	UNASSIGNED	UNASSIGNED	UNASSIGNED	UNASSIGNED	UNASSIGNED	UNASSIGNED	UNASSIGNED	Semantic read pending; inventory/provenance only
nabdah-backend.zip	src/modules/orders/repositories/order.repository.ts	17033cbe1be9edd2efec6aada595c57abd36c931d76a7aac3d19d254da39cec0	17033cbe1be9edd2efec6aada595c57abd36c931d76a7aac3d19d254da39cec0	YES	13	OWNED_SOURCE_MEMBER	repository	backend	NO	UNASSIGNED	UNASSIGNED	UNASSIGNED	UNASSIGNED	UNASSIGNED	UNASSIGNED	UNASSIGNED	UNASSIGNED	UNASSIGNED	UNASSIGNED	Semantic read pending; inventory/provenance only
nabdah-backend.zip	src/modules/orders/repositories/pharmacybid.repository.ts	6946d6e4fd21209e53d4e902779bc19c47ea3d727564ae23fe42fd4534fe9d0c	6946d6e4fd21209e53d4e902779bc19c47ea3d727564ae23fe42fd4534fe9d0c	YES	13	OWNED_SOURCE_MEMBER	repository	backend	NO	UNASSIGNED	UNASSIGNED	UNASSIGNED	UNASSIGNED	UNASSIGNED	UNASSIGNED	UNASSIGNED	UNASSIGNED	UNASSIGNED	UNASSIGNED	Semantic read pending; inventory/provenance only
nabdah-backend.zip	src/modules/orders/repositories/providerprofile.repository.ts	0e689f87af957e6c51b6015e5d9ba0882ea6707b496b4b785dc4313b490f2d82	0e689f87af957e6c51b6015e5d9ba0882ea6707b496b4b785dc4313b490f2d82	YES	13	OWNED_SOURCE_MEMBER	repository	backend	NO	UNASSIGNED	UNASSIGNED	UNASSIGNED	UNASSIGNED	UNASSIGNED	UNASSIGNED	UNASSIGNED	UNASSIGNED	UNASSIGNED	UNASSIGNED	Semantic read pending; inventory/provenance only
nabdah-backend.zip	src/modules/admin-notification-center/admin-notification-center.module.ts	23bd607b52da2854f0a6463bc7ca275f8be1138cf1c491687ce309f5ecf6fb3f	23bd607b52da2854f0a6463bc7ca275f8be1138cf1c491687ce309f5ecf6fb3f	YES	422	OWNED_SOURCE_MEMBER	source/config	backend	NO	UNASSIGNED	UNASSIGNED	UNASSIGNED	UNASSIGNED	UNASSIGNED	UNASSIGNED	UNASSIGNED	UNASSIGNED	UNASSIGNED	UNASSIGNED	Semantic read pending; inventory/provenance only
nabdah-backend.zip	src/modules/admin-notification-center/admin-notification-center.contract.spec.ts	5521d8acb97481b94845f257e47b1492fa588e6bdc252dbfe71ef3d755a3d283	5521d8acb97481b94845f257e47b1492fa588e6bdc252dbfe71ef3d755a3d283	YES	37	OWNED_SOURCE_MEMBER	test	backend	NO	UNASSIGNED	UNASSIGNED	UNASSIGNED	UNASSIGNED	UNASSIGNED	UNASSIGNED	UNASSIGNED	UNASSIGNED	UNASSIGNED	UNASSIGNED	Semantic read pending; inventory/provenance only
nabdah-backend.zip	src/modules/nabd-extensions/nabd-extensions.controller.ts	82e42ee509d471240c8785ac1121a2c376356578985df9677603851df14e20ac	82e42ee509d471240c8785ac1121a2c376356578985df9677603851df14e20ac	YES	194	OWNED_SOURCE_MEMBER	controller	backend	NO	UNASSIGNED	UNASSIGNED	UNASSIGNED	UNASSIGNED	UNASSIGNED	UNASSIGNED	UNASSIGNED	UNASSIGNED	UNASSIGNED	UNASSIGNED	Semantic read pending; inventory/provenance only
nabdah-backend.zip	src/modules/nabd-extensions/nabd-extensions.service.ts	c19e76cf89a788158ba485f6acac270611cf3d4ff12c4b11169a47af32d2b125	c19e76cf89a788158ba485f6acac270611cf3d4ff12c4b11169a47af32d2b125	YES	721	OWNED_SOURCE_MEMBER	service	backend	NO	UNASSIGNED	UNASSIGNED	UNASSIGNED	UNASSIGNED	UNASSIGNED	UNASSIGNED	UNASSIGNED	UNASSIGNED	UNASSIGNED	UNASSIGNED	Semantic read pending; inventory/provenance only
nabdah-backend.zip	src/modules/nabd-extensions/nabd-extensions.module.ts	c9f5ec47648e1a074ce479f4fc87b4ca40bdbbacea7b3632a09f8f77bc76bc4b	c9f5ec47648e1a074ce479f4fc87b4ca40bdbbacea7b3632a09f8f77bc76bc4b	YES	74	OWNED_SOURCE_MEMBER	source/config	backend	NO	UNASSIGNED	UNASSIGNED	UNASSIGNED	UNASSIGNED	UNASSIGNED	UNASSIGNED	UNASSIGNED	UNASSIGNED	UNASSIGNED	UNASSIGNED	Semantic read pending; inventory/provenance only
nabdah-backend.zip	src/modules/nabd-extensions/repositories/universalactivity.repository.ts	8c9f3127777d8296a68ebe0b17f9c2232e15e293be6b5cfebe0ae2ab77c495c6	8c9f3127777d8296a68ebe0b17f9c2232e15e293be6b5cfebe0ae2ab77c495c6	YES	13	OWNED_SOURCE_MEMBER	repository	backend	NO	UNASSIGNED	UNASSIGNED	UNASSIGNED	UNASSIGNED	UNASSIGNED	UNASSIGNED	UNASSIGNED	UNASSIGNED	UNASSIGNED	UNASSIGNED	Semantic read pending; inventory/provenance only
nabdah-backend.zip	src/modules/nabd-extensions/repositories/corporateaccount.repository.ts	5216c29a7b85092bfb61fadbfe1a475ad20c071f9c534f3b5fbb2dfaf349b52e	5216c29a7b85092bfb61fadbfe1a475ad20c071f9c534f3b5fbb2dfaf349b52e	YES	13	OWNED_SOURCE_MEMBER	repository	backend	NO	UNASSIGNED	UNASSIGNED	UNASSIGNED	UNASSIGNED	UNASSIGNED	UNASSIGNED	UNASSIGNED	UNASSIGNED	UNASSIGNED	UNASSIGNED	Semantic read pending; inventory/provenance only
nabdah-backend.zip	src/modules/nabd-extensions/repositories/referralcode.repository.ts	3fc7c92027020479d079197f27de3d07878605b08d6976680c24ba29bc6e16b8	3fc7c92027020479d079197f27de3d07878605b08d6976680c24ba29bc6e16b8	YES	13	OWNED_SOURCE_MEMBER	repository	backend	NO	UNASSIGNED	UNASSIGNED	UNASSIGNED	UNASSIGNED	UNASSIGNED	UNASSIGNED	UNASSIGNED	UNASSIGNED	UNASSIGNED	UNASSIGNED	Semantic read pending; inventory/provenance only
nabdah-backend.zip	src/modules/nabd-extensions/repositories/user.repository.ts	810663ec29e799517a445a91b1f0910bc5897c86ff1bea728b30feda1d5f6ca7	810663ec29e799517a445a91b1f0910bc5897c86ff1bea728b30feda1d5f6ca7	YES	13	OWNED_SOURCE_MEMBER	repository	backend	NO	UNASSIGNED	UNASSIGNED	UNASSIGNED	UNASSIGNED	UNASSIGNED	UNASSIGNED	UNASSIGNED	UNASSIGNED	UNASSIGNED	UNASSIGNED	Semantic read pending; inventory/provenance only
nabdah-backend.zip	src/modules/nabd-extensions/repositories/treatmentprogram.repository.ts	8c5e83d923dac7beca03b55d1ca7567c6ee1b267959d92927a308ba701540501	8c5e83d923dac7beca03b55d1ca7567c6ee1b267959d92927a308ba701540501	YES	13	OWNED_SOURCE_MEMBER	repository	backend	NO	UNASSIGNED	UNASSIGNED	UNASSIGNED	UNASSIGNED	UNASSIGNED	UNASSIGNED	UNASSIGNED	UNASSIGNED	UNASSIGNED	UNASSIGNED	Semantic read pending; inventory/provenance only
nabdah-backend.zip	src/modules/nabd-extensions/repositories/order.repository.ts	17033cbe1be9edd2efec6aada595c57abd36c931d76a7aac3d19d254da39cec0	17033cbe1be9edd2efec6aada595c57abd36c931d76a7aac3d19d254da39cec0	YES	13	OWNED_SOURCE_MEMBER	repository	backend	NO	UNASSIGNED	UNASSIGNED	UNASSIGNED	UNASSIGNED	UNASSIGNED	UNASSIGNED	UNASSIGNED	UNASSIGNED	UNASSIGNED	UNASSIGNED	Semantic read pending; inventory/provenance only
nabdah-backend.zip	src/modules/nabd-extensions/repositories/referralreward.repository.ts	893c54d4f18ebe00ad942b6b6b00a05b80aca98c46e68322b2c0e93e5f6d7c3c	893c54d4f18ebe00ad942b6b6b00a05b80aca98c46e68322b2c0e93e5f6d7c3c	YES	13	OWNED_SOURCE_MEMBER	repository	backend	NO	UNASSIGNED	UNASSIGNED	UNASSIGNED	UNASSIGNED	UNASSIGNED	UNASSIGNED	UNASSIGNED	UNASSIGNED	UNASSIGNED	UNASSIGNED	Semantic read pending; inventory/provenance only
nabdah-backend.zip	src/modules/nabd-extensions/repositories/adplacement.repository.ts	f7d5a32415bbb0889121a6b2251d833082c89e434e8bb57be5e97de3c3c70100	f7d5a32415bbb0889121a6b2251d833082c89e434e8bb57be5e97de3c3c70100	YES	13	OWNED_SOURCE_MEMBER	repository	backend	NO	UNASSIGNED	UNASSIGNED	UNASSIGNED	UNASSIGNED	UNASSIGNED	UNASSIGNED	UNASSIGNED	UNASSIGNED	UNASSIGNED	UNASSIGNED	Semantic read pending; inventory/provenance only
nabdah-backend.zip	src/modules/nabd-extensions/repositories/fraudalert.repository.ts	193dfeeccf82e063b689c864830a767ebce00689d49e2d5b187f33eceb6e2ecb	193dfeeccf82e063b689c864830a767ebce00689d49e2d5b187f33eceb6e2ecb	YES	13	OWNED_SOURCE_MEMBER	repository	backend	NO	UNASSIGNED	UNASSIGNED	UNASSIGNED	UNASSIGNED	UNASSIGNED	UNASSIGNED	UNASSIGNED	UNASSIGNED	UNASSIGNED	UNASSIGNED	Semantic read pending; inventory/provenance only
nabdah-backend.zip	src/modules/nabd-extensions/repositories/prescription.repository.ts	cc9cb2400f933f35db0f12a2d4f19bede3913514013138d79d03131efeb69fa9	cc9cb2400f933f35db0f12a2d4f19bede3913514013138d79d03131efeb69fa9	YES	13	OWNED_SOURCE_MEMBER	repository	backend	NO	UNASSIGNED	UNASSIGNED	UNASSIGNED	UNASSIGNED	UNASSIGNED	UNASSIGNED	UNASSIGNED	UNASSIGNED	UNASSIGNED	UNASSIGNED	Semantic read pending; inventory/provenance only
nabdah-backend.zip	src/modules/nabd-extensions/repositories/labresult.repository.ts	819129c4841bb3d715abde98c21c8618fa2765e087c0c67a0edb9bea6e42c08f	819129c4841bb3d715abde98c21c8618fa2765e087c0c67a0edb9bea6e42c08f	YES	13	OWNED_SOURCE_MEMBER	repository	backend	NO	UNASSIGNED	UNASSIGNED	UNASSIGNED	UNASSIGNED	UNASSIGNED	UNASSIGNED	UNASSIGNED	UNASSIGNED	UNASSIGNED	UNASSIGNED	Semantic read pending; inventory/provenance only
nabdah-backend.zip	src/modules/nabd-extensions/repositories/providerprofile.repository.ts	0e689f87af957e6c51b6015e5d9ba0882ea6707b496b4b785dc4313b490f2d82	0e689f87af957e6c51b6015e5d9ba0882ea6707b496b4b785dc4313b490f2d82	YES	13	OWNED_SOURCE_MEMBER	repository	backend	NO	UNASSIGNED	UNASSIGNED	UNASSIGNED	UNASSIGNED	UNASSIGNED	UNASSIGNED	UNASSIGNED	UNASSIGNED	UNASSIGNED	UNASSIGNED	Semantic read pending; inventory/provenance only
nabdah-backend.zip	src/modules/nabd-extensions/repositories/vitalreading.repository.ts	e4fa24f76f201083c4d521be533d2699cf301836c3e9092512109b245519c68a	e4fa24f76f201083c4d521be533d2699cf301836c3e9092512109b245519c68a	YES	13	OWNED_SOURCE_MEMBER	repository	backend	NO	UNASSIGNED	UNASSIGNED	UNASSIGNED	UNASSIGNED	UNASSIGNED	UNASSIGNED	UNASSIGNED	UNASSIGNED	UNASSIGNED	UNASSIGNED	Semantic read pending; inventory/provenance only
nabdah-backend.zip	src/modules/nabd-extensions/repositories/wallet.repository.ts	37a40efeb3f95832cad9cad6f7de27a77b610c0665d32c8138f420e8e4762087	37a40efeb3f95832cad9cad6f7de27a77b610c0665d32c8138f420e8e4762087	YES	13	OWNED_SOURCE_MEMBER	repository	backend	NO	UNASSIGNED	UNASSIGNED	UNASSIGNED	UNASSIGNED	UNASSIGNED	UNASSIGNED	UNASSIGNED	UNASSIGNED	UNASSIGNED	UNASSIGNED	Semantic read pending; inventory/provenance only
nabdah-backend.zip	src/modules/nabd-extensions/repositories/wallettransaction.repository.ts	a3956d42737a14c4ef6c85ee1293a6f8b73df270225ba9d790bc51d551c4fb03	a3956d42737a14c4ef6c85ee1293a6f8b73df270225ba9d790bc51d551c4fb03	YES	13	OWNED_SOURCE_MEMBER	repository	backend	NO	UNASSIGNED	UNASSIGNED	UNASSIGNED	UNASSIGNED	UNASSIGNED	UNASSIGNED	UNASSIGNED	UNASSIGNED	UNASSIGNED	UNASSIGNED	Semantic read pending; inventory/provenance only
nabdah-backend.zip	src/modules/nabd-extensions/repositories/appointment.repository.ts	5d1ce676e579ac17a6c9db6147188ed025a4934c005265df7fc784f39c5cf9b3	5d1ce676e579ac17a6c9db6147188ed025a4934c005265df7fc784f39c5cf9b3	YES	13	OWNED_SOURCE_MEMBER	repository	backend	NO	UNASSIGNED	UNASSIGNED	UNASSIGNED	UNASSIGNED	UNASSIGNED	UNASSIGNED	UNASSIGNED	UNASSIGNED	UNASSIGNED	UNASSIGNED	Semantic read pending; inventory/provenance only
nabdah-backend.zip	src/modules/nabd-extensions/repositories/featureflag.repository.ts	8ebb367516ab6b53b294c896fe1d54cdfca693f5d10d0884360edc355a9b7899	8ebb367516ab6b53b294c896fe1d54cdfca693f5d10d0884360edc355a9b7899	YES	13	OWNED_SOURCE_MEMBER	repository	backend	NO	UNASSIGNED	UNASSIGNED	UNASSIGNED	UNASSIGNED	UNASSIGNED	UNASSIGNED	UNASSIGNED	UNASSIGNED	UNASSIGNED	UNASSIGNED	Semantic read pending; inventory/provenance only
nabdah-backend.zip	src/modules/nabd-extensions/repositories/slalog.repository.ts	bf918a30a28437ce1a0941dc1ba3f90b7eba668f2e0e6764f5ba744d15912f7f	bf918a30a28437ce1a0941dc1ba3f90b7eba668f2e0e6764f5ba744d15912f7f	YES	13	OWNED_SOURCE_MEMBER	repository	backend	NO	UNASSIGNED	UNASSIGNED	UNASSIGNED	UNASSIGNED	UNASSIGNED	UNASSIGNED	UNASSIGNED	UNASSIGNED	UNASSIGNED	UNASSIGNED	Semantic read pending; inventory/provenance only
nabdah-backend.zip	src/modules/nutrition/nutrition.service.ts	4d6b202f97de04472f5751a84e03f35277423076a0f7a2ff2e168e62eca950e8	4d6b202f97de04472f5751a84e03f35277423076a0f7a2ff2e168e62eca950e8	YES	281	OWNED_SOURCE_MEMBER	service	backend	NO	UNASSIGNED	UNASSIGNED	UNASSIGNED	UNASSIGNED	UNASSIGNED	UNASSIGNED	UNASSIGNED	UNASSIGNED	UNASSIGNED	UNASSIGNED	Semantic read pending; inventory/provenance only
nabdah-backend.zip	src/modules/nutrition/nutrition.service.spec.ts	ab1a13b7ef03cbb2dd6892efc13bfcc7270fa7d449ddac6468710d3b09cde2df	ab1a13b7ef03cbb2dd6892efc13bfcc7270fa7d449ddac6468710d3b09cde2df	YES	44	OWNED_SOURCE_MEMBER	service	backend	NO	UNASSIGNED	UNASSIGNED	UNASSIGNED	UNASSIGNED	UNASSIGNED	UNASSIGNED	UNASSIGNED	UNASSIGNED	UNASSIGNED	UNASSIGNED	Semantic read pending; inventory/provenance only
nabdah-backend.zip	src/modules/nutrition/nutrition.controller.ts	8ba9a04424636583e03a6fc14c5f2ff6609ad23b7a4716628d2800b37814747f	8ba9a04424636583e03a6fc14c5f2ff6609ad23b7a4716628d2800b37814747f	YES	85	OWNED_SOURCE_MEMBER	controller	backend	NO	UNASSIGNED	UNASSIGNED	UNASSIGNED	UNASSIGNED	UNASSIGNED	UNASSIGNED	UNASSIGNED	UNASSIGNED	UNASSIGNED	UNASSIGNED	Semantic read pending; inventory/provenance only
nabdah-backend.zip	src/modules/nutrition/nutrition.module.ts	b6212353ac569c9049363560eb92bd6de16fcaf7f9dea4285204695fca1bb191	b6212353ac569c9049363560eb92bd6de16fcaf7f9dea4285204695fca1bb191	YES	29	OWNED_SOURCE_MEMBER	source/config	backend	NO	UNASSIGNED	UNASSIGNED	UNASSIGNED	UNASSIGNED	UNASSIGNED	UNASSIGNED	UNASSIGNED	UNASSIGNED	UNASSIGNED	UNASSIGNED	Semantic read pending; inventory/provenance only
nabdah-backend.zip	src/modules/nutrition/repositories/waterlog.repository.ts	3ad5622ce67f0258101633e85cf172eced36ad965b6174120eb47b910f2a979c	3ad5622ce67f0258101633e85cf172eced36ad965b6174120eb47b910f2a979c	YES	13	OWNED_SOURCE_MEMBER	repository	backend	NO	UNASSIGNED	UNASSIGNED	UNASSIGNED	UNASSIGNED	UNASSIGNED	UNASSIGNED	UNASSIGNED	UNASSIGNED	UNASSIGNED	UNASSIGNED	Semantic read pending; inventory/provenance only
nabdah-backend.zip	src/modules/nutrition/repositories/meallog.repository.ts	40787f50f4d9813e2eaff2e408900f1795dbd2f3c6c294b6c821bd27c479d75f	40787f50f4d9813e2eaff2e408900f1795dbd2f3c6c294b6c821bd27c479d75f	YES	13	OWNED_SOURCE_MEMBER	repository	backend	NO	UNASSIGNED	UNASSIGNED	UNASSIGNED	UNASSIGNED	UNASSIGNED	UNASSIGNED	UNASSIGNED	UNASSIGNED	UNASSIGNED	UNASSIGNED	Semantic read pending; inventory/provenance only
nabdah-backend.zip	src/modules/nutrition/repositories/nutritionprofile.repository.ts	a25ec66431a58df5b688c10fdfda1e607c860048de749ac53f791c962e31a5f0	a25ec66431a58df5b688c10fdfda1e607c860048de749ac53f791c962e31a5f0	YES	13	OWNED_SOURCE_MEMBER	repository	backend	NO	UNASSIGNED	UNASSIGNED	UNASSIGNED	UNASSIGNED	UNASSIGNED	UNASSIGNED	UNASSIGNED	UNASSIGNED	UNASSIGNED	UNASSIGNED	Semantic read pending; inventory/provenance only
nabdah-backend.zip	src/modules/nutrition/repositories/exerciselog.repository.ts	61ce96d7e6a2fe332bc8e698e1d52a6dea39b901f93befc3eed0711e58d9a5f6	61ce96d7e6a2fe332bc8e698e1d52a6dea39b901f93befc3eed0711e58d9a5f6	YES	13	OWNED_SOURCE_MEMBER	repository	backend	NO	UNASSIGNED	UNASSIGNED	UNASSIGNED	UNASSIGNED	UNASSIGNED	UNASSIGNED	UNASSIGNED	UNASSIGNED	UNASSIGNED	UNASSIGNED	Semantic read pending; inventory/provenance only
nabdah-backend.zip	src/modules/livekit/livekit.controller.ts	25ff050a54efd5048fa12e848cd70638dc7182a753f8b50b72df3325e8f67ce7	25ff050a54efd5048fa12e848cd70638dc7182a753f8b50b72df3325e8f67ce7	YES	113	OWNED_SOURCE_MEMBER	controller	backend	NO	UNASSIGNED	UNASSIGNED	UNASSIGNED	UNASSIGNED	UNASSIGNED	UNASSIGNED	UNASSIGNED	UNASSIGNED	UNASSIGNED	UNASSIGNED	Semantic read pending; inventory/provenance only
nabdah-backend.zip	src/modules/livekit/livekit.service.ts	d9463476f7f9aab1961c73702069ba15529d45d26076a82ba368fd35a754f716	d9463476f7f9aab1961c73702069ba15529d45d26076a82ba368fd35a754f716	YES	341	OWNED_SOURCE_MEMBER	service	backend	NO	UNASSIGNED	UNASSIGNED	UNASSIGNED	UNASSIGNED	UNASSIGNED	UNASSIGNED	UNASSIGNED	UNASSIGNED	UNASSIGNED	UNASSIGNED	Semantic read pending; inventory/provenance only
nabdah-backend.zip	src/modules/livekit/livekit.followup.spec.ts	35f80ae0896dbebc6cab30f8b1547fbb639d0fce987d51d31aa6f36811edad6e	35f80ae0896dbebc6cab30f8b1547fbb639d0fce987d51d31aa6f36811edad6e	YES	123	OWNED_SOURCE_MEMBER	test	backend	NO	UNASSIGNED	UNASSIGNED	UNASSIGNED	UNASSIGNED	UNASSIGNED	UNASSIGNED	UNASSIGNED	UNASSIGNED	UNASSIGNED	UNASSIGNED	Semantic read pending; inventory/provenance only
nabdah-backend.zip	src/modules/livekit/livekit.module.ts	bca32adefda68bec013cca854dc39b7305d0e0b45b30d2581544b6131b464665	bca32adefda68bec013cca854dc39b7305d0e0b45b30d2581544b6131b464665	YES	17	OWNED_SOURCE_MEMBER	gateway	backend	NO	UNASSIGNED	UNASSIGNED	UNASSIGNED	UNASSIGNED	UNASSIGNED	UNASSIGNED	UNASSIGNED	UNASSIGNED	UNASSIGNED	UNASSIGNED	Semantic read pending; inventory/provenance only
nabdah-backend.zip	src/modules/livekit/repositories/callsession.repository.ts	bec48ce636236a4a2d129d643918048787df750d50f0af9ceb23ea6b0c54a604	bec48ce636236a4a2d129d643918048787df750d50f0af9ceb23ea6b0c54a604	YES	13	OWNED_SOURCE_MEMBER	repository	backend	NO	UNASSIGNED	UNASSIGNED	UNASSIGNED	UNASSIGNED	UNASSIGNED	UNASSIGNED	UNASSIGNED	UNASSIGNED	UNASSIGNED	UNASSIGNED	Semantic read pending; inventory/provenance only
nabdah-backend.zip	src/modules/livekit/repositories/callmetric.repository.ts	1f2f240e76fe3daa1525bdd39fcb6547bfe2827ca711f96f6e903bcc2a92d52d	1f2f240e76fe3daa1525bdd39fcb6547bfe2827ca711f96f6e903bcc2a92d52d	YES	13	OWNED_SOURCE_MEMBER	repository	backend	NO	UNASSIGNED	UNASSIGNED	UNASSIGNED	UNASSIGNED	UNASSIGNED	UNASSIGNED	UNASSIGNED	UNASSIGNED	UNASSIGNED	UNASSIGNED	Semantic read pending; inventory/provenance only
nabdah-backend.zip	src/modules/redis/redis.service.ts	3df733f95c85d82e951ff799d42c1e2af02293cdc818118b3b4a391e75d1afe7	3df733f95c85d82e951ff799d42c1e2af02293cdc818118b3b4a391e75d1afe7	YES	376	OWNED_SOURCE_MEMBER	service	backend	NO	UNASSIGNED	UNASSIGNED	UNASSIGNED	UNASSIGNED	UNASSIGNED	UNASSIGNED	UNASSIGNED	UNASSIGNED	UNASSIGNED	UNASSIGNED	Semantic read pending; inventory/provenance only
nabdah-backend.zip	src/modules/redis/redis.module.ts	d6f35e78d06c0b8ca0f785ca66e3ce40d32e7384e73dac3efec6ed9f71d3e6fa	d6f35e78d06c0b8ca0f785ca66e3ce40d32e7384e73dac3efec6ed9f71d3e6fa	YES	9	OWNED_SOURCE_MEMBER	source/config	backend	NO	UNASSIGNED	UNASSIGNED	UNASSIGNED	UNASSIGNED	UNASSIGNED	UNASSIGNED	UNASSIGNED	UNASSIGNED	UNASSIGNED	UNASSIGNED	Semantic read pending; inventory/provenance only
nabdah-backend.zip	src/modules/doctors/doctors.module.ts	b25f3d501388beece5b4bc9b0677b3c98353cb2d1cb5b92f1b74c2edf302c0af	b25f3d501388beece5b4bc9b0677b3c98353cb2d1cb5b92f1b74c2edf302c0af	YES	291	OWNED_SOURCE_MEMBER	source/config	backend	NO	UNASSIGNED	UNASSIGNED	UNASSIGNED	UNASSIGNED	UNASSIGNED	UNASSIGNED	UNASSIGNED	UNASSIGNED	UNASSIGNED	UNASSIGNED	Semantic read pending; inventory/provenance only
nabdah-backend.zip	src/modules/doctors/doctors.schemas.ts	38865b22a1ecd52856f48d248520ef114cf71578a278f0b23c17a3a45d0ecf0d	38865b22a1ecd52856f48d248520ef114cf71578a278f0b23c17a3a45d0ecf0d	YES	117	OWNED_SOURCE_MEMBER	schema	backend	NO	UNASSIGNED	UNASSIGNED	UNASSIGNED	UNASSIGNED	UNASSIGNED	UNASSIGNED	UNASSIGNED	UNASSIGNED	UNASSIGNED	UNASSIGNED	Semantic read pending; inventory/provenance only
nabdah-backend.zip	src/modules/notification/notification.module.ts	14d8949a77857eba16657f29ea8ead136afcbf45d745b59068feccdd0a264e48	14d8949a77857eba16657f29ea8ead136afcbf45d745b59068feccdd0a264e48	YES	10	OWNED_SOURCE_MEMBER	source/config	backend	NO	UNASSIGNED	UNASSIGNED	UNASSIGNED	UNASSIGNED	UNASSIGNED	UNASSIGNED	UNASSIGNED	UNASSIGNED	UNASSIGNED	UNASSIGNED	Semantic read pending; inventory/provenance only
nabdah-backend.zip	src/modules/notification/notification.service.ts	bb177fce50a65eb12d1637119af8e018d190fe3d705ffd448cbc017a1ca38058	bb177fce50a65eb12d1637119af8e018d190fe3d705ffd448cbc017a1ca38058	YES	32	OWNED_SOURCE_MEMBER	service	backend	NO	UNASSIGNED	UNASSIGNED	UNASSIGNED	UNASSIGNED	UNASSIGNED	UNASSIGNED	UNASSIGNED	UNASSIGNED	UNASSIGNED	UNASSIGNED	Semantic read pending; inventory/provenance only
nabdah-backend.zip	src/modules/admin/admin.controller.ts	7c0cbeed537615dae68a0d25a83c5d9407767bd66a5efea4afcc5ab31ad28fbe	7c0cbeed537615dae68a0d25a83c5d9407767bd66a5efea4afcc5ab31ad28fbe	YES	587	OWNED_SOURCE_MEMBER	controller	backend	NO	UNASSIGNED	UNASSIGNED	UNASSIGNED	UNASSIGNED	UNASSIGNED	UNASSIGNED	UNASSIGNED	UNASSIGNED	UNASSIGNED	UNASSIGNED	Semantic read pending; inventory/provenance only
nabdah-backend.zip	src/modules/admin/admin.module.ts	f8da62522d5f7f9d9626301c7ab14ba6aa06aed37db63089b663160da9768c02	f8da62522d5f7f9d9626301c7ab14ba6aa06aed37db63089b663160da9768c02	YES	20	OWNED_SOURCE_MEMBER	source/config	backend	NO	UNASSIGNED	UNASSIGNED	UNASSIGNED	UNASSIGNED	UNASSIGNED	UNASSIGNED	UNASSIGNED	UNASSIGNED	UNASSIGNED	UNASSIGNED	Semantic read pending; inventory/provenance only
nabdah-backend.zip	src/modules/payments/paymob.service.ts	deb0ecfa4bc281520b45ad35f37310b102c17a39e9fd98eb05743e864bd39f4f	deb0ecfa4bc281520b45ad35f37310b102c17a39e9fd98eb05743e864bd39f4f	YES	97	OWNED_SOURCE_MEMBER	service	backend	NO	UNASSIGNED	UNASSIGNED	UNASSIGNED	UNASSIGNED	UNASSIGNED	UNASSIGNED	UNASSIGNED	UNASSIGNED	UNASSIGNED	UNASSIGNED	Semantic read pending; inventory/provenance only
nabdah-backend.zip	src/modules/payments/paymob.controller.ts	0256b75c9b1d3f3d756165a3a0e36928babd2349dbbc1a380dca7e23dbe49b00	0256b75c9b1d3f3d756165a3a0e36928babd2349dbbc1a380dca7e23dbe49b00	YES	30	OWNED_SOURCE_MEMBER	controller	backend	NO	UNASSIGNED	UNASSIGNED	UNASSIGNED	UNASSIGNED	UNASSIGNED	UNASSIGNED	UNASSIGNED	UNASSIGNED	UNASSIGNED	UNASSIGNED	Semantic read pending; inventory/provenance only
nabdah-backend.zip	src/modules/payments/payments-idor.spec.ts	6e09797fd9f0a8a41163b3c3d115f211255ad950af838280b6f42f97239c04dd	6e09797fd9f0a8a41163b3c3d115f211255ad950af838280b6f42f97239c04dd	YES	132	OWNED_SOURCE_MEMBER	test	backend	NO	UNASSIGNED	UNASSIGNED	UNASSIGNED	UNASSIGNED	UNASSIGNED	UNASSIGNED	UNASSIGNED	UNASSIGNED	UNASSIGNED	UNASSIGNED	Semantic read pending; inventory/provenance only
nabdah-backend.zip	src/modules/payments/payments.module.ts	ac5f1a10b641e4aedd9b5c85f33a87bcc3acdf5cebc889a7e136ee470dced664	ac5f1a10b641e4aedd9b5c85f33a87bcc3acdf5cebc889a7e136ee470dced664	YES	424	OWNED_SOURCE_MEMBER	gateway	backend	NO	UNASSIGNED	UNASSIGNED	UNASSIGNED	UNASSIGNED	UNASSIGNED	UNASSIGNED	UNASSIGNED	UNASSIGNED	UNASSIGNED	UNASSIGNED	Semantic read pending; inventory/provenance only
nabdah-backend.zip	src/modules/payments/paymob.module.ts	27fd20e781b4fa4a9e559b5de14a68f6a6c2d2826af7ead324fb5f109a1961df	27fd20e781b4fa4a9e559b5de14a68f6a6c2d2826af7ead324fb5f109a1961df	YES	11	OWNED_SOURCE_MEMBER	gateway	backend	NO	UNASSIGNED	UNASSIGNED	UNASSIGNED	UNASSIGNED	UNASSIGNED	UNASSIGNED	UNASSIGNED	UNASSIGNED	UNASSIGNED	UNASSIGNED	Semantic read pending; inventory/provenance only
nabdah-backend.zip	src/modules/business-rules/business-rules.module.ts	60ecf4d829db664bbee5aaae62ac59fe73a9632c1d6042c163b0655fe2d61bd2	60ecf4d829db664bbee5aaae62ac59fe73a9632c1d6042c163b0655fe2d61bd2	YES	187	OWNED_SOURCE_MEMBER	source/config	backend	NO	UNASSIGNED	UNASSIGNED	UNASSIGNED	UNASSIGNED	UNASSIGNED	UNASSIGNED	UNASSIGNED	UNASSIGNED	UNASSIGNED	UNASSIGNED	Semantic read pending; inventory/provenance only
nabdah-backend.zip	src/modules/chat/chat.module.ts	0e1d49bb32aef9cd4aa2976eef29f1bc91af330ce827f955257614bb0d461496	0e1d49bb32aef9cd4aa2976eef29f1bc91af330ce827f955257614bb0d461496	YES	244	OWNED_SOURCE_MEMBER	source/config	backend	NO	UNASSIGNED	UNASSIGNED	UNASSIGNED	UNASSIGNED	UNASSIGNED	UNASSIGNED	UNASSIGNED	UNASSIGNED	UNASSIGNED	UNASSIGNED	Semantic read pending; inventory/provenance only
nabdah-backend.zip	src/modules/chat/chat.gateway.followup.spec.ts	222e92ee07dbd500cd3f4590a1f7416b0fe4be16751c5c6ea95714b200244d99	222e92ee07dbd500cd3f4590a1f7416b0fe4be16751c5c6ea95714b200244d99	YES	45	OWNED_SOURCE_MEMBER	test	backend	NO	UNASSIGNED	UNASSIGNED	UNASSIGNED	UNASSIGNED	UNASSIGNED	UNASSIGNED	UNASSIGNED	UNASSIGNED	UNASSIGNED	UNASSIGNED	Semantic read pending; inventory/provenance only
nabdah-backend.zip	src/modules/chat/chat.gateway.ts	9ec78a7053c1f0dd45c77cbaed3fd7782a9fd7e5fc7cbc21164e1add3c7698f3	9ec78a7053c1f0dd45c77cbaed3fd7782a9fd7e5fc7cbc21164e1add3c7698f3	YES	165	OWNED_SOURCE_MEMBER	gateway	backend	NO	UNASSIGNED	UNASSIGNED	UNASSIGNED	UNASSIGNED	UNASSIGNED	UNASSIGNED	UNASSIGNED	UNASSIGNED	UNASSIGNED	UNASSIGNED	Semantic read pending; inventory/provenance only
nabdah-backend.zip	src/modules/chat/chat.contract.spec.ts	e68b44afb783a45416b41f3df85f1d23db53b803c40d7de3fb01903a85a12120	e68b44afb783a45416b41f3df85f1d23db53b803c40d7de3fb01903a85a12120	YES	102	OWNED_SOURCE_MEMBER	test	backend	NO	UNASSIGNED	UNASSIGNED	UNASSIGNED	UNASSIGNED	UNASSIGNED	UNASSIGNED	UNASSIGNED	UNASSIGNED	UNASSIGNED	UNASSIGNED	Semantic read pending; inventory/provenance only
nabdah-backend.zip	src/modules/chat/chat.schemas.ts	edf9b7854b229aa70a3d5598072a4972ef9b7f6f6840a3f87bacc4eae2abf0c0	edf9b7854b229aa70a3d5598072a4972ef9b7f6f6840a3f87bacc4eae2abf0c0	YES	58	OWNED_SOURCE_MEMBER	schema	backend	NO	UNASSIGNED	UNASSIGNED	UNASSIGNED	UNASSIGNED	UNASSIGNED	UNASSIGNED	UNASSIGNED	UNASSIGNED	UNASSIGNED	UNASSIGNED	Semantic read pending; inventory/provenance only
nabdah-backend.zip	src/modules/chat/chat.service.ts	d9732ab2511d9ddf64e90e8805fd59a8d61be45c86b99ee504590413af8ae202	d9732ab2511d9ddf64e90e8805fd59a8d61be45c86b99ee504590413af8ae202	YES	420	OWNED_SOURCE_MEMBER	service	backend	NO	UNASSIGNED	UNASSIGNED	UNASSIGNED	UNASSIGNED	UNASSIGNED	UNASSIGNED	UNASSIGNED	UNASSIGNED	UNASSIGNED	UNASSIGNED	Semantic read pending; inventory/provenance only
nabdah-backend.zip	src/modules/chat/guards/chat-gateway.guard.ts	ff57104949230d59583c9c6dfe6f78a84506d4509e4e49a1cf38f8f520928ae2	ff57104949230d59583c9c6dfe6f78a84506d4509e4e49a1cf38f8f520928ae2	YES	48	OWNED_SOURCE_MEMBER	guard	backend	NO	UNASSIGNED	UNASSIGNED	UNASSIGNED	UNASSIGNED	UNASSIGNED	UNASSIGNED	UNASSIGNED	UNASSIGNED	UNASSIGNED	UNASSIGNED	Semantic read pending; inventory/provenance only
nabdah-backend.zip	src/modules/chat/schedulers/chat-lifecycle.scheduler.ts	a52e998bf83849e6814a41fd013a19638561bea22f759f72756addd114438ae6	a52e998bf83849e6814a41fd013a19638561bea22f759f72756addd114438ae6	YES	28	OWNED_SOURCE_MEMBER	source/config	backend	NO	UNASSIGNED	UNASSIGNED	UNASSIGNED	UNASSIGNED	UNASSIGNED	UNASSIGNED	UNASSIGNED	UNASSIGNED	UNASSIGNED	UNASSIGNED	Semantic read pending; inventory/provenance only
nabdah-backend.zip	src/modules/system-health/system-health.controller.ts	7d0c45bac0bf7a40d03810107af17ef63da2123fd6b2ccc9490115a99ad6418e	7d0c45bac0bf7a40d03810107af17ef63da2123fd6b2ccc9490115a99ad6418e	YES	38	OWNED_SOURCE_MEMBER	controller	backend	NO	UNASSIGNED	UNASSIGNED	UNASSIGNED	UNASSIGNED	UNASSIGNED	UNASSIGNED	UNASSIGNED	UNASSIGNED	UNASSIGNED	UNASSIGNED	Semantic read pending; inventory/provenance only
nabdah-backend.zip	src/modules/system-health/system-health.module.ts	1b4a870733d40df30e8aad915c51892c3734867a75ec3bc7ba125174efe911c5	1b4a870733d40df30e8aad915c51892c3734867a75ec3bc7ba125174efe911c5	YES	10	OWNED_SOURCE_MEMBER	source/config	backend	NO	UNASSIGNED	UNASSIGNED	UNASSIGNED	UNASSIGNED	UNASSIGNED	UNASSIGNED	UNASSIGNED	UNASSIGNED	UNASSIGNED	UNASSIGNED	Semantic read pending; inventory/provenance only
nabdah-backend.zip	src/modules/legal/legal-enterprise.controller.ts	e08501e10135caae24f6bfce9448885940f2b593146dc9515a3d2b381d3ee092	e08501e10135caae24f6bfce9448885940f2b593146dc9515a3d2b381d3ee092	YES	162	OWNED_SOURCE_MEMBER	controller	backend	NO	UNASSIGNED	UNASSIGNED	UNASSIGNED	UNASSIGNED	UNASSIGNED	UNASSIGNED	UNASSIGNED	UNASSIGNED	UNASSIGNED	UNASSIGNED	Semantic read pending; inventory/provenance only
nabdah-backend.zip	src/modules/legal/legal-enterprise.service.ts	e19bdb2d4b0ceade6f66b009e6bedad75f1b583e0d8012b3a04ba19f22df4716	e19bdb2d4b0ceade6f66b009e6bedad75f1b583e0d8012b3a04ba19f22df4716	YES	398	OWNED_SOURCE_MEMBER	service	backend	NO	UNASSIGNED	UNASSIGNED	UNASSIGNED	UNASSIGNED	UNASSIGNED	UNASSIGNED	UNASSIGNED	UNASSIGNED	UNASSIGNED	UNASSIGNED	Semantic read pending; inventory/provenance only
nabdah-backend.zip	src/modules/legal/legal-enterprise.service.excel.spec.ts	96ff86d6d3bfbe5fe9558021b7977a9f3696682539aab410698d2b127384e85d	96ff86d6d3bfbe5fe9558021b7977a9f3696682539aab410698d2b127384e85d	YES	21	OWNED_SOURCE_MEMBER	service	backend	NO	UNASSIGNED	UNASSIGNED	UNASSIGNED	UNASSIGNED	UNASSIGNED	UNASSIGNED	UNASSIGNED	UNASSIGNED	UNASSIGNED	UNASSIGNED	Semantic read pending; inventory/provenance only
nabdah-backend.zip	src/modules/legal/legal.module.ts	4e961292862244d099e9f8fd406550945a632cbf5e0bb5bb81bce98d16854bdf	4e961292862244d099e9f8fd406550945a632cbf5e0bb5bb81bce98d16854bdf	YES	211	OWNED_SOURCE_MEMBER	source/config	backend	NO	UNASSIGNED	UNASSIGNED	UNASSIGNED	UNASSIGNED	UNASSIGNED	UNASSIGNED	UNASSIGNED	UNASSIGNED	UNASSIGNED	UNASSIGNED	Semantic read pending; inventory/provenance only
nabdah-backend.zip	src/modules/unified-bookings/unified-bookings.module.ts	ffc7788fd534065f6763e5cbc63ee96d71d55840af220199827b5aea129936d0	ffc7788fd534065f6763e5cbc63ee96d71d55840af220199827b5aea129936d0	YES	462	OWNED_SOURCE_MEMBER	source/config	backend	YES	audit-artifacts/phase0b-backend/semantic-evidence-unified-bookings-module.md	Semantic read; Routes/controller; Auth/ownership; State transitions; Security/contract findings	1-249,250-462	399-430: unified timeline/detail/consultation/cancel/reschedule/call-token/match/nursing/checkout	Inline bodies for consultation, matching, nursing broadcast, cart checkout; six Mongoose domain models	Not yet reconciled; consumer traceability phase pending	Controller JwtAuthGuard; getOne/timeline patient scoped; domain delegation and synthetic system rollback actor require audit	consultation slot/create/cancel/reschedule; domain schedule writes; nursing match/auto-book/assigned; cart compensate/clear	Cash-only consultation; cart prices copied from cart; server price revalidation not visible; insurance delegated	Not executed; route/method, owner/stranger, replay, concurrency, payment, compensation, token expiry implications documented	Full source member read completed from baseline archive bytes; findings observational only, no remediation
nabdah-backend.zip	src/modules/unified-bookings/unified-bookings.contract.spec.ts	772a767df071cfcc1f22e2665b978e9cc3aee343700fe344ddc1d0e3155a370a	772a767df071cfcc1f22e2665b978e9cc3aee343700fe344ddc1d0e3155a370a	YES	99	OWNED_SOURCE_MEMBER	test	backend	NO	UNASSIGNED	UNASSIGNED	UNASSIGNED	UNASSIGNED	UNASSIGNED	UNASSIGNED	UNASSIGNED	UNASSIGNED	UNASSIGNED	UNASSIGNED	Semantic read pending; inventory/provenance only
nabdah-backend.zip	src/modules/unified-bookings/unified-bookings.service.ts	4d69b29d8e22cfefaa9a5a2f0bdf42a5f5a734f29549d9a13dc827c412ef6233	4d69b29d8e22cfefaa9a5a2f0bdf42a5f5a734f29549d9a13dc827c412ef6233	YES	32	OWNED_SOURCE_MEMBER	service	backend	NO	UNASSIGNED	UNASSIGNED	UNASSIGNED	UNASSIGNED	UNASSIGNED	UNASSIGNED	UNASSIGNED	UNASSIGNED	UNASSIGNED	UNASSIGNED	Semantic read pending; inventory/provenance only
nabdah-backend.zip	src/modules/unified-bookings/unified-bookings.service.spec.ts	65047c11773f77fe49bda5aadcc63af98a2033d3921c6692f0ffc05d7c9a14ef	65047c11773f77fe49bda5aadcc63af98a2033d3921c6692f0ffc05d7c9a14ef	YES	25	OWNED_SOURCE_MEMBER	service	backend	NO	UNASSIGNED	UNASSIGNED	UNASSIGNED	UNASSIGNED	UNASSIGNED	UNASSIGNED	UNASSIGNED	UNASSIGNED	UNASSIGNED	UNASSIGNED	Semantic read pending; inventory/provenance only
nabdah-backend.zip	src/modules/booking-ops/booking-ops.service.spec.ts	d01018e90e13a9120f96481fe23dd62dcfeaa09a2c3ccef4ecc341125c5a5136	d01018e90e13a9120f96481fe23dd62dcfeaa09a2c3ccef4ecc341125c5a5136	YES	48	OWNED_SOURCE_MEMBER	service	backend	NO	UNASSIGNED	UNASSIGNED	UNASSIGNED	UNASSIGNED	UNASSIGNED	UNASSIGNED	UNASSIGNED	UNASSIGNED	UNASSIGNED	UNASSIGNED	Semantic read pending; inventory/provenance only
nabdah-backend.zip	src/modules/booking-ops/booking-ops.module.ts	71e8233e8912bdbf5f03f6b5541707bd6d7223ef2b90e37365dd99c3f6d15c69	71e8233e8912bdbf5f03f6b5541707bd6d7223ef2b90e37365dd99c3f6d15c69	YES	205	OWNED_SOURCE_MEMBER	source/config	backend	NO	UNASSIGNED	UNASSIGNED	UNASSIGNED	UNASSIGNED	UNASSIGNED	UNASSIGNED	UNASSIGNED	UNASSIGNED	UNASSIGNED	UNASSIGNED	Semantic read pending; inventory/provenance only
nabdah-backend.zip	src/modules/socket/socket.gateway.ts	cc49f62e3313012de81e706dde218ed0ac41a88435c1606a213beac9be1cb7f6	cc49f62e3313012de81e706dde218ed0ac41a88435c1606a213beac9be1cb7f6	YES	46	OWNED_SOURCE_MEMBER	gateway	backend	NO	UNASSIGNED	UNASSIGNED	UNASSIGNED	UNASSIGNED	UNASSIGNED	UNASSIGNED	UNASSIGNED	UNASSIGNED	UNASSIGNED	UNASSIGNED	Semantic read pending; inventory/provenance only
nabdah-backend.zip	src/modules/legacy/legacy.module.ts	f597dfc0310bfe4f2b885e925d5c4fcc0a048a4925279b92c611843fb339ad72	f597dfc0310bfe4f2b885e925d5c4fcc0a048a4925279b92c611843fb339ad72	YES	97	OWNED_SOURCE_MEMBER	source/config	backend	NO	UNASSIGNED	UNASSIGNED	UNASSIGNED	UNASSIGNED	UNASSIGNED	UNASSIGNED	UNASSIGNED	UNASSIGNED	UNASSIGNED	UNASSIGNED	Semantic read pending; inventory/provenance only
nabdah-backend.zip	src/modules/ops/ops.module.ts	74dae32b235288bd0ade2c49afa85004c041bf0764c4865eb74b63b202db81f2	74dae32b235288bd0ade2c49afa85004c041bf0764c4865eb74b63b202db81f2	YES	12	OWNED_SOURCE_MEMBER	source/config	backend	NO	UNASSIGNED	UNASSIGNED	UNASSIGNED	UNASSIGNED	UNASSIGNED	UNASSIGNED	UNASSIGNED	UNASSIGNED	UNASSIGNED	UNASSIGNED	Semantic read pending; inventory/provenance only
nabdah-backend.zip	src/modules/ops/metrics.interceptor.ts	a3b1e152a154bfdbeb4f4082058cb50243d1feb75b4cd2d0a9a15725036d5d2c	a3b1e152a154bfdbeb4f4082058cb50243d1feb75b4cd2d0a9a15725036d5d2c	YES	55	OWNED_SOURCE_MEMBER	source/config	backend	NO	UNASSIGNED	UNASSIGNED	UNASSIGNED	UNASSIGNED	UNASSIGNED	UNASSIGNED	UNASSIGNED	UNASSIGNED	UNASSIGNED	UNASSIGNED	Semantic read pending; inventory/provenance only
nabdah-backend.zip	src/modules/ops/ops.controller.ts	68ad6e88cc58aa338ac9096d9e3e52a5dc56f370a39dd443f1fc5fb87b8a3e44	68ad6e88cc58aa338ac9096d9e3e52a5dc56f370a39dd443f1fc5fb87b8a3e44	YES	173	OWNED_SOURCE_MEMBER	controller	backend	NO	UNASSIGNED	UNASSIGNED	UNASSIGNED	UNASSIGNED	UNASSIGNED	UNASSIGNED	UNASSIGNED	UNASSIGNED	UNASSIGNED	UNASSIGNED	Semantic read pending; inventory/provenance only
nabdah-backend.zip	src/modules/family/family.service.ts	8ee12cdfe5a775de9fbf315e9a46d9b0204f78ddeff860ced230fea92c3bf957	8ee12cdfe5a775de9fbf315e9a46d9b0204f78ddeff860ced230fea92c3bf957	YES	445	OWNED_SOURCE_MEMBER	service	backend	NO	UNASSIGNED	UNASSIGNED	UNASSIGNED	UNASSIGNED	UNASSIGNED	UNASSIGNED	UNASSIGNED	UNASSIGNED	UNASSIGNED	UNASSIGNED	Semantic read pending; inventory/provenance only
nabdah-backend.zip	src/modules/family/family.service.spec.ts	99f8f84dce33d16f5d51e7e0e16177785631429c9f8a15d287e065ddffe7ac1a	99f8f84dce33d16f5d51e7e0e16177785631429c9f8a15d287e065ddffe7ac1a	YES	206	OWNED_SOURCE_MEMBER	service	backend	NO	UNASSIGNED	UNASSIGNED	UNASSIGNED	UNASSIGNED	UNASSIGNED	UNASSIGNED	UNASSIGNED	UNASSIGNED	UNASSIGNED	UNASSIGNED	Semantic read pending; inventory/provenance only
nabdah-backend.zip	src/modules/family/family.controller.ts	e6dcd1a678a959f2833fa22ef1d3c9b705282eeaef164f95fce6667faf902b83	e6dcd1a678a959f2833fa22ef1d3c9b705282eeaef164f95fce6667faf902b83	YES	134	OWNED_SOURCE_MEMBER	controller	backend	NO	UNASSIGNED	UNASSIGNED	UNASSIGNED	UNASSIGNED	UNASSIGNED	UNASSIGNED	UNASSIGNED	UNASSIGNED	UNASSIGNED	UNASSIGNED	Semantic read pending; inventory/provenance only
nabdah-backend.zip	src/modules/family/family.module.ts	cf063b4f1347d928a1f83bc603f74ddb1a58ffa986c098a522fedb43e276df14	cf063b4f1347d928a1f83bc603f74ddb1a58ffa986c098a522fedb43e276df14	YES	27	OWNED_SOURCE_MEMBER	source/config	backend	NO	UNASSIGNED	UNASSIGNED	UNASSIGNED	UNASSIGNED	UNASSIGNED	UNASSIGNED	UNASSIGNED	UNASSIGNED	UNASSIGNED	UNASSIGNED	Semantic read pending; inventory/provenance only
nabdah-backend.zip	src/modules/family/repositories/familygroup.repository.ts	941b003ef350a42e0935978ec1c66384a17658448398c147412e340c291d3fec	941b003ef350a42e0935978ec1c66384a17658448398c147412e340c291d3fec	YES	13	OWNED_SOURCE_MEMBER	repository	backend	NO	UNASSIGNED	UNASSIGNED	UNASSIGNED	UNASSIGNED	UNASSIGNED	UNASSIGNED	UNASSIGNED	UNASSIGNED	UNASSIGNED	UNASSIGNED	Semantic read pending; inventory/provenance only
nabdah-backend.zip	src/modules/family/repositories/familypermissionrequest.repository.ts	869b1b60a3e06bd2fe3dcd6891daee98e35f08f4a1816912e9c166cf7cfd4fc6	869b1b60a3e06bd2fe3dcd6891daee98e35f08f4a1816912e9c166cf7cfd4fc6	YES	13	OWNED_SOURCE_MEMBER	repository	backend	NO	UNASSIGNED	UNASSIGNED	UNASSIGNED	UNASSIGNED	UNASSIGNED	UNASSIGNED	UNASSIGNED	UNASSIGNED	UNASSIGNED	UNASSIGNED	Semantic read pending; inventory/provenance only
nabdah-backend.zip	src/modules/family/repositories/sharedcalendarevent.repository.ts	d82be0ec5f92d435d33ea246e5638040dc6bc853af1081d6b2b62f060d382a33	d82be0ec5f92d435d33ea246e5638040dc6bc853af1081d6b2b62f060d382a33	YES	13	OWNED_SOURCE_MEMBER	repository	backend	NO	UNASSIGNED	UNASSIGNED	UNASSIGNED	UNASSIGNED	UNASSIGNED	UNASSIGNED	UNASSIGNED	UNASSIGNED	UNASSIGNED	UNASSIGNED	Semantic read pending; inventory/provenance only
nabdah-backend.zip	src/modules/home-care/home-care.module.ts	9793b40a7f18e321f01b5539311ebb1adaf87dbf2f80771ca796be8d7de1802b	9793b40a7f18e321f01b5539311ebb1adaf87dbf2f80771ca796be8d7de1802b	YES	70	OWNED_SOURCE_MEMBER	source/config	backend	NO	UNASSIGNED	UNASSIGNED	UNASSIGNED	UNASSIGNED	UNASSIGNED	UNASSIGNED	UNASSIGNED	UNASSIGNED	UNASSIGNED	UNASSIGNED	Semantic read pending; inventory/provenance only
nabdah-backend.zip	src/modules/home-care/home-care.contract.spec.ts	4030c209393653ddca5327851bde414dc8fd2a0fcd285f61dd2255f9cb5b4ade	4030c209393653ddca5327851bde414dc8fd2a0fcd285f61dd2255f9cb5b4ade	YES	44	OWNED_SOURCE_MEMBER	test	backend	NO	UNASSIGNED	UNASSIGNED	UNASSIGNED	UNASSIGNED	UNASSIGNED	UNASSIGNED	UNASSIGNED	UNASSIGNED	UNASSIGNED	UNASSIGNED	Semantic read pending; inventory/provenance only
nabdah-backend.zip	src/modules/home-care/home-care.service.ts	85e5f71bd90f39054e168f9e8ae05d4c2e9660aa6cfb8a9422ea27d5ede392be	85e5f71bd90f39054e168f9e8ae05d4c2e9660aa6cfb8a9422ea27d5ede392be	YES	201	OWNED_SOURCE_MEMBER	service	backend	NO	UNASSIGNED	UNASSIGNED	UNASSIGNED	UNASSIGNED	UNASSIGNED	UNASSIGNED	UNASSIGNED	UNASSIGNED	UNASSIGNED	UNASSIGNED	Semantic read pending; inventory/provenance only
nabdah-backend.zip	src/modules/home-care/home-care.service.spec.ts	50635cc16f2d45d9d178b427fc3dca95366a09ad15362a0ee170def8b05ae837	50635cc16f2d45d9d178b427fc3dca95366a09ad15362a0ee170def8b05ae837	YES	86	OWNED_SOURCE_MEMBER	service	backend	NO	UNASSIGNED	UNASSIGNED	UNASSIGNED	UNASSIGNED	UNASSIGNED	UNASSIGNED	UNASSIGNED	UNASSIGNED	UNASSIGNED	UNASSIGNED	Semantic read pending; inventory/provenance only
nabdah-backend.zip	src/modules/home-care/home-care.seed.ts	9125cfc354c3423a759ac2ff7e33f3cc3c0e81dfcabaa4ddc9ffe093d6f0ea20	9125cfc354c3423a759ac2ff7e33f3cc3c0e81dfcabaa4ddc9ffe093d6f0ea20	YES	139	OWNED_SOURCE_MEMBER	source/config	backend	NO	UNASSIGNED	UNASSIGNED	UNASSIGNED	UNASSIGNED	UNASSIGNED	UNASSIGNED	UNASSIGNED	UNASSIGNED	UNASSIGNED	UNASSIGNED	Semantic read pending; inventory/provenance only
nabdah-backend.zip	src/modules/home-care/home-care.controller.ts	3aa7eae42652267c4780474c5f4647af9dd89efc54043e4c59829959c7fb44ad	3aa7eae42652267c4780474c5f4647af9dd89efc54043e4c59829959c7fb44ad	YES	418	OWNED_SOURCE_MEMBER	controller	backend	YES	audit-artifacts/phase0b-backend/semantic-evidence-homecare-controller.md	Semantic read; Auth/ownership; State transitions; Security/truthfulness observations	1-317,318-418	53-418: nursing notes/catalog/visits/tracking/state machine/wallet/home-care detail	Inline bodies for notes/respond/arrival/emergency/complete; HomeCareBooking/HomeCareService/NurseProvider models	Not yet reconciled; consumer traceability phase pending	JwtAuthGuard; patient/assigned provider/admin reads; provider mutation checks; owner-scoped contract detail 404	new request -> confirmed -> transit -> arrived -> care -> completed; no-show/emergency branches	Catalog persisted approved services; wallet fee fallbacks; emergency refund pending finance review	Not executed; access matrix, state/replay, GPS, timers, refund, privacy, wallet and blocked catalog implications documented	Full source member read completed from baseline archive bytes; no remediation performed
nabdah-backend.zip	src/modules/home-care/home-care.controller.spec.ts	37d82e0169bdfcef1100c14c0d417f0ec39d0da9f09a86b61ee8fd84bd4ba356	37d82e0169bdfcef1100c14c0d417f0ec39d0da9f09a86b61ee8fd84bd4ba356	YES	75	OWNED_SOURCE_MEMBER	controller	backend	NO	UNASSIGNED	UNASSIGNED	UNASSIGNED	UNASSIGNED	UNASSIGNED	UNASSIGNED	UNASSIGNED	UNASSIGNED	UNASSIGNED	UNASSIGNED	Semantic read pending; inventory/provenance only
nabdah-backend.zip	src/modules/home-care/schemas/home-care-booking.schema.ts	657eb45cc9b163042216cfbc97c07d3a19158361816b7afdb9729a591fe0403d	657eb45cc9b163042216cfbc97c07d3a19158361816b7afdb9729a591fe0403d	YES	36	OWNED_SOURCE_MEMBER	schema	backend	NO	UNASSIGNED	UNASSIGNED	UNASSIGNED	UNASSIGNED	UNASSIGNED	UNASSIGNED	UNASSIGNED	UNASSIGNED	UNASSIGNED	UNASSIGNED	Semantic read pending; inventory/provenance only
nabdah-backend.zip	src/modules/home-care/schemas/home-care-nurse.schema.ts	4a27ecb8c1341d6aa02db69cf219ca787dbd1008aa38bb2cfc0311fbfcb76efe	4a27ecb8c1341d6aa02db69cf219ca787dbd1008aa38bb2cfc0311fbfcb76efe	YES	19	OWNED_SOURCE_MEMBER	schema	backend	NO	UNASSIGNED	UNASSIGNED	UNASSIGNED	UNASSIGNED	UNASSIGNED	UNASSIGNED	UNASSIGNED	UNASSIGNED	UNASSIGNED	UNASSIGNED	Semantic read pending; inventory/provenance only
nabdah-backend.zip	src/modules/home-care/schemas/medical-supply-request.schema.ts	629fde62f4b3cf55e4370ba1e5b7188a211c3e77fbb8562572fcadfccb1fa38d	629fde62f4b3cf55e4370ba1e5b7188a211c3e77fbb8562572fcadfccb1fa38d	YES	30	OWNED_SOURCE_MEMBER	schema	backend	NO	UNASSIGNED	UNASSIGNED	UNASSIGNED	UNASSIGNED	UNASSIGNED	UNASSIGNED	UNASSIGNED	UNASSIGNED	UNASSIGNED	UNASSIGNED	Semantic read pending; inventory/provenance only
nabdah-backend.zip	src/modules/home-care/repositories/homecareservice.repository.ts	699430dc86b9f6f2f69b02e1228ebcde066d60b8a53ad6256d053438aaba406f	699430dc86b9f6f2f69b02e1228ebcde066d60b8a53ad6256d053438aaba406f	YES	13	OWNED_SOURCE_MEMBER	service	backend	NO	UNASSIGNED	UNASSIGNED	UNASSIGNED	UNASSIGNED	UNASSIGNED	UNASSIGNED	UNASSIGNED	UNASSIGNED	UNASSIGNED	UNASSIGNED	Semantic read pending; inventory/provenance only
nabdah-backend.zip	src/modules/home-care/repositories/nursingvisitreport.repository.ts	282fba007878c7e9972744802f66624d8f3a661d477f0a8c8a30020c0aae2e63	282fba007878c7e9972744802f66624d8f3a661d477f0a8c8a30020c0aae2e63	YES	13	OWNED_SOURCE_MEMBER	repository	backend	NO	UNASSIGNED	UNASSIGNED	UNASSIGNED	UNASSIGNED	UNASSIGNED	UNASSIGNED	UNASSIGNED	UNASSIGNED	UNASSIGNED	UNASSIGNED	Semantic read pending; inventory/provenance only
nabdah-backend.zip	src/modules/home-care/repositories/homecarebooking.repository.ts	a83fea04a6c5b8674768255f4b3dfd6f278f6b4bce915a243b4fd4f99d84809d	a83fea04a6c5b8674768255f4b3dfd6f278f6b4bce915a243b4fd4f99d84809d	YES	13	OWNED_SOURCE_MEMBER	repository	backend	NO	UNASSIGNED	UNASSIGNED	UNASSIGNED	UNASSIGNED	UNASSIGNED	UNASSIGNED	UNASSIGNED	UNASSIGNED	UNASSIGNED	UNASSIGNED	Semantic read pending; inventory/provenance only
nabdah-backend.zip	src/modules/home-care/repositories/medicalsupplyrequest.repository.ts	c8e6f271b645ee4c1105af0d2c99ead834c31fbd0a739ac5cb6b5cc85b488b93	c8e6f271b645ee4c1105af0d2c99ead834c31fbd0a739ac5cb6b5cc85b488b93	YES	13	OWNED_SOURCE_MEMBER	repository	backend	NO	UNASSIGNED	UNASSIGNED	UNASSIGNED	UNASSIGNED	UNASSIGNED	UNASSIGNED	UNASSIGNED	UNASSIGNED	UNASSIGNED	UNASSIGNED	Semantic read pending; inventory/provenance only
nabdah-backend.zip	src/modules/home-care/repositories/careplan.repository.ts	1369d6fcb014b0d5cd278a3da584d3ec9042d0271ae3d2d5de12e0f8efc297ca	1369d6fcb014b0d5cd278a3da584d3ec9042d0271ae3d2d5de12e0f8efc297ca	YES	13	OWNED_SOURCE_MEMBER	repository	backend	NO	UNASSIGNED	UNASSIGNED	UNASSIGNED	UNASSIGNED	UNASSIGNED	UNASSIGNED	UNASSIGNED	UNASSIGNED	UNASSIGNED	UNASSIGNED	Semantic read pending; inventory/provenance only
nabdah-backend.zip	src/modules/home-care/controllers/home-care-tracking.controller.spec.ts	d8455ff45437a0d7b8ac67767612cd3dd29ce728e58b2415600176f032aed4f2	d8455ff45437a0d7b8ac67767612cd3dd29ce728e58b2415600176f032aed4f2	YES	43	OWNED_SOURCE_MEMBER	controller	backend	NO	UNASSIGNED	UNASSIGNED	UNASSIGNED	UNASSIGNED	UNASSIGNED	UNASSIGNED	UNASSIGNED	UNASSIGNED	UNASSIGNED	UNASSIGNED	Semantic read pending; inventory/provenance only
nabdah-backend.zip	src/modules/home-care/controllers/home-care-tracking.controller.ts	9249781e53e0bfd4da8a30209667d76281913b10c2e27ce200f3877df513af41	9249781e53e0bfd4da8a30209667d76281913b10c2e27ce200f3877df513af41	YES	107	OWNED_SOURCE_MEMBER	controller	backend	NO	UNASSIGNED	UNASSIGNED	UNASSIGNED	UNASSIGNED	UNASSIGNED	UNASSIGNED	UNASSIGNED	UNASSIGNED	UNASSIGNED	UNASSIGNED	Semantic read pending; inventory/provenance only
nabdah-backend.zip	src/modules/drivers/drivers.controller.ts	300c0abb6a196595e506affaa17765e55af164cc66eeb99df4174ea537641e9f	300c0abb6a196595e506affaa17765e55af164cc66eeb99df4174ea537641e9f	YES	89	OWNED_SOURCE_MEMBER	controller	backend	NO	UNASSIGNED	UNASSIGNED	UNASSIGNED	UNASSIGNED	UNASSIGNED	UNASSIGNED	UNASSIGNED	UNASSIGNED	UNASSIGNED	UNASSIGNED	Semantic read pending; inventory/provenance only
nabdah-backend.zip	src/modules/drivers/drivers.module.ts	4c8bbc7e2f65abf0f5c5a01f897f32ddba723834c60421cf33f33dd39d27a947	4c8bbc7e2f65abf0f5c5a01f897f32ddba723834c60421cf33f33dd39d27a947	YES	29	OWNED_SOURCE_MEMBER	source/config	backend	NO	UNASSIGNED	UNASSIGNED	UNASSIGNED	UNASSIGNED	UNASSIGNED	UNASSIGNED	UNASSIGNED	UNASSIGNED	UNASSIGNED	UNASSIGNED	Semantic read pending; inventory/provenance only
nabdah-backend.zip	src/modules/drivers/drivers.service.ts	a545df6f4a9fc30dcd853bbec84349772c0463d6e19a6a1192dcc3e6f0b38dc2	a545df6f4a9fc30dcd853bbec84349772c0463d6e19a6a1192dcc3e6f0b38dc2	YES	159	OWNED_SOURCE_MEMBER	service	backend	NO	UNASSIGNED	UNASSIGNED	UNASSIGNED	UNASSIGNED	UNASSIGNED	UNASSIGNED	UNASSIGNED	UNASSIGNED	UNASSIGNED	UNASSIGNED	Semantic read pending; inventory/provenance only
nabdah-backend.zip	src/modules/drivers/repositories/delivery.repository.ts	67115431cb732cc71b3e4ef36cb4fad8d24ae2849cfcf7da4515be5861fa27b9	67115431cb732cc71b3e4ef36cb4fad8d24ae2849cfcf7da4515be5861fa27b9	YES	13	OWNED_SOURCE_MEMBER	repository	backend	NO	UNASSIGNED	UNASSIGNED	UNASSIGNED	UNASSIGNED	UNASSIGNED	UNASSIGNED	UNASSIGNED	UNASSIGNED	UNASSIGNED	UNASSIGNED	Semantic read pending; inventory/provenance only
nabdah-backend.zip	src/modules/drivers/repositories/user.repository.ts	810663ec29e799517a445a91b1f0910bc5897c86ff1bea728b30feda1d5f6ca7	810663ec29e799517a445a91b1f0910bc5897c86ff1bea728b30feda1d5f6ca7	YES	13	OWNED_SOURCE_MEMBER	repository	backend	NO	UNASSIGNED	UNASSIGNED	UNASSIGNED	UNASSIGNED	UNASSIGNED	UNASSIGNED	UNASSIGNED	UNASSIGNED	UNASSIGNED	UNASSIGNED	Semantic read pending; inventory/provenance only
nabdah-backend.zip	src/modules/drivers/repositories/drivershift.repository.ts	8f5a022cbba363511c3e6e29004c0dc07061b723fbf17a6ecbd8239edc297adc	8f5a022cbba363511c3e6e29004c0dc07061b723fbf17a6ecbd8239edc297adc	YES	13	OWNED_SOURCE_MEMBER	repository	backend	NO	UNASSIGNED	UNASSIGNED	UNASSIGNED	UNASSIGNED	UNASSIGNED	UNASSIGNED	UNASSIGNED	UNASSIGNED	UNASSIGNED	UNASSIGNED	Semantic read pending; inventory/provenance only
nabdah-backend.zip	src/modules/drivers/repositories/order.repository.ts	17033cbe1be9edd2efec6aada595c57abd36c931d76a7aac3d19d254da39cec0	17033cbe1be9edd2efec6aada595c57abd36c931d76a7aac3d19d254da39cec0	YES	13	OWNED_SOURCE_MEMBER	repository	backend	NO	UNASSIGNED	UNASSIGNED	UNASSIGNED	UNASSIGNED	UNASSIGNED	UNASSIGNED	UNASSIGNED	UNASSIGNED	UNASSIGNED	UNASSIGNED	Semantic read pending; inventory/provenance only
nabdah-backend.zip	src/modules/coturn/coturn.controller.ts	9ee3ca191c09935d2015c37de8dc85d57fea5fc3bc7bf3adf0bef0652ecb277d	9ee3ca191c09935d2015c37de8dc85d57fea5fc3bc7bf3adf0bef0652ecb277d	YES	19	OWNED_SOURCE_MEMBER	controller	backend	NO	UNASSIGNED	UNASSIGNED	UNASSIGNED	UNASSIGNED	UNASSIGNED	UNASSIGNED	UNASSIGNED	UNASSIGNED	UNASSIGNED	UNASSIGNED	Semantic read pending; inventory/provenance only
nabdah-backend.zip	src/modules/coturn/coturn.service.ts	28ec2d30f4057a4bf19fa939a7dae56a5af0f543d4657ad1f7105af544e65049	28ec2d30f4057a4bf19fa939a7dae56a5af0f543d4657ad1f7105af544e65049	YES	93	OWNED_SOURCE_MEMBER	service	backend	NO	UNASSIGNED	UNASSIGNED	UNASSIGNED	UNASSIGNED	UNASSIGNED	UNASSIGNED	UNASSIGNED	UNASSIGNED	UNASSIGNED	UNASSIGNED	Semantic read pending; inventory/provenance only
nabdah-backend.zip	src/modules/coturn/coturn.module.ts	852f1a11f19d469ef13915ed45e081375d98c4441051743095004399ee4aad26	852f1a11f19d469ef13915ed45e081375d98c4441051743095004399ee4aad26	YES	10	OWNED_SOURCE_MEMBER	source/config	backend	NO	UNASSIGNED	UNASSIGNED	UNASSIGNED	UNASSIGNED	UNASSIGNED	UNASSIGNED	UNASSIGNED	UNASSIGNED	UNASSIGNED	UNASSIGNED	Semantic read pending; inventory/provenance only
nabdah-backend.zip	src/modules/compat/compat.module.ts	568112a93e8ce1261814676b911d4f09e904f7613621e6cf9a59b3b363614766	568112a93e8ce1261814676b911d4f09e904f7613621e6cf9a59b3b363614766	YES	1139	OWNED_SOURCE_MEMBER	source/config	backend	NO	UNASSIGNED	UNASSIGNED	UNASSIGNED	UNASSIGNED	UNASSIGNED	UNASSIGNED	UNASSIGNED	UNASSIGNED	UNASSIGNED	UNASSIGNED	Semantic read pending; inventory/provenance only
nabdah-backend.zip	src/modules/compat/compat-family-chat.spec.ts	22c321fcce19ce360b45375b19b5881df594496dfb19a1a448055dafeb82299f	22c321fcce19ce360b45375b19b5881df594496dfb19a1a448055dafeb82299f	YES	40	OWNED_SOURCE_MEMBER	test	backend	NO	UNASSIGNED	UNASSIGNED	UNASSIGNED	UNASSIGNED	UNASSIGNED	UNASSIGNED	UNASSIGNED	UNASSIGNED	UNASSIGNED	UNASSIGNED	Semantic read pending; inventory/provenance only
nabdah-backend.zip	src/modules/compat/admin-spa.module.ts	1ecb2753b050e7192d84191b7aef420457a5feae6600f9186d22104f5fa09e5e	1ecb2753b050e7192d84191b7aef420457a5feae6600f9186d22104f5fa09e5e	YES	1362	OWNED_SOURCE_MEMBER	source/config	backend	NO	UNASSIGNED	UNASSIGNED	UNASSIGNED	UNASSIGNED	UNASSIGNED	UNASSIGNED	UNASSIGNED	UNASSIGNED	UNASSIGNED	UNASSIGNED	Semantic read pending; inventory/provenance only
nabdah-backend.zip	src/modules/compat/admin-nursing-containment.spec.ts	b73431ce733b9789151766cb4bdabd93669432f0bd6cdce4540ad854bee1d6fd	b73431ce733b9789151766cb4bdabd93669432f0bd6cdce4540ad854bee1d6fd	YES	11	OWNED_SOURCE_MEMBER	test	backend	NO	UNASSIGNED	UNASSIGNED	UNASSIGNED	UNASSIGNED	UNASSIGNED	UNASSIGNED	UNASSIGNED	UNASSIGNED	UNASSIGNED	UNASSIGNED	Semantic read pending; inventory/provenance only
nabdah-backend.zip	src/modules/device-trust/device-trust.module.ts	ea43e90bb85b9d32b39f1ebfe1b71146ef93f8fc9a7afaf98aba6c5065ae4c03	ea43e90bb85b9d32b39f1ebfe1b71146ef93f8fc9a7afaf98aba6c5065ae4c03	YES	165	OWNED_SOURCE_MEMBER	source/config	backend	NO	UNASSIGNED	UNASSIGNED	UNASSIGNED	UNASSIGNED	UNASSIGNED	UNASSIGNED	UNASSIGNED	UNASSIGNED	UNASSIGNED	UNASSIGNED	Semantic read pending; inventory/provenance only
nabdah-backend.zip	src/modules/security/security.module.ts	3062e2ee82518bec03e16ddeaf2dd0dcf8be6e69beba33e557370252c3d12cc1	3062e2ee82518bec03e16ddeaf2dd0dcf8be6e69beba33e557370252c3d12cc1	YES	180	OWNED_SOURCE_MEMBER	source/config	backend	NO	UNASSIGNED	UNASSIGNED	UNASSIGNED	UNASSIGNED	UNASSIGNED	UNASSIGNED	UNASSIGNED	UNASSIGNED	UNASSIGNED	UNASSIGNED	Semantic read pending; inventory/provenance only
nabdah-backend.zip	src/modules/provider/provider-requests.doctor-contract.spec.ts	6854a8c982d18e210ff8ff5623f3de7d53e087be178caaea04424cbbcc2d2616	6854a8c982d18e210ff8ff5623f3de7d53e087be178caaea04424cbbcc2d2616	YES	52	OWNED_SOURCE_MEMBER	test	backend	NO	UNASSIGNED	UNASSIGNED	UNASSIGNED	UNASSIGNED	UNASSIGNED	UNASSIGNED	UNASSIGNED	UNASSIGNED	UNASSIGNED	UNASSIGNED	Semantic read pending; inventory/provenance only
nabdah-backend.zip	src/modules/provider/provider.module.ts	f95e11086a820c0f4152de0738ac96d97355db5ba7d07f03a7b00d9107dfa78f	f95e11086a820c0f4152de0738ac96d97355db5ba7d07f03a7b00d9107dfa78f	YES	192	OWNED_SOURCE_MEMBER	source/config	backend	NO	UNASSIGNED	UNASSIGNED	UNASSIGNED	UNASSIGNED	UNASSIGNED	UNASSIGNED	UNASSIGNED	UNASSIGNED	UNASSIGNED	UNASSIGNED	Semantic read pending; inventory/provenance only
nabdah-backend.zip	src/modules/provider/leave-requests.controller.ts	a1e2807cd3bb76553a1eb006e42347717a6476b502d4519fafaf75a641620e7f	a1e2807cd3bb76553a1eb006e42347717a6476b502d4519fafaf75a641620e7f	YES	64	OWNED_SOURCE_MEMBER	controller	backend	NO	UNASSIGNED	UNASSIGNED	UNASSIGNED	UNASSIGNED	UNASSIGNED	UNASSIGNED	UNASSIGNED	UNASSIGNED	UNASSIGNED	UNASSIGNED	Semantic read pending; inventory/provenance only
nabdah-backend.zip	src/modules/provider/simulated-features.dto.ts	5f346731ff29848a8d7d10bcf7b5912f0382f7ce9e91dfe91fd20aade1954b02	5f346731ff29848a8d7d10bcf7b5912f0382f7ce9e91dfe91fd20aade1954b02	YES	141	OWNED_SOURCE_MEMBER	dto	backend	NO	UNASSIGNED	UNASSIGNED	UNASSIGNED	UNASSIGNED	UNASSIGNED	UNASSIGNED	UNASSIGNED	UNASSIGNED	UNASSIGNED	UNASSIGNED	Semantic read pending; inventory/provenance only
nabdah-backend.zip	src/modules/provider/provider.controllers.ts	90f2b6220759a351a2acbefc1a7b09268590d43ac6a705811acd2f54a3001c28	90f2b6220759a351a2acbefc1a7b09268590d43ac6a705811acd2f54a3001c28	YES	535	OWNED_SOURCE_MEMBER	controller	backend	NO	UNASSIGNED	UNASSIGNED	UNASSIGNED	UNASSIGNED	UNASSIGNED	UNASSIGNED	UNASSIGNED	UNASSIGNED	UNASSIGNED	UNASSIGNED	Semantic read pending; inventory/provenance only
nabdah-backend.zip	src/modules/provider/simulated-features.controller.ts	5974531349f1536a5d27d4c98d7d65513b661123993bac61c4df420645f357ce	5974531349f1536a5d27d4c98d7d65513b661123993bac61c4df420645f357ce	YES	197	OWNED_SOURCE_MEMBER	controller	backend	NO	UNASSIGNED	UNASSIGNED	UNASSIGNED	UNASSIGNED	UNASSIGNED	UNASSIGNED	UNASSIGNED	UNASSIGNED	UNASSIGNED	UNASSIGNED	Semantic read pending; inventory/provenance only
nabdah-backend.zip	src/modules/provider/provider.enums.ts	a68011e7579a4c890567ce415243e01da7c6534449e61046b887d643cb6a8773	a68011e7579a4c890567ce415243e01da7c6534449e61046b887d643cb6a8773	YES	91	OWNED_SOURCE_MEMBER	source/config	backend	NO	UNASSIGNED	UNASSIGNED	UNASSIGNED	UNASSIGNED	UNASSIGNED	UNASSIGNED	UNASSIGNED	UNASSIGNED	UNASSIGNED	UNASSIGNED	Semantic read pending; inventory/provenance only
nabdah-backend.zip	src/modules/provider/services/provider-auth.service.ts	058dbe7ae7a347abd3707698bf196b029169287e1445f90c269259fbabbf6226	058dbe7ae7a347abd3707698bf196b029169287e1445f90c269259fbabbf6226	YES	221	OWNED_SOURCE_MEMBER	service	backend	NO	UNASSIGNED	UNASSIGNED	UNASSIGNED	UNASSIGNED	UNASSIGNED	UNASSIGNED	UNASSIGNED	UNASSIGNED	UNASSIGNED	UNASSIGNED	Semantic read pending; inventory/provenance only
nabdah-backend.zip	src/modules/provider/services/provider-scoring.service.ts	1b4e47ab657101e39f2a27b5f2e9f5bfb83ec2b75e90249934234b75562a2ef3	1b4e47ab657101e39f2a27b5f2e9f5bfb83ec2b75e90249934234b75562a2ef3	YES	107	OWNED_SOURCE_MEMBER	service	backend	NO	UNASSIGNED	UNASSIGNED	UNASSIGNED	UNASSIGNED	UNASSIGNED	UNASSIGNED	UNASSIGNED	UNASSIGNED	UNASSIGNED	UNASSIGNED	Semantic read pending; inventory/provenance only
nabdah-backend.zip	src/modules/provider/services/assignment-strategy.service.ts	285c3b58de81b202b6a75536022433dfb0e24fbbc72adb741c440d42d218036f	285c3b58de81b202b6a75536022433dfb0e24fbbc72adb741c440d42d218036f	YES	242	OWNED_SOURCE_MEMBER	service	backend	NO	UNASSIGNED	UNASSIGNED	UNASSIGNED	UNASSIGNED	UNASSIGNED	UNASSIGNED	UNASSIGNED	UNASSIGNED	UNASSIGNED	UNASSIGNED	Semantic read pending; inventory/provenance only
nabdah-backend.zip	src/modules/provider/services/scheduling-engine.service.ts	60db5db16017d2430cd059cd8bed5a97c08ad4d0d3f499180a6e2726a8694935	60db5db16017d2430cd059cd8bed5a97c08ad4d0d3f499180a6e2726a8694935	YES	111	OWNED_SOURCE_MEMBER	service	backend	NO	UNASSIGNED	UNASSIGNED	UNASSIGNED	UNASSIGNED	UNASSIGNED	UNASSIGNED	UNASSIGNED	UNASSIGNED	UNASSIGNED	UNASSIGNED	Semantic read pending; inventory/provenance only
nabdah-backend.zip	src/modules/provider/services/provider-request-engine.service.ts	b5b020ba9e99d712fab67911270b0ea8959f394807619d216f50dde2f04a0b69	b5b020ba9e99d712fab67911270b0ea8959f394807619d216f50dde2f04a0b69	YES	246	OWNED_SOURCE_MEMBER	service	backend	NO	UNASSIGNED	UNASSIGNED	UNASSIGNED	UNASSIGNED	UNASSIGNED	UNASSIGNED	UNASSIGNED	UNASSIGNED	UNASSIGNED	UNASSIGNED	Semantic read pending; inventory/provenance only
nabdah-backend.zip	src/modules/provider/services/provider-profile.service.ts	cce9d156359264b3985477b9ffeafdc7d8db8ac455d9f6c74e04189edacbcc75	cce9d156359264b3985477b9ffeafdc7d8db8ac455d9f6c74e04189edacbcc75	YES	216	OWNED_SOURCE_MEMBER	service	backend	NO	UNASSIGNED	UNASSIGNED	UNASSIGNED	UNASSIGNED	UNASSIGNED	UNASSIGNED	UNASSIGNED	UNASSIGNED	UNASSIGNED	UNASSIGNED	Semantic read pending; inventory/provenance only
nabdah-backend.zip	src/modules/provider/services/provider-notifications.service.ts	9a64838a33cf582faf59a2b0a5744246499bb8953f32f4165cfff6c16e0ac81d	9a64838a33cf582faf59a2b0a5744246499bb8953f32f4165cfff6c16e0ac81d	YES	55	OWNED_SOURCE_MEMBER	service	backend	NO	UNASSIGNED	UNASSIGNED	UNASSIGNED	UNASSIGNED	UNASSIGNED	UNASSIGNED	UNASSIGNED	UNASSIGNED	UNASSIGNED	UNASSIGNED	Semantic read pending; inventory/provenance only
nabdah-backend.zip	src/modules/provider/services/provider-otp.service.ts	339a6cc38e1f1ffdfa3af8b3521316ae8a6f270fa0580b7572494a3b5e00fddc	339a6cc38e1f1ffdfa3af8b3521316ae8a6f270fa0580b7572494a3b5e00fddc	YES	98	OWNED_SOURCE_MEMBER	service	backend	NO	UNASSIGNED	UNASSIGNED	UNASSIGNED	UNASSIGNED	UNASSIGNED	UNASSIGNED	UNASSIGNED	UNASSIGNED	UNASSIGNED	UNASSIGNED	Semantic read pending; inventory/provenance only
nabdah-backend.zip	src/modules/provider/services/geo-engine.service.ts	1eae4a59e8a843db8c1d052c24cba5f09b99e2041e61b3060302ed2029797be7	1eae4a59e8a843db8c1d052c24cba5f09b99e2041e61b3060302ed2029797be7	YES	52	OWNED_SOURCE_MEMBER	service	backend	NO	UNASSIGNED	UNASSIGNED	UNASSIGNED	UNASSIGNED	UNASSIGNED	UNASSIGNED	UNASSIGNED	UNASSIGNED	UNASSIGNED	UNASSIGNED	Semantic read pending; inventory/provenance only
nabdah-backend.zip	src/modules/provider/services/provider-matching.service.ts	93e6d97a46e3e4c03ac6d676becfd8fdb33deb4c96ecd867935aefe67412d44e	93e6d97a46e3e4c03ac6d676becfd8fdb33deb4c96ecd867935aefe67412d44e	YES	212	OWNED_SOURCE_MEMBER	service	backend	NO	UNASSIGNED	UNASSIGNED	UNASSIGNED	UNASSIGNED	UNASSIGNED	UNASSIGNED	UNASSIGNED	UNASSIGNED	UNASSIGNED	UNASSIGNED	Semantic read pending; inventory/provenance only
nabdah-backend.zip	src/modules/provider/services/service-capability.service.ts	0477ed26d5f82a2d2fc44b4a660e586c6e2d27ec29cf1668cd2b132d00b46482	0477ed26d5f82a2d2fc44b4a660e586c6e2d27ec29cf1668cd2b132d00b46482	YES	219	OWNED_SOURCE_MEMBER	service	backend	NO	UNASSIGNED	UNASSIGNED	UNASSIGNED	UNASSIGNED	UNASSIGNED	UNASSIGNED	UNASSIGNED	UNASSIGNED	UNASSIGNED	UNASSIGNED	Semantic read pending; inventory/provenance only
nabdah-backend.zip	src/modules/provider/services/provider-request-engine.service.assignment.spec.ts	bafdaeda50c0c8b889f76aa9e3708a72f8d85c653c4990c84695377e6a582753	bafdaeda50c0c8b889f76aa9e3708a72f8d85c653c4990c84695377e6a582753	YES	32	OWNED_SOURCE_MEMBER	service	backend	NO	UNASSIGNED	UNASSIGNED	UNASSIGNED	UNASSIGNED	UNASSIGNED	UNASSIGNED	UNASSIGNED	UNASSIGNED	UNASSIGNED	UNASSIGNED	Semantic read pending; inventory/provenance only
nabdah-backend.zip	src/modules/provider/services/provider-operators.service.ts	d6a3e1d47b241c11d544cc24a6436526fcf81198ac4d4f77110a9a6145f27f15	d6a3e1d47b241c11d544cc24a6436526fcf81198ac4d4f77110a9a6145f27f15	YES	98	OWNED_SOURCE_MEMBER	service	backend	NO	UNASSIGNED	UNASSIGNED	UNASSIGNED	UNASSIGNED	UNASSIGNED	UNASSIGNED	UNASSIGNED	UNASSIGNED	UNASSIGNED	UNASSIGNED	Semantic read pending; inventory/provenance only
nabdah-backend.zip	src/modules/provider/services/provider-schedule.service.ts	2644994984a6a9b222a9b7dd6f299145b086fee4fe9d885af95fd2336a4a67f1	2644994984a6a9b222a9b7dd6f299145b086fee4fe9d885af95fd2336a4a67f1	YES	64	OWNED_SOURCE_MEMBER	service	backend	NO	UNASSIGNED	UNASSIGNED	UNASSIGNED	UNASSIGNED	UNASSIGNED	UNASSIGNED	UNASSIGNED	UNASSIGNED	UNASSIGNED	UNASSIGNED	Semantic read pending; inventory/provenance only
nabdah-backend.zip	src/modules/provider/services/provider-dashboard.service.ts	b338dffaf9f0bb6656e2ae822c3b301a2caec22aceba9fb4311891ae0734f9c8	b338dffaf9f0bb6656e2ae822c3b301a2caec22aceba9fb4311891ae0734f9c8	YES	107	OWNED_SOURCE_MEMBER	service	backend	NO	UNASSIGNED	UNASSIGNED	UNASSIGNED	UNASSIGNED	UNASSIGNED	UNASSIGNED	UNASSIGNED	UNASSIGNED	UNASSIGNED	UNASSIGNED	Semantic read pending; inventory/provenance only
nabdah-backend.zip	src/modules/provider/services/provider-seed.service.ts	a8e354c1d3224d0f417584a28f7a97003e4f2185b97535c1695f32af970349eb	a8e354c1d3224d0f417584a28f7a97003e4f2185b97535c1695f32af970349eb	YES	344	OWNED_SOURCE_MEMBER	service	backend	NO	UNASSIGNED	UNASSIGNED	UNASSIGNED	UNASSIGNED	UNASSIGNED	UNASSIGNED	UNASSIGNED	UNASSIGNED	UNASSIGNED	UNASSIGNED	Semantic read pending; inventory/provenance only
nabdah-backend.zip	src/modules/provider/services/provider-admin.service.ts	1694f07d5bb4e0e1e27cc5afb38f1bf62c9628e810638e666de44e88d3fe1aa2	1694f07d5bb4e0e1e27cc5afb38f1bf62c9628e810638e666de44e88d3fe1aa2	YES	186	OWNED_SOURCE_MEMBER	service	backend	NO	UNASSIGNED	UNASSIGNED	UNASSIGNED	UNASSIGNED	UNASSIGNED	UNASSIGNED	UNASSIGNED	UNASSIGNED	UNASSIGNED	UNASSIGNED	Semantic read pending; inventory/provenance only
nabdah-backend.zip	src/modules/provider/services/provider-image-processor.service.ts	8b015c4902c11bda40470a9945f68e3d209525fdaf559a02faafaa78673d8415	8b015c4902c11bda40470a9945f68e3d209525fdaf559a02faafaa78673d8415	YES	316	OWNED_SOURCE_MEMBER	service	backend	NO	UNASSIGNED	UNASSIGNED	UNASSIGNED	UNASSIGNED	UNASSIGNED	UNASSIGNED	UNASSIGNED	UNASSIGNED	UNASSIGNED	UNASSIGNED	Semantic read pending; inventory/provenance only
nabdah-backend.zip	src/modules/provider/services/provider-mailer.service.ts	89ed0f554e7bdd2cd7f081f2b401f8845c5a77260f0d804e8cf65b640673d62d	89ed0f554e7bdd2cd7f081f2b401f8845c5a77260f0d804e8cf65b640673d62d	YES	95	OWNED_SOURCE_MEMBER	service	backend	NO	UNASSIGNED	UNASSIGNED	UNASSIGNED	UNASSIGNED	UNASSIGNED	UNASSIGNED	UNASSIGNED	UNASSIGNED	UNASSIGNED	UNASSIGNED	Semantic read pending; inventory/provenance only
nabdah-backend.zip	src/modules/provider/services/repositories/providersession.repository.ts	dc4844985f188ab883f4cc1c921f4366ca29852957b439d0264b2d1cd8e9d542	dc4844985f188ab883f4cc1c921f4366ca29852957b439d0264b2d1cd8e9d542	YES	12	OWNED_SOURCE_MEMBER	service	backend	NO	UNASSIGNED	UNASSIGNED	UNASSIGNED	UNASSIGNED	UNASSIGNED	UNASSIGNED	UNASSIGNED	UNASSIGNED	UNASSIGNED	UNASSIGNED	Semantic read pending; inventory/provenance only
nabdah-backend.zip	src/modules/provider/services/repositories/homecareservicecatalogitem.repository.ts	e8eab7b171855940787cf90db5cbc0f00d6fbe2712fc149ffbb3cd8d470b5702	e8eab7b171855940787cf90db5cbc0f00d6fbe2712fc149ffbb3cd8d470b5702	YES	13	OWNED_SOURCE_MEMBER	service	backend	NO	UNASSIGNED	UNASSIGNED	UNASSIGNED	UNASSIGNED	UNASSIGNED	UNASSIGNED	UNASSIGNED	UNASSIGNED	UNASSIGNED	UNASSIGNED	Semantic read pending; inventory/provenance only
nabdah-backend.zip	src/modules/provider/services/repositories/providernotification.repository.ts	85e1a5dec764fb473358cd3ab74e55e8cc85318e3a5c027caac2a07522e3a3c8	85e1a5dec764fb473358cd3ab74e55e8cc85318e3a5c027caac2a07522e3a3c8	YES	13	OWNED_SOURCE_MEMBER	service	backend	NO	UNASSIGNED	UNASSIGNED	UNASSIGNED	UNASSIGNED	UNASSIGNED	UNASSIGNED	UNASSIGNED	UNASSIGNED	UNASSIGNED	UNASSIGNED	Semantic read pending; inventory/provenance only
nabdah-backend.zip	src/modules/provider/services/repositories/providerscheduleslot.repository.ts	4ac66d4f8439715155521c397a3cac174e7de3e04deb60e306e738016e820d36	4ac66d4f8439715155521c397a3cac174e7de3e04deb60e306e738016e820d36	YES	13	OWNED_SOURCE_MEMBER	service	backend	NO	UNASSIGNED	UNASSIGNED	UNASSIGNED	UNASSIGNED	UNASSIGNED	UNASSIGNED	UNASSIGNED	UNASSIGNED	UNASSIGNED	UNASSIGNED	Semantic read pending; inventory/provenance only
nabdah-backend.zip	src/modules/provider/services/repositories/providerdeliveryzone.repository.ts	20d55f014ed13e175467f26fd9c90859eedbbcaf5f33f116ff859807510acf00	20d55f014ed13e175467f26fd9c90859eedbbcaf5f33f116ff859807510acf00	YES	13	OWNED_SOURCE_MEMBER	service	backend	NO	UNASSIGNED	UNASSIGNED	UNASSIGNED	UNASSIGNED	UNASSIGNED	UNASSIGNED	UNASSIGNED	UNASSIGNED	UNASSIGNED	UNASSIGNED	Semantic read pending; inventory/provenance only
nabdah-backend.zip	src/modules/provider/services/repositories/provideraccountprofile.repository.ts	41286ae8c55085ed5b35356c5b3066ba3d0665682090188b660c32dd27e17421	41286ae8c55085ed5b35356c5b3066ba3d0665682090188b660c32dd27e17421	YES	13	OWNED_SOURCE_MEMBER	service	backend	NO	UNASSIGNED	UNASSIGNED	UNASSIGNED	UNASSIGNED	UNASSIGNED	UNASSIGNED	UNASSIGNED	UNASSIGNED	UNASSIGNED	UNASSIGNED	Semantic read pending; inventory/provenance only
nabdah-backend.zip	src/modules/provider/services/repositories/doctorsessiontype.repository.ts	6fcdb62a1d466438dae5182905c42194cf100ba67ce9be2dbeacd696314884c6	6fcdb62a1d466438dae5182905c42194cf100ba67ce9be2dbeacd696314884c6	YES	13	OWNED_SOURCE_MEMBER	service	backend	NO	UNASSIGNED	UNASSIGNED	UNASSIGNED	UNASSIGNED	UNASSIGNED	UNASSIGNED	UNASSIGNED	UNASSIGNED	UNASSIGNED	UNASSIGNED	Semantic read pending; inventory/provenance only
nabdah-backend.zip	src/modules/provider/services/repositories/providerassignmentattempt.repository.ts	ffcdc3950d833b4da08540561c325eb027f8b5eccfecd4962074612fce83ae9f	ffcdc3950d833b4da08540561c325eb027f8b5eccfecd4962074612fce83ae9f	YES	13	OWNED_SOURCE_MEMBER	service	backend	NO	UNASSIGNED	UNASSIGNED	UNASSIGNED	UNASSIGNED	UNASSIGNED	UNASSIGNED	UNASSIGNED	UNASSIGNED	UNASSIGNED	UNASSIGNED	Semantic read pending; inventory/provenance only
nabdah-backend.zip	src/modules/provider/services/repositories/providerscoresnapshot.repository.ts	697e6738409c757e9b7aae97c16cabeb8d563bce639d61f1bbbc441a9f97ed21	697e6738409c757e9b7aae97c16cabeb8d563bce639d61f1bbbc441a9f97ed21	YES	13	OWNED_SOURCE_MEMBER	service	backend	NO	UNASSIGNED	UNASSIGNED	UNASSIGNED	UNASSIGNED	UNASSIGNED	UNASSIGNED	UNASSIGNED	UNASSIGNED	UNASSIGNED	UNASSIGNED	Semantic read pending; inventory/provenance only
nabdah-backend.zip	src/modules/provider/services/repositories/provideravailability.repository.ts	9c72f84769efb01a47096af4afcdcbe63955ffb3921c0186407d9cdd86ab4399	9c72f84769efb01a47096af4afcdcbe63955ffb3921c0186407d9cdd86ab4399	YES	15	OWNED_SOURCE_MEMBER	service	backend	NO	UNASSIGNED	UNASSIGNED	UNASSIGNED	UNASSIGNED	UNASSIGNED	UNASSIGNED	UNASSIGNED	UNASSIGNED	UNASSIGNED	UNASSIGNED	Semantic read pending; inventory/provenance only
nabdah-backend.zip	src/modules/provider/services/repositories/profileimageauditlog.repository.ts	c727fea60806589401e3a921409b84ecc35c4bd84ea0e4d34d5cac9b558abee8	c727fea60806589401e3a921409b84ecc35c4bd84ea0e4d34d5cac9b558abee8	YES	13	OWNED_SOURCE_MEMBER	service	backend	NO	UNASSIGNED	UNASSIGNED	UNASSIGNED	UNASSIGNED	UNASSIGNED	UNASSIGNED	UNASSIGNED	UNASSIGNED	UNASSIGNED	UNASSIGNED	Semantic read pending; inventory/provenance only
nabdah-backend.zip	src/modules/provider/services/repositories/providerrequest.repository.ts	e01c73bb7c4aef2013a83b1362a98de10d9aebf61d817f0e1372188766d3a2ac	e01c73bb7c4aef2013a83b1362a98de10d9aebf61d817f0e1372188766d3a2ac	YES	13	OWNED_SOURCE_MEMBER	service	backend	NO	UNASSIGNED	UNASSIGNED	UNASSIGNED	UNASSIGNED	UNASSIGNED	UNASSIGNED	UNASSIGNED	UNASSIGNED	UNASSIGNED	UNASSIGNED	Semantic read pending; inventory/provenance only
nabdah-backend.zip	src/modules/provider/services/repositories/providerbankaccount.repository.ts	dc54d1a0e88c5f50a7bdf20fae9acbca870143d36181267ee03e32b9342623c7	dc54d1a0e88c5f50a7bdf20fae9acbca870143d36181267ee03e32b9342623c7	YES	13	OWNED_SOURCE_MEMBER	service	backend	NO	UNASSIGNED	UNASSIGNED	UNASSIGNED	UNASSIGNED	UNASSIGNED	UNASSIGNED	UNASSIGNED	UNASSIGNED	UNASSIGNED	UNASSIGNED	Semantic read pending; inventory/provenance only
nabdah-backend.zip	src/modules/provider/services/repositories/providerdocument.repository.ts	2ac7a0c8a5af8c9357d868488f4186f27a078c254ea3e88a7edd27e0d3a37e73	2ac7a0c8a5af8c9357d868488f4186f27a078c254ea3e88a7edd27e0d3a37e73	YES	13	OWNED_SOURCE_MEMBER	service	backend	NO	UNASSIGNED	UNASSIGNED	UNASSIGNED	UNASSIGNED	UNASSIGNED	UNASSIGNED	UNASSIGNED	UNASSIGNED	UNASSIGNED	UNASSIGNED	Semantic read pending; inventory/provenance only
nabdah-backend.zip	src/modules/provider/services/repositories/profileimagemetadata.repository.ts	9f0423a07c60062e9c8b8719416821cb682c652ef09e50790f7b716bcfc88f1e	9f0423a07c60062e9c8b8719416821cb682c652ef09e50790f7b716bcfc88f1e	YES	13	OWNED_SOURCE_MEMBER	service	backend	NO	UNASSIGNED	UNASSIGNED	UNASSIGNED	UNASSIGNED	UNASSIGNED	UNASSIGNED	UNASSIGNED	UNASSIGNED	UNASSIGNED	UNASSIGNED	Semantic read pending; inventory/provenance only
nabdah-backend.zip	src/modules/provider/services/repositories/providerotpcode.repository.ts	4cbd3023b19e078bca690eb07acf51db02045d38d53faf918032f17dc17c1e92	4cbd3023b19e078bca690eb07acf51db02045d38d53faf918032f17dc17c1e92	YES	12	OWNED_SOURCE_MEMBER	service	backend	NO	UNASSIGNED	UNASSIGNED	UNASSIGNED	UNASSIGNED	UNASSIGNED	UNASSIGNED	UNASSIGNED	UNASSIGNED	UNASSIGNED	UNASSIGNED	Semantic read pending; inventory/provenance only
nabdah-backend.zip	src/modules/provider/services/repositories/labtestcatalogitem.repository.ts	715c38ea2e3183028f3d95e7646e2935f0f111f2edc3ad82544be01475986384	715c38ea2e3183028f3d95e7646e2935f0f111f2edc3ad82544be01475986384	YES	13	OWNED_SOURCE_MEMBER	service	backend	NO	UNASSIGNED	UNASSIGNED	UNASSIGNED	UNASSIGNED	UNASSIGNED	UNASSIGNED	UNASSIGNED	UNASSIGNED	UNASSIGNED	UNASSIGNED	Semantic read pending; inventory/provenance only
nabdah-backend.zip	src/modules/provider/services/repositories/provideraccount.repository.ts	184f958e052892c6fdc31344801666ffc090681abcfcbdacbbfef508088001a3	184f958e052892c6fdc31344801666ffc090681abcfcbdacbbfef508088001a3	YES	13	OWNED_SOURCE_MEMBER	service	backend	NO	UNASSIGNED	UNASSIGNED	UNASSIGNED	UNASSIGNED	UNASSIGNED	UNASSIGNED	UNASSIGNED	UNASSIGNED	UNASSIGNED	UNASSIGNED	Semantic read pending; inventory/provenance only
nabdah-backend.zip	src/modules/provider/services/repositories/radiologyservicecatalogitem.repository.ts	b591c25dce56222bba5269838b3254b455eb3b8ab17fed8047f1038026770293	b591c25dce56222bba5269838b3254b455eb3b8ab17fed8047f1038026770293	YES	13	OWNED_SOURCE_MEMBER	service	backend	NO	UNASSIGNED	UNASSIGNED	UNASSIGNED	UNASSIGNED	UNASSIGNED	UNASSIGNED	UNASSIGNED	UNASSIGNED	UNASSIGNED	UNASSIGNED	Semantic read pending; inventory/provenance only
nabdah-backend.zip	src/modules/provider/services/repositories/pharmacyinventoryitem.repository.ts	b76230305dd9547b3a9b4176101e37410de54e3fc21f623bf797721e18e21e44	b76230305dd9547b3a9b4176101e37410de54e3fc21f623bf797721e18e21e44	YES	13	OWNED_SOURCE_MEMBER	service	backend	NO	UNASSIGNED	UNASSIGNED	UNASSIGNED	UNASSIGNED	UNASSIGNED	UNASSIGNED	UNASSIGNED	UNASSIGNED	UNASSIGNED	UNASSIGNED	Semantic read pending; inventory/provenance only
nabdah-backend.zip	src/modules/provider/services/repositories/providerauditlog.repository.ts	671c26e264162b67cbe5068f3c3770de82e9c3597b082807c7b0af2944c8514f	671c26e264162b67cbe5068f3c3770de82e9c3597b082807c7b0af2944c8514f	YES	12	OWNED_SOURCE_MEMBER	service	backend	NO	UNASSIGNED	UNASSIGNED	UNASSIGNED	UNASSIGNED	UNASSIGNED	UNASSIGNED	UNASSIGNED	UNASSIGNED	UNASSIGNED	UNASSIGNED	Semantic read pending; inventory/provenance only
nabdah-backend.zip	src/modules/provider/services/repositories/imageprocessingjob.repository.ts	592d5016c4e8ebbca2c44c0ee261366edcdfc9bb06a3ccd5e5185bdbe75a7889	592d5016c4e8ebbca2c44c0ee261366edcdfc9bb06a3ccd5e5185bdbe75a7889	YES	13	OWNED_SOURCE_MEMBER	service	backend	NO	UNASSIGNED	UNASSIGNED	UNASSIGNED	UNASSIGNED	UNASSIGNED	UNASSIGNED	UNASSIGNED	UNASSIGNED	UNASSIGNED	UNASSIGNED	Semantic read pending; inventory/provenance only
nabdah-backend.zip	src/modules/provider/services/repositories/provideroperator.repository.ts	35c7669211671c2351f48999c0c50eba98af81b3131522d1644ea1d5daeac773	35c7669211671c2351f48999c0c50eba98af81b3131522d1644ea1d5daeac773	YES	13	OWNED_SOURCE_MEMBER	service	backend	NO	UNASSIGNED	UNASSIGNED	UNASSIGNED	UNASSIGNED	UNASSIGNED	UNASSIGNED	UNASSIGNED	UNASSIGNED	UNASSIGNED	UNASSIGNED	Semantic read pending; inventory/provenance only
nabdah-backend.zip	src/modules/provider/schemas/requests.schema.ts	37acc8bac959c37e748a53e054f7c58dc262b2351d34be8d32f44e651cb85414	37acc8bac959c37e748a53e054f7c58dc262b2351d34be8d32f44e651cb85414	YES	155	OWNED_SOURCE_MEMBER	schema	backend	NO	UNASSIGNED	UNASSIGNED	UNASSIGNED	UNASSIGNED	UNASSIGNED	UNASSIGNED	UNASSIGNED	UNASSIGNED	UNASSIGNED	UNASSIGNED	Semantic read pending; inventory/provenance only
nabdah-backend.zip	src/modules/provider/schemas/index.ts	c3dbfa07dd0d9157962c356b5d181584a35f1e90f88b6ac091578f52769bfcfd	c3dbfa07dd0d9157962c356b5d181584a35f1e90f88b6ac091578f52769bfcfd	YES	208	OWNED_SOURCE_MEMBER	schema	backend	NO	UNASSIGNED	UNASSIGNED	UNASSIGNED	UNASSIGNED	UNASSIGNED	UNASSIGNED	UNASSIGNED	UNASSIGNED	UNASSIGNED	UNASSIGNED	Semantic read pending; inventory/provenance only
nabdah-backend.zip	src/modules/provider/schemas/delta.schema.ts	4dfaa5f9b3144877bcfcce9ed9513900314928537f82887e8e6a3efa913767c8	4dfaa5f9b3144877bcfcce9ed9513900314928537f82887e8e6a3efa913767c8	YES	26	OWNED_SOURCE_MEMBER	schema	backend	NO	UNASSIGNED	UNASSIGNED	UNASSIGNED	UNASSIGNED	UNASSIGNED	UNASSIGNED	UNASSIGNED	UNASSIGNED	UNASSIGNED	UNASSIGNED	Semantic read pending; inventory/provenance only
nabdah-backend.zip	src/modules/provider/schemas/capabilities.schema.ts	a12c9d64ae68cea04bc4e10ea894450c13d860d40b68baea6a709705f15dbc3a	a12c9d64ae68cea04bc4e10ea894450c13d860d40b68baea6a709705f15dbc3a	YES	197	OWNED_SOURCE_MEMBER	schema	backend	NO	UNASSIGNED	UNASSIGNED	UNASSIGNED	UNASSIGNED	UNASSIGNED	UNASSIGNED	UNASSIGNED	UNASSIGNED	UNASSIGNED	UNASSIGNED	Semantic read pending; inventory/provenance only
nabdah-backend.zip	src/modules/care/doctor-integration.controller.ts	1c8c92ebf7452dad0468c1ce477428689ae4572e57f62807c93e473ac56f1e54	1c8c92ebf7452dad0468c1ce477428689ae4572e57f62807c93e473ac56f1e54	YES	56	OWNED_SOURCE_MEMBER	controller	backend	NO	UNASSIGNED	UNASSIGNED	UNASSIGNED	UNASSIGNED	UNASSIGNED	UNASSIGNED	UNASSIGNED	UNASSIGNED	UNASSIGNED	UNASSIGNED	Semantic read pending; inventory/provenance only
nabdah-backend.zip	src/modules/care/appointments.controller.ts	21572280834848194a38c821c9e46d4cb4229bcd94f38baa4fdd4791b312495d	21572280834848194a38c821c9e46d4cb4229bcd94f38baa4fdd4791b312495d	YES	80	OWNED_SOURCE_MEMBER	controller	backend	YES	audit-artifacts/phase0b-backend/semantic-evidence-appointments-controller.md	Semantic read; Auth/ownership; State transitions; Security/contract observations	1-80	13-77: appointment create/list/detail/waitlist/cancel/reschedule/state/summary routes	CreateAppointmentDto, CancelAppointmentDto, RescheduleAppointmentDto; raw waitlist/finish bodies	Not yet reconciled; consumer traceability phase pending	Controller-level JwtAuthGuard; role decorators on provider/state routes; patient ownership delegated to service	create -> confirm -> check-in -> start -> complete/finish; cancel/reschedule/waitlist side paths	NONE visible; delegated to service/other modules	Not executed; auth, ownership, replay, DTO, waitlist, role and state transition implications documented	Full source member read completed from baseline archive bytes; no remediation performed
nabdah-backend.zip	src/modules/care/appointments.dto.ts	c39b01794aa2657beaa8167cb82690913517e7b2fc2a6f3184029e87a902f179	c39b01794aa2657beaa8167cb82690913517e7b2fc2a6f3184029e87a902f179	YES	72	OWNED_SOURCE_MEMBER	dto	backend	NO	UNASSIGNED	UNASSIGNED	UNASSIGNED	UNASSIGNED	UNASSIGNED	UNASSIGNED	UNASSIGNED	UNASSIGNED	UNASSIGNED	UNASSIGNED	Semantic read pending; inventory/provenance only
nabdah-backend.zip	src/modules/care/doctor-referrals.controller.ts	aac3f657258cf9ed1cbb3f4b8707d123ea640b8944c1b25d385ef12bff9a1741	aac3f657258cf9ed1cbb3f4b8707d123ea640b8944c1b25d385ef12bff9a1741	YES	115	OWNED_SOURCE_MEMBER	controller	backend	NO	UNASSIGNED	UNASSIGNED	UNASSIGNED	UNASSIGNED	UNASSIGNED	UNASSIGNED	UNASSIGNED	UNASSIGNED	UNASSIGNED	UNASSIGNED	Semantic read pending; inventory/provenance only
nabdah-backend.zip	src/modules/care/care.module.ts	7b6ee969236424a9887b61030f7726f376674a480caefb6006ac1db0a5b8f289	7b6ee969236424a9887b61030f7726f376674a480caefb6006ac1db0a5b8f289	YES	37	OWNED_SOURCE_MEMBER	source/config	backend	NO	UNASSIGNED	UNASSIGNED	UNASSIGNED	UNASSIGNED	UNASSIGNED	UNASSIGNED	UNASSIGNED	UNASSIGNED	UNASSIGNED	UNASSIGNED	Semantic read pending; inventory/provenance only
nabdah-backend.zip	src/modules/care/appointments.service.ts	34c58aa093f1101eae4be7b312a427d35f6dba1a586b7697c337c5a6d7d41b1e	34c58aa093f1101eae4be7b312a427d35f6dba1a586b7697c337c5a6d7d41b1e	YES	471	OWNED_SOURCE_MEMBER	service	backend	YES	audit-artifacts/phase0b-backend/semantic-evidence-appointments-service.md	Semantic read; State transitions; Price/payment/insurance source; Security/truthfulness observations	1-335,336-471	SERVICE: appointment create/read/transition/cancel/reschedule/waitlist/payment.completed	Inline create/cancel/reschedule/waitlist/webhook payloads; Appointment/ProviderProfile repositories	AppointmentsController; UnifiedBookingsService; payment event consumers pending traceability	Family group permission; patient/doctor/admin appointment access; system transition bypass	PENDING -> CONFIRMED -> CHECKED_IN -> IN_PROGRESS -> COMPLETED; CANCELLED/RESCHEDULED; payment webhook confirm	Provider profile prices + hard-coded fees; payment policy by service type; refund event; insurance delegated	Not executed; payment, family, slots, ownership, truthfulness, refunds, reschedule compensation, waitlist and webhook implications documented	Full source member read completed from baseline archive bytes; no remediation performed
nabdah-backend.zip	src/modules/care/care.controller.ts	e0dc089eb6b8ba4dcf836f53fcb221588fa44388b87c33c3c1bf2455d4fb9ef0	e0dc089eb6b8ba4dcf836f53fcb221588fa44388b87c33c3c1bf2455d4fb9ef0	YES	111	OWNED_SOURCE_MEMBER	controller	backend	NO	UNASSIGNED	UNASSIGNED	UNASSIGNED	UNASSIGNED	UNASSIGNED	UNASSIGNED	UNASSIGNED	UNASSIGNED	UNASSIGNED	UNASSIGNED	Semantic read pending; inventory/provenance only
nabdah-backend.zip	src/modules/care/care.service.ts	0ceb45f880fbb79d18c62ebdcdad01cce262be7e8ef35218de64662a7fd2e8fd	0ceb45f880fbb79d18c62ebdcdad01cce262be7e8ef35218de64662a7fd2e8fd	YES	325	OWNED_SOURCE_MEMBER	service	backend	NO	UNASSIGNED	UNASSIGNED	UNASSIGNED	UNASSIGNED	UNASSIGNED	UNASSIGNED	UNASSIGNED	UNASSIGNED	UNASSIGNED	UNASSIGNED	Semantic read pending; inventory/provenance only
nabdah-backend.zip	src/modules/care/slot.service.ts	09ce765fbbf1e0e1206156ef740c961dcc64f2b5f621d627d68cbfff9ffa0b3c	09ce765fbbf1e0e1206156ef740c961dcc64f2b5f621d627d68cbfff9ffa0b3c	YES	108	OWNED_SOURCE_MEMBER	service	backend	NO	UNASSIGNED	UNASSIGNED	UNASSIGNED	UNASSIGNED	UNASSIGNED	UNASSIGNED	UNASSIGNED	UNASSIGNED	UNASSIGNED	UNASSIGNED	Semantic read pending; inventory/provenance only
nabdah-backend.zip	src/modules/care/tests/public-discovery.spec.ts	cb5b8fcb567b3c63a9ce8205797c01e65dba934fdffeaa172594ef1680cc8229	cb5b8fcb567b3c63a9ce8205797c01e65dba934fdffeaa172594ef1680cc8229	YES	101	OWNED_SOURCE_MEMBER	test	backend	NO	UNASSIGNED	UNASSIGNED	UNASSIGNED	UNASSIGNED	UNASSIGNED	UNASSIGNED	UNASSIGNED	UNASSIGNED	UNASSIGNED	UNASSIGNED	Semantic read pending; inventory/provenance only
nabdah-backend.zip	src/modules/care/tests/appointments-states.spec.ts	4aff184aec159230cdbe4dce552ace04fd7dc5293d27a108a9fa567553bc6791	4aff184aec159230cdbe4dce552ace04fd7dc5293d27a108a9fa567553bc6791	YES	200	OWNED_SOURCE_MEMBER	test	backend	NO	UNASSIGNED	UNASSIGNED	UNASSIGNED	UNASSIGNED	UNASSIGNED	UNASSIGNED	UNASSIGNED	UNASSIGNED	UNASSIGNED	UNASSIGNED	Semantic read pending; inventory/provenance only
nabdah-backend.zip	src/modules/care/schemas/encounter-referrals.schema.ts	647bad6abf861649987c0805748e0b66c11cd7ff6d69dc736e655f9d10e055ff	647bad6abf861649987c0805748e0b66c11cd7ff6d69dc736e655f9d10e055ff	YES	33	OWNED_SOURCE_MEMBER	schema	backend	NO	UNASSIGNED	UNASSIGNED	UNASSIGNED	UNASSIGNED	UNASSIGNED	UNASSIGNED	UNASSIGNED	UNASSIGNED	UNASSIGNED	UNASSIGNED	Semantic read pending; inventory/provenance only
nabdah-backend.zip	src/modules/care/schemas/doctor-profile-extended.schema.ts	da44dc802e23cc85752db527ed9fe7cfebf710a5a9f69d25381fecbdbcfac98e	da44dc802e23cc85752db527ed9fe7cfebf710a5a9f69d25381fecbdbcfac98e	YES	38	OWNED_SOURCE_MEMBER	schema	backend	NO	UNASSIGNED	UNASSIGNED	UNASSIGNED	UNASSIGNED	UNASSIGNED	UNASSIGNED	UNASSIGNED	UNASSIGNED	UNASSIGNED	UNASSIGNED	Semantic read pending; inventory/provenance only
nabdah-backend.zip	src/modules/care/schemas/encounter-record.schema.ts	ffc838f882b216183abecb862830481138c2fc211243155766d999453c067cc7	ffc838f882b216183abecb862830481138c2fc211243155766d999453c067cc7	YES	42	OWNED_SOURCE_MEMBER	schema	backend	NO	UNASSIGNED	UNASSIGNED	UNASSIGNED	UNASSIGNED	UNASSIGNED	UNASSIGNED	UNASSIGNED	UNASSIGNED	UNASSIGNED	UNASSIGNED	Semantic read pending; inventory/provenance only
nabdah-backend.zip	src/modules/care/repositories/user.repository.ts	810663ec29e799517a445a91b1f0910bc5897c86ff1bea728b30feda1d5f6ca7	810663ec29e799517a445a91b1f0910bc5897c86ff1bea728b30feda1d5f6ca7	YES	13	OWNED_SOURCE_MEMBER	repository	backend	NO	UNASSIGNED	UNASSIGNED	UNASSIGNED	UNASSIGNED	UNASSIGNED	UNASSIGNED	UNASSIGNED	UNASSIGNED	UNASSIGNED	UNASSIGNED	Semantic read pending; inventory/provenance only
nabdah-backend.zip	src/modules/care/repositories/facility.repository.ts	0612638081341486e6cd07b80d322af01bd25d4dff98620133c6917131b40199	0612638081341486e6cd07b80d322af01bd25d4dff98620133c6917131b40199	YES	13	OWNED_SOURCE_MEMBER	repository	backend	NO	UNASSIGNED	UNASSIGNED	UNASSIGNED	UNASSIGNED	UNASSIGNED	UNASSIGNED	UNASSIGNED	UNASSIGNED	UNASSIGNED	UNASSIGNED	Semantic read pending; inventory/provenance only
nabdah-backend.zip	src/modules/care/repositories/providerprofile.repository.ts	0e689f87af957e6c51b6015e5d9ba0882ea6707b496b4b785dc4313b490f2d82	0e689f87af957e6c51b6015e5d9ba0882ea6707b496b4b785dc4313b490f2d82	YES	13	OWNED_SOURCE_MEMBER	repository	backend	NO	UNASSIGNED	UNASSIGNED	UNASSIGNED	UNASSIGNED	UNASSIGNED	UNASSIGNED	UNASSIGNED	UNASSIGNED	UNASSIGNED	UNASSIGNED	Semantic read pending; inventory/provenance only
nabdah-backend.zip	src/modules/care/repositories/appointment.repository.ts	825da535301c104bdb0872b80cec3ac3f0087776b924b0c1d06f4856536af7b7	825da535301c104bdb0872b80cec3ac3f0087776b924b0c1d06f4856536af7b7	YES	13	OWNED_SOURCE_MEMBER	repository	backend	NO	UNASSIGNED	UNASSIGNED	UNASSIGNED	UNASSIGNED	UNASSIGNED	UNASSIGNED	UNASSIGNED	UNASSIGNED	UNASSIGNED	UNASSIGNED	Semantic read pending; inventory/provenance only
nabdah-backend.zip	src/modules/radiology/radiology.service.report-storage.spec.ts	313351cc1aaa6b7d014659e065cf3613e9a4d7b4b6cb66a99ec3f550de82da5a	313351cc1aaa6b7d014659e065cf3613e9a4d7b4b6cb66a99ec3f550de82da5a	YES	32	OWNED_SOURCE_MEMBER	service	backend	YES	audit-artifacts/phase0b-backend/semantic-evidence-radiology-report-storage-spec.md	Full semantic read; Security/ownership; State transitions; Test implications	2-32	TEST: uploadReport rejects raw pdf URL; accepts private provider-owned PDF storage object	Mock legacy/center bookings, storage model, event dependency and RadiologyOpsService	Radiology report upload and report state workflow	Positive private storage/provider owner fixture; booking ownership, patient access, HTTP guards and signed URL controls not tested	IN_SCANNING -> REPORT_DRAFT only after accepted storage object; raw URL leaves state unchanged	None visible	Existing mock suite read; booking/provider binding, confidentiality, MIME/content, malware, expiry, audit, idempotency and integration gaps documented	Full source member read completed from baseline archive bytes; no product code changed and no tests executed
nabdah-backend.zip	src/modules/radiology/radiology.controller.ts	8889c254ccd50b3ea35be4d109a138379cf60c8f34df1c46414c1a6453d644b6	8889c254ccd50b3ea35be4d109a138379cf60c8f34df1c46414c1a6453d644b6	YES	183	OWNED_SOURCE_MEMBER	controller	backend	YES	audit-artifacts/phase0b-backend/semantic-evidence-radiology-controller.md	Semantic read; Auth/ownership; State transitions; Security/truthfulness observations	1-183	9-182: catalog/detail/booking/report/scan/insurance/reschedule/tracking/admin routes	Mostly inline any bodies; typed insurance/reschedule/abort bodies; service DTOs delegated	Not yet reconciled; consumer traceability phase pending	No controller-level guard; CurrentUser delegated to service; explicit JWT only on admin routes	booking -> checkin -> scan -> report review/approval; cancel/reschedule/insurance/abort side transitions	Catalog/booking/payment delegated; insurance approval carries approval_code/copay; server price verification not visible	Not executed; method/path, auth, ownership, replay, workflow, insurance, reschedule, and admin gate implications documented	Full source member read completed from baseline archive bytes; no remediation performed
nabdah-backend.zip	src/modules/radiology/radiology.seed.ts	4523da2cf6ca076918d7c979c407facc19436dcdb3c48bcd4a007b9de8c325fd	4523da2cf6ca076918d7c979c407facc19436dcdb3c48bcd4a007b9de8c325fd	YES	29	OWNED_SOURCE_MEMBER	source/config	backend	NO	UNASSIGNED	UNASSIGNED	UNASSIGNED	UNASSIGNED	UNASSIGNED	UNASSIGNED	UNASSIGNED	UNASSIGNED	UNASSIGNED	UNASSIGNED	Semantic read pending; inventory/provenance only
nabdah-backend.zip	src/modules/radiology/radiology.service.ts	20912609c1e4d62a18c51e6aeab41d909c0fa0501b27c46cd3fe6ea98a28bffa	20912609c1e4d62a18c51e6aeab41d909c0fa0501b27c46cd3fe6ea98a28bffa	YES	429	OWNED_SOURCE_MEMBER	service	backend	YES	audit-artifacts/phase0b-backend/semantic-evidence-radiology-service.md	Construction and booking lookup; Workflow/report; Insurance/reschedule/tracking; Catalog and patient/provider/admin; Confirmed findings	2-150,151-300,301-429	SERVICE: transition/checkin/startScan/abort/uploadReport/submit/approve/publish/insurance/reschedule/tracking/catalog/booking/reports/admin paths	RadiologyService/Booking legacy+center, User, LabResult, StorageObject, WorkflowEngine, EventEmitter; many any/inline bodies	Radiology patient/provider/admin controllers, workflow, reports, catalog and notification events	Public catalog filters; patient/provider/admin ownership inconsistent; getBooking/getTracking and several mutations lack actor predicate in service	Validated generic map plus check-in/scan/abort/report/insurance paths; adminForceState bypasses map; reschedule same-state history	Insurance approval trusts approval_code/copay and sets approved; no visible payment/NPHIES/ledger verification or currency	Full service semantic read; owner/stranger/unauth, idempotency/CAS, cross-collection, storage access, state enforcement, reschedule conflict, insurance/payment and document validation gaps documented	Full source member read completed from baseline archive bytes; no product code changed and no tests executed
nabdah-backend.zip	src/modules/radiology/radiology.module.ts	47008b9a94b10bf6492a2dae2a882156abf446eb3390202df42f3db110c7f17b	47008b9a94b10bf6492a2dae2a882156abf446eb3390202df42f3db110c7f17b	YES	72	OWNED_SOURCE_MEMBER	source/config	backend	NO	UNASSIGNED	UNASSIGNED	UNASSIGNED	UNASSIGNED	UNASSIGNED	UNASSIGNED	UNASSIGNED	UNASSIGNED	UNASSIGNED	UNASSIGNED	Semantic read pending; inventory/provenance only
nabdah-backend.zip	src/modules/radiology/listeners/radiology-notification.listener.ts	d61df69ac0400d18ce657a59bad7cf58c34df7c27e6f56d415383fe99fe733ae	d61df69ac0400d18ce657a59bad7cf58c34df7c27e6f56d415383fe99fe733ae	YES	52	OWNED_SOURCE_MEMBER	source/config	backend	NO	UNASSIGNED	UNASSIGNED	UNASSIGNED	UNASSIGNED	UNASSIGNED	UNASSIGNED	UNASSIGNED	UNASSIGNED	UNASSIGNED	UNASSIGNED	Semantic read pending; inventory/provenance only
nabdah-backend.zip	src/modules/radiology/schemas/radiology-booking.schema.ts	bae56fe7e8bc25de23b499ccca16ee5e708d5ed81da41a588860a84d0698e501	bae56fe7e8bc25de23b499ccca16ee5e708d5ed81da41a588860a84d0698e501	YES	67	OWNED_SOURCE_MEMBER	schema	backend	NO	UNASSIGNED	UNASSIGNED	UNASSIGNED	UNASSIGNED	UNASSIGNED	UNASSIGNED	UNASSIGNED	UNASSIGNED	UNASSIGNED	UNASSIGNED	Semantic read pending; inventory/provenance only
nabdah-backend.zip	src/modules/radiology/repositories/labresult.repository.ts	2badc14774628602487f360c32762f05e84a34ec0d7061e1982729295284f0a6	2badc14774628602487f360c32762f05e84a34ec0d7061e1982729295284f0a6	YES	13	OWNED_SOURCE_MEMBER	repository	backend	NO	UNASSIGNED	UNASSIGNED	UNASSIGNED	UNASSIGNED	UNASSIGNED	UNASSIGNED	UNASSIGNED	UNASSIGNED	UNASSIGNED	UNASSIGNED	Semantic read pending; inventory/provenance only
nabdah-backend.zip	src/modules/radiology/repositories/radiologybooking.repository.ts	bcfedfa4dbba8ce5c8c8e720b7c5071581a30f9075fa5fde34fb957fb2eff99c	bcfedfa4dbba8ce5c8c8e720b7c5071581a30f9075fa5fde34fb957fb2eff99c	YES	13	OWNED_SOURCE_MEMBER	repository	backend	NO	UNASSIGNED	UNASSIGNED	UNASSIGNED	UNASSIGNED	UNASSIGNED	UNASSIGNED	UNASSIGNED	UNASSIGNED	UNASSIGNED	UNASSIGNED	Semantic read pending; inventory/provenance only
nabdah-backend.zip	src/modules/radiology/repositories/radiologyservice.repository.ts	15ac6a2790c5b8f48b785aff3b7c256f416eea032f875e30f73411ba36a6039e	15ac6a2790c5b8f48b785aff3b7c256f416eea032f875e30f73411ba36a6039e	YES	13	OWNED_SOURCE_MEMBER	service	backend	NO	UNASSIGNED	UNASSIGNED	UNASSIGNED	UNASSIGNED	UNASSIGNED	UNASSIGNED	UNASSIGNED	UNASSIGNED	UNASSIGNED	UNASSIGNED	Semantic read pending; inventory/provenance only
nabdah-backend.zip	src/modules/radiology/controllers/radiology-provider.controller.ts	0ee6d1864d9389da5c308fbd70ee9a94bfcc792a16fe4c3d5af49b2df850bd40	0ee6d1864d9389da5c308fbd70ee9a94bfcc792a16fe4c3d5af49b2df850bd40	YES	222	OWNED_SOURCE_MEMBER	controller	backend	NO	UNASSIGNED	UNASSIGNED	UNASSIGNED	UNASSIGNED	UNASSIGNED	UNASSIGNED	UNASSIGNED	UNASSIGNED	UNASSIGNED	UNASSIGNED	Semantic read pending; inventory/provenance only
nabdah-backend.zip	src/modules/radiology/controllers/radiology.controller.ts	8488bfb06059330417be87942272536ade7d653495c74695f0f04eb3f2492a1f	8488bfb06059330417be87942272536ade7d653495c74695f0f04eb3f2492a1f	YES	142	OWNED_SOURCE_MEMBER	controller	backend	NO	UNASSIGNED	UNASSIGNED	UNASSIGNED	UNASSIGNED	UNASSIGNED	UNASSIGNED	UNASSIGNED	UNASSIGNED	UNASSIGNED	UNASSIGNED	Semantic read pending; inventory/provenance only
nabdah-backend.zip	src/modules/radiology/controllers/radiology-provider.controller.spec.ts	6647994c4692a595ff3225a094a7a321e8e6a3a379d1e869451e4308bf07d2e1	6647994c4692a595ff3225a094a7a321e8e6a3a379d1e869451e4308bf07d2e1	YES	84	OWNED_SOURCE_MEMBER	controller	backend	NO	UNASSIGNED	UNASSIGNED	UNASSIGNED	UNASSIGNED	UNASSIGNED	UNASSIGNED	UNASSIGNED	UNASSIGNED	UNASSIGNED	UNASSIGNED	Semantic read pending; inventory/provenance only
nabdah-backend.zip	src/modules/radiology/cron/radiology-reminder.cron.ts	7d9053787676daad678704f74a7c0b845ca0618dff963ff9f49260bd004a14ea	7d9053787676daad678704f74a7c0b845ca0618dff963ff9f49260bd004a14ea	YES	59	OWNED_SOURCE_MEMBER	source/config	backend	NO	UNASSIGNED	UNASSIGNED	UNASSIGNED	UNASSIGNED	UNASSIGNED	UNASSIGNED	UNASSIGNED	UNASSIGNED	UNASSIGNED	UNASSIGNED	Semantic read pending; inventory/provenance only
nabdah-backend.zip	src/modules/seo-search/seo-search.module.ts	3fc67013d055a1e19db7dcd251e301f9744dd125d11e3fc485d5995e56470f31	3fc67013d055a1e19db7dcd251e301f9744dd125d11e3fc485d5995e56470f31	YES	388	OWNED_SOURCE_MEMBER	source/config	backend	NO	UNASSIGNED	UNASSIGNED	UNASSIGNED	UNASSIGNED	UNASSIGNED	UNASSIGNED	UNASSIGNED	UNASSIGNED	UNASSIGNED	UNASSIGNED	Semantic read pending; inventory/provenance only
nabdah-backend.zip	src/modules/medical-reports/medical-reports.controller.ts	a3320677756dd2e4389ca3c90779fb68ddfa6fd609bd945e24c24c3500eb06c9	a3320677756dd2e4389ca3c90779fb68ddfa6fd609bd945e24c24c3500eb06c9	YES	51	OWNED_SOURCE_MEMBER	controller	backend	NO	UNASSIGNED	UNASSIGNED	UNASSIGNED	UNASSIGNED	UNASSIGNED	UNASSIGNED	UNASSIGNED	UNASSIGNED	UNASSIGNED	UNASSIGNED	Semantic read pending; inventory/provenance only
nabdah-backend.zip	src/modules/medical-reports/medical-reports.module.ts	2fcbd7f1e1adeceddd0f8b1ea3dc0af10140cbea18ec5592cc6e298a428faff6	2fcbd7f1e1adeceddd0f8b1ea3dc0af10140cbea18ec5592cc6e298a428faff6	YES	16	OWNED_SOURCE_MEMBER	repository	backend	NO	UNASSIGNED	UNASSIGNED	UNASSIGNED	UNASSIGNED	UNASSIGNED	UNASSIGNED	UNASSIGNED	UNASSIGNED	UNASSIGNED	UNASSIGNED	Semantic read pending; inventory/provenance only
nabdah-backend.zip	src/modules/medical-reports/medical-reports.service.ts	bbc4d477d3ab8482226ce3574c1869dbc6a37f2ad17a7163aa846d9e854ba8df	bbc4d477d3ab8482226ce3574c1869dbc6a37f2ad17a7163aa846d9e854ba8df	YES	69	OWNED_SOURCE_MEMBER	service	backend	NO	UNASSIGNED	UNASSIGNED	UNASSIGNED	UNASSIGNED	UNASSIGNED	UNASSIGNED	UNASSIGNED	UNASSIGNED	UNASSIGNED	UNASSIGNED	Semantic read pending; inventory/provenance only
nabdah-backend.zip	src/modules/medical-reports/repositories/medicalreport.repository.ts	670fa624d6794c6d202df5aae64cdbc68cd886ada9b06ad426a4c2227d249508	670fa624d6794c6d202df5aae64cdbc68cd886ada9b06ad426a4c2227d249508	YES	13	OWNED_SOURCE_MEMBER	repository	backend	NO	UNASSIGNED	UNASSIGNED	UNASSIGNED	UNASSIGNED	UNASSIGNED	UNASSIGNED	UNASSIGNED	UNASSIGNED	UNASSIGNED	UNASSIGNED	Semantic read pending; inventory/provenance only
nabdah-backend.zip	src/modules/booking-flow/booking-flow.module.ts	8a509c96fecc8cf9a17f17e411f0d7b047396452238534cb14c2dc0f421b4856	8a509c96fecc8cf9a17f17e411f0d7b047396452238534cb14c2dc0f421b4856	YES	259	OWNED_SOURCE_MEMBER	source/config	backend	NO	UNASSIGNED	UNASSIGNED	UNASSIGNED	UNASSIGNED	UNASSIGNED	UNASSIGNED	UNASSIGNED	UNASSIGNED	UNASSIGNED	UNASSIGNED	Semantic read pending; inventory/provenance only
nabdah-backend.zip	src/modules/booking-flow/booking-flow.service.spec.ts	04ee0da72d93371df0a33687f90abcbdac7c3e9b047f4aaab658cfa3b3acc07d	04ee0da72d93371df0a33687f90abcbdac7c3e9b047f4aaab658cfa3b3acc07d	YES	29	OWNED_SOURCE_MEMBER	service	backend	NO	UNASSIGNED	UNASSIGNED	UNASSIGNED	UNASSIGNED	UNASSIGNED	UNASSIGNED	UNASSIGNED	UNASSIGNED	UNASSIGNED	UNASSIGNED	Semantic read pending; inventory/provenance only
nabdah-backend.zip	src/modules/wallet/wallet.module.ts	3b2a70bdd5ba796eb01e8eb81ccb66bda3da24708b8abd563242895deaef1144	3b2a70bdd5ba796eb01e8eb81ccb66bda3da24708b8abd563242895deaef1144	YES	25	OWNED_SOURCE_MEMBER	source/config	backend	NO	UNASSIGNED	UNASSIGNED	UNASSIGNED	UNASSIGNED	UNASSIGNED	UNASSIGNED	UNASSIGNED	UNASSIGNED	UNASSIGNED	UNASSIGNED	Semantic read pending; inventory/provenance only
nabdah-backend.zip	src/modules/wallet/wallet.service.ts	150897d1a54befceff4a7730e487afdba0dad06b90c0379b1a563f57606bff78	150897d1a54befceff4a7730e487afdba0dad06b90c0379b1a563f57606bff78	YES	353	OWNED_SOURCE_MEMBER	service	backend	YES	audit-artifacts/phase0b-backend/semantic-evidence-wallet-service.md	Semantic read; State transitions; Price/payment/insurance source; Security/truthfulness observations	1-327,328-353	SERVICE: wallet balance/transactions/topup/confirm/transfer/cards/spending and finance ledger operations	Repository models Wallet/WalletTransaction/User; wallet_topups collection; raw cardData	WalletController; consumer traceability phase pending	Owner ID/type from controller; foreign topup returns 403; transfer recipient resolved by id/phone/email	pending topup -> credited/failed; atomic debit/increment transfer; commission debt/suspension; escrow; cards	Moyasar gateway for topup; finance_config commission/debt; insurance escrow ledger pending settlement	Not executed; gateway replay/concurrency, owner disclosure, ledger consistency, tokenization, bounds and aggregation implications documented	Full source member read completed from baseline archive bytes; no remediation performed
nabdah-backend.zip	src/modules/wallet/wallet.controller.ts	df15f0b6edb4f0735ee00e634fde8bdfe92c7e33eafbbfb775d85ebbf37d615c	df15f0b6edb4f0735ee00e634fde8bdfe92c7e33eafbbfb775d85ebbf37d615c	YES	81	OWNED_SOURCE_MEMBER	controller	backend	YES	audit-artifacts/phase0b-backend/semantic-evidence-wallet-controller.md	Semantic read; State transitions; Test implications	1-81	10-80: wallet balance/transactions/spending/topup/transfer/cards routes	Raw bodies: topup {amount,paymentMethod?}; confirm {topup_id}; transfer {recipient,amount}; cards any	Not yet reconciled; consumer traceability phase pending	Controller-level JwtAuthGuard; CurrentUser id; patient vs provider role-derived ownerType	topup intent -> gateway confirmation -> credit; transfer; card add/remove	Topup amount client-supplied to service; gateway intent delegated; insurance NONE	Not executed; replay, ownership, role isolation, limits, redaction implications documented	Full source member read completed from baseline archive bytes; no remediation performed
nabdah-backend.zip	src/modules/wallet/repositories/user.repository.ts	810663ec29e799517a445a91b1f0910bc5897c86ff1bea728b30feda1d5f6ca7	810663ec29e799517a445a91b1f0910bc5897c86ff1bea728b30feda1d5f6ca7	YES	13	OWNED_SOURCE_MEMBER	repository	backend	NO	UNASSIGNED	UNASSIGNED	UNASSIGNED	UNASSIGNED	UNASSIGNED	UNASSIGNED	UNASSIGNED	UNASSIGNED	UNASSIGNED	UNASSIGNED	Semantic read pending; inventory/provenance only
nabdah-backend.zip	src/modules/wallet/repositories/wallet.repository.ts	37a40efeb3f95832cad9cad6f7de27a77b610c0665d32c8138f420e8e4762087	37a40efeb3f95832cad9cad6f7de27a77b610c0665d32c8138f420e8e4762087	YES	13	OWNED_SOURCE_MEMBER	repository	backend	NO	UNASSIGNED	UNASSIGNED	UNASSIGNED	UNASSIGNED	UNASSIGNED	UNASSIGNED	UNASSIGNED	UNASSIGNED	UNASSIGNED	UNASSIGNED	Semantic read pending; inventory/provenance only
nabdah-backend.zip	src/modules/wallet/repositories/wallettransaction.repository.ts	a3956d42737a14c4ef6c85ee1293a6f8b73df270225ba9d790bc51d551c4fb03	a3956d42737a14c4ef6c85ee1293a6f8b73df270225ba9d790bc51d551c4fb03	YES	13	OWNED_SOURCE_MEMBER	repository	backend	NO	UNASSIGNED	UNASSIGNED	UNASSIGNED	UNASSIGNED	UNASSIGNED	UNASSIGNED	UNASSIGNED	UNASSIGNED	UNASSIGNED	UNASSIGNED	Semantic read pending; inventory/provenance only
nabdah-backend.zip	src/modules/hospital/hospital.module.ts	dcc77f79cfb3a806a904e2d90d35051afddd3a4e277ed44dcb4c55813adb8b65	dcc77f79cfb3a806a904e2d90d35051afddd3a4e277ed44dcb4c55813adb8b65	YES	30	OWNED_SOURCE_MEMBER	source/config	backend	NO	UNASSIGNED	UNASSIGNED	UNASSIGNED	UNASSIGNED	UNASSIGNED	UNASSIGNED	UNASSIGNED	UNASSIGNED	UNASSIGNED	UNASSIGNED	Semantic read pending; inventory/provenance only
nabdah-backend.zip	src/modules/hospital/services/hospital.service.spec.ts	b7664512722244bfd21324dc19908dd398c8bb35d490ba7b4438b4d985c1f3c8	b7664512722244bfd21324dc19908dd398c8bb35d490ba7b4438b4d985c1f3c8	YES	51	OWNED_SOURCE_MEMBER	service	backend	NO	UNASSIGNED	UNASSIGNED	UNASSIGNED	UNASSIGNED	UNASSIGNED	UNASSIGNED	UNASSIGNED	UNASSIGNED	UNASSIGNED	UNASSIGNED	Semantic read pending; inventory/provenance only
nabdah-backend.zip	src/modules/hospital/services/hospital.service.ts	7870e1a5a54d2d86e650e142a68665340e57c265ec9ceb807c91a5983951e9b1	7870e1a5a54d2d86e650e142a68665340e57c265ec9ceb807c91a5983951e9b1	YES	200	OWNED_SOURCE_MEMBER	service	backend	NO	UNASSIGNED	UNASSIGNED	UNASSIGNED	UNASSIGNED	UNASSIGNED	UNASSIGNED	UNASSIGNED	UNASSIGNED	UNASSIGNED	UNASSIGNED	Semantic read pending; inventory/provenance only
nabdah-backend.zip	src/modules/hospital/schemas/hospital-invitation.schema.ts	954aea875a679b75d15c89538c7038fed9050478f40bc7882ef9dc663d0d69c1	954aea875a679b75d15c89538c7038fed9050478f40bc7882ef9dc663d0d69c1	YES	37	OWNED_SOURCE_MEMBER	schema	backend	NO	UNASSIGNED	UNASSIGNED	UNASSIGNED	UNASSIGNED	UNASSIGNED	UNASSIGNED	UNASSIGNED	UNASSIGNED	UNASSIGNED	UNASSIGNED	Semantic read pending; inventory/provenance only
nabdah-backend.zip	src/modules/hospital/schemas/hospital-staff.schema.ts	0bf7b808e69dd3ee5d09c708d96eedbd492ec2377bc861dac7cf17332baf0b04	0bf7b808e69dd3ee5d09c708d96eedbd492ec2377bc861dac7cf17332baf0b04	YES	27	OWNED_SOURCE_MEMBER	schema	backend	NO	UNASSIGNED	UNASSIGNED	UNASSIGNED	UNASSIGNED	UNASSIGNED	UNASSIGNED	UNASSIGNED	UNASSIGNED	UNASSIGNED	UNASSIGNED	Semantic read pending; inventory/provenance only
nabdah-backend.zip	src/modules/hospital/schemas/hospital-branch.schema.ts	4af104655143fb2176f0972504828c340aa20713b15b65fa78fbc0cc5310ae4f	4af104655143fb2176f0972504828c340aa20713b15b65fa78fbc0cc5310ae4f	YES	33	OWNED_SOURCE_MEMBER	schema	backend	NO	UNASSIGNED	UNASSIGNED	UNASSIGNED	UNASSIGNED	UNASSIGNED	UNASSIGNED	UNASSIGNED	UNASSIGNED	UNASSIGNED	UNASSIGNED	Semantic read pending; inventory/provenance only
nabdah-backend.zip	src/modules/hospital/schemas/hospital-department.schema.ts	f9e26fdaa03e7ee7cff602ce40f321cfc557a13e96ba042f389eba90bd1e0ffe	f9e26fdaa03e7ee7cff602ce40f321cfc557a13e96ba042f389eba90bd1e0ffe	YES	30	OWNED_SOURCE_MEMBER	schema	backend	NO	UNASSIGNED	UNASSIGNED	UNASSIGNED	UNASSIGNED	UNASSIGNED	UNASSIGNED	UNASSIGNED	UNASSIGNED	UNASSIGNED	UNASSIGNED	Semantic read pending; inventory/provenance only
nabdah-backend.zip	src/modules/hospital/controllers/hospital.controller.ts	a8c76d724f816a667d45a6a96024d6d00889cfb63d40ec31f6b694af1c7e62c8	a8c76d724f816a667d45a6a96024d6d00889cfb63d40ec31f6b694af1c7e62c8	YES	85	OWNED_SOURCE_MEMBER	controller	backend	NO	UNASSIGNED	UNASSIGNED	UNASSIGNED	UNASSIGNED	UNASSIGNED	UNASSIGNED	UNASSIGNED	UNASSIGNED	UNASSIGNED	UNASSIGNED	Semantic read pending; inventory/provenance only
nabdah-backend.zip	src/modules/approval-workflow/approval-workflow.service.spec.ts	863bb555d259cb98a0478025fdf00fd424556dccab6ef46e9707417d64a4398f	863bb555d259cb98a0478025fdf00fd424556dccab6ef46e9707417d64a4398f	YES	193	OWNED_SOURCE_MEMBER	service	backend	NO	UNASSIGNED	UNASSIGNED	UNASSIGNED	UNASSIGNED	UNASSIGNED	UNASSIGNED	UNASSIGNED	UNASSIGNED	UNASSIGNED	UNASSIGNED	Semantic read pending; inventory/provenance only
nabdah-backend.zip	src/modules/approval-workflow/approval-workflow.module.ts	fbabfe680ae329955f8372335832d0f51db7abafa83166f1ecd34a2c2b9d4b9e	fbabfe680ae329955f8372335832d0f51db7abafa83166f1ecd34a2c2b9d4b9e	YES	219	OWNED_SOURCE_MEMBER	source/config	backend	NO	UNASSIGNED	UNASSIGNED	UNASSIGNED	UNASSIGNED	UNASSIGNED	UNASSIGNED	UNASSIGNED	UNASSIGNED	UNASSIGNED	UNASSIGNED	Semantic read pending; inventory/provenance only
nabdah-backend.zip	src/modules/returns/returns.controller.ts	4487f5cc8371cb33691f5478ef47f0342a52464be5b997480960811ac2ee56f4	4487f5cc8371cb33691f5478ef47f0342a52464be5b997480960811ac2ee56f4	YES	46	OWNED_SOURCE_MEMBER	controller	backend	NO	UNASSIGNED	UNASSIGNED	UNASSIGNED	UNASSIGNED	UNASSIGNED	UNASSIGNED	UNASSIGNED	UNASSIGNED	UNASSIGNED	UNASSIGNED	Semantic read pending; inventory/provenance only
nabdah-backend.zip	src/modules/returns/returns.module.ts	fa49ca42af040b547afabb4af668a841cfe44c08261af7a35f6d827dd33e928e	fa49ca42af040b547afabb4af668a841cfe44c08261af7a35f6d827dd33e928e	YES	18	OWNED_SOURCE_MEMBER	source/config	backend	NO	UNASSIGNED	UNASSIGNED	UNASSIGNED	UNASSIGNED	UNASSIGNED	UNASSIGNED	UNASSIGNED	UNASSIGNED	UNASSIGNED	UNASSIGNED	Semantic read pending; inventory/provenance only
nabdah-backend.zip	src/modules/returns/returns.service.ts	7862cb6cea735c0ea7fabf2b0925f196d211e67c676b32b7f27835a6637bc727	7862cb6cea735c0ea7fabf2b0925f196d211e67c676b32b7f27835a6637bc727	YES	187	OWNED_SOURCE_MEMBER	service	backend	NO	UNASSIGNED	UNASSIGNED	UNASSIGNED	UNASSIGNED	UNASSIGNED	UNASSIGNED	UNASSIGNED	UNASSIGNED	UNASSIGNED	UNASSIGNED	Semantic read pending; inventory/provenance only
nabdah-backend.zip	src/modules/returns/repositories/returnrequest.repository.ts	30138a8502e49a4bf7cf0eb7be9c979b6ee7617a9869aeafc281c3e63c098d2a	30138a8502e49a4bf7cf0eb7be9c979b6ee7617a9869aeafc281c3e63c098d2a	YES	13	OWNED_SOURCE_MEMBER	repository	backend	NO	UNASSIGNED	UNASSIGNED	UNASSIGNED	UNASSIGNED	UNASSIGNED	UNASSIGNED	UNASSIGNED	UNASSIGNED	UNASSIGNED	UNASSIGNED	Semantic read pending; inventory/provenance only
nabdah-backend.zip	src/modules/pharmacy/patient-pharmacy.controller.ts	75d71fced8a5f6c0dfbe7c33ec8123518360912c5db3990058b2a5f9ca6b8552	75d71fced8a5f6c0dfbe7c33ec8123518360912c5db3990058b2a5f9ca6b8552	YES	15	OWNED_SOURCE_MEMBER	controller	backend	YES	audit-artifacts/phase0b-backend/semantic-evidence-patient-pharmacy-controller.md	Semantic read; Auth/ownership observation; Test implications	1-15	5-14: GET /patient/pharmacy/shortage-flags/lookup	Query drugName:string; response {flags:Array}	Not yet reconciled; consumer traceability phase pending	Controller-level JwtAuthGuard; user identity not passed, service scoping unresolved	NONE; read-only shortage flag lookup	NONE	Not executed; unauth/ownership/query-shape implications documented	Full source member read completed from baseline archive bytes; possible ownership ambiguity recorded without remediation
nabdah-backend.zip	src/modules/pharmacy/pharmacy.module.ts	ee45c85c3a5db9600a5720d8c70f68bf0fe984accc0b79c513314b1a9cd898fc	ee45c85c3a5db9600a5720d8c70f68bf0fe984accc0b79c513314b1a9cd898fc	YES	137	OWNED_SOURCE_MEMBER	source/config	backend	YES	audit-artifacts/phase0b-backend/semantic-evidence-pharmacy-module.md	Semantic read; Auth/ownership; State transitions; Price/payment/insurance source; Security/truthfulness observations	1-137	MODULE: pharmacy patient/provider/admin/order/allocation/broadcast/chat/shortage/procurement surfaces	All pharmacy/order/allocation/broadcast/chat/shortage/procurement/provider schemas and repository tokens	All pharmacy controllers/services; exports order/allocation/provider-order services	Module boundary has no guard; controller/service guards provide authorization	Wires order/allocation/broadcast/shortage/chat/inventory/procurement lifecycle services	Schema/provider registration only; no business pricing/payment logic visible	Not executed; module compilation, token resolution, duplicate model registration, guard metadata and startup implications documented	Full source member read completed from baseline archive bytes; no remediation performed
nabdah-backend.zip	src/modules/pharmacy/pharmacy.controllers.spec.ts	38688c9b85e41cb60e2e0b724853a2772c6629d1df3ed987c3bc8bdf6a79f17f	38688c9b85e41cb60e2e0b724853a2772c6629d1df3ed987c3bc8bdf6a79f17f	YES	40	OWNED_SOURCE_MEMBER	controller	backend	NO	UNASSIGNED	UNASSIGNED	UNASSIGNED	UNASSIGNED	UNASSIGNED	UNASSIGNED	UNASSIGNED	UNASSIGNED	UNASSIGNED	UNASSIGNED	Semantic read pending; inventory/provenance only
nabdah-backend.zip	src/modules/pharmacy/pharmacy.controllers.ts	65d5fd25555bce9425df818116e3ca36856392ab33f97a8d3b98eefe82e73a7c	65d5fd25555bce9425df818116e3ca36856392ab33f97a8d3b98eefe82e73a7c	YES	210	OWNED_SOURCE_MEMBER	controller	backend	YES	audit-artifacts/phase0b-backend/semantic-evidence-pharmacy-controllers.md	Semantic read; Auth/ownership; State transitions; Price/payment/insurance source; Security/truthfulness observations	1-210	Patient/provider/admin pharmacy orders, allocations, inventory, broadcasts, chat, shortage flags, seed/split/expiry	Opaque any bodies; Order/allocation/inventory/broadcast/chat/shortage services	Pharmacy service classes; consumer traceability phase pending	Patient/admin role metadata; provider checks inconsistent and often delegated to services; no ownership decorator visible	Order/allocation lifecycle; broadcast rounds; chat decisions; shortage lifecycle; admin seed/split/expiry	Delegated to services; opaque order/insurance bodies; no visible pricing/idempotency extraction	Not executed; roles/ownership, DTO, replay, seed gate, broadcast/chat/shortage implications documented	Full source member read completed from baseline archive bytes; no remediation performed
nabdah-backend.zip	src/modules/pharmacy/enums/procurement-status.enum.ts	69d484d130e6b88235aca7e0f22c7d2b3fac2c47ce8e02df5576fb43cfb176ed	69d484d130e6b88235aca7e0f22c7d2b3fac2c47ce8e02df5576fb43cfb176ed	YES	8	OWNED_SOURCE_MEMBER	source/config	backend	NO	UNASSIGNED	UNASSIGNED	UNASSIGNED	UNASSIGNED	UNASSIGNED	UNASSIGNED	UNASSIGNED	UNASSIGNED	UNASSIGNED	UNASSIGNED	Semantic read pending; inventory/provenance only
nabdah-backend.zip	src/modules/pharmacy/services/pharmacy-broadcast.service.ts	c9034f49af0423c7a9a98c7478896e94c879286e4935f102e0989946e1e6b30b	c9034f49af0423c7a9a98c7478896e94c879286e4935f102e0989946e1e6b30b	YES	564	OWNED_SOURCE_MEMBER	service	backend	YES	audit-artifacts/phase0b-backend/semantic-evidence-pharmacy-broadcast-service.md	Semantic read; Auth/ownership; State transitions; Price/payment/insurance source; Security/truthfulness observations	2-254,256-564	SERVICE: broadcast stages/start/claimHaveAll/respondPartial/respondReject/advanceRound/bestPartial/fallback/list/detail/expiry	PharmacyBroadcast/Order/Allocation/Inventory/Provider/Medicine/Shortage repositories; Redis locks; SystemConfig	Provider/Admin broadcast controllers; PharmacyOrder/Allocation/SmartSplit/Chat/Shortage/Notification services; traceability pending	Provider role and notified-pharmacy membership; patient owner on detail; admin-like advance/expiry lack visible guard	open -> locked/fallback; BROADCASTING -> awaiting/full/negotiating/allocating; round timeout progression	Inventory prices for full accept; client response price/qty/fee for partial/best match; no payment logic visible	Not executed; concurrent claims, locks, price tampering, partial replay, ranking, fallback, detail privacy and expiry authorization implications documented	Full source member read completed from baseline archive bytes; second range closed truncation boundary; no remediation performed
nabdah-backend.zip	src/modules/pharmacy/services/pharmacy-order.service.ts	aca7cfaf78879db047eea8704a2e9ae36984984831d2edde4b6fce89648e5e8e	aca7cfaf78879db047eea8704a2e9ae36984984831d2edde4b6fce89648e5e8e	YES	173	OWNED_SOURCE_MEMBER	service	backend	YES	audit-artifacts/phase0b-backend/semantic-evidence-pharmacy-order-service.md	Semantic read; Auth/ownership; State transitions; Price/payment/insurance source; Security/truthfulness observations	1-171	SERVICE: patient pharmacy create/list/detail/update/submit/cancel; broadcast/allocations/workflow events	PharmacyOrder/PharmacyAllocation schemas; opaque patient order body; prescription attachments	PatientPharmacyController; SmartSplit/Broadcast/EventBus/Workflow services; consumer traceability phase pending	Exact patient role and patient_account_id predicates; foreign detail/update/submit/cancel behavior documented	DRAFT -> READY_FOR_SPLIT -> broadcast; patient cancellation -> CANCELLED; open allocations released	Totals initialized zero; client unit_price accepted; no visible catalog/payment/insurance/refund resolution	Not executed; role/owner, pricing, attachments, replay, broadcast duplication, cancellation stock release and status aggregation implications documented	Full source member read completed from baseline archive bytes; no remediation performed
nabdah-backend.zip	src/modules/pharmacy/services/procurement.service.ts	73418beb5dd674f4d90df5188a5ea785641be50a794bbd859e1155f479912527	73418beb5dd674f4d90df5188a5ea785641be50a794bbd859e1155f479912527	YES	227	OWNED_SOURCE_MEMBER	service	backend	YES	audit-artifacts/phase0b-backend/semantic-evidence-procurement-service.md	Semantic read; Auth/ownership; State transitions; Price/payment/insurance source; Security/truthfulness observations	1-227	SERVICE: procurement create/list/detail/feedback/admin list/summary/export/review/quotation/cancel/complete	ProcurementRequest/Quotation schemas and pharmacy/admin DTOs; ObjectId-backed repositories	Procurement controller(s); quotation/request repositories; consumer traceability phase pending	Pharmacy-scoped list/detail/feedback; admin boundary assumed upstream; create parameters not relationship-validated	PENDING_ADMIN_REVIEW -> QUOTATION_ISSUED -> APPROVED_BY_PHARMACY/CANCELLED -> COMPLETED	Admin quotation DTO total/items persisted; no payment/refund/insurance logic visible	Not executed; ownership, malformed IDs, quote reissue/replay, status guards, export correctness and partial-failure implications documented	Full source member read completed from baseline archive bytes; no remediation performed
nabdah-backend.zip	src/modules/pharmacy/services/pharmacy-inventory-ext.service.ts	f213b6e8ed37af48c7a327e9515c9b24885bc876f1ba3ba61d45b8a1e7ced323	f213b6e8ed37af48c7a327e9515c9b24885bc876f1ba3ba61d45b8a1e7ced323	YES	92	OWNED_SOURCE_MEMBER	service	backend	YES	audit-artifacts/phase0b-backend/semantic-evidence-pharmacy-inventory-ext-service.md	Semantic read; Auth/ownership; State transitions; Price/payment/insurance source; Security/truthfulness observations	1-92	SERVICE: provider inventory search/restock/low-stock alerts/acknowledge/refresh	PharmacyInventoryItem/LowStockAlert repositories; opaque search parameters	ProviderInventoryExtController; Pharmacy allocation/split services; consumer traceability phase pending	Provider role and provider_account_id predicates on visible methods	Alert open -> acknowledged/restocked; threshold-derived alert create/update	None visible	Not executed; ownership, regex input, restock replay, alert deduplication and threshold boundary implications documented	Full source member read completed from baseline archive bytes; no remediation performed
nabdah-backend.zip	src/modules/pharmacy/services/smart-split.service.ts	0a9a63b93d58c2a1f7f7add9bd250f745cf86795fff92dbd490644b00bc26a37	0a9a63b93d58c2a1f7f7add9bd250f745cf86795fff92dbd490644b00bc26a37	YES	412	OWNED_SOURCE_MEMBER	service	backend	YES	audit-artifacts/phase0b-backend/semantic-evidence-smart-split-service.md	Semantic read; Auth/ownership; State transitions; Price/payment/insurance source; Security/truthfulness observations	2-240,242-407,409-412	SERVICE: Smart Split runForOrder/runWithMatrix; candidate discovery; matching/scoring; allocation materialization/release	PharmacyOrder/Allocation/Inventory/Provider profile/availability/score repositories; geo engine	PharmacyAllocationService/Admin pharmacy controller; consumer traceability phase pending	Order ID service entry has no visible caller authorization; provider approval/availability candidate filters	READY_FOR_SPLIT/ALLOCATING/PARTIALLY_ALLOCATED -> FULLY/PARTIALLY_ALLOCATED/MANUAL_REVIEW; allocation review lifecycle	Inventory prices and market-average score; no payment/insurance logic visible	Not executed; actor authorization, replay, stock conservation, matching, scoring, MAX_SPLITS and matrix wiring implications documented	Full source member read completed from baseline archive bytes; trailing patch/comment block inspected; no remediation performed
nabdah-backend.zip	src/modules/pharmacy/services/pharmacy-seed.service.ts	930e067dfa231b6fe6f8bb15c6260a6d59406b421cb218faaa43cf85c7e7e999	930e067dfa231b6fe6f8bb15c6260a6d59406b421cb218faaa43cf85c7e7e999	YES	130	OWNED_SOURCE_MEMBER	service	backend	YES	audit-artifacts/phase0b-backend/semantic-evidence-pharmacy-seed-service.md	Semantic read; Auth/ownership; State transitions; Price/payment/insurance source; Security/truthfulness observations	1-130	SERVICE: test seed providers/inventory; test sample patient order	PharmacyOrder/Inventory/Provider account/profile/availability repositories; fixed test fixtures	AdminPharmacyController seed/sample-order; consumer traceability phase pending	Seed requires admin and test-only environment; sample order only test guard and arbitrary patient_account_id	Creates approved test provider/inventory/availability; sample order starts DRAFT	Hard-coded test inventory/item prices; no payment/insurance logic visible	Not executed; test-only guard, repeated seed, fixture isolation, arbitrary patient ID, cleanup and hard-coded-data implications documented	Full source member read completed from baseline archive bytes; no remediation performed
nabdah-backend.zip	src/modules/pharmacy/services/pharmacy-shortage.service.ts	5956a2fb5a7941d687950570fbf298640e2bca92bcfaa0810a56b9939b85dd0f	5956a2fb5a7941d687950570fbf298640e2bca92bcfaa0810a56b9939b85dd0f	YES	253	OWNED_SOURCE_MEMBER	service	backend	YES	audit-artifacts/phase0b-backend/semantic-evidence-pharmacy-shortage-service.md	Semantic read; Auth/ownership; State transitions; Price/payment/insurance source; Security/truthfulness observations	1-253	SERVICE: report/create/approve/reject/resolve/list/patient lookup/log rejection/accept/admin mark/dashboard	DrugShortageFlag/RejectionLog/Medicine/PharmacyOrder repositories; opaque shortage body	Provider/Admin/Patient shortage controllers; Broadcast/Chat services; consumer traceability phase pending	Provider/admin checks on write paths; provider own/admin-approved list; patient lookup via upstream guard	pending -> approved/rejected -> resolved; medicine availability none/limited/admin-flagged; log-driven triggers	None visible	Not executed; roles, status transitions, trigger repeatability, dashboard count correctness and replay implications documented	Full source member read completed from baseline archive bytes; no remediation performed
nabdah-backend.zip	src/modules/pharmacy/services/pharmacy-orders-provider.service.ts	fdcbd4ce7f1a9dc393ca01dc6bc419d23c7df7b0810cf3fcf423e16621281040	fdcbd4ce7f1a9dc393ca01dc6bc419d23c7df7b0810cf3fcf423e16621281040	YES	140	OWNED_SOURCE_MEMBER	service	backend	YES	audit-artifacts/phase0b-backend/semantic-evidence-pharmacy-orders-provider-service.md	Semantic read; Auth/ownership; State transitions; Price/payment/insurance source; Security/truthfulness observations	1-140	SERVICE: provider accept/submit-basket/insurance/preparing/ready/dispatch	PharmacyOrderRepository; allocation service; opaque basket/insurance/courier bodies; Redis accept lock	ProviderPharmacyController; PharmacyAllocationService/EventBus; consumer traceability phase pending	Allocation lookup for lifecycle actions; visible basket/insurance methods lack provider owner predicate	accept lock -> allocation confirm; preparing/ready/out-for-delivery allocation transitions; basket/insurance side effects	Client basket prices/quantities and copay/status/NPHIES fields persisted; no payment/refund logic visible	Not executed; provider owner/stranger, lock/replay, price/copay tampering, state validation, courier metadata and idempotency implications documented	Full source member read completed from baseline archive bytes; no remediation performed
nabdah-backend.zip	src/modules/pharmacy/services/pharmacy-chat.service.ts	a2a7c1deed5a91c6632d41bb9d55a6701aa3e6973d0870e008070af2f03a5559	a2a7c1deed5a91c6632d41bb9d55a6701aa3e6973d0870e008070af2f03a5559	YES	166	OWNED_SOURCE_MEMBER	service	backend	YES	audit-artifacts/phase0b-backend/semantic-evidence-pharmacy-chat-service.md	Semantic read; Auth/ownership; State transitions; Price/payment/insurance source; Security/truthfulness observations	1-166	SERVICE: open/list threads/list messages/post/accept substitute/reject/remove/sweep auto-close	PharmacyChatThread/Message/Order/Allocation repositories; opaque message and substitute offer bodies	PharmacyChatController; BroadcastService/AllocationService/EventBus; consumer traceability phase pending	Patient/provider participant checks; patient-only substitute decisions; scheduler/admin boundary assumed for sweep	open -> closed accepted/rejected/removed or archived timeout; blocked message persisted but excluded	Substitute offer price copied from client body; no payment/requote/insurance reconciliation visible	Not executed; participant isolation, content filtering, offer/image validation, substitute replay, item removal and sweep authorization implications documented	Full source member read completed from baseline archive bytes; no remediation performed
nabdah-backend.zip	src/modules/pharmacy/services/pharmacy-shortage.service.spec.ts	54437c0fe4018940e518dad9c791c0aaeec014501388f9e36e0f8b354cbec425	54437c0fe4018940e518dad9c791c0aaeec014501388f9e36e0f8b354cbec425	YES	169	OWNED_SOURCE_MEMBER	service	backend	NO	UNASSIGNED	UNASSIGNED	UNASSIGNED	UNASSIGNED	UNASSIGNED	UNASSIGNED	UNASSIGNED	UNASSIGNED	UNASSIGNED	UNASSIGNED	Semantic read pending; inventory/provenance only
nabdah-backend.zip	src/modules/pharmacy/services/pharmacy-notification.service.ts	224866beb88273c19b75334e3a4256344c7d9023abc6825f9e0f6e747c2743e0	224866beb88273c19b75334e3a4256344c7d9023abc6825f9e0f6e747c2743e0	YES	125	OWNED_SOURCE_MEMBER	service	backend	YES	audit-artifacts/phase0b-backend/semantic-evidence-pharmacy-notification-service.md	Semantic read; Auth/ownership; State transitions; Price/payment/insurance source; Security/truthfulness observations	1-125	SERVICE: patient/provider allocation, broadcast, unavailable, progress, cancellation notifications	NotificationService; PharmacyOrder/Allocation projections; localized notification keys	Pharmacy allocation/broadcast/chat services; consumer traceability phase pending	Internal side-effect service; recipient IDs derived from persisted order/allocation ownership	Mirrors split/allocation/broadcast workflow events; no domain-state mutation	None visible	Not executed; recipient isolation, localization/deep-link, duplicate replay, failure observability and missing-order implications documented	Full source member read completed from baseline archive bytes; no remediation performed
nabdah-backend.zip	src/modules/pharmacy/services/pharmacy-allocation.service.ts	86d76201ee3a2c335e2df710b6be0f106fc39ddae86de24f77aec6ee565cd019	86d76201ee3a2c335e2df710b6be0f106fc39ddae86de24f77aec6ee565cd019	YES	317	OWNED_SOURCE_MEMBER	service	backend	YES	audit-artifacts/phase0b-backend/semantic-evidence-pharmacy-allocation-service.md	Semantic read; Auth/ownership; State transitions; Price/payment/insurance source; Security/truthfulness observations	2-263,264-317	SERVICE: allocation list/detail/find/itemAction/confirm/preparing/ready/out/delivered/cancel/expire/insurance	PharmacyOrder/Allocation/Inventory schemas; allocation repository; finance ledger/config; insurance details	Pharmacy controllers/provider order service; Workflow/EventBus/SmartSplit/Notification services; consumer traceability pending	Provider-role and pharmacy_account_id checks on allocation mutations; stale expiry is system-like without visible guard	pending review -> confirm/partial/reject/expire -> preparing -> ready -> out-for-delivery -> delivered/cancelled; parent aggregation	Inventory/substitute prices; allocation totals; finance_config commission/VAT/settlement; body insurance amounts	Not executed; stock race/conservation, replay, transitions, earnings duplication, parent aggregation, expiry authorization, insurance validation implications documented	Full source member read completed from baseline archive bytes; second range closed truncation boundary; no remediation performed
nabdah-backend.zip	src/modules/pharmacy/services/repositories/medicine.repository.ts	35f7a30bdccb0d425cf50765df35661bc8b8668984d597711e11eefd421170b2	35f7a30bdccb0d425cf50765df35661bc8b8668984d597711e11eefd421170b2	YES	13	OWNED_SOURCE_MEMBER	service	backend	NO	UNASSIGNED	UNASSIGNED	UNASSIGNED	UNASSIGNED	UNASSIGNED	UNASSIGNED	UNASSIGNED	UNASSIGNED	UNASSIGNED	UNASSIGNED	Semantic read pending; inventory/provenance only
nabdah-backend.zip	src/modules/pharmacy/services/repositories/provideraccountprofile.repository.ts	07db70cad73cc138e8093295f1061993c61008bb140b49075d66e265a3d077d7	07db70cad73cc138e8093295f1061993c61008bb140b49075d66e265a3d077d7	YES	13	OWNED_SOURCE_MEMBER	service	backend	NO	UNASSIGNED	UNASSIGNED	UNASSIGNED	UNASSIGNED	UNASSIGNED	UNASSIGNED	UNASSIGNED	UNASSIGNED	UNASSIGNED	UNASSIGNED	Semantic read pending; inventory/provenance only
nabdah-backend.zip	src/modules/pharmacy/services/repositories/drugshortageflag.repository.ts	bc6723dd05cddd8a420486f4a81f96c1772c7609b8371bc0df6311c4f6e73283	bc6723dd05cddd8a420486f4a81f96c1772c7609b8371bc0df6311c4f6e73283	YES	13	OWNED_SOURCE_MEMBER	service	backend	NO	UNASSIGNED	UNASSIGNED	UNASSIGNED	UNASSIGNED	UNASSIGNED	UNASSIGNED	UNASSIGNED	UNASSIGNED	UNASSIGNED	UNASSIGNED	Semantic read pending; inventory/provenance only
nabdah-backend.zip	src/modules/pharmacy/services/repositories/providerscoresnapshot.repository.ts	633ee0a8f019a12d4a2e90a118fbe49cb6371ecabfafde58477f48eeceaf521d	633ee0a8f019a12d4a2e90a118fbe49cb6371ecabfafde58477f48eeceaf521d	YES	13	OWNED_SOURCE_MEMBER	service	backend	NO	UNASSIGNED	UNASSIGNED	UNASSIGNED	UNASSIGNED	UNASSIGNED	UNASSIGNED	UNASSIGNED	UNASSIGNED	UNASSIGNED	UNASSIGNED	Semantic read pending; inventory/provenance only
nabdah-backend.zip	src/modules/pharmacy/services/repositories/provideravailability.repository.ts	d69bd834aaa1b3542c9ddb44e5ef08b0e4487027d083a068934ba920087a47d8	d69bd834aaa1b3542c9ddb44e5ef08b0e4487027d083a068934ba920087a47d8	YES	15	OWNED_SOURCE_MEMBER	service	backend	NO	UNASSIGNED	UNASSIGNED	UNASSIGNED	UNASSIGNED	UNASSIGNED	UNASSIGNED	UNASSIGNED	UNASSIGNED	UNASSIGNED	UNASSIGNED	Semantic read pending; inventory/provenance only
nabdah-backend.zip	src/modules/pharmacy/services/repositories/pharmacybroadcast.repository.ts	ad5e9ff9e6db070cfff1e8063760a10ab8a36fe67e13429e939daafcd47dd5b8	ad5e9ff9e6db070cfff1e8063760a10ab8a36fe67e13429e939daafcd47dd5b8	YES	13	OWNED_SOURCE_MEMBER	service	backend	NO	UNASSIGNED	UNASSIGNED	UNASSIGNED	UNASSIGNED	UNASSIGNED	UNASSIGNED	UNASSIGNED	UNASSIGNED	UNASSIGNED	UNASSIGNED	Semantic read pending; inventory/provenance only
nabdah-backend.zip	src/modules/pharmacy/services/repositories/quotation.repository.ts	ad5e2e5f394a09950899defa97518afc10958057ec4ba24e2dad100b2c49c53e	ad5e2e5f394a09950899defa97518afc10958057ec4ba24e2dad100b2c49c53e	YES	13	OWNED_SOURCE_MEMBER	service	backend	NO	UNASSIGNED	UNASSIGNED	UNASSIGNED	UNASSIGNED	UNASSIGNED	UNASSIGNED	UNASSIGNED	UNASSIGNED	UNASSIGNED	UNASSIGNED	Semantic read pending; inventory/provenance only
nabdah-backend.zip	src/modules/pharmacy/services/repositories/drugrejectionlog.repository.ts	01ad2ea8c10f14e2b5115309becfcb62caf4b43d2fbea9572aeacbca3e5dd04a	01ad2ea8c10f14e2b5115309becfcb62caf4b43d2fbea9572aeacbca3e5dd04a	YES	13	OWNED_SOURCE_MEMBER	service	backend	NO	UNASSIGNED	UNASSIGNED	UNASSIGNED	UNASSIGNED	UNASSIGNED	UNASSIGNED	UNASSIGNED	UNASSIGNED	UNASSIGNED	UNASSIGNED	Semantic read pending; inventory/provenance only
nabdah-backend.zip	src/modules/pharmacy/services/repositories/systemconfig.repository.ts	31dabd7868882bcb45a186bc9359d85fbe8301fc276393049e04bb375065813f	31dabd7868882bcb45a186bc9359d85fbe8301fc276393049e04bb375065813f	YES	13	OWNED_SOURCE_MEMBER	service	backend	NO	UNASSIGNED	UNASSIGNED	UNASSIGNED	UNASSIGNED	UNASSIGNED	UNASSIGNED	UNASSIGNED	UNASSIGNED	UNASSIGNED	UNASSIGNED	Semantic read pending; inventory/provenance only
nabdah-backend.zip	src/modules/pharmacy/services/repositories/pharmacyallocation.repository.ts	185129a4d86cc7f24e64d421900df3d771f6e97e8679e8fd144c362b1b603474	185129a4d86cc7f24e64d421900df3d771f6e97e8679e8fd144c362b1b603474	YES	13	OWNED_SOURCE_MEMBER	service	backend	NO	UNASSIGNED	UNASSIGNED	UNASSIGNED	UNASSIGNED	UNASSIGNED	UNASSIGNED	UNASSIGNED	UNASSIGNED	UNASSIGNED	UNASSIGNED	Semantic read pending; inventory/provenance only
nabdah-backend.zip	src/modules/pharmacy/services/repositories/pharmacychatmessage.repository.ts	05d8ff878647718570fba38154e2e1be2b0650261e2751d58ca7bfe202205c2d	05d8ff878647718570fba38154e2e1be2b0650261e2751d58ca7bfe202205c2d	YES	13	OWNED_SOURCE_MEMBER	service	backend	NO	UNASSIGNED	UNASSIGNED	UNASSIGNED	UNASSIGNED	UNASSIGNED	UNASSIGNED	UNASSIGNED	UNASSIGNED	UNASSIGNED	UNASSIGNED	Semantic read pending; inventory/provenance only
nabdah-backend.zip	src/modules/pharmacy/services/repositories/procurementrequest.repository.ts	935eff0c9602e6119da4fadafb8e10449c88220011714ebb30951dfb9a615b64	935eff0c9602e6119da4fadafb8e10449c88220011714ebb30951dfb9a615b64	YES	13	OWNED_SOURCE_MEMBER	service	backend	NO	UNASSIGNED	UNASSIGNED	UNASSIGNED	UNASSIGNED	UNASSIGNED	UNASSIGNED	UNASSIGNED	UNASSIGNED	UNASSIGNED	UNASSIGNED	Semantic read pending; inventory/provenance only
nabdah-backend.zip	src/modules/pharmacy/services/repositories/pharmacylowstockalert.repository.ts	61c88ae94ec19a7c3e2799653376d0987bf75ac65be12488597217ff1a577c15	61c88ae94ec19a7c3e2799653376d0987bf75ac65be12488597217ff1a577c15	YES	13	OWNED_SOURCE_MEMBER	service	backend	NO	UNASSIGNED	UNASSIGNED	UNASSIGNED	UNASSIGNED	UNASSIGNED	UNASSIGNED	UNASSIGNED	UNASSIGNED	UNASSIGNED	UNASSIGNED	Semantic read pending; inventory/provenance only
nabdah-backend.zip	src/modules/pharmacy/services/repositories/provideraccount.repository.ts	cb63a6c1c63c44a102b62851379eb448caf240c05f45534d8ba8b1bc0d1b6d55	cb63a6c1c63c44a102b62851379eb448caf240c05f45534d8ba8b1bc0d1b6d55	YES	13	OWNED_SOURCE_MEMBER	service	backend	NO	UNASSIGNED	UNASSIGNED	UNASSIGNED	UNASSIGNED	UNASSIGNED	UNASSIGNED	UNASSIGNED	UNASSIGNED	UNASSIGNED	UNASSIGNED	Semantic read pending; inventory/provenance only
nabdah-backend.zip	src/modules/pharmacy/services/repositories/pharmacyinventoryitem.repository.ts	4b948a5c18a468af9c4ba860635e6d8d53cfc6bbc602186661d39c7295158ac5	4b948a5c18a468af9c4ba860635e6d8d53cfc6bbc602186661d39c7295158ac5	YES	13	OWNED_SOURCE_MEMBER	service	backend	NO	UNASSIGNED	UNASSIGNED	UNASSIGNED	UNASSIGNED	UNASSIGNED	UNASSIGNED	UNASSIGNED	UNASSIGNED	UNASSIGNED	UNASSIGNED	Semantic read pending; inventory/provenance only
nabdah-backend.zip	src/modules/pharmacy/services/repositories/pharmacychatthread.repository.ts	f28e03fdea665aa470c9cd37986d5215ae6f3271de5c157b009070d8df8ee158	f28e03fdea665aa470c9cd37986d5215ae6f3271de5c157b009070d8df8ee158	YES	13	OWNED_SOURCE_MEMBER	service	backend	NO	UNASSIGNED	UNASSIGNED	UNASSIGNED	UNASSIGNED	UNASSIGNED	UNASSIGNED	UNASSIGNED	UNASSIGNED	UNASSIGNED	UNASSIGNED	Semantic read pending; inventory/provenance only
nabdah-backend.zip	src/modules/pharmacy/services/repositories/pharmacyorder.repository.ts	aa7d16ec71a95e75fa8368f5aaedbe534fa7f54977e642d11526b460c0b3a0a7	aa7d16ec71a95e75fa8368f5aaedbe534fa7f54977e642d11526b460c0b3a0a7	YES	13	OWNED_SOURCE_MEMBER	service	backend	NO	UNASSIGNED	UNASSIGNED	UNASSIGNED	UNASSIGNED	UNASSIGNED	UNASSIGNED	UNASSIGNED	UNASSIGNED	UNASSIGNED	UNASSIGNED	Semantic read pending; inventory/provenance only
nabdah-backend.zip	src/modules/pharmacy/tests/pharmacy-broadcast.service.spec.ts	d89014a16f7e9c8315a19b4280bbe8bf3e382c8545eb6930ddf5c6af48674b50	d89014a16f7e9c8315a19b4280bbe8bf3e382c8545eb6930ddf5c6af48674b50	YES	298	OWNED_SOURCE_MEMBER	service	backend	NO	UNASSIGNED	UNASSIGNED	UNASSIGNED	UNASSIGNED	UNASSIGNED	UNASSIGNED	UNASSIGNED	UNASSIGNED	UNASSIGNED	UNASSIGNED	Semantic read pending; inventory/provenance only
nabdah-backend.zip	src/modules/pharmacy/tests/procurement.service.spec.ts	b8ccf6cde527dd9dfa4d168ec5a608613456ce4983cfd32fa22021fa97ebf97c	b8ccf6cde527dd9dfa4d168ec5a608613456ce4983cfd32fa22021fa97ebf97c	YES	184	OWNED_SOURCE_MEMBER	service	backend	NO	UNASSIGNED	UNASSIGNED	UNASSIGNED	UNASSIGNED	UNASSIGNED	UNASSIGNED	UNASSIGNED	UNASSIGNED	UNASSIGNED	UNASSIGNED	Semantic read pending; inventory/provenance only
nabdah-backend.zip	src/modules/pharmacy/schemas/pharmacy.schema.ts	7239d430fc9c90deecc54e3906a7ad88dfa081ffadb1fc3d5bfbe2cc036d2698	7239d430fc9c90deecc54e3906a7ad88dfa081ffadb1fc3d5bfbe2cc036d2698	YES	407	OWNED_SOURCE_MEMBER	schema	backend	YES	audit-artifacts/phase0b-backend/semantic-evidence-pharmacy-schema.md	Semantic read; Auth/ownership; State transitions; Price/payment/insurance source; Security/truthfulness observations	2-230,231-407	SCHEMA: pharmacy order/allocation/intake/substitute/alert/broadcast/chat/shortage domain	PharmacyOrder/Allocation/PrescriptionIntake/SubstituteMap/LowStockAlert/Broadcast/Chat/Shortage schemas and indexes	Pharmacy services/controllers/module; consumer traceability phase pending	Ownership fields encode patient/provider/pharmacy/thread participants; enforcement external	Explicit PharmacyOrder and PharmacyAllocation transition tables; enum persistence constraints	Embedded order/allocation/broadcast prices/totals and insurance fields; no invariants enforced	Not executed; enum/index, embedded payload, ownership, financial invariant, broadcast lock and chat privacy implications documented	Full source member read completed from baseline archive bytes; second range closed truncation boundary; no remediation performed
nabdah-backend.zip	src/modules/pharmacy/schemas/quotation.schema.ts	e5b010b21e51d967d642a89e83ceedac72f2d00a70d4ae95b2b79746d6da452d	e5b010b21e51d967d642a89e83ceedac72f2d00a70d4ae95b2b79746d6da452d	YES	37	OWNED_SOURCE_MEMBER	schema	backend	YES	audit-artifacts/phase0b-backend/semantic-evidence-procurement-schemas.md	Semantic read; Auth/ownership; State transitions; Price/payment/insurance source; Security/truthfulness observations	1-38	SCHEMA: quotation request/admin/items/prices/status/feedback	Quotation interface/schema, request/admin IDs, medicine quantity/price items, total, status, notes and feedback	ProcurementService and procurement/admin controllers; consumer traceability phase pending	Admin/pharmacy IDs only; schema enforcement absent	ProcurementStatus enum persistence; service enforces lifecycle	Item price and totalPrice required but unconstrained; no currency or total invariant	Not executed; UUID/ObjectId compatibility, owner isolation, enum/financial validation, duplicate/reissue and partial-save implications documented	Full source member read completed from baseline archive bytes; no remediation performed
nabdah-backend.zip	src/modules/pharmacy/schemas/procurement-request.schema.ts	eeb4db2d42ba4f59f8de484c001f82977cd009815cac601cdde3c168835efa08	eeb4db2d42ba4f59f8de484c001f82977cd009815cac601cdde3c168835efa08	YES	43	OWNED_SOURCE_MEMBER	schema	backend	YES	audit-artifacts/phase0b-backend/semantic-evidence-procurement-schemas.md	Semantic read; Auth/ownership; State transitions; Price/payment/insurance source; Security/truthfulness observations	1-43	SCHEMA: procurement request ownership/items/status/upload/warehouse quote	ProcurementRequest schema, UUID ownership, embedded request items, status enum, upload URL and quotation price	ProcurementService and procurement/admin controllers; consumer traceability phase pending	Ownership fields only; enforcement external	DRAFT -> PENDING_ADMIN_REVIEW -> QUOTATION_ISSUED -> APPROVED_BY_PHARMACY/CANCELLED -> COMPLETED	total_warehouse_quotation_price persisted; no arithmetic invariant	Not executed; UUID/ObjectId compatibility, owner isolation, enum/financial validation, duplicate/reissue and partial-save implications documented	Full source member read completed from baseline archive bytes; no remediation performed
nabdah-backend.zip	src/modules/pharmacy/dto/admin-create-quotation.dto.ts	e91b8fc8194dff5d02489f011b8cd17ee50efe18f7c24d96202c3b9824be261a	e91b8fc8194dff5d02489f011b8cd17ee50efe18f7c24d96202c3b9824be261a	YES	36	OWNED_SOURCE_MEMBER	dto	backend	NO	UNASSIGNED	UNASSIGNED	UNASSIGNED	UNASSIGNED	UNASSIGNED	UNASSIGNED	UNASSIGNED	UNASSIGNED	UNASSIGNED	UNASSIGNED	Semantic read pending; inventory/provenance only
nabdah-backend.zip	src/modules/pharmacy/dto/pharmacy-quotation-feedback.dto.ts	1a9dddb501114ba5ec450680bfde3f1f69fb74527825ee82cab74f394f47b075	1a9dddb501114ba5ec450680bfde3f1f69fb74527825ee82cab74f394f47b075	YES	16	OWNED_SOURCE_MEMBER	dto	backend	NO	UNASSIGNED	UNASSIGNED	UNASSIGNED	UNASSIGNED	UNASSIGNED	UNASSIGNED	UNASSIGNED	UNASSIGNED	UNASSIGNED	UNASSIGNED	Semantic read pending; inventory/provenance only
nabdah-backend.zip	src/modules/pharmacy/dto/create-procurement-request.dto.ts	06653eda3cf0a41ee3fe6cb88fd321b39dbcebc2ab53ed9627999fede84079d9	06653eda3cf0a41ee3fe6cb88fd321b39dbcebc2ab53ed9627999fede84079d9	YES	30	OWNED_SOURCE_MEMBER	dto	backend	NO	UNASSIGNED	UNASSIGNED	UNASSIGNED	UNASSIGNED	UNASSIGNED	UNASSIGNED	UNASSIGNED	UNASSIGNED	UNASSIGNED	UNASSIGNED	Semantic read pending; inventory/provenance only
nabdah-backend.zip	src/modules/pharmacy/controllers/admin-procurement.controller.ts	88891628c13786d1a52c3f574063fa98991e2d15d836b7ef8b287b953f819124	88891628c13786d1a52c3f574063fa98991e2d15d836b7ef8b287b953f819124	YES	86	OWNED_SOURCE_MEMBER	controller	backend	NO	UNASSIGNED	UNASSIGNED	UNASSIGNED	UNASSIGNED	UNASSIGNED	UNASSIGNED	UNASSIGNED	UNASSIGNED	UNASSIGNED	UNASSIGNED	Semantic read pending; inventory/provenance only
nabdah-backend.zip	src/modules/pharmacy/controllers/procurement.controller.ts	76b09941fe58e09051fcc31526113b4581977c250efbe17f1e18979d1e4ddd3c	76b09941fe58e09051fcc31526113b4581977c250efbe17f1e18979d1e4ddd3c	YES	143	OWNED_SOURCE_MEMBER	controller	backend	NO	UNASSIGNED	UNASSIGNED	UNASSIGNED	UNASSIGNED	UNASSIGNED	UNASSIGNED	UNASSIGNED	UNASSIGNED	UNASSIGNED	UNASSIGNED	Semantic read pending; inventory/provenance only
nabdah-backend.zip	src/modules/workflow-engine/workflow-engine.module.ts	cf25b5c1d09cf8bbe652c9c054a1dc54f3fcfb5d2b56d5e35e89dd9edf97862d	cf25b5c1d09cf8bbe652c9c054a1dc54f3fcfb5d2b56d5e35e89dd9edf97862d	YES	609	OWNED_SOURCE_MEMBER	source/config	backend	NO	UNASSIGNED	UNASSIGNED	UNASSIGNED	UNASSIGNED	UNASSIGNED	UNASSIGNED	UNASSIGNED	UNASSIGNED	UNASSIGNED	UNASSIGNED	Semantic read pending; inventory/provenance only
nabdah-backend.zip	src/modules/workflow-engine/workflow-engine.module.spec.ts	580eb12faadb5b140ec7865f3d362e8e11ff5c40649ecf9835cbb26e72df370e	580eb12faadb5b140ec7865f3d362e8e11ff5c40649ecf9835cbb26e72df370e	YES	13	OWNED_SOURCE_MEMBER	test	backend	NO	UNASSIGNED	UNASSIGNED	UNASSIGNED	UNASSIGNED	UNASSIGNED	UNASSIGNED	UNASSIGNED	UNASSIGNED	UNASSIGNED	UNASSIGNED	Semantic read pending; inventory/provenance only
nabdah-backend.zip	src/modules/insurance/insurance.controller.ts	e94a001d23ea731670c59ac59f9772ef125d12d7284b674920425b3478302b8a	e94a001d23ea731670c59ac59f9772ef125d12d7284b674920425b3478302b8a	YES	98	OWNED_SOURCE_MEMBER	controller	backend	NO	UNASSIGNED	UNASSIGNED	UNASSIGNED	UNASSIGNED	UNASSIGNED	UNASSIGNED	UNASSIGNED	UNASSIGNED	UNASSIGNED	UNASSIGNED	Semantic read pending; inventory/provenance only
nabdah-backend.zip	src/modules/insurance/insurance.service.spec.ts	c5833b33907c945d68f2657489b7a45aed3153493d1a0cd6fa527e220363b7a3	c5833b33907c945d68f2657489b7a45aed3153493d1a0cd6fa527e220363b7a3	YES	316	OWNED_SOURCE_MEMBER	service	backend	NO	UNASSIGNED	UNASSIGNED	UNASSIGNED	UNASSIGNED	UNASSIGNED	UNASSIGNED	UNASSIGNED	UNASSIGNED	UNASSIGNED	UNASSIGNED	Semantic read pending; inventory/provenance only
nabdah-backend.zip	src/modules/insurance/insurance.module.ts	d1901081a833e5f56c8913c09e1d3cccf9d9a7ba37854808c58930685e0b6561	d1901081a833e5f56c8913c09e1d3cccf9d9a7ba37854808c58930685e0b6561	YES	516	OWNED_SOURCE_MEMBER	source/config	backend	NO	UNASSIGNED	UNASSIGNED	UNASSIGNED	UNASSIGNED	UNASSIGNED	UNASSIGNED	UNASSIGNED	UNASSIGNED	UNASSIGNED	UNASSIGNED	Semantic read pending; inventory/provenance only
nabdah-backend.zip	src/modules/hospital-staff/hospital-staff.module.ts	9e01fc633bffbdd8336d8f53d51f89718b6a4a2ef7a3f181e353304338ad2756	9e01fc633bffbdd8336d8f53d51f89718b6a4a2ef7a3f181e353304338ad2756	YES	136	OWNED_SOURCE_MEMBER	source/config	backend	NO	UNASSIGNED	UNASSIGNED	UNASSIGNED	UNASSIGNED	UNASSIGNED	UNASSIGNED	UNASSIGNED	UNASSIGNED	UNASSIGNED	UNASSIGNED	Semantic read pending; inventory/provenance only
nabdah-backend.zip	src/modules/emergency/ambulance-fleet.controller.ts	9e608787700b313021ffb1e6ef01efdeb6172f97550377903271d45a6432ac97	9e608787700b313021ffb1e6ef01efdeb6172f97550377903271d45a6432ac97	YES	142	OWNED_SOURCE_MEMBER	controller	backend	NO	UNASSIGNED	UNASSIGNED	UNASSIGNED	UNASSIGNED	UNASSIGNED	UNASSIGNED	UNASSIGNED	UNASSIGNED	UNASSIGNED	UNASSIGNED	Semantic read pending; inventory/provenance only
nabdah-backend.zip	src/modules/emergency/emergency.module.ts	9999697beda92474fb7d865e5829c06caee8e303e624ee4a40a3ff519df0cd62	9999697beda92474fb7d865e5829c06caee8e303e624ee4a40a3ff519df0cd62	YES	19	OWNED_SOURCE_MEMBER	source/config	backend	NO	UNASSIGNED	UNASSIGNED	UNASSIGNED	UNASSIGNED	UNASSIGNED	UNASSIGNED	UNASSIGNED	UNASSIGNED	UNASSIGNED	UNASSIGNED	Semantic read pending; inventory/provenance only
nabdah-backend.zip	src/modules/emergency/emergency.service.vehicle-integrity.spec.ts	fd209b15e3158460ae5d378beee1b04ff34617e5160f98aefda701b7028820dc	fd209b15e3158460ae5d378beee1b04ff34617e5160f98aefda701b7028820dc	YES	36	OWNED_SOURCE_MEMBER	service	backend	NO	UNASSIGNED	UNASSIGNED	UNASSIGNED	UNASSIGNED	UNASSIGNED	UNASSIGNED	UNASSIGNED	UNASSIGNED	UNASSIGNED	UNASSIGNED	Semantic read pending; inventory/provenance only
nabdah-backend.zip	src/modules/emergency/emergency.admin-containment.spec.ts	d93dfca0a14692e9084d506e84e1fcb5b8118e7a944dcaeae20daaf744e717d7	d93dfca0a14692e9084d506e84e1fcb5b8118e7a944dcaeae20daaf744e717d7	YES	14	OWNED_SOURCE_MEMBER	test	backend	NO	UNASSIGNED	UNASSIGNED	UNASSIGNED	UNASSIGNED	UNASSIGNED	UNASSIGNED	UNASSIGNED	UNASSIGNED	UNASSIGNED	UNASSIGNED	Semantic read pending; inventory/provenance only
nabdah-backend.zip	src/modules/emergency/emergency.service.ts	e83335608c838a67c51b024152e19196776de4c95d6d4c562b3f8631b154d97a	e83335608c838a67c51b024152e19196776de4c95d6d4c562b3f8631b154d97a	YES	315	OWNED_SOURCE_MEMBER	service	backend	NO	UNASSIGNED	UNASSIGNED	UNASSIGNED	UNASSIGNED	UNASSIGNED	UNASSIGNED	UNASSIGNED	UNASSIGNED	UNASSIGNED	UNASSIGNED	Semantic read pending; inventory/provenance only
nabdah-backend.zip	src/modules/emergency/emergency.controller.ts	3d80b87dea0cfdc8e2cb92eb831a2daf9268ce507be846d3449f79a1fe597f34	3d80b87dea0cfdc8e2cb92eb831a2daf9268ce507be846d3449f79a1fe597f34	YES	83	OWNED_SOURCE_MEMBER	controller	backend	NO	UNASSIGNED	UNASSIGNED	UNASSIGNED	UNASSIGNED	UNASSIGNED	UNASSIGNED	UNASSIGNED	UNASSIGNED	UNASSIGNED	UNASSIGNED	Semantic read pending; inventory/provenance only
nabdah-backend.zip	src/modules/emergency/repositories/emergencyrequest.repository.ts	578e6f3ba9f059c1630eaecbf803c9633c23724983ec9fdc9a5b291c1382b1e2	578e6f3ba9f059c1630eaecbf803c9633c23724983ec9fdc9a5b291c1382b1e2	YES	13	OWNED_SOURCE_MEMBER	repository	backend	NO	UNASSIGNED	UNASSIGNED	UNASSIGNED	UNASSIGNED	UNASSIGNED	UNASSIGNED	UNASSIGNED	UNASSIGNED	UNASSIGNED	UNASSIGNED	Semantic read pending; inventory/provenance only
nabdah-backend.zip	src/modules/presence/presence.service.ts	ccc120155f3a8627e6e584ff916ca118a771c367f69d39f53f65ec06d9aa9d59	ccc120155f3a8627e6e584ff916ca118a771c367f69d39f53f65ec06d9aa9d59	YES	83	OWNED_SOURCE_MEMBER	service	backend	NO	UNASSIGNED	UNASSIGNED	UNASSIGNED	UNASSIGNED	UNASSIGNED	UNASSIGNED	UNASSIGNED	UNASSIGNED	UNASSIGNED	UNASSIGNED	Semantic read pending; inventory/provenance only
nabdah-backend.zip	src/modules/presence/presence.module.ts	18d13f962ca22d8445548979dde750e1533293d377d7cf277be707dedf0660b4	18d13f962ca22d8445548979dde750e1533293d377d7cf277be707dedf0660b4	YES	10	OWNED_SOURCE_MEMBER	source/config	backend	NO	UNASSIGNED	UNASSIGNED	UNASSIGNED	UNASSIGNED	UNASSIGNED	UNASSIGNED	UNASSIGNED	UNASSIGNED	UNASSIGNED	UNASSIGNED	Semantic read pending; inventory/provenance only
nabdah-backend.zip	src/modules/sms/sms.service.ts	d21bddfce3331254314140581ac88122c5777b6af36b33bf9c97f9c1bce07591	d21bddfce3331254314140581ac88122c5777b6af36b33bf9c97f9c1bce07591	YES	62	OWNED_SOURCE_MEMBER	service	backend	NO	UNASSIGNED	UNASSIGNED	UNASSIGNED	UNASSIGNED	UNASSIGNED	UNASSIGNED	UNASSIGNED	UNASSIGNED	UNASSIGNED	UNASSIGNED	Semantic read pending; inventory/provenance only
nabdah-backend.zip	src/modules/sms/sms.module.ts	63223d28e08dd5a9d3a9d16b6d33ae478046f4e3eb00cc3df4de52aa3c49f7c4	63223d28e08dd5a9d3a9d16b6d33ae478046f4e3eb00cc3df4de52aa3c49f7c4	YES	9	OWNED_SOURCE_MEMBER	source/config	backend	NO	UNASSIGNED	UNASSIGNED	UNASSIGNED	UNASSIGNED	UNASSIGNED	UNASSIGNED	UNASSIGNED	UNASSIGNED	UNASSIGNED	UNASSIGNED	Semantic read pending; inventory/provenance only
nabdah-backend.zip	src/modules/admin-command-center/admin-command-center.module.ts	c78b3bb7d51b3d93fa758bcaad093c9244be730c0132d04f14e6304ff757aad6	c78b3bb7d51b3d93fa758bcaad093c9244be730c0132d04f14e6304ff757aad6	YES	175	OWNED_SOURCE_MEMBER	source/config	backend	NO	UNASSIGNED	UNASSIGNED	UNASSIGNED	UNASSIGNED	UNASSIGNED	UNASSIGNED	UNASSIGNED	UNASSIGNED	UNASSIGNED	UNASSIGNED	Semantic read pending; inventory/provenance only
nabdah-backend.zip	src/modules/events/events.module.ts	d0d9854bb46fb28590de5871e30440a6e94f2b2c03f56e812f0b962ded20e3ef	d0d9854bb46fb28590de5871e30440a6e94f2b2c03f56e812f0b962ded20e3ef	YES	16	OWNED_SOURCE_MEMBER	source/config	backend	NO	UNASSIGNED	UNASSIGNED	UNASSIGNED	UNASSIGNED	UNASSIGNED	UNASSIGNED	UNASSIGNED	UNASSIGNED	UNASSIGNED	UNASSIGNED	Semantic read pending; inventory/provenance only
nabdah-backend.zip	src/modules/events/catalog-publication.service.spec.ts	2994dac9f4d7bc2b5c9829ba695421a8424e337eb9e284f0adbc06b1adf00838	2994dac9f4d7bc2b5c9829ba695421a8424e337eb9e284f0adbc06b1adf00838	YES	93	OWNED_SOURCE_MEMBER	service	backend	NO	UNASSIGNED	UNASSIGNED	UNASSIGNED	UNASSIGNED	UNASSIGNED	UNASSIGNED	UNASSIGNED	UNASSIGNED	UNASSIGNED	UNASSIGNED	Semantic read pending; inventory/provenance only
nabdah-backend.zip	src/modules/events/system-event.schema.ts	83b2eb33076aaf9002752f64762b49ed8ea88cb97408d4cc78e1370a10364261	83b2eb33076aaf9002752f64762b49ed8ea88cb97408d4cc78e1370a10364261	YES	30	OWNED_SOURCE_MEMBER	schema	backend	NO	UNASSIGNED	UNASSIGNED	UNASSIGNED	UNASSIGNED	UNASSIGNED	UNASSIGNED	UNASSIGNED	UNASSIGNED	UNASSIGNED	UNASSIGNED	Semantic read pending; inventory/provenance only
nabdah-backend.zip	src/modules/events/events.controllers.ts	1f78b3d2cc884107160137e6f53fee2d78986c385ddaa06ead0da0f4de1d62a5	1f78b3d2cc884107160137e6f53fee2d78986c385ddaa06ead0da0f4de1d62a5	YES	30	OWNED_SOURCE_MEMBER	controller	backend	NO	UNASSIGNED	UNASSIGNED	UNASSIGNED	UNASSIGNED	UNASSIGNED	UNASSIGNED	UNASSIGNED	UNASSIGNED	UNASSIGNED	UNASSIGNED	Semantic read pending; inventory/provenance only
nabdah-backend.zip	src/modules/events/catalog-publication.service.ts	657d4be7048da776981a5c867c53ab699de69199f1595365cc81596c4d124e54	657d4be7048da776981a5c867c53ab699de69199f1595365cc81596c4d124e54	YES	148	OWNED_SOURCE_MEMBER	service	backend	NO	UNASSIGNED	UNASSIGNED	UNASSIGNED	UNASSIGNED	UNASSIGNED	UNASSIGNED	UNASSIGNED	UNASSIGNED	UNASSIGNED	UNASSIGNED	Semantic read pending; inventory/provenance only
nabdah-backend.zip	src/modules/events/event-bus.service.ts	e1c598558b0e7519598ba057d05531bde4bb9039b14bb049bbf40068a43a2dfa	e1c598558b0e7519598ba057d05531bde4bb9039b14bb049bbf40068a43a2dfa	YES	84	OWNED_SOURCE_MEMBER	service	backend	NO	UNASSIGNED	UNASSIGNED	UNASSIGNED	UNASSIGNED	UNASSIGNED	UNASSIGNED	UNASSIGNED	UNASSIGNED	UNASSIGNED	UNASSIGNED	Semantic read pending; inventory/provenance only
nabdah-backend.zip	src/modules/events/event-bus.service.spec.ts	0b12a0cc89ca3fbb65578175c8d71dffca9428f9cd28ba150f8179e169cf2dba	0b12a0cc89ca3fbb65578175c8d71dffca9428f9cd28ba150f8179e169cf2dba	YES	19	OWNED_SOURCE_MEMBER	service	backend	NO	UNASSIGNED	UNASSIGNED	UNASSIGNED	UNASSIGNED	UNASSIGNED	UNASSIGNED	UNASSIGNED	UNASSIGNED	UNASSIGNED	UNASSIGNED	Semantic read pending; inventory/provenance only
nabdah-backend.zip	src/modules/events/repositories/systemevent.repository.ts	c773c8e7418c2245ad4e6402b39b3cea2c84aba7ed38f3b59950d8214e79a8ab	c773c8e7418c2245ad4e6402b39b3cea2c84aba7ed38f3b59950d8214e79a8ab	YES	13	OWNED_SOURCE_MEMBER	repository	backend	NO	UNASSIGNED	UNASSIGNED	UNASSIGNED	UNASSIGNED	UNASSIGNED	UNASSIGNED	UNASSIGNED	UNASSIGNED	UNASSIGNED	UNASSIGNED	Semantic read pending; inventory/provenance only
nabdah-backend.zip	src/modules/provider-onboarding/provider-onboarding.module.ts	c2ff7bad3f093a19d6366af9e0ffcda096e3e019f12c078508d4b1c102c57c13	c2ff7bad3f093a19d6366af9e0ffcda096e3e019f12c078508d4b1c102c57c13	YES	501	OWNED_SOURCE_MEMBER	source/config	backend	NO	UNASSIGNED	UNASSIGNED	UNASSIGNED	UNASSIGNED	UNASSIGNED	UNASSIGNED	UNASSIGNED	UNASSIGNED	UNASSIGNED	UNASSIGNED	Semantic read pending; inventory/provenance only
nabdah-backend.zip	src/modules/provider-onboarding/contract-pdf.service.ts	a64d40133baaab445692885ce66f8c63db8c194ce4ce1220ece9453c36d763af	a64d40133baaab445692885ce66f8c63db8c194ce4ce1220ece9453c36d763af	YES	223	OWNED_SOURCE_MEMBER	service	backend	NO	UNASSIGNED	UNASSIGNED	UNASSIGNED	UNASSIGNED	UNASSIGNED	UNASSIGNED	UNASSIGNED	UNASSIGNED	UNASSIGNED	UNASSIGNED	Semantic read pending; inventory/provenance only
nabdah-backend.zip	src/modules/custom-services/custom-services.controller.ts	09d9e53f729542408a3d98afbf1df6ee8da179d3c783ea2f3c3152d7ab95f927	09d9e53f729542408a3d98afbf1df6ee8da179d3c783ea2f3c3152d7ab95f927	YES	19	OWNED_SOURCE_MEMBER	controller	backend	NO	UNASSIGNED	UNASSIGNED	UNASSIGNED	UNASSIGNED	UNASSIGNED	UNASSIGNED	UNASSIGNED	UNASSIGNED	UNASSIGNED	UNASSIGNED	Semantic read pending; inventory/provenance only
nabdah-backend.zip	src/modules/custom-services/custom-services.module.ts	d3aedfcc53f3b0654d125e84f06d5c6d65c802365ed70337991ecf01432b22df	d3aedfcc53f3b0654d125e84f06d5c6d65c802365ed70337991ecf01432b22df	YES	15	OWNED_SOURCE_MEMBER	service	backend	NO	UNASSIGNED	UNASSIGNED	UNASSIGNED	UNASSIGNED	UNASSIGNED	UNASSIGNED	UNASSIGNED	UNASSIGNED	UNASSIGNED	UNASSIGNED	Semantic read pending; inventory/provenance only
nabdah-backend.zip	src/modules/custom-services/custom-services.service.ts	092110a29e3151898bcf19702f3ed0ef9e8f0667222482ad42883f098f72f21e	092110a29e3151898bcf19702f3ed0ef9e8f0667222482ad42883f098f72f21e	YES	72	OWNED_SOURCE_MEMBER	service	backend	NO	UNASSIGNED	UNASSIGNED	UNASSIGNED	UNASSIGNED	UNASSIGNED	UNASSIGNED	UNASSIGNED	UNASSIGNED	UNASSIGNED	UNASSIGNED	Semantic read pending; inventory/provenance only
nabdah-backend.zip	src/modules/custom-services/repositories/customservicerequest.repository.ts	4b6fc43868e89edc95917c8571742ba113dce79d118f643e919076d5486ebc9b	4b6fc43868e89edc95917c8571742ba113dce79d118f643e919076d5486ebc9b	YES	13	OWNED_SOURCE_MEMBER	service	backend	NO	UNASSIGNED	UNASSIGNED	UNASSIGNED	UNASSIGNED	UNASSIGNED	UNASSIGNED	UNASSIGNED	UNASSIGNED	UNASSIGNED	UNASSIGNED	Semantic read pending; inventory/provenance only
nabdah-backend.zip	src/config/websocket-cors.spec.ts	dcb88c49f426673c6c5957cadd4528122090487419c687b331551feec71e349e	dcb88c49f426673c6c5957cadd4528122090487419c687b331551feec71e349e	YES	27	OWNED_SOURCE_MEMBER	test	backend	NO	UNASSIGNED	UNASSIGNED	UNASSIGNED	UNASSIGNED	UNASSIGNED	UNASSIGNED	UNASSIGNED	UNASSIGNED	UNASSIGNED	UNASSIGNED	Semantic read pending; inventory/provenance only
nabdah-backend.zip	src/config/openapi.config.ts	33e75a69a4d0357ca74a5ac29097bbff0182096fa81991a0ea2b19ac6fae40d9	33e75a69a4d0357ca74a5ac29097bbff0182096fa81991a0ea2b19ac6fae40d9	YES	87	OWNED_SOURCE_MEMBER	config	backend	NO	UNASSIGNED	UNASSIGNED	UNASSIGNED	UNASSIGNED	UNASSIGNED	UNASSIGNED	UNASSIGNED	UNASSIGNED	UNASSIGNED	UNASSIGNED	Semantic read pending; inventory/provenance only
nabdah-backend.zip	src/config/websocket-cors.ts	b865ec2f36f76dcc9aa2244a3c48fedd7272b5ffb26078b6bfdebe5f12fb46fd	b865ec2f36f76dcc9aa2244a3c48fedd7272b5ffb26078b6bfdebe5f12fb46fd	YES	15	OWNED_SOURCE_MEMBER	config	backend	NO	UNASSIGNED	UNASSIGNED	UNASSIGNED	UNASSIGNED	UNASSIGNED	UNASSIGNED	UNASSIGNED	UNASSIGNED	UNASSIGNED	UNASSIGNED	Semantic read pending; inventory/provenance only
nabdah-backend.zip	src/config/env.validation.ts	6bda3aa0688132638d1db5dc6b9ff8cfd1f677e14270f4b84dcb3d805bebcf1c	6bda3aa0688132638d1db5dc6b9ff8cfd1f677e14270f4b84dcb3d805bebcf1c	YES	13	OWNED_SOURCE_MEMBER	config	backend	NO	UNASSIGNED	UNASSIGNED	UNASSIGNED	UNASSIGNED	UNASSIGNED	UNASSIGNED	UNASSIGNED	UNASSIGNED	UNASSIGNED	UNASSIGNED	Semantic read pending; inventory/provenance only
nabdah-backend.zip	src/config/configured-io.adapter.ts	0671b0d7f4f9ddf8cb7a23d660c1cb616b5e74ff779c81fa1dc2d92eaece0e47	0671b0d7f4f9ddf8cb7a23d660c1cb616b5e74ff779c81fa1dc2d92eaece0e47	YES	17	OWNED_SOURCE_MEMBER	config	backend	NO	UNASSIGNED	UNASSIGNED	UNASSIGNED	UNASSIGNED	UNASSIGNED	UNASSIGNED	UNASSIGNED	UNASSIGNED	UNASSIGNED	UNASSIGNED	Semantic read pending; inventory/provenance only
nabdah-backend.zip	src/schemas/transaction.schema.ts	3c165e175419a0832d57810fc1ce47b1b5ba5a88fe5728e61a63ff8fe5b6c8b2	3c165e175419a0832d57810fc1ce47b1b5ba5a88fe5728e61a63ff8fe5b6c8b2	YES	46	OWNED_SOURCE_MEMBER	schema	backend	NO	UNASSIGNED	UNASSIGNED	UNASSIGNED	UNASSIGNED	UNASSIGNED	UNASSIGNED	UNASSIGNED	UNASSIGNED	UNASSIGNED	UNASSIGNED	Semantic read pending; inventory/provenance only
nabdah-backend.zip	src/schemas/radiology.schema.ts	fb2226095a94234b6b97d508bf779a85f0ca1a2885a6d4a249516e7fbf1350cd	fb2226095a94234b6b97d508bf779a85f0ca1a2885a6d4a249516e7fbf1350cd	YES	208	OWNED_SOURCE_MEMBER	schema	backend	NO	UNASSIGNED	UNASSIGNED	UNASSIGNED	UNASSIGNED	UNASSIGNED	UNASSIGNED	UNASSIGNED	UNASSIGNED	UNASSIGNED	UNASSIGNED	Semantic read pending; inventory/provenance only
nabdah-backend.zip	src/schemas/hospital-operations.schema.ts	d75839b05e4f6a93d43010319457ac69160861a7b0ee900995a8970906abb252	d75839b05e4f6a93d43010319457ac69160861a7b0ee900995a8970906abb252	YES	89	OWNED_SOURCE_MEMBER	schema	backend	NO	UNASSIGNED	UNASSIGNED	UNASSIGNED	UNASSIGNED	UNASSIGNED	UNASSIGNED	UNASSIGNED	UNASSIGNED	UNASSIGNED	UNASSIGNED	Semantic read pending; inventory/provenance only
nabdah-backend.zip	src/schemas/system-config.schema.ts	1bf59b740b2d49a932fc011f07b80f8002be273381f69416ef5a02911ac93d46	1bf59b740b2d49a932fc011f07b80f8002be273381f69416ef5a02911ac93d46	YES	13	OWNED_SOURCE_MEMBER	schema	backend	NO	UNASSIGNED	UNASSIGNED	UNASSIGNED	UNASSIGNED	UNASSIGNED	UNASSIGNED	UNASSIGNED	UNASSIGNED	UNASSIGNED	UNASSIGNED	Semantic read pending; inventory/provenance only
nabdah-backend.zip	src/schemas/pharmacy-chat.schema.ts	12fec2cd5c8fa5537563f4be53d40cdd8c3f88702121f3f4eed40871cad6fad5	12fec2cd5c8fa5537563f4be53d40cdd8c3f88702121f3f4eed40871cad6fad5	YES	29	OWNED_SOURCE_MEMBER	schema	backend	NO	UNASSIGNED	UNASSIGNED	UNASSIGNED	UNASSIGNED	UNASSIGNED	UNASSIGNED	UNASSIGNED	UNASSIGNED	UNASSIGNED	UNASSIGNED	Semantic read pending; inventory/provenance only
nabdah-backend.zip	src/schemas/family.schemas.ts	b8b8dc5e3037785786293905ee756dc0a56aae41843cd3d717ecd99e6391f5d1	b8b8dc5e3037785786293905ee756dc0a56aae41843cd3d717ecd99e6391f5d1	YES	69	OWNED_SOURCE_MEMBER	schema	backend	NO	UNASSIGNED	UNASSIGNED	UNASSIGNED	UNASSIGNED	UNASSIGNED	UNASSIGNED	UNASSIGNED	UNASSIGNED	UNASSIGNED	UNASSIGNED	Semantic read pending; inventory/provenance only
nabdah-backend.zip	src/schemas/custom-service.schema.ts	9e393a910bb6b036641dc047ce667d9af50db83cbfbf30f16c374523b14dee4b	9e393a910bb6b036641dc047ce667d9af50db83cbfbf30f16c374523b14dee4b	YES	66	OWNED_SOURCE_MEMBER	service	backend	NO	UNASSIGNED	UNASSIGNED	UNASSIGNED	UNASSIGNED	UNASSIGNED	UNASSIGNED	UNASSIGNED	UNASSIGNED	UNASSIGNED	UNASSIGNED	Semantic read pending; inventory/provenance only
nabdah-backend.zip	src/schemas/audit-log.schema.ts	88074240b69743e8a80230057be6c9091aa1b23f6548ec69a13e0c1ff80dd57c	88074240b69743e8a80230057be6c9091aa1b23f6548ec69a13e0c1ff80dd57c	YES	20	OWNED_SOURCE_MEMBER	schema	backend	NO	UNASSIGNED	UNASSIGNED	UNASSIGNED	UNASSIGNED	UNASSIGNED	UNASSIGNED	UNASSIGNED	UNASSIGNED	UNASSIGNED	UNASSIGNED	Semantic read pending; inventory/provenance only
nabdah-backend.zip	src/schemas/callsession.schema.ts	02d6c4dc9776e30b350a2fec70c5c3d78d7403a5d4a55b0ac218a636d84b4209	02d6c4dc9776e30b350a2fec70c5c3d78d7403a5d4a55b0ac218a636d84b4209	YES	20	OWNED_SOURCE_MEMBER	schema	backend	NO	UNASSIGNED	UNASSIGNED	UNASSIGNED	UNASSIGNED	UNASSIGNED	UNASSIGNED	UNASSIGNED	UNASSIGNED	UNASSIGNED	UNASSIGNED	Semantic read pending; inventory/provenance only
nabdah-backend.zip	src/schemas/provider-profile.schema.ts	df506cc2de5250a45fb216541e80893f710be86d98b7528fd70d20baa517ac83	df506cc2de5250a45fb216541e80893f710be86d98b7528fd70d20baa517ac83	YES	234	OWNED_SOURCE_MEMBER	schema	backend	NO	UNASSIGNED	UNASSIGNED	UNASSIGNED	UNASSIGNED	UNASSIGNED	UNASSIGNED	UNASSIGNED	UNASSIGNED	UNASSIGNED	UNASSIGNED	Semantic read pending; inventory/provenance only
nabdah-backend.zip	src/schemas/medical-profile.schema.ts	ba8d98d41c968b422a166b95be3134f48bce4d1c6d33250cfb43905bcf00c019	ba8d98d41c968b422a166b95be3134f48bce4d1c6d33250cfb43905bcf00c019	YES	56	OWNED_SOURCE_MEMBER	schema	backend	NO	UNASSIGNED	UNASSIGNED	UNASSIGNED	UNASSIGNED	UNASSIGNED	UNASSIGNED	UNASSIGNED	UNASSIGNED	UNASSIGNED	UNASSIGNED	Semantic read pending; inventory/provenance only
nabdah-backend.zip	src/schemas/loyalty.schemas.ts	6d30514a5fbfe3b35876b6bcf5b8e7be287084ff8093d0d9b5a5929551557db3	6d30514a5fbfe3b35876b6bcf5b8e7be287084ff8093d0d9b5a5929551557db3	YES	87	OWNED_SOURCE_MEMBER	schema	backend	NO	UNASSIGNED	UNASSIGNED	UNASSIGNED	UNASSIGNED	UNASSIGNED	UNASSIGNED	UNASSIGNED	UNASSIGNED	UNASSIGNED	UNASSIGNED	Semantic read pending; inventory/provenance only
nabdah-backend.zip	src/schemas/patient-profile.schema.ts	e2e0ca9963a203d040ba99d1904a8dbd5b75ed54397d4e89af883a1fdca5bbb7	e2e0ca9963a203d040ba99d1904a8dbd5b75ed54397d4e89af883a1fdca5bbb7	YES	81	OWNED_SOURCE_MEMBER	schema	backend	NO	UNASSIGNED	UNASSIGNED	UNASSIGNED	UNASSIGNED	UNASSIGNED	UNASSIGNED	UNASSIGNED	UNASSIGNED	UNASSIGNED	UNASSIGNED	Semantic read pending; inventory/provenance only
nabdah-backend.zip	src/schemas/push-token.schema.ts	8892b05647d7ae3eff4f79f471af3326b1dcf3d045fcb1ffa918be7967855111	8892b05647d7ae3eff4f79f471af3326b1dcf3d045fcb1ffa918be7967855111	YES	15	OWNED_SOURCE_MEMBER	schema	backend	NO	UNASSIGNED	UNASSIGNED	UNASSIGNED	UNASSIGNED	UNASSIGNED	UNASSIGNED	UNASSIGNED	UNASSIGNED	UNASSIGNED	UNASSIGNED	Semantic read pending; inventory/provenance only
nabdah-backend.zip	src/schemas/maternity.schema.ts	902e3ea9c9bab94e579bff6c3d9d0eee0bf07b214426248bbd5c855bf544b246	902e3ea9c9bab94e579bff6c3d9d0eee0bf07b214426248bbd5c855bf544b246	YES	113	OWNED_SOURCE_MEMBER	schema	backend	NO	UNASSIGNED	UNASSIGNED	UNASSIGNED	UNASSIGNED	UNASSIGNED	UNASSIGNED	UNASSIGNED	UNASSIGNED	UNASSIGNED	UNASSIGNED	Semantic read pending; inventory/provenance only
nabdah-backend.zip	src/schemas/slot-lock.schema.ts	f63b603b553d3cb5cc977b5528673cacb67f5968a33c850f710c829c42ff5cef	f63b603b553d3cb5cc977b5528673cacb67f5968a33c850f710c829c42ff5cef	YES	20	OWNED_SOURCE_MEMBER	schema	backend	NO	UNASSIGNED	UNASSIGNED	UNASSIGNED	UNASSIGNED	UNASSIGNED	UNASSIGNED	UNASSIGNED	UNASSIGNED	UNASSIGNED	UNASSIGNED	Semantic read pending; inventory/provenance only
nabdah-backend.zip	src/schemas/emergency.schema.ts	e475cde844f087daac65635434c4d794b09813b74cf2e2f99445cfc147b8adf2	e475cde844f087daac65635434c4d794b09813b74cf2e2f99445cfc147b8adf2	YES	36	OWNED_SOURCE_MEMBER	schema	backend	NO	UNASSIGNED	UNASSIGNED	UNASSIGNED	UNASSIGNED	UNASSIGNED	UNASSIGNED	UNASSIGNED	UNASSIGNED	UNASSIGNED	UNASSIGNED	Semantic read pending; inventory/provenance only
nabdah-backend.zip	src/schemas/ad-placement.schema.ts	a9c41c2bec4d149c838439e62fb509aa53e4bcda17883fc853cbe4995a037f55	a9c41c2bec4d149c838439e62fb509aa53e4bcda17883fc853cbe4995a037f55	YES	34	OWNED_SOURCE_MEMBER	schema	backend	NO	UNASSIGNED	UNASSIGNED	UNASSIGNED	UNASSIGNED	UNASSIGNED	UNASSIGNED	UNASSIGNED	UNASSIGNED	UNASSIGNED	UNASSIGNED	Semantic read pending; inventory/provenance only
nabdah-backend.zip	src/schemas/article.schema.ts	49ab0bb79af6c2d7191d8ed65ebcfec78889303992686d2af4dbfc45db96bc25	49ab0bb79af6c2d7191d8ed65ebcfec78889303992686d2af4dbfc45db96bc25	YES	31	OWNED_SOURCE_MEMBER	schema	backend	NO	UNASSIGNED	UNASSIGNED	UNASSIGNED	UNASSIGNED	UNASSIGNED	UNASSIGNED	UNASSIGNED	UNASSIGNED	UNASSIGNED	UNASSIGNED	Semantic read pending; inventory/provenance only
nabdah-backend.zip	src/schemas/pharmacy-inventory.schema.ts	55cb8de34c74c609a4063cd6406c4b0c9f0f78f8ea3c2a3b5842d830e1d908b1	55cb8de34c74c609a4063cd6406c4b0c9f0f78f8ea3c2a3b5842d830e1d908b1	YES	18	OWNED_SOURCE_MEMBER	schema	backend	NO	UNASSIGNED	UNASSIGNED	UNASSIGNED	UNASSIGNED	UNASSIGNED	UNASSIGNED	UNASSIGNED	UNASSIGNED	UNASSIGNED	UNASSIGNED	Semantic read pending; inventory/provenance only
nabdah-backend.zip	src/schemas/leave-request.schema.ts	0ea115c2a4e1c47106f80b7f8fd8326da2137a65e958942c54e4e5de0a202d9f	0ea115c2a4e1c47106f80b7f8fd8326da2137a65e958942c54e4e5de0a202d9f	YES	22	OWNED_SOURCE_MEMBER	schema	backend	NO	UNASSIGNED	UNASSIGNED	UNASSIGNED	UNASSIGNED	UNASSIGNED	UNASSIGNED	UNASSIGNED	UNASSIGNED	UNASSIGNED	UNASSIGNED	Semantic read pending; inventory/provenance only
nabdah-backend.zip	src/schemas/community.schemas.ts	42920900d8cc2720eba94d7f8164b3fea1598e827efa61db787116d115772011	42920900d8cc2720eba94d7f8164b3fea1598e827efa61db787116d115772011	YES	65	OWNED_SOURCE_MEMBER	schema	backend	NO	UNASSIGNED	UNASSIGNED	UNASSIGNED	UNASSIGNED	UNASSIGNED	UNASSIGNED	UNASSIGNED	UNASSIGNED	UNASSIGNED	UNASSIGNED	Semantic read pending; inventory/provenance only
nabdah-backend.zip	src/schemas/referral.schema.ts	542b57ae1ebf71c57b94b282c7417f02a550b85f9bb1db3742c0636e4e5aa688	542b57ae1ebf71c57b94b282c7417f02a550b85f9bb1db3742c0636e4e5aa688	YES	48	OWNED_SOURCE_MEMBER	schema	backend	NO	UNASSIGNED	UNASSIGNED	UNASSIGNED	UNASSIGNED	UNASSIGNED	UNASSIGNED	UNASSIGNED	UNASSIGNED	UNASSIGNED	UNASSIGNED	Semantic read pending; inventory/provenance only
nabdah-backend.zip	src/schemas/returns.schema.ts	218e9606ee4ea9de565eaa30bb81bf67d34e5aa2e0253f64216f732c8d889ba9	218e9606ee4ea9de565eaa30bb81bf67d34e5aa2e0253f64216f732c8d889ba9	YES	22	OWNED_SOURCE_MEMBER	schema	backend	NO	UNASSIGNED	UNASSIGNED	UNASSIGNED	UNASSIGNED	UNASSIGNED	UNASSIGNED	UNASSIGNED	UNASSIGNED	UNASSIGNED	UNASSIGNED	Semantic read pending; inventory/provenance only
nabdah-backend.zip	src/schemas/chat-session.schema.ts	f01e69fbd3f96dff2890cd8ce8aeb760857d4a63d6dfc022b1bc3fe8614033dd	f01e69fbd3f96dff2890cd8ce8aeb760857d4a63d6dfc022b1bc3fe8614033dd	YES	25	OWNED_SOURCE_MEMBER	schema	backend	NO	UNASSIGNED	UNASSIGNED	UNASSIGNED	UNASSIGNED	UNASSIGNED	UNASSIGNED	UNASSIGNED	UNASSIGNED	UNASSIGNED	UNASSIGNED	Semantic read pending; inventory/provenance only
nabdah-backend.zip	src/schemas/order.schema.ts	ec85549adb92e82b415171ffcb82963824d91ab5a0436c3eea926154c627f130	ec85549adb92e82b415171ffcb82963824d91ab5a0436c3eea926154c627f130	YES	150	OWNED_SOURCE_MEMBER	schema	backend	NO	UNASSIGNED	UNASSIGNED	UNASSIGNED	UNASSIGNED	UNASSIGNED	UNASSIGNED	UNASSIGNED	UNASSIGNED	UNASSIGNED	UNASSIGNED	Semantic read pending; inventory/provenance only
nabdah-backend.zip	src/schemas/delivery.schema.ts	aed2b9ef4040766adca1ef41bb5f3d96356bb47621bf827b0e78e71f2286b453	aed2b9ef4040766adca1ef41bb5f3d96356bb47621bf827b0e78e71f2286b453	YES	26	OWNED_SOURCE_MEMBER	schema	backend	NO	UNASSIGNED	UNASSIGNED	UNASSIGNED	UNASSIGNED	UNASSIGNED	UNASSIGNED	UNASSIGNED	UNASSIGNED	UNASSIGNED	UNASSIGNED	Semantic read pending; inventory/provenance only
nabdah-backend.zip	src/schemas/user.schema.ts	0d5526bf312e6d9cd052e97994a5d9c33b778adc83353d2780293100a8802c38	0d5526bf312e6d9cd052e97994a5d9c33b778adc83353d2780293100a8802c38	YES	47	OWNED_SOURCE_MEMBER	schema	backend	NO	UNASSIGNED	UNASSIGNED	UNASSIGNED	UNASSIGNED	UNASSIGNED	UNASSIGNED	UNASSIGNED	UNASSIGNED	UNASSIGNED	UNASSIGNED	Semantic read pending; inventory/provenance only
nabdah-backend.zip	src/schemas/support.schema.ts	cd1b0e252e34c619fc453d47aa00af415f8dbef53d88c9c788475826eb8a44de	cd1b0e252e34c619fc453d47aa00af415f8dbef53d88c9c788475826eb8a44de	YES	56	OWNED_SOURCE_MEMBER	schema	backend	NO	UNASSIGNED	UNASSIGNED	UNASSIGNED	UNASSIGNED	UNASSIGNED	UNASSIGNED	UNASSIGNED	UNASSIGNED	UNASSIGNED	UNASSIGNED	Semantic read pending; inventory/provenance only
nabdah-backend.zip	src/schemas/b2b-request.schema.ts	bbda9e15ef86e639f7d0d3164436153220e9e13f9a7a0ea574fa906c94a1dfa0	bbda9e15ef86e639f7d0d3164436153220e9e13f9a7a0ea574fa906c94a1dfa0	YES	18	OWNED_SOURCE_MEMBER	schema	backend	NO	UNASSIGNED	UNASSIGNED	UNASSIGNED	UNASSIGNED	UNASSIGNED	UNASSIGNED	UNASSIGNED	UNASSIGNED	UNASSIGNED	UNASSIGNED	Semantic read pending; inventory/provenance only
nabdah-backend.zip	src/schemas/inventory.schema.ts	6e104c97febe3ddb12fd5a26c7b6f3258d47f5520409e866b12547d59a19e3f5	6e104c97febe3ddb12fd5a26c7b6f3258d47f5520409e866b12547d59a19e3f5	YES	19	OWNED_SOURCE_MEMBER	schema	backend	NO	UNASSIGNED	UNASSIGNED	UNASSIGNED	UNASSIGNED	UNASSIGNED	UNASSIGNED	UNASSIGNED	UNASSIGNED	UNASSIGNED	UNASSIGNED	Semantic read pending; inventory/provenance only
nabdah-backend.zip	src/schemas/extra.schemas.ts	4e495cdcc1bf749cff9e5a2151bea11bb03c534b38e9dcfbcf8f723c798fe342	4e495cdcc1bf749cff9e5a2151bea11bb03c534b38e9dcfbcf8f723c798fe342	YES	92	OWNED_SOURCE_MEMBER	schema	backend	NO	UNASSIGNED	UNASSIGNED	UNASSIGNED	UNASSIGNED	UNASSIGNED	UNASSIGNED	UNASSIGNED	UNASSIGNED	UNASSIGNED	UNASSIGNED	Semantic read pending; inventory/provenance only
nabdah-backend.zip	src/schemas/ambulance-vehicle.schema.ts	9b246bbe73b53747a7e18f34b44d4dbcda1f3fbf497a0831149aae12781e2902	9b246bbe73b53747a7e18f34b44d4dbcda1f3fbf497a0831149aae12781e2902	YES	37	OWNED_SOURCE_MEMBER	schema	backend	NO	UNASSIGNED	UNASSIGNED	UNASSIGNED	UNASSIGNED	UNASSIGNED	UNASSIGNED	UNASSIGNED	UNASSIGNED	UNASSIGNED	UNASSIGNED	Semantic read pending; inventory/provenance only
nabdah-backend.zip	src/schemas/treatment-program.schema.ts	56fbc1d7b058309ad46a63ea25633a0a8acc23519b381e32383dbd645163393c	56fbc1d7b058309ad46a63ea25633a0a8acc23519b381e32383dbd645163393c	YES	29	OWNED_SOURCE_MEMBER	schema	backend	NO	UNASSIGNED	UNASSIGNED	UNASSIGNED	UNASSIGNED	UNASSIGNED	UNASSIGNED	UNASSIGNED	UNASSIGNED	UNASSIGNED	UNASSIGNED	Semantic read pending; inventory/provenance only
nabdah-backend.zip	src/schemas/nutrition.schema.ts	378783931497ebe8c24a0b848a061d7c1e2e483a7544829760335dfac70d2821	378783931497ebe8c24a0b848a061d7c1e2e483a7544829760335dfac70d2821	YES	79	OWNED_SOURCE_MEMBER	schema	backend	NO	UNASSIGNED	UNASSIGNED	UNASSIGNED	UNASSIGNED	UNASSIGNED	UNASSIGNED	UNASSIGNED	UNASSIGNED	UNASSIGNED	UNASSIGNED	Semantic read pending; inventory/provenance only
nabdah-backend.zip	src/schemas/sla-log.schema.ts	af02b8ef5ee5a93651d22cb97e59302591f64cb47a1808f495c4e8bd5dd7f46b	af02b8ef5ee5a93651d22cb97e59302591f64cb47a1808f495c4e8bd5dd7f46b	YES	28	OWNED_SOURCE_MEMBER	schema	backend	NO	UNASSIGNED	UNASSIGNED	UNASSIGNED	UNASSIGNED	UNASSIGNED	UNASSIGNED	UNASSIGNED	UNASSIGNED	UNASSIGNED	UNASSIGNED	Semantic read pending; inventory/provenance only
nabdah-backend.zip	src/schemas/fraud-alert.schema.ts	dda996ee1a825bafb22cc55f7c01eff33b010e3faff73dd46b1429eb138f94b2	dda996ee1a825bafb22cc55f7c01eff33b010e3faff73dd46b1429eb138f94b2	YES	28	OWNED_SOURCE_MEMBER	schema	backend	NO	UNASSIGNED	UNASSIGNED	UNASSIGNED	UNASSIGNED	UNASSIGNED	UNASSIGNED	UNASSIGNED	UNASSIGNED	UNASSIGNED	UNASSIGNED	Semantic read pending; inventory/provenance only
nabdah-backend.zip	src/schemas/approval-request.schema.ts	001dd8246756ce21121ffafc07aa04f4a32fc13f699c775e5b93479f94336e53	001dd8246756ce21121ffafc07aa04f4a32fc13f699c775e5b93479f94336e53	YES	28	OWNED_SOURCE_MEMBER	schema	backend	NO	UNASSIGNED	UNASSIGNED	UNASSIGNED	UNASSIGNED	UNASSIGNED	UNASSIGNED	UNASSIGNED	UNASSIGNED	UNASSIGNED	UNASSIGNED	Semantic read pending; inventory/provenance only
nabdah-backend.zip	src/schemas/home-care.schema.ts	f19f27ef58e97644756fcb0bde5ec0ef717f859d06871c1a57701d0b5a650d59	f19f27ef58e97644756fcb0bde5ec0ef717f859d06871c1a57701d0b5a650d59	YES	234	OWNED_SOURCE_MEMBER	schema	backend	NO	UNASSIGNED	UNASSIGNED	UNASSIGNED	UNASSIGNED	UNASSIGNED	UNASSIGNED	UNASSIGNED	UNASSIGNED	UNASSIGNED	UNASSIGNED	Semantic read pending; inventory/provenance only
nabdah-backend.zip	src/schemas/lab-result.schema.ts	83fbc1f989b6770cad6bf05c713b6358a7351da5fa75c123c0b4a5098846167b	83fbc1f989b6770cad6bf05c713b6358a7351da5fa75c123c0b4a5098846167b	YES	48	OWNED_SOURCE_MEMBER	schema	backend	NO	UNASSIGNED	UNASSIGNED	UNASSIGNED	UNASSIGNED	UNASSIGNED	UNASSIGNED	UNASSIGNED	UNASSIGNED	UNASSIGNED	UNASSIGNED	Semantic read pending; inventory/provenance only
nabdah-backend.zip	src/schemas/refund-request.schema.ts	dc9091c131e757d071cdc2a72663d1c98156a3e3252d4d34dc373e59aaae632b	dc9091c131e757d071cdc2a72663d1c98156a3e3252d4d34dc373e59aaae632b	YES	17	OWNED_SOURCE_MEMBER	schema	backend	NO	UNASSIGNED	UNASSIGNED	UNASSIGNED	UNASSIGNED	UNASSIGNED	UNASSIGNED	UNASSIGNED	UNASSIGNED	UNASSIGNED	UNASSIGNED	Semantic read pending; inventory/provenance only
nabdah-backend.zip	src/schemas/medical-report.schema.ts	c57c5b5953f0338e7ce62bc8aa29524833237d22786961a18c4788817f70cfd5	c57c5b5953f0338e7ce62bc8aa29524833237d22786961a18c4788817f70cfd5	YES	56	OWNED_SOURCE_MEMBER	schema	backend	NO	UNASSIGNED	UNASSIGNED	UNASSIGNED	UNASSIGNED	UNASSIGNED	UNASSIGNED	UNASSIGNED	UNASSIGNED	UNASSIGNED	UNASSIGNED	Semantic read pending; inventory/provenance only
nabdah-backend.zip	src/schemas/return-request.schema.ts	279f81b4e6cf39ccddced670ae5ace39f0745f00727292180b2abc580a5905d4	279f81b4e6cf39ccddced670ae5ace39f0745f00727292180b2abc580a5905d4	YES	19	OWNED_SOURCE_MEMBER	schema	backend	NO	UNASSIGNED	UNASSIGNED	UNASSIGNED	UNASSIGNED	UNASSIGNED	UNASSIGNED	UNASSIGNED	UNASSIGNED	UNASSIGNED	UNASSIGNED	Semantic read pending; inventory/provenance only
nabdah-backend.zip	src/schemas/systemevent.schema.ts	865d5da3dd83451c5e18d957413ebda19d6a0035923693add7b70549a0897bf5	865d5da3dd83451c5e18d957413ebda19d6a0035923693add7b70549a0897bf5	YES	31	OWNED_SOURCE_MEMBER	schema	backend	NO	UNASSIGNED	UNASSIGNED	UNASSIGNED	UNASSIGNED	UNASSIGNED	UNASSIGNED	UNASSIGNED	UNASSIGNED	UNASSIGNED	UNASSIGNED	Semantic read pending; inventory/provenance only
nabdah-backend.zip	src/schemas/job-board.schema.ts	b7af264f78ae4fde927d646323571080b4df47ef98e4232263efdf80133d6d93	b7af264f78ae4fde927d646323571080b4df47ef98e4232263efdf80133d6d93	YES	61	OWNED_SOURCE_MEMBER	schema	backend	NO	UNASSIGNED	UNASSIGNED	UNASSIGNED	UNASSIGNED	UNASSIGNED	UNASSIGNED	UNASSIGNED	UNASSIGNED	UNASSIGNED	UNASSIGNED	Semantic read pending; inventory/provenance only
nabdah-backend.zip	src/schemas/insurance.schema.ts	65ff8ede24ae76df48a6ffd59499f0c46ec326787dbe9f06fbc53d1090062e88	65ff8ede24ae76df48a6ffd59499f0c46ec326787dbe9f06fbc53d1090062e88	YES	112	OWNED_SOURCE_MEMBER	schema	backend	NO	UNASSIGNED	UNASSIGNED	UNASSIGNED	UNASSIGNED	UNASSIGNED	UNASSIGNED	UNASSIGNED	UNASSIGNED	UNASSIGNED	UNASSIGNED	Semantic read pending; inventory/provenance only
nabdah-backend.zip	src/schemas/review.schema.ts	40d4fe49417240c6c1360fd5edadaa56939f84e934d539ceb5ba4a332a72fdff	40d4fe49417240c6c1360fd5edadaa56939f84e934d539ceb5ba4a332a72fdff	YES	18	OWNED_SOURCE_MEMBER	schema	backend	NO	UNASSIGNED	UNASSIGNED	UNASSIGNED	UNASSIGNED	UNASSIGNED	UNASSIGNED	UNASSIGNED	UNASSIGNED	UNASSIGNED	UNASSIGNED	Semantic read pending; inventory/provenance only
nabdah-backend.zip	src/schemas/analytics-event.schema.ts	a783ed7e02f74d227f4ecca7a4c3276a97d25376f9400431737d68fcf570ffbb	a783ed7e02f74d227f4ecca7a4c3276a97d25376f9400431737d68fcf570ffbb	YES	17	OWNED_SOURCE_MEMBER	schema	backend	NO	UNASSIGNED	UNASSIGNED	UNASSIGNED	UNASSIGNED	UNASSIGNED	UNASSIGNED	UNASSIGNED	UNASSIGNED	UNASSIGNED	UNASSIGNED	Semantic read pending; inventory/provenance only
nabdah-backend.zip	src/schemas/lab.schema.ts	d50ccc95ade7759a6b190f736ef51c75efc76fd013f1eb8773c538a4c9dc5a67	d50ccc95ade7759a6b190f736ef51c75efc76fd013f1eb8773c538a4c9dc5a67	YES	149	OWNED_SOURCE_MEMBER	schema	backend	NO	UNASSIGNED	UNASSIGNED	UNASSIGNED	UNASSIGNED	UNASSIGNED	UNASSIGNED	UNASSIGNED	UNASSIGNED	UNASSIGNED	UNASSIGNED	Semantic read pending; inventory/provenance only
nabdah-backend.zip	src/schemas/corporate-account.schema.ts	a48911aac7c4ed1c235b16a520ee9191f395f73cd5d73461984d1bc74a202679	a48911aac7c4ed1c235b16a520ee9191f395f73cd5d73461984d1bc74a202679	YES	28	OWNED_SOURCE_MEMBER	schema	backend	NO	UNASSIGNED	UNASSIGNED	UNASSIGNED	UNASSIGNED	UNASSIGNED	UNASSIGNED	UNASSIGNED	UNASSIGNED	UNASSIGNED	UNASSIGNED	Semantic read pending; inventory/provenance only
nabdah-backend.zip	src/schemas/wallet.schema.ts	03be67d082a6b24e56620cdb527bbf5accf3212762032fc8187d2930718f8e7a	03be67d082a6b24e56620cdb527bbf5accf3212762032fc8187d2930718f8e7a	YES	55	OWNED_SOURCE_MEMBER	schema	backend	NO	UNASSIGNED	UNASSIGNED	UNASSIGNED	UNASSIGNED	UNASSIGNED	UNASSIGNED	UNASSIGNED	UNASSIGNED	UNASSIGNED	UNASSIGNED	Semantic read pending; inventory/provenance only
nabdah-backend.zip	src/schemas/drug-rejection-log.schema.ts	0969caaafe828a9be5195e3249001ebbb635d2555a3e3ae0377fb8df1658f0ab	0969caaafe828a9be5195e3249001ebbb635d2555a3e3ae0377fb8df1658f0ab	YES	22	OWNED_SOURCE_MEMBER	schema	backend	NO	UNASSIGNED	UNASSIGNED	UNASSIGNED	UNASSIGNED	UNASSIGNED	UNASSIGNED	UNASSIGNED	UNASSIGNED	UNASSIGNED	UNASSIGNED	Semantic read pending; inventory/provenance only
nabdah-backend.zip	src/schemas/appointment.schema.ts	2ea9ffb466177e448ef33f568cc0256f0e6dfb78322ebe8ca15ff08156c24de3	2ea9ffb466177e448ef33f568cc0256f0e6dfb78322ebe8ca15ff08156c24de3	YES	137	OWNED_SOURCE_MEMBER	schema	backend	NO	UNASSIGNED	UNASSIGNED	UNASSIGNED	UNASSIGNED	UNASSIGNED	UNASSIGNED	UNASSIGNED	UNASSIGNED	UNASSIGNED	UNASSIGNED	Semantic read pending; inventory/provenance only
nabdah-backend.zip	src/schemas/health.schema.ts	b61e05809935e15b2292a32aa575904d4218c9b8132853ab89b76bbe39fed4e6	b61e05809935e15b2292a32aa575904d4218c9b8132853ab89b76bbe39fed4e6	YES	68	OWNED_SOURCE_MEMBER	schema	backend	NO	UNASSIGNED	UNASSIGNED	UNASSIGNED	UNASSIGNED	UNASSIGNED	UNASSIGNED	UNASSIGNED	UNASSIGNED	UNASSIGNED	UNASSIGNED	Semantic read pending; inventory/provenance only
nabdah-backend.zip	src/schemas/notification.schema.ts	06e6d1c06c1a65afadb067fb1879fa2cfdcc167da77bbbfdf1eff7e08bbf4fd4	06e6d1c06c1a65afadb067fb1879fa2cfdcc167da77bbbfdf1eff7e08bbf4fd4	YES	29	OWNED_SOURCE_MEMBER	schema	backend	NO	UNASSIGNED	UNASSIGNED	UNASSIGNED	UNASSIGNED	UNASSIGNED	UNASSIGNED	UNASSIGNED	UNASSIGNED	UNASSIGNED	UNASSIGNED	Semantic read pending; inventory/provenance only
nabdah-backend.zip	src/schemas/driver-shift.schema.ts	a854ff85b47ee7bdbfe5a89c60ba76cd73f22b287245a0e29d5f1b698cbb9a96	a854ff85b47ee7bdbfe5a89c60ba76cd73f22b287245a0e29d5f1b698cbb9a96	YES	21	OWNED_SOURCE_MEMBER	schema	backend	NO	UNASSIGNED	UNASSIGNED	UNASSIGNED	UNASSIGNED	UNASSIGNED	UNASSIGNED	UNASSIGNED	UNASSIGNED	UNASSIGNED	UNASSIGNED	Semantic read pending; inventory/provenance only
nabdah-backend.zip	src/schemas/image-processing-job.schema.ts	4dc09c2e156fe76d9842c01458cfe3dc6622433515c764677c5981bf67503890	4dc09c2e156fe76d9842c01458cfe3dc6622433515c764677c5981bf67503890	YES	18	OWNED_SOURCE_MEMBER	schema	backend	NO	UNASSIGNED	UNASSIGNED	UNASSIGNED	UNASSIGNED	UNASSIGNED	UNASSIGNED	UNASSIGNED	UNASSIGNED	UNASSIGNED	UNASSIGNED	Semantic read pending; inventory/provenance only
nabdah-backend.zip	src/schemas/medicine.schema.ts	ccacb7430293c6548dc19409273943f04556ee3ac6a4f3aaf005663d509b55ff	ccacb7430293c6548dc19409273943f04556ee3ac6a4f3aaf005663d509b55ff	YES	107	OWNED_SOURCE_MEMBER	schema	backend	NO	UNASSIGNED	UNASSIGNED	UNASSIGNED	UNASSIGNED	UNASSIGNED	UNASSIGNED	UNASSIGNED	UNASSIGNED	UNASSIGNED	UNASSIGNED	Semantic read pending; inventory/provenance only
nabdah-backend.zip	src/schemas/outbound-referral.schema.ts	fd800b94ddc3b12d40bb701005b3fcd606a8fd9f9701cd93c50ec1b054cf3d31	fd800b94ddc3b12d40bb701005b3fcd606a8fd9f9701cd93c50ec1b054cf3d31	YES	33	OWNED_SOURCE_MEMBER	schema	backend	NO	UNASSIGNED	UNASSIGNED	UNASSIGNED	UNASSIGNED	UNASSIGNED	UNASSIGNED	UNASSIGNED	UNASSIGNED	UNASSIGNED	UNASSIGNED	Semantic read pending; inventory/provenance only
nabdah-backend.zip	src/schemas/profile-image-metadata.schema.ts	675a6334594d2642b18e324885b8b80213a80279ee1961ab8e3190e5b70df741	675a6334594d2642b18e324885b8b80213a80279ee1961ab8e3190e5b70df741	YES	21	OWNED_SOURCE_MEMBER	schema	backend	NO	UNASSIGNED	UNASSIGNED	UNASSIGNED	UNASSIGNED	UNASSIGNED	UNASSIGNED	UNASSIGNED	UNASSIGNED	UNASSIGNED	UNASSIGNED	Semantic read pending; inventory/provenance only
nabdah-backend.zip	src/schemas/profile-image-audit-log.schema.ts	eda2ac4b6d6c24a0ba29855a81898cd429a8e7f837ceb68df240e58c00b7092b	eda2ac4b6d6c24a0ba29855a81898cd429a8e7f837ceb68df240e58c00b7092b	YES	16	OWNED_SOURCE_MEMBER	schema	backend	NO	UNASSIGNED	UNASSIGNED	UNASSIGNED	UNASSIGNED	UNASSIGNED	UNASSIGNED	UNASSIGNED	UNASSIGNED	UNASSIGNED	UNASSIGNED	Semantic read pending; inventory/provenance only
nabdah-backend.zip	src/schemas/provider-availability.schema.ts	1c0f43b7d0fb647b117b1d8e7cb20d3571eb77abf639702f072fef9be5268dc3	1c0f43b7d0fb647b117b1d8e7cb20d3571eb77abf639702f072fef9be5268dc3	YES	16	OWNED_SOURCE_MEMBER	schema	backend	NO	UNASSIGNED	UNASSIGNED	UNASSIGNED	UNASSIGNED	UNASSIGNED	UNASSIGNED	UNASSIGNED	UNASSIGNED	UNASSIGNED	UNASSIGNED	Semantic read pending; inventory/provenance only
nabdah-backend.zip	src/schemas/callmetric.schema.ts	31a55530da030953ff00c70fb45160c58ea4c181dc52d8a46589fbbbe37dca14	31a55530da030953ff00c70fb45160c58ea4c181dc52d8a46589fbbbe37dca14	YES	18	OWNED_SOURCE_MEMBER	schema	backend	NO	UNASSIGNED	UNASSIGNED	UNASSIGNED	UNASSIGNED	UNASSIGNED	UNASSIGNED	UNASSIGNED	UNASSIGNED	UNASSIGNED	UNASSIGNED	Semantic read pending; inventory/provenance only
nabdah-backend.zip	src/schemas/promotion-campaign.schema.ts	98591239d084364932e5fedfa7e6bea47118f0fb08d7eb1bedd00bd4eef997fe	98591239d084364932e5fedfa7e6bea47118f0fb08d7eb1bedd00bd4eef997fe	YES	43	OWNED_SOURCE_MEMBER	schema	backend	NO	UNASSIGNED	UNASSIGNED	UNASSIGNED	UNASSIGNED	UNASSIGNED	UNASSIGNED	UNASSIGNED	UNASSIGNED	UNASSIGNED	UNASSIGNED	Semantic read pending; inventory/provenance only
nabdah-backend.zip	src/schemas/facility.schema.ts	7fbea90ef9c3e95a05083e4072a4dc6189b5710f9179ce7a22bb541e882abc74	7fbea90ef9c3e95a05083e4072a4dc6189b5710f9179ce7a22bb541e882abc74	YES	63	OWNED_SOURCE_MEMBER	schema	backend	NO	UNASSIGNED	UNASSIGNED	UNASSIGNED	UNASSIGNED	UNASSIGNED	UNASSIGNED	UNASSIGNED	UNASSIGNED	UNASSIGNED	UNASSIGNED	Semantic read pending; inventory/provenance only
nabdah-backend.zip	src/schemas/mental-health.schema.ts	10b5eacb33f4ed47bcd9d9f57281f6b4130a74c64eae3609083772813db4ec30	10b5eacb33f4ed47bcd9d9f57281f6b4130a74c64eae3609083772813db4ec30	YES	97	OWNED_SOURCE_MEMBER	schema	backend	NO	UNASSIGNED	UNASSIGNED	UNASSIGNED	UNASSIGNED	UNASSIGNED	UNASSIGNED	UNASSIGNED	UNASSIGNED	UNASSIGNED	UNASSIGNED	Semantic read pending; inventory/provenance only
nabdah-backend.zip	src/schemas/patient-crm-tag.schema.ts	4219087c9ef0a2ec006d24064c116ac68b21f002bbe3bf8f25f737cdc7bbfa64	4219087c9ef0a2ec006d24064c116ac68b21f002bbe3bf8f25f737cdc7bbfa64	YES	36	OWNED_SOURCE_MEMBER	schema	backend	NO	UNASSIGNED	UNASSIGNED	UNASSIGNED	UNASSIGNED	UNASSIGNED	UNASSIGNED	UNASSIGNED	UNASSIGNED	UNASSIGNED	UNASSIGNED	Semantic read pending; inventory/provenance only
nabdah-backend.zip	src/schemas/prescription.schema.ts	2c7f125f9f9feab9e3bdd693c8231a9e073888d6424f18454172a131ccb1c589	2c7f125f9f9feab9e3bdd693c8231a9e073888d6424f18454172a131ccb1c589	YES	53	OWNED_SOURCE_MEMBER	schema	backend	NO	UNASSIGNED	UNASSIGNED	UNASSIGNED	UNASSIGNED	UNASSIGNED	UNASSIGNED	UNASSIGNED	UNASSIGNED	UNASSIGNED	UNASSIGNED	Semantic read pending; inventory/provenance only
nabdah-backend.zip	src/schemas/provider-branch.schema.ts	802c84e66c8cd7578ed2da546a38941268994f5b608090d08911f54030f839ae	802c84e66c8cd7578ed2da546a38941268994f5b608090d08911f54030f839ae	YES	33	OWNED_SOURCE_MEMBER	schema	backend	NO	UNASSIGNED	UNASSIGNED	UNASSIGNED	UNASSIGNED	UNASSIGNED	UNASSIGNED	UNASSIGNED	UNASSIGNED	UNASSIGNED	UNASSIGNED	Semantic read pending; inventory/provenance only
nabdah-backend.zip	src/schemas/universal-activity.schema.ts	b2ea42ec3ecd5b2b364ad2fb2391a0f30fb4f0ecc4e9d3a5c9a4d86ee9c5f31c	b2ea42ec3ecd5b2b364ad2fb2391a0f30fb4f0ecc4e9d3a5c9a4d86ee9c5f31c	YES	29	OWNED_SOURCE_MEMBER	schema	backend	NO	UNASSIGNED	UNASSIGNED	UNASSIGNED	UNASSIGNED	UNASSIGNED	UNASSIGNED	UNASSIGNED	UNASSIGNED	UNASSIGNED	UNASSIGNED	Semantic read pending; inventory/provenance only
nabdah-backend.zip	src/schemas/feature-flag.schema.ts	6d30a92570c4df31deb3187adcc0c0459de3bf8ed0e1ebbb2a62020dd358dab9	6d30a92570c4df31deb3187adcc0c0459de3bf8ed0e1ebbb2a62020dd358dab9	YES	22	OWNED_SOURCE_MEMBER	schema	backend	NO	UNASSIGNED	UNASSIGNED	UNASSIGNED	UNASSIGNED	UNASSIGNED	UNASSIGNED	UNASSIGNED	UNASSIGNED	UNASSIGNED	UNASSIGNED	Semantic read pending; inventory/provenance only
nabdah-backend.zip	src/assets/fonts/NotoNaskhArabic-Bold.ttf	04017b0ccdd1156dcde3bc386734c1b03165261762f16a025c8afc9088ae76e9	04017b0ccdd1156dcde3bc386734c1b03165261762f16a025c8afc9088ae76e9	YES		EXCLUSION_BINARY	binary asset/package	backend	NO	UNASSIGNED	UNASSIGNED	UNASSIGNED	UNASSIGNED	UNASSIGNED	UNASSIGNED	UNASSIGNED	UNASSIGNED	UNASSIGNED	UNASSIGNED	Semantic read pending; inventory/provenance only
nabdah-backend.zip	src/assets/fonts/NotoNaskhArabic-Regular.ttf	6f0a92031367b2f5a2078fe9d24f3433122b61a0bad57c423aad8f3c39aa2e6e	6f0a92031367b2f5a2078fe9d24f3433122b61a0bad57c423aad8f3c39aa2e6e	YES		EXCLUSION_BINARY	binary asset/package	backend	NO	UNASSIGNED	UNASSIGNED	UNASSIGNED	UNASSIGNED	UNASSIGNED	UNASSIGNED	UNASSIGNED	UNASSIGNED	UNASSIGNED	UNASSIGNED	Semantic read pending; inventory/provenance only
nabdah-backend.zip	src/assets/fonts/Amiri-Regular.ttf	2444788b85996d795f0db7e14f3f6bfc3ea1c985e391267db0269b9e40f3447d	2444788b85996d795f0db7e14f3f6bfc3ea1c985e391267db0269b9e40f3447d	YES		EXCLUSION_BINARY	binary asset/package	backend	NO	UNASSIGNED	UNASSIGNED	UNASSIGNED	UNASSIGNED	UNASSIGNED	UNASSIGNED	UNASSIGNED	UNASSIGNED	UNASSIGNED	UNASSIGNED	Semantic read pending; inventory/provenance only
nabdah-backend.zip	src/common/slug.util.ts	66a0f209d9e02f9afa97c440fafa467a01169ec646d63bb9068328468aa8d8de	66a0f209d9e02f9afa97c440fafa467a01169ec646d63bb9068328468aa8d8de	YES	47	OWNED_SOURCE_MEMBER	source/config	backend	NO	UNASSIGNED	UNASSIGNED	UNASSIGNED	UNASSIGNED	UNASSIGNED	UNASSIGNED	UNASSIGNED	UNASSIGNED	UNASSIGNED	UNASSIGNED	Semantic read pending; inventory/provenance only
nabdah-backend.zip	src/common/idempotency.interceptor.spec.ts	1b594900f033f1edb2df641d2f36906f334ecff8c64be299559cdfd46343d402	1b594900f033f1edb2df641d2f36906f334ecff8c64be299559cdfd46343d402	YES	85	OWNED_SOURCE_MEMBER	test	backend	YES	audit-artifacts/phase0b-backend/semantic-evidence-idempotency-spec.md	Semantic read; Auth/ownership; State transitions; Price/payment/insurance source; Security/truthfulness observations	1-85	TEST: idempotency required/replay/hash/lock/user-scope assertions	Mock Redis/request/Reflector; cached response/request hash schema	IdempotencyInterceptor and mutation contract boundaries; integration coverage pending	Authenticated user scope tested; unauthenticated bypass and resource ownership not covered	No cache -> lock -> cache/release; cache -> replay; hash mismatch/lock conflict	Payment-shaped path/body only; no settlement validation	Existing mock suite read; Redis/handler failures, unauth bypass, key validation, serialization order, response metadata and domain side-effect integration gaps documented	Full source member read completed from baseline archive bytes; no tests executed or remediation performed
nabdah-backend.zip	src/common/sentry.filter.ts	4ef6bd770dd383c5f3426f5dfa6f2bc56ae51b6db4eaa1361a92e3e880beffa4	4ef6bd770dd383c5f3426f5dfa6f2bc56ae51b6db4eaa1361a92e3e880beffa4	YES	33	OWNED_SOURCE_MEMBER	source/config	backend	NO	UNASSIGNED	UNASSIGNED	UNASSIGNED	UNASSIGNED	UNASSIGNED	UNASSIGNED	UNASSIGNED	UNASSIGNED	UNASSIGNED	UNASSIGNED	Semantic read pending; inventory/provenance only
nabdah-backend.zip	src/common/audit-log.interceptor.ts	c468f02f3d3f3a2e3f5ec061e430ead9806ead8d1f938b96a8488e5589828a8a	c468f02f3d3f3a2e3f5ec061e430ead9806ead8d1f938b96a8488e5589828a8a	YES	133	OWNED_SOURCE_MEMBER	source/config	backend	YES	audit-artifacts/phase0b-backend/semantic-evidence-audit-log-interceptor.md	Semantic read; Auth/ownership; State transitions; Price/payment/insurance source; Security/truthfulness observations	1-133	INFRA: Audited metadata and before/after audit diff interceptor	Generic Mongoose model lookup; AuditService event payload; request/response metadata	Annotated controllers/global interceptor registration; usage traceability phase pending	Reads request.user actor metadata; no authorization enforcement visible	Handler before/after snapshots -> async audit event	Request body/document diff may contain financial/medical data; no dedicated source	Not executed; annotation coverage, redaction, forwarded-for trust, correlation property, async writes, ObjectId and diff implications documented	Full source member read completed from baseline archive bytes; no remediation performed
nabdah-backend.zip	src/common/tracking.ts	9e1c0895da6a1096e5054fee505bdf3c2ed3408d7524906abbcdea171c291309	9e1c0895da6a1096e5054fee505bdf3c2ed3408d7524906abbcdea171c291309	YES	28	OWNED_SOURCE_MEMBER	source/config	backend	NO	UNASSIGNED	UNASSIGNED	UNASSIGNED	UNASSIGNED	UNASSIGNED	UNASSIGNED	UNASSIGNED	UNASSIGNED	UNASSIGNED	UNASSIGNED	Semantic read pending; inventory/provenance only
nabdah-backend.zip	src/common/permissions.ts	1a78dea258c408aa315c3ae5a087df3fa71158ef488936d2f41768ea7a1fb22e	1a78dea258c408aa315c3ae5a087df3fa71158ef488936d2f41768ea7a1fb22e	YES	170	OWNED_SOURCE_MEMBER	source/config	backend	YES	audit-artifacts/phase0b-backend/semantic-evidence-permissions.md	Semantic read; Auth/ownership; State transitions; Price/payment/insurance source; Security/truthfulness observations	1-171	INFRA: permission enum, CheckOwnership metadata, RequirePermissions metadata	Permission/OwnershipOptions/ROLE_PERMISSIONS metadata definitions	Auth/permission/ownership guards and controller decorators; usage traceability phase pending	Declarative role permissions and ownership metadata; enforcement external	None	None visible	Not executed; matrix, role aliases, ownership enforcement, impersonation/export scope and guard composition implications documented	Full source member read completed from baseline archive bytes; no remediation performed
nabdah-backend.zip	src/common/enums.ts	55254b66d6357c8905e4faabbaaa904dd5f9f6505d6ab5c4d0e2a718fbfcb176	55254b66d6357c8905e4faabbaaa904dd5f9f6505d6ab5c4d0e2a718fbfcb176	YES	334	OWNED_SOURCE_MEMBER	source/config	backend	YES	audit-artifacts/phase0b-backend/semantic-evidence-common-enums.md	Semantic read; Auth/ownership; State transitions; Price/payment/insurance source; Security/truthfulness observations	2-220,221-334	INFRA: UserRole/provider aliases, domain enums, state transition tables, specialty/insurance registries	UserRole/ProviderType/Status/Order/Appointment/Service/Prescription/Emergency/Notification enums and constants	Auth/permissions/guards and all domain controllers/services; usage traceability phase pending	Central role normalization and provider-role aliases; no ownership enforcement	Legacy order, emergency, unified service, prescription, and domain state transition tables	Insurance company slugs only; no coverage/pricing logic visible	Not executed; role aliases, permission consistency, duplicate transition systems, unified mapping and registry freshness implications documented	Full source member read completed from baseline archive bytes; second range closed truncation boundary; no remediation performed
nabdah-backend.zip	src/common/events.ts	1d944f8e67367af44379fd9a1f3abfd007910aa7e1f859d5c977b2b3c00d302b	1d944f8e67367af44379fd9a1f3abfd007910aa7e1f859d5c977b2b3c00d302b	YES	48	OWNED_SOURCE_MEMBER	source/config	backend	NO	UNASSIGNED	UNASSIGNED	UNASSIGNED	UNASSIGNED	UNASSIGNED	UNASSIGNED	UNASSIGNED	UNASSIGNED	UNASSIGNED	UNASSIGNED	Semantic read pending; inventory/provenance only
nabdah-backend.zip	src/common/idempotency.interceptor.ts	c64e94101545b420efbd73102cf800c9e9f18f0c7ab60c75df9bdeb62d47e0ac	c64e94101545b420efbd73102cf800c9e9f18f0c7ab60c75df9bdeb62d47e0ac	YES	74	OWNED_SOURCE_MEMBER	source/config	backend	YES	audit-artifacts/phase0b-backend/semantic-evidence-idempotency-interceptor.md	Semantic read; Auth/ownership; State transitions; Price/payment/insurance source; Security/truthfulness observations	1-74	INFRA: POST/PATCH/DELETE idempotency interceptor and RequireIdempotency metadata	Redis cache/lock entries; request body SHA-256; no domain schema	Global/controller/handler interceptor bindings; usage traceability phase pending	User/method/path/key cache scope; unauthenticated requests bypass processing	Redis lock -> success response cache; error releases lock without caching	None visible; comment targets authenticated payment mutations	Not executed; metadata opt-in, unauth bypass, replay/hash/order, concurrent lock, Redis failure and response preservation implications documented	Full source member read completed from baseline archive bytes; no remediation performed
nabdah-backend.zip	src/common/audit-log.interceptor.spec.ts	4189f7562c1cbf5d1d7bf72e9ac08f09fa96330285999a7a450a5b9896c8f4cc	4189f7562c1cbf5d1d7bf72e9ac08f09fa96330285999a7a450a5b9896c8f4cc	YES	155	OWNED_SOURCE_MEMBER	test	backend	YES	audit-artifacts/phase0b-backend/semantic-evidence-audit-log-interceptor-spec.md	Full semantic read; Security/truthfulness; State transitions; Test implications	2-120,121-155	TEST: audited/non-audited request interception; before/after diff; fail-safe DB error	Mock Reflector, AuditService, Mongo connection/model, HTTP request/response and RxJS next handler	AuditLogInterceptor; request pipeline and AuditService integration pending	Audit payload uses supplied user id/role/IP; actor, tenant and ownership binding not tested	Non-audited -> passthrough; audited update -> diff -> write; DB read error -> request completes without audit	None visible	Existing mock suite read; write failure, redaction, tamper resistance, tenant/actor binding, authorization, retries/alerts, concurrency gaps documented	Full source member read completed from baseline archive bytes; no tests executed or remediation performed
nabdah-backend.zip	src/common/correlation.middleware.ts	60cc0d38ffdb435a040c056026a60971f93486694d81a073cb3f9a9ea3d2ef91	60cc0d38ffdb435a040c056026a60971f93486694d81a073cb3f9a9ea3d2ef91	YES	29	OWNED_SOURCE_MEMBER	source/config	backend	YES	audit-artifacts/phase0b-backend/semantic-evidence-correlation-middleware.md	Semantic read; Auth/ownership; State transitions; Price/payment/insurance source; Security/truthfulness observations	1-29	INFRA: correlation ID generation/propagation and HTTP finish logging	Express Request/Response headers and response-finish metadata	Global middleware registration; logging/observability consumers pending traceability	No auth/ownership logic visible; request-wide correlation ID	Request-local correlation ID -> response header/log record	None visible	Not executed; header validation, log injection, query redaction, user-agent privacy and response-finish implications documented	Full source member read completed from baseline archive bytes; no remediation performed
nabdah-backend.zip	src/common/auth.guard.spec.ts	a1ebfb3ae9dd4cc94220a684e1d66520fa3c9af689c428ec42fe083bc40d1042	a1ebfb3ae9dd4cc94220a684e1d66520fa3c9af689c428ec42fe083bc40d1042	YES	171	OWNED_SOURCE_MEMBER	guard	backend	YES	audit-artifacts/phase0b-backend/semantic-evidence-auth-guard-spec.md	Semantic read; Auth/ownership; State transitions; Price/payment/insurance source; Security/truthfulness observations	1-171	TEST: JwtAuthGuard public/private/role/permission/KYC/impersonation and effective-role assertions	Mock request context, JWT claims, Reflector metadata, Mongo provider collection	JwtAuthGuard role/permission/ownership/KYC consumers; integration coverage pending	Token/public/role/permission/provider-gate tests; no resource owner/stranger integration	Pending provider -> onboarding only; approved provider -> route allowed; provider aliases -> effective roles	None visible	Existing mock guard suite read; cookie, malformed/expired token, owner isolation, tenant, Redis and integration gaps documented	Full source member read completed from baseline archive bytes; no tests executed or remediation performed
nabdah-backend.zip	src/common/redis-cache.interceptor.ts	af79c8a861e434e2bf3fb56cbd503e985a11e2ea2dee7e8aaf87b23b6ddc3e19	af79c8a861e434e2bf3fb56cbd503e985a11e2ea2dee7e8aaf87b23b6ddc3e19	YES	39	OWNED_SOURCE_MEMBER	source/config	backend	NO	UNASSIGNED	UNASSIGNED	UNASSIGNED	UNASSIGNED	UNASSIGNED	UNASSIGNED	UNASSIGNED	UNASSIGNED	UNASSIGNED	UNASSIGNED	Semantic read pending; inventory/provenance only
nabdah-backend.zip	src/common/auth.guard.ts	b82f51bdc156e629c28790ceb70d8ec0d5939fb549478f4f687d50c2d4b93234	b82f51bdc156e629c28790ceb70d8ec0d5939fb549478f4f687d50c2d4b93234	YES	192	OWNED_SOURCE_MEMBER	guard	backend	YES	audit-artifacts/phase0b-backend/semantic-evidence-auth-guard.md	Semantic read; Auth/ownership; Security/truthfulness observations	1-192	INFRASTRUCTURE: Public/Roles metadata; JwtAuthGuard; CurrentUser; NoGuestsGuard	JWT payload; permission/ownership metadata; request params/query/body resource IDs	All guarded controllers; consumer traceability phase pending	Bearer + HttpOnly cookie; provider approval; role/permission; optional model ownership isolation; guest block	Token extraction -> verification -> provider/role/permission/ownership checks -> request user	NONE	Not executed; auth, cookie, provider, role, permission, ownership, guest and IP attribution implications documented	Full source member read completed from baseline archive bytes; no remediation performed
nabdah-backend.zip	src/common/validators/iqama.validator.ts	e1e01005d17e90e0cea0356100eeff80a33bf5ac45636df916f9997d22c73d52	e1e01005d17e90e0cea0356100eeff80a33bf5ac45636df916f9997d22c73d52	YES	42	OWNED_SOURCE_MEMBER	source/config	backend	NO	UNASSIGNED	UNASSIGNED	UNASSIGNED	UNASSIGNED	UNASSIGNED	UNASSIGNED	UNASSIGNED	UNASSIGNED	UNASSIGNED	UNASSIGNED	Semantic read pending; inventory/provenance only
nabdah-backend.zip	src/common/validators/password.validator.ts	17e7c902b656a0d9b9d3e90d529c482ee95076ccc5a3c6cf895667a6edab481b	17e7c902b656a0d9b9d3e90d529c482ee95076ccc5a3c6cf895667a6edab481b	YES	27	OWNED_SOURCE_MEMBER	source/config	backend	NO	UNASSIGNED	UNASSIGNED	UNASSIGNED	UNASSIGNED	UNASSIGNED	UNASSIGNED	UNASSIGNED	UNASSIGNED	UNASSIGNED	UNASSIGNED	Semantic read pending; inventory/provenance only
nabdah-backend.zip	src/common/validators/saudi-phone.validator.ts	18f774e8ac6d783491b97cc86a78ece5d8ce2bf2071ff85fa484d04a635ca5b9	18f774e8ac6d783491b97cc86a78ece5d8ce2bf2071ff85fa484d04a635ca5b9	YES	26	OWNED_SOURCE_MEMBER	source/config	backend	NO	UNASSIGNED	UNASSIGNED	UNASSIGNED	UNASSIGNED	UNASSIGNED	UNASSIGNED	UNASSIGNED	UNASSIGNED	UNASSIGNED	UNASSIGNED	Semantic read pending; inventory/provenance only
nabdah-backend.zip	src/common/guards/device-limit.guard.ts	4f2c27da76cb3167fcd03ba8245e86b736c72f060fc59a3cbebfe75bc58fd447	4f2c27da76cb3167fcd03ba8245e86b736c72f060fc59a3cbebfe75bc58fd447	YES	42	OWNED_SOURCE_MEMBER	guard	backend	YES	audit-artifacts/phase0b-backend/semantic-evidence-device-limit.guard.md	Semantic read; Auth/ownership; State transitions; Price/payment/insurance source; Security/truthfulness observations	1-42	INFRA: device limit guard using x-device-id and Redis account set	DeviceLimitGuard, Redis device_fingerprint set, max-three account rule	Auth/registration or payment controller guard bindings; usage traceability phase pending	Caller-supplied device ID/phone only; no authenticated binding visible	Redis set growth; no domain transition	Not applicable	Not executed; spoofing/concurrency/Redis failure/scope/TTL and guard-order implications documented	Full source member read completed from baseline archive bytes; no remediation performed
nabdah-backend.zip	src/common/guards/velocity.guard.ts	9705798551c8cec81ea0cfee074af7be42283fb0e90c1b8a93aa28366dfa7d71	9705798551c8cec81ea0cfee074af7be42283fb0e90c1b8a93aa28366dfa7d71	YES	28	OWNED_SOURCE_MEMBER	guard	backend	YES	audit-artifacts/phase0b-backend/semantic-evidence-velocity.guard.md	Semantic read; Auth/ownership; State transitions; Price/payment/insurance source; Security/truthfulness observations	1-28	INFRA: payment velocity guard using user/IP scope and Redis rate limit	VelocityGuard, Redis payment counter/window	Auth/registration or payment controller guard bindings; usage traceability phase pending	Authenticated user ID preferred; unauthenticated fallback to request IP	Redis payment-attempt window	Not applicable	Not executed; spoofing/concurrency/Redis failure/scope/TTL and guard-order implications documented	Full source member read completed from baseline archive bytes; no remediation performed
nabdah-backend.zip	src/common/database/base.repository.ts	3099209997375f9fcff96cda367a01b7e591a2a8d31708554e5bfc25e9543a0a	3099209997375f9fcff96cda367a01b7e591a2a8d31708554e5bfc25e9543a0a	YES	23	OWNED_SOURCE_MEMBER	repository	backend	YES	audit-artifacts/phase0b-backend/semantic-evidence-base-repository.md	Semantic read; Auth/ownership; State transitions; Price/payment/insurance source; Security/truthfulness observations	1-23	INFRA: generic repository CRUD/find/update/delete/softDelete/count/aggregate contract	Mongoose FilterQuery/UpdateQuery/Projection/Pipeline and generic Document repository interface	All repository implementations/services/controllers; usage traceability phase pending	No mandatory owner/tenant filter; callers supply scope	Unrestricted update/delete/softDelete primitives; domain validation external	None visible	Not executed; implementation scope, soft-delete/hard-delete/aggregate bypass, transaction and caller authorization implications documented	Full source member read completed from baseline archive bytes; no remediation performed
nabdah-backend.zip	src/common/database/audit.plugin.ts	6157f47b4b6c008676699c90c4de0f024eca351a7f4a38fc8ce5978bba7f6f2e	6157f47b4b6c008676699c90c4de0f024eca351a7f4a38fc8ce5978bba7f6f2e	YES	26	OWNED_SOURCE_MEMBER	source/config	backend	YES	audit-artifacts/phase0b-backend/semantic-evidence-audit-plugin.md	Semantic read; Auth/ownership; State transitions; Price/payment/insurance source; Security/truthfulness observations	1-26	INFRA: Mongoose AuditPlugin fields and soft-delete query middleware	Mongoose Schema plugin; is_deleted/deleted_at/created_by/updated_by fields	Schemas registering AuditPlugin; database/audit consumers pending traceability	Actor fields only; no authorization or actor propagation visible	Soft-delete query filtering only; no delete/update actor hooks visible	None visible	Not executed; query coverage, explicit deleted reads, aggregate/delete bypass, actor propagation and interceptor interaction implications documented	Full source member read completed from baseline archive bytes; no remediation performed
nabdah-backend.zip	src/common/database/mongo.repository.ts	53b1f2673ddcfe53c81ff808bd44ca6c6eeb609a285e2a18de07c7792b81e15e	53b1f2673ddcfe53c81ff808bd44ca6c6eeb609a285e2a18de07c7792b81e15e	YES	88	OWNED_SOURCE_MEMBER	repository	backend	YES	audit-artifacts/phase0b-backend/semantic-evidence-mongo-repository.md	Semantic read; Auth/ownership; State transitions; Price/payment/insurance source; Security/truthfulness observations	1-88	INFRA: MongoRepository generic CRUD/distinct/update/delete/softDelete/count/aggregate/db escape hatch	Mongoose Model<T> implementation of BaseRepository	All concrete repository classes/services; usage traceability phase pending	No mandatory owner/tenant filter or auth scope	Generic update/delete/softDelete only; domain validation external	None visible	Not executed; soft-delete naming, hard-delete/aggregate bypass, option override, transaction, owner filter and raw-db implications documented	Full source member read completed from baseline archive bytes; no remediation performed
