file	line	method	route
backend/src/health.controller.ts	15	GET	/
backend/src/health.controller.ts	26	GET	/health/liveness
backend/src/health.controller.ts	32	GET	/health/readiness
backend/src/modules/admin-authority/admin-authority.module.ts	256	POST	/admin/authority/appointments/:id/force-cancel
backend/src/modules/admin-authority/admin-authority.module.ts	257	POST	/admin/authority/appointments/:id/force-confirm
backend/src/modules/admin-authority/admin-authority.module.ts	258	POST	/admin/authority/appointments/:id/force-reschedule
backend/src/modules/admin-authority/admin-authority.module.ts	259	POST	/admin/authority/orders/:id/force-cancel
backend/src/modules/admin-authority/admin-authority.module.ts	260	POST	/admin/authority/orders/:id/force-complete
backend/src/modules/admin-authority/admin-authority.module.ts	261	POST	/admin/authority/orders/:id/force-reassign
backend/src/modules/admin-authority/admin-authority.module.ts	263	POST	/admin/authority/labs/:id/force-cancel
backend/src/modules/admin-authority/admin-authority.module.ts	264	POST	/admin/authority/labs/:id/force-complete
backend/src/modules/admin-authority/admin-authority.module.ts	265	POST	/admin/authority/labs/:id/override-insurance
backend/src/modules/admin-authority/admin-authority.module.ts	267	POST	/admin/authority/radiology/:id/force-cancel
backend/src/modules/admin-authority/admin-authority.module.ts	268	POST	/admin/authority/radiology/:id/force-complete
backend/src/modules/admin-authority/admin-authority.module.ts	269	POST	/admin/authority/radiology/:id/override-insurance
backend/src/modules/admin-authority/admin-authority.module.ts	271	POST	/admin/authority/providers/:id/suspend
backend/src/modules/admin-authority/admin-authority.module.ts	272	POST	/admin/authority/providers/:id/unsuspend
backend/src/modules/admin-authority/admin-authority.module.ts	273	POST	/admin/authority/users/:id/impersonate
backend/src/modules/admin-authority/admin-authority.module.ts	275	GET	/admin/authority/actions
backend/src/modules/admin-command-center/admin-command-center.module.ts	152	GET	/admin/command-center
backend/src/modules/admin-command-center/admin-command-center.module.ts	153	GET	/admin/command-center/order/:kind/:id
backend/src/modules/admin-governance/admin-governance.module.ts	238	GET	/admin/governance/summary
backend/src/modules/admin-governance/admin-governance.module.ts	239	GET	/admin/governance/providers-performance
backend/src/modules/admin-governance/admin-governance.module.ts	240	GET	/admin/governance/patient/:id
backend/src/modules/admin-governance/admin-governance.module.ts	241	GET	/admin/governance/trace/:entity_type/:entity_id
backend/src/modules/admin-governance/admin-governance.module.ts	261	GET	/admin/governance
backend/src/modules/admin-governance/admin-governance.module.ts	270	POST	/admin/governance/:key
backend/src/modules/admin-governance/admin-governance.module.ts	301	GET	/admin/governance
backend/src/modules/admin-governance/admin-governance.module.ts	338	PUT	/admin/governance/:id
backend/src/modules/admin-governance/b2b.controller.ts	15	GET	/b2b/requests
backend/src/modules/admin-governance/b2b.controller.ts	24	POST	/b2b/requests/:id/approve
backend/src/modules/admin-governance/b2b.controller.ts	34	POST	/b2b/requests/:id/reject
backend/src/modules/admin-governance/system-config.controller.ts	19	GET	/admin/governance/system-config
backend/src/modules/admin-governance/system-config.controller.ts	31	PUT	/admin/governance/system-config
backend/src/modules/admin-notification-center/admin-notification-center.module.ts	346	GET	/admin/notification-center/segments
backend/src/modules/admin-notification-center/admin-notification-center.module.ts	350	GET	/admin/notification-center/stats/overview
backend/src/modules/admin-notification-center/admin-notification-center.module.ts	354	POST	/admin/notification-center/broadcasts
backend/src/modules/admin-notification-center/admin-notification-center.module.ts	358	POST	/admin/notification-center/campaigns
backend/src/modules/admin-notification-center/admin-notification-center.module.ts	362	GET	/admin/notification-center/campaigns
backend/src/modules/admin-notification-center/admin-notification-center.module.ts	368	GET	/admin/notification-center/campaigns/:id
backend/src/modules/admin-notification-center/admin-notification-center.module.ts	372	POST	/admin/notification-center/campaigns/:id/send
backend/src/modules/admin-notification-center/admin-notification-center.module.ts	376	DELETE	/admin/notification-center/campaigns/:id
backend/src/modules/admin-notification-center/admin-notification-center.module.ts	380	POST	/admin/notification-center/retarget/run
backend/src/modules/admin-web-core/controllers/admin-config.controller.ts	8	GET	/admin/config/sla
backend/src/modules/admin-web-core/controllers/admin-config.controller.ts	19	PUT	/admin/config/sla
backend/src/modules/admin-web-core/controllers/admin-extended-operations.controller.ts	12	GET	/admin/extended-operations/procurement/pending
backend/src/modules/admin-web-core/controllers/admin-extended-operations.controller.ts	22	PATCH	/admin/extended-operations/issue-quote/:procurementId
backend/src/modules/admin-web-core/controllers/admin-governance.controller.ts	22	PUT	/admin/governance/trigger-emergency-maintenance
backend/src/modules/admin-web-core/controllers/admin-governance.controller.ts	50	GET	/admin/governance/fraud-alerts
backend/src/modules/admin-web-core/controllers/admin-governance.controller.ts	57	GET	/admin/governance/audit-logs
backend/src/modules/admin-web-core/controllers/analytics.controller.ts	36	GET	/nabd-extensions/admin/analytics/heatmaps
backend/src/modules/admin-web-core/controllers/finance.controller.ts	31	GET	/admin/finance/commissions
backend/src/modules/admin-web-core/controllers/finance.controller.ts	37	GET	/admin/finance/withdrawals/pending
backend/src/modules/admin-web-core/controllers/finance.controller.ts	70	POST	/admin/finance/withdrawals/:id/execute
backend/src/modules/admin-web-core/controllers/finance.controller.ts	119	POST	/admin/finance/withdrawals/:id/reject
backend/src/modules/admin-web-core/controllers/provider-moderation.controller.ts	45	POST	/providers/provider-deltas
backend/src/modules/admin-web-core/controllers/provider-moderation.controller.ts	51	POST	/providers/provider-deltas/:id/approve
backend/src/modules/admin-web-core/controllers/provider-moderation.controller.ts	82	POST	/providers/provider-deltas/:id/reject
backend/src/modules/admin-web-core/controllers/system-health.controller.ts	6	GET	/system-health/liveness
backend/src/modules/admin-web-core/controllers/system-health.controller.ts	19	GET	/system-health/readiness
backend/src/modules/admin/admin.controller.ts	39	GET	/admin/referrals/report
backend/src/modules/admin/admin.controller.ts	100	GET	/admin/loyalty/overview
backend/src/modules/admin/admin.controller.ts	139	GET	/admin/users/:userId/overview
backend/src/modules/admin/admin.controller.ts	242	GET	/admin/disputes
backend/src/modules/admin/admin.controller.ts	272	GET	/admin/users
backend/src/modules/admin/admin.controller.ts	330	GET	/admin/users/stats
backend/src/modules/admin/admin.controller.ts	353	GET	/admin/sub-admins
backend/src/modules/admin/admin.controller.ts	369	POST	/admin/sub-admins
backend/src/modules/admin/admin.controller.ts	398	PATCH	/admin/sub-admins/:userId
backend/src/modules/admin/admin.controller.ts	419	DELETE	/admin/sub-admins/:userId
backend/src/modules/admin/admin.controller.ts	444	POST	/admin/providers/create
backend/src/modules/admin/admin.controller.ts	479	POST	/admin/users/:userId/ban
backend/src/modules/admin/admin.controller.ts	495	POST	/admin/users/:userId/unban
backend/src/modules/admin/admin.controller.ts	511	DELETE	/admin/users/:userId
backend/src/modules/admin/admin.controller.ts	550	POST	/admin/approve/:userId
backend/src/modules/admin/admin.controller.ts	564	POST	/admin/suspend/:userId
backend/src/modules/admin/admin.controller.ts	578	POST	/admin/provider-deltas
backend/src/modules/admin/admin.controller.ts	584	POST	/admin/provider-deltas/:deltaId/approve
backend/src/modules/admin/admin.controller.ts	598	POST	/admin/provider-deltas/:deltaId/reject
backend/src/modules/ai/ai.controller.ts	14	GET	/ai/config
backend/src/modules/ai/ai.controller.ts	20	POST	/ai/config
backend/src/modules/ai/ai.controller.ts	27	GET	/ai/admin/gateway
backend/src/modules/ai/ai.controller.ts	34	POST	/ai/admin/gateway/provider/:key
backend/src/modules/ai/ai.controller.ts	41	POST	/ai/admin/gateway/mode
backend/src/modules/ai/ai.controller.ts	48	GET	/ai/admin/usage
backend/src/modules/ai/ai.controller.ts	56	POST	/ai/triage
backend/src/modules/ai/ai.controller.ts	61	GET	/ai/triage/history
backend/src/modules/ai/ai.controller.ts	66	POST	/ai/voice-to-order
backend/src/modules/ai/ai.controller.ts	85	POST	/ai/prescription-ocr
backend/src/modules/ai/ai.controller.ts	91	POST	/ai/parse-excel
backend/src/modules/ai/ai.controller.ts	107	POST	/ai/copilot/suggest
backend/src/modules/ai/ai.controller.ts	113	POST	/ai/triage/chat
backend/src/modules/ai/ai.controller.ts	120	POST	/ai/ocr-translate
backend/src/modules/ai/ai.controller.ts	125	POST	/ai/skin-analysis
backend/src/modules/ai/ai.controller.ts	130	POST	/ai/medicine-image-search
backend/src/modules/ai/ai.controller.ts	135	POST	/ai/barcode-lookup
backend/src/modules/ai/ai.controller.ts	140	POST	/ai/analyze-meal
backend/src/modules/ai/ai.controller.ts	150	POST	/ai/analyze-report
backend/src/modules/ai/ai.controller.ts	156	POST	/ai/generate-exercise-plan
backend/src/modules/ai/ai.controller.ts	161	POST	/ai/generate-diet-plan
backend/src/modules/analytics/analytics.module.ts	126	GET	/admin/analytics/overview
backend/src/modules/analytics/analytics.module.ts	129	GET	/admin/analytics/top-searched
backend/src/modules/analytics/analytics.module.ts	132	GET	/admin/analytics/top-medicines
backend/src/modules/analytics/analytics.module.ts	135	GET	/admin/analytics/top-doctors
backend/src/modules/analytics/analytics.module.ts	138	GET	/admin/analytics/top-pharmacies
backend/src/modules/analytics/analytics.module.ts	141	GET	/admin/analytics/top-services
backend/src/modules/api-security/api-security.module.ts	197	GET	/admin/security/events
backend/src/modules/api-security/api-security.module.ts	209	POST	/admin/security/blacklist/clear
backend/src/modules/approval-workflow/approval-workflow.module.ts	145	POST	/approval-workflow/requests
backend/src/modules/approval-workflow/approval-workflow.module.ts	150	GET	/approval-workflow/my-requests
backend/src/modules/approval-workflow/approval-workflow.module.ts	155	GET	/approval-workflow/requests/pending
backend/src/modules/approval-workflow/approval-workflow.module.ts	161	GET	/approval-workflow/requests/:id
backend/src/modules/approval-workflow/approval-workflow.module.ts	166	POST	/approval-workflow/requests/:id/decide
backend/src/modules/articles/articles.module.ts	93	GET	/articles
backend/src/modules/articles/articles.module.ts	94	GET	/articles/categories
backend/src/modules/articles/articles.module.ts	95	GET	/articles/:slug
backend/src/modules/articles/articles.module.ts	105	GET	/articles
backend/src/modules/articles/articles.module.ts	106	POST	/articles
backend/src/modules/articles/articles.module.ts	107	PATCH	/articles/:id
backend/src/modules/articles/articles.module.ts	108	POST	/articles/:id/publish
backend/src/modules/articles/articles.module.ts	109	POST	/articles/:id/unpublish
backend/src/modules/articles/articles.module.ts	110	DELETE	/articles/:id
backend/src/modules/articles/articles.module.ts	122	GET	/articles/mine
backend/src/modules/articles/articles.module.ts	132	GET	/articles/:slug/status
backend/src/modules/articles/articles.module.ts	141	POST	/articles/:slug/toggle
backend/src/modules/articles/seo.controller.ts	15	GET	/seo/resolve/:type/:slug
backend/src/modules/auth/auth.controller.ts	52	POST	/auth/register
backend/src/modules/auth/auth.controller.ts	59	POST	/auth/login
backend/src/modules/auth/auth.controller.ts	85	POST	/auth/guest
backend/src/modules/auth/auth.controller.ts	90	POST	/auth/convert-guest
backend/src/modules/auth/auth.controller.ts	97	POST	/auth/login/verify-2fa
backend/src/modules/auth/auth.controller.ts	119	GET	/auth/me
backend/src/modules/auth/auth.controller.ts	127	GET	/auth/trusted-devices
backend/src/modules/auth/auth.controller.ts	133	DELETE	/auth/trusted-devices/:deviceId
backend/src/modules/auth/auth.controller.ts	139	POST	/auth/heartbeat
backend/src/modules/auth/auth.controller.ts	150	GET	/auth/sessions/online
backend/src/modules/auth/auth.controller.ts	157	POST	/auth/refresh
backend/src/modules/auth/auth.controller.ts	163	POST	/auth/logout-all
backend/src/modules/auth/auth.controller.ts	169	POST	/auth/consent
backend/src/modules/auth/auth.controller.ts	179	POST	/auth/logout
backend/src/modules/auth/auth.controller.ts	192	POST	/auth/send-otp
backend/src/modules/auth/auth.controller.ts	200	POST	/auth/verify-otp
backend/src/modules/auth/auth.controller.ts	208	POST	/auth/reset-password
backend/src/modules/auth/auth.controller.ts	217	POST	/auth/social-login
backend/src/modules/auth/passkey.controller.ts	19	POST	/auth/passkey/enroll/options
backend/src/modules/auth/passkey.controller.ts	24	POST	/auth/passkey/enroll/verify
backend/src/modules/auth/passkey.controller.ts	30	GET	/auth/passkey/devices
backend/src/modules/auth/passkey.controller.ts	36	DELETE	/auth/passkey/devices/:credentialId
backend/src/modules/auth/passkey.controller.ts	44	POST	/auth/passkey/login/verify
backend/src/modules/bans/bans.controller.ts	20	POST	/bans
backend/src/modules/bans/bans.controller.ts	25	DELETE	/bans/:value
backend/src/modules/bans/bans.controller.ts	30	GET	/bans
backend/src/modules/billing/billing.module.ts	215	GET	/billing/invoice/:kind/:bookingId
backend/src/modules/billing/billing.module.ts	221	GET	/billing/invoice/:kind/:bookingId/pdf
backend/src/modules/billing/billing.module.ts	230	POST	/billing/invoice/:kind/:bookingId/email
backend/src/modules/billing/billing.module.ts	235	GET	/billing/my
backend/src/modules/billing/billing.module.ts	241	GET	/billing/admin/list
backend/src/modules/booking-flow/booking-flow.module.ts	236	GET	/booking/flow/status/:type/:id
backend/src/modules/booking-flow/booking-flow.module.ts	237	GET	/booking/flow/timeline/:type/:id
backend/src/modules/booking-flow/booking-flow.module.ts	238	POST	/booking/flow/retry/:type/:id
backend/src/modules/booking-flow/booking-flow.module.ts	239	POST	/booking/flow/resolve/:type/:id
backend/src/modules/booking-ops/booking-ops.module.ts	184	GET	/booking/flow/invoice/:type/:id
backend/src/modules/booking-ops/booking-ops.module.ts	185	GET	/booking/flow/payment/:type/:id
backend/src/modules/booking-ops/booking-ops.module.ts	186	POST	/booking/flow/payment/:type/:id/mark
backend/src/modules/booking-ops/booking-ops.module.ts	187	POST	/booking/flow/attachments/:type/:id
backend/src/modules/booking-ops/booking-ops.module.ts	188	GET	/booking/flow/attachments/:type/:id
backend/src/modules/business-rules/business-rules.module.ts	172	GET	/business-rules/config/surge
backend/src/modules/business-rules/business-rules.module.ts	175	POST	/business-rules/config/surge
backend/src/modules/business-rules/business-rules.module.ts	178	POST	/business-rules/validate
backend/src/modules/care/appointments.controller.ts	14	POST	/care/appointments
backend/src/modules/care/appointments.controller.ts	19	GET	/care/appointments
backend/src/modules/care/appointments.controller.ts	24	GET	/care/appointments/:id
backend/src/modules/care/appointments.controller.ts	29	POST	/care/appointments/waitlist/join
backend/src/modules/care/appointments.controller.ts	34	PATCH	/care/appointments/:id/cancel
backend/src/modules/care/appointments.controller.ts	39	PATCH	/care/appointments/:id/reschedule
backend/src/modules/care/appointments.controller.ts	45	PATCH	/care/appointments/:id/confirm
backend/src/modules/care/appointments.controller.ts	51	PATCH	/care/appointments/:id/check-in
backend/src/modules/care/appointments.controller.ts	57	PATCH	/care/appointments/:id/start
backend/src/modules/care/appointments.controller.ts	63	PATCH	/care/appointments/:id/complete
backend/src/modules/care/appointments.controller.ts	69	POST	/care/appointments/:id/finish
backend/src/modules/care/appointments.controller.ts	75	GET	/care/appointments/:id/summary
backend/src/modules/care/care.controller.ts	11	GET	/care/specialties
backend/src/modules/care/care.controller.ts	17	GET	/care/insurance
backend/src/modules/care/care.controller.ts	23	GET	/care/degrees
backend/src/modules/care/care.controller.ts	29	GET	/care/doctors
backend/src/modules/care/care.controller.ts	60	GET	/care/doctors/:id
backend/src/modules/care/care.controller.ts	66	GET	/care/doctors/:id/slots
backend/src/modules/care/care.controller.ts	76	GET	/care/search
backend/src/modules/care/care.controller.ts	83	GET	/care/facilities
backend/src/modules/care/care.controller.ts	95	GET	/care/facilities/:id
backend/src/modules/care/doctor-integration.controller.ts	14	PUT	/provider/doctor-engine/synchronize-settings
backend/src/modules/care/doctor-integration.controller.ts	36	POST	/provider/doctor-engine/finalize-encounter
backend/src/modules/care/doctor-referrals.controller.ts	29	GET	/provider/doctor-referrals/my-referrals/:doctorId
backend/src/modules/care/doctor-referrals.controller.ts	66	POST	/provider/doctor-referrals/issue-referrals-and-prescription
backend/src/modules/care/doctor-referrals.controller.ts	94	PATCH	/provider/doctor-referrals/diagnostic-callback/:appointmentId
backend/src/modules/cart/cart.module.ts	136	GET	/cart
backend/src/modules/cart/cart.module.ts	137	POST	/cart/lines
backend/src/modules/cart/cart.module.ts	138	PATCH	/cart/lines/:lineId
backend/src/modules/cart/cart.module.ts	139	DELETE	/cart/lines/:lineId
backend/src/modules/cart/cart.module.ts	140	POST	/cart/clear
backend/src/modules/cart/cart.module.ts	141	GET	/cart/checkout
backend/src/modules/cart/cart.module.ts	142	GET	/cart/prescription
backend/src/modules/chat/chat.module.ts	23	GET	/threads/:threadId/permissions
backend/src/modules/chat/chat.module.ts	136	GET	/threads
backend/src/modules/chat/chat.module.ts	141	POST	/threads/direct
backend/src/modules/chat/chat.module.ts	146	POST	/threads/group
backend/src/modules/chat/chat.module.ts	151	POST	/threads/booking
backend/src/modules/chat/chat.module.ts	156	GET	/threads/:threadId
backend/src/modules/chat/chat.module.ts	161	GET	/threads/:threadId/messages
backend/src/modules/chat/chat.module.ts	172	POST	/threads/:threadId/messages
backend/src/modules/chat/chat.module.ts	177	POST	/threads/:threadId/read
backend/src/modules/chat/chat.module.ts	182	POST	/threads/:threadId/delivered
backend/src/modules/chat/chat.module.ts	187	PATCH	/messages/:msgId
backend/src/modules/chat/chat.module.ts	192	DELETE	/messages/:msgId
backend/src/modules/chat/chat.module.ts	197	POST	/messages/:msgId/reactions
backend/src/modules/chat/chat.module.ts	202	DELETE	/messages/:msgId/reactions/:emoji
backend/src/modules/chat/chat.module.ts	207	POST	/messages/:msgId/pin
backend/src/modules/chat/chat.module.ts	212	POST	/threads/:threadId/participants
backend/src/modules/chat/chat.module.ts	217	DELETE	/threads/:threadId/participants/:userId
backend/src/modules/community/community.controller.ts	16	GET	/community/posts
backend/src/modules/community/community.controller.ts	26	POST	/community/posts
backend/src/modules/community/community.controller.ts	31	GET	/community/posts/:id
backend/src/modules/community/community.controller.ts	36	POST	/community/posts/:id/comment
backend/src/modules/community/community.controller.ts	41	PUT	/community/posts/:id/vote
backend/src/modules/community/community.controller.ts	46	DELETE	/community/posts/:id
backend/src/modules/community/community.controller.ts	53	GET	/community/admin/pending
backend/src/modules/community/community.controller.ts	58	PUT	/community/admin/:id/moderate
backend/src/modules/community/community.controller.ts	65	GET	/community/live-sessions
backend/src/modules/community/community.controller.ts	70	POST	/community/live-sessions
backend/src/modules/community/community.controller.ts	75	PUT	/community/live-sessions/:id/join
backend/src/modules/community/community.controller.ts	80	PUT	/community/live-sessions/:id/status
backend/src/modules/compat/admin-spa.module.ts	57	GET	/dashboard/kpis
backend/src/modules/compat/admin-spa.module.ts	77	GET	/dashboard/alerts
backend/src/modules/compat/admin-spa.module.ts	94	GET	/dashboard/live-feed
backend/src/modules/compat/admin-spa.module.ts	115	GET	/dashboard/live
backend/src/modules/compat/admin-spa.module.ts	123	GET	/dashboard/config
backend/src/modules/compat/admin-spa.module.ts	129	PUT	/dashboard/config
backend/src/modules/compat/admin-spa.module.ts	139	POST	/dashboard/:id/expand
backend/src/modules/compat/admin-spa.module.ts	149	POST	/dashboard/:id/cancel
backend/src/modules/compat/admin-spa.module.ts	165	POST	/dashboard/:id/dispatch
backend/src/modules/compat/admin-spa.module.ts	189	GET	/dashboard
backend/src/modules/compat/admin-spa.module.ts	200	GET	/dashboard
backend/src/modules/compat/admin-spa.module.ts	207	POST	/dashboard
backend/src/modules/compat/admin-spa.module.ts	225	GET	/dashboard
backend/src/modules/compat/admin-spa.module.ts	249	GET	/dashboard
backend/src/modules/compat/admin-spa.module.ts	280	GET	/dashboard
backend/src/modules/compat/admin-spa.module.ts	291	GET	/dashboard
backend/src/modules/compat/admin-spa.module.ts	306	GET	/dashboard
backend/src/modules/compat/admin-spa.module.ts	321	GET	/dashboard/alerts
backend/src/modules/compat/admin-spa.module.ts	333	GET	/dashboard
backend/src/modules/compat/admin-spa.module.ts	350	GET	/dashboard
backend/src/modules/compat/admin-spa.module.ts	361	GET	/dashboard
backend/src/modules/compat/admin-spa.module.ts	375	GET	/dashboard
backend/src/modules/compat/admin-spa.module.ts	381	POST	/dashboard
backend/src/modules/compat/admin-spa.module.ts	410	GET	/dashboard
backend/src/modules/compat/admin-spa.module.ts	422	POST	/dashboard
backend/src/modules/compat/admin-spa.module.ts	435	GET	/dashboard
backend/src/modules/compat/admin-spa.module.ts	454	GET	/dashboard
backend/src/modules/compat/admin-spa.module.ts	465	GET	/dashboard
backend/src/modules/compat/admin-spa.module.ts	476	GET	/dashboard
backend/src/modules/compat/admin-spa.module.ts	482	POST	/dashboard
backend/src/modules/compat/admin-spa.module.ts	501	POST	/dashboard/:id/reassign
backend/src/modules/compat/admin-spa.module.ts	531	GET	/dashboard/summary
backend/src/modules/compat/admin-spa.module.ts	566	GET	/dashboard
backend/src/modules/compat/admin-spa.module.ts	572	PUT	/dashboard/:id
backend/src/modules/compat/admin-spa.module.ts	588	GET	/dashboard
backend/src/modules/compat/admin-spa.module.ts	594	POST	/dashboard
backend/src/modules/compat/admin-spa.module.ts	610	GET	/dashboard
backend/src/modules/compat/admin-spa.module.ts	616	POST	/dashboard
backend/src/modules/compat/admin-spa.module.ts	639	PATCH	/dashboard/:code
backend/src/modules/compat/admin-spa.module.ts	657	PUT	/dashboard/config
backend/src/modules/compat/admin-spa.module.ts	667	PUT	/dashboard/earn-rules/:id
backend/src/modules/compat/admin-spa.module.ts	677	POST	/dashboard/earn-rules/:id/toggle
backend/src/modules/compat/admin-spa.module.ts	685	GET	/dashboard/users/:id/balance
backend/src/modules/compat/admin-spa.module.ts	714	POST	/dashboard/manual-adjust
backend/src/modules/compat/admin-spa.module.ts	723	POST	/dashboard/redeem
backend/src/modules/compat/admin-spa.module.ts	738	GET	/dashboard/rules
backend/src/modules/compat/admin-spa.module.ts	744	POST	/dashboard/rules
backend/src/modules/compat/admin-spa.module.ts	757	PUT	/dashboard/rules/:id
backend/src/modules/compat/admin-spa.module.ts	767	POST	/dashboard/rules/:id/toggle
backend/src/modules/compat/admin-spa.module.ts	775	DELETE	/dashboard/rules/:id
backend/src/modules/compat/admin-spa.module.ts	782	PUT	/dashboard/base-fees
backend/src/modules/compat/admin-spa.module.ts	792	POST	/dashboard/toggle
backend/src/modules/compat/admin-spa.module.ts	806	GET	/dashboard/check
backend/src/modules/compat/admin-spa.module.ts	831	GET	/dashboard
backend/src/modules/compat/admin-spa.module.ts	838	GET	/dashboard/:id
backend/src/modules/compat/admin-spa.module.ts	845	POST	/dashboard
backend/src/modules/compat/admin-spa.module.ts	861	PUT	/dashboard/:id
backend/src/modules/compat/admin-spa.module.ts	871	POST	/dashboard/:id/toggle
backend/src/modules/compat/admin-spa.module.ts	880	DELETE	/dashboard/:id
backend/src/modules/compat/admin-spa.module.ts	891	GET	/dashboard/applicable
backend/src/modules/compat/admin-spa.module.ts	924	GET	/dashboard/history
backend/src/modules/compat/admin-spa.module.ts	933	POST	/dashboard/send
backend/src/modules/compat/admin-spa.module.ts	954	GET	/dashboard/auto-rules
backend/src/modules/compat/admin-spa.module.ts	960	POST	/dashboard/auto-rules
backend/src/modules/compat/admin-spa.module.ts	972	PUT	/dashboard/auto-rules/:id
backend/src/modules/compat/admin-spa.module.ts	982	DELETE	/dashboard/auto-rules/:id
backend/src/modules/compat/admin-spa.module.ts	995	GET	/dashboard
backend/src/modules/compat/admin-spa.module.ts	1041	POST	/dashboard/claims/:id/approve
backend/src/modules/compat/admin-spa.module.ts	1046	POST	/dashboard/claims/:id/reject
backend/src/modules/compat/admin-spa.module.ts	1057	GET	/dashboard/:id/sub-accounts
backend/src/modules/compat/admin-spa.module.ts	1075	POST	/dashboard/:id/shortage
backend/src/modules/compat/admin-spa.module.ts	1099	POST	/dashboard
backend/src/modules/compat/admin-spa.module.ts	1145	GET	/dashboard/bookings/nursing/my
backend/src/modules/compat/admin-spa.module.ts	1198	GET	/dashboard/theme
backend/src/modules/compat/admin-spa.module.ts	1199	PUT	/dashboard/theme
backend/src/modules/compat/admin-spa.module.ts	1201	GET	/dashboard/permissions
backend/src/modules/compat/admin-spa.module.ts	1202	PUT	/dashboard/permissions
backend/src/modules/compat/admin-spa.module.ts	1204	GET	/dashboard/workflows
backend/src/modules/compat/admin-spa.module.ts	1205	PUT	/dashboard/workflows
backend/src/modules/compat/admin-spa.module.ts	1207	GET	/dashboard/ai-config
backend/src/modules/compat/admin-spa.module.ts	1208	PUT	/dashboard/ai-config
backend/src/modules/compat/admin-spa.module.ts	1210	GET	/dashboard/alert-rules
backend/src/modules/compat/admin-spa.module.ts	1211	PUT	/dashboard/alert-rules
backend/src/modules/compat/admin-spa.module.ts	1219	GET	/dashboard/overview
backend/src/modules/compat/admin-spa.module.ts	1247	GET	/dashboard/heatmap
backend/src/modules/compat/admin-spa.module.ts	1263	POST	/dashboard/custom-report
backend/src/modules/compat/admin-spa.module.ts	1305	GET	/dashboard/requests
backend/src/modules/compat/admin-spa.module.ts	1322	POST	/dashboard/requests/:id/assign
backend/src/modules/compat/compat.module.ts	51	GET	/family/chat/messages
backend/src/modules/compat/compat.module.ts	63	POST	/family/chat/messages
backend/src/modules/compat/compat.module.ts	85	GET	/family/chat
backend/src/modules/compat/compat.module.ts	95	POST	/family/chat
backend/src/modules/compat/compat.module.ts	119	GET	/family/chat/devices
backend/src/modules/compat/compat.module.ts	125	POST	/family/chat/devices
backend/src/modules/compat/compat.module.ts	139	GET	/family/chat/data
backend/src/modules/compat/compat.module.ts	148	POST	/family/chat/data
backend/src/modules/compat/compat.module.ts	171	GET	/family/chat
backend/src/modules/compat/compat.module.ts	205	GET	/family/chat
backend/src/modules/compat/compat.module.ts	218	POST	/family/chat
backend/src/modules/compat/compat.module.ts	244	GET	/family/chat
backend/src/modules/compat/compat.module.ts	291	GET	/family/chat/:id
backend/src/modules/compat/compat.module.ts	316	GET	/family/chat/:id/providers
backend/src/modules/compat/compat.module.ts	338	GET	/family/chat/timeline
backend/src/modules/compat/compat.module.ts	350	GET	/family/chat/:id
backend/src/modules/compat/compat.module.ts	368	GET	/family/chat
backend/src/modules/compat/compat.module.ts	371	POST	/family/chat
backend/src/modules/compat/compat.module.ts	376	GET	/family/chat/messages
backend/src/modules/compat/compat.module.ts	384	POST	/family/chat/messages
backend/src/modules/compat/compat.module.ts	416	POST	/family/chat
backend/src/modules/compat/compat.module.ts	425	POST	/family/chat/batch
backend/src/modules/compat/compat.module.ts	451	POST	/family/chat/drug-interactions
backend/src/modules/compat/compat.module.ts	482	GET	/family/chat/:id
backend/src/modules/compat/compat.module.ts	500	GET	/family/chat/:id/messages
backend/src/modules/compat/compat.module.ts	513	POST	/family/chat/:id/messages
backend/src/modules/compat/compat.module.ts	537	GET	/family/chat/inbox
backend/src/modules/compat/compat.module.ts	548	POST	/family/chat/inbox/:id/read
backend/src/modules/compat/compat.module.ts	563	GET	/family/chat/jobs/active
backend/src/modules/compat/compat.module.ts	583	POST	/family/chat/notes
backend/src/modules/compat/compat.module.ts	606	POST	/family/chat/jobs/:id/notes
backend/src/modules/compat/compat.module.ts	625	POST	/family/chat/coverage/verify-gps
backend/src/modules/compat/compat.module.ts	647	GET	/family/chat/products
backend/src/modules/compat/compat.module.ts	674	POST	/family/chat/shortages/report
backend/src/modules/compat/compat.module.ts	713	GET	/family/chat
backend/src/modules/compat/compat.module.ts	731	GET	/family/chat/lab-services
backend/src/modules/compat/compat.module.ts	740	GET	/family/chat/radiology-services
backend/src/modules/compat/compat.module.ts	761	GET	/family/chat/audit-logs
backend/src/modules/compat/compat.module.ts	773	GET	/family/chat/calendar
backend/src/modules/compat/compat.module.ts	790	GET	/family/chat/patients/active
backend/src/modules/compat/compat.module.ts	805	GET	/family/chat/subaccounts
backend/src/modules/compat/compat.module.ts	818	GET	/family/chat/shifts
backend/src/modules/compat/compat.module.ts	837	POST	/family/chat/voice-to-order
backend/src/modules/compat/compat.module.ts	899	GET	/family/chat/assessment-questions
backend/src/modules/compat/compat.module.ts	953	GET	/family/chat
backend/src/modules/compat/compat.module.ts	976	GET	/family/chat/categories
backend/src/modules/compat/compat.module.ts	987	GET	/family/chat/:id
backend/src/modules/compat/compat.module.ts	1025	GET	/family/chat
backend/src/modules/config/config.controller.ts	13	GET	/config
backend/src/modules/consistency/consistency.module.ts	165	GET	/consistency/audit
backend/src/modules/consistency/consistency.module.ts	166	POST	/consistency/reconcile
backend/src/modules/consistency/consistency.module.ts	167	POST	/consistency/fix-orphans
backend/src/modules/coturn/coturn.controller.ts	10	GET	/calls/ice/config
backend/src/modules/coturn/coturn.controller.ts	15	GET	/calls/ice/credentials
backend/src/modules/custom-services/custom-services.controller.ts	12	POST	/custom-services
backend/src/modules/custom-services/custom-services.controller.ts	13	GET	/custom-services/mine
backend/src/modules/custom-services/custom-services.controller.ts	14	GET	/custom-services/:id
backend/src/modules/custom-services/custom-services.controller.ts	17	GET	/custom-services/admin/list
backend/src/modules/custom-services/custom-services.controller.ts	18	PATCH	/custom-services/admin/:id/status
backend/src/modules/device-trust/device-trust.module.ts	131	POST	/device-trust/challenge
backend/src/modules/device-trust/device-trust.module.ts	138	POST	/device-trust/challenge-guest
backend/src/modules/device-trust/device-trust.module.ts	143	POST	/device-trust/verify
backend/src/modules/device-trust/device-trust.module.ts	149	GET	/device-trust/status
backend/src/modules/doctors/doctors.module.ts	251	GET	/doctors
backend/src/modules/doctors/doctors.module.ts	252	GET	/doctors/specialties
backend/src/modules/doctors/doctors.module.ts	253	GET	/doctors/:id
backend/src/modules/doctors/doctors.module.ts	254	GET	/doctors/:id/slots
backend/src/modules/doctors/doctors.module.ts	256	POST	/doctors/appointments
backend/src/modules/doctors/doctors.module.ts	257	GET	/doctors/appointments/mine
backend/src/modules/doctors/doctors.module.ts	258	GET	/doctors/appointments/inbox
backend/src/modules/doctors/doctors.module.ts	259	GET	/doctors/appointments/:id
backend/src/modules/doctors/doctors.module.ts	260	PATCH	/doctors/appointments/:id/state
backend/src/modules/doctors/doctors.module.ts	262	GET	/doctors/appointments/:id/messages
backend/src/modules/doctors/doctors.module.ts	263	POST	/doctors/appointments/:id/messages
backend/src/modules/doctors/doctors.module.ts	264	POST	/doctors/appointments/:id/note
backend/src/modules/doctors/doctors.module.ts	266	PATCH	/doctors/availability
backend/src/modules/doctors/doctors.module.ts	273	GET	/doctors
backend/src/modules/doctors/doctors.module.ts	274	GET	/doctors/unread-count
backend/src/modules/doctors/doctors.module.ts	275	PATCH	/doctors/:id/read
backend/src/modules/doctors/doctors.module.ts	276	POST	/doctors/mark-all-read
backend/src/modules/drivers/drivers.controller.ts	11	POST	/drivers/online
backend/src/modules/drivers/drivers.controller.ts	17	POST	/drivers/offline
backend/src/modules/drivers/drivers.controller.ts	23	GET	/drivers/shift
backend/src/modules/drivers/drivers.controller.ts	29	POST	/drivers/location
backend/src/modules/drivers/drivers.controller.ts	35	GET	/drivers/:driverId/location
backend/src/modules/drivers/drivers.controller.ts	40	GET	/drivers/orders/available
backend/src/modules/drivers/drivers.controller.ts	46	GET	/drivers/orders/active
backend/src/modules/drivers/drivers.controller.ts	52	GET	/drivers/orders/history
backend/src/modules/drivers/drivers.controller.ts	58	POST	/drivers/orders/:id/accept
backend/src/modules/drivers/drivers.controller.ts	64	POST	/drivers/orders/:id/pickup
backend/src/modules/drivers/drivers.controller.ts	70	POST	/drivers/orders/:id/deliver
backend/src/modules/drivers/drivers.controller.ts	77	GET	/drivers/admin/online
backend/src/modules/drivers/drivers.controller.ts	84	GET	/drivers/available
backend/src/modules/emergency/ambulance-fleet.controller.ts	95	GET	/provider/ambulance/fleet
backend/src/modules/emergency/ambulance-fleet.controller.ts	101	POST	/provider/ambulance/fleet
backend/src/modules/emergency/ambulance-fleet.controller.ts	107	PATCH	/provider/ambulance/fleet/:id
backend/src/modules/emergency/ambulance-fleet.controller.ts	113	DELETE	/provider/ambulance/fleet/:id
backend/src/modules/emergency/ambulance-fleet.controller.ts	125	GET	/provider/ambulance/fleet
backend/src/modules/emergency/ambulance-fleet.controller.ts	131	POST	/provider/ambulance/fleet/:id/approve
backend/src/modules/emergency/ambulance-fleet.controller.ts	137	POST	/provider/ambulance/fleet/:id/reject
backend/src/modules/emergency/emergency.controller.ts	11	POST	/emergency/trigger
backend/src/modules/emergency/emergency.controller.ts	17	GET	/emergency/my/active
backend/src/modules/emergency/emergency.controller.ts	23	POST	/emergency/:id/cancel
backend/src/modules/emergency/emergency.controller.ts	29	GET	/emergency/driver/missions
backend/src/modules/emergency/emergency.controller.ts	35	POST	/emergency/:id/claim
backend/src/modules/emergency/emergency.controller.ts	41	GET	/emergency/tracking
backend/src/modules/emergency/emergency.controller.ts	47	POST	/emergency/:id/track
backend/src/modules/emergency/emergency.controller.ts	52	GET	/emergency/active
backend/src/modules/emergency/emergency.controller.ts	58	GET	/emergency/:id
backend/src/modules/emergency/emergency.controller.ts	64	POST	/emergency/:id/assign
backend/src/modules/emergency/emergency.controller.ts	71	POST	/emergency/:id/auto-dispatch
backend/src/modules/emergency/emergency.controller.ts	77	POST	/emergency/:id/resolve
backend/src/modules/event-reliability/event-reliability.module.ts	136	GET	/events/status
backend/src/modules/event-reliability/event-reliability.module.ts	137	POST	/events/retry-failed
backend/src/modules/event-reliability/event-reliability.module.ts	138	POST	/events/replay/:eventId
backend/src/modules/events/events.controllers.ts	12	GET	/admin/events
backend/src/modules/events/events.controllers.ts	26	GET	/admin/events/trace
backend/src/modules/export/export.controller.ts	19	GET	/export/patients
backend/src/modules/export/export.controller.ts	25	GET	/export/appointments
backend/src/modules/export/export.controller.ts	31	GET	/export/orders
backend/src/modules/export/export.controller.ts	37	GET	/export/transactions
backend/src/modules/export/export.controller.ts	43	GET	/export/audit-logs
backend/src/modules/facility-ops/facility-ops.module.ts	258	GET	/facility/beds/wards
backend/src/modules/facility-ops/facility-ops.module.ts	263	GET	/facility/beds/wards/:wardId/beds
backend/src/modules/facility-ops/facility-ops.module.ts	268	POST	/facility/beds/wards
backend/src/modules/facility-ops/facility-ops.module.ts	273	POST	/facility/beds/admission
backend/src/modules/facility-ops/facility-ops.module.ts	278	GET	/facility/beds/admissions
backend/src/modules/facility-ops/facility-ops.module.ts	283	PUT	/facility/beds/discharge/:admissionId
backend/src/modules/facility-ops/facility-ops.module.ts	294	GET	/facility/beds
backend/src/modules/facility-ops/facility-ops.module.ts	299	POST	/facility/beds
backend/src/modules/facility-ops/facility-ops.module.ts	304	POST	/facility/beds/:id/substitute
backend/src/modules/facility-ops/facility-ops.module.ts	309	POST	/facility/beds/attendance/check-in
backend/src/modules/facility-ops/facility-ops.module.ts	314	POST	/facility/beds/attendance/check-out/:attendanceId
backend/src/modules/facility-ops/facility-ops.module.ts	319	GET	/facility/beds/attendance
backend/src/modules/facility-ops/facility-ops.module.ts	330	POST	/facility/beds/book
backend/src/modules/facility-ops/facility-ops.module.ts	335	GET	/facility/beds/schedule
backend/src/modules/facility-ops/facility-ops.module.ts	352	GET	/facility/beds/announcements
backend/src/modules/facility-ops/facility-ops.module.ts	359	POST	/facility/beds/announcements
backend/src/modules/facility-ops/facility-ops.module.ts	376	GET	/facility/beds/resources
backend/src/modules/facility-ops/facility-ops.module.ts	383	POST	/facility/beds/resources
backend/src/modules/facility-ops/facility-ops.module.ts	405	PUT	/facility/beds/resources/:id
backend/src/modules/family/family.controller.ts	16	POST	/family/create
backend/src/modules/family/family.controller.ts	23	GET	/family/my-group
backend/src/modules/family/family.controller.ts	29	POST	/family/invite
backend/src/modules/family/family.controller.ts	35	POST	/family/join
backend/src/modules/family/family.controller.ts	41	POST	/family/leave
backend/src/modules/family/family.controller.ts	47	PATCH	/family/member/:userId/relation
backend/src/modules/family/family.controller.ts	53	PATCH	/family/member/:userId/permissions
backend/src/modules/family/family.controller.ts	59	GET	/family/member-records/:userId
backend/src/modules/family/family.controller.ts	65	DELETE	/family/remove-member/:userId
backend/src/modules/family/family.controller.ts	71	GET	/family/members
backend/src/modules/family/family.controller.ts	77	GET	/family/member-health/:userId
backend/src/modules/family/family.controller.ts	83	GET	/family/emergency-contacts
backend/src/modules/family/family.controller.ts	91	POST	/family/calendar/event
backend/src/modules/family/family.controller.ts	97	GET	/family/calendar
backend/src/modules/family/family.controller.ts	103	DELETE	/family/calendar/event/:eventId
backend/src/modules/family/family.controller.ts	111	POST	/family/permissions/request
backend/src/modules/family/family.controller.ts	124	GET	/family/permissions/pending
backend/src/modules/family/family.controller.ts	130	PUT	/family/permissions/respond/:requestId
backend/src/modules/feature-flags/feature-flags.controller.ts	14	GET	/feature-flags
backend/src/modules/feature-flags/feature-flags.controller.ts	25	GET	/feature-flags
backend/src/modules/feature-flags/feature-flags.controller.ts	31	POST	/feature-flags/:key
backend/src/modules/finance-engine/finance-engine.module.ts	869	POST	/finance-engine/coupons/validate
backend/src/modules/finance-engine/finance-engine.module.ts	881	POST	/finance-engine/loyalty/redeem-quote
backend/src/modules/finance-engine/finance-engine.module.ts	889	GET	/finance-engine/provider/balance
backend/src/modules/finance-engine/finance-engine.module.ts	911	GET	/finance-engine/reports/summary
backend/src/modules/finance-engine/finance-engine.module.ts	918	POST	/finance-engine/commission-rules
backend/src/modules/finance-engine/finance-engine.module.ts	923	GET	/finance-engine/commission-rules/history
backend/src/modules/finance-engine/finance-engine.module.ts	928	POST	/finance-engine/commission-rules/resolve
backend/src/modules/finance-engine/finance-engine.module.ts	936	GET	/finance-engine/approvals
backend/src/modules/finance-engine/finance-engine.module.ts	941	POST	/finance-engine/approvals/request
backend/src/modules/finance-engine/finance-engine.module.ts	946	POST	/finance-engine/approvals/:id/decide
backend/src/modules/finance-engine/finance-engine.module.ts	974	POST	/finance-engine/refunds/:id/execute
backend/src/modules/finance-engine/finance-engine.module.ts	1004	GET	/finance-engine/fraud/duplicate-payments/:bookingId
backend/src/modules/finance-engine/finance-engine.module.ts	1010	GET	/finance-engine/provider-balance/:providerId
backend/src/modules/health/health-dashboard.controller.ts	31	GET	/admin/health-dashboard
backend/src/modules/health/health.controller.ts	12	GET	/health/vitals
backend/src/modules/health/health.controller.ts	16	GET	/health/vitals/chart
backend/src/modules/health/health.controller.ts	19	GET	/health/vitals/recent
backend/src/modules/health/health.controller.ts	22	GET	/health/vitals/latest
backend/src/modules/health/health.controller.ts	25	GET	/health/vitals/summary
backend/src/modules/health/health.controller.ts	28	GET	/health/score
backend/src/modules/health/health.controller.ts	30	POST	/health/vitals
backend/src/modules/health/health.controller.ts	32	PATCH	/health/vitals/:id
backend/src/modules/health/health.controller.ts	34	DELETE	/health/vitals/:id
backend/src/modules/health/health.controller.ts	37	GET	/health/reminders
backend/src/modules/health/health.controller.ts	39	POST	/health/reminders
backend/src/modules/health/health.controller.ts	41	POST	/health/reminders/:id/log
backend/src/modules/health/health.controller.ts	45	POST	/health/reminders/:id/refill
backend/src/modules/health/health.controller.ts	47	POST	/health/reminders/:id/refill/snooze
backend/src/modules/health/health.controller.ts	49	POST	/health/reminders/:id/refill/cancel
backend/src/modules/health/health.controller.ts	51	PATCH	/health/reminders/:id
backend/src/modules/health/health.controller.ts	55	DELETE	/health/reminders/:id
backend/src/modules/health/health.controller.ts	58	GET	/health/sleep
backend/src/modules/health/health.controller.ts	62	POST	/health/sleep
backend/src/modules/health/health.controller.ts	68	GET	/health/reports
backend/src/modules/health/health.controller.ts	73	GET	/health/medications/reminders
backend/src/modules/health/health.controller.ts	78	GET	/health/prescriptions
backend/src/modules/health/health.controller.ts	83	GET	/health/emergency-contacts
backend/src/modules/health/health.controller.ts	88	POST	/health/emergency-contacts
backend/src/modules/health/health.controller.ts	93	DELETE	/health/emergency-contacts/:id
backend/src/modules/health/health.controller.ts	98	GET	/health/chronic-diseases
backend/src/modules/health/health.controller.ts	103	GET	/health/chronic-meds
backend/src/modules/health/health.controller.ts	108	GET	/health/trends
backend/src/modules/home-care-compat/home-care-compat.module.ts	33	GET	/home-care/services
backend/src/modules/home-care-compat/home-care-compat.module.ts	39	GET	/home-care/services/:id
backend/src/modules/home-care-compat/home-care-compat.module.ts	45	GET	/home-care/providers
backend/src/modules/home-care-compat/home-care-compat.module.ts	53	GET	/home-care/providers/:id
backend/src/modules/home-care-compat/home-care-compat.module.ts	74	POST	/home-care/bookings
backend/src/modules/home-care-compat/home-care-compat.module.ts	98	GET	/home-care/bookings/my
backend/src/modules/home-care-compat/home-care-compat.module.ts	104	GET	/home-care/bookings/nursing/all
backend/src/modules/home-care-compat/home-care-compat.module.ts	141	POST	/home-care/bookings/:id/respond
backend/src/modules/home-care-compat/home-care-compat.module.ts	151	POST	/home-care/bookings/:id/assign
backend/src/modules/home-care-compat/home-care-compat.module.ts	158	POST	/home-care/bookings/:id/check-in
backend/src/modules/home-care-compat/home-care-compat.module.ts	162	POST	/home-care/bookings/:id/gps
backend/src/modules/home-care-compat/home-care-compat.module.ts	170	POST	/home-care/bookings/:id/visit-report
backend/src/modules/home-care-compat/home-care-compat.module.ts	183	GET	/home-care/care-plans/:patientId
backend/src/modules/home-care-compat/home-care-compat.module.ts	189	POST	/home-care/care-plans/:patientId
backend/src/modules/home-care-compat/home-care-compat.module.ts	209	POST	/home-care/provider/availability
backend/src/modules/home-care-compat/home-care-compat.module.ts	215	POST	/home-care/inventory/request
backend/src/modules/home-care-compat/home-care-compat.module.ts	268	GET	/home-care/checklist
backend/src/modules/home-care-compat/home-care-compat.module.ts	271	GET	/home-care/supplies
backend/src/modules/home-care-compat/home-care-compat.module.ts	281	GET	/home-care/chats/provider
backend/src/modules/home-care-compat/home-care-compat.module.ts	285	GET	/home-care/chat/channels
backend/src/modules/home-care-compat/home-care-compat.module.ts	289	GET	/home-care/chats/:id/messages
backend/src/modules/home-care-compat/home-care-compat.module.ts	293	POST	/home-care/chats/:id/messages
backend/src/modules/home-care-compat/home-care-compat.module.ts	298	POST	/home-care/chat/messages/:threadId
backend/src/modules/home-care-compat/home-care-compat.module.ts	303	POST	/home-care/provider/chat/send
backend/src/modules/home-care/controllers/home-care-tracking.controller.ts	52	POST	/home-care/tracking/verify-attendance/:bookingId
backend/src/modules/home-care/controllers/home-care-tracking.controller.ts	91	POST	/home-care/tracking/submit-supplies-request
backend/src/modules/home-care/home-care.controller.ts	52	POST	/nursing/notes
backend/src/modules/home-care/home-care.controller.ts	80	GET	/nursing/notes/:patientId
backend/src/modules/home-care/home-care.controller.ts	93	GET	/nursing/catalog
backend/src/modules/home-care/home-care.controller.ts	99	POST	/nursing/admin/catalog
backend/src/modules/home-care/home-care.controller.ts	109	PUT	/nursing/admin/catalog/:id
backend/src/modules/home-care/home-care.controller.ts	120	DELETE	/nursing/admin/catalog/:id
backend/src/modules/home-care/home-care.controller.ts	130	GET	/nursing/visits
backend/src/modules/home-care/home-care.controller.ts	137	GET	/nursing/visits/:id
backend/src/modules/home-care/home-care.controller.ts	146	GET	/nursing/visits/:id/tracking
backend/src/modules/home-care/home-care.controller.ts	188	POST	/nursing/visits/:id/respond
backend/src/modules/home-care/home-care.controller.ts	206	POST	/nursing/visits/:id/transit
backend/src/modules/home-care/home-care.controller.ts	224	POST	/nursing/visits/:id/arrive
backend/src/modules/home-care/home-care.controller.ts	259	POST	/nursing/visits/:id/start-care
backend/src/modules/home-care/home-care.controller.ts	275	POST	/nursing/visits/:id/no-show
backend/src/modules/home-care/home-care.controller.ts	295	POST	/nursing/visits/:id/emergency-abort
backend/src/modules/home-care/home-care.controller.ts	312	POST	/nursing/visits/:id/complete
backend/src/modules/home-care/home-care.controller.ts	340	GET	/nursing/wallet
backend/src/modules/home/home.controller.ts	10	GET	/home/offers
backend/src/modules/home/home.controller.ts	15	GET	/home/upcoming-appointment
backend/src/modules/home/home.controller.ts	20	GET	/home/search
backend/src/modules/hospital-staff/hospital-staff.module.ts	117	GET	/hospital/staff
backend/src/modules/hospital-staff/hospital-staff.module.ts	118	POST	/hospital/staff
backend/src/modules/hospital-staff/hospital-staff.module.ts	119	PATCH	/hospital/staff/:id
backend/src/modules/hospital-staff/hospital-staff.module.ts	120	POST	/hospital/staff/:id/suspend
backend/src/modules/hospital-staff/hospital-staff.module.ts	121	POST	/hospital/staff/:id/reset-password
backend/src/modules/hospital-staff/hospital-staff.module.ts	122	DELETE	/hospital/staff/:id
backend/src/modules/hospital/controllers/hospital.controller.ts	10	POST	/hospital/branches
backend/src/modules/hospital/controllers/hospital.controller.ts	15	GET	/hospital/branches
backend/src/modules/hospital/controllers/hospital.controller.ts	20	POST	/hospital/departments
backend/src/modules/hospital/controllers/hospital.controller.ts	25	GET	/hospital/departments
backend/src/modules/hospital/controllers/hospital.controller.ts	30	POST	/hospital/staff
backend/src/modules/hospital/controllers/hospital.controller.ts	35	GET	/hospital/staff
backend/src/modules/hospital/controllers/hospital.controller.ts	40	POST	/hospital/doctors/onboard
backend/src/modules/hospital/controllers/hospital.controller.ts	45	GET	/hospital/appointments
backend/src/modules/hospital/controllers/hospital.controller.ts	53	PUT	/hospital/appointments/:id/status
backend/src/modules/hospital/controllers/hospital.controller.ts	58	GET	/hospital/wallet
backend/src/modules/hospital/controllers/hospital.controller.ts	66	POST	/hospital/invitations
backend/src/modules/hospital/controllers/hospital.controller.ts	71	GET	/hospital/invitations
backend/src/modules/hospital/controllers/hospital.controller.ts	76	GET	/hospital/invitations/inbox
backend/src/modules/hospital/controllers/hospital.controller.ts	81	POST	/hospital/invitations/:id/respond
backend/src/modules/i18n/i18n.controller.ts	13	GET	/i18n
backend/src/modules/i18n/i18n.controller.ts	19	GET	/i18n/all
backend/src/modules/insurance-engine/insurance-engine.module.ts	173	GET	/bookings/quote
backend/src/modules/insurance-engine/insurance-engine.module.ts	401	GET	/bookings/companies
backend/src/modules/insurance-engine/insurance-engine.module.ts	402	POST	/bookings/save-policy
backend/src/modules/insurance-engine/insurance-engine.module.ts	403	GET	/bookings/my-policy
backend/src/modules/insurance-engine/insurance-engine.module.ts	405	GET	/bookings/coverage-check
backend/src/modules/insurance-engine/insurance-engine.module.ts	417	GET	/bookings/benefits-summary
backend/src/modules/insurance-engine/insurance-engine.module.ts	422	POST	/bookings/requests
backend/src/modules/insurance-engine/insurance-engine.module.ts	423	GET	/bookings/requests/my
backend/src/modules/insurance-engine/insurance-engine.module.ts	424	GET	/bookings/requests/:id
backend/src/modules/insurance-engine/insurance-engine.module.ts	425	POST	/bookings/requests/:id/pay-copay
backend/src/modules/insurance-engine/insurance-engine.module.ts	426	POST	/bookings/requests/:id/cancel
backend/src/modules/insurance-engine/insurance-engine.module.ts	427	POST	/bookings/requests/:id/resubmit
backend/src/modules/insurance-engine/insurance-engine.module.ts	428	POST	/bookings/requests/:id/appeal
backend/src/modules/insurance-engine/insurance-engine.module.ts	431	GET	/bookings/requests/provider/queue
backend/src/modules/insurance-engine/insurance-engine.module.ts	432	POST	/bookings/requests/:id/decide
backend/src/modules/insurance-engine/insurance-engine.module.ts	435	POST	/bookings/payment-confirm
backend/src/modules/insurance-engine/insurance-engine.module.ts	440	GET	/bookings/claims/my
backend/src/modules/insurance-engine/insurance-engine.module.ts	449	POST	/bookings/patient/pay-copay
backend/src/modules/insurance-engine/insurance-engine.module.ts	453	POST	/bookings/home-care/insurance/verify
backend/src/modules/insurance-engine/insurance-engine.module.ts	528	POST	/bookings/request
backend/src/modules/insurance-engine/insurance-engine.module.ts	529	GET	/bookings/my
backend/src/modules/insurance-engine/insurance-engine.module.ts	530	GET	/bookings/policy-preview
backend/src/modules/insurance-engine/insurance-engine.module.ts	543	GET	/bookings/ledger/summary
backend/src/modules/insurance-engine/insurance-engine.module.ts	544	GET	/bookings/refunds/queue
backend/src/modules/insurance-engine/insurance-engine.module.ts	545	POST	/bookings/refunds/:id/decide
backend/src/modules/insurance-engine/insurance-engine.module.ts	554	GET	/bookings/requests
backend/src/modules/insurance-engine/insurance-engine.module.ts	555	GET	/bookings/stats
backend/src/modules/insurance-engine/insurance-engine.module.ts	563	POST	/bookings/ledger/accrue
backend/src/modules/insurance-engine/insurance-engine.module.ts	564	GET	/bookings/ledger/provider/summary
backend/src/modules/insurance/insurance.controller.ts	11	GET	/insurance/active
backend/src/modules/insurance/insurance.controller.ts	22	GET	/insurance/companies
backend/src/modules/insurance/insurance.module.ts	359	GET	/insurance/companies
backend/src/modules/insurance/insurance.module.ts	368	GET	/insurance/companies/all
backend/src/modules/insurance/insurance.module.ts	374	POST	/insurance/companies
backend/src/modules/insurance/insurance.module.ts	381	PATCH	/insurance/companies/:id
backend/src/modules/insurance/insurance.module.ts	393	DELETE	/insurance/companies/:companyId/networks/:networkId
backend/src/modules/insurance/insurance.module.ts	400	GET	/insurance/companies/:companyId/networks
backend/src/modules/insurance/insurance.module.ts	405	POST	/insurance/companies/:companyId/networks
backend/src/modules/insurance/insurance.module.ts	412	GET	/insurance/networks/:networkId/rules
backend/src/modules/insurance/insurance.module.ts	417	POST	/insurance/networks/:networkId/rules
backend/src/modules/insurance/insurance.module.ts	423	GET	/insurance/coverage-check
backend/src/modules/insurance/insurance.module.ts	440	POST	/insurance/ocr-extract
backend/src/modules/insurance/insurance.module.ts	445	POST	/insurance/upload-policy
backend/src/modules/insurance/insurance.module.ts	450	POST	/insurance/nphies/eligibility
backend/src/modules/insurance/insurance.module.ts	455	POST	/insurance/save-policy
backend/src/modules/insurance/insurance.module.ts	460	POST	/insurance/claims/submit
backend/src/modules/insurance/insurance.module.ts	465	GET	/insurance/claims
backend/src/modules/labs/controllers/labs-engine.controller.ts	14	GET	/labs/bookings/queue
backend/src/modules/labs/controllers/labs-engine.controller.ts	23	POST	/labs/bookings/:id/respond
backend/src/modules/labs/controllers/labs-engine.controller.ts	42	POST	/labs/bookings/collect-sample/:id
backend/src/modules/labs/controllers/labs-engine.controller.ts	70	POST	/labs/bookings/finalize-test/:id
backend/src/modules/labs/controllers/labs-engine.controller.ts	100	GET	/labs/bookings/catalog
backend/src/modules/labs/controllers/labs-engine.controller.ts	106	POST	/labs/bookings/catalog
backend/src/modules/labs/controllers/labs-engine.controller.ts	121	GET	/labs/bookings/wallet
backend/src/modules/labs/lab-results.controller.ts	11	POST	/lab-results
backend/src/modules/labs/lab-results.controller.ts	12	GET	/lab-results/mine
backend/src/modules/labs/lab-results.controller.ts	13	GET	/lab-results/by-booking/:bid
backend/src/modules/labs/lab-results.controller.ts	14	GET	/lab-results/:id
backend/src/modules/labs/labs.controller.ts	9	GET	/labs/services
backend/src/modules/labs/labs.controller.ts	29	GET	/labs/packages
backend/src/modules/labs/labs.controller.ts	32	GET	/labs/categories
backend/src/modules/labs/labs.controller.ts	35	GET	/labs/services/:id
backend/src/modules/labs/labs.controller.ts	38	POST	/labs/bookings
backend/src/modules/labs/labs.controller.ts	41	GET	/labs/bookings/mine
backend/src/modules/labs/labs.controller.ts	44	GET	/labs/bookings/:id
backend/src/modules/labs/labs.controller.ts	47	POST	/labs/bookings/:id/cancel
backend/src/modules/labs/labs.controller.ts	50	PATCH	/labs/bookings/:id/state
backend/src/modules/labs/labs.controller.ts	55	POST	/labs/bookings/:id/documents
backend/src/modules/labs/labs.controller.ts	60	PATCH	/labs/bookings/:id/insurance
backend/src/modules/labs/labs.controller.ts	65	PATCH	/labs/bookings/:id/items/:serviceId/opt-in-cash
backend/src/modules/labs/labs.controller.ts	70	GET	/labs/provider/inbox
backend/src/modules/labs/labs.controller.ts	75	POST	/labs/bookings/:id/assign-technician
backend/src/modules/labs/labs.controller.ts	80	POST	/labs/bookings/:id/upload-report
backend/src/modules/labs/labs.controller.ts	86	PATCH	/labs/bookings/:id/reschedule
backend/src/modules/labs/labs.controller.ts	91	POST	/labs/bookings/:id/gps
backend/src/modules/labs/labs.controller.ts	96	GET	/labs/bookings/:id/tracking
backend/src/modules/labs/labs.controller.ts	101	POST	/labs/bookings/:id/emergency
backend/src/modules/labs/labs.controller.ts	106	POST	/labs/bookings/:id/reassign
backend/src/modules/labs/labs.controller.ts	111	GET	/labs/admin/all
backend/src/modules/labs/labs.controller.ts	124	POST	/labs/samples/register
backend/src/modules/labs/labs.controller.ts	130	PATCH	/labs/samples/:id/stage
backend/src/modules/labs/labs.controller.ts	136	GET	/labs/samples
backend/src/modules/labs/labs.controller.ts	143	POST	/labs/admin/catalog
backend/src/modules/labs/labs.controller.ts	149	PUT	/labs/admin/catalog/:id
backend/src/modules/labs/labs.controller.ts	155	DELETE	/labs/admin/catalog/:id
backend/src/modules/labs/labs.controller.ts	162	PATCH	/labs/admin/bookings/:id/force-state
backend/src/modules/labs/labs.controller.ts	168	GET	/labs/packages/:id
backend/src/modules/labs/labs.controller.ts	173	GET	/labs/compatible-providers
backend/src/modules/legacy/legacy.module.ts	88	GET	/legacy/report
backend/src/modules/legacy/legacy.module.ts	89	GET	/legacy/usage-map
backend/src/modules/legal/legal-enterprise.controller.ts	28	GET	/legal/policy/:key/pdf
backend/src/modules/legal/legal-enterprise.controller.ts	44	GET	/legal/archive/:id/pdf
backend/src/modules/legal/legal-enterprise.controller.ts	56	GET	/legal/archive/:id/verify
backend/src/modules/legal/legal-enterprise.controller.ts	60	GET	/admin/finance/commission-history
backend/src/modules/legal/legal-enterprise.controller.ts	68	GET	/admin/audit-log
backend/src/modules/legal/legal-enterprise.controller.ts	76	GET	/provider/settlements
backend/src/modules/legal/legal-enterprise.controller.ts	82	GET	/provider/settlements/excel
backend/src/modules/legal/legal-enterprise.controller.ts	91	GET	/provider/settlements/pdf
backend/src/modules/legal/legal-enterprise.controller.ts	101	POST	/admin/providers/license-monitor/run
backend/src/modules/legal/legal-enterprise.controller.ts	107	GET	/provider/insurance-matrix
backend/src/modules/legal/legal-enterprise.controller.ts	111	PUT	/provider/insurance-matrix
backend/src/modules/legal/legal-enterprise.controller.ts	119	GET	/provider/sla
backend/src/modules/legal/legal-enterprise.controller.ts	126	GET	/consents
backend/src/modules/legal/legal-enterprise.controller.ts	130	PUT	/consents/:type
backend/src/modules/legal/legal-enterprise.controller.ts	141	GET	/admin/legal/policy/:key/diff
backend/src/modules/legal/legal.module.ts	161	GET	/legal/policies
backend/src/modules/legal/legal.module.ts	165	GET	/legal/policy/:key
backend/src/modules/legal/legal.module.ts	170	GET	/legal/pending
backend/src/modules/legal/legal.module.ts	174	POST	/legal/accept/:key
backend/src/modules/legal/legal.module.ts	180	PUT	/admin/legal/policy/:key
backend/src/modules/legal/legal.module.ts	187	GET	/admin/finance/commissions
backend/src/modules/legal/legal.module.ts	192	PUT	/admin/finance/commissions
backend/src/modules/legal/legal.module.ts	199	GET	/finance/commission-for
backend/src/modules/livekit/livekit.controller.ts	13	GET	/calls/provider/waiting-room
backend/src/modules/livekit/livekit.controller.ts	18	POST	/calls/provider/ping-patient
backend/src/modules/livekit/livekit.controller.ts	23	POST	/calls/provider/no-show
backend/src/modules/livekit/livekit.controller.ts	31	POST	/calls/webhook
backend/src/modules/livekit/livekit.controller.ts	37	POST	/calls/initiate
backend/src/modules/livekit/livekit.controller.ts	46	POST	/calls/:sessionId/join
backend/src/modules/livekit/livekit.controller.ts	51	POST	/calls/:sessionId/end
backend/src/modules/livekit/livekit.controller.ts	56	POST	/calls/:sessionId/reject
backend/src/modules/livekit/livekit.controller.ts	61	POST	/calls/:sessionId/metrics
backend/src/modules/livekit/livekit.controller.ts	70	GET	/calls/history
backend/src/modules/livekit/livekit.controller.ts	75	GET	/calls/sessions/:sessionId
backend/src/modules/livekit/livekit.controller.ts	81	GET	/calls/admin/rooms
backend/src/modules/livekit/livekit.controller.ts	87	GET	/calls/admin/analytics
backend/src/modules/livekit/livekit.controller.ts	93	GET	/calls/admin/rooms/:roomName/participants
backend/src/modules/livekit/livekit.controller.ts	99	POST	/calls/admin/rooms/:roomName/mute/:participantId
backend/src/modules/livekit/livekit.controller.ts	109	POST	/calls/admin/rooms/:roomName/remove/:participantId
backend/src/modules/loyalty/loyalty.controller.ts	13	GET	/loyalty/config
backend/src/modules/loyalty/loyalty.controller.ts	22	GET	/loyalty/account
backend/src/modules/loyalty/loyalty.controller.ts	28	GET	/loyalty/transactions
backend/src/modules/loyalty/loyalty.controller.ts	34	GET	/loyalty/leaderboard
backend/src/modules/loyalty/loyalty.controller.ts	40	GET	/loyalty/challenges
backend/src/modules/loyalty/loyalty.controller.ts	46	POST	/loyalty/challenges/:id/join
backend/src/modules/loyalty/loyalty.controller.ts	52	GET	/loyalty/rewards
backend/src/modules/loyalty/loyalty.controller.ts	58	POST	/loyalty/rewards/:id/claim
backend/src/modules/loyalty/loyalty.controller.ts	64	GET	/loyalty/rewards/claimed
backend/src/modules/maternity/maternity.controller.ts	12	GET	/maternity/profile
backend/src/modules/maternity/maternity.controller.ts	18	GET	/maternity/content
backend/src/modules/maternity/maternity.controller.ts	24	POST	/maternity/profile
backend/src/modules/maternity/maternity.controller.ts	31	POST	/maternity/kicks
backend/src/modules/maternity/maternity.controller.ts	38	POST	/maternity/contractions
backend/src/modules/maternity/maternity.controller.ts	45	PUT	/maternity/checkups/:week/toggle
backend/src/modules/maternity/maternity.controller.ts	52	POST	/maternity/infant-growth
backend/src/modules/media/media.controller.ts	16	POST	/media/upload
backend/src/modules/media/media.controller.ts	46	POST	/media/presigned
backend/src/modules/media/media.controller.ts	124	DELETE	/media/:key(*)
backend/src/modules/medical-profile/medical-profile.controller.ts	13	GET	/medical-profile
backend/src/modules/medical-profile/medical-profile.controller.ts	14	GET	/medical-profile/passport-token
backend/src/modules/medical-profile/medical-profile.controller.ts	20	PATCH	/medical-profile
backend/src/modules/medical-profile/medical-profile.controller.ts	22	POST	/medical-profile/chronic-diseases
backend/src/modules/medical-profile/medical-profile.controller.ts	23	DELETE	/medical-profile/chronic-diseases/:id
backend/src/modules/medical-profile/medical-profile.controller.ts	25	POST	/medical-profile/allergies
backend/src/modules/medical-profile/medical-profile.controller.ts	26	DELETE	/medical-profile/allergies/:id
backend/src/modules/medical-profile/medical-profile.controller.ts	28	POST	/medical-profile/surgeries
backend/src/modules/medical-profile/medical-profile.controller.ts	29	DELETE	/medical-profile/surgeries/:id
backend/src/modules/medical-profile/medical-profile.controller.ts	31	POST	/medical-profile/long-term-medications
backend/src/modules/medical-profile/medical-profile.controller.ts	32	DELETE	/medical-profile/long-term-medications/:id
backend/src/modules/medical-profile/medical-profile.controller.ts	35	GET	/medical-profile/provider/:patientId
backend/src/modules/medical-reports/medical-reports.controller.ts	16	GET	/medical-reports/timeline
backend/src/modules/medical-reports/medical-reports.controller.ts	36	GET	/medical-reports/mine
backend/src/modules/medical-reports/medical-reports.controller.ts	41	GET	/medical-reports/track/:trackingId
backend/src/modules/medical-reports/medical-reports.controller.ts	46	GET	/medical-reports/:id
backend/src/modules/medical-reports/medical-reports.controller.ts	49	POST	/medical-reports
backend/src/modules/medicines/medicines.controller.ts	12	GET	/medicines
backend/src/modules/medicines/medicines.controller.ts	45	GET	/medicines/autocomplete
backend/src/modules/medicines/medicines.controller.ts	51	POST	/medicines/lookup-barcode
backend/src/modules/medicines/medicines.controller.ts	57	GET	/medicines/by-barcode/:code
backend/src/modules/medicines/medicines.controller.ts	63	GET	/medicines/categories
backend/src/modules/medicines/medicines.controller.ts	69	GET	/medicines/filters
backend/src/modules/medicines/medicines.controller.ts	75	POST	/medicines/compare
backend/src/modules/medicines/medicines.controller.ts	85	GET	/medicines/hot
backend/src/modules/medicines/medicines.controller.ts	92	GET	/medicines/search/did-you-mean
backend/src/modules/medicines/medicines.controller.ts	99	GET	/medicines/search/trending
backend/src/modules/medicines/medicines.controller.ts	105	GET	/medicines/search/recent
backend/src/modules/medicines/medicines.controller.ts	111	POST	/medicines/admin/hot/regenerate
backend/src/modules/medicines/medicines.controller.ts	118	POST	/medicines/:id/report-shortage
backend/src/modules/medicines/medicines.controller.ts	124	GET	/medicines/admin/shortage-reports
backend/src/modules/medicines/medicines.controller.ts	131	POST	/medicines/admin/shortage-reports/:reportId/approve
backend/src/modules/medicines/medicines.controller.ts	138	POST	/medicines/admin/shortage-reports/:reportId/reject
backend/src/modules/medicines/medicines.controller.ts	145	POST	/medicines/admin/catalog/:id/clear-shortage-badge
backend/src/modules/medicines/medicines.controller.ts	152	POST	/medicines/admin/catalog/:id/availability
backend/src/modules/medicines/medicines.controller.ts	161	POST	/medicines/:id/suggest-image
backend/src/modules/medicines/medicines.controller.ts	167	GET	/medicines/admin/image-suggestions
backend/src/modules/medicines/medicines.controller.ts	174	POST	/medicines/admin/image-suggestions/:suggestionId/approve
backend/src/modules/medicines/medicines.controller.ts	181	POST	/medicines/admin/image-suggestions/:suggestionId/reject
backend/src/modules/medicines/medicines.controller.ts	189	POST	/medicines/:id/suggest-change
backend/src/modules/medicines/medicines.controller.ts	196	POST	/medicines/suggest-new-item
backend/src/modules/medicines/medicines.controller.ts	202	GET	/medicines/admin/change-requests
backend/src/modules/medicines/medicines.controller.ts	209	POST	/medicines/admin/change-requests/:requestId/approve
backend/src/modules/medicines/medicines.controller.ts	216	POST	/medicines/admin/change-requests/:requestId/reject
backend/src/modules/medicines/medicines.controller.ts	223	PATCH	/medicines/admin/catalog/:id
backend/src/modules/medicines/medicines.controller.ts	230	GET	/medicines/admin/catalog
backend/src/modules/medicines/medicines.controller.ts	247	POST	/medicines/admin/catalog
backend/src/modules/medicines/medicines.controller.ts	254	POST	/medicines/admin/catalog/:id/delete
backend/src/modules/medicines/medicines.controller.ts	261	GET	/medicines/admin/reports
backend/src/modules/medicines/medicines.controller.ts	268	GET	/medicines/me/recently-viewed
backend/src/modules/medicines/medicines.controller.ts	274	GET	/medicines/:id
backend/src/modules/medicines/medicines.controller.ts	280	GET	/medicines/:id/details
backend/src/modules/medicines/medicines.controller.ts	289	GET	/medicines/:id/alternatives
backend/src/modules/medicines/medicines.controller.ts	294	POST	/medicines/manual-entry
backend/src/modules/medicines/medicines.controller.ts	299	GET	/medicines/admin/pending-review
backend/src/modules/medicines/medicines.controller.ts	305	POST	/medicines/admin/catalog
backend/src/modules/medicines/medicines.controller.ts	311	DELETE	/medicines/admin/catalog/:id
backend/src/modules/medicines/medicines.controller.ts	317	POST	/medicines/:id/approve
backend/src/modules/medicines/medicines.controller.ts	323	POST	/medicines/:id/reject
backend/src/modules/medicines/medicines.controller.ts	329	PATCH	/medicines/:id
backend/src/modules/medicines/medicines.controller.ts	336	POST	/medicines/admin/import-json
backend/src/modules/medicines/medicines.controller.ts	342	POST	/medicines/admin/import-csv
backend/src/modules/mental-health/mental-health.controller.ts	25	POST	/mental-health/mood
backend/src/modules/mental-health/mental-health.controller.ts	33	GET	/mental-health/mood
backend/src/modules/mental-health/mental-health.controller.ts	44	GET	/mental-health/mood/stats
backend/src/modules/mental-health/mental-health.controller.ts	54	POST	/mental-health/meditation
backend/src/modules/mental-health/mental-health.controller.ts	62	GET	/mental-health/meditation
backend/src/modules/mental-health/mental-health.controller.ts	70	GET	/mental-health/meditation/stats
backend/src/modules/mental-health/mental-health.controller.ts	80	POST	/mental-health/breathing
backend/src/modules/mental-health/mental-health.controller.ts	88	GET	/mental-health/breathing
backend/src/modules/mental-health/mental-health.controller.ts	98	POST	/mental-health/assessment
backend/src/modules/mental-health/mental-health.controller.ts	106	GET	/mental-health/assessment
backend/src/modules/mental-health/mental-health.controller.ts	116	GET	/mental-health/crisis-contacts
backend/src/modules/mental-health/mental-health.controller.ts	124	POST	/mental-health/crisis-contacts
backend/src/modules/mental-health/mental-health.controller.ts	132	DELETE	/mental-health/crisis-contacts/:id
backend/src/modules/mental-health/mental-health.controller.ts	142	GET	/mental-health/dashboard
backend/src/modules/moyasar/moyasar.module.ts	379	POST	/moyasar/payments
backend/src/modules/moyasar/moyasar.module.ts	404	GET	/moyasar/payments/booking/:bookingId
backend/src/modules/moyasar/moyasar.module.ts	415	GET	/moyasar/payments/me
backend/src/modules/moyasar/moyasar.module.ts	422	GET	/moyasar/payments/sync/:moyasarId
backend/src/modules/moyasar/moyasar.module.ts	433	POST	/moyasar/payments/:moyasarId/refund
backend/src/modules/moyasar/moyasar.module.ts	445	POST	/moyasar/webhook
backend/src/modules/moyasar/moyasar.module.ts	457	GET	/moyasar/callback
backend/src/modules/nabd-extensions/nabd-extensions.controller.ts	16	PATCH	/notifications/:id/read
backend/src/modules/nabd-extensions/nabd-extensions.controller.ts	24	GET	/wallet/balance
backend/src/modules/nabd-extensions/nabd-extensions.controller.ts	30	POST	/wallet/credit
backend/src/modules/nabd-extensions/nabd-extensions.controller.ts	43	POST	/wallet/debit
backend/src/modules/nabd-extensions/nabd-extensions.controller.ts	56	POST	/referral/code
backend/src/modules/nabd-extensions/nabd-extensions.controller.ts	62	POST	/referral/claim
backend/src/modules/nabd-extensions/nabd-extensions.controller.ts	69	GET	/config/flags
backend/src/modules/nabd-extensions/nabd-extensions.controller.ts	74	PUT	/admin/config/flags
backend/src/modules/nabd-extensions/nabd-extensions.controller.ts	85	GET	/patients/timeline
backend/src/modules/nabd-extensions/nabd-extensions.controller.ts	90	GET	/patients/passport
backend/src/modules/nabd-extensions/nabd-extensions.controller.ts	95	POST	/medical/programs/enroll
backend/src/modules/nabd-extensions/nabd-extensions.controller.ts	101	GET	/medical/programs/active
backend/src/modules/nabd-extensions/nabd-extensions.controller.ts	106	POST	/medical/programs/complete-session
backend/src/modules/nabd-extensions/nabd-extensions.controller.ts	116	POST	/provider/match/pharmacy
backend/src/modules/nabd-extensions/nabd-extensions.controller.ts	121	POST	/provider/match/nurse
backend/src/modules/nabd-extensions/nabd-extensions.controller.ts	126	GET	/provider/rankings
backend/src/modules/nabd-extensions/nabd-extensions.controller.ts	132	GET	/provider/fraud-alerts
backend/src/modules/nabd-extensions/nabd-extensions.controller.ts	142	POST	/nursing/attendance/verify
backend/src/modules/nabd-extensions/nabd-extensions.controller.ts	147	GET	/nursing/visit/checklist
backend/src/modules/nabd-extensions/nabd-extensions.controller.ts	152	POST	/pharmacy/broadcast/respond
backend/src/modules/nabd-extensions/nabd-extensions.controller.ts	158	GET	/pharmacy/inventory/expiry
backend/src/modules/nabd-extensions/nabd-extensions.controller.ts	163	POST	/labs/samples/barcode-verify
backend/src/modules/nabd-extensions/nabd-extensions.controller.ts	169	POST	/labs/results/verify
backend/src/modules/nabd-extensions/nabd-extensions.controller.ts	178	GET	/admin/analytics/heatmaps
backend/src/modules/nabd-extensions/nabd-extensions.controller.ts	184	POST	/admin/ads/bid
backend/src/modules/nabd-extensions/nabd-extensions.controller.ts	190	POST	/corporate/enroll
backend/src/modules/notifications/notifications.controller.ts	12	GET	/notifications
backend/src/modules/notifications/notifications.controller.ts	22	POST	/notifications/register-token
backend/src/modules/notifications/notifications.controller.ts	36	POST	/notifications/:id/read
backend/src/modules/notifications/notifications.controller.ts	41	POST	/notifications/read-all
backend/src/modules/notifications/notifications.controller.ts	46	POST	/notifications/admin/send
backend/src/modules/notifications/notifications.controller.ts	53	POST	/notifications/admin/schedule
backend/src/modules/notifications/notifications.controller.ts	61	GET	/notifications/admin/delivery-stats
backend/src/modules/nutrition/nutrition.controller.ts	17	GET	/nutrition/profile
backend/src/modules/nutrition/nutrition.controller.ts	25	POST	/nutrition/profile
backend/src/modules/nutrition/nutrition.controller.ts	35	POST	/nutrition/meals
backend/src/modules/nutrition/nutrition.controller.ts	43	GET	/nutrition/meals
backend/src/modules/nutrition/nutrition.controller.ts	53	GET	/nutrition/daily-summary
backend/src/modules/nutrition/nutrition.controller.ts	63	POST	/nutrition/water
backend/src/modules/nutrition/nutrition.controller.ts	71	GET	/nutrition/water
backend/src/modules/nutrition/nutrition.controller.ts	81	POST	/nutrition/exercise
backend/src/modules/nutrition/nutrition.controller.ts	89	GET	/nutrition/exercise
backend/src/modules/nutrition/nutrition.controller.ts	99	GET	/nutrition/weekly-report
backend/src/modules/operations-safety/operations-safety.module.ts	142	GET	/ops/sla
backend/src/modules/operations-safety/operations-safety.module.ts	143	POST	/ops/escalate
backend/src/modules/operations-safety/operations-safety.module.ts	144	POST	/ops/penalty/assess
backend/src/modules/operations-safety/operations-safety.module.ts	145	POST	/ops/fallback
backend/src/modules/operations-safety/operations-safety.module.ts	146	GET	/ops/penalties
backend/src/modules/ops/ops.controller.ts	39	GET	/admin/ops/overview
backend/src/modules/ops/ops.controller.ts	119	GET	/admin/ops/requests
backend/src/modules/ops/ops.controller.ts	162	GET	/admin/ops/traffic
backend/src/modules/orders/orders.controller.ts	13	POST	/orders/create
backend/src/modules/orders/orders.controller.ts	20	GET	/orders/mine
backend/src/modules/orders/orders.controller.ts	25	POST	/orders/:id/reorder
backend/src/modules/orders/orders.controller.ts	30	POST	/orders/:id/reorder-partial
backend/src/modules/orders/orders.controller.ts	35	POST	/orders/:id/cancel
backend/src/modules/orders/orders.controller.ts	41	POST	/orders/:id/approve-basket
backend/src/modules/orders/orders.controller.ts	45	POST	/orders/:id/reject-basket
backend/src/modules/orders/orders.controller.ts	51	GET	/orders/pharmacy/queue
backend/src/modules/orders/orders.controller.ts	57	GET	/orders/:id
backend/src/modules/orders/orders.controller.ts	62	GET	/orders/:id/report.pdf
backend/src/modules/orders/orders.controller.ts	70	GET	/orders/:id/tracking
backend/src/modules/orders/orders.controller.ts	75	PATCH	/orders/:id/items/:itemId/opt-in-cash
backend/src/modules/orders/orders.controller.ts	82	PATCH	/orders/:id/insurance-approval
backend/src/modules/orders/orders.controller.ts	88	POST	/orders/:id/accept
backend/src/modules/orders/orders.controller.ts	94	POST	/orders/:id/reject
backend/src/modules/orders/orders.controller.ts	100	POST	/orders/:id/preparing
backend/src/modules/orders/orders.controller.ts	106	POST	/orders/:id/ready
backend/src/modules/orders/orders.controller.ts	112	POST	/orders/:id/partial
backend/src/modules/orders/orders.controller.ts	119	POST	/orders/:id/assign-delivery
backend/src/modules/orders/orders.controller.ts	125	POST	/orders/:id/delivery/update
backend/src/modules/orders/orders.controller.ts	131	POST	/orders/:id/dispatch
backend/src/modules/orders/orders.controller.ts	137	POST	/orders/:id/delivered
backend/src/modules/orders/orders.controller.ts	144	GET	/orders
backend/src/modules/orders/orders.controller.ts	150	GET	/orders/admin/escalated
backend/src/modules/orders/orders.controller.ts	156	POST	/orders/:id/admin/transition
backend/src/modules/orders/orders.controller.ts	162	POST	/orders/bids/place
backend/src/modules/orders/orders.controller.ts	168	POST	/orders/bids/:id/accept
backend/src/modules/orders/orders.controller.ts	173	GET	/orders/bids/request/:id
backend/src/modules/orders/orders.controller.ts	178	GET	/orders/bids/pharmacy/mine
backend/src/modules/patient-ux/patient-ux.module.ts	148	POST	/patient-ux/review
backend/src/modules/patient-ux/patient-ux.module.ts	149	POST	/patient-ux/refund
backend/src/modules/patient-ux/patient-ux.module.ts	150	GET	/patient-ux/refund/mine
backend/src/modules/patient-ux/patient-ux.module.ts	151	POST	/patient-ux/rebook
backend/src/modules/patient-ux/patient-ux.module.ts	160	GET	/patient-ux
backend/src/modules/patient-ux/patient-ux.module.ts	161	GET	/patient-ux/pending
backend/src/modules/patient-ux/patient-ux.module.ts	162	POST	/patient-ux/:id/decide
backend/src/modules/patient-ux/patient-ux.module.ts	277	POST	/patient-ux/cancel
backend/src/modules/patient-ux/patient-ux.module.ts	282	POST	/patient-ux/transition
backend/src/modules/patient-ux/patient-ux.module.ts	287	POST	/patient-ux/payment
backend/src/modules/payments/payments.module.ts	323	POST	/payments/intent/:type/:id
backend/src/modules/payments/payments.module.ts	324	POST	/payments/verify/:txn
backend/src/modules/payments/payments.module.ts	325	POST	/payments/retry/:type/:id
backend/src/modules/payments/payments.module.ts	326	POST	/payments/refund/:txn
backend/src/modules/payments/payments.module.ts	327	POST	/payments/capture/:txn
backend/src/modules/payments/payments.module.ts	328	GET	/payments/booking/:type/:id
backend/src/modules/payments/payments.module.ts	335	POST	/payments/:provider
backend/src/modules/payments/paymob.controller.ts	14	GET	/payments/paymob/methods
backend/src/modules/payments/paymob.controller.ts	19	POST	/payments/paymob/initiate
backend/src/modules/payments/paymob.controller.ts	25	POST	/payments/paymob/verify
backend/src/modules/payouts/provider-payouts.controller.ts	34	POST	/provider/payouts/request
backend/src/modules/payouts/provider-payouts.controller.ts	85	GET	/provider/payouts/mine
backend/src/modules/payouts/provider-payouts.controller.ts	91	GET	/provider/payouts/balance
backend/src/modules/pharmacy/controllers/admin-procurement.controller.ts	26	GET	/admin/procurement
backend/src/modules/pharmacy/controllers/admin-procurement.controller.ts	32	GET	/admin/procurement/summary
backend/src/modules/pharmacy/controllers/admin-procurement.controller.ts	38	GET	/admin/procurement/:id/export
backend/src/modules/pharmacy/controllers/admin-procurement.controller.ts	47	GET	/admin/procurement/:id
backend/src/modules/pharmacy/controllers/admin-procurement.controller.ts	53	PATCH	/admin/procurement/:id/review
backend/src/modules/pharmacy/controllers/admin-procurement.controller.ts	59	POST	/admin/procurement/:id/quotation
backend/src/modules/pharmacy/controllers/admin-procurement.controller.ts	70	GET	/admin/procurement/:id/quotation
backend/src/modules/pharmacy/controllers/admin-procurement.controller.ts	76	PATCH	/admin/procurement/:id/cancel
backend/src/modules/pharmacy/controllers/admin-procurement.controller.ts	82	PATCH	/admin/procurement/:id/complete
backend/src/modules/pharmacy/controllers/procurement.controller.ts	29	POST	/pharmacy/procurement/submit-request
backend/src/modules/pharmacy/controllers/procurement.controller.ts	53	GET	/pharmacy/procurement/my-requests
backend/src/modules/pharmacy/controllers/procurement.controller.ts	61	POST	/pharmacy/procurement/:id/feedback
backend/src/modules/pharmacy/controllers/procurement.controller.ts	75	POST	/pharmacy/procurement/analyze-file
backend/src/modules/pharmacy/patient-pharmacy.controller.ts	10	GET	/patient/pharmacy/shortage-flags/lookup
backend/src/modules/pharmacy/pharmacy.controllers.ts	23	POST	/patient/pharmacy/orders
backend/src/modules/pharmacy/pharmacy.controllers.ts	24	GET	/patient/pharmacy/orders
backend/src/modules/pharmacy/pharmacy.controllers.ts	25	GET	/patient/pharmacy/orders/:id
backend/src/modules/pharmacy/pharmacy.controllers.ts	26	PATCH	/patient/pharmacy/orders/:id
backend/src/modules/pharmacy/pharmacy.controllers.ts	27	POST	/patient/pharmacy/orders/:id/submit
backend/src/modules/pharmacy/pharmacy.controllers.ts	28	POST	/patient/pharmacy/orders/:id/cancel
backend/src/modules/pharmacy/pharmacy.controllers.ts	43	GET	/patient/pharmacy/allocations
backend/src/modules/pharmacy/pharmacy.controllers.ts	47	GET	/patient/pharmacy/allocations/:id
backend/src/modules/pharmacy/pharmacy.controllers.ts	51	POST	/patient/pharmacy/allocations/:id/items/:itemId
backend/src/modules/pharmacy/pharmacy.controllers.ts	54	POST	/patient/pharmacy/allocations/:id/confirm
backend/src/modules/pharmacy/pharmacy.controllers.ts	55	POST	/patient/pharmacy/allocations/:id/preparing
backend/src/modules/pharmacy/pharmacy.controllers.ts	56	POST	/patient/pharmacy/allocations/:id/ready
backend/src/modules/pharmacy/pharmacy.controllers.ts	57	POST	/patient/pharmacy/allocations/:id/out-for-delivery
backend/src/modules/pharmacy/pharmacy.controllers.ts	58	POST	/patient/pharmacy/allocations/:id/delivered
backend/src/modules/pharmacy/pharmacy.controllers.ts	59	POST	/patient/pharmacy/allocations/:id/insurance
backend/src/modules/pharmacy/pharmacy.controllers.ts	60	POST	/patient/pharmacy/allocations/:id/cancel
backend/src/modules/pharmacy/pharmacy.controllers.ts	65	POST	/patient/pharmacy/orders/:id/accept
backend/src/modules/pharmacy/pharmacy.controllers.ts	70	POST	/patient/pharmacy/orders/:id/submit-basket
backend/src/modules/pharmacy/pharmacy.controllers.ts	75	POST	/patient/pharmacy/orders/:id/insurance
backend/src/modules/pharmacy/pharmacy.controllers.ts	80	POST	/patient/pharmacy/orders/:id/preparing
backend/src/modules/pharmacy/pharmacy.controllers.ts	85	POST	/patient/pharmacy/orders/:id/ready
backend/src/modules/pharmacy/pharmacy.controllers.ts	90	POST	/patient/pharmacy/orders/:id/dispatch
backend/src/modules/pharmacy/pharmacy.controllers.ts	103	GET	/patient/pharmacy/search
backend/src/modules/pharmacy/pharmacy.controllers.ts	104	POST	/patient/pharmacy/:id/restock
backend/src/modules/pharmacy/pharmacy.controllers.ts	105	GET	/patient/pharmacy/low-stock-alerts
backend/src/modules/pharmacy/pharmacy.controllers.ts	106	POST	/patient/pharmacy/low-stock-alerts/:id/ack
backend/src/modules/pharmacy/pharmacy.controllers.ts	128	POST	/patient/pharmacy/seed
backend/src/modules/pharmacy/pharmacy.controllers.ts	129	POST	/patient/pharmacy/seed/sample-order
backend/src/modules/pharmacy/pharmacy.controllers.ts	130	POST	/patient/pharmacy/split/:orderId
backend/src/modules/pharmacy/pharmacy.controllers.ts	135	POST	/patient/pharmacy/expire-stale-allocations
backend/src/modules/pharmacy/pharmacy.controllers.ts	145	GET	/patient/pharmacy
backend/src/modules/pharmacy/pharmacy.controllers.ts	146	GET	/patient/pharmacy/:id
backend/src/modules/pharmacy/pharmacy.controllers.ts	147	POST	/patient/pharmacy/:orderId/i-have-all
backend/src/modules/pharmacy/pharmacy.controllers.ts	148	POST	/patient/pharmacy/:orderId/i-have-partial
backend/src/modules/pharmacy/pharmacy.controllers.ts	149	POST	/patient/pharmacy/:orderId/reject
backend/src/modules/pharmacy/pharmacy.controllers.ts	157	POST	/patient/pharmacy/:orderId/advance
backend/src/modules/pharmacy/pharmacy.controllers.ts	158	POST	/patient/pharmacy/:orderId/fallback-split
backend/src/modules/pharmacy/pharmacy.controllers.ts	159	POST	/patient/pharmacy/expire-stale
backend/src/modules/pharmacy/pharmacy.controllers.ts	166	GET	/patient/pharmacy/threads
backend/src/modules/pharmacy/pharmacy.controllers.ts	167	GET	/patient/pharmacy/threads/:id/messages
backend/src/modules/pharmacy/pharmacy.controllers.ts	168	POST	/patient/pharmacy/threads/:id/messages
backend/src/modules/pharmacy/pharmacy.controllers.ts	169	POST	/patient/pharmacy/threads/:id/accept-substitute/:msgId
backend/src/modules/pharmacy/pharmacy.controllers.ts	170	POST	/patient/pharmacy/threads/:id/reject
backend/src/modules/pharmacy/pharmacy.controllers.ts	171	POST	/patient/pharmacy/threads/:id/remove-item
backend/src/modules/pharmacy/pharmacy.controllers.ts	179	POST	/patient/pharmacy/sweep-auto-close
backend/src/modules/pharmacy/pharmacy.controllers.ts	186	POST	/patient/pharmacy
backend/src/modules/pharmacy/pharmacy.controllers.ts	187	GET	/patient/pharmacy
backend/src/modules/pharmacy/pharmacy.controllers.ts	195	POST	/patient/pharmacy
backend/src/modules/pharmacy/pharmacy.controllers.ts	196	GET	/patient/pharmacy
backend/src/modules/pharmacy/pharmacy.controllers.ts	197	GET	/patient/pharmacy/dashboard
backend/src/modules/pharmacy/pharmacy.controllers.ts	198	POST	/patient/pharmacy/:id/mark
backend/src/modules/pharmacy/pharmacy.controllers.ts	199	POST	/patient/pharmacy/:id/approve
backend/src/modules/pharmacy/pharmacy.controllers.ts	200	POST	/patient/pharmacy/:id/reject
backend/src/modules/pharmacy/pharmacy.controllers.ts	201	POST	/patient/pharmacy/:id/resolve
backend/src/modules/pharmacy/pharmacy.controllers.ts	209	GET	/patient/pharmacy/lookup
backend/src/modules/pharmacy_ops/pharmacy_ops.controller.ts	14	GET	/pharmacy/prescriptions/:rxNumber
backend/src/modules/pharmacy_ops/pharmacy_ops.controller.ts	26	POST	/pharmacy/reports/eod
backend/src/modules/pharmacy_ops/pharmacy_ops.controller.ts	42	GET	/pharmacy/orders/incoming
backend/src/modules/pharmacy_ops/pharmacy_ops.controller.ts	43	GET	/pharmacy/orders/preparing
backend/src/modules/pharmacy_ops/pharmacy_ops.controller.ts	44	GET	/pharmacy/orders/ready
backend/src/modules/pharmacy_ops/pharmacy_ops.controller.ts	45	GET	/pharmacy/orders/completed
backend/src/modules/pharmacy_ops/pharmacy_ops.controller.ts	46	GET	/pharmacy/orders/basket-review
backend/src/modules/pharmacy_ops/pharmacy_ops.controller.ts	47	GET	/pharmacy/orders/awaiting-approval
backend/src/modules/pharmacy_ops/pharmacy_ops.controller.ts	48	GET	/pharmacy/orders/refills
backend/src/modules/pharmacy_ops/pharmacy_ops.controller.ts	51	POST	/pharmacy/orders/:id/accept
backend/src/modules/pharmacy_ops/pharmacy_ops.controller.ts	52	POST	/pharmacy/orders/:id/reject
backend/src/modules/pharmacy_ops/pharmacy_ops.controller.ts	53	POST	/pharmacy/orders/:id/preparing
backend/src/modules/pharmacy_ops/pharmacy_ops.controller.ts	54	POST	/pharmacy/orders/:id/ready
backend/src/modules/pharmacy_ops/pharmacy_ops.controller.ts	55	POST	/pharmacy/orders/:id/partial
backend/src/modules/pharmacy_ops/pharmacy_ops.controller.ts	58	GET	/pharmacy/inventory
backend/src/modules/pharmacy_ops/pharmacy_ops.controller.ts	59	POST	/pharmacy/inventory/stock
backend/src/modules/pharmacy_ops/pharmacy_ops.controller.ts	60	POST	/pharmacy/inventory/add
backend/src/modules/pharmacy_ops/pharmacy_ops.controller.ts	63	GET	/pharmacy/orders/:id
backend/src/modules/pharmacy_ops/pharmacy_ops.controller.ts	64	POST	/pharmacy/orders/:id/items/:idx/unavailable
backend/src/modules/pharmacy_ops/pharmacy_ops.controller.ts	65	POST	/pharmacy/orders/:id/items/:idx/restore
backend/src/modules/pharmacy_ops/pharmacy_ops.controller.ts	66	POST	/pharmacy/orders/:id/items/:idx/qty
backend/src/modules/pharmacy_ops/pharmacy_ops.controller.ts	67	POST	/pharmacy/orders/:id/items/:idx/substitute
backend/src/modules/pharmacy_ops/pharmacy_ops.controller.ts	70	POST	/pharmacy/orders/:id/submit-basket
backend/src/modules/pharmacy_ops/pharmacy_ops.controller.ts	73	POST	/pharmacy/orders/:id/insurance
backend/src/modules/pharmacy_ops/pharmacy_ops.controller.ts	88	POST	/pharmacy/orders/:id/accept
backend/src/modules/pharmacy_ops/pharmacy_ops.controller.ts	89	POST	/pharmacy/orders/:id/submit-basket
backend/src/modules/pharmacy_ops/pharmacy_ops.controller.ts	90	POST	/pharmacy/orders/:id/insurance
backend/src/modules/pharmacy_ops/pharmacy_ops.controller.ts	93	POST	/pharmacy/orders/:id/dispatch
backend/src/modules/prescriptions/prescriptions.controller.ts	11	POST	/prescriptions/create
backend/src/modules/prescriptions/prescriptions.controller.ts	17	POST	/prescriptions/upload
backend/src/modules/prescriptions/prescriptions.controller.ts	22	POST	/prescriptions/manual-entry
backend/src/modules/prescriptions/prescriptions.controller.ts	28	POST	/prescriptions/:id/send
backend/src/modules/prescriptions/prescriptions.controller.ts	34	POST	/prescriptions/:id/transition
backend/src/modules/prescriptions/prescriptions.controller.ts	39	POST	/prescriptions/:id/substitute
backend/src/modules/prescriptions/prescriptions.controller.ts	45	GET	/prescriptions/active
backend/src/modules/prescriptions/prescriptions.controller.ts	48	GET	/prescriptions/mine
backend/src/modules/prescriptions/prescriptions.controller.ts	53	GET	/prescriptions/doctor/mine
backend/src/modules/prescriptions/prescriptions.controller.ts	59	GET	/prescriptions/pharmacy/queue
backend/src/modules/prescriptions/prescriptions.controller.ts	65	GET	/prescriptions/:id
backend/src/modules/provider-jobs/provider-jobs.module.ts	258	GET	/provider/jobs/queue
backend/src/modules/provider-jobs/provider-jobs.module.ts	259	GET	/provider/jobs/my-capabilities
backend/src/modules/provider-jobs/provider-jobs.module.ts	263	POST	/provider/jobs/:type/:id/accept
backend/src/modules/provider-jobs/provider-jobs.module.ts	264	POST	/provider/jobs/:type/:id/reject
backend/src/modules/provider-jobs/provider-jobs.module.ts	265	POST	/provider/jobs/:type/:id/start
backend/src/modules/provider-jobs/provider-jobs.module.ts	266	POST	/provider/jobs/:type/:id/complete
backend/src/modules/provider-jobs/provider-jobs.module.ts	267	POST	/provider/jobs/:type/:id/insurance
backend/src/modules/provider-onboarding/provider-onboarding.module.ts	435	POST	/provider-onboarding/start
backend/src/modules/provider-onboarding/provider-onboarding.module.ts	438	GET	/provider-onboarding/my-profile
backend/src/modules/provider-onboarding/provider-onboarding.module.ts	441	POST	/provider-onboarding/step2
backend/src/modules/provider-onboarding/provider-onboarding.module.ts	444	POST	/provider-onboarding/step3
backend/src/modules/provider-onboarding/provider-onboarding.module.ts	447	POST	/provider-onboarding/submit
backend/src/modules/provider-onboarding/provider-onboarding.module.ts	450	GET	/provider-onboarding/progress
backend/src/modules/provider-onboarding/provider-onboarding.module.ts	454	GET	/provider-onboarding/contract
backend/src/modules/provider-onboarding/provider-onboarding.module.ts	461	GET	/provider-onboarding/admin/contracts/:id
backend/src/modules/provider-onboarding/provider-onboarding.module.ts	469	POST	/provider-onboarding/admin/contracts/:id/visibility
backend/src/modules/provider-onboarding/provider-onboarding.module.ts	480	GET	/provider-onboarding/providers
backend/src/modules/provider-ops/provider-ops.module.ts	497	POST	/provider/ops/doctor/leave
backend/src/modules/provider-ops/provider-ops.module.ts	498	GET	/provider/ops/doctor/leave
backend/src/modules/provider-ops/provider-ops.module.ts	499	DELETE	/provider/ops/doctor/leave/:id
backend/src/modules/provider-ops/provider-ops.module.ts	502	POST	/provider/ops/doctor/templates
backend/src/modules/provider-ops/provider-ops.module.ts	503	GET	/provider/ops/doctor/templates
backend/src/modules/provider-ops/provider-ops.module.ts	504	DELETE	/provider/ops/doctor/templates/:id
backend/src/modules/provider-ops/provider-ops.module.ts	505	POST	/provider/ops/doctor/diagnoses
backend/src/modules/provider-ops/provider-ops.module.ts	506	GET	/provider/ops/doctor/diagnoses
backend/src/modules/provider-ops/provider-ops.module.ts	507	POST	/provider/ops/doctor/blacklist/:patientId
backend/src/modules/provider-ops/provider-ops.module.ts	508	DELETE	/provider/ops/doctor/blacklist/:patientId
backend/src/modules/provider-ops/provider-ops.module.ts	509	GET	/provider/ops/doctor/blacklist
backend/src/modules/provider-ops/provider-ops.module.ts	510	GET	/provider/ops/doctor/patient-crm/:patientId
backend/src/modules/provider-ops/provider-ops.module.ts	511	PUT	/provider/ops/doctor/patient-crm/:patientId
backend/src/modules/provider-ops/provider-ops.module.ts	514	POST	/provider/ops/lab/bookings/:id/qc/:action
backend/src/modules/provider-ops/provider-ops.module.ts	517	POST	/provider/ops/nursing/bookings/:id/checklist/:phase
backend/src/modules/provider-ops/provider-ops.module.ts	518	POST	/provider/ops/nursing/bookings/:id/sign
backend/src/modules/provider-ops/provider-ops.module.ts	519	POST	/provider/ops/nursing/bookings/:id/track
backend/src/modules/provider-ops/provider-ops.module.ts	520	POST	/provider/ops/nursing/bookings/:id/escalate
backend/src/modules/provider-ops/provider-ops.module.ts	523	GET	/provider/ops/ambulance/:id/eta
backend/src/modules/provider-ops/provider-ops.module.ts	524	POST	/provider/ops/ambulance/:id/handover
backend/src/modules/provider-ops/provider-ops.module.ts	525	POST	/provider/ops/ambulance/:id/complete
backend/src/modules/provider-ops/provider-ops.module.ts	528	GET	/provider/ops/invoice/:orderId/pdf
backend/src/modules/provider-ops/provider-ops.module.ts	534	GET	/provider/ops/wallet/ledger
backend/src/modules/provider-ops/provider-ops.module.ts	545	GET	/provider/ops/wallet
backend/src/modules/provider-ops/provider-ops.module.ts	550	GET	/provider/ops/wallet/transactions
backend/src/modules/provider-ops/provider-ops.module.ts	562	GET	/provider/ops/stats/today
backend/src/modules/provider-ops/provider-ops.module.ts	567	GET	/provider/ops/reviews
backend/src/modules/provider-ops/provider-ops.module.ts	571	POST	/provider/ops/reviews/:id/reply
backend/src/modules/provider-ops/provider-ops.module.ts	576	GET	/provider/ops/working-hours
backend/src/modules/provider-ops/provider-ops.module.ts	579	PUT	/provider/ops/working-hours
backend/src/modules/provider-ops/provider-ops.module.ts	584	GET	/provider/ops/schedule/settings
backend/src/modules/provider-ops/provider-ops.module.ts	587	POST	/provider/ops/schedule/settings
backend/src/modules/provider-ops/provider-ops.module.ts	592	POST	/provider/ops/consultation/end
backend/src/modules/provider/leave-requests.controller.ts	14	GET	/provider/leave-requests
backend/src/modules/provider/leave-requests.controller.ts	23	POST	/provider/leave-requests
backend/src/modules/provider/leave-requests.controller.ts	48	POST	/provider/leave-requests/action
backend/src/modules/provider/provider.controllers.ts	27	POST	/provider/auth/register
backend/src/modules/provider/provider.controllers.ts	29	POST	/provider/auth/login
backend/src/modules/provider/provider.controllers.ts	31	POST	/provider/auth/refresh
backend/src/modules/provider/provider.controllers.ts	33	POST	/provider/auth/logout
backend/src/modules/provider/provider.controllers.ts	35	POST	/provider/auth/send-otp
backend/src/modules/provider/provider.controllers.ts	40	POST	/provider/auth/verify-email
backend/src/modules/provider/provider.controllers.ts	42	POST	/provider/auth/forgot-password
backend/src/modules/provider/provider.controllers.ts	44	POST	/provider/auth/verify-reset-code
backend/src/modules/provider/provider.controllers.ts	46	POST	/provider/auth/reset-password
backend/src/modules/provider/provider.controllers.ts	48	GET	/provider/auth/me
backend/src/modules/provider/provider.controllers.ts	58	GET	/provider/auth/profile
backend/src/modules/provider/provider.controllers.ts	59	PATCH	/provider/auth/profile
backend/src/modules/provider/provider.controllers.ts	60	POST	/provider/auth/profile/phones
backend/src/modules/provider/provider.controllers.ts	61	DELETE	/provider/auth/profile/phones/:phone_id
backend/src/modules/provider/provider.controllers.ts	63	POST	/provider/auth/kyc/documents
backend/src/modules/provider/provider.controllers.ts	64	GET	/provider/auth/kyc/documents
backend/src/modules/provider/provider.controllers.ts	66	GET	/provider/auth/directory
backend/src/modules/provider/provider.controllers.ts	68	POST	/provider/auth/bank-account
backend/src/modules/provider/provider.controllers.ts	69	GET	/provider/auth/bank-account
backend/src/modules/provider/provider.controllers.ts	70	GET	/provider/auth/banks
backend/src/modules/provider/provider.controllers.ts	72	POST	/provider/auth/profile/image/upload
backend/src/modules/provider/provider.controllers.ts	83	GET	/provider/auth/profile/image/status
backend/src/modules/provider/provider.controllers.ts	88	POST	/provider/auth/onboarding/submit
backend/src/modules/provider/provider.controllers.ts	90	POST	/provider/auth/settings/delta
backend/src/modules/provider/provider.controllers.ts	99	GET	/provider/auth
backend/src/modules/provider/provider.controllers.ts	100	POST	/provider/auth/invite
backend/src/modules/provider/provider.controllers.ts	101	POST	/provider/auth/accept-invite
backend/src/modules/provider/provider.controllers.ts	102	PATCH	/provider/auth/:id
backend/src/modules/provider/provider.controllers.ts	103	POST	/provider/auth/:id/disable
backend/src/modules/provider/provider.controllers.ts	104	POST	/provider/auth/:id/enable
backend/src/modules/provider/provider.controllers.ts	105	DELETE	/provider/auth/:id
backend/src/modules/provider/provider.controllers.ts	114	GET	/provider/auth
backend/src/modules/provider/provider.controllers.ts	117	GET	/provider/auth/by-user/:userId
backend/src/modules/provider/provider.controllers.ts	118	GET	/provider/auth/:id
backend/src/modules/provider/provider.controllers.ts	119	POST	/provider/auth/:id/approve
backend/src/modules/provider/provider.controllers.ts	120	POST	/provider/auth/:id/reject
backend/src/modules/provider/provider.controllers.ts	122	POST	/provider/auth/:id/reprocess-image
backend/src/modules/provider/provider.controllers.ts	127	POST	/provider/auth/:id/replace-image
backend/src/modules/provider/provider.controllers.ts	132	POST	/provider/auth/:id/retry-image-jobs
backend/src/modules/provider/provider.controllers.ts	137	GET	/provider/auth/:id/image-logs
backend/src/modules/provider/provider.controllers.ts	141	POST	/provider/auth/:id/request-changes
backend/src/modules/provider/provider.controllers.ts	142	POST	/provider/auth/:id/suspend
backend/src/modules/provider/provider.controllers.ts	164	GET	/provider/auth
backend/src/modules/provider/provider.controllers.ts	165	GET	/provider/auth/:id
backend/src/modules/provider/provider.controllers.ts	166	POST	/provider/auth/:id/accept
backend/src/modules/provider/provider.controllers.ts	167	POST	/provider/auth/:id/reject
backend/src/modules/provider/provider.controllers.ts	168	POST	/provider/auth/:id/start
backend/src/modules/provider/provider.controllers.ts	169	POST	/provider/auth/:id/complete
backend/src/modules/provider/provider.controllers.ts	170	POST	/provider/auth/:id/cancel
backend/src/modules/provider/provider.controllers.ts	171	POST	/provider/auth/:id/assign-staff
backend/src/modules/provider/provider.controllers.ts	173	GET	/provider/auth/:id/orders
backend/src/modules/provider/provider.controllers.ts	183	POST	/provider/auth/:id/end
backend/src/modules/provider/provider.controllers.ts	240	POST	/provider/auth/:id/insurance-copay
backend/src/modules/provider/provider.controllers.ts	306	POST	/provider/auth/:id/sick-leave
backend/src/modules/provider/provider.controllers.ts	356	POST	/provider/auth/:id/medical-report
backend/src/modules/provider/provider.controllers.ts	404	POST	/provider/auth/withdraw
backend/src/modules/provider/provider.controllers.ts	468	GET	/provider/auth
backend/src/modules/provider/provider.controllers.ts	469	POST	/provider/auth/:id/read
backend/src/modules/provider/provider.controllers.ts	470	POST	/provider/auth/read-all
backend/src/modules/provider/provider.controllers.ts	476	GET	/provider/auth
backend/src/modules/provider/provider.controllers.ts	485	GET	/provider/auth/me
backend/src/modules/provider/provider.controllers.ts	486	GET	/provider/auth/dashboard/stats
backend/src/modules/provider/provider.controllers.ts	487	GET	/provider/auth/dashboard/recent
backend/src/modules/provider/provider.controllers.ts	490	GET	/provider/auth/availability
backend/src/modules/provider/provider.controllers.ts	491	POST	/provider/auth/availability
backend/src/modules/provider/provider.controllers.ts	492	POST	/provider/auth/seed
backend/src/modules/provider/provider.controllers.ts	493	POST	/provider/auth/seed/reset
backend/src/modules/provider/provider.controllers.ts	505	GET	/provider/auth/pharmacy
backend/src/modules/provider/provider.controllers.ts	506	POST	/provider/auth/pharmacy
backend/src/modules/provider/provider.controllers.ts	507	DELETE	/provider/auth/pharmacy/:id
backend/src/modules/provider/provider.controllers.ts	509	GET	/provider/auth/lab
backend/src/modules/provider/provider.controllers.ts	510	POST	/provider/auth/lab
backend/src/modules/provider/provider.controllers.ts	511	DELETE	/provider/auth/lab/:id
backend/src/modules/provider/provider.controllers.ts	513	GET	/provider/auth/radiology
backend/src/modules/provider/provider.controllers.ts	514	POST	/provider/auth/radiology
backend/src/modules/provider/provider.controllers.ts	515	DELETE	/provider/auth/radiology/:id
backend/src/modules/provider/provider.controllers.ts	517	GET	/provider/auth/doctor-sessions
backend/src/modules/provider/provider.controllers.ts	518	POST	/provider/auth/doctor-sessions
backend/src/modules/provider/provider.controllers.ts	519	DELETE	/provider/auth/doctor-sessions/:id
backend/src/modules/provider/provider.controllers.ts	521	GET	/provider/auth/home-care
backend/src/modules/provider/provider.controllers.ts	522	POST	/provider/auth/home-care
backend/src/modules/provider/provider.controllers.ts	523	DELETE	/provider/auth/home-care/:id
backend/src/modules/provider/provider.controllers.ts	529	GET	/provider/auth
backend/src/modules/provider/provider.controllers.ts	530	POST	/provider/auth
backend/src/modules/provider/provider.controllers.ts	531	DELETE	/provider/auth/:id
backend/src/modules/provider/provider.controllers.ts	537	GET	/provider/auth
backend/src/modules/provider/provider.controllers.ts	538	POST	/provider/auth
backend/src/modules/provider/provider.controllers.ts	539	DELETE	/provider/auth/:id
backend/src/modules/provider/provider.controllers.ts	545	GET	/provider/auth
backend/src/modules/provider/provider.controllers.ts	546	POST	/provider/auth/recompute
backend/src/modules/provider/provider.controllers.ts	557	GET	/provider/auth/preview/:requestId
backend/src/modules/provider/provider.controllers.ts	561	POST	/provider/auth/preview
backend/src/modules/provider/provider.controllers.ts	565	POST	/provider/auth/dispatch/:requestId
backend/src/modules/provider/provider.controllers.ts	569	POST	/provider/auth/assign/:requestId/:providerId
backend/src/modules/provider/provider.controllers.ts	573	GET	/provider/auth/attempts/:requestId
backend/src/modules/provider/provider.controllers.ts	577	POST	/provider/auth/expire-stale
backend/src/modules/provider/provider.controllers.ts	582	POST	/provider/auth/seed-unassigned
backend/src/modules/provider/simulated-features.controller.ts	29	POST	/provider/features/promotions
backend/src/modules/provider/simulated-features.controller.ts	45	GET	/provider/features/promotions
backend/src/modules/provider/simulated-features.controller.ts	51	POST	/provider/features/referrals
backend/src/modules/provider/simulated-features.controller.ts	65	GET	/provider/features/referrals
backend/src/modules/provider/simulated-features.controller.ts	72	GET	/provider/features/crm/patients
backend/src/modules/provider/simulated-features.controller.ts	89	GET	/provider/features/crm/patients/:id
backend/src/modules/provider/simulated-features.controller.ts	107	PATCH	/provider/features/crm/patients/:id
backend/src/modules/provider/simulated-features.controller.ts	128	POST	/provider/features/home-care/bookings/:id/check-in
backend/src/modules/provider/simulated-features.controller.ts	147	POST	/provider/features/home-care/reports/:id/submit
backend/src/modules/provider/simulated-features.controller.ts	169	POST	/provider/features/radiology/bookings/:id/upload-report
backend/src/modules/provider/simulated-features.controller.ts	187	POST	/provider/features/radiology/bookings/:id/publish-report
backend/src/modules/providers/controllers/hospital-enterprise.controller.ts	19	POST	/providers/enterprise/provision-sub-provider
backend/src/modules/providers/controllers/hospital-enterprise.controller.ts	49	GET	/providers/enterprise/branch-staff/:hospitalId/:branchId
backend/src/modules/providers/controllers/hospital-enterprise.controller.ts	70	POST	/providers/enterprise/branch-financials/:hospitalId/:branchId
backend/src/modules/providers/providers.controller.ts	13	POST	/providers/apply
backend/src/modules/providers/providers.controller.ts	20	GET	/providers
backend/src/modules/providers/providers.controller.ts	33	GET	/providers/map
backend/src/modules/providers/providers.controller.ts	39	GET	/providers/:id
backend/src/modules/providers/providers.controller.ts	45	GET	/providers/me/profile
backend/src/modules/providers/providers.controller.ts	58	POST	/providers/admin/create
backend/src/modules/providers/providers.controller.ts	64	GET	/providers/admin/all
backend/src/modules/providers/providers.controller.ts	70	GET	/providers/admin/pending
backend/src/modules/providers/providers.controller.ts	76	POST	/providers/:id/approve
backend/src/modules/providers/providers.controller.ts	82	POST	/providers/:id/reject
backend/src/modules/providers/providers.controller.ts	88	POST	/providers/:id/suspend
backend/src/modules/providers/providers.controller.ts	95	POST	/providers/admin/seed-demo
backend/src/modules/push/push.module.ts	697	POST	/push/register
backend/src/modules/push/push.module.ts	700	POST	/push/unregister
backend/src/modules/push/push.module.ts	703	GET	/push/devices
backend/src/modules/push/push.module.ts	706	POST	/push/test
backend/src/modules/push/push.module.ts	710	POST	/push/web/subscribe
backend/src/modules/push/push.module.ts	722	POST	/push/web/unsubscribe
backend/src/modules/push/push.module.ts	729	GET	/push/web/vapid-key
backend/src/modules/push/push.module.ts	733	POST	/push/events
backend/src/modules/push/push.module.ts	736	POST	/push/admin/campaign
backend/src/modules/radiology/controllers/radiology-provider.controller.ts	56	GET	/radiology/provider/queue
backend/src/modules/radiology/controllers/radiology-provider.controller.ts	73	POST	/radiology/provider/:id/respond
backend/src/modules/radiology/controllers/radiology-provider.controller.ts	98	POST	/radiology/provider/allocate-machine/:id
backend/src/modules/radiology/controllers/radiology-provider.controller.ts	130	POST	/radiology/provider/finalize-scan/:id
backend/src/modules/radiology/controllers/radiology-provider.controller.ts	161	GET	/radiology/provider/wallet
backend/src/modules/radiology/controllers/radiology-provider.controller.ts	192	GET	/radiology/provider/catalog
backend/src/modules/radiology/controllers/radiology-provider.controller.ts	197	POST	/radiology/provider/catalog/:id
backend/src/modules/radiology/controllers/radiology-provider.controller.ts	206	GET	/radiology/provider/inventory
backend/src/modules/radiology/controllers/radiology-provider.controller.ts	213	POST	/radiology/provider/inventory
backend/src/modules/radiology/controllers/radiology.controller.ts	21	POST	/radiology/bookings
backend/src/modules/radiology/controllers/radiology.controller.ts	62	GET	/radiology/bookings/mine
backend/src/modules/radiology/controllers/radiology.controller.ts	70	GET	/radiology/bookings/:id
backend/src/modules/radiology/controllers/radiology.controller.ts	82	POST	/radiology/bookings/allocate-machine/:id
backend/src/modules/radiology/controllers/radiology.controller.ts	112	POST	/radiology/bookings/finalize-scan/:id
backend/src/modules/radiology/radiology.controller.ts	9	GET	/radiology/services
backend/src/modules/radiology/radiology.controller.ts	31	GET	/radiology/modalities
backend/src/modules/radiology/radiology.controller.ts	34	GET	/radiology/services/:id
backend/src/modules/radiology/radiology.controller.ts	37	POST	/radiology/bookings
backend/src/modules/radiology/radiology.controller.ts	40	GET	/radiology/bookings/mine
backend/src/modules/radiology/radiology.controller.ts	43	GET	/radiology/bookings/:id
backend/src/modules/radiology/radiology.controller.ts	46	POST	/radiology/bookings/:id/cancel
backend/src/modules/radiology/radiology.controller.ts	49	PATCH	/radiology/bookings/:id/state
backend/src/modules/radiology/radiology.controller.ts	54	POST	/radiology/bookings/:id/publish-report
backend/src/modules/radiology/radiology.controller.ts	59	GET	/radiology/reports/mine
backend/src/modules/radiology/radiology.controller.ts	62	POST	/radiology/bookings/:id/documents
backend/src/modules/radiology/radiology.controller.ts	67	PATCH	/radiology/bookings/:id/insurance
backend/src/modules/radiology/radiology.controller.ts	72	GET	/radiology/provider/inbox
backend/src/modules/radiology/radiology.controller.ts	77	POST	/radiology/bookings/:id/assign-technician
backend/src/modules/radiology/radiology.controller.ts	82	POST	/radiology/bookings/:id/upload-report
backend/src/modules/radiology/radiology.controller.ts	88	POST	/radiology/bookings/:id/checkin
backend/src/modules/radiology/radiology.controller.ts	93	POST	/radiology/bookings/:id/start-scan
backend/src/modules/radiology/radiology.controller.ts	99	POST	/radiology/bookings/:id/abort
backend/src/modules/radiology/radiology.controller.ts	105	POST	/radiology/bookings/:id/submit-report-for-review
backend/src/modules/radiology/radiology.controller.ts	110	POST	/radiology/bookings/:id/approve-report
backend/src/modules/radiology/radiology.controller.ts	116	POST	/radiology/bookings/:id/insurance-approval
backend/src/modules/radiology/radiology.controller.ts	122	PATCH	/radiology/bookings/:id/reschedule
backend/src/modules/radiology/radiology.controller.ts	128	GET	/radiology/bookings/:id/tracking
backend/src/modules/radiology/radiology.controller.ts	134	POST	/radiology/catalog/delta-request
backend/src/modules/radiology/radiology.controller.ts	140	POST	/radiology/bookings/:id/confirm-preparation
backend/src/modules/radiology/radiology.controller.ts	145	GET	/radiology/admin/all
backend/src/modules/radiology/radiology.controller.ts	159	POST	/radiology/admin/catalog
backend/src/modules/radiology/radiology.controller.ts	165	PUT	/radiology/admin/catalog/:id
backend/src/modules/radiology/radiology.controller.ts	171	DELETE	/radiology/admin/catalog/:id
backend/src/modules/radiology/radiology.controller.ts	178	PATCH	/radiology/admin/bookings/:id/force-state
backend/src/modules/ratings/ratings.module.ts	89	POST	/ratings
backend/src/modules/ratings/ratings.module.ts	96	GET	/ratings/provider/:id
backend/src/modules/ratings/ratings.module.ts	101	GET	/ratings/mine/:entity_type/:entity_id
backend/src/modules/recruitment/recruitment.module.ts	226	GET	/recruitment/candidate/profile
backend/src/modules/recruitment/recruitment.module.ts	231	POST	/recruitment/candidate/profile
backend/src/modules/recruitment/recruitment.module.ts	236	GET	/recruitment/applications/my
backend/src/modules/recruitment/recruitment.module.ts	242	POST	/recruitment/jobs
backend/src/modules/recruitment/recruitment.module.ts	251	PUT	/recruitment/jobs/:id
backend/src/modules/recruitment/recruitment.module.ts	259	GET	/recruitment/jobs
backend/src/modules/recruitment/recruitment.module.ts	265	GET	/recruitment/jobs/:id
backend/src/modules/recruitment/recruitment.module.ts	270	POST	/recruitment/jobs/:id/apply
backend/src/modules/recruitment/recruitment.module.ts	275	GET	/recruitment/jobs/:id/applications
backend/src/modules/recruitment/recruitment.module.ts	280	PATCH	/recruitment/applications/:id/status
backend/src/modules/referral/referral.controller.ts	16	GET	/referrals/my
backend/src/modules/referral/referral.controller.ts	22	POST	/referrals/apply
backend/src/modules/returns/returns.controller.ts	11	POST	/pharmacy/returns
backend/src/modules/returns/returns.controller.ts	16	GET	/pharmacy/returns
backend/src/modules/returns/returns.controller.ts	21	GET	/pharmacy/returns/provider/list
backend/src/modules/returns/returns.controller.ts	27	GET	/pharmacy/returns/eligibility/:orderId
backend/src/modules/returns/returns.controller.ts	32	GET	/pharmacy/returns/:id
backend/src/modules/returns/returns.controller.ts	37	POST	/pharmacy/returns/:id/decide
backend/src/modules/security/security.module.ts	139	GET	/security/audit/admin
backend/src/modules/security/security.module.ts	152	GET	/security/audit/my-activity
backend/src/modules/security/security.module.ts	161	GET	/security/audit/recent
backend/src/modules/security/security.module.ts	165	GET	/security/audit/critical
backend/src/modules/seo-search/seo-search.module.ts	250	GET	/sitemap.xml
backend/src/modules/seo-search/seo-search.module.ts	258	GET	/robots.txt
backend/src/modules/seo-search/seo-search.module.ts	266	GET	/seo/site/organization
backend/src/modules/seo-search/seo-search.module.ts	277	GET	/seo/site/local-business
backend/src/modules/seo-search/seo-search.module.ts	291	GET	/seo/site/faq
backend/src/modules/seo-search/seo-search.module.ts	305	GET	/seo/:type/:id
backend/src/modules/seo-search/seo-search.module.ts	313	GET	/seo/:type/:id/hreflang
backend/src/modules/seo-search/seo-search.module.ts	328	GET	/llms.txt
backend/src/modules/seo-search/seo-search.module.ts	350	GET	/image-sitemap.xml
backend/src/modules/seo-search/seo-search.module.ts	366	GET	/search/global
backend/src/modules/seo-search/seo-search.module.ts	372	GET	/medicines/:id/recommendations
backend/src/modules/seo-search/seo-search.module.ts	378	GET	/doctors/:id/recommendations
backend/src/modules/seo/seo.controller.ts	19	GET	/seo/resolve/:type/:slug
backend/src/modules/seo/seo.controller.ts	28	GET	/seo/meta/:type/:slug
backend/src/modules/seo/seo.controller.ts	35	GET	/seo/build/:type/:id
backend/src/modules/seo/seo.controller.ts	45	GET	/seo/sitemap.xml
backend/src/modules/seo/seo.controller.ts	58	GET	/seo/llms.txt
backend/src/modules/seo/seo.controller.ts	70	GET	/seo/robots.txt
backend/src/modules/service-catalog/service-catalog.module.ts	190	GET	/service-catalog/mine/:type
backend/src/modules/service-catalog/service-catalog.module.ts	191	POST	/service-catalog/mine/:type
backend/src/modules/service-catalog/service-catalog.module.ts	192	PATCH	/service-catalog/mine/:type/:id
backend/src/modules/service-catalog/service-catalog.module.ts	193	POST	/service-catalog/mine/:type/:id/toggle
backend/src/modules/service-catalog/service-catalog.module.ts	194	DELETE	/service-catalog/mine/:type/:id
backend/src/modules/service-catalog/service-catalog.module.ts	196	GET	/service-catalog/schedule/:entity
backend/src/modules/service-catalog/service-catalog.module.ts	197	PATCH	/service-catalog/schedule/:entity
backend/src/modules/service-catalog/service-catalog.module.ts	200	GET	/service-catalog/admin/:type
backend/src/modules/service-catalog/service-catalog.module.ts	201	POST	/service-catalog/admin/:type/:id/approve
backend/src/modules/slot-locks/slot-locks.module.ts	61	POST	/slot-locks/reserve
backend/src/modules/slot-locks/slot-locks.module.ts	62	POST	/slot-locks/:id/confirm
backend/src/modules/slot-locks/slot-locks.module.ts	63	POST	/slot-locks/:id/release
backend/src/modules/slot-locks/slot-locks.module.ts	64	GET	/slot-locks/mine
backend/src/modules/storage/storage.module.ts	351	POST	/storage/upload
backend/src/modules/storage/storage.module.ts	362	GET	/storage/:id
backend/src/modules/storage/storage.module.ts	372	GET	/storage/:id/signed-url
backend/src/modules/storage/storage.module.ts	383	POST	/storage/upload-suggestion-image
backend/src/modules/storage/storage.module.ts	401	POST	/storage/upload-cloudinary
backend/src/modules/support/support.controller.ts	11	POST	/support/requests
backend/src/modules/support/support.controller.ts	13	POST	/support/tickets
backend/src/modules/support/support.controller.ts	14	GET	/support/requests/mine
backend/src/modules/support/support.controller.ts	15	GET	/support/requests/:id
backend/src/modules/support/support.controller.ts	16	POST	/support/requests/:id/reply
backend/src/modules/support/support.controller.ts	19	GET	/support/admin/requests
backend/src/modules/support/support.controller.ts	20	PATCH	/support/admin/requests/:id
backend/src/modules/support/support.controller.ts	23	GET	/support/tickets
backend/src/modules/support/support.controller.ts	29	GET	/support/faqs
backend/src/modules/support/support.controller.ts	34	POST	/support/feedback
backend/src/modules/support/support.controller.ts	39	GET	/support/settings
backend/src/modules/support/support.controller.ts	40	PATCH	/support/settings
backend/src/modules/system-health/system-health.controller.ts	13	GET	/system-health/liveness
backend/src/modules/system-health/system-health.controller.ts	29	GET	/system-health/readiness
backend/src/modules/timeline/timeline.controller.ts	17	GET	/timeline
backend/src/modules/timeline/timeline.controller.ts	35	GET	/timeline/summary
backend/src/modules/tour/tour.controller.ts	10	GET	/tour/status
backend/src/modules/tour/tour.controller.ts	15	POST	/tour/complete
backend/src/modules/unified-bookings/unified-bookings.controller.ts	8	POST	/unified-bookings/checkout-cart
backend/src/modules/unified-bookings/unified-bookings.module.ts	333	GET	/unified-bookings/mine
backend/src/modules/unified-bookings/unified-bookings.module.ts	334	GET	/unified-bookings/:kind/:id
backend/src/modules/unified-bookings/unified-bookings.module.ts	335	POST	/unified-bookings/:kind/:id/cancel
backend/src/modules/unified-bookings/unified-bookings.module.ts	336	PATCH	/unified-bookings/:kind/:id/reschedule
backend/src/modules/unified-bookings/unified-bookings.module.ts	337	POST	/unified-bookings/match
backend/src/modules/unified-bookings/unified-bookings.module.ts	338	POST	/unified-bookings/nursing-broadcast
backend/src/modules/unified-bookings/unified-bookings.module.ts	339	POST	/unified-bookings/checkout-cart
backend/src/modules/users/user.insurance.controller.ts	12	GET	/user/insurance
backend/src/modules/users/users.addresses.controller.ts	11	GET	/users/me/addresses
backend/src/modules/users/users.addresses.controller.ts	17	POST	/users/me/addresses
backend/src/modules/users/users.addresses.controller.ts	34	PATCH	/users/me/addresses/:addressId
backend/src/modules/users/users.addresses.controller.ts	52	DELETE	/users/me/addresses/:addressId
backend/src/modules/users/users.controller.ts	11	GET	/users/me/profile
backend/src/modules/users/users.controller.ts	16	PATCH	/users/me/profile
backend/src/modules/users/users.controller.ts	21	GET	/users/me/wishlist
backend/src/modules/users/users.controller.ts	26	POST	/users/me/wishlist/:itemId
backend/src/modules/users/users.controller.ts	32	GET	/users/me/notification-settings
backend/src/modules/users/users.controller.ts	37	PATCH	/users/me/notification-settings
backend/src/modules/users/users.controller.ts	42	GET	/users/me/storage
backend/src/modules/users/users.controller.ts	47	GET	/users/me/privacy-settings
backend/src/modules/users/users.controller.ts	52	PATCH	/users/me/privacy-settings
backend/src/modules/users/users.controller.ts	57	GET	/users/me/security-settings
backend/src/modules/users/users.controller.ts	62	PATCH	/users/me/security-settings
backend/src/modules/users/users.controller.ts	67	POST	/users/me/change-password
backend/src/modules/users/users.controller.ts	72	GET	/users/me/sessions
backend/src/modules/users/users.controller.ts	76	DELETE	/users/me/sessions/:jti
backend/src/modules/users/users.controller.ts	80	GET	/users
backend/src/modules/users/users.controller.ts	86	POST	/users/:id/toggle
backend/src/modules/users/users.controller.ts	92	DELETE	/users/:id
backend/src/modules/users/users.insurance.controller.ts	10	GET	/users/me/insurance
backend/src/modules/users/users.insurance.controller.ts	16	POST	/users/me/insurance
backend/src/modules/wallet/wallet.controller.ts	10	GET	/wallet/balance
backend/src/modules/wallet/wallet.controller.ts	17	GET	/wallet/transactions
backend/src/modules/wallet/wallet.controller.ts	23	GET	/wallet/spending-data
backend/src/modules/wallet/wallet.controller.ts	34	POST	/wallet/topup
backend/src/modules/wallet/wallet.controller.ts	42	POST	/wallet/topup/confirm
backend/src/modules/wallet/wallet.controller.ts	48	GET	/wallet/topup/:id
backend/src/modules/wallet/wallet.controller.ts	53	POST	/wallet/transfer
backend/src/modules/wallet/wallet.controller.ts	61	GET	/wallet/cards
backend/src/modules/wallet/wallet.controller.ts	68	POST	/wallet/cards
backend/src/modules/wallet/wallet.controller.ts	75	DELETE	/wallet/cards/:id
backend/src/modules/webhooks/webhooks.controller.ts	14	POST	/webhooks/moyasar
backend/src/modules/webhooks/webhooks.controller.ts	24	POST	/webhooks/paytabs
backend/src/modules/webhooks/webhooks.controller.ts	34	POST	/webhooks/sms
backend/src/modules/webhooks/webhooks.controller.ts	42	POST	/webhooks/livekit
backend/src/modules/workflow-engine/workflow-engine.module.ts	526	GET	/workflow/lifecycle
backend/src/modules/workflow-engine/workflow-engine.module.ts	546	GET	/workflow/universal
backend/src/modules/workflow-engine/workflow-engine.module.ts	552	POST	/workflow/match
backend/src/modules/workflow-engine/workflow-engine.module.ts	573	GET	/workflow/debug/state-map
