archive_path	member_path	sha256	line_count	kind	role	domain	fully_read	evidence_file	evidence_section	line_ranges_read	routes_screens_actions	backend_consumers_or_contracts	auth_ownership	state_transitions	payment_insurance_relevance	error_empty_loading_retry_cancel	existing_tests	notes
NabdProvider-provider.zip	app.json	c4431ad931af5c7fe1cd8d732f933439982cdda60347aff2538a4b0a022a4e1c	46	OWNED_SOURCE_OR_CONFIG	source/config	identity/session	YES	audit-artifacts/phase0d/phase0d-provider/evidence/app.json.md	Complete decoded member bytes; static semantic signals	1-46		"43: ""apiBaseUrl"": ""https://api.nabd.plus/api/v1"""	"23: ""permissions"": ["				Traceability required; no execution performed	Complete member read from baseline archive bytes; no product code changed
NabdProvider-provider.zip	tsconfig.json	cabcd9ae0a201f231fe91e2fb8b14653173f2d72fa1aef559bee17715f8a98d6	26	OWNED_SOURCE_OR_CONFIG	config/build	cross-surface	YES	audit-artifacts/phase0d/phase0d-provider/evidence/tsconfig.json.md	Complete decoded member bytes; static semantic signals	1-26							Traceability required; no execution performed	Complete member read from baseline archive bytes; no product code changed
NabdProvider-provider.zip	App.tsx	5f8e91e4705d4ff0f36b21bc92c0013bfff055f612c82ac27b9553dc6f8ebb9f	116	OWNED_SOURCE_OR_CONFIG	source/config	pharmacy/orders	YES	audit-artifacts/phase0d/phase0d-provider/evidence/App.tsx.md	Complete decoded member bytes; static semantic signals	1-116	16: import { SplashScreen, WelcomeScreen, LoginScreen, ForgotPasswordScreen } from './src/screens/auth/AuthScreens';; 17: import { PendingDashboard } from './src/screens/auth/PendingDashboard';; 18: import { DoctorRegistration }         from './src/screens/doctor/DoctorRegistration';; 19: import { DoctorDashboardNavigator }   from './src/screens/doctor/DoctorDashboard';; 20: import { FacilityRegistration }       from './src/screens/facility/FacilityRegistration';; 21: import { FacilityDashboardNavigator } from './src/screens/facility/FacilityDashboard';; 22: import { PharmacyRegistration }       from './src/screens/pharmacy/PharmacyRegistration';; 23: import { PharmacyDashboardNavigator } from './src/screens/pharmacy/PharmacyDashboard';	4: * Phase 0-5: Doctor + Facility + Pharmacy + Lab/Radiology + Nursing; 16: import { SplashScreen, WelcomeScreen, LoginScreen, ForgotPasswordScreen } from './src/screens/auth/AuthScreens';; 17: import { PendingDashboard } from './src/screens/auth/PendingDashboard';; 22: import { PharmacyRegistration }       from './src/screens/pharmacy/PharmacyRegistration';; 23: import { PharmacyDashboardNavigator } from './src/screens/pharmacy/PharmacyDashboard';; 26: import { RadiologyRegistration }     from './src/screens/radiology/RadiologyRegistration';; 27: import { RadiologyDashboardNavigator } from './src/screens/radiology/RadiologyDashboard';; 28: import { NursingRegistration }       from './src/screens/nursing/NursingRegistration';	15: import { RootProvider, useAuth, useTheme } from './src/context';; 16: import { SplashScreen, WelcomeScreen, LoginScreen, ForgotPasswordScreen } from './src/screens/auth/AuthScreens';; 38: const { isLoggedIn, user, logout, appState } = useAuth();; 53: const doLogout = async () => { await logout(); };; 54: if (t === 'doctor')   return <DoctorDashboardNavigator   onLogout={doLogout} />;; 55: if (t === 'facility' || t === 'hospital') return <FacilityDashboardNavigator onLogout={doLogout} />;; 56: if (t === 'pharmacy' || t === 'pharmacist') return <PharmacyDashboardNavigator onLogout={doLogout} />;; 57: if (t === 'lab') return <LabDashboardNavigator onLogout={doLogout} />;	6: import React, { useState, useCallback, useEffect } from 'react';; 17: import { PendingDashboard } from './src/screens/auth/PendingDashboard';; 38: const { isLoggedIn, user, logout, appState } = useAuth();; 40: const [pType, setPType]   = useState('doctor');; 42: if (appState === 'checking') {; 49: {appState === 'logged_in' ? (; 60: return <PendingDashboard providerType={t} onExplore={() => {}} onLogout={doLogout} />;; 69: {({ navigation }) => <LoginScreen onSuccess={() => {}} onBack={() => navigation.goBack()} onForgot={() => navigation.navigate('Forgot')} onRegister={() => navigation.navigate('Welcome')} />}		17: import { PendingDashboard } from './src/screens/auth/PendingDashboard';; 60: return <PendingDashboard providerType={t} onExplore={() => {}} onLogout={doLogout} />;; 76: if (pType === 'doctor')   return <DoctorRegistration   onBack={() => navigation.goBack()} onDone={() => navigation.navigate('Pending')} />;; 77: if (pType === 'facility') return <FacilityRegistration onBack={() => navigation.goBack()} onDone={() => navigation.navigate('Pending')} />;; 78: if (pType === 'pharmacy') return <PharmacyRegistration onBack={() => navigation.goBack()} onDone={() => navigation.navigate('Pending')} />;; 79: if (pType === 'lab') return <LabRegistration providerType={pType} onBack={() => navigation.goBack()} onDone={() => navigation.navigate('Pending')} />;; 80: if (pType === 'radiology') return <RadiologyRegistration onBack={() => navigation.goBack()} onDone={() => navigation.navigate('Pending')} />;; 81: if (pType === 'nursing')  return <NursingRegistration  onBack={() => navigation.goBack()} onDone={() => navigation.navigate('Pending')} />;	Traceability required; no execution performed	Complete member read from baseline archive bytes; no product code changed
NabdProvider-provider.zip	package.json	905a0867304253b329652a41b6ccf58d7f0fe47424f6912ca4efb99d813b73f4	81	OWNED_SOURCE_OR_CONFIG	source/config	consultation/booking	YES	audit-artifacts/phase0d/phase0d-provider/evidence/package.json.md	Complete decoded member bytes; static semantic signals	1-81	"26: ""axios-retry"": ""^4.5.0"",; 45: ""expo-router"": ""~6.0.24"",; 47: ""expo-splash-screen"": ""~31.0.13"",; 57: ""react-native-screens"": ""~4.16.0"","	"25: ""axios"": ""^1.7.9"",; 26: ""axios-retry"": ""^4.5.0"",; 63: ""socket.io-client"": ""^4.8.3"",; 72: ""axios-mock-adapter"": ""^2.1.0"","		"26: ""axios-retry"": ""^4.5.0"",; 48: ""expo-status-bar"": ""~3.0.9"","		"26: ""axios-retry"": ""^4.5.0"","	Traceability required; no execution performed	Complete member read from baseline archive bytes; no product code changed
NabdProvider-provider.zip	package-lock.json	fa16c2e4fc5404e93889b5fb0d001c5ef023fdc0f58662436ee577d1798d77d4	16609	OWNED_SOURCE_OR_CONFIG	source/config	consultation/booking	YES	audit-artifacts/phase0d/phase0d-provider/evidence/package-lock.json.md	Complete decoded member bytes; static semantic signals	1-16609	"23: ""axios-retry"": ""^4.5.0"",; 42: ""expo-router"": ""~6.0.24"",; 44: ""expo-splash-screen"": ""~31.0.13"",; 54: ""react-native-screens"": ""~4.16.0"",; 1514: ""@urql/exchange-retry"": ""^1.3.0"",; 1564: ""expo-router"": ""*"",; 1568: ""expo-router"": {; 5121: ""react-native-screens"": "">= 4.0.0"""	"22: ""axios"": ""^1.7.9"",; 23: ""axios-retry"": ""^4.5.0"",; 60: ""socket.io-client"": ""^4.8.3"",; 69: ""axios-mock-adapter"": ""^2.1.0"",; 78: ""node_modules/@0no-co/graphql.web"": {; 80: ""resolved"": ""https://registry.npmjs.org/@0no-co/graphql.web/-/graphql.web-1.3.3.tgz"",; 83: ""graphql"": ""^14.0.0 || ^15.0.0 || ^16.0.0""; 86: ""graphql"": {"	"97: ""js-tokens"": ""^4.0.0"",; 400: ""js-tokens"": ""^4.0.0"",; 4599: ""integrity"": ""sha512-V9jI6hDjT7l3jsCQD9bLNvDLM3tH/gdbOTp7Tefp3hbbgCGQoK7tUvrWiRlcoBHIZ809ElXwNQwVo0B98LuTXQ=="",; 4918: ""react-refresh"": ""^0.14.0""; 5500: ""@types/tough-cookie"": ""*"",; 5526: ""node_modules/@types/tough-cookie"": {; 5528: ""resolved"": ""https://registry.npmjs.org/@types/tough-cookie/-/tough-cookie-4.0.5.tgz"",; 6252: ""react-refresh"": "">=0.14.0 <1.0.0"""	"23: ""axios-retry"": ""^4.5.0"",; 45: ""expo-status-bar"": ""~3.0.9"",; 1514: ""@urql/exchange-retry"": ""^1.3.0"",; 4324: ""@radix-ui/react-use-controllable-state"": ""1.2.6"",; 4609: ""@radix-ui/react-use-controllable-state"": ""1.2.6"",; 4671: ""@radix-ui/react-use-controllable-state"": ""1.2.6""; 4702: ""node_modules/@radix-ui/react-use-controllable-state"": {; 4704: ""resolved"": ""https://registry.npmjs.org/@radix-ui/react-use-controllable-state/-/react-use-controllable-state-1.2.6.tgz"","	"492: ""@babel/plugin-syntax-decorators"": ""^7.29.7""; 515: ""node_modules/@babel/plugin-syntax-async-generators"": {; 517: ""resolved"": ""https://registry.npmjs.org/@babel/plugin-syntax-async-generators/-/plugin-syntax-async-generators-7.8.4.tgz"",; 526: ""node_modules/@babel/plugin-syntax-bigint"": {; 528: ""resolved"": ""https://registry.npmjs.org/@babel/plugin-syntax-bigint/-/plugin-syntax-bigint-7.8.3.tgz"",; 537: ""node_modules/@babel/plugin-syntax-class-properties"": {; 539: ""resolved"": ""https://registry.npmjs.org/@babel/plugin-syntax-class-properties/-/plugin-syntax-class-properties-7.12.13.tgz"",; 548: ""node_modules/@babel/plugin-syntax-class-static-block"": {"	"23: ""axios-retry"": ""^4.5.0"",; 709: ""node_modules/@babel/plugin-syntax-optional-catch-binding"": {; 711: ""resolved"": ""https://registry.npmjs.org/@babel/plugin-syntax-optional-catch-binding/-/plugin-syntax-optional-catch-binding-7.8.3.tgz"",; 1076: ""node_modules/@babel/plugin-transform-optional-catch-binding"": {; 1078: ""resolved"": ""https://registry.npmjs.org/@babel/plugin-transform-optional-catch-binding/-/plugin-transform-optional-catch-binding-7.29.7.tgz"",; 1514: ""@urql/exchange-retry"": ""^1.3.0"",; 4898: ""@babel/plugin-transform-optional-catch-binding"": ""^7.24.7"",; 5684: ""node_modules/@urql/exchange-retry"": {"	Traceability required; no execution performed	Complete member read from baseline archive bytes; no product code changed
NabdProvider-provider.zip	provider-app.contracts.test.js	6b140be9a95038301fbff37a171012c7f16f5f1abd6de83f44d03d60dd40b99c	80	OWNED_TEST	test	pharmacy/orders	YES	audit-artifacts/phase0d/phase0d-provider/evidence/provider-app.contracts.test.js.md	Complete decoded member bytes; static semantic signals	1-80	6: const dashboard = fs.readFileSync(path.join(root, 'src/screens/doctor/DoctorDashboard.tsx'), 'utf8');; 7: const pharmacyDashboard = fs.readFileSync(path.join(root, 'src/screens/pharmacy/PharmacyDashboard.tsx'), 'utf8');; 8: const radiologyDashboard = fs.readFileSync(path.join(root, 'src/screens/radiology/RadiologyDashboard.tsx'), 'utf8');; 17: ].map(file => fs.readFileSync(path.join(root, 'src/screens', file), 'utf8')).join('\n');	"7: const pharmacyDashboard = fs.readFileSync(path.join(root, 'src/screens/pharmacy/PharmacyDashboard.tsx'), 'utf8');; 8: const radiologyDashboard = fs.readFileSync(path.join(root, 'src/screens/radiology/RadiologyDashboard.tsx'), 'utf8');; 13: 'pharmacy/PharmacyRegistration.tsx',; 15: 'radiology/RadiologyRegistration.tsx',; 16: 'nursing/NursingRegistration.tsx',; 21: expect(config.extra.apiBaseUrl).toBe('https://api.nabd.plus/api/v1');; 42: it('does not ship fake pharmacy/radiology terminal actions', () => {; 45: expect(pharmacyDashboard).toContain(""client.get('/provider/pharmacy/broadcasts')"");"	32: expect(dashboard).toContain('const patientId = apt?.patient_id');; 35: it('contains real provider intake actions and refreshes after mutations', () => {	"36: expect(dashboard).toContain('/provider/jobs/queue?status=incoming&kind=consultation');; 49: expect(pharmacyDashboard).toContain(""client.get('/provider/pharmacy/allocations', { params: { status: 'completed' } })"");; 58: expect(pharmacyDashboard).not.toContain('const [isOnline, setIsOnline] = useState(true);');; 64: expect(dashboard).toContain('setError(true);');"	"31: expect(dashboard).not.toMatch(/price\s*:\s*x\.total\s*\|\|\s*150/);; 61: it('does not mark cash collection or begin a consultation in the doctor UI without a server mutation', () => {; 62: expect(dashboard).not.toContain('Payment locked. Starting consultation.');; 74: expect(registrations).not.toMatch(/clinicPrice:'300'|homePrice:'500'|videoPrice:'200'/);; 75: expect(registrations).not.toMatch(/priceVisit: '150'|priceHour: '80'|priceDay: '800'|priceMonth: '8000'/);; 78: expect(registrations).not.toContain(""cashOnly: true"");"	64: expect(dashboard).toContain('setError(true);');	Member classified as test	Complete member read from baseline archive bytes; no product code changed
NabdProvider-provider.zip	assets/icon.png	63ef318d96b5d0d0ceba6e04a4e622b1158335cdc67c49e27839132c6f655058		EXCLUSION_BINARY	source/config	binary/generated	N/A		Explicit binary/generated/other exclusion	N/A	N/A	N/A	N/A	N/A	N/A	N/A	Traceability required; no execution performed	Explicit exclusion: EXCLUSION_BINARY; not a semantic source member
NabdProvider-provider.zip	assets/adaptive-icon.png	63ef318d96b5d0d0ceba6e04a4e622b1158335cdc67c49e27839132c6f655058		EXCLUSION_BINARY	source/config	binary/generated	N/A		Explicit binary/generated/other exclusion	N/A	N/A	N/A	N/A	N/A	N/A	N/A	Traceability required; no execution performed	Explicit exclusion: EXCLUSION_BINARY; not a semantic source member
NabdProvider-provider.zip	assets/notification-icon.png	63ef318d96b5d0d0ceba6e04a4e622b1158335cdc67c49e27839132c6f655058		EXCLUSION_BINARY	source/config	binary/generated	N/A		Explicit binary/generated/other exclusion	N/A	N/A	N/A	N/A	N/A	N/A	N/A	Traceability required; no execution performed	Explicit exclusion: EXCLUSION_BINARY; not a semantic source member
NabdProvider-provider.zip	assets/splash.png	63ef318d96b5d0d0ceba6e04a4e622b1158335cdc67c49e27839132c6f655058		EXCLUSION_BINARY	source/config	binary/generated	N/A		Explicit binary/generated/other exclusion	N/A	N/A	N/A	N/A	N/A	N/A	N/A	Traceability required; no execution performed	Explicit exclusion: EXCLUSION_BINARY; not a semantic source member
NabdProvider-provider.zip	assets/audio/rad_dispatch_alert.mp3	e3b0c44298fc1c149afbf4c8996fb92427ae41e4649b934ca495991b7852b855		EXCLUSION_BINARY	source/config	binary/generated	N/A		Explicit binary/generated/other exclusion	N/A	N/A	N/A	N/A	N/A	N/A	N/A	Traceability required; no execution performed	Explicit exclusion: EXCLUSION_BINARY; not a semantic source member
NabdProvider-provider.zip	src/polyfills.ts	9ef2a64dccbd655ab6367440f6130a64d9d3f92a80a47b3038397b71c6fce2f3	18	OWNED_SOURCE_OR_CONFIG	source/config	consultation/booking	YES	audit-artifacts/phase0d/phase0d-provider/evidence/src_polyfills.ts.md	Complete decoded member bytes; static semantic signals	1-18				7: class DOMExceptionPolyfill extends Error {; 11: this.name = name || 'Error';		7: class DOMExceptionPolyfill extends Error {; 11: this.name = name || 'Error';	Traceability required; no execution performed	Complete member read from baseline archive bytes; no product code changed
NabdProvider-provider.zip	src/constants/index.ts	7c55b2ab1acfb565a7ad71046e451dd05024c7abfcbe18933029fe28f2328e2c	443	OWNED_SOURCE_OR_CONFIG	source/config	pharmacy/orders	YES	audit-artifacts/phase0d/phase0d-provider/evidence/src_constants_index.ts.md	Complete decoded member bytes; static semantic signals	1-443	303: SESSION_MIN: 30, LOGIN_MAX_TRIES: 5, LOGIN_LOCK_MIN: 15,; 329: login:'تسجيل الدخول', register:'إنشاء حساب', logout:'تسجيل الخروج',; 348: next:'التالي', back:'رجوع', save:'حفظ', cancel:'إلغاء', confirm:'تأكيد',; 349: delete:'حذف', edit:'تعديل', add:'إضافة', send:'إرسال', submit:'إرسال للمراجعة',; 350: close:'إغلاق', done:'تم', skip:'تخطي', retry:'إعادة المحاولة', search:'بحث...',; 367: confirmLogout:'هل تريد تسجيل الخروج؟',; 386: login:'Log In', register:'Create Account', logout:'Log Out',; 388: rememberMe:'Remember Me', biometric:'Login with Face ID / Fingerprint',	440: ? (envApiUrl.endsWith('/api/v1') ? envApiUrl : `${envApiUrl.replace(/\/$/, '')}/api/v1`); 442: ? `http://${localIp}:8002/api/v1`; 443: : 'https://api.nabd.plus/api/v1';	219: { id:'inject', ar:'إعطاء حقن طبية', en:'Injection Administration',min:15 },; 302: OTP_RESEND_SEC: 60, OTP_MAX_TRIES: 5,; 303: SESSION_MIN: 30, LOGIN_MAX_TRIES: 5, LOGIN_LOCK_MIN: 15,; 329: login:'تسجيل الدخول', register:'إنشاء حساب', logout:'تسجيل الخروج',; 330: forgotPass:'نسيت كلمة المرور؟', resetPass:'استعادة كلمة المرور',; 339: // OTP; 340: otpTitle:'التحقق من الهوية', otpSentTo:'تم إرسال رمز التحقق إلى',; 341: otpResend:'إعادة الإرسال', otpVerify:'تحقق',	37: success: '#34C759', successBg: '#E8F5E9',; 44: statusBar: 'dark-content' as const,; 54: success: '#3FB950', successBg: 'rgba(63, 185, 80, 0.15)',; 61: statusBar: 'light-content' as const,; 71: success: string; successBg: string;; 78: statusBar: 'dark-content' | 'light-content';; 192: { id:'psa', ar:'بروستات PSA', en:'PSA Prostate Antigen', fasting:false, hours:2 },; 348: next:'التالي', back:'رجوع', save:'حفظ', cancel:'إلغاء', confirm:'تأكيد',	32: card: C.white, inputBg: '#F8F9FA',; 49: card: '#161B22', inputBg: '#0D1117',; 66: card: string; inputBg: string;; 105: // ─── Insurance Companies ──────────────────────────────────────────────────────; 118: export const INSURANCE = [; 131: { id:'arabia', ar:'العربية للتأمين', en:'Arabia Insurance', plans:['A','B','C'] },; 139: { id:'cardio', ar:'أمراض القلب', en:'Cardiology', icon:'heart' },; 203: { id:'echo', ar:'إيكو قلب Echocardiography', en:'Echocardiography', prep:false, hours:1 },	315: TIMEOUT: 30000,; 348: next:'التالي', back:'رجوع', save:'حفظ', cancel:'إلغاء', confirm:'تأكيد',; 350: close:'إغلاق', done:'تم', skip:'تخطي', retry:'إعادة المحاولة', search:'بحث...',; 352: loading:'جاري التحميل...', success:'تم بنجاح!', error:'حدث خطأ', noData:'لا توجد بيانات',; 356: online:'متاح الآن', offline:'غير متاح', busy:'مشغول',; 357: pending:'قيد المراجعة', active:'نشط', suspended:'موقوف', rejected:'مرفوض',; 370: // Errors; 375: // Pending	Traceability required; no execution performed	Complete member read from baseline archive bytes; no product code changed
NabdProvider-provider.zip	src/screens/lab/LabRegistration.tsx	57b60ff59e885e842e71cb7de47bb6d50412c24da23c3510ed03d8e92461b4bb	1858	OWNED_SOURCE_OR_CONFIG	ui/screen	diagnostics/homecare	YES	audit-artifacts/phase0d/phase0d-provider/evidence/src_screens_lab_LabRegistration.tsx.md	Complete decoded member bytes; static semantic signals	1-1858	21: import { RegistrationSuccess } from '../shared/SharedScreens';; 26: import { SuccessScreen } from '../../components/SuccessScreen';; 127: const screens: Record<number, React.ReactElement> = {; 128: 8: <SuccessScreen onDone={() => { setShowSuccess(false); onDone(); }} />,; 137: return screens[step] ?? null;; 190: await ProviderApi.login(data.managerPhone, data.password);; 194: await ProviderApi.login(data.managerPhone, data.password);; 196: } catch (loginErr: any) {	9: import { ProviderApi, sanitizeWizardData } from '../../api/provider';; 10: import { useInsuranceCatalog, useServicesCatalog } from '../../api/catalogs';; 25: import { sendEmailOtp, verifyEmailOtp } from '../../api/otp';; 344: // Custom validation for Lab/Radiology separation; 490: hint={AR ? 'ترخيص المعمل/مركز الأشعة من MOH' : 'Lab/Radiology license from MOH'} />	24: import { OtpModal } from '../../components/OtpModal';; 25: import { sendEmailOtp, verifyEmailOtp } from '../../api/otp';; 78: signatureData: string; signerName: string; signerRole: string;; 100: signatureData: '', signerName: '', signerRole: '',; 134: 6: <LStep7AdminWarning data={data} update={update} onNext={next} onBack={back} step={step} total={TOTAL} />,; 190: await ProviderApi.login(data.managerPhone, data.password);; 194: await ProviderApi.login(data.managerPhone, data.password);; 196: } catch (loginErr: any) {	1: import React, { useState, useCallback, useRef } from 'react';; 21: import { RegistrationSuccess } from '../shared/SharedScreens';; 26: import { SuccessScreen } from '../../components/SuccessScreen';; 118: const [step, setStep] = useState(1);; 119: const [data, setData] = useState<LabRegData>({ ...INIT, centerType: providerType });; 120: const [showMap, setShowMap] = useState(false);; 122: const [showSuccess, setShowSuccess] = useState(false);; 128: 8: <SuccessScreen onDone={() => { setShowSuccess(false); onDone(); }} />,	10: import { useInsuranceCatalog, useServicesCatalog } from '../../api/catalogs';; 13: NBtn, NCard, NInput, NPhoneInput, NPassStrength,; 15: NHeader, NScroll, NPriceInput, NSearch, NDropdown, NDatePickerSheet; 20: import { SP, R, FS, FW, CITIES, INSURANCE, C, LAB_TESTS, RAD_SCANS, LIMITS , LANGS } from '../../constants';; 46: taxNumber: string;; 58: testPrices: Record<string, string>;; 61: testInsuranceCov: Record<string, boolean>;; 62: scanInsuranceCov: Record<string, boolean>;	"177: const [loading, setLoading] = useState(false);; 181: setLoading(true);; 192: } catch (e: any) {; 196: } catch (loginErr: any) {; 197: setErrs({ phone: e.message || 'Error' });; 200: setLoading(false);; 219: icon=""⊥"" required error={errs.name} caps=""words""; 238: required error={errs.mgr} caps=""words"""	Traceability required; no execution performed	Complete member read from baseline archive bytes; no product code changed
NabdProvider-provider.zip	src/screens/lab/LabDashboard.tsx	5598067bbd62c85020ff35de7804fefb6d444f48cc6fa01bb60da0809ca9f55f	1611	OWNED_SOURCE_OR_CONFIG	ui/screen	pharmacy/orders	YES	audit-artifacts/phase0d/phase0d-provider/evidence/src_screens_lab_LabDashboard.tsx.md	Complete decoded member bytes; static semantic signals	1-1611	2: * NABDAH PLUS – PHASE 4 · LAB & RADIOLOGY DASHBOARD (18 screens); 13: import { InsuranceRequestsScreen } from '../shared/InsuranceRequestsScreen';; 24: PromotionsDashboard, CreateCampaignScreen, ProfileWebConfig,; 26: LabSampleScannerScreen; 27: } from '../shared/BlueprintScreens';; 28: import { MedicalJobsScreen, MedicalDrugIndexScreen, InsuranceConfigScreen, CertificatesConfigScreen, MediaConfigScreen, ProviderWalletScreen, ProviderHomeStats, GlobalSystemSettings, ChatSystem } from '../shared/SharedScreens';; 29: import { WorkingHoursEditorScreen, SecurityManagementScreen } from '../shared/RealScreens';; 30: import { LabBundlesScreen, LabHomeServiceScreen } from '../shared/RealScreensExtended';	12: import client from '../../api/client';; 13: import { InsuranceRequestsScreen } from '../shared/InsuranceRequestsScreen';; 56: client.get('/labs/provider/inbox'); 224: const inboxRes = await client.get('/labs/provider/inbox');; 241: const resSamples = await client.get('/labs/samples');; 373: await client.patch(`/labs/bookings/${order.id}/state`, { state: 'SAMPLE_REJECTED' });; 383: await client.patch(`/labs/bookings/${order.id}/state`, { state: 'WAITING_COPAY', note: `nphies_code: ${nphiesCode}, copay: ${copay}` });; 397: await client.patch(`/labs/bookings/${order.id}/state`, { state: 'CONFIRMED' });	"7: Animated, FlatList, Alert, Dimensions, Switch, RefreshControl, TextInput; 9: import { CameraView, useCameraPermissions } from 'expo-camera';; 136: export function LabDashboardNavigator({ onLogout }: { onLogout:()=>void }) {; 160: {tab==='settings' && <LabSettings onLogout={onLogout} onNavigate={go} />}; 217: const [refreshing, setR] = useState(false);; 251: // No fabricated numbers — show zeros and let the provider pull-to-refresh.; 262: const onRefresh = async () => {; 284: <ScrollView refreshControl={<RefreshControl refreshing={refreshing} onRefresh={onRefresh} tintColor=""#9C27B0"" />}"	4: import React, { useState, useRef, useEffect, useCallback } from 'react';; 18: NSecHeader, NConfirm, NEmpty, NOnlineToggle, NBottomNav,; 36: { key: 'PENDING', ar: 'قيد الانتظار', en: 'Pending', color: '#FF9800' },; 40: { key: 'COMPLETED', ar: 'مكتمل', en: 'Completed', color: '#4CAF50' },; 41: { key: 'SAMPLE_REJECTED', ar: 'عينة مرفوضة', en: 'Sample Rejected', color: '#F44336' },; 51: const [subTab, setSubTab] = useState<'incoming' | 'scheduled' | 'processing' | 'results'>('incoming');; 52: const [orders, setOrders] = useState<any[]>([]);; 53: const [loading, setLoading] = useState(true);	13: import { InsuranceRequestsScreen } from '../shared/InsuranceRequestsScreen';; 16: NBtn, NCard, NInput, NStatCard, NAvatar, NBadge,; 19: NDivider, NPriceInput; 28: import { MedicalJobsScreen, MedicalDrugIndexScreen, InsuranceConfigScreen, CertificatesConfigScreen, MediaConfigScreen, ProviderWalletScreen, ProviderHomeStats, GlobalSystemSettings, ChatSystem } from '../shared/SharedScreens';; 63: if (subTab === 'incoming') return orders.filter(o => ['NEW_REQUEST', 'PENDING_INSURANCE', 'WAITING_COPAY'].includes(o.status));; 99: <NCard key={order.id} style={{ marginBottom: SP.md, borderColor: order.status === 'SAMPLE_REJECTED' ? theme.danger : theme.border, borderWidth: 1 }} onPress={() => onNav('order_detail', order)}>; 104: <Text style={{ fontSize: FS.sm, color: theme.textSub, fontWeight:'bold' }}>{order.is_insurance?' NPHIES':' Cash'}</Text>; 113: <Text style={{ color: theme.text, fontWeight: 'bold', fontSize: FS.lg }}>{order.total} SAR</Text>	"18: NSecHeader, NConfirm, NEmpty, NOnlineToggle, NBottomNav,; 36: { key: 'PENDING', ar: 'قيد الانتظار', en: 'Pending', color: '#FF9800' },; 53: const [loading, setLoading] = useState(true);; 58: .catch(() => setOrders([])); 59: .finally(() => setLoading(false));; 63: if (subTab === 'incoming') return orders.filter(o => ['NEW_REQUEST', 'PENDING_INSURANCE', 'WAITING_COPAY'].includes(o.status));; 95: {filtered.length === 0 && <NEmpty title={AR ? 'لا توجد طلبات هنا' : 'No Orders Here'} icon=""document"" />}; 234: status: x.state === 'SAMPLE_COLLECTED' ? 'analyzing' : x.state === 'REPORTED' ? 'ready' : 'pending',"	Traceability required; no execution performed	Complete member read from baseline archive bytes; no product code changed
NabdProvider-provider.zip	src/screens/lab/LabQcActions.tsx	3afeb4a1d19d5cd5b7b75fbb2c502a1872e9d0f7f3d2693c9cce6be86a1285f7	158	OWNED_SOURCE_OR_CONFIG	ui/screen	pharmacy/orders	YES	audit-artifacts/phase0d/phase0d-provider/evidence/src_screens_lab_LabQcActions.tsx.md	Complete decoded member bytes; static semantic signals	1-158	3: * for booking detail views. Backed by /provider/ops/lab/bookings/:id/qc/:action; 13: export function LabQcActions({ booking, onDone }: { booking: any; onDone: () => void }) {; 27: await client.post(`/provider/ops/lab/bookings/${booking.id}/qc/${action}`, body);; 37: const isStat = booking.priority === 'stat';; 38: const isUrgent = booking.priority === 'urgent';; 39: const verified = !!booking.verified_by;; 40: const doubleVerified = !!booking.double_verified_by;; 54: onPress={() => qc('mark_urgent')}	3: * for booking detail views. Backed by /provider/ops/lab/bookings/:id/qc/:action; 11: import client from '../../api/client';; 27: await client.post(`/provider/ops/lab/bookings/${booking.id}/qc/${action}`, body);		6: import React, { useState } from 'react';; 18: const [busy, setBusy] = useState<string | null>(null);; 19: const [critNote, setCritNote] = useState('');; 20: const [showCrit, setShowCrit] = useState(false);; 21: const [rejectReason, setRejectReason] = useState('');; 22: const [showReject, setShowReject] = useState(false);; 28: show(AR ? 'تم التنفيذ' : 'Done', 'success');; 31: show(e?.response?.data?.message || (AR ? 'فشل التنفيذ' : 'Failed'), 'error');	9: import { NBtn, NCard, NBadge } from '../../components/ui';; 43: <NCard style={{ marginTop: SP.md }}>; 107: <View style={[s.modalCard, { backgroundColor: theme.bg }]}>; 132: <View style={[s.modalCard, { backgroundColor: theme.bg }]}>; 150: </NCard>; 156: modalCard: { borderRadius: R.lg, padding: SP.lg },	30: } catch (e: any) {; 31: show(e?.response?.data?.message || (AR ? 'فشل التنفيذ' : 'Failed'), 'error');; 53: loading={busy === 'mark_urgent'} disabled={isUrgent}; 59: loading={busy === 'mark_stat'} disabled={isStat}; 74: loading={busy === 'verify'} disabled={verified}; 80: loading={busy === 'double_verify'}; 83: if (!verified) { show(AR ? 'التحقق الأول مطلوب قبل المزدوج' : 'First verification required before double', 'error'); return; }; 99: loading={busy === 'recollect_requested'}	Traceability required; no execution performed	Complete member read from baseline archive bytes; no product code changed
NabdProvider-provider.zip	src/screens/auth/PendingDashboard.tsx	f78bd95065bf73eb8fce5c64bfb4dd0bf2bbdad78ca8cbff1b2710b8900ee244	137	OWNED_SOURCE_OR_CONFIG	ui/screen	pharmacy/orders	YES	audit-artifacts/phase0d/phase0d-provider/evidence/src_screens_auth_PendingDashboard.tsx.md	Complete decoded member bytes; static semantic signals	1-137	"11: export function PendingDashboard({ onExplore, onLogout, providerType }: { onExplore: () => void; onLogout: () => void; providerType?: string }) {; 91: <NBtn label={AR ? 'إرسال رمز التحقق' : 'Send Verification Code'} onPress={sendOtp} loading={loading} />; 101: <NBtn label={AR ? 'تأكيد الرمز' : 'Verify'} onPress={verifyOtp} loading={loading} />; 131: <NBtn label={AR ? 'استكشاف التطبيق' : 'Explore App'} onPress={onExplore} style={{ marginBottom: SP.md }} />; 132: <NBtn label={AR ? 'تسجيل الخروج' : 'Log Out'} variant=""ghost"" onPress={onLogout} />"	8: import client from '../../api/client';; 34: await client.post('/auth/send-otp', { identifier: user.email });; 47: await client.post('/auth/verify-otp', { identifier: user.email, code: otp });	11: export function PendingDashboard({ onExplore, onLogout, providerType }: { onExplore: () => void; onLogout: () => void; providerType?: string }) {; 20: const [otpSent, setOtpSent] = useState(false);; 21: const [otp, setOtp] = useState('');; 30: const sendOtp = async () => {; 34: await client.post('/auth/send-otp', { identifier: user.email });; 35: setOtpSent(true);; 37: show(AR ? 'فشل إرسال رمز التحقق' : 'Failed to send OTP', 'error');; 43: const verifyOtp = async () => {	1: import React, { useState, useEffect, useRef } from 'react';; 2: import { View, Text, StyleSheet, ScrollView, Animated, TouchableOpacity, StatusBar } from 'react-native';; 11: export function PendingDashboard({ onExplore, onLogout, providerType }: { onExplore: () => void; onLogout: () => void; providerType?: string }) {; 19: const [loading, setLoading] = useState(false);; 20: const [otpSent, setOtpSent] = useState(false);; 21: const [otp, setOtp] = useState('');; 22: const [emailVerified, setEmailVerified] = useState(false);; 32: setLoading(true);	5: import { NHeader, NCard, NBtn, NInput } from '../../components/ui';; 82: <NCard style={{ marginBottom: SP.xl, borderColor: theme.warn, borderWidth: 1 }}>; 104: </NCard>; 108: <NCard style={{ marginBottom: SP.xl, backgroundColor: theme.successBg, borderColor: theme.success, borderWidth: 1 }}>; 112: </NCard>; 115: <NCard style={{ marginBottom: SP.xl }}>; 129: </NCard>	11: export function PendingDashboard({ onExplore, onLogout, providerType }: { onExplore: () => void; onLogout: () => void; providerType?: string }) {; 19: const [loading, setLoading] = useState(false);; 32: setLoading(true);; 36: } catch (e) {; 37: show(AR ? 'فشل إرسال رمز التحقق' : 'Failed to send OTP', 'error');; 39: setLoading(false);; 45: setLoading(true);; 50: } catch (e) {	Traceability required; no execution performed	Complete member read from baseline archive bytes; no product code changed
NabdProvider-provider.zip	src/screens/auth/AuthScreens.tsx	49231fcedae9b21cc156d69dd9e881c5191fdf5467350d2917dcbfddc908cefb	906	OWNED_SOURCE_OR_CONFIG	ui/screen	pharmacy/orders	YES	audit-artifacts/phase0d/phase0d-provider/evidence/src_screens_auth_AuthScreens.tsx.md	Complete decoded member bytes; static semantic signals	1-906	3: * ║ NABDAH PLUS – AUTH SCREENS (COMPLETE) ║; 4: * ║ Splash · Welcome · Login · ForgotPassword · OTP · PendingApproval ║; 26: // SPLASH SCREEN; 28: export function SplashScreen({ onDone }: { onDone: () => void }) {; 70: // WELCOME SCREEN — PROVIDER SELECTION; 72: export function WelcomeScreen({; 73: onSelectType, onLogin, onGuestJobs, onGuestDrugIndex; 74: }: { onSelectType: (type: string) => void; onLogin: () => void; onGuestJobs?: () => void; onGuestDrugIndex?: () => void }) {	609: const res = await fetch(`${API_BASE}/provider/auth/forgot-password`, {; 631: const res = await fetch(`${API_BASE}/provider/auth/verify-reset-code`, {; 653: const res = await fetch(`${API_BASE}/provider/auth/reset-password`, {	4: * ║ Splash · Welcome · Login · ForgotPassword · OTP · PendingApproval ║; 16: NCheckbox, NOTP, NStepBar, NDivider, NScroll, NLogo, NSheet, NThemeSlider; 19: import { Biometric, Validate, RateLimiter, buildHeaders, Vault, SK, Tokens } from '../../security/Security';; 73: onSelectType, onLogin, onGuestJobs, onGuestDrugIndex; 74: }: { onSelectType: (type: string) => void; onLogin: () => void; onGuestJobs?: () => void; onGuestDrugIndex?: () => void }) {; 85: const { bioLogin } = useAuth();; 96: const hasRefresh = await Tokens.getRefresh();; 97: if (enabled === 'true' && hasRefresh) {	"4: * ║ Splash · Welcome · Login · ForgotPassword · OTP · PendingApproval ║; 7: import React, { useRef, useEffect, useState } from 'react';; 10: Animated, StatusBar, Dimensions, KeyboardAvoidingView,; 46: <StatusBar barStyle=""light-content"" backgroundColor={theme.primary} />; 79: const [selectedPt, setSelectedPt] = useState<any | null>(null);; 80: const [sheetOpen, setSheetOpen] = useState(false);; 102: show(msg, 'error');; 103: if (msg.includes('Network Error') || msg.includes('Network request failed')) {"	15: NBtn, NCard, NInput, NPhoneInput, NPassStrength,; 83: const cardsAnim = useRef(new Animated.Value(0)).current;; 91: Animated.spring(cardsAnim, { toValue: 1, tension: 80, friction: 10, useNativeDriver: true }),; 119: const handleSelectCard = (pt: any, idx: number) => {; 186: : 'Choose your account type to start offering medical services'}; 192: opacity: cardsAnim,; 202: <TouchableOpacity onPress={() => handleSelectCard(pt, idx)} activeOpacity={0.85}>; 204: backgroundColor: theme.card,	4: * ║ Splash · Welcome · Login · ForgotPassword · OTP · PendingApproval ║; 41: ]).start(() => setTimeout(onDone, 900));; 102: show(msg, 'error');; 103: if (msg.includes('Network Error') || msg.includes('Network request failed')) {; 107: } catch (err: any) {; 108: const msg = err.message || err.error || err;; 109: show(AR ? `خطأ: ${msg}` : `Error: ${msg}`, 'error');; 111: if (String(msg).includes('Network') || String(msg).includes('Network request failed') || String(msg).includes('timeout')) {	Traceability required; no execution performed	Complete member read from baseline archive bytes; no product code changed
NabdProvider-provider.zip	src/screens/facility/FacilityAnnouncementsScreen.tsx	8b6f09493f5b9b155c2dfb28a03ab3731a6a53722d05a93b6a026fd71fc8f5ae	98	OWNED_SOURCE_OR_CONFIG	ui/screen	pharmacy/orders	YES	audit-artifacts/phase0d/phase0d-provider/evidence/src_screens_facility_FacilityAnnouncementsScreen.tsx.md	Complete decoded member bytes; static semantic signals	1-98	8: export function FacilityAnnouncementsScreen({ onBack }: { onBack: () => void }) {; 68: <NBtn label={AR ? 'نشر التعميم' : 'Broadcast'} loading={sending} onPress={handleBroadcast} style={{ marginTop: SP.md }} />	6: import client from '../../api/client';	83: {ann.sender || (AR ? 'الإدارة' : 'Admin')}	1: import React, { useState, useEffect, useCallback } from 'react';; 4: import { NHeader, NCard, NScroll, NBtn, NEmpty } from '../../components/ui';; 14: const [message, setMessage] = useState('');; 15: const [announcements, setAnnouncements] = useState<any[]>([]);; 16: const [loading, setLoading] = useState(true);; 17: const [sending, setSending] = useState(false);; 23: } catch { setAnnouncements([]); } finally { setLoading(false); }; 34: show(AR ? 'تم نشر التعميم' : 'Announcement published', 'success');	4: import { NHeader, NCard, NScroll, NBtn, NEmpty } from '../../components/ui';; 48: <NCard style={{ marginBottom: SP.xl, backgroundColor: theme.primaryLight, borderColor: theme.primary }}>; 69: </NCard>; 80: <NCard key={ann.id} style={{ marginBottom: SP.md }}>; 92: </NCard>	4: import { NHeader, NCard, NScroll, NBtn, NEmpty } from '../../components/ui';; 16: const [loading, setLoading] = useState(true);; 23: } catch { setAnnouncements([]); } finally { setLoading(false); }; 36: } catch (err: any) {; 37: show(err?.response?.data?.message || (AR ? 'فشل نشر التعميم' : 'Failed to publish'), 'error');; 68: <NBtn label={AR ? 'نشر التعميم' : 'Broadcast'} loading={sending} onPress={handleBroadcast} style={{ marginTop: SP.md }} />; 75: {loading ? (; 78: <NEmpty title={AR ? 'لا توجد تعاميم بعد' : 'No announcements yet'} subtitle={AR ? 'أول تعميم تنشره سيظهر هنا' : 'Announcements you publish will appear here'} />	Traceability required; no execution performed	Complete member read from baseline archive bytes; no product code changed
NabdProvider-provider.zip	src/screens/facility/FacilityRegistration.tsx	af9cef5840c337b0f249438899b1347fbdc887ce35338c0e9135a06a44f6c4bb	1176	OWNED_SOURCE_OR_CONFIG	ui/screen	pharmacy/orders	YES	audit-artifacts/phase0d/phase0d-provider/evidence/src_screens_facility_FacilityRegistration.tsx.md	Complete decoded member bytes; static semantic signals	1-1176	16: import { RegistrationSuccess } from '../shared/SharedScreens';; 20: import { SuccessScreen } from '../../components/SuccessScreen';; 81: const [submitted, setSubmitted] = useState(false);; 89: const screens: Record<number, React.ReactElement> = {; 90: 8: <SuccessScreen onDone={() => { setShowSuccess(false); onDone(); }} />,; 101: {screens[step] ?? null}; 156: await ProviderApi.login(data.managerPhone, data.password);; 158: await ProviderApi.login(data.managerPhone, data.password);	19: import { sendEmailOtp, verifyEmailOtp } from '../../api/otp';; 25: import { ProviderApi, sanitizeWizardData } from '../../api/provider';; 26: import { useInsuranceCatalog, useServicesCatalog } from '../../api/catalogs';	18: import { OtpModal } from '../../components/OtpModal';; 19: import { sendEmailOtp, verifyEmailOtp } from '../../api/otp';; 67: signatureData: string; loading?: boolean; signerName: string; signerRole: string; termsAgreed: boolean;; 75: city: '', fullAddress: '', location: {lat: 0, lng: 0}, subProviders: [], cashOnly: false, acceptedInsurance: [], hasInsuranceCoordinator: false, signatureData: '', signerName: '', signerRole: '', termsAgreed: false, loading: false; 96: 6: <Step6AdminWarning data={data} update={update} onNext={next} onBack={back} step={step} total={TOTAL} />,; 156: await ProviderApi.login(data.managerPhone, data.password);; 158: await ProviderApi.login(data.managerPhone, data.password);; 221: const { status } = await ImagePicker.requestCameraPermissionsAsync();	1: import React, { useState, useRef, useCallback } from 'react';; 16: import { RegistrationSuccess } from '../shared/SharedScreens';; 20: import { SuccessScreen } from '../../components/SuccessScreen';; 67: signatureData: string; loading?: boolean; signerName: string; signerRole: string; termsAgreed: boolean;; 75: city: '', fullAddress: '', location: {lat: 0, lng: 0}, subProviders: [], cashOnly: false, acceptedInsurance: [], hasInsuranceCoordinator: false, signatureData: '', signerName: '', signerRole: '', termsAgreed: false, loading: false; 79: const [step, setStep] = useState(1);; 80: const [data, setData] = useState<FacilityRegData>(INIT);; 81: const [submitted, setSubmitted] = useState(false);	9: NCheckbox, NHeader, NScroll, NSheet, NCard,; 14: import { SP, R, FS, FW, INSURANCE, CITIES, SPECIALTIES, DEGREES, LAB_TESTS, RAD_SCANS, NURSING_SVCS , LANGS } from '../../constants';; 26: import { useInsuranceCatalog, useServicesCatalog } from '../../api/catalogs';; 62: subProviders: any[]; // { type: 'doctor'|'lab'|'pharmacy', nameAr: string, nameEn: string, license: string, hasInsuranceEmp: boolean, ... }; 63: // Insurance; 64: cashOnly: boolean;; 65: acceptedInsurance: { companyId: string; plans: string[] }[];; 66: hasInsuranceCoordinator: boolean;	"67: signatureData: string; loading?: boolean; signerName: string; signerRole: string; termsAgreed: boolean;; 75: city: '', fullAddress: '', location: {lat: 0, lng: 0}, subProviders: [], cashOnly: false, acceptedInsurance: [], hasInsuranceCoordinator: false, signatureData: '', signerName: '', signerRole: '', termsAgreed: false, loading: false; 102: <Modal visible={data.loading} transparent animationType=""fade"">; 147: update({ loading: true });; 157: } catch (e) {; 161: } catch (e: any) {; 162: show(Array.isArray(e.response?.data?.message) ? e.response?.data?.message[0] : (e.response?.data?.message || e.message || 'Error occurred'), 'error');; 164: update({ loading: false });"	Traceability required; no execution performed	Complete member read from baseline archive bytes; no product code changed
NabdProvider-provider.zip	src/screens/facility/FacilityLeaveRequestsScreen.tsx	0185d7bf6ae37fe566b60774b50e32c80d8eaf82916dd61ce2836648ae7ee562	105	OWNED_SOURCE_OR_CONFIG	ui/screen	pharmacy/orders	YES	audit-artifacts/phase0d/phase0d-provider/evidence/src_screens_facility_FacilityLeaveRequestsScreen.tsx.md	Complete decoded member bytes; static semantic signals	1-105	21: export function FacilityLeaveRequestsScreen({ onBack }: { onBack: () => void }) {; 84: onPress={() => handleAction(req.id, 'rejected')}; 90: onPress={() => handleAction(req.id, 'approved')}	6: import { ProviderApi } from '../../api/provider';; 19: import client from '../../api/client';		1: import React, { useState } from 'react';; 16: status: 'pending' | 'approved' | 'rejected';; 23: const [requests, setRequests] = useState<LeaveRequest[]>([]);; 24: const [loading, setLoading] = useState(true);; 32: setLoading(true);; 36: console.warn('Failed to fetch leave requests', e);; 38: setLoading(false);; 42: const handleAction = async (id: string, action: 'approved' | 'rejected') => {	4: import { NHeader, NCard, NBadge, NBtn, NScroll } from '../../components/ui';; 58: <NCard key={req.id}>; 94: </NCard>	16: status: 'pending' | 'approved' | 'rejected';; 24: const [loading, setLoading] = useState(true);; 32: setLoading(true);; 35: } catch (e) {; 36: console.warn('Failed to fetch leave requests', e);; 38: setLoading(false);; 47: } catch (e) {; 48: show(AR ? 'حدث خطأ' : 'An error occurred', 'error');	Traceability required; no execution performed	Complete member read from baseline archive bytes; no product code changed
NabdProvider-provider.zip	src/screens/facility/FacilityAuditLogScreen.tsx	f4835e692c52ca8903496085615b4aac82b89aea9666e04f1077edd8e1f15c53	59	OWNED_SOURCE_OR_CONFIG	ui/screen	pharmacy/orders	YES	audit-artifacts/phase0d/phase0d-provider/evidence/src_screens_facility_FacilityAuditLogScreen.tsx.md	Complete decoded member bytes; static semantic signals	1-59	8: export function FacilityAuditLogScreen({ onBack }: { onBack: () => void }) {	6: import client from '../../api/client';		1: import React, { useState } from 'react';; 13: const [auditLogs, setAuditLogs] = useState<any[]>([]);	4: import { NHeader, NCard, NScroll, NBadge } from '../../components/ui';; 34: <NCard key={log.id} style={{ marginBottom: SP.md, borderLeftWidth: 4, borderLeftColor: log.severity === 'danger' ? theme.danger : log.severity === 'warning' ? theme.warn : theme.primary }}>; 53: </NCard>	18: .catch(() => setAuditLogs([]));	Traceability required; no execution performed	Complete member read from baseline archive bytes; no product code changed
NabdProvider-provider.zip	src/screens/facility/FacilityResourcesScreen.tsx	0b3239a7b6336724d9f1f9d5ecaa52d1984dc8dbe075797ad0df4f893a088bd2	150	OWNED_SOURCE_OR_CONFIG	ui/screen	pharmacy/orders	YES	audit-artifacts/phase0d/phase0d-provider/evidence/src_screens_facility_FacilityResourcesScreen.tsx.md	Complete decoded member bytes; static semantic signals	1-150	15: export function FacilityResourcesScreen({ onBack }: { onBack: () => void }) {; 76: <TouchableOpacity key={f.id} onPress={() => setFilterType(f.id)}; 92: <NSecHeader title={AR ? 'الموارد المسجلة' : 'Registered Resources'} />; 93: <TouchableOpacity style={{ padding: SP.xs }} onPress={() => setShowAdd(v => !v)}>; 94: <Text style={{ color: theme.primary, fontWeight: FW.bold }}>{showAdd ? (AR ? 'إلغاء' : 'Cancel') : (AR ? '+ إضافة مورد' : '+ Add Resource')}</Text>; 104: <TouchableOpacity key={t.id} onPress={() => setAddType(t.id)}; 110: <NBtn label={AR ? 'حفظ المورد' : 'Save Resource'} loading={saving} onPress={handleAdd} />; 117: <NEmpty title={AR ? 'لا توجد موارد مسجلة' : 'No resources registered'} subtitle={AR ? 'أضف غرف العمليات والعيادات والأجهزة لإدارتها' : 'Add ORs, clinics and equipment to manage them'} />	6: import client from '../../api/client';		1: import React, { useState, useEffect, useCallback } from 'react';; 4: import { NHeader, NCard, NBtn, NSecHeader, NScroll, NBadge, NInput, NEmpty } from '../../components/ui';; 21: const [resources, setResources] = useState<any[]>([]);; 22: const [loading, setLoading] = useState(true);; 23: const [filterType, setFilterType] = useState<string>('all');; 24: const [showAdd, setShowAdd] = useState(false);; 25: const [nameAr, setNameAr] = useState('');; 26: const [nameEn, setNameEn] = useState('');	4: import { NHeader, NCard, NBtn, NSecHeader, NScroll, NBadge, NInput, NEmpty } from '../../components/ui';; 99: <NCard style={{ marginBottom: SP.lg }}>; 111: </NCard>; 119: <NCard key={res.id} style={{ marginBottom: SP.md }}>; 144: </NCard>	4: import { NHeader, NCard, NBtn, NSecHeader, NScroll, NBadge, NInput, NEmpty } from '../../components/ui';; 22: const [loading, setLoading] = useState(true);; 35: } catch { setResources([]); } finally { setLoading(false); }; 42: show(AR ? 'أدخل اسم المورد' : 'Enter resource name', 'error');; 51: } catch (err: any) {; 52: show(err?.response?.data?.message || (AR ? 'فشل إضافة المورد' : 'Failed to add resource'), 'error');; 62: } catch (err: any) {; 63: show(err?.response?.data?.message || (AR ? 'فشل تحديث الحالة' : 'Status update failed'), 'error');	Traceability required; no execution performed	Complete member read from baseline archive bytes; no product code changed
NabdProvider-provider.zip	src/screens/facility/FacilityUnifiedCalendarScreen.tsx	725394aa34f8fa086355cf44f4e2defb5d0f37e922683604241e3d4f1830eca7	58	OWNED_SOURCE_OR_CONFIG	ui/screen	pharmacy/orders	YES	audit-artifacts/phase0d/phase0d-provider/evidence/src_screens_facility_FacilityUnifiedCalendarScreen.tsx.md	Complete decoded member bytes; static semantic signals	1-58	8: export function FacilityUnifiedCalendarScreen({ onBack }: { onBack: () => void }) {	6: import client from '../../api/client';		1: import React, { useState } from 'react';; 13: const [events, setEvents] = useState<any[]>([]);	4: import { NHeader, NCard, NScroll, NBadge } from '../../components/ui';; 34: <NCard key={ev.id} style={{ marginBottom: SP.md, borderLeftWidth: 4, borderLeftColor: ev.type === 'surgery' ? theme.warn : ev.type === 'emergency' ? theme.danger : theme.primary }}>; 52: </NCard>	18: .catch(() => setEvents([]));	Traceability required; no execution performed	Complete member read from baseline archive bytes; no product code changed
NabdProvider-provider.zip	src/screens/facility/FacilityPatientTrackerScreen.tsx	c4e2a3ed2e91ac53d2f88b142c4af55a8b1448b80818ff09bfe159377bd0eebb	79	OWNED_SOURCE_OR_CONFIG	ui/screen	pharmacy/orders	YES	audit-artifacts/phase0d/phase0d-provider/evidence/src_screens_facility_FacilityPatientTrackerScreen.tsx.md	Complete decoded member bytes; static semantic signals	1-79	8: export function FacilityPatientTrackerScreen({ onBack }: { onBack: () => void }) {	6: import client from '../../api/client';		1: import React, { useState } from 'react';; 13: const [patients, setPatients] = useState<any[]>([]);; 34: <NCard key={patient.id} style={{ marginBottom: SP.md, borderLeftWidth: 4, borderLeftColor: patient.status === 'critical' ? theme.danger : patient.status === 'observation' ? theme.warn : theme.success }}>; 45: label={patient.status === 'critical' ? (AR ? 'حرج' : 'Critical') : patient.status === 'observation' ? (AR ? 'تحت الملاحظة' : 'Observation') : (AR ? 'مستقر' : 'Stable')}; 46: variant={patient.status === 'critical' ? 'danger' : patient.status === 'observation' ? 'warning' : 'success'}	4: import { NHeader, NCard, NScroll, NBadge } from '../../components/ui';; 34: <NCard key={patient.id} style={{ marginBottom: SP.md, borderLeftWidth: 4, borderLeftColor: patient.status === 'critical' ? theme.danger : patient.status === 'observation' ? theme.warn : theme.success }}>; 73: </NCard>	18: .catch(() => setPatients([]));	Traceability required; no execution performed	Complete member read from baseline archive bytes; no product code changed
NabdProvider-provider.zip	src/screens/facility/FacilityInvitationScreen.tsx	1c4a76f9bf2eb576ab3af0de8b9f388dd24e22e43b4166418d0d9923a9ee86a7	147	OWNED_SOURCE_OR_CONFIG	ui/screen	pharmacy/orders	YES	audit-artifacts/phase0d/phase0d-provider/evidence/src_screens_facility_FacilityInvitationScreen.tsx.md	Complete decoded member bytes; static semantic signals	1-147	9: export function FacilityInvitationScreen({ onBack, preRole }: { onBack: () => void; preRole?: string }) {; 86: <NBtn label={AR ? 'عودة للإدارة' : 'Back to Management'} onPress={onBack} />; 141: onPress={handleInvite}	7: import client from '../../api/client';	9: export function FacilityInvitationScreen({ onBack, preRole }: { onBack: () => void; preRole?: string }) {; 19: // Permission Matrix State; 33: const PERMISSION_LABELS = [; 55: role: preRole || 'doctor',; 56: permissions: perms,; 84: : `A notification has been sent to (${identifier}). Once accepted, they will join the facility staff with the specified permissions.`}; 113: <NSecHeader title={AR ? 'مصفوفة الصلاحيات (Permission Matrix)' : 'Permission Matrix'} />; 119: {PERMISSION_LABELS.map((p, i) => (	1: import React, { useState } from 'react';; 15: const [identifier, setIdentifier] = useState('');; 16: const [loading, setLoading] = useState(false);; 17: const [invited, setInvited] = useState(false);; 19: // Permission Matrix State; 20: const [perms, setPerms] = useState({; 51: setLoading(true);; 59: show(AR ? 'تم إرسال الدعوة بنجاح' : 'Invitation sent successfully', 'success');	4: import { NHeader, NCard, NInput, NBtn, NSecHeader, NScroll } from '../../components/ui';; 23: insurance: true,; 30: manage_wallet: false; 36: { key: 'insurance', ar: 'شركات التأمين', en: 'Insurance Networks' },; 43: { key: 'manage_wallet', ar: 'إدارة المحفظة المالية', en: 'Manage Wallet' },; 96: <NCard style={{ backgroundColor: theme.infoBg, marginBottom: SP.xl }}>; 102: </NCard>	16: const [loading, setLoading] = useState(false);; 51: setLoading(true);; 60: } catch (e: any) {; 62: if (st === 404) show(AR ? 'لا يوجد حساب مزود بهذا المعرف' : 'No provider account with this identifier', 'error');; 63: else if (st === 400) show(AR ? 'تعذر إرسال الدعوة — تحقق من البيانات' : 'Could not send invitation', 'error');; 64: else show(AR ? 'حدث خطأ أثناء إرسال الدعوة' : 'Error sending invitation', 'error');; 66: setLoading(false);; 142: loading={loading}	Traceability required; no execution performed	Complete member read from baseline archive bytes; no product code changed
NabdProvider-provider.zip	src/screens/facility/DischargeSummaryScreen.tsx	d3b426c588120d3178ecd2c88320498b7511c923ac65a0a08c8d6a0e61ca899c	171	OWNED_SOURCE_OR_CONFIG	ui/screen	pharmacy/orders	YES	audit-artifacts/phase0d/phase0d-provider/evidence/src_screens_facility_DischargeSummaryScreen.tsx.md	Complete decoded member bytes; static semantic signals	1-171	8: export function DischargeSummaryScreen({ onBack, admission }: { onBack: () => void; admission?: any }) {; 80: <TouchableOpacity key={a.id} onPress={() => setSelected(a)}>; 162: onPress={handleSave}	6: import client from '../../api/client';		1: import React, { useState, useEffect } from 'react';; 14: const [admissions, setAdmissions] = useState<any[]>([]);; 15: const [selected, setSelected] = useState<any>(admission || null);; 16: const [loading, setLoading] = useState(!admission);; 17: const [saving, setSaving] = useState(false);; 19: const [diagnosis, setDiagnosis] = useState('');; 20: const [medications, setMedications] = useState('');; 21: const [instructions, setInstructions] = useState('');	4: import { NHeader, NCard, NScroll, NBtn, NBadge } from '../../components/ui';; 74: <NCard style={{ padding: SP.lg, alignItems: 'center' }}>; 78: </NCard>; 81: <NCard style={{ marginBottom: SP.sm }}>; 93: </NCard>; 99: <NCard style={{ marginBottom: SP.xl }}>; 110: </NCard>	16: const [loading, setLoading] = useState(!admission);; 30: .catch(() => setAdmissions([])); 31: .finally(() => setLoading(false));; 52: } catch (e: any) {; 54: show(typeof msg === 'string' ? msg : (AR ? 'تعذر حفظ ملخص الخروج' : 'Could not save discharge summary'), 'error');; 66: {loading ? (	Traceability required; no execution performed	Complete member read from baseline archive bytes; no product code changed
NabdProvider-provider.zip	src/screens/facility/FacilityProfileConfigScreen.tsx	ca2f44fbe4b882edcb7065499fa321b9ec31b34e85e8549fadfc2a5de7662e73	120	OWNED_SOURCE_OR_CONFIG	ui/screen	pharmacy/orders	YES	audit-artifacts/phase0d/phase0d-provider/evidence/src_screens_facility_FacilityProfileConfigScreen.tsx.md	Complete decoded member bytes; static semantic signals	1-120	8: export function FacilityProfileConfigScreen({ onBack }: { onBack: () => void }) {; 99: onPress={() => toggleSpec(sp.id)}; 117: <NBtn label={AR ? 'حفظ التحديثات' : 'Save Updates'} onPress={handleSave} loading={saving} style={{ marginBottom: SP.xl }} />	6: import client from '../../api/client';		1: import React, { useState, useEffect } from 'react';; 14: const [facilityName, setFacilityName] = useState('');; 15: const [descAr, setDescAr] = useState('');; 16: const [descEn, setDescEn] = useState('');; 17: const [website, setWebsite] = useState('');; 18: const [whatsapp, setWhatsapp] = useState('');; 19: const [selectedSpecs, setSelectedSpecs] = useState<string[]>([]);; 20: const [saving, setSaving] = useState(false);	4: import { NHeader, NCard, NInput, NBtn, NSecHeader, NBadge, NScroll } from '../../components/ui';; 75: <NCard style={{ marginBottom: SP.xl, alignItems: 'center', padding: SP.xl }}>; 80: </NCard>; 92: <NCard style={{ marginBottom: SP.xl }}>; 115: </NCard>	21: const [loading, setLoading] = useState(true);; 34: } catch {; 35: show(AR ? 'تعذر تحميل ملف المنشأة' : 'Could not load facility profile', 'error');; 36: } finally { setLoading(false); }; 52: } catch (err: any) {; 53: show(err?.response?.data?.message || (AR ? 'فشل حفظ الملف' : 'Failed to save profile'), 'error');; 61: if (loading) {; 117: <NBtn label={AR ? 'حفظ التحديثات' : 'Save Updates'} onPress={handleSave} loading={saving} style={{ marginBottom: SP.xl }} />	Traceability required; no execution performed	Complete member read from baseline archive bytes; no product code changed
NabdProvider-provider.zip	src/screens/facility/FacilityInternalChatScreen.tsx	e24674b2fa1cd28bf10c828ac5c62ae7d17e8fad8cb416a5f4a0f49f3ebec6c5	126	OWNED_SOURCE_OR_CONFIG	ui/screen	pharmacy/orders	YES	audit-artifacts/phase0d/phase0d-provider/evidence/src_screens_facility_FacilityInternalChatScreen.tsx.md	Complete decoded member bytes; static semantic signals	1-126	9: export function FacilityInternalChatScreen({ onBack }: { onBack: () => void }) {; 88: <TouchableOpacity onPress={handleSend} style={{ width: 60, height: 44, borderRadius: R.full, backgroundColor: theme.primary, alignItems: 'center', justifyContent: 'center' }}>; 106: <TouchableOpacity key={ch.id} onPress={() => setActiveChat(ch.id)}>	7: import client from '../../api/client';	42: sender: m.sender_id === user?.id ? (AR ? 'أنت' : 'You') : (m.sender_role || '—'),	1: import React, { useState, useEffect } from 'react';; 16: const [activeChat, setActiveChat] = useState<string | null>(null);; 17: const [channels, setChannels] = useState<any[]>([]);; 18: const [messages, setMessages] = useState<any[]>([]);; 19: const [inputText, setInputText] = useState('');; 59: show(AR ? 'تعذر إرسال الرسالة' : 'Failed to send', 'error');	4: import { NHeader, NCard, NScroll } from '../../components/ui';; 107: <NCard style={{ marginBottom: SP.md, flexDirection: AR ? 'row-reverse' : 'row', alignItems: 'center', gap: SP.md }}>; 120: </NCard>	32: .catch(() => setChannels([]));; 48: .catch(() => setMessages([]));; 58: } catch (e) {; 59: show(AR ? 'تعذر إرسال الرسالة' : 'Failed to send', 'error');	Traceability required; no execution performed	Complete member read from baseline archive bytes; no product code changed
NabdProvider-provider.zip	src/screens/facility/FacilityDashboard.tsx	2393908aee819d18dd0c62a0b1a6adf5f34383c4a966e6a143aa734ca71a12fb	2472	OWNED_SOURCE_OR_CONFIG	ui/screen	pharmacy/orders	YES	audit-artifacts/phase0d/phase0d-provider/evidence/src_screens_facility_FacilityDashboard.tsx.md	Complete decoded member bytes; static semantic signals	1-2472	7: * ║ SubAccountsScreen — manage doctors / staff sub-accounts ║; 8: * ║ AddSubAccountScreen — add new doctor/staff with Credential Card ║; 9: * ║ DepartmentManagementScreen — manage departments + assigned doctors ║; 10: * ║ ShiftManagementScreen — shift scheduling + substitutes ║; 11: * ║ BedManagementScreen — bed availability + ICU + admissions ║; 12: * ║ UnifiedScheduleScreen — facility-wide appointment calendar ║; 13: * ║ QRCheckinScreen — patient QR check-in system ║; 14: * ║ InsuranceClaimsHubScreen — all insurance claims management ║	40: import client from '../../api/client';; 41: import { InsuranceRequestsScreen } from '../shared/InsuranceRequestsScreen';; 344: // revenue/appointments from /provider/stats/today, staff from subaccounts.; 1440: await client.patch(`/care/appointments/${encodeURIComponent(apptId)}/check-in`);; 1593: client.get('/insurance/requests/provider/queue'); 1691: client.get('/provider/ops/wallet/ledger'); 2335: const resBookings = await client.get('/home-care/bookings/nursing/all');; 2338: const resNurses = await client.get('/home-care/providers?availability=now');	"26: RefreshControl, ActivityIndicator, Modal; 28: import { CameraView, useCameraPermissions } from 'expo-camera';; 70: function FacilityOrdersTab({ onNavigate, onRefresh }: any) {; 125: export function FacilityDashboardNavigator({ onLogout }: { onLogout: () => void }) {; 187: {activeTab === 'orders' && <FacilityOrdersTab onNavigate={go} surgeries={surgeries} wards={wards} onRefresh={fetchWardsAndSurgeries} />}; 190: {activeTab === 'settings' && <FacilitySettingsScreen onLogout={onLogout} onNavigate={go} />}; 203: <Stack.Screen name=""add_subaccount"">{({ navigation, route }: any) => <FacilityInvitationScreen onBack={() => navigation.goBack()} preRole={route.params?.param} />}</Stack.Screen>; 209: <Stack.Screen name=""beds"">{({ navigation }: any) => <BedManagementScreen onBack={() => navigation.goBack()} wards={wards} onRefresh={fetchWardsAndSurgeries} />}</Stack.Screen>"	22: import React, { useState, useRef, useEffect } from 'react';; 34: NSettingsRow, NSecHeader, NConfirm, NEmpty, NSkeleton,; 73: const [tab, setTab] = useState<'pending'|'active'>('pending');; 74: const [orders, setOrders] = useState<any[]>([]);; 87: <TouchableOpacity style={{ flex: 1, padding: SP.md, alignItems: 'center', borderBottomWidth: tab === 'pending' ? 2 : 0, borderColor: theme.primary }} onPress={() => setTab('pending')}>; 88: <Text style={{ color: tab === 'pending' ? theme.primary : theme.textSub, fontWeight: FW.bold }}>{AR ? 'طلبات جديدة' : 'New'}</Text>; 91: <Text style={{ color: tab === 'active' ? theme.primary : theme.textSub, fontWeight: FW.bold }}>{AR ? 'مؤكدة' : 'Confirmed'}</Text>; 95: {tab === 'pending' && (	8: * ║ AddSubAccountScreen — add new doctor/staff with Credential Card ║; 14: * ║ InsuranceClaimsHubScreen — all insurance claims management ║; 32: NBtn, NCard, NInput, NPhoneInput, NStatCard, NAvatar,; 35: NOnlineToggle, NBottomNav, NDivider, NPriceInput, NRadio; 41: import { InsuranceRequestsScreen } from '../shared/InsuranceRequestsScreen';; 59: import { MedicalJobsScreen, MedicalDrugIndexScreen, InsuranceConfigScreen, CertificatesConfigScreen, MediaConfigScreen, ProviderWalletScreen, ProviderHomeStats, GlobalSystemSettings, StatisticsReports } from '../shared/SharedScreens';; 99: <NCard key={order.id} style={{ marginBottom: SP.md }} onPress={() => onNavigate('order_detail', order)}>; 104: <Text style={{ color: theme.textSub, marginTop: SP.sm, textAlign: AR ? 'right' : 'left' }}>{order.svc} - {order.total} SAR</Text>	"34: NSettingsRow, NSecHeader, NConfirm, NEmpty, NSkeleton,; 73: const [tab, setTab] = useState<'pending'|'active'>('pending');; 87: <TouchableOpacity style={{ flex: 1, padding: SP.md, alignItems: 'center', borderBottomWidth: tab === 'pending' ? 2 : 0, borderColor: theme.primary }} onPress={() => setTab('pending')}>; 88: <Text style={{ color: tab === 'pending' ? theme.primary : theme.textSub, fontWeight: FW.bold }}>{AR ? 'طلبات جديدة' : 'New'}</Text>; 95: {tab === 'pending' && (; 97: {orders.length === 0 && <NEmpty title={AR ? 'لا توجد طلبات' : 'No Orders'} icon=""document"" />}; 112: <NEmpty title={AR ? 'لا توجد مواعيد' : 'No Appointments'} icon=""calendar"" />; 132: const [loading, setLoading] = useState(false);"	Traceability required; no execution performed	Complete member read from baseline archive bytes; no product code changed
NabdProvider-provider.zip	src/screens/ambulance/AmbulanceRegistration.tsx	0f6ec165362c07179af6a911b96e871c5b9e076fb8c4244c14fa920ff3620870	257	OWNED_SOURCE_OR_CONFIG	ui/screen	pharmacy/orders	YES	audit-artifacts/phase0d/phase0d-provider/evidence/src_screens_ambulance_AmbulanceRegistration.tsx.md	Complete decoded member bytes; static semantic signals	1-257	"11: import { RegistrationSuccess } from '../shared/SharedScreens';; 40: const [submitted, setSub] = useState(false);; 45: if (submitted) return <RegistrationSuccess onDone={onDone} email={data.managerEmail} providerType=""ambulance"" />;; 52: {step === 4 && <AS4BankSubmit data={data} update={update} onDone={() => setSub(true)} onBack={back} step={step} total={TOTAL} />}; 83: await ProviderApi.login(data.managerPhone, data.password);; 86: // Account may already exist from a previous attempt — try continuing via login; 88: await ProviderApi.login(data.managerPhone, data.password);; 113: <TouchableOpacity key={l.id} onPress={() => update({ languages: on ? data.languages.filter((x: string) => x !== l.id) : [...(data.languages || []), l.id] })}"	3: import { ProviderApi, sanitizeWizardData } from '../../api/provider';	83: await ProviderApi.login(data.managerPhone, data.password);; 86: // Account may already exist from a previous attempt — try continuing via login; 88: await ProviderApi.login(data.managerPhone, data.password);; 230: show(AR ? 'تم إرسال الطلب بنجاح! سيظهر للمرضى بعد اعتماد الإدارة' : 'Submitted! Visible to patients after admin approval', 'success');	"1: import React, { useState } from 'react';; 11: import { RegistrationSuccess } from '../shared/SharedScreens';; 38: const [step, setStep] = useState(1);; 39: const [data, setData] = useState<AmbRegData>(INITIAL);; 40: const [submitted, setSub] = useState(false);; 45: if (submitted) return <RegistrationSuccess onDone={onDone} email={data.managerEmail} providerType=""ambulance"" />;; 60: const [errs, setErrs] = useState<any>({});; 61: const [loading, setLoading] = useState(false);"	6: NBtn, NCard, NInput, NPhoneInput,; 20: equipmentText: string; coverageRadius: string;; 21: acceptsCash: boolean; acceptedInsurance: string[];; 30: equipmentText: '', coverageRadius: '',; 31: acceptsCash: true, acceptedInsurance: [],; 35: const TOTAL = 4;; 49: {step === 1 && <AS1Account data={data} update={update} onNext={next} onBack={back} step={step} total={TOTAL} />}; 50: {step === 2 && <AS2Service data={data} update={update} onNext={next} onBack={back} step={step} total={TOTAL} />}	61: const [loading, setLoading] = useState(false);; 74: setLoading(true);; 85: } catch (e: any) {; 90: } catch {; 94: setLoading(false);; 102: <NInput label={AR ? 'اسم المسؤول' : 'Manager name'} value={data.managerName} onChange={(v: string) => update({ managerName: v })} error={errs.managerName} />; 103: <NPhoneInput label={AR ? 'رقم الجوال' : 'Mobile number'} value={data.managerPhone} onChange={(v: string) => update({ managerPhone: v })} error={errs.managerPhone} />; 105: <NInput label={AR ? 'كلمة المرور' : 'Password'} value={data.password} onChange={(v: string) => update({ password: v })} secure error={errs.password} />	Traceability required; no execution performed	Complete member read from baseline archive bytes; no product code changed
NabdProvider-provider.zip	src/screens/ambulance/AmbulanceDashboard.tsx	f678b853dbacc4d9173ebebaf2b70439ef26e6d89aab136e736f93bc7b7ade4e	461	OWNED_SOURCE_OR_CONFIG	ui/screen	pharmacy/orders	YES	audit-artifacts/phase0d/phase0d-provider/evidence/src_screens_ambulance_AmbulanceDashboard.tsx.md	Complete decoded member bytes; static semantic signals	1-461	3: * Screens: Home (SOS pool + missions) · ActiveMission (ETA+GPS) · Handover ·; 21: import { FleetScreen } from '../shared/FleetScreen';; 26: function AmbulanceHomeScreen({ onNavigate }: { onNavigate: (s: string, p?: any) => void }) {; 90: <TouchableOpacity key={m.id} onPress={() => onNavigate('mission', { id: m.id })}>; 137: onPress={() => claim(m.id)}; 144: <TouchableOpacity onPress={() => onNavigate('fleet')}>; 149: <TouchableOpacity onPress={() => onNavigate('history')}>; 160: function ActiveMissionScreen({ mission, onBack, onNavigate }: { mission: any; onBack: () => void; onNavigate: (s: string, p?: any) => void }) {	20: import client from '../../api/client';; 370: client.get('/provider/ops/wallet/ledger?limit=50')	9: ActivityIndicator, RefreshControl,; 37: const [refreshing, setRefreshing] = useState(false);; 58: const onRefresh = async () => { setRefreshing(true); await load(); setRefreshing(false); };; 83: <ScrollView refreshControl={<RefreshControl refreshing={refreshing} onRefresh={onRefresh} tintColor={theme.danger} />}; 117: subtitle={AR ? 'ابقَ متصلاً — تصلك النداءات فورياً كل 15 ثانية' : 'Stay online — calls refresh every 15s'}; 174: const { status } = await Location.requestForegroundPermissionsAsync();; 425: export function AmbulanceDashboardNavigator({ onLogout }: { onLogout: () => void }) {	6: import React, { useState, useEffect, useCallback, useRef } from 'react';; 17: NSecHeader, NOnlineToggle, NEmpty,; 34: const [pool, setPool] = useState<any[]>([]);; 35: const [mine, setMine] = useState<any[]>([]);; 36: const [loading, setLoading] = useState(true);; 37: const [refreshing, setRefreshing] = useState(false);; 38: const [claiming, setClaiming] = useState<string | null>(null);; 48: setLoading(false);	16: NBtn, NCard, NAvatar, NBadge, NHeader, NScroll, NInput,; 91: <NCard style={{ marginBottom: SP.md, borderLeftWidth: 4, borderLeftColor: theme.danger }}>; 106: </NCard>; 121: <NCard key={m.id} style={{ marginBottom: SP.md }}>; 141: </NCard>; 145: <NCard style={{ marginTop: SP.md, alignItems: 'center' }}>; 147: </NCard>; 150: <NCard style={{ marginTop: SP.md, alignItems: 'center' }}>	17: NSecHeader, NOnlineToggle, NEmpty,; 36: const [loading, setLoading] = useState(true);; 45: } catch {; 48: setLoading(false);; 67: } catch (e: any) {; 70: : (AR ? 'تعذر قبول المهمة' : 'Could not claim mission'), 'error');; 113: {loading && <ActivityIndicator color={theme.danger} style={{ marginTop: SP.xl }} />}; 114: {!loading && pool.length === 0 && (	Traceability required; no execution performed	Complete member read from baseline archive bytes; no product code changed
NabdProvider-provider.zip	src/screens/shared/RegistrationSuccess.tsx	0027df5ba2cc3849acdce143e6eba90fc16f12ba68bcc1c557da23f3a965ad7b	181	OWNED_SOURCE_OR_CONFIG	ui/screen	pharmacy/orders	YES	audit-artifacts/phase0d/phase0d-provider/evidence/src_screens_shared_RegistrationSuccess.tsx.md	Complete decoded member bytes; static semantic signals	1-181	52: /** Download the signed partnership contract PDF (only when admin granted visibility). */; 53: const downloadContract = async () => {; 72: else show(AR ? 'تعذر تحميل العقد' : 'Could not download the contract', 'error');; 85: {AR ? 'تم إرسال طلبك بنجاح!' : 'Application Submitted!'}; 103: onPress={handleSendOtp}; 129: onPress={handleVerify}; 151: onPress={downloadContract}; 158: {AR ? 'تحميل عقد الشراكة الموقّع' : 'Download Signed Partnership Contract'}	5: import client from '../../api/client';; 6: import { sendEmailOtp, verifyEmailOtp } from '../../api/otp';	6: import { sendEmailOtp, verifyEmailOtp } from '../../api/otp';; 16: const [otpSent, setOtpSent] = useState(false);; 17: const [otp, setOtp] = useState('');; 21: const handleSendOtp = async () => {; 25: await sendEmailOtp(email);; 26: setOtpSent(true);; 34: if (!otp || otp.length < 6) {; 40: const ok = await verifyEmailOtp(email || '', otp);	1: import React, { useState } from 'react';; 9: export function RegistrationSuccess({ onDone, email, providerType = 'provider' }: { onDone: () => void; email?: string; providerType?: string }) {; 15: const [loading, setLoading] = useState(false);; 16: const [otpSent, setOtpSent] = useState(false);; 17: const [otp, setOtp] = useState('');; 18: const [verified, setVerified] = useState(false);; 19: const [contractLoading, setContractLoading] = useState(false);; 22: if (!email) { show(AR ? 'لا يوجد بريد إلكتروني مسجل' : 'No email on file', 'error'); return; }	93: <View style={{ width: '100%', backgroundColor: theme.card, padding: 20, borderRadius: 16, borderWidth: 1, borderColor: theme.border, marginBottom: 24 }}>; 142: <View style={{ width: '100%', backgroundColor: theme.card, padding: 16, borderRadius: 12, borderWidth: 1, borderColor: theme.border, marginBottom: 24, flexDirection: 'row', alignItems: 'center' }}>; 172: style={{ width: '100%', backgroundColor: theme.card, padding: 16, borderRadius: 12, alignItems: 'center', borderWidth: 1, borderColor: theme.border }}>	15: const [loading, setLoading] = useState(false);; 19: const [contractLoading, setContractLoading] = useState(false);; 22: if (!email) { show(AR ? 'لا يوجد بريد إلكتروني مسجل' : 'No email on file', 'error'); return; }; 23: setLoading(true);; 28: } catch {; 29: show(AR ? 'تعذر إرسال الرمز — حاول بعد قليل' : 'Could not send code — try again shortly', 'error');; 30: } finally { setLoading(false); }; 35: show(AR ? 'الرمز غير صحيح' : 'Invalid code', 'error');	Traceability required; no execution performed	Complete member read from baseline archive bytes; no product code changed
NabdProvider-provider.zip	src/screens/shared/LiveKitRoomProvider.tsx	3a63053a168797a4f4f2ad3c6ca676ba9d8187ce651a1ca978dd46bafa7f26b6	79	OWNED_SOURCE_OR_CONFIG	ui/screen	pharmacy/orders	YES	audit-artifacts/phase0d/phase0d-provider/evidence/src_screens_shared_LiveKitRoomProvider.tsx.md	Complete decoded member bytes; static semantic signals	1-79	9: route: { params: { roomId: string } };; 19: navigation.goBack();; 31: <TouchableOpacity style={[styles.btn, { backgroundColor: theme.red }]} onPress={handleEndCall}>; 39: export const LiveKitRoomProvider = ({ route, navigation }: LiveKitRoomProviderProps) => {; 40: const { roomId } = route.params;	47: const res = await apiFetch(`/calls/${roomId}/join`, { method: 'POST' });	"42: const [token, setToken] = useState<string | null>(null);; 45: const fetchToken = async () => {; 48: setToken(res.token);; 50: // Token fetch failed — room join will gracefully timeout; 53: fetchToken();; 56: if (!token) return <View style={styles.center}><ActivityIndicator size=""large"" /></View>;; 61: token={token}"	2: import React, { useState, useEffect } from 'react';; 42: const [token, setToken] = useState<string | null>(null);; 50: // Token fetch failed — room join will gracefully timeout		49: } catch (err) {; 50: // Token fetch failed — room join will gracefully timeout	Traceability required; no execution performed	Complete member read from baseline archive bytes; no product code changed
NabdProvider-provider.zip	src/screens/shared/RealScreens.tsx	9b925666429223807ecd50bf6f36597016939cb7176b432fb43a15b617fcb431	410	OWNED_SOURCE_OR_CONFIG	ui/screen	pharmacy/orders	YES	audit-artifacts/phase0d/phase0d-provider/evidence/src_screens_shared_RealScreens.tsx.md	Complete decoded member bytes; static semantic signals	1-410	"8: // 1. REVIEWS AND RATINGS SCREEN; 9: export function ReviewsAndRatingsScreen({ onBack }: { onBack: () => void }) {; 73: <NBtn label={AR ? 'إرسال الرد' : 'Send'} size=""sm"" onPress={() => handleReply(rev.id)} />; 74: <NBtn label={AR ? 'إلغاء' : 'Cancel'} size=""sm"" variant=""outline"" onPress={() => setSelectedId(null)} />; 78: <TouchableOpacity onPress={() => { setSelectedId(rev.id); setReplyText(''); }}>; 91: // 2. WORKING HOURS EDITOR SCREEN; 102: export function WorkingHoursEditorScreen({ onBack }: { onBack: () => void }) {; 165: show(typeof msg === 'string' ? msg : (AR ? 'تعذر حفظ أوقات العمل — تحقق من الاتصال وحاول مجدداً' : 'Could not save working hours — check connection and retry'), 'error');"	6: import client from '../../api/client';; 313: client.get('/provider/notifications')	260: {AR ? 'إرسال رمز تحقق OTP إلى جوالك عند تسجيل الدخول' : 'Send OTP code on login'}	"1: import React, { useState, useEffect, useCallback } from 'react';; 4: import { NHeader, NCard, NBtn, NInput, NBadge, NScroll, NEmpty } from '../../components/ui';; 14: const [reviews, setReviews] = useState<any[]>([]);; 15: const [replyText, setReplyText] = useState('');; 16: const [selectedId, setSelectedId] = useState<string | null>(null);; 28: show(AR ? 'تم إرسال الرد بنجاح' : 'Reply sent successfully', 'success');; 33: show(AR ? 'تعذر إرسال الرد' : 'Failed to send reply', 'error');; 74: <NBtn label={AR ? 'إلغاء' : 'Cancel'} size=""sm"" variant=""outline"" onPress={() => setSelectedId(null)} />"	4: import { NHeader, NCard, NBtn, NInput, NBadge, NScroll, NEmpty } from '../../components/ui';; 41: <NCard style={{ marginBottom: SP.md, alignItems: 'center', padding: SP.lg }}>; 46: </NCard>; 49: <NCard key={rev.id} style={{ marginBottom: SP.md }}>; 84: </NCard>; 194: <NCard key={item.day} style={{ marginBottom: SP.sm }}>; 214: </NCard>; 253: <NCard style={{ marginBottom: SP.md }}>	"4: import { NHeader, NCard, NBtn, NInput, NBadge, NScroll, NEmpty } from '../../components/ui';; 21: .catch(() => setReviews([]));; 32: } catch (e) {; 33: show(AR ? 'تعذر إرسال الرد' : 'Failed to send reply', 'error');; 74: <NBtn label={AR ? 'إلغاء' : 'Cancel'} size=""sm"" variant=""outline"" onPress={() => setSelectedId(null)} />; 108: const [loading, setLoading] = useState(true);; 114: setLoading(true); setLoadErr(false);; 128: } catch {"	Traceability required; no execution performed	Complete member read from baseline archive bytes; no product code changed
NabdProvider-provider.zip	src/screens/shared/InsuranceRequestsScreen.tsx	ac809655973b76f48db7f6da1f69cf896860e4f545470e55dcb62f1ac86aae98	284	OWNED_SOURCE_OR_CONFIG	ui/screen	pharmacy/orders	YES	audit-artifacts/phase0d/phase0d-provider/evidence/src_screens_shared_InsuranceRequestsScreen.tsx.md	Complete decoded member bytes; static semantic signals	1-284	27: export function InsuranceRequestsScreen({ onBack }: { onBack: () => void }) {; 43: const [submitting, setSubmitting] = useState(false);; 70: const submitDecision = async () => {; 88: setSubmitting(true);; 96: show(e?.message || (AR ? 'تعذر إرسال القرار' : 'Failed to submit decision'), 'error');; 98: setSubmitting(false);; 129: actionLabel={AR ? 'إعادة المحاولة' : 'Retry'}; 177: onPress={() => openDecision(req)}	6: * Backend: GET  /insurance/requests/provider/queue; 7: *          POST /insurance/requests/:id/decide; 15: import client from '../../api/client';; 49: const res = await client.get('/insurance/requests/provider/queue');; 90: const res = await client.post(`/insurance/requests/${target.id}/decide`, body);	11: import { View, Text, TouchableOpacity, Modal, TextInput, RefreshControl, ActivityIndicator } from 'react-native';; 35: const [refreshing, setRefreshing] = useState(false);; 45: const load = useCallback(async (isRefresh = false) => {; 46: if (isRefresh) setRefreshing(true); else setLoading(true);; 57: setRefreshing(false);; 110: <NScroll refreshControl={<RefreshControl refreshing={refreshing} onRefresh={() => load(true)} tintColor={theme.primary} />}>	10: import React, { useCallback, useEffect, useState } from 'react';; 13: import { NHeader, NCard, NBtn, NScroll, NBadge, NEmpty, NSkeleton } from '../../components/ui';; 19: const STATE_META: Record<string, { ar: string; en: string; variant: string }> = {; 20: PENDING_PROVIDER_REVIEW: { ar: 'بانتظار قرارك', en: 'Awaiting your decision', variant: 'warn' },; 21: APPROVED_FULL: { ar: 'قبول كلي', en: 'Fully approved', variant: 'success' },; 22: COPAY_PENDING: { ar: 'بانتظار دفع المريض', en: 'Awaiting patient copay', variant: 'info' },; 23: COPAY_PAID: { ar: 'تم الدفع — ابدأ الخدمة', en: 'Paid — start service', variant: 'success' },; 24: REJECTED: { ar: 'مرفوض', en: 'Rejected', variant: 'danger' },	3: * NABDAH PLUS – M4 · PROVIDER INSURANCE REQUESTS QUEUE (BR-2); 5: *   قبول كلي · قبول جزئي (نسبة copay) · رفض مع سبب; 6: * Backend: GET  /insurance/requests/provider/queue; 7: *          POST /insurance/requests/:id/decide; 13: import { NHeader, NCard, NBtn, NScroll, NBadge, NEmpty, NSkeleton } from '../../components/ui';; 22: COPAY_PENDING: { ar: 'بانتظار دفع المريض', en: 'Awaiting patient copay', variant: 'info' },; 23: COPAY_PAID: { ar: 'تم الدفع — ابدأ الخدمة', en: 'Paid — start service', variant: 'success' },; 27: export function InsuranceRequestsScreen({ onBack }: { onBack: () => void }) {	13: import { NHeader, NCard, NBtn, NScroll, NBadge, NEmpty, NSkeleton } from '../../components/ui';; 20: PENDING_PROVIDER_REVIEW: { ar: 'بانتظار قرارك', en: 'Awaiting your decision', variant: 'warn' },; 22: COPAY_PENDING: { ar: 'بانتظار دفع المريض', en: 'Awaiting patient copay', variant: 'info' },; 34: const [loading, setLoading] = useState(true);; 46: if (isRefresh) setRefreshing(true); else setLoading(true);; 52: } catch (e: any) {; 53: const msg = e?.message || (AR ? 'تعذر تحميل طلبات التأمين' : 'Failed to load insurance requests');; 56: setLoading(false);	Traceability required; no execution performed	Complete member read from baseline archive bytes; no product code changed
NabdProvider-provider.zip	src/screens/shared/BlueprintScreens.tsx	f0684e7e1e24dccb0991c144e48c203843fd5d98eea514db6f2097838a5b8875	1408	OWNED_SOURCE_OR_CONFIG	ui/screen	pharmacy/orders	YES	audit-artifacts/phase0d/phase0d-provider/evidence/src_screens_shared_BlueprintScreens.tsx.md	Complete decoded member bytes; static semantic signals	1-1408	"5: * ║ NABDAH PLUS — BLUEPRINT SCREENS (12 MODULES) ║; 8: * ║ 01. PromotionsDashboard & CreateCampaignScreen ║; 10: * ║ 03. SubscriptionsAdsScreen & AffiliatePortal ║; 16: * ║ 09. SosDispatchScreen & GpsRouterScreen ║; 19: * ║ 12. LabSampleScannerScreen & LabResultEntryScreen ║; 75: <TouchableOpacity onPress={onBack}><I name=""back"" size={20} color={theme.primary} /></TouchableOpacity>; 77: <TouchableOpacity onPress={() => onNavigate('create_promo')}><I name=""plus"" size={20} color={theme.primary} /></TouchableOpacity>; 108: <NBtn label={AR ? ' إنشاء عرض جديد' : ' Create New Promotion'} onPress={() => onNavigate('create_promo')} style={{ marginTop: SP.xl }} />"	29: import client from '../../api/client';; 702: client.get('/provider/ops/wallet/ledger'); 837: await client.post('/home-care/notes', { patient_id: patientId, note });; 1330: const res = await client.get('/labs/samples');; 1351: await client.patch(`/labs/samples/${sam.id}/stage`, { stage: 'analyzing' });	258: show(AR ? 'تم إرسال طلب الحملة الإعلانية — ستُفعّل بعد مراجعة الإدارة' : 'Ad campaign submitted — goes live after admin review', 'success');; 830: const patientId = selectedPatient?.patient_id || selectedPatient?.patientId || selectedPatient?.patient?.id;; 831: if (!patientId) {; 837: await client.post('/home-care/notes', { patient_id: patientId, note });; 883: const pid = p.patient_id || p.patientId || p.patient?.id || i;; 885: const sel = selectedPatient && (selectedPatient.patient_id || selectedPatient.patientId || selectedPatient.patient?.id) === (p.patient_id || p.patientId || p.patient?.id);; 937: const [patientId, setPatientId] = useState('patient_1');; 981: patient_id: patientId,	22: import React, { useState, useEffect, useRef, useCallback } from 'react';; 53: const [promos, setPromos] = useState<any[]>([]);; 54: const [loading, setLoading] = useState(false);; 57: setLoading(true);; 62: show(AR ? 'فشل تحميل العروض الترويجية' : 'Failed to load promotions', 'error');; 64: setLoading(false);; 82: {loading && <ActivityIndicator color={theme.primary} style={{ marginVertical: SP.xl }} />}; 83: {!loading && promos.length === 0 && (	31: NBtn, NCard, NInput, NBadge, NHeader, NScroll, NDivider,; 32: NPriceInput, NToggle, NSearch, NSecHeader, NStatCard, NAvatar,; 89: <NCard key={item._id || item.id} style={{ marginBottom: SP.lg }}>; 102: <Text style={{ fontSize: FS.xs, color: theme.textSub }}> {item.discounted_price} {AR?'ريال':'SAR'} <Text style={{ textDecorationLine:'line-through' }}>{item.original_price} {AR?'ريال':'SAR'}</Text></Text>; 105: </NCard>; 122: const [origPrice, setOrigPrice] = useState('');; 123: const [discPrice, setDiscPrice] = useState('');; 129: if (!title.trim() || !origPrice || !discPrice) {	54: const [loading, setLoading] = useState(false);; 57: setLoading(true);; 61: } catch (e) {; 62: show(AR ? 'فشل تحميل العروض الترويجية' : 'Failed to load promotions', 'error');; 64: setLoading(false);; 82: {loading && <ActivityIndicator color={theme.primary} style={{ marginVertical: SP.xl }} />}; 83: {!loading && promos.length === 0 && (; 95: label={AR ? (item.status === 'approved' ? 'مقبول' : item.status === 'pending' ? 'انتظار' : 'مؤرشف') : item.status.toUpperCase()}	Traceability required; no execution performed	Complete member read from baseline archive bytes; no product code changed
NabdProvider-provider.zip	src/screens/shared/VideoCallRoom.tsx	4b8518590d971c3fb3a18a77fa5de23d12084d55e7f8edd97d235b5a6a4e6ad6	252	OWNED_SOURCE_OR_CONFIG	ui/screen	consultation/booking	YES	audit-artifacts/phase0d/phase0d-provider/evidence/src_screens_shared_VideoCallRoom.tsx.md	Complete decoded member bytes; static semantic signals	1-252	10: * honest error with retry — never a fake video feed.; 19: let registerGlobals: any = () => {};; 25: registerGlobals = lk.registerGlobals;; 36: let globalsRegistered = false;; 38: if (!globalsRegistered) {; 39: try { registerGlobals(); } catch { /* already registered */ }; 40: globalsRegistered = true;; 183: {AR ? 'تعذر الاتصال بالغرفة — تحقق من الشبكة ثم أعد المحاولة' : 'Could not join the room — check your network and retry'}	30: import client from '../../api/client';; 109: room.on(RoomEvent.TrackSubscribed, (track: Track) => {; 112: room.on(RoomEvent.TrackUnsubscribed, (track: Track) => {	5: *   1. POST /calls/initiate { appointmentId, call_type: 'video' } → { session_id | id }; 6: *   2. POST /calls/:sessionId/join → { token, room_name }; 8: *   4. POST /calls/:sessionId/end on hang-up; 18: let AudioSession: any = { startAudioSession: async () => {}, stopAudioSession: () => {} };; 24: AudioSession = lk.AudioSession;; 45: /** Appointment id used to initiate/join the call session. */; 51: /** Called after the room disconnects and the backend session is ended. */; 69: const sessionRef = useRef<string | null>(null);	10: * honest error with retry — never a fake video feed.; 12: import React, { useEffect, useRef, useState } from 'react';; 16: // the bundle loads fine there; video UI is hidden and an honest error is shown.; 60: const [phase, setPhase] = useState<'connecting' | 'connected' | 'error'>('connecting');; 61: const [errMsg, setErrMsg] = useState('');; 62: const [remoteTrack, setRemoteTrack] = useState<Track | null>(null);; 63: const [localTrack, setLocalTrack] = useState<Track | null>(null);; 64: const [micOn, setMicOn] = useState(true);		"9: * No fake ""connected"" UI: while connecting shows a spinner, on failure an; 10: * honest error with retry — never a fake video feed.; 16: // the bundle loads fine there; video UI is hidden and an honest error is shown.; 27: } catch {; 39: try { registerGlobals(); } catch { /* already registered */ }; 60: const [phase, setPhase] = useState<'connecting' | 'connected' | 'error'>('connecting');; 74: setPhase('error');; 88: if (!sessionId) throw new Error('no_session');"	Traceability required; no execution performed	Complete member read from baseline archive bytes; no product code changed
NabdProvider-provider.zip	src/screens/shared/ProviderHome.tsx	c67cf757045bf0320048a20b4ddb3a758df9ae368c4feb986fd28b6e2d3beeb8	88	OWNED_SOURCE_OR_CONFIG	ui/screen	pharmacy/orders	YES	audit-artifacts/phase0d/phase0d-provider/evidence/src_screens_shared_ProviderHome.tsx.md	Complete decoded member bytes; static semantic signals	1-88	35: navigation.navigate('LiveKitRoomProvider', { roomId: item.roomId });; 37: navigation.navigate('PharmacyChatResponder', { threadId: item.threadId, patientName: item.name });; 66: onPress={() => handleAction(item)}	18: const res = await apiFetch('/pharmacy/orders/pending');; 21: const res = await apiFetch('/calls/provider/waiting-room');		2: import React, { useState, useEffect } from 'react';; 10: const [items, setItems] = useState<any[]>([]);; 11: const [loading, setLoading] = useState(false);; 15: setLoading(true);; 18: const res = await apiFetch('/pharmacy/orders/pending');; 28: setLoading(false);; 48: {loading ? (	56: <View style={[styles.card, { backgroundColor: theme.surface }]}>; 57: <View style={styles.cardHeader}>; 58: <Text style={[styles.cardName, { color: theme.text }]}>{item.name}</Text>; 83: card: { padding: 20, borderRadius: 12, marginBottom: 15, elevation: 2 },; 84: cardHeader: { flexDirection: 'row', justifyContent: 'space-between', marginBottom: 10 },; 85: cardName: { fontSize: 18, fontWeight: 'bold' },	11: const [loading, setLoading] = useState(false);; 15: setLoading(true);; 18: const res = await apiFetch('/pharmacy/orders/pending');; 24: } catch (err) {; 28: setLoading(false);; 48: {loading ? (	Traceability required; no execution performed	Complete member read from baseline archive bytes; no product code changed
NabdProvider-provider.zip	src/screens/shared/RealScreensExtended.tsx	05a03ac4b21bbdc1a080d97e392581ceca97e68968fd3df76f415e16605fb408	507	OWNED_SOURCE_OR_CONFIG	ui/screen	pharmacy/orders	YES	audit-artifacts/phase0d/phase0d-provider/evidence/src_screens_shared_RealScreensExtended.tsx.md	Complete decoded member bytes; static semantic signals	1-507	9: // 1. PHARMACY QR MENU SCREEN; 10: export function PharmacyQRMenuScreen({ onBack }: { onBack: () => void }) {; 25: <NBtn label={AR ? 'تحميل بطاقة الرمز المطبوعة PDF' : 'Download Printable PDF'} onPress={() => show(AR ? 'جاري التحميل...' : 'Downloading...', 'info')} style={{ width: '100%' }} />; 31: // 2. CHRONIC DISEASE PROGRAM SCREEN; 32: export function ChronicDiseaseProgramScreen({ onBack }: { onBack: () => void }) {; 90: // 3. DELIVERY TRACKING SCREEN; 91: export function DeliveryTrackingScreen({ order, onBack }: { order?: any; onBack: () => void }) {; 133: ? (AR ? `المندوب: ${courierName} (في الطريق للمريض)` : `Driver: ${courierName} (En route to patient)`)	7: import client from '../../api/client';; 38: client.get('/pharmacy/orders/refills'); 99: client.get('/provider/pharmacy/allocations', { params: { status: 'out_for_delivery' } }); 162: client.get('/pharmacy/orders/refills'); 268: const res = await client.get('/pharmacy/inventory/expiry');	231: show(AR ? 'تم إرسال الصنف لمراجعة الإدارة واعتماده' : 'Product submitted for admin review and approval', 'success');; 348: show(AR ? 'تم إرسال البلاغ للإدارة — سيصلك الرد عبر الدعم' : 'Report sent to admin — you will be answered via support', 'success');	1: import React, { useState, useEffect, useCallback } from 'react';; 4: import { NHeader, NCard, NBtn, NInput, NBadge, NScroll, NEmpty, NSecHeader } from '../../components/ui';; 25: <NBtn label={AR ? 'تحميل بطاقة الرمز المطبوعة PDF' : 'Download Printable PDF'} onPress={() => show(AR ? 'جاري التحميل...' : 'Downloading...', 'info')} style={{ width: '100%' }} />; 34: const [patients, setPatients] = useState<any[]>([]);; 35: const [loading, setLoading] = useState(true);; 45: status: o.state || 'Active',; 49: .finally(() => setLoading(false));; 61: {AR ? `${loading ? '…' : patients.length} مريضاً في برنامج إعادة الصرف` : `${loading ? '…' : patients.length} patients in refill program`}	4: import { NHeader, NCard, NBtn, NInput, NBadge, NScroll, NEmpty, NSecHeader } from '../../components/ui';; 16: <NCard style={{ width: '100%', alignItems: 'center', padding: SP.xl, marginBottom: SP.md }}>; 24: </NCard>; 56: <NCard style={{ marginBottom: SP.md, backgroundColor: theme.primary, padding: SP.lg }}>; 63: </NCard>; 67: <NCard style={{ alignItems: 'center', paddingVertical: SP.xxl }}>; 69: </NCard>; 72: <NCard key={p.id} style={{ marginBottom: SP.sm }}>	4: import { NHeader, NCard, NBtn, NInput, NBadge, NScroll, NEmpty, NSecHeader } from '../../components/ui';; 25: <NBtn label={AR ? 'تحميل بطاقة الرمز المطبوعة PDF' : 'Download Printable PDF'} onPress={() => show(AR ? 'جاري التحميل...' : 'Downloading...', 'info')} style={{ width: '100%' }} />; 35: const [loading, setLoading] = useState(true);; 48: .catch(() => setPatients([])); 49: .finally(() => setLoading(false));; 61: {AR ? `${loading ? '…' : patients.length} مريضاً في برنامج إعادة الصرف` : `${loading ? '…' : patients.length} patients in refill program`}; 65: {loading && <ActivityIndicator color={theme.primary} style={{ marginVertical: SP.xl }} />}; 66: {!loading && patients.length === 0 && (	Traceability required; no execution performed	Complete member read from baseline archive bytes; no product code changed
NabdProvider-provider.zip	src/screens/shared/SharedScreens.tsx	38b739bf782fbcd618ddb2d9b7fdf4be627b420eba1b3ec2eff9658cf0024183	3097	OWNED_SOURCE_OR_CONFIG	ui/screen	pharmacy/orders	YES	audit-artifacts/phase0d/phase0d-provider/evidence/src_screens_shared_SharedScreens.tsx.md	Complete decoded member bytes; static semantic signals	1-3097	"5: * ║ NABDAH PLUS – PHASE 6 · SHARED ADVANCED SCREENS ║; 6: * ║ 11 screens shared across ALL 6 provider types ║; 12: * ║ 05. OnboardingTutorial — intro slides (3-4 pages) ║; 66: name: t.name || t.booking_kind || '—',; 92: <TouchableOpacity onPress={onBack}><I name=""back"" size={20} color={theme.primary} /></TouchableOpacity>; 109: <TouchableOpacity onPress={() => setActiveChat(conv)}; 182: <TouchableOpacity onPress={onBack} style={{ padding: SP.xs }}><I name=""back"" size={20} color={theme.primary} /></TouchableOpacity>; 193: <TouchableOpacity onPress={() => show(AR ? 'بدء مكالمة صوتية' : 'Starting voice call', 'info')}>"	28: import client from '../../api/client';; 42: import { useInsuranceCatalog } from '../../api/catalogs';; 293: client.get('/provider/notifications'); 2004: const res = await fetch(`${API_BASE}/drugs/categories`, { headers });; 2024: const res = await fetch(`${API_BASE}/drugs?${q.toString()}`, { headers });; 2044: const res = await fetch(`${API_BASE}/drugs/${selectedDrug.id}`, { headers });; 2936: client.get('/provider/wallet'),; 2937: client.get('/provider/wallet/transactions').catch(() => ({ data: [] })),	453: { id: 'd1', name: 'iPhone 15 Pro', os: 'iOS 18.2', lastLogin: AR ? 'الآن — نشط' : 'Now — Active', current: true },; 454: { id: 'd2', name: 'MacBook Pro', os: 'macOS 15.1', lastLogin: AR ? 'أمس 14:30' : 'Yesterday 14:30', current: false },; 455: { id: 'd3', name: 'Samsung Galaxy S24', os: 'Android 15', lastLogin: AR ? '3 أيام' : '3 days ago', current: false },; 465: sub={AR ? 'طبقة حماية إضافية — رمز يُرسل لجوالك عند كل تسجيل دخول' : 'Extra security layer — code sent to phone on each login'}; 470: <NToggle label={AR ? 'تسجيل دخول بالبصمة / الوجه' : 'Biometric Login'}; 471: sub={AR ? 'Face ID أو بصمة الإصبع لتسجيل الدخول السريع' : 'Face ID or fingerprint for quick login'}; 483: <Text style={{ fontSize: FS.xs, color: theme.textSub }}>{device.os} | {device.lastLogin}</Text>; 755: export function QRCodeSystem({ onBack }: { onBack: () => void; providerType?: string; providerId?: string }) {	10: * ║ 03. SupportCenter — tickets + FAQ + status ║; 21: import React, { useState, useRef, useEffect, useCallback } from 'react';; 22: import { AppointmentStatus } from '../../types/contracts';; 34: NSecHeader, NConfirm, NEmpty, NDivider, NPriceInput, NCheckbox; 53: const [activeChat, setActiveChat] = useState<any | null>(null);; 54: const [search, setSearch] = useState('');; 55: const [conversations, setConversations] = useState<any[]>([]);; 56: const [loading, setLoading] = useState(true);	32: NBtn, NCard, NInput, NStatCard, NAvatar, NBadge,; 34: NSecHeader, NConfirm, NEmpty, NDivider, NPriceInput, NCheckbox; 42: import { useInsuranceCatalog } from '../../api/catalogs';; 281: insurance: { icon: 'shield', color: '#4CAF50' },; 283: payment: { icon: 'wallet', color: '#FF9800' },; 345: ListEmptyComponent={<NCard style={{ alignItems: 'center', padding: SP.xxl }}>; 348: </NCard>}; 363: { id: 't1', subject_ar: 'مشكلة في الدفع', subject_en: 'Payment issue', status: 'open', date: 'اليوم', priority: 'high' },	34: NSecHeader, NConfirm, NEmpty, NDivider, NPriceInput, NCheckbox; 56: const [loading, setLoading] = useState(true);; 60: setLoading(true);; 71: } catch (err) {; 72: // API unavailable — show empty state (no demo data in production); 75: setLoading(false);; 101: {loading ? (; 103: <Text style={{ color: theme.textSub }}>{AR ? 'جاري التحميل...' : 'Loading...'}</Text>	Traceability required; no execution performed	Complete member read from baseline archive bytes; no product code changed
NabdProvider-provider.zip	src/screens/shared/PharmacyChatResponder.tsx	d7cd494ff03b93f67db0a310c09c508a074e899ebd6ee56ab670530ff8d98777	102	OWNED_SOURCE_OR_CONFIG	ui/screen	pharmacy/orders	YES	audit-artifacts/phase0d/phase0d-provider/evidence/src_screens_shared_PharmacyChatResponder.tsx.md	Complete decoded member bytes; static semantic signals	1-102	8: export const PharmacyChatResponder = ({ route, navigation }: any) => {; 9: const { threadId, patientName } = route.params;; 55: <TouchableOpacity onPress={() => navigation.goBack()}><Text style={{color: theme.primary, fontSize: 18}}>رجوع</Text></TouchableOpacity>; 72: <TouchableOpacity onPress={sendInvoice} style={[styles.iconBtn, { backgroundColor: theme.orange }]}>; 81: onSubmitEditing={send}; 83: <TouchableOpacity onPress={send} style={[styles.sendBtn, { backgroundColor: theme.primary }]}>	6: import { io, Socket } from 'socket.io-client';; 13: const [socket, setSocket] = useState<Socket | null>(null);; 16: // Connect Socket.IO; 17: const newSocket = io(process.env.EXPO_PUBLIC_BACKEND_URL || API_BASE.replace('/api/v1', ''), {; 18: transports: ['websocket'],; 20: setSocket(newSocket);; 23: apiFetch(`/pharmacy/chat/threads/${threadId}/messages`).then(res => {; 27: newSocket.on('pharmacy:message', (incomingMsg: any) => {		2: import React, { useState, useEffect } from 'react';; 11: const [messages, setMessages] = useState<any[]>([]);; 12: const [msg, setMsg] = useState('');; 13: const [socket, setSocket] = useState<Socket | null>(null);	46: const sendInvoice = () => {; 47: const invoiceMsg = { id: Date.now(), sender: 'pharm', type: 'invoice', text: 'تم إنشاء الفاتورة', time: 'الآن' };; 48: setMessages(prev => [...prev, invoiceMsg]);; 49: if (socket) socket.emit('pharmacy:message:send', invoiceMsg);; 65: {item.type === 'invoice' && <Text style={{ color: '#fff', fontWeight: 'bold', marginTop: 5 }}>فاتورة مرسلة للعميل 🧾</Text>}; 72: <TouchableOpacity onPress={sendInvoice} style={[styles.iconBtn, { backgroundColor: theme.orange }]}>		Traceability required; no execution performed	Complete member read from baseline archive bytes; no product code changed
NabdProvider-provider.zip	src/screens/shared/FleetScreen.tsx	312f31308df6804fe7ab90af6ff91c383cd23d9e848d9ba79f28872df3e490b8	201	OWNED_SOURCE_OR_CONFIG	ui/screen	pharmacy/orders	YES	audit-artifacts/phase0d/phase0d-provider/evidence/src_screens_shared_FleetScreen.tsx.md	Complete decoded member bytes; static semantic signals	1-201	"2: * FleetScreen — ambulance fleet management for BOTH dual-model owners:; 22: export function FleetScreen({ onBack }: { onBack: () => void }) {; 60: { text: AR ? 'إلغاء' : 'Cancel', style: 'cancel' },; 63: onPress: async () => {; 91: <NBtn label={AR ? ' إضافة مركبة' : ' Add Vehicle'} icon=""plus"" onPress={() => setShowForm(true)} style={{ marginBottom: SP.lg }} />; 95: onCancel={() => setShowForm(false)}; 103: <NEmpty title={AR ? 'تعذر تحميل الأسطول' : 'Could not load fleet'} subtitle={AR ? 'تحقق من الاتصال وحاول مجدداً' : 'Check connection and retry'} />; 104: <NBtn label={AR ? 'إعادة المحاولة' : 'Retry'} variant=""outline"" full={false} onPress={load} />"	9: import client from '../../api/client';	2: * FleetScreen — ambulance fleet management for BOTH dual-model owners:; 4: * Every vehicle is created as `pending` and can only serve after admin approval;; 16: pending: { ar: 'بانتظار اعتماد الإدارة', en: 'Pending admin review', variant: 'warning' },; 79: <NHeader title={AR ? ' أسطول الإسعاف' : ' Ambulance Fleet'} sub={AR ? 'المركبات تخدم بعد اعتماد الإدارة' : 'Vehicles serve after admin approval'} onBack={onBack} />; 85: {AR ? 'كل مركبة جديدة أو معدّلة تُراجع من إدارة نبض قبل دخولها الخدمة واستلام مهام الطوارئ.' : 'Every new or edited vehicle is reviewed by Nabd admin before it can take emergency missions.'}; 127: {v.status === 'rejected' && !!v.admin_notes && (; 129: {(AR ? 'سبب الرفض: ' : 'Rejection reason: ') + v.admin_notes}; 171: show(AR ? 'أُضيفت المركبة — بانتظار اعتماد الإدارة' : 'Vehicle added — pending admin approval', 'success');	4: * Every vehicle is created as `pending` and can only serve after admin approval;; 5: * editing an approved vehicle sends it back to review.; 7: import React, { useCallback, useEffect, useState } from 'react';; 11: import { NBtn, NCard, NInput, NHeader, NScroll, NToggle, NBadge, NEmpty } from '../../components/ui';; 15: const STATUS_META: Record<string, { ar: string; en: string; variant: any }> = {; 16: pending: { ar: 'بانتظار اعتماد الإدارة', en: 'Pending admin review', variant: 'warning' },; 17: approved: { ar: 'معتمدة', en: 'Approved', variant: 'success' },; 18: rejected: { ar: 'مرفوضة', en: 'Rejected', variant: 'danger' },	11: import { NBtn, NCard, NInput, NHeader, NScroll, NToggle, NBadge, NEmpty } from '../../components/ui';; 81: <NCard style={{ backgroundColor: theme.infoBg, marginBottom: SP.lg }}>; 88: </NCard>; 114: <NCard key={v.id} style={{ marginBottom: SP.md }}>; 138: </NCard>; 184: <NCard style={{ marginBottom: SP.lg, borderWidth: 1, borderColor: theme.primary + '40' }}>; 199: </NCard>	4: * Every vehicle is created as `pending` and can only serve after admin approval;; 11: import { NBtn, NCard, NInput, NHeader, NScroll, NToggle, NBadge, NEmpty } from '../../components/ui';; 16: pending: { ar: 'بانتظار اعتماد الإدارة', en: 'Pending admin review', variant: 'warning' },; 28: const [loading, setLoading] = useState(true);; 29: const [loadError, setLoadError] = useState(false);; 33: setLoading(true); setLoadError(false);; 37: } catch {; 38: setLoadError(true);	Traceability required; no execution performed	Complete member read from baseline archive bytes; no product code changed
NabdProvider-provider.zip	src/screens/nursing/NursingDashboard.tsx	0a11beb69e3d47f5cecf65095aabd329d5c66315ba66f865cfb22c997e72194d	1722	OWNED_SOURCE_OR_CONFIG	ui/screen	pharmacy/orders	YES	audit-artifacts/phase0d/phase0d-provider/evidence/src_screens_nursing_NursingDashboard.tsx.md	Complete decoded member bytes; static semantic signals	1-1722	2: * NABDAH PLUS – PHASE 5 · NURSING DASHBOARD (10 screens); 26: import { InsuranceRequestsScreen } from '../shared/InsuranceRequestsScreen';; 32: NDivider, NPriceInput, NCheckbox, NProfileImageUploader; 37: PromotionsDashboard, CreateCampaignScreen, ProfileWebConfig,; 38: SubscriptionsAdsScreen, AffiliatePortal, ReputationHub,; 40: SosDispatchScreen, GpsRouterScreen,; 42: } from '../shared/BlueprintScreens';; 43: import { MedicalJobsScreen, MedicalDrugIndexScreen, InsuranceConfigScreen, CertificatesConfigScreen, MediaConfigScreen, ProviderWalletScreen, ProviderHomeStats, GlobalSystemSettings } from '../shared/SharedScreens';	25: import client from '../../api/client';; 26: import { InsuranceRequestsScreen } from '../shared/InsuranceRequestsScreen';; 55: import { NursingFieldOps } from './NursingFieldOps';; 143: await client.post(`/nursing/visits/${incomingRequest.id}/respond`, { accept: true });; 153: await client.post(`/nursing/visits/${incomingRequest.id}/respond`, { accept: false });; 230: await client.post('/home-care/provider/availability', { available: nextVal });; 362: client.get('/nursing/jobs/active').then(res => setJobs(res.data || []));; 424: await client.post(`/home-care/bookings/${order.id}/respond`, { accept: true });	"20: Animated, FlatList, Alert, Dimensions, Switch, RefreshControl, TextInput,; 57: export function NursingDashboardNavigator({ onLogout }: { onLogout:()=>void }) {; 66: const [refreshing, setRefreshing] = useState(false);; 81: setRefreshing(true);; 97: setRefreshing(false);; 121: {tab==='home' && <NursingHome onNav={go} jobs={jobs} refreshing={refreshing} onRefresh={fetchJobs} onTriggerAlarm={() => setAlarmVisible(true)} />}; 125: {tab==='settings' && <NursingSettings onLogout={onLogout} onNav={go} />}; 176: <Stack.Screen name=""order_detail"">{({ navigation, route }: any) => <NursingFieldOps order={route.params?.param} onBack={() => navigation.goBack()} onRefresh={fetchJobs} />}</Stack.Screen>"	16: import React, { useState, useRef, useEffect, useCallback } from 'react';; 17: import { AppointmentStatus } from '../../types/contracts';; 31: NSecHeader, NConfirm, NEmpty, NOnlineToggle, NBottomNav,; 58: const [tab, setTab] = useState('home');; 59: const [scr, setScr] = useState<string|null>(null);; 60: const [prm, setPrm] = useState<any>(null);; 65: const [jobs, setJobs] = useState<any[]>([]);; 66: const [refreshing, setRefreshing] = useState(false);	"13: * 10. NursingWallet — earnings + cash-only payments; 26: import { InsuranceRequestsScreen } from '../shared/InsuranceRequestsScreen';; 29: NBtn, NCard, NInput, NStatCard, NAvatar, NBadge,; 32: NDivider, NPriceInput, NCheckbox, NProfileImageUploader; 43: import { MedicalJobsScreen, MedicalDrugIndexScreen, InsuranceConfigScreen, CertificatesConfigScreen, MediaConfigScreen, ProviderWalletScreen, ProviderHomeStats, GlobalSystemSettings } from '../shared/SharedScreens';; 185: <Stack.Screen name=""nursing_coverage"">{({ navigation }: any) => <NursingCoverageSettings onBack={() => navigation.goBack()} />}</Stack.Screen>; 202: <Stack.Screen name=""insurance_config"">{({ navigation }: any) => <InsuranceConfigScreen onBack={() => navigation.goBack()} />}</Stack.Screen>; 205: <Stack.Screen name=""wallet"">{({ navigation }: any) => <ProviderWalletScreen onBack={() => navigation.goBack()} onNavigate={(s: string, p?: any) => navigation.navigate(s, { param: p })} />}</Stack.Screen>"	31: NSecHeader, NConfirm, NEmpty, NOnlineToggle, NBottomNav,; 72: const pendingJob = jobs.find(o => o.status === 'pending' || o.raw?.state === 'PROVIDER_ASSIGNED');; 73: if (pendingJob) {; 74: setIncomingRequest(pendingJob);; 89: ...inc.data.map((x: any) => ({ ...x, status: 'pending' })),; 94: } catch (err: any) {; 95: setJobs([]); // Silent fail — show empty queue; 147: } catch (e: any) {	Traceability required; no execution performed	Complete member read from baseline archive bytes; no product code changed
NabdProvider-provider.zip	src/screens/nursing/NursingFieldOps.tsx	54e0b309678416542033816ef0a2b427bf23d96b30eeec2b13d03069c92d931a	317	OWNED_SOURCE_OR_CONFIG	ui/screen	pharmacy/orders	YES	audit-artifacts/phase0d/phase0d-provider/evidence/src_screens_nursing_NursingFieldOps.tsx.md	Complete decoded member bytes; static semantic signals	1-317	136: onPress={() => { Linking.openURL(`https://www.google.com/maps/search/?api=1&query=${encodeURIComponent(order?.address || 'Riyadh')}`); }}; 143: <NBtn label={AR ? 'بدء التحرك' : 'Start Transit'} loading={loading} onPress={handleStartTransit} disabled={!checklistComplete} />; 150: onPress={handleArrive}; 158: <NBtn label={AR ? 'بدء تقديم الرعاية' : 'Start Care'} loading={loading} onPress={() => updateState('start-care')} />; 167: onPress={() => updateState('no-show')}; 230: <TouchableOpacity onPress={() => setSignature(true)} style={{ padding: SP.md }}>; 239: onPress={() => updateState('complete', { vitals, clinical_notes: clinicalNotes, recommendations, signature_base64: 'signed' })}; 254: : 'Use this ONLY if patient is found in a critical condition requiring hospital transfer. Visit will be aborted and patient fully refunded.'}	3: import client from '../../api/client';; 67: const res = await client.post(`/nursing/visits/${order.id}/${endpoint}`, payload);	9: export function NursingFieldOps({ order, onBack, onRefresh }: { order: any, onBack: () => void, onRefresh: () => void }) {; 70: onRefresh();	1: import React, { useState, useEffect } from 'react';; 15: const [loading, setLoading] = useState(false);; 16: const [activeTab, setActiveTab] = useState<'map' | 'vitals' | 'notes' | 'emergency'>('map');; 18: // Visit states; 19: const [currentState, setCurrentState] = useState(order?.state || 'CONFIRMED');; 20: const [distance, setDistance] = useState(order?.distance || 1.2); // distance in km; 23: const [checklist, setChecklist] = useState({ meds: false, supplies: false, reachable: false, location: false });; 26: // No-Show Timer	4: import { NHeader, NCard, NBtn, NScroll } from '../../components/ui';; 64: const updateState = async (endpoint: string, payload: any = {}) => {; 67: const res = await client.post(`/nursing/visits/${order.id}/${endpoint}`, payload);; 98: <NCard style={{ marginBottom: SP.lg }}>; 117: </NCard>; 124: <NCard style={{ marginBottom: SP.lg, padding: 0, overflow: 'hidden' }}>; 140: </NCard>; 159: <NCard style={{ backgroundColor: theme.danger + '20', borderColor: theme.danger }}>	15: const [loading, setLoading] = useState(false);; 65: setLoading(true);; 74: } catch (err: any) {; 75: show(err.response?.data?.message || err.message, 'error');; 77: setLoading(false);; 83: show(AR ? 'يرجى إكمال القائمة المرجعية أولاً' : 'Please complete the pre-visit checklist', 'error');; 91: show(AR ? 'أنت بعيد عن الموقع (يجب أن تكون المسافة أقل من 500 متر)' : 'You are too far from the location (< 500m required)', 'error');; 143: <NBtn label={AR ? 'بدء التحرك' : 'Start Transit'} loading={loading} onPress={handleStartTransit} disabled={!checklistComplete} />	Traceability required; no execution performed	Complete member read from baseline archive bytes; no product code changed
NabdProvider-provider.zip	src/screens/nursing/NursingRegistration.tsx	ad140044fe6dcd23996b0657d22202fa5cf86129d99499e9f61adb419f4f7538	1041	OWNED_SOURCE_OR_CONFIG	ui/screen	diagnostics/homecare	YES	audit-artifacts/phase0d/phase0d-provider/evidence/src_screens_nursing_NursingRegistration.tsx.md	Complete decoded member bytes; static semantic signals	1-1041	"20: import { RegistrationSuccess } from '../shared/SharedScreens';; 24: import { SuccessScreen } from '../../components/SuccessScreen';; 76: // Submit; 99: const [submitted, setSub] = useState(false);; 104: if (submitted) return <RegistrationSuccess onDone={onDone} email={data.managerEmail} providerType=""nursing"" />;; 106: const screens: Record<number, React.ReactElement> = {; 113: 7: <PStep7SubmitAdminWarning data={data} update={update} onNext={next} onBack={back} step={step} total={TOTAL} />,; 116: return screens[step] ?? null;"	9: import { ProviderApi, sanitizeWizardData } from '../../api/provider';; 10: import { useInsuranceCatalog, useServicesCatalog } from '../../api/catalogs';; 23: import { sendEmailOtp, verifyEmailOtp } from '../../api/otp';	22: import { OtpModal } from '../../components/OtpModal';; 23: import { sendEmailOtp, verifyEmailOtp } from '../../api/otp';; 77: signatureData: string; signerName: string; signerRole: string;; 90: signatureData: '', signerName: '', signerRole: '', termsAgreed: false,; 113: 7: <PStep7SubmitAdminWarning data={data} update={update} onNext={next} onBack={back} step={step} total={TOTAL} />,; 158: await ProviderApi.login(data.managerPhone, data.password);; 162: await ProviderApi.login(data.managerPhone, data.password);; 164: } catch (loginErr: any) {	"1: import React, { useState, useCallback, useRef } from 'react';; 20: import { RegistrationSuccess } from '../shared/SharedScreens';; 24: import { SuccessScreen } from '../../components/SuccessScreen';; 95: const [step, setStep] = useState(1);; 96: const [data, setData] = useState<NurseRegData>(INIT);; 97: const [showMap, setShowMap] = useState(false);; 99: const [submitted, setSub] = useState(false);; 104: if (submitted) return <RegistrationSuccess onDone={onDone} email={data.managerEmail} providerType=""nursing"" />;"	10: import { useInsuranceCatalog, useServicesCatalog } from '../../api/catalogs';; 13: NBtn, NCard, NInput, NPhoneInput, NPassStrength,; 15: NHeader, NScroll, NPriceInput, NSearch, NDropdown, NDatePickerSheet; 19: import { SP, R, FS, FW, NURSING_SVCS, CITIES, INSURANCE, C , LANGS } from '../../constants';; 67: priceVisit: string; priceHour: string; priceDay: string; priceMonth: string;; 68: // Coverage & Map; 70: coverageRadius: number; coverageAreas: string[];; 73: // Insurance	"146: const [loading, setLoading] = useState(false);; 149: setLoading(true);; 160: } catch (e: any) {; 164: } catch (loginErr: any) {; 165: setErrs({ phone: e.message || 'Error' });; 168: setLoading(false);; 197: <NInput innerRef={nameArRef} label={AR ? 'الاسم الكامل بالعربي' : 'Name (Arabic)'} placeholder={AR ? (data.mode === 'company' ? 'شركة نبضة للتمريض' : 'ممرض/ة محمد أحمد') : (data.mode === 'company' ? 'Nabdah Nursing Co.' : 'Nurse Mohamed')} ; 220: <NInput innerRef={mgrNameRef} label={AR ? 'اسم المسؤول' : 'Manager Name'} value={data.managerName} onChange={v => update({ managerName: v })} required error={errs.mgr} caps=""words"" returnKey=""next"" onSubmit={() => emailRef.current?.focus()}"	Traceability required; no execution performed	Complete member read from baseline archive bytes; no product code changed
NabdProvider-provider.zip	src/screens/doctor/DoctorOpsScreens.tsx	c3ef6c3722aa3d589011fef38a717a6fdc2d0d31edf5d3376811479588e76ca1	334	OWNED_SOURCE_OR_CONFIG	ui/screen	pharmacy/orders	YES	audit-artifacts/phase0d/phase0d-provider/evidence/src_screens_doctor_DoctorOpsScreens.tsx.md	Complete decoded member bytes; static semantic signals	1-334	2: * Doctor Operations Screens — Phase-1 API integrations:; 18: export function DoctorLeavesScreen({ onBack }: { onBack: () => void }) {; 52: show(AR ? 'أُضيفت الإجازة — لن يستطيع المرضى الحجز فيها' : 'Leave added — patients cannot book during it', 'success');; 60: const cancel = async (id: string) => {; 63: show(AR ? 'أُلغيت الإجازة' : 'Leave cancelled', 'success');; 65: } catch { show(AR ? 'فشل الإلغاء' : 'Cancel failed', 'error'); }; 74: {AR ? 'أي حجز داخل فترة الإجازة يُمنع تلقائياً. صيغة التاريخ: YYYY-MM-DD' : 'Bookings inside leave periods are blocked automatically. Date format: YYYY-MM-DD'}; 81: <TouchableOpacity key={t.k} onPress={() => setType(t.k)}	15: import client from '../../api/client';	9: ActivityIndicator, RefreshControl, ScrollView, Alert,; 287: const unblock = async (patientId: string) => {; 289: await client.delete(`/provider/ops/doctor/blacklist/${patientId}`);	6: import React, { useState, useEffect, useCallback } from 'react';; 13: import { NBtn, NCard, NBadge, NHeader, NScroll, NInput, NSecHeader, NEmpty } from '../../components/ui';; 24: const [leaves, setLeaves] = useState<any[]>([]);; 25: const [loading, setLoading] = useState(true);; 26: const [start, setStart] = useState('');; 27: const [end, setEnd] = useState('');; 28: const [type, setType] = useState('vacation');; 29: const [note, setNote] = useState('');	13: import { NBtn, NCard, NBadge, NHeader, NScroll, NInput, NSecHeader, NEmpty } from '../../components/ui';; 72: <NCard style={{ marginBottom: SP.lg }}>; 76: </NCard>; 98: <NCard key={l.id} style={{ marginBottom: SP.sm }}>; 112: </NCard>; 181: <NCard key={t.id} style={{ marginBottom: SP.sm }}>; 194: </NCard>; 253: <NCard key={d.id} style={{ marginBottom: SP.sm, marginTop: SP.xs }}>	13: import { NBtn, NCard, NBadge, NHeader, NScroll, NInput, NSecHeader, NEmpty } from '../../components/ui';; 25: const [loading, setLoading] = useState(true);; 43: } catch { setLeaves([]); } finally { setLoading(false); }; 48: if (!start || !end) { show(AR ? 'حدد تاريخ البداية والنهاية' : 'Set start and end dates', 'error'); return; }; 55: } catch (e: any) {; 56: show(e?.response?.data?.message || (AR ? 'فشل الإضافة' : 'Failed to add'), 'error');; 60: const cancel = async (id: string) => {; 63: show(AR ? 'أُلغيت الإجازة' : 'Leave cancelled', 'success');	Traceability required; no execution performed	Complete member read from baseline archive bytes; no product code changed
NabdProvider-provider.zip	src/screens/doctor/DoctorDashboard.tsx	2ed3b2b33a3cde7d365561778436b84abe237a5daccf5ca1a0c59335815944b0	4322	OWNED_SOURCE_OR_CONFIG	ui/screen	pharmacy/orders	YES	audit-artifacts/phase0d/phase0d-provider/evidence/src_screens_doctor_DoctorDashboard.tsx.md	Complete decoded member bytes; static semantic signals	1-4322	3: * ║ NABDAH PLUS – PHASE 1 · DOCTOR DASHBOARD & ALL SCREENS ║; 22: NBottomNav, NDivider, NPriceInput, NProfileImageUploader; 28: import { WithdrawalWorkflow, MedicalJobsScreen, MedicalDrugIndexScreen, StatisticsReports, GlobalSystemSettings, ChatSystem } from '../shared/SharedScreens';; 33: import { FacilityInvitationsScreen } from './FacilityInvitationsScreen';; 35: PromotionsDashboard, CreateCampaignScreen, ProfileWebConfig,; 36: SubscriptionsAdsScreen, AffiliatePortal, ReputationHub,; 38: SmartOutboundReferralNetwork, SosDispatchScreen, GpsRouterScreen; 39: } from '../shared/BlueprintScreens';	9: import { io } from 'socket.io-client';; 27: import client from '../../api/client';; 172: let socketInstance: any = null;; 175: socketInstance = io(cleanUrl, {; 176: transports: ['websocket'],; 179: socketInstance.on('connect', () => socketInstance?.emit('joinProviderRoom', user.id));; 180: socketInstance.on('incoming_urgent_request', (payload: any) => {; 186: return () => { if (socketInstance) socketInstance.disconnect(); };	13: RefreshControl, Switch, ActivityIndicator, KeyboardAvoidingView, Linking } from 'react-native';; 51: export function DoctorDashboardNavigator({ onLogout }: { onLogout: () => void }) {; 77: {activeTab === 'settings' && <DoctorSettingsTab onLogout={onLogout} onNavigate={navigateTo} />}; 138: const [refreshing, setRefreshing] = useState(false);; 177: auth: { token: (user as any)?.token || '' }; 221: const onRefresh = async () => { setRefreshing(true); await fetchQueue(); setRefreshing(false); };; 270: <ScrollView refreshControl={<RefreshControl refreshing={refreshing} onRefresh={onRefresh} tintColor={theme.primary} />}; 1433: const patientId = apt?.patient_id;	"8: import React, { useState, useRef, useEffect, useCallback } from 'react';; 10: import { AppointmentStatus } from '../../types/contracts';; 21: NSecHeader, NConfirm, NEmpty, NSkeleton, NOnlineToggle,; 52: const [activeTab, setActiveTab] = useState('home');; 56: const [alarmVisible, setAlarmVisible] = useState(false);; 99: <Stack.Screen name=""no_show"">{({ navigation }: any) => <NoShowManagementScreen onBack={() => navigation.goBack()} />}</Stack.Screen>; 138: const [refreshing, setRefreshing] = useState(false);; 139: const [requests, setRequests] = useState<any[]>([]);"	"5: * ║ Referral · Sick Leave · Patient File · Settings · Wallet ║; 19: NBtn, NCard, NInput, NStatCard, NAvatar, NBadge,; 22: NBottomNav, NDivider, NPriceInput, NProfileImageUploader; 62: { key: 'wallet', icon: 'wallet', label: AR ? 'المحفظة' : 'Wallet' },; 76: {activeTab === 'wallet' && <DoctorWalletTab onNavigate={navigateTo} />}; 116: <Stack.Screen name=""insurance_config"">{({ navigation }: any) => <InsuranceConfigScreen onBack={() => navigation.goBack()} />}</Stack.Screen>; 146: const [insuranceModalReq, setInsuranceModalReq] = useState<any>(null);; 148: const [patientCopay, setPatientCopay] = useState('');"	21: NSecHeader, NConfirm, NEmpty, NSkeleton, NOnlineToggle,; 141: const [stats, setStats] = useState({ todayCount: 0, revenue: 0, pendingCount: 0 });; 142: const [error, setError] = useState(false);; 157: setTimeout(() => { s.stopAsync(); }, 45000);; 158: } catch (e) {; 190: setError(false);; 212: } catch (err) {; 213: // Keep the prior data out of the way and expose a retryable error state.	Traceability required; no execution performed	Complete member read from baseline archive bytes; no product code changed
NabdProvider-provider.zip	src/screens/doctor/DoctorRegistration.tsx	27a7093e1b6ecc2ee04a9acdcd0c83bd7b24c031707b54f3531c3465874bfce3	1129	OWNED_SOURCE_OR_CONFIG	ui/screen	consultation/booking	YES	audit-artifacts/phase0d/phase0d-provider/evidence/src_screens_doctor_DoctorRegistration.tsx.md	Complete decoded member bytes; static semantic signals	1-1129	15: import { RegistrationSuccess } from '../shared/SharedScreens';; 20: import { SuccessScreen } from '../../components/SuccessScreen';; 113: const screens: Record<number, React.ReactElement> = {; 114: 8: <SuccessScreen onDone={() => { setShowSuccess(false); onDone(); }} />,; 123: return screens[step] ?? null;; 166: await ProviderApi.login(data.phone, data.password);; 170: await ProviderApi.login(data.phone, data.password);; 172: } catch (loginErr: any) {	19: import { sendEmailOtp, verifyEmailOtp } from '../../api/otp';; 26: import { ProviderApi, sanitizeWizardData } from '../../api/provider';; 27: import { useInsuranceCatalog } from '../../api/catalogs';	18: import { OtpModal } from '../../components/OtpModal';; 19: import { sendEmailOtp, verifyEmailOtp } from '../../api/otp';; 60: signatureData: string; signerName: string; signerRole: string;; 77: cashOnly:false, acceptedInsurance:[], city:'', location: {lat: 0, lng: 0}, address:'', clinicName:'', signatureData:'', signerName:'', signerRole:''; 166: await ProviderApi.login(data.phone, data.password);; 170: await ProviderApi.login(data.phone, data.password);; 172: } catch (loginErr: any) {; 182: <NHeader title={AR ? 'المعلومات الأساسية' : 'Basic Info'} sub={AR ? 'الاسم وبيانات الدخول' : 'Name & Login Info'} step={step} total={total} onBack={onBack} />	1: import React, { useState, useRef, useCallback } from 'react';; 15: import { RegistrationSuccess } from '../shared/SharedScreens';; 20: import { SuccessScreen } from '../../components/SuccessScreen';; 103: const [step, setStep] = useState(1);; 104: const [data, setData] = useState<DoctorRegData>(INITIAL);; 105: const [showMap, setShowMap] = useState(false);; 107: const [showSuccess, setShowSuccess] = useState(false);; 114: 8: <SuccessScreen onDone={() => { setShowSuccess(false); onDone(); }} />,	13: import { SP, R, FS, FW, SPECIALTIES, DEGREES, INSURANCE, CITIES } from '../../constants';; 27: import { useInsuranceCatalog } from '../../api/catalogs';; 43: offersClinic: boolean; clinicPrice: string; clinicDuration: string;; 44: offersHome: boolean; homePrice: string; homeRadius: number;; 45: homeTransportFee: boolean; homeTransportPrice: string;; 46: offersVideo: boolean; videoPrice: string; videoDuration: string;; 55: // Step 6 - Insurance & Location; 56: cashOnly: boolean;	"151: const [loading, setLoading] = useState(false);; 157: setLoading(true);; 168: } catch (e: any) {; 172: } catch (loginErr: any) {; 173: setErrs({ phone: e.message || 'Error' });; 176: setLoading(false);; 184: <NInput innerRef={nameArRef} label={AR ? 'الاسم الكامل (بالعربية)' : 'Full Name (Arabic)'} value={data.nameAr} onChange={v => update({ nameAr: v })} required error={errs.nameAr} returnKey=""next"" onSubmit={() => nameEnRef.current?.focus()} /; 185: <NInput innerRef={nameEnRef} label={AR ? 'الاسم الكامل (بالإنجليزية)' : 'Full Name (English)'} value={data.nameEn} onChange={v => update({ nameEn: v })} required error={errs.nameEn} returnKey=""next"" onSubmit={() => phoneRef.current?.focus()"	Traceability required; no execution performed	Complete member read from baseline archive bytes; no product code changed
NabdProvider-provider.zip	src/screens/doctor/FacilityInvitationsScreen.tsx	836bb3256eb15cf102cda6643b563f654673546d550d211d3b05a8d2f4fea183	133	OWNED_SOURCE_OR_CONFIG	ui/screen	pharmacy/orders	YES	audit-artifacts/phase0d/phase0d-provider/evidence/src_screens_doctor_FacilityInvitationsScreen.tsx.md	Complete decoded member bytes; static semantic signals	1-133	"23: export function FacilityInvitationsScreen({ onBack }: { onBack: () => void }) {; 123: <NBtn label={busyId === inv.id ? '...' : (AR ? 'قبول وانضمام' : 'Accept & Join')} onPress={() => handleAccept(inv.id)} style={{ flex: 1 }} />; 124: <NBtn label={AR ? 'رفض' : 'Decline'} onPress={() => handleReject(inv.id)} variant=""outline"" style={{ flex: 1, borderColor: theme.danger }} labelStyle={{ color: theme.danger }} />"	6: import client from '../../api/client';	2: import { View, Text, TouchableOpacity, ScrollView, RefreshControl } from 'react-native';; 9: // Permission keys → labels (must mirror the facility invitation form); 41: permissions: Object.keys(i.permissions || {}).filter(k => i.permissions[k]),; 110: {AR ? 'الصلاحيات المطلوبة (Permissions):' : 'Requested Permissions:'}; 114: {inv.permissions.map((perm, i) => (	1: import React, { useState, useEffect, useCallback } from 'react';; 29: const [invitations, setInvitations] = useState<any[]>([]);; 30: const [loading, setLoading] = useState(true);; 31: const [busyId, setBusyId] = useState<string | null>(null);; 40: status: i.status,; 47: setLoading(false);; 58: setInvitations(prev => prev.map(inv => inv.id === id ? { ...inv, status: accept ? 'accepted' : 'rejected' } : inv));; 62: : (AR ? 'تم رفض الدعوة' : 'Invitation rejected'),	4: import { NHeader, NCard, NBtn, NSecHeader, NScroll, NBadge } from '../../components/ui';; 13: insurance: { ar: 'شركات التأمين', en: 'Insurance' },; 20: manage_wallet: { ar: 'إدارة المحفظة', en: 'Wallet' },; 94: <NCard key={inv.id} style={{ marginBottom: SP.lg, borderColor: inv.status === 'pending' ? theme.primary : theme.border }}>; 127: </NCard>	30: const [loading, setLoading] = useState(true);; 44: } catch {; 47: setLoading(false);; 65: } catch (e: any) {; 69: : (AR ? 'تعذر تنفيذ العملية' : 'Action failed'), 'error');; 84: {loading ? (; 86: {AR ? 'جاري تحميل الدعوات...' : 'Loading invitations...'}; 90: {AR ? 'لا توجد دعوات حالياً' : 'No pending invitations'}	Traceability required; no execution performed	Complete member read from baseline archive bytes; no product code changed
NabdProvider-provider.zip	src/screens/doctor/components/DoctorUrgentRequests.tsx	b76547430d1b27230e84b9e0730154742179ba2a4f7e7ec9a4c46cf4c9cd09b4	108	OWNED_SOURCE_OR_CONFIG	ui/screen	pharmacy/orders	YES	audit-artifacts/phase0d/phase0d-provider/evidence/src_screens_doctor_components_DoctorUrgentRequests.tsx.md	Complete decoded member bytes; static semantic signals	1-108	55: onPress={() => onAccept(item)}; 62: onPress={() => onDecline(item.id)}				4: import { NCard, NBtn, NBadge } from '../../../components/ui';; 44: <NCard style={[styles.card, { backgroundColor: theme.surface, borderColor: theme.danger }]}>; 68: </NCard>; 89: card: {		Traceability required; no execution performed	Complete member read from baseline archive bytes; no product code changed
NabdProvider-provider.zip	src/screens/doctor/components/DoctorHeader.tsx	2540d7329cc4614d440f93f3af1052a9e1cdaa80152bd3c34b51570aba7c04fa	79	OWNED_SOURCE_OR_CONFIG	ui/screen	pharmacy/orders	YES	audit-artifacts/phase0d/phase0d-provider/evidence/src_screens_doctor_components_DoctorHeader.tsx.md	Complete decoded member bytes; static semantic signals	1-79	9: onNavigate: (screen: string) => void;; 37: onPress={() => onNavigate('settings')}		27: <Text style={[styles.userRole, { color: theme.textSub }]}>; 64: userRole: {				Traceability required; no execution performed	Complete member read from baseline archive bytes; no product code changed
NabdProvider-provider.zip	src/screens/doctor/components/DoctorStatsRow.tsx	9339a2b5a24a0186f4de4ce352b3dea1db289b96a127e8fc0d1981bcb5427df2	61	OWNED_SOURCE_OR_CONFIG	ui/screen	consultation/booking	YES	audit-artifacts/phase0d/phase0d-provider/evidence/src_screens_doctor_components_DoctorStatsRow.tsx.md	Complete decoded member bytes; static semantic signals	1-61				11: pendingCount: number;; 31: label={AR ? 'طلبات قيد الانتظار' : 'Pending Requests'}; 32: value={String(stats.pendingCount || 0)}; 41: color={theme.success}	"4: import { NStatCard } from '../../../components/ui';; 23: <NStatCard; 28: style={styles.card}; 30: <NStatCard; 35: style={styles.card}; 37: <NStatCard; 40: icon=""wallet""; 42: style={styles.card}"	11: pendingCount: number;; 31: label={AR ? 'طلبات قيد الانتظار' : 'Pending Requests'}; 32: value={String(stats.pendingCount || 0)}	Traceability required; no execution performed	Complete member read from baseline archive bytes; no product code changed
NabdProvider-provider.zip	src/screens/doctor/components/DoctorQueueList.tsx	8806a3bcf936200d982823411a0a9d7154e217b0d537c5ad44701f0a451ecd63	106	OWNED_SOURCE_OR_CONFIG	ui/screen	pharmacy/orders	YES	audit-artifacts/phase0d/phase0d-provider/evidence/src_screens_doctor_components_DoctorQueueList.tsx.md	Complete decoded member bytes; static semantic signals	1-106	52: <TouchableOpacity onPress={() => onSelect(item)} activeOpacity={0.8}>			4: import { NCard, NBadge, NEmpty } from '../../../components/ui';; 12: status: string;; 32: <NEmpty title={AR ? 'لا توجد مواعيد مجدولة اليوم' : 'No appointments scheduled for today'} />; 63: label={item.status === 'COMPLETED' ? (AR ? 'مكتمل' : 'Completed') : item.status === 'IN_PROGRESS' ? (AR ? 'جاري الكشف' : 'In Progress') : (AR ? 'مجدول' : 'Scheduled')}; 64: variant={item.status === 'COMPLETED' ? 'success' : item.status === 'IN_PROGRESS' ? 'warning' : 'primary'}	4: import { NCard, NBadge, NEmpty } from '../../../components/ui';; 53: <NCard style={[styles.aptCard, { backgroundColor: theme.surface, borderColor: theme.border }]}>; 67: </NCard>; 89: aptCard: {	4: import { NCard, NBadge, NEmpty } from '../../../components/ui';; 32: <NEmpty title={AR ? 'لا توجد مواعيد مجدولة اليوم' : 'No appointments scheduled for today'} />	Traceability required; no execution performed	Complete member read from baseline archive bytes; no product code changed
NabdProvider-provider.zip	src/screens/radiology/RadiologyRegistration.tsx	c4dbe730524ee2230ccc49df48e6a5887af0a1e26fb1e99d38bd64e4a56fbdcb	1858	OWNED_SOURCE_OR_CONFIG	ui/screen	diagnostics/homecare	YES	audit-artifacts/phase0d/phase0d-provider/evidence/src_screens_radiology_RadiologyRegistration.tsx.md	Complete decoded member bytes; static semantic signals	1-1858	21: import { RegistrationSuccess } from '../shared/SharedScreens';; 26: import { SuccessScreen } from '../../components/SuccessScreen';; 127: const screens: Record<number, React.ReactElement> = {; 128: 8: <SuccessScreen onDone={() => { setShowSuccess(false); onDone(); }} />,; 137: return screens[step] ?? null;; 190: await ProviderApi.login(data.managerPhone, data.password);; 194: await ProviderApi.login(data.managerPhone, data.password);; 196: } catch (loginErr: any) {	9: import { ProviderApi, sanitizeWizardData } from '../../api/provider';; 10: import { useInsuranceCatalog, useServicesCatalog } from '../../api/catalogs';; 25: import { sendEmailOtp, verifyEmailOtp } from '../../api/otp';; 344: // Custom validation for Radiology/Radiology separation; 490: hint={AR ? 'ترخيص المركز/مركز الأشعة من MOH' : 'Radiology/Radiology license from MOH'} />	24: import { OtpModal } from '../../components/OtpModal';; 25: import { sendEmailOtp, verifyEmailOtp } from '../../api/otp';; 78: signatureData: string; signerName: string; signerRole: string;; 100: signatureData: '', signerName: '', signerRole: '',; 134: 6: <LStep7AdminWarning data={data} update={update} onNext={next} onBack={back} step={step} total={TOTAL} />,; 190: await ProviderApi.login(data.managerPhone, data.password);; 194: await ProviderApi.login(data.managerPhone, data.password);; 196: } catch (loginErr: any) {	1: import React, { useState, useCallback, useRef } from 'react';; 21: import { RegistrationSuccess } from '../shared/SharedScreens';; 26: import { SuccessScreen } from '../../components/SuccessScreen';; 118: const [step, setStep] = useState(1);; 119: const [data, setData] = useState<RadiologyRegData>({ ...INIT, centerType: 'radiology' });; 120: const [showMap, setShowMap] = useState(false);; 122: const [showSuccess, setShowSuccess] = useState(false);; 128: 8: <SuccessScreen onDone={() => { setShowSuccess(false); onDone(); }} />,	10: import { useInsuranceCatalog, useServicesCatalog } from '../../api/catalogs';; 13: NBtn, NCard, NInput, NPhoneInput, NPassStrength,; 15: NHeader, NScroll, NPriceInput, NSearch, NDropdown, NDatePickerSheet; 20: import { SP, R, FS, FW, CITIES, INSURANCE, C, LAB_TESTS, RAD_SCANS, LIMITS , LANGS } from '../../constants';; 46: taxNumber: string;; 58: testPrices: Record<string, string>;; 61: testInsuranceCov: Record<string, boolean>;; 62: scanInsuranceCov: Record<string, boolean>;	"177: const [loading, setLoading] = useState(false);; 181: setLoading(true);; 192: } catch (e: any) {; 196: } catch (loginErr: any) {; 197: setErrs({ phone: e.message || 'Error' });; 200: setLoading(false);; 219: icon=""⊥"" required error={errs.name} caps=""words""; 238: required error={errs.mgr} caps=""words"""	Traceability required; no execution performed	Complete member read from baseline archive bytes; no product code changed
NabdProvider-provider.zip	src/screens/radiology/RadiologyDashboard.tsx	0d3e8c647db4a8c184f467fbf23ea24b23ab292e05bc4e04cc1dd1fb140de85f	563	OWNED_SOURCE_OR_CONFIG	ui/screen	pharmacy/orders	YES	audit-artifacts/phase0d/phase0d-provider/evidence/src_screens_radiology_RadiologyDashboard.tsx.md	Complete decoded member bytes; static semantic signals	1-563	"9: import { ProviderWalletScreen, MedicalJobsScreen, MedicalDrugIndexScreen } from '../shared/SharedScreens';; 10: import { InsuranceRequestsScreen } from '../shared/InsuranceRequestsScreen';; 24: CANCELLED:         { ar: 'ملغى',                   en: 'Cancelled',         color: '#9E9E9E' },; 41: export function RadiologyDashboardNavigator({ onLogout }: { onLogout: () => void }) {; 55: <Stack.Navigator id={undefined as any} screenOptions={{ headerShown: false }}>; 56: <Stack.Screen name=""MainTabs"">; 58: const go = (s: string, param?: any) => navigation.navigate(s, { param });; 65: {activeTab === 'settings' && <RadiologySettingsScreen onLogout={onLogout} onNav={go} />}"	5: import client from '../../api/client';; 10: import { InsuranceRequestsScreen } from '../shared/InsuranceRequestsScreen';; 91: const res = await client.get('/radiology/provider/inbox');; 141: const fetch = useCallback(async () => { try { setLoading(true); const res = await client.get('/radiology/provider/inbox'); setOrders(res.data || []); } catch {} finally { setLoading(false); } }, []);; 142: useEffect(() => { fetch(); }, [fetch]);; 194: const refresh = async () => { try { const res = await client.get(`/radiology/bookings/${order.id}`); setCurrentOrder(res.data); } catch {} };; 197: try { await client.post(`/radiology/bookings/${currentOrder.id}/${action}`, body || {}); show(AR ? 'تم بنجاح' : 'Done', 'success'); await refresh(); }; 205: try { await client.post(`/radiology/bookings/${currentOrder.id}/insurance-approval`, { approval_code: nphiesCode, copay: parseFloat(copay) || 0 }); show(AR ? 'تم إرسال التأمين للمريض' : 'Insurance approval sent', 'success'); setShowNphies(f	"3: import { View, Text, TouchableOpacity, ScrollView, RefreshControl, ActivityIndicator, Switch } from 'react-native';; 41: export function RadiologyDashboardNavigator({ onLogout }: { onLogout: () => void }) {; 65: {activeTab === 'settings' && <RadiologySettingsScreen onLogout={onLogout} onNav={go} />}; 99: <NScroll refreshControl={<RefreshControl refreshing={loading} onRefresh={fetchOrders} tintColor=""#009688"" />}>; 194: const refresh = async () => { try { const res = await client.get(`/radiology/bookings/${order.id}`); setCurrentOrder(res.data); } catch {} };; 197: try { await client.post(`/radiology/bookings/${currentOrder.id}/${action}`, body || {}); show(AR ? 'تم بنجاح' : 'Done', 'success'); await refresh(); }; 205: try { await client.post(`/radiology/bookings/${currentOrder.id}/insurance-approval`, { approval_code: nphiesCode, copay: parseFloat(copay) || 0 }); show(AR ? 'تم إرسال التأمين للمريض' : 'Insurance approval sent', 'success'); setShowNphies(f; 212: try { await client.post(`/radiology/bookings/${currentOrder.id}/abort`, { reason: abortReason }); show(AR ? 'تم إلغاء الفحص وإنشاء طلب استرداد' : 'Scan aborted. Refund ticket created.', 'info'); setShowAbort(false); await refresh(); }"	2: import React, { useState, useEffect, useCallback } from 'react';; 6: import { NBtn, NCard, NInput, NStatCard, NAvatar, NBadge, NHeader, NScroll, NSecHeader, NBottomNav, NSheet, NPriceInput, NEmpty } from '../../components/ui';; 12: // ══════ PILLAR 1: STATE MACHINE LABELS ══════; 13: const STATE_LABELS: Record<string, { ar: string; en: string; color: string }> = {; 15: PENDING_INSURANCE: { ar: 'انتظار التأمين',         en: 'Pending Insurance', color: '#FF9800' },; 17: CONFIRMED:         { ar: 'مجدول',                  en: 'Confirmed',         color: '#009688' },; 24: CANCELLED:         { ar: 'ملغى',                   en: 'Cancelled',         color: '#9E9E9E' },; 32: { key: 'PATIENT_NO_SHOW',    ar: 'المريض لم يحضر',                     en: 'Patient No-Show' },	"6: import { NBtn, NCard, NInput, NStatCard, NAvatar, NBadge, NHeader, NScroll, NSecHeader, NBottomNav, NSheet, NPriceInput, NEmpty } from '../../components/ui';; 9: import { ProviderWalletScreen, MedicalJobsScreen, MedicalDrugIndexScreen } from '../shared/SharedScreens';; 10: import { InsuranceRequestsScreen } from '../shared/InsuranceRequestsScreen';; 15: PENDING_INSURANCE: { ar: 'انتظار التأمين',         en: 'Pending Insurance', color: '#FF9800' },; 16: WAITING_COPAY:     { ar: 'بانتظار دفع المريض',     en: 'Waiting Co-Pay',    color: '#9C27B0' },; 74: <Stack.Screen name=""insurance_requests"">{({ navigation }: any) => <InsuranceRequestsScreen onBack={() => navigation.goBack()} />}</Stack.Screen>; 75: <Stack.Screen name=""wallet"">{({ navigation }: any) => <ProviderWalletScreen onBack={() => navigation.goBack()} onNavigate={(s: string, p?: any) => navigation.navigate(s, { param: p })} />}</Stack.Screen>; 94: setStats({ todayCount: data.length, inScanCount: data.filter(o => o.state === 'IN_SCANNING').length, completedCount: data.filter(o => o.state === 'REPORT_READY').length, revenue: data.reduce((acc, cur) => acc + (cur.total || 0), 0) });"	6: import { NBtn, NCard, NInput, NStatCard, NAvatar, NBadge, NHeader, NScroll, NSecHeader, NBottomNav, NSheet, NPriceInput, NEmpty } from '../../components/ui';; 15: PENDING_INSURANCE: { ar: 'انتظار التأمين',         en: 'Pending Insurance', color: '#FF9800' },; 23: SCAN_ABORTED:      { ar: 'فحص ملغى (طارئ)',        en: 'Scan Aborted',      color: '#F44336' },; 24: CANCELLED:         { ar: 'ملغى',                   en: 'Cancelled',         color: '#9E9E9E' },; 27: const ABORT_REASONS = [; 33: { key: 'TECHNICAL_ERROR',    ar: 'خطأ تقني',                           en: 'Technical Error' },; 86: const [loading, setLoading] = useState(true);; 90: setLoading(true);	Traceability required; no execution performed	Complete member read from baseline archive bytes; no product code changed
NabdProvider-provider.zip	src/screens/pharmacy/PharmacyDashboard.tsx	f0cbf70dac1ee4183f84080b039f783c553ad5a0fdee2811dac3e459750d6130	1755	OWNED_SOURCE_OR_CONFIG	ui/screen	pharmacy/orders	YES	audit-artifacts/phase0d/phase0d-provider/evidence/src_screens_pharmacy_PharmacyDashboard.tsx.md	Complete decoded member bytes; static semantic signals	1-1755	3: * ║ NABDAH PLUS – PHASE 3 · PHARMACY DASHBOARD (ALL SCREENS) ║; 6: * ║ 02. BroadcastOrderScreen — accept/partial/reject + alternatives ║; 7: * ║ 03. OrderDetailScreen — full order details + item-level actions ║; 9: * ║ 05. MedicationRefillsScreen — chronic meds auto-refill management ║; 10: * ║ 06. DrugPriceComparisonScreen— compare prices across pharmacies ║; 12: * ║ 08. AddProductScreen — add drug → admin approval flow ║; 13: * ║ 09. ExpiryTrackingScreen — track expiry dates + batch recall ║; 14: * ║ 10. ShortageReportScreen — report shortage → admin ║	42: import { InsuranceRequestsScreen } from '../shared/InsuranceRequestsScreen';; 44: import client from '../../api/client';; 216: // Simulated WebSocket connection for Live Radar (Polling fallback); 221: client.get('/provider/pharmacy/broadcasts') // real open broadcasts for this pharmacy; 256: const res = await client.post(`/provider/pharmacy/orders/${orderId}/accept`);; 275: await client.post(`/provider/pharmacy/broadcasts/${rejectOrderId}/reject`, { reason: reasonId });; 384: const res = await client.get(`/pharmacy/prescriptions/${encodeURIComponent(rxNumber.trim())}`);; 405: await client.post(`/pharmacy/orders/${order.id}/ready`);	12: * ║ 08. AddProductScreen — add drug → admin approval flow ║; 14: * ║ 10. ShortageReportScreen — report shortage → admin ║; 30: Animated, FlatList, Alert, Dimensions, Switch, RefreshControl, Modal, TextInput, ActivityIndicator, Linking; 73: export function PharmacyDashboardNavigator({ onLogout }: { onLogout:()=>void }) {; 560: const perm = await ImagePicker.requestMediaLibraryPermissionsAsync();; 561: if (!perm.granted) { show(AR ? 'يلزم إذن الوصول للصور' : 'Photo permission required', 'error'); return; }; 583: show(AR ? 'تم إرسال طلب عرض السعر للإدارة — سيصلك الرد هنا' : 'Quote request sent to admin', 'success');; 709: {r.status === 'PENDING_ADMIN_REVIEW' ? (AR ? 'بانتظار عرض السعر' : 'Awaiting quote')	16: * ║ 12. OrderHistoryScreen — all past orders + status + filter ║; 17: * ║ 13. DeliveryTrackingScreen — live delivery map + driver status ║; 25: import React, { useState, useRef, useEffect, useCallback } from 'react';; 38: NSecHeader, NConfirm, NEmpty, NOnlineToggle, NBottomNav,; 74: const [activeTab, setTab] = useState('home');; 78: const [alarmVisible, setAlarmVisible] = useState(false);; 80: const [unlocked, setUnlocked] = useState(false);; 81: const [bioError, setBioError] = useState('');	"10: * ║ 06. DrugPriceComparisonScreen— compare prices across pharmacies ║; 20: * ║ 16. PharmacyWalletScreen — earnings + withdrawal ║; 36: NBtn, NCard, NInput, NStatCard, NAvatar, NBadge,; 39: NDivider, NPriceInput, NRadio, NProfileImageUploader; 42: import { InsuranceRequestsScreen } from '../shared/InsuranceRequestsScreen';; 45: import { WithdrawalWorkflow, MedicalJobsScreen, MedicalDrugIndexScreen, InsuranceConfigScreen, CertificatesConfigScreen, MediaConfigScreen, ProviderWalletScreen, ProviderHomeStats, GlobalSystemSettings } from '../shared/SharedScreens';; 63: MedicationRefillsScreen, DrugPriceComparisonScreen, AddProductScreen,; 141: <Stack.Screen name=""wallet"">{({ navigation }: any) => <PharmacyWalletScreen onBack={() => navigation.goBack()} onNavigate={(s: string, p?: any) => navigation.navigate(s, { param: p })} />}</Stack.Screen>"	38: NSecHeader, NConfirm, NEmpty, NOnlineToggle, NBottomNav,; 81: const [bioError, setBioError] = useState('');; 90: else setBioError('فشلت المصادقة الحيوية. الرجاء المحاولة مرة أخرى.');; 116: <Text style={{color:theme.danger, fontSize:FS.md, textAlign:'center', marginBottom:SP.lg}}>{bioError}</Text>; 117: <NBtn label={AR ? 'إعادة المحاولة' : 'Try Again'} onPress={() => { setBioError(''); Biometric.authenticate('قم بالمصادقة').then(r => r.success ? setUnlocked(true) : setBioError('فشلت المصادقة الحيوية')); }} />; 207: } catch (e) {; 234: .catch(() => {});; 267: } catch (e: any) {	Traceability required; no execution performed	Complete member read from baseline archive bytes; no product code changed
NabdProvider-provider.zip	src/screens/pharmacy/PharmacyRegistration.tsx	0b55cd3ab0e2f82aeaea23ebbb1a7a6d5b0c5eebbcb8b53bb12201da9056c744	954	OWNED_SOURCE_OR_CONFIG	ui/screen	pharmacy/orders	YES	audit-artifacts/phase0d/phase0d-provider/evidence/src_screens_pharmacy_PharmacyRegistration.tsx.md	Complete decoded member bytes; static semantic signals	1-954	20: import { RegistrationSuccess } from '../shared/SharedScreens';; 25: import { SuccessScreen } from '../../components/SuccessScreen';; 101: const screens: Record<number, React.ReactElement> = {; 102: 9: <SuccessScreen onDone={() => { setShowSuccess(false); onDone(); }} />,; 110: 8: <PStep7Submit data={data} update={update} onDone={onDone} onBack={back} step={step} total={TOTAL} />,; 112: return screens[step] ?? null;; 158: await ProviderApi.login(data.managerPhone, data.password);; 162: await ProviderApi.login(data.managerPhone, data.password);	10: import { ProviderApi, sanitizeWizardData } from '../../api/provider';; 11: import { useInsuranceCatalog } from '../../api/catalogs';; 24: import { sendEmailOtp, verifyEmailOtp } from '../../api/otp';	23: import { OtpModal } from '../../components/OtpModal';; 24: import { sendEmailOtp, verifyEmailOtp } from '../../api/otp';; 69: signatureData: string; signerName: string; signerRole: string;; 87: signatureData: '', signerName: '', signerRole: '',   termsAgreed: false, location: {lat: 0, lng: 0}, accountHolderName: ''; 109: 7: <PStep7AdminWarning data={data} update={update} onNext={next} onBack={back} step={step} total={TOTAL} />,; 158: await ProviderApi.login(data.managerPhone, data.password);; 162: await ProviderApi.login(data.managerPhone, data.password);; 164: } catch (loginErr: any) {	1: import React, { useState, useRef, useCallback } from 'react';; 16: NHeader, NScroll, NSuccess, NPriceInput, NSearch, NDropdown, NDatePickerSheet; 20: import { RegistrationSuccess } from '../shared/SharedScreens';; 25: import { SuccessScreen } from '../../components/SuccessScreen';; 92: const [step, setStep] = useState(1);; 93: const [data, setData] = useState<PharmacyRegData>(INIT);; 94: const [showMap, setShowMap] = useState(false);; 96: const [showSuccess, setShowSuccess] = useState(false);	11: import { useInsuranceCatalog } from '../../api/catalogs';; 14: NBtn, NCard, NInput, NPhoneInput, NPassStrength,; 16: NHeader, NScroll, NSuccess, NPriceInput, NSearch, NDropdown, NDatePickerSheet; 19: import { SP, R, FS, FW, PHARMA_CATS, CITIES, LIMITS, C, INSURANCE , LANGS } from '../../constants';; 49: iban: string; accountHolderName: string; taxNumber: string;; 66: cashOnly: boolean;; 67: acceptedInsurance: { companyId: string; plans: string[] }[];; 77: crNumber:'', mohLicense:'', sfdaNumber:'', iban:'', taxNumber:'',	"144: const [loading, setLoading] = useState(false);; 149: setLoading(true);; 160: } catch (e: any) {; 164: } catch (loginErr: any) {; 165: setErrs({ phone: e.message || 'Error' });; 168: setLoading(false);; 189: <NInput innerRef={nameArRef} label={AR?'اسم الصيدلية بالعربي':'Pharmacy Name (Arabic)'} placeholder={AR?'صيدلية نبضة الصحة':'Nabdah Health Pharmacy'} value={data.nameAr} onChange={v=>update({nameAr:v})} required error={errs.nameAr} caps=""wo; 193: <NInput innerRef={pharmaRef} label={AR?'اسم الصيدلاني المسؤول':'Head Pharmacist Name'} placeholder={AR?'محمد أحمد السعودي':'Mohamed Ahmed'} value={data.pharmacistName} onChange={v=>update({pharmacistName:v})} required error={errs.pharma} ca"	Traceability required; no execution performed	Complete member read from baseline archive bytes; no product code changed
NabdProvider-provider.zip	src/api/provider.ts	5f30f4ee002b6db4c49df03b2c174959ceb66012e2ce039591873f5c4b02a09b	102	OWNED_SOURCE_OR_CONFIG	client/state/service	pharmacy/orders	YES	audit-artifacts/phase0d/phase0d-provider/evidence/src_api_provider.ts.md	Complete decoded member bytes; static semantic signals	1-102	"28: /** Step 1.5: Login to obtain JWT token for subsequent steps */; 29: async login(phone: string, password?: string) {; 30: const res = await client.post('/auth/login', { phone, password });; 33: // token""), which is what broke document uploads during onboarding.; 49: /** Utility: Convert local URI to base64 and upload to Storage service */; 50: async uploadFile(uri: string, mimeType: string, originalName: string = 'file') {; 59: const res = await client.post('/storage/upload', {; 68: throw e; // Re-throw so callers can handle upload errors"	30: const res = await client.post('/auth/login', { phone, password });	"2: import { Tokens } from '../security/Security';; 8: * registration record so the admin review shows EVERY typed field.; 13: if (/pass|secret|token|signatureData/i.test(k)) continue;; 28: /** Step 1.5: Login to obtain JWT token for subsequent steps */; 29: async login(phone: string, password?: string) {; 30: const res = await client.post('/auth/login', { phone, password });; 31: // Backend returns { token: { accessToken, refreshToken } } — saving the; 32: // whole object as the bearer token made EVERY later call 401 (""Invalid"	68: throw e; // Re-throw so callers can handle upload errors	23: async start(payload: { phone: string; password?: string; full_name?: string; email?: string; type: string }) {; 24: const res = await client.post('/provider-onboarding/start', payload);; 86: async step2(payload: any) {; 87: const res = await client.post('/provider-onboarding/step2', payload);; 92: async step3(payload: any) {; 93: const res = await client.post('/provider-onboarding/step3', payload);; 98: async submit(payload?: any) {; 99: const res = await client.post('/provider-onboarding/submit', payload || {});	67: } catch (e) {; 68: throw e; // Re-throw so callers can handle upload errors	Traceability required; no execution performed	Complete member read from baseline archive bytes; no product code changed
NabdProvider-provider.zip	src/api/otp.ts	8d0cdd37a8b314585d6fc0f023e198d0dbdc96406f7e5054eded60ed686fbcea	27	OWNED_SOURCE_OR_CONFIG	client/state/service	identity/session	YES	audit-artifacts/phase0d/phase0d-provider/evidence/src_api_otp.ts.md	Complete decoded member bytes; static semantic signals	1-27		5: * Backend: POST /provider/auth/send-otp  { email, purpose }; 6: *          POST /provider/auth/verify-email { email, code }; 10: const res = await client.post('/provider/auth/send-otp', {; 19: await client.post('/provider/auth/verify-email', {	4: * Real email OTP for provider onboarding final submission.; 5: * Backend: POST /provider/auth/send-otp  { email, purpose }; 9: export async function sendEmailOtp(email: string) {; 10: const res = await client.post('/provider/auth/send-otp', {; 17: export async function verifyEmailOtp(email: string, code: string): Promise<boolean> {			24: } catch {	Traceability required; no execution performed	Complete member read from baseline archive bytes; no product code changed
NabdProvider-provider.zip	src/api/catalogs.ts	7fa8eca5e18dee98bb50e4e9e8fb49d1b34b4729d3e270a9f1090b90e5701987	147	OWNED_SOURCE_OR_CONFIG	client/state/service	diagnostics/homecare	YES	audit-artifacts/phase0d/phase0d-provider/evidence/src_api_catalogs.ts.md	Complete decoded member bytes; static semantic signals	1-147	8: * managed from the admin dashboard). Every app screen — provider onboarding,	30: const res = await client.get('/insurance/companies');; 94: lab: '/labs/services',; 95: radiology: '/radiology/services',; 96: nursing: '/nursing/catalog',	8: * managed from the admin dashboard). Every app screen — provider onboarding,; 27: // 5-minute in-memory cache — the catalog is admin-managed and rarely changes; 53: /** Clear the in-memory catalog cache (e.g. after the admin edits companies). */; 72: // homecareservices — managed from the admin dashboard) are the single source.	1: import { useState, useEffect } from 'react';; 61: const [list, setList] = useState<CatalogCompany[]>([]);; 140: const [list, setList] = useState<CatalogService[]>([]);	6: * Insurance companies (with their plan tiers) and medical service catalogs are; 7: * served by the backend (insurance_companies / insurance_networks collections,; 23: let insuranceCache: CatalogCompany[] | null = null;; 24: let insuranceCacheAt = 0;; 26: export async function getInsuranceCatalog(force = false): Promise<CatalogCompany[]> {; 28: if (!force && insuranceCache && Date.now() - insuranceCacheAt < 5 * 60 * 1000) return insuranceCache;; 30: const res = await client.get('/insurance/companies');; 40: insuranceCache = list;	10: * hardcoded second list. The legacy constants are kept ONLY as an offline; 44: } catch {; 45: // fall through to the offline constant; 47: // Offline fallback only — the authoritative catalog is the backend.; 73: // The local constants remain only as an offline fallback.; 127: } catch {; 128: // offline → constant fallback below	Traceability required; no execution performed	Complete member read from baseline archive bytes; no product code changed
NabdProvider-provider.zip	src/api/client.ts	cae9211d607b7838f0b52f9a5ab0880bcb3ad05054f34673b03e37b9ce6ca6b6	52	OWNED_SOURCE_OR_CONFIG	client/state/service	identity/session	YES	audit-artifacts/phase0d/phase0d-provider/evidence/src_api_client.ts.md	Complete decoded member bytes; static semantic signals	1-52	37: // If unauthorized (401) and not already retrying, session expired; 38: if (error.response?.status === 401 && !originalRequest._retry) {; 39: originalRequest._retry = true;	1: import axios from 'axios';; 5: const client = axios.create({; 16: config.baseURL = `http://${customIp}:8002/api/v1`;	3: import { buildHeaders, Tokens, Vault, SK } from '../security/Security';; 10: // Request Interceptor: Automatically inject secure headers and JWT token; 31: // Response Interceptor: Handle token expiration and standard error routing; 37: // If unauthorized (401) and not already retrying, session expired; 41: // Clear expired tokens if session can't be refreshed; 42: await Tokens.clear();; 44: if (__DEV__) console.warn('[API Client Session Clear Error]', e);	24: if (__DEV__) console.warn('[API Client Request Interceptor Error]', e);; 28: (error) => Promise.reject(error); 31: // Response Interceptor: Handle token expiration and standard error routing; 34: async (error) => {; 35: const originalRequest = error.config;; 37: // If unauthorized (401) and not already retrying, session expired; 38: if (error.response?.status === 401 && !originalRequest._retry) {; 39: originalRequest._retry = true;		7: timeout: 60000,; 23: } catch (e) {; 24: if (__DEV__) console.warn('[API Client Request Interceptor Error]', e);; 28: (error) => Promise.reject(error); 31: // Response Interceptor: Handle token expiration and standard error routing; 34: async (error) => {; 35: const originalRequest = error.config;; 37: // If unauthorized (401) and not already retrying, session expired	Traceability required; no execution performed	Complete member read from baseline archive bytes; no product code changed
NabdProvider-provider.zip	src/services/HttpClient.ts	a37d90412435872af44051935bd1e3943e87a26a584f1056c06a9b0db2dff805	29	OWNED_SOURCE_OR_CONFIG	client/state/service	catalog/discovery	YES	audit-artifacts/phase0d/phase0d-provider/evidence/src_services_HttpClient.ts.md	Complete decoded member bytes; static semantic signals	1-29	8: // Custom global retry interceptor for 5xx and network errors; 12: const config = error.config as InternalAxiosRequestConfig & { _retryCount?: number };; 15: config._retryCount = config._retryCount || 0;; 17: const shouldRetry = !error.response || error.response.status >= 500;; 19: if (shouldRetry && config._retryCount < 3) {; 20: config._retryCount += 1;; 21: const delay = Math.pow(2, config._retryCount) * 1000;	1: import axios, { AxiosError, InternalAxiosRequestConfig } from 'axios';; 3: export const HttpClient = axios.create({; 4: baseURL: 'https://api.nabdahplus.com/api/v1',; 11: async (error: AxiosError) => {; 12: const config = error.config as InternalAxiosRequestConfig & { _retryCount?: number };		1: import axios, { AxiosError, InternalAxiosRequestConfig } from 'axios';; 8: // Custom global retry interceptor for 5xx and network errors; 11: async (error: AxiosError) => {; 12: const config = error.config as InternalAxiosRequestConfig & { _retryCount?: number };; 13: if (!config) return Promise.reject(error);; 15: config._retryCount = config._retryCount || 0;; 17: const shouldRetry = !error.response || error.response.status >= 500;; 19: if (shouldRetry && config._retryCount < 3) {		1: import axios, { AxiosError, InternalAxiosRequestConfig } from 'axios';; 5: timeout: 15000,; 8: // Custom global retry interceptor for 5xx and network errors; 11: async (error: AxiosError) => {; 12: const config = error.config as InternalAxiosRequestConfig & { _retryCount?: number };; 13: if (!config) return Promise.reject(error);; 15: config._retryCount = config._retryCount || 0;; 17: const shouldRetry = !error.response || error.response.status >= 500;	Traceability required; no execution performed	Complete member read from baseline archive bytes; no product code changed
NabdProvider-provider.zip	src/services/NotificationService.ts	356067cbc33ae0d0796bb9dd337c4ba4f2ee24a16f820f82052892f2a9b4f720	6	OWNED_SOURCE_OR_CONFIG	client/state/service	chat/support	YES	audit-artifacts/phase0d/phase0d-provider/evidence/src_services_NotificationService.ts.md	Complete decoded member bytes; static semantic signals	1-6							Traceability required; no execution performed	Complete member read from baseline archive bytes; no product code changed
NabdProvider-provider.zip	src/utils/notifications.ts	c9db5a26cbf781bcd26b41f0dc523469d054b7c4dd4c76c5c8b38a2de2662854	145	OWNED_SOURCE_OR_CONFIG	source/config	diagnostics/homecare	YES	audit-artifacts/phase0d/phase0d-provider/evidence/src_utils_notifications.ts.md	Complete decoded member bytes; static semantic signals	1-145	37: export async function registerForPushNotificationsAsync(): Promise<string | null> {; 89: // Register token with backend; 91: await apiFetch('/push/register', {	91: await apiFetch('/push/register', {	46: const { status: existingStatus } = await Notifications.getPermissionsAsync();; 50: const { status } = await Notifications.requestPermissionsAsync();; 55: // User denied push notification permission — graceful skip; 59: // Prefer native FCM token on Android (direct via our Firebase project);; 60: // fall back to Expo push service token otherwise (iOS until APNs keys arrive).; 61: let token: string | null = null;; 65: const nativeToken = await Notifications.getDevicePushTokenAsync();; 66: if (nativeToken?.data) {	46: const { status: existingStatus } = await Notifications.getPermissionsAsync();; 47: let finalStatus = existingStatus;; 49: if (existingStatus !== 'granted') {; 50: const { status } = await Notifications.requestPermissionsAsync();; 51: finalStatus = status;; 54: if (finalStatus !== 'granted') {; 83: // Push token fetch failed — non-critical, skip silently; 101: // Backend registration failed — non-critical		24: } catch { /* native module not ready — skip handler */ }; 25: } catch {; 70: } catch {; 82: } catch (e) {; 83: // Push token fetch failed — non-critical, skip silently; 100: } catch {; 101: // Backend registration failed — non-critical; 123: } catch (e) {	Traceability required; no execution performed	Complete member read from baseline archive bytes; no product code changed
NabdProvider-provider.zip	src/utils/dates.ts	862a9ca97012f04dec934dafeb2485d53272420720a0e6b76d0755fb3556cade	21	OWNED_SOURCE_OR_CONFIG	source/config	admin/provider-ops	YES	audit-artifacts/phase0d/phase0d-provider/evidence/src_utils_dates.ts.md	Complete decoded member bytes; static semantic signals	1-21							Traceability required; no execution performed	Complete member read from baseline archive bytes; no product code changed
NabdProvider-provider.zip	src/utils/imageUrl.ts	8110d355406eb2d82ed01a8109c5cbd46b3a4b3dfbbdb5de5cc7ee51d70fa829	43	OWNED_SOURCE_OR_CONFIG	source/config	pharmacy/orders	YES	audit-artifacts/phase0d/phase0d-provider/evidence/src_utils_imageUrl.ts.md	Complete decoded member bytes; static semantic signals	1-43							Traceability required; no execution performed	Complete member read from baseline archive bytes; no product code changed
NabdProvider-provider.zip	src/utils/PushNotifications.ts	3bd07a15a69daa856b4215f17b1a54bbb9b373b864c02880c8db762a156bca13	48	OWNED_SOURCE_OR_CONFIG	source/config	diagnostics/homecare	YES	audit-artifacts/phase0d/phase0d-provider/evidence/src_utils_PushNotifications.ts.md	Complete decoded member bytes; static semantic signals	1-48			18: const { status: existingStatus } = await Notifications.getPermissionsAsync();; 22: const { status } = await Notifications.requestPermissionsAsync();; 32: await Notifications.getExpoPushTokenAsync({; 35: // Token obtained — backend registration handled by notifications.ts; 37: // Push token unavailable (Expo Go limitation / simulator) — silently skip	18: const { status: existingStatus } = await Notifications.getPermissionsAsync();; 19: let finalStatus = existingStatus;; 21: if (existingStatus !== 'granted') {; 22: const { status } = await Notifications.requestPermissionsAsync();; 23: finalStatus = status;; 26: if (finalStatus !== 'granted') return;		36: } catch (e) {	Traceability required; no execution performed	Complete member read from baseline archive bytes; no product code changed
NabdProvider-provider.zip	src/utils/api.ts	cffa2b2e4503d337bad609f9c083848019d8d4dee9a041b2cf8a975dfc995113	24	OWNED_SOURCE_OR_CONFIG	client/state/service	diagnostics/homecare	YES	audit-artifacts/phase0d/phase0d-provider/evidence/src_utils_api.ts.md	Complete decoded member bytes; static semantic signals	1-24		2: * apiFetch — thin fetch-style wrapper over the shared axios client.; 5: import client from '../api/client';; 14: export async function apiFetch(path: string, options: ApiFetchOptions = {}): Promise<any> {					Traceability required; no execution performed	Complete member read from baseline archive bytes; no product code changed
NabdProvider-provider.zip	src/types/contracts.ts	338ba19890e5a44b912c3fb4dac0a2411b338f185ff31327a412d2cdc7f5ef56	216	OWNED_SOURCE_OR_CONFIG	source/config	pharmacy/orders	YES	audit-artifacts/phase0d/phase0d-provider/evidence/src_types_contracts.ts.md	Complete decoded member bytes; static semantic signals	1-216	57: CANCELLED = 'CANCELLED',; 104: CANCELLED = 'cancelled',; 159: CANCELLED = 'CANCELLED',; 163: [OrderState.CREATED]: [OrderState.VALIDATED, OrderState.CANCELLED],; 164: [OrderState.VALIDATED]: [OrderState.PHARMACY_RECEIVED, OrderState.CANCELLED],; 165: [OrderState.PHARMACY_RECEIVED]: [OrderState.ACCEPTED, OrderState.REJECTED, OrderState.CANCELLED],; 166: [OrderState.ACCEPTED]: [OrderState.PREPARING, OrderState.PARTIALLY_FULFILLED, OrderState.CANCELLED],; 167: [OrderState.REJECTED]: [OrderState.ESCALATED_TO_ADMIN, OrderState.CANCELLED],		4: export enum UserRole {; 10: HOSPITAL_ADMIN = 'hospital_admin',; 11: BRANCH_ADMIN = 'branch_admin',; 19: ADMIN = 'admin',; 21: SUPER_ADMIN = 'super_admin',; 58: ESCALATED_TO_ADMIN = 'ESCALATED_TO_ADMIN',; 76: ADMIN_NOTIFIED = 'ADMIN_NOTIFIED',; 167: [OrderState.REJECTED]: [OrderState.ESCALATED_TO_ADMIN, OrderState.CANCELLED],	38: export enum ProviderStatus {; 39: PENDING = 'pending',; 41: REJECTED = 'rejected',; 45: export enum OrderState {; 50: REJECTED = 'REJECTED',; 56: DELIVERED = 'DELIVERED',; 57: CANCELLED = 'CANCELLED',; 59: PENDING_INSURANCE = 'PENDING_INSURANCE',	59: PENDING_INSURANCE = 'PENDING_INSURANCE',; 180: [OrderState.PENDING_INSURANCE]: [OrderState.APPROVED, OrderState.PARTIAL_APPROVAL, OrderState.REJECTED, OrderState.CANCELLED],	39: PENDING = 'pending',; 57: CANCELLED = 'CANCELLED',; 59: PENDING_INSURANCE = 'PENDING_INSURANCE',; 104: CANCELLED = 'cancelled',; 114: FAILED = 'FAILED',; 159: CANCELLED = 'CANCELLED',; 163: [OrderState.CREATED]: [OrderState.VALIDATED, OrderState.CANCELLED],; 164: [OrderState.VALIDATED]: [OrderState.PHARMACY_RECEIVED, OrderState.CANCELLED],	Traceability required; no execution performed	Complete member read from baseline archive bytes; no product code changed
NabdProvider-provider.zip	src/types/FacilityTypes.ts	d013ef6236265c7da5ea1e66910c2b227c4cc6e9ea77f9d1b8a100318c3ad0ba	72	OWNED_SOURCE_OR_CONFIG	source/config	consultation/booking	YES	audit-artifacts/phase0d/phase0d-provider/evidence/src_types_FacilityTypes.ts.md	Complete decoded member bytes; static semantic signals	1-72			35: permissions: FacilityPermissions;; 39: export interface FacilityPermissions {	7: status: 'active' | 'inactive';; 16: status: 'active' | 'inactive';; 26: status: 'active' | 'maintenance' | 'inactive';; 34: status: 'pending' | 'accepted' | 'rejected' | 'revoked';	42: insurance: boolean;; 49: manage_wallet: boolean;; 68: supported_insurance: string[];	34: status: 'pending' | 'accepted' | 'rejected' | 'revoked';	Traceability required; no execution performed	Complete member read from baseline archive bytes; no product code changed
NabdProvider-provider.zip	src/security/Security.ts	2576de645b881d82931a48b78bba3b18c5699cea94447955c9e04fc0c5788d8b	327	OWNED_SOURCE_OR_CONFIG	source/config	diagnostics/homecare	YES	audit-artifacts/phase0d/phase0d-provider/evidence/src_security_Security.ts.md	Complete decoded member bytes; static semantic signals	1-327	179: cancelLabel: 'إلغاء',; 315: type AuditAction = 'login'|'logout'|'login_fail'|'biometric'|'pass_change'|; 316: 'toggle_online'|'withdraw_request'|'doc_upload'|'settings_change'|'biometric_login'|'biometric_enabled';		12: ACCESS: 'np_access_token',; 13: REFRESH: 'np_refresh_token',; 14: SESSION_ID: 'np_session_id',; 57: // ─── Token Management ─────────────────────────────────────────────────────────; 58: export const Tokens = {; 59: async save(access: string, refresh: string, session_id: string, provider_id: string, provider_type: string) {; 62: Vault.set(SK.REFRESH, refresh),; 63: Vault.set(SK.SESSION_ID, session_id),	167: async authenticate(reason = 'تحقق من هويتك'): Promise<{ success: boolean; error?: string }> {; 173: return { success: false, error: 'البصمة غير متاحة على هذا الجهاز' };; 179: cancelLabel: 'إلغاء',; 183: return { success: r.success, error: 'error' in r ? (r as any).error : undefined };; 185: return { success: false, error: e?.message || 'Unknown error' };		33: } catch (e) {; 42: } catch (e) {; 49: try { await SecureStore.deleteItemAsync(key); } catch {}; 97: } catch (e) { return null; }; 153: } catch {; 163: } catch {}; 167: async authenticate(reason = 'تحقق من هويتك'): Promise<{ success: boolean; error?: string }> {; 173: return { success: false, error: 'البصمة غير متاحة على هذا الجهاز' };	Traceability required; no execution performed	Complete member read from baseline archive bytes; no product code changed
NabdProvider-provider.zip	src/components/LocationPickerModal.tsx	a9d77a05620215e0936d16968e29a1dc7bc574ead27f23a1e78fcfece894bc03	129	OWNED_SOURCE_OR_CONFIG	ui/screen	pharmacy/orders	YES	audit-artifacts/phase0d/phase0d-provider/evidence/src_components_LocationPickerModal.tsx.md	Complete decoded member bytes; static semantic signals	1-129	89: onPress={(e) => setSelected({ lat: e.nativeEvent.coordinate.latitude, lng: e.nativeEvent.coordinate.longitude })}; 99: onPress={handleGetCurrentLocation}; 115: <TouchableOpacity style={{ padding: SP.md, borderRadius: R.md, backgroundColor: theme.border, flex: 1, marginHorizontal: SP.xs }} onPress={onClose}>; 116: <Text style={{ color: theme.text, textAlign: 'center', fontWeight: 'bold' }}>{AR ? 'إلغاء' : 'Cancel'}</Text>; 118: <TouchableOpacity style={{ padding: SP.md, borderRadius: R.md, backgroundColor: theme.primary, flex: 1, marginHorizontal: SP.xs }} onPress={() => {		42: const { status } = await Location.requestForegroundPermissionsAsync();; 44: setLocError(AR ? 'تم رفض إذن الموقع — فعّله من إعدادات الجهاز' : 'Location permission denied — enable it in device settings');	1: import React, { useState, useEffect, useRef } from 'react';; 24: const [selected, setSelected] = useState(initialLocation || DEFAULT_LOC);; 25: const [locating, setLocating] = useState(false);; 26: const [locError, setLocError] = useState<string | null>(null);; 40: setLocError(null);; 42: const { status } = await Location.requestForegroundPermissionsAsync();; 43: if (status !== 'granted') {; 44: setLocError(AR ? 'تم رفض إذن الموقع — فعّله من إعدادات الجهاز' : 'Location permission denied — enable it in device settings');		26: const [locError, setLocError] = useState<string | null>(null);; 40: setLocError(null);; 44: setLocError(AR ? 'تم رفض إذن الموقع — فعّله من إعدادات الجهاز' : 'Location permission denied — enable it in device settings');; 49: } catch (e) {; 50: setLocError(AR ? 'تعذر تحديد موقعك الحالي' : 'Could not determine your current location');; 60: setLocError(null);; 67: setTimeout(() => mapRef.current?.animateToRegion({; 107: {locError && (	Traceability required; no execution performed	Complete member read from baseline archive bytes; no product code changed
NabdProvider-provider.zip	src/components/SuccessScreen.tsx	286e1bd78b57da86c1bd25490300ec42ecfcd23194ed6a4304d90cb8e50f4d88	55	OWNED_SOURCE_OR_CONFIG	ui/screen	pharmacy/orders	YES	audit-artifacts/phase0d/phase0d-provider/evidence/src_components_SuccessScreen.tsx.md	Complete decoded member bytes; static semantic signals	1-55	7: interface SuccessScreenProps {; 15: export const SuccessScreen = ({ onDone, title, message }: SuccessScreenProps) => {; 23: : 'Your application has been submitted successfully and is pending admin approval. We will contact you soon.';; 44: onPress={onDone}		23: : 'Your application has been submitted successfully and is pending admin approval. We will contact you soon.';	7: interface SuccessScreenProps {; 15: export const SuccessScreen = ({ onDone, title, message }: SuccessScreenProps) => {; 20: const defaultTitle = AR ? 'نجاح!' : 'Success!';; 23: : 'Your application has been submitted successfully and is pending admin approval. We will contact you soon.';		23: : 'Your application has been submitted successfully and is pending admin approval. We will contact you soon.';	Traceability required; no execution performed	Complete member read from baseline archive bytes; no product code changed
NabdProvider-provider.zip	src/components/PlatformMap.tsx	e18899d4217e5482ae0dba0be9e23496166bfd1cc58abe98b9e6b005eac7f59e	1	OWNED_SOURCE_OR_CONFIG	ui/screen	cross-surface	YES	audit-artifacts/phase0d/phase0d-provider/evidence/src_components_PlatformMap.tsx.md	Complete decoded member bytes; static semantic signals	1-1							Traceability required; no execution performed	Complete member read from baseline archive bytes; no product code changed
NabdProvider-provider.zip	src/components/PlatformMap.web.tsx	b9f9afb97ed7cbf680f18b8f965dcafc464e06c9134568f2645b40d6ccec26ee	16	OWNED_SOURCE_OR_CONFIG	ui/screen	diagnostics/homecare	YES	audit-artifacts/phase0d/phase0d-provider/evidence/src_components_PlatformMap.web.tsx.md	Complete decoded member bytes; static semantic signals	1-16	4: type MapProps = { style?: any; children?: React.ReactNode; initialRegion?: any; onPress?: (event: any) => void };						Traceability required; no execution performed	Complete member read from baseline archive bytes; no product code changed
NabdProvider-provider.zip	src/components/PlatformMap.native.tsx	e18899d4217e5482ae0dba0be9e23496166bfd1cc58abe98b9e6b005eac7f59e	1	OWNED_SOURCE_OR_CONFIG	ui/screen	cross-surface	YES	audit-artifacts/phase0d/phase0d-provider/evidence/src_components_PlatformMap.native.tsx.md	Complete decoded member bytes; static semantic signals	1-1							Traceability required; no execution performed	Complete member read from baseline archive bytes; no product code changed
NabdProvider-provider.zip	src/components/ui.tsx	4d987e9f56bd3f88939f5e8b14ba604b8127a676d32f60f95113acf8112cd4ac	1379	OWNED_SOURCE_OR_CONFIG	ui/screen	pharmacy/orders	YES	audit-artifacts/phase0d/phase0d-provider/evidence/src_components_ui.tsx.md	Complete decoded member bytes; static semantic signals	1-1379	33: export function NCard({ children, style, onPress, noPad, accent }:; 34: { children:ReactNode; style?:object; onPress?:()=>void; noPad?:boolean; accent?:string }) {; 48: if (onPress) return <TouchableOpacity onPress={onPress} activeOpacity={0.85}>{inner}</TouchableOpacity>;; 57: label, onPress, variant='primary', size='md',; 60: label:string; onPress:()=>void; variant?:BtnVariant; size?:BtnSize;; 73: onPress();; 86: <TouchableOpacity onPress={press} activeOpacity={0.9} disabled={disabled||loading}; 106: caps='none', required, style, returnKey, onSubmit, autoFocus, innerRef,	17: import client from '../api/client';	524: // ─── OTP Input ────────────────────────────────────────────────────────────────; 525: export function NOTP({ target, otp, setOtp, onVerify, loading, onResend }:; 526: { target:string; otp:string[]; setOtp:(v:string[])=>void; onVerify:()=>void; loading?:boolean; onResend?:()=>void }) {; 537: const n = [...otp]; n[i]=text.slice(-1); setOtp(n);; 543: <Text style={{ fontSize:FS['3xl'], fontWeight:FW.bold, color:theme.text, marginBottom:SP.md }}>{t('otpTitle')}</Text>; 545: {t('otpSentTo')} <Text style={{ color:theme.primary, fontWeight:FW.semi }}>{target}</Text>; 548: {otp.map((d,i) => (; 552: style={[s.otpBox, { backgroundColor:theme.inputBg, borderColor:d?theme.primary:theme.border, color:theme.text }]} />	5: import React, { useRef, useEffect, useState, ReactNode } from 'react';; 58: icon, iconRight, loading, disabled, style, labelStyle, full=true; 61: icon?:string; iconRight?:string; loading?:boolean; disabled?:boolean;; 86: <TouchableOpacity onPress={press} activeOpacity={0.9} disabled={disabled||loading}; 90: {loading; 104: label, placeholder, value, onChange, secure, kbType, error, hint,; 109: secure?:boolean; kbType?:any; error?:string; hint?:string;; 118: const [focused, setFocused] = useState(false);	32: // ─── Card ─────────────────────────────────────────────────────────────────────; 33: export function NCard({ children, style, onPress, noPad, accent }:; 38: backgroundColor:theme.card, borderRadius:R.xl,; 346: borderRadius:size*0.14, backgroundColor:online?theme.success:theme.danger, borderWidth:2, borderColor:theme.card }} />; 365: export function NStepBar({ total, current, style }:{ total:number; current:number; style?:object }) {; 369: {Array.from({length:total}).map((_,i) => (; 378: export function NHeader({ title, sub, step, total, onBack, right, style }:; 379: { title?:string; sub?:string; step?:number; total?:number; onBack?:()=>void; right?:ReactNode; style?:object }) {	58: icon, iconRight, loading, disabled, style, labelStyle, full=true; 61: icon?:string; iconRight?:string; loading?:boolean; disabled?:boolean;; 86: <TouchableOpacity onPress={press} activeOpacity={0.9} disabled={disabled||loading}; 90: {loading; 104: label, placeholder, value, onChange, secure, kbType, error, hint,; 109: secure?:boolean; kbType?:any; error?:string; hint?:string;; 130: outputRange:[error ? theme.borderErr : theme.border, error ? theme.borderErr : theme.borderFocus]; 179: {(error||hint) && (	Traceability required; no execution performed	Complete member read from baseline archive bytes; no product code changed
NabdProvider-provider.zip	src/components/OtpModal.tsx	ae0594d1da8ca4a460bbb580f793154f5437805aa18bf66814de24819e860921	185	OWNED_SOURCE_OR_CONFIG	ui/screen	pharmacy/orders	YES	audit-artifacts/phase0d/phase0d-provider/evidence/src_components_OtpModal.tsx.md	Complete decoded member bytes; static semantic signals	1-185	79: const submit = async () => {; 113: <TouchableOpacity onPress={onClose} style={{ padding: SP.sm, backgroundColor: theme.surface2, borderRadius: R.full }}>; 172: onPress={submit}; 176: <TouchableOpacity style={{ marginTop: SP.lg, alignItems: 'center' }} onPress={onResend} disabled={!onResend}>		8: interface OtpModalProps {; 11: onVerify: (otp: string) => Promise<boolean>;; 17: const OTP_LEN = 6;; 19: export const OtpModal = ({ visible, onClose, onVerify, target, type = 'email', onResend }: OtpModalProps) => {; 24: const [otp, setOtp] = useState<string[]>(Array(OTP_LEN).fill(''));; 33: setOtp(Array(OTP_LEN).fill(''));; 42: const clean = digits.replace(/\D/g, '').slice(0, OTP_LEN - startIndex);; 44: setOtp(prev => {	1: import React, { useState, useRef, useEffect } from 'react';; 24: const [otp, setOtp] = useState<string[]>(Array(OTP_LEN).fill(''));; 25: const [loading, setLoading] = useState(false);; 26: const [error, setError] = useState('');; 34: setError('');; 49: setError('');; 50: const nextEmpty = startIndex + clean.length;; 51: if (nextEmpty < OTP_LEN) inputs.current[nextEmpty]?.focus();		25: const [loading, setLoading] = useState(false);; 26: const [error, setError] = useState('');; 34: setError('');; 35: const t = setTimeout(() => inputs.current[0]?.focus(), 350);; 36: return () => clearTimeout(t);; 49: setError('');; 50: const nextEmpty = startIndex + clean.length;; 51: if (nextEmpty < OTP_LEN) inputs.current[nextEmpty]?.focus();	Traceability required; no execution performed	Complete member read from baseline archive bytes; no product code changed
NabdProvider-provider.zip	src/components/icons.tsx	fbc6ef58fecdb9d5a64953cb8ac84364e219f8371fa4b29d3d3f31bc159beab7	273	OWNED_SOURCE_OR_CONFIG	ui/screen	pharmacy/orders	YES	audit-artifacts/phase0d/phase0d-provider/evidence/src_components_icons.tsx.md	Complete decoded member bytes; static semantic signals	1-273	65: upload: ['M21 15v4a2 2 0 01-2 2H5a2 2 0 01-2-2v-4','M17 8l-5-5-5 5','M12 3v12'],; 66: download: ['M21 15v4a2 2 0 01-2 2H5a2 2 0 01-2-2v-4','M7 10l5 5 5-5','M12 15V3'],; 90: logout: ['M9 21H5a2 2 0 01-2-2V5a2 2 0 012-2h4','M16 17l5-5-5-5','M21 12H9'],; 115: bookOpen: ['M2 3h6a4 4 0 014 4v14a3 3 0 00-3-3H2z','M22 3h-6a4 4 0 00-4 4v14a3 3 0 013-3h7z'],		47: refresh: ['M23 4v6h-6','M1 20v-6h6','M3.51 9a9 9 0 0114.85-3.36L23 10M1 14l4.64 4.36A9 9 0 0020.49 15'],; 90: logout: ['M9 21H5a2 2 0 01-2-2V5a2 2 0 012-2h4','M16 17l5-5-5-5','M21 12H9'],	44: // Status; 131: // ─── Aliases & previously-missing names (were rendering as empty boxes) ────; 251: // ─── Status Dot ───────────────────────────────────────────────────────────────; 252: export function StatusDot({ status, size = 10 }: { status: 'online'|'offline'|'busy'|'away'; size?: number }) {; 254: return <View style={{ width:size, height:size, borderRadius:size/2, backgroundColor:colors[status]??'#9E9E9E' }} />;; 259: rating, max = 5, size = 16, color = '#FFC107', emptyColor = '#E0E0E0',; 260: }: { rating: number; max?: number; size?: number; color?: string; emptyColor?: string }) {; 266: stroke={i < Math.floor(rating) ? color : emptyColor}	32: wallet: ['M21 18V6a2 2 0 00-2-2H5a2 2 0 00-2 2v12a2 2 0 002 2h14a2 2 0 002-2z','M21 12h-5a2 2 0 000 4h5'],; 145: payments: ['M21 18V6a2 2 0 00-2-2H5a2 2 0 00-2 2v12a2 2 0 002 2h14a2 2 0 002-2z','M3 10h18','M7 15h4'],	131: // ─── Aliases & previously-missing names (were rendering as empty boxes) ────; 252: export function StatusDot({ status, size = 10 }: { status: 'online'|'offline'|'busy'|'away'; size?: number }) {; 253: const colors: Record<string, string> = { online:'#4CAF50', offline:'#9E9E9E', busy:'#F44336', away:'#FF9800' };; 259: rating, max = 5, size = 16, color = '#FFC107', emptyColor = '#E0E0E0',; 260: }: { rating: number; max?: number; size?: number; color?: string; emptyColor?: string }) {; 266: stroke={i < Math.floor(rating) ? color : emptyColor}	Traceability required; no execution performed	Complete member read from baseline archive bytes; no product code changed
NabdProvider-provider.zip	src/components/ContractModal.tsx	813beac15529a432a660f6563dea12274330f524b2be22db2225236bdc24be82	132	OWNED_SOURCE_OR_CONFIG	ui/screen	pharmacy/orders	YES	audit-artifacts/phase0d/phase0d-provider/evidence/src_components_ContractModal.tsx.md	Complete decoded member bytes; static semantic signals	1-132	53: <TouchableOpacity onPress={onClose} style={styles.closeBtn}>; 79: The Second Party acknowledges that all uploaded licenses and data are correct and valid, and bears full legal responsibility otherwise.; 116: onPress={async () => {	6: import client from '../api/client';		1: import React, { useEffect, useState } from 'react';; 20: const [policy, setPolicy] = useState<{ content: string; version: string } | null>(null);; 21: const [loadingPolicy, setLoadingPolicy] = useState(false);; 22: const [accepting, setAccepting] = useState(false);; 25: setLoadingPolicy(true);; 29: .finally(() => setLoadingPolicy(false));; 58: {loadingPolicy && <ActivityIndicator color={theme.primary} style={{ marginVertical: SP.lg }} />}; 76: The Second Party (Service Provider) commits to providing all medical, laboratory, pharmaceutical, or nursing services according to the highest quality standards approved by the Ministry of Health.	11: pricingDetails?: { labelAr: string; labelEn: string; price: string | number }[];; 102: <Text style={{fontWeight: 'bold', color: theme.text}}>{item.price} {AR ? 'ر.س' : 'SAR'}</Text>	21: const [loadingPolicy, setLoadingPolicy] = useState(false);; 25: setLoadingPolicy(true);; 28: .catch(() => {}); 29: .finally(() => setLoadingPolicy(false));; 58: {loadingPolicy && <ActivityIndicator color={theme.primary} style={{ marginVertical: SP.lg }} />}; 82: The service provider commits to responding to requests received via the platform within the specified time (depending on the service type), and updating the order status immediately upon execution.; 119: try { await client.post('/legal/accept/provider_agreement', {}); } catch {}	Traceability required; no execution performed	Complete member read from baseline archive bytes; no product code changed
NabdProvider-provider.zip	src/components/SignatureCanvasModal.tsx	f111726c5cb4f64166dfcb7f78d53cf2c8aaa277a0c6465132c3c37788bd25be	89	OWNED_SOURCE_OR_CONFIG	ui/screen	pharmacy/orders	YES	audit-artifacts/phase0d/phase0d-provider/evidence/src_components_SignatureCanvasModal.tsx.md	Complete decoded member bytes; static semantic signals	1-89	3: import SignatureScreen from 'react-native-signature-canvas';; 43: <TouchableOpacity onPress={onClose} style={{ padding: SP.sm, backgroundColor: theme.surface2, borderRadius: R.full }}>; 49: <SignatureScreen; 69: onPress={handleClear}; 77: onPress={handleConfirm}		"72: <NIcon name=""refresh"" size={16} color={theme.textSub} />"	52: onEmpty={() => {		52: onEmpty={() => {	Traceability required; no execution performed	Complete member read from baseline archive bytes; no product code changed
NabdProvider-provider.zip	src/context/index.tsx	3c288ab0a29efb1f9e8fefe4088224ea3c5d4ff8de5130308f44a6205130c42d	449	OWNED_SOURCE_OR_CONFIG	client/state/service	identity/session	YES	audit-artifacts/phase0d/phase0d-provider/evidence/src_context_index.tsx.md	Complete decoded member bytes; static semantic signals	1-449	187: login: (id: string, pass: string) => Promise<{ ok: boolean; err?: string }>;; 188: bioLogin: () => Promise<{ ok: boolean; err?: string }>;; 190: logout: () => Promise<void>;; 232: if (!refreshed) { await logout(); return; }; 290: const login = async (identifier: string, password: string): Promise<{ ok: boolean; err?: string }> => {; 291: const key = `login_${identifier}`;; 301: const res = await fetch(`${baseUrl}/provider/auth/login`, {; 314: Audit.log('login', true, { provider: u.providerType });	215: const isOnline = await fetch('https://1.1.1.1', { method: 'HEAD' }).then(() => true).catch(() => false);; 272: const baseUrl = customIp ? `http://${customIp}:8002/api/v1` : API_BASE;; 273: const res = await fetch(`${baseUrl}/provider/auth/refresh`, {; 300: const baseUrl = customIp ? `http://${customIp}:8002/api/v1` : API_BASE;; 301: const res = await fetch(`${baseUrl}/provider/auth/login`, {; 361: await fetch(`${API_BASE}/provider/auth/logout`, { method: 'POST', headers, body: JSON.stringify({ session_id: sessionId }) });; 386: const res = await fetch(`${API_BASE}/provider/ops/availability/toggle-instant`, {; 415: </AuthCtx.Provider>	15: import { Vault, Tokens, SessionMgr, RateLimiter, Audit, SK, Validate, Biometric, buildHeaders, DeviceId } from '../security/Security';; 183: subId?: string; role?: string; permissions?: string[];; 187: login: (id: string, pass: string) => Promise<{ ok: boolean; err?: string }>;; 188: bioLogin: () => Promise<{ ok: boolean; err?: string }>;; 190: logout: () => Promise<void>;; 193: refreshSession: () => Promise<void>;; 204: useEffect(() => { refreshSession(); }, []);; 208: if (s === 'active' && user) refreshSession();	6: createContext, useContext, useState, useEffect,; 11: Appearance, AppState, AppStateStatus, Platform; 25: const [mode, setModeState] = useState<ThemeMode>('system');; 26: const [systemColor, setSystemColor] = useState<'light' | 'dark'>(systemMode);; 30: if (saved === 'light' || saved === 'dark' || saved === 'system') setModeState(saved);; 40: setModeState(next);; 45: setModeState(prev => {; 62: if (!c) throw new Error('useTheme outside ThemeProvider');		62: if (!c) throw new Error('useTheme outside ThemeProvider');; 74: try { return String(Intl.DateTimeFormat().resolvedOptions().locale || '').split('-')[0].toLowerCase(); } catch { return ''; }; 110: if (!c) throw new Error('useLang outside LangProvider');; 117: export type ToastType = 'success' | 'error' | 'warning' | 'info';; 126: error: { bg:'#B71C1C', icon:'' },; 137: const t = setTimeout(() => {; 143: return () => clearTimeout(t);; 170: if (!c) throw new Error('useToast outside ToastProvider');	Traceability required; no execution performed	Complete member read from baseline archive bytes; no product code changed
