screen_or_member	domain	role	static_actions_api_state_signals	backend/payment/journey_status	gap_or_required_test
app.json	identity/session	source/config	"43: ""apiBaseUrl"": ""https://api.nabd.plus/api/v1"" || 23: ""permissions"": ["	UNVERIFIED_BASELINE_ONLY	Require screen CTA→API/socket→handler/DB/state→payment/insurance→notification/result mapping; owner/stranger/unauth and negative/loading/empty/retry/cancel tests
tsconfig.json	cross-surface	config/build		UNVERIFIED_BASELINE_ONLY	Require screen CTA→API/socket→handler/DB/state→payment/insurance→notification/result mapping; owner/stranger/unauth and negative/loading/empty/retry/cancel tests
App.tsx	pharmacy/orders	source/config	"16: import { SplashScreen, WelcomeScreen, LoginScreen, ForgotPasswordScreen } from './src/screens/auth/AuthScreens'; || 17: import { PendingDashboard } from './src/screens/auth/PendingDashboard'; || 18: import { DoctorRegistration }         from './src/screens/doctor/DoctorRegistration'; || 19: import { DoctorDashboardNavigator }   from './src/screens/doctor/DoctorDashboard'; || 20: import { FacilityRegistration }       from './src/screens/facility/FacilityRegistration'; || 21: import { FacilityDashboardNavigator } from './src/screens/facility/FacilityDashboard'; || 22: import { PharmacyRegistration }       from './src/screens/pharmacy/PharmacyRegistration'; || 23: import { PharmacyDashboardNavigator } from './src/screens/pharmacy/PharmacyDashboard'; || 24: import { LabRegistration }           from './src/screens/lab/LabRegistration'; || 25: import { LabDashboardNavigator }     from './src/screens/lab/LabDashboard'; || 26: import { RadiologyRegistration }     from './src/screens/radiology/RadiologyRegistration'; || 27: import { RadiologyDashboardNavigator } from './src/screens/radiology/RadiologyDashboard'; || 4: * Phase 0-5: Doctor + Facility + Pharmacy + Lab/Radiology + Nursing || 16: import { SplashScreen, WelcomeScreen, LoginScreen, ForgotPasswordScreen } from './src/screens/auth/AuthScreens'; || 17: import { PendingDashboard } from './src/screens/auth/PendingDashboard'; || 22: import { PharmacyRegistration }       from './src/screens/pharmacy/PharmacyRegistration'; || 23: import { PharmacyDashboardNavigator } from './src/screens/pharmacy/PharmacyDashboard'; || 26: import { RadiologyRegistration }     from './src/screens/radiology/RadiologyRegistration'; || 27: import { RadiologyDashboardNavigator } from './src/screens/radiology/RadiologyDashboard'; || 28: import { NursingRegistration }       from './src/screens/nursing/NursingRegistration'; || 29: import { NursingDashboardNavigator } from './src/screens/nursing/NursingDashboard'; || 103: import { PharmacyChatResponder } from ""./src/screens/shared/PharmacyChatResponder""; || 15: import { RootProvider, useAuth, useTheme } from './src/context'; || 16: import { SplashScreen, WelcomeScreen, LoginScreen, ForgotPasswordScreen } from './src/screens/auth/AuthScreens';"	UNVERIFIED_BASELINE_ONLY	Require screen CTA→API/socket→handler/DB/state→payment/insurance→notification/result mapping; owner/stranger/unauth and negative/loading/empty/retry/cancel tests
package.json	consultation/booking	source/config	"26: ""axios-retry"": ""^4.5.0"", || 45: ""expo-router"": ""~6.0.24"", || 47: ""expo-splash-screen"": ""~31.0.13"", || 57: ""react-native-screens"": ""~4.16.0"", || 25: ""axios"": ""^1.7.9"", || 26: ""axios-retry"": ""^4.5.0"", || 63: ""socket.io-client"": ""^4.8.3"", || 72: ""axios-mock-adapter"": ""^2.1.0"", || 26: ""axios-retry"": ""^4.5.0"", || 48: ""expo-status-bar"": ""~3.0.9"", || 26: ""axios-retry"": ""^4.5.0"","	UNVERIFIED_BASELINE_ONLY	Require screen CTA→API/socket→handler/DB/state→payment/insurance→notification/result mapping; owner/stranger/unauth and negative/loading/empty/retry/cancel tests
package-lock.json	consultation/booking	source/config	"23: ""axios-retry"": ""^4.5.0"", || 42: ""expo-router"": ""~6.0.24"", || 44: ""expo-splash-screen"": ""~31.0.13"", || 54: ""react-native-screens"": ""~4.16.0"", || 1514: ""@urql/exchange-retry"": ""^1.3.0"", || 1564: ""expo-router"": ""*"", || 1568: ""expo-router"": { || 5121: ""react-native-screens"": "">= 4.0.0"" || 5129: ""@react-navigation/routers"": ""^7.6.4"", || 5196: ""react-native-screens"": "">= 4.0.0"" || 5199: ""node_modules/@react-navigation/routers"": { || 5201: ""resolved"": ""https://registry.npmjs.org/@react-navigation/routers/-/routers-7.6.4.tgz"", || 22: ""axios"": ""^1.7.9"", || 23: ""axios-retry"": ""^4.5.0"", || 60: ""socket.io-client"": ""^4.8.3"", || 69: ""axios-mock-adapter"": ""^2.1.0"", || 78: ""node_modules/@0no-co/graphql.web"": { || 80: ""resolved"": ""https://registry.npmjs.org/@0no-co/graphql.web/-/graphql.web-1.3.3.tgz"", || 83: ""graphql"": ""^14.0.0 || ^15.0.0 || ^16.0.0"" || 86: ""graphql"": { || 1494: ""@0no-co/graphql.web"": ""^1.0.8"", || 2583: ""node_modules/@firebase/auth"": { || 2585: ""resolved"": ""https://registry.npmjs.org/@firebase/auth/-/auth-1.13.3.tgz"", || 2606: ""node_modules/@firebase/auth-compat"": {"	UNVERIFIED_BASELINE_ONLY	Require screen CTA→API/socket→handler/DB/state→payment/insurance→notification/result mapping; owner/stranger/unauth and negative/loading/empty/retry/cancel tests
provider-app.contracts.test.js	pharmacy/orders	test	"6: const dashboard = fs.readFileSync(path.join(root, 'src/screens/doctor/DoctorDashboard.tsx'), 'utf8'); || 7: const pharmacyDashboard = fs.readFileSync(path.join(root, 'src/screens/pharmacy/PharmacyDashboard.tsx'), 'utf8'); || 8: const radiologyDashboard = fs.readFileSync(path.join(root, 'src/screens/radiology/RadiologyDashboard.tsx'), 'utf8'); || 17: ].map(file => fs.readFileSync(path.join(root, 'src/screens', file), 'utf8')).join('\n'); || 7: const pharmacyDashboard = fs.readFileSync(path.join(root, 'src/screens/pharmacy/PharmacyDashboard.tsx'), 'utf8'); || 8: const radiologyDashboard = fs.readFileSync(path.join(root, 'src/screens/radiology/RadiologyDashboard.tsx'), 'utf8'); || 13: 'pharmacy/PharmacyRegistration.tsx', || 15: 'radiology/RadiologyRegistration.tsx', || 16: 'nursing/NursingRegistration.tsx', || 21: expect(config.extra.apiBaseUrl).toBe('https://api.nabd.plus/api/v1'); || 42: it('does not ship fake pharmacy/radiology terminal actions', () => { || 45: expect(pharmacyDashboard).toContain(""client.get('/provider/pharmacy/broadcasts')""); || 46: expect(pharmacyDashboard).toContain('/provider/pharmacy/orders/${orderId}/accept'); || 47: expect(pharmacyDashboard).toContain('/provider/pharmacy/broadcasts/${rejectOrderId}/reject'); || 48: expect(pharmacyDashboard).not.toContain('/pharmacy/orders/${rejectOrderId}/reject'); || 49: expect(pharmacyDashboard).toContain(""client.get('/provider/pharmacy/allocations', { params: { status: 'completed' } })""); || 32: expect(dashboard).toContain('const patientId = apt?.patient_id'); || 35: it('contains real provider intake actions and refreshes after mutations', () => { || 36: expect(dashboard).toContain('/provider/jobs/queue?status=incoming&kind=consultation'); || 49: expect(pharmacyDashboard).toContain(""client.get('/provider/pharmacy/allocations', { params: { status: 'completed' } })""); || 58: expect(pharmacyDashboard).not.toContain('const [isOnline, setIsOnline] = useState(true);'); || 64: expect(dashboard).toContain('setError(true);'); || 31: expect(dashboard).not.toMatch(/price\s*:\s*x\.total\s*\|\|\s*150/); || 61: it('does not mark cash collection or begin a consultation in the doctor UI without a server mutation', () => {"	UNVERIFIED_BASELINE_ONLY	Require screen CTA→API/socket→handler/DB/state→payment/insurance→notification/result mapping; owner/stranger/unauth and negative/loading/empty/retry/cancel tests
src/polyfills.ts	consultation/booking	source/config	7: class DOMExceptionPolyfill extends Error { || 11: this.name = name || 'Error'; || 7: class DOMExceptionPolyfill extends Error { || 11: this.name = name || 'Error';	UNVERIFIED_BASELINE_ONLY	Require screen CTA→API/socket→handler/DB/state→payment/insurance→notification/result mapping; owner/stranger/unauth and negative/loading/empty/retry/cancel tests
src/constants/index.ts	pharmacy/orders	source/config	303: SESSION_MIN: 30, LOGIN_MAX_TRIES: 5, LOGIN_LOCK_MIN: 15, || 329: login:'تسجيل الدخول', register:'إنشاء حساب', logout:'تسجيل الخروج', || 348: next:'التالي', back:'رجوع', save:'حفظ', cancel:'إلغاء', confirm:'تأكيد', || 349: delete:'حذف', edit:'تعديل', add:'إضافة', send:'إرسال', submit:'إرسال للمراجعة', || 350: close:'إغلاق', done:'تم', skip:'تخطي', retry:'إعادة المحاولة', search:'بحث...', || 367: confirmLogout:'هل تريد تسجيل الخروج؟', || 386: login:'Log In', register:'Create Account', logout:'Log Out', || 388: rememberMe:'Remember Me', biometric:'Login with Face ID / Fingerprint', || 401: next:'Next', back:'Back', save:'Save', cancel:'Cancel', confirm:'Confirm', || 402: delete:'Delete', edit:'Edit', add:'Add', send:'Send', submit:'Submit for Review', || 403: close:'Close', done:'Done', skip:'Skip', retry:'Retry', search:'Search...', || 413: confirmLogout:'Are you sure you want to log out?', || 440: ? (envApiUrl.endsWith('/api/v1') ? envApiUrl : `${envApiUrl.replace(/\/$/, '')}/api/v1`) || 442: ? `http://${localIp}:8002/api/v1` || 443: : 'https://api.nabd.plus/api/v1'; || 219: { id:'inject', ar:'إعطاء حقن طبية', en:'Injection Administration',min:15 }, || 302: OTP_RESEND_SEC: 60, OTP_MAX_TRIES: 5, || 303: SESSION_MIN: 30, LOGIN_MAX_TRIES: 5, LOGIN_LOCK_MIN: 15, || 329: login:'تسجيل الدخول', register:'إنشاء حساب', logout:'تسجيل الخروج', || 330: forgotPass:'نسيت كلمة المرور؟', resetPass:'استعادة كلمة المرور', || 339: // OTP || 340: otpTitle:'التحقق من الهوية', otpSentTo:'تم إرسال رمز التحقق إلى', || 341: otpResend:'إعادة الإرسال', otpVerify:'تحقق', || 367: confirmLogout:'هل تريد تسجيل الخروج؟',	UNVERIFIED_BASELINE_ONLY	Require screen CTA→API/socket→handler/DB/state→payment/insurance→notification/result mapping; owner/stranger/unauth and negative/loading/empty/retry/cancel tests
src/screens/lab/LabRegistration.tsx	diagnostics/homecare	ui/screen	"21: import { RegistrationSuccess } from '../shared/SharedScreens'; || 26: import { SuccessScreen } from '../../components/SuccessScreen'; || 127: const screens: Record<number, React.ReactElement> = { || 128: 8: <SuccessScreen onDone={() => { setShowSuccess(false); onDone(); }} />, || 137: return screens[step] ?? null; || 190: await ProviderApi.login(data.managerPhone, data.password); || 194: await ProviderApi.login(data.managerPhone, data.password); || 196: } catch (loginErr: any) { || 212: {/* Center Type Removed (Auto-detected from Welcome Screen) */} || 220: returnKey=""next"" onSubmit={() => nameEnRef.current?.focus()} || 228: returnKey=""next"" onSubmit={() => mgrNameRef.current?.focus()} || 239: returnKey=""next"" onSubmit={() => emailRef.current?.focus()} || 9: import { ProviderApi, sanitizeWizardData } from '../../api/provider'; || 10: import { useInsuranceCatalog, useServicesCatalog } from '../../api/catalogs'; || 25: import { sendEmailOtp, verifyEmailOtp } from '../../api/otp'; || 344: // Custom validation for Lab/Radiology separation || 490: hint={AR ? 'ترخيص المعمل/مركز الأشعة من MOH' : 'Lab/Radiology license from MOH'} /> || 24: import { OtpModal } from '../../components/OtpModal'; || 25: import { sendEmailOtp, verifyEmailOtp } from '../../api/otp'; || 78: signatureData: string; signerName: string; signerRole: string; || 100: signatureData: '', signerName: '', signerRole: '', || 134: 6: <LStep7AdminWarning data={data} update={update} onNext={next} onBack={back} step={step} total={TOTAL} />, || 190: await ProviderApi.login(data.managerPhone, data.password); || 194: await ProviderApi.login(data.managerPhone, data.password);"	UNVERIFIED_BASELINE_ONLY	Require screen CTA→API/socket→handler/DB/state→payment/insurance→notification/result mapping; owner/stranger/unauth and negative/loading/empty/retry/cancel tests
src/screens/lab/LabDashboard.tsx	pharmacy/orders	ui/screen	2: * NABDAH PLUS – PHASE 4 · LAB & RADIOLOGY DASHBOARD (18 screens) || 13: import { InsuranceRequestsScreen } from '../shared/InsuranceRequestsScreen'; || 24: PromotionsDashboard, CreateCampaignScreen, ProfileWebConfig, || 26: LabSampleScannerScreen || 27: } from '../shared/BlueprintScreens'; || 28: import { MedicalJobsScreen, MedicalDrugIndexScreen, InsuranceConfigScreen, CertificatesConfigScreen, MediaConfigScreen, ProviderWalletScreen, ProviderHomeStats, GlobalSystemSettings, ChatSystem } from '../shared/SharedScreens'; || 29: import { WorkingHoursEditorScreen, SecurityManagementScreen } from '../shared/RealScreens'; || 30: import { LabBundlesScreen, LabHomeServiceScreen } from '../shared/RealScreensExtended'; || 66: if (subTab === 'results') return orders.filter(o => ['RESULT_UPLOADED'].includes(o.status)); || 79: <TouchableOpacity onPress={() => setSubTab('incoming')} style={{ paddingVertical: SP.md, borderBottomWidth: 2, borderBottomColor: subTab === 'incoming' ? theme.primary : 'transparent' }}> || 82: <TouchableOpacity onPress={() => setSubTab('scheduled')} style={{ paddingVertical: SP.md, borderBottomWidth: 2, borderBottomColor: subTab === 'scheduled' ? theme.primary : 'transparent' }}> || 85: <TouchableOpacity onPress={() => setSubTab('processing')} style={{ paddingVertical: SP.md, borderBottomWidth: 2, borderBottomColor: subTab === 'processing' ? theme.primary : 'transparent' }}> || 12: import client from '../../api/client'; || 13: import { InsuranceRequestsScreen } from '../shared/InsuranceRequestsScreen'; || 56: client.get('/labs/provider/inbox') || 224: const inboxRes = await client.get('/labs/provider/inbox'); || 241: const resSamples = await client.get('/labs/samples'); || 373: await client.patch(`/labs/bookings/${order.id}/state`, { state: 'SAMPLE_REJECTED' }); || 383: await client.patch(`/labs/bookings/${order.id}/state`, { state: 'WAITING_COPAY', note: `nphies_code: ${nphiesCode}, copay: ${copay}` }); || 397: await client.patch(`/labs/bookings/${order.id}/state`, { state: 'CONFIRMED' }); || 410: await client.post(`/labs/bookings/${order.id}/assign-technician`, { technician_id: techName }); || 425: await client.patch(`/labs/bookings/${order.id}/reschedule`, { new_date: rescheduleDate, reason: 'Provider Reschedule' }); || 440: await client.patch(`/labs/bookings/${order.id}/state`, { state: 'PROCESSING', note: `Barcode: ${barcode}. ${notes}` }); || 614: const res = await client.get('/labs/samples');	UNVERIFIED_BASELINE_ONLY	Require screen CTA→API/socket→handler/DB/state→payment/insurance→notification/result mapping; owner/stranger/unauth and negative/loading/empty/retry/cancel tests
src/screens/lab/LabQcActions.tsx	pharmacy/orders	ui/screen	3: * for booking detail views. Backed by /provider/ops/lab/bookings/:id/qc/:action || 13: export function LabQcActions({ booking, onDone }: { booking: any; onDone: () => void }) { || 27: await client.post(`/provider/ops/lab/bookings/${booking.id}/qc/${action}`, body); || 37: const isStat = booking.priority === 'stat'; || 38: const isUrgent = booking.priority === 'urgent'; || 39: const verified = !!booking.verified_by; || 40: const doubleVerified = !!booking.double_verified_by; || 54: onPress={() => qc('mark_urgent')} || 60: onPress={() => qc('mark_stat')} || 65: onPress={() => setShowCrit(true)} || 75: onPress={() => qc('verify')} || 82: onPress={() => { || 3: * for booking detail views. Backed by /provider/ops/lab/bookings/:id/qc/:action || 11: import client from '../../api/client'; || 27: await client.post(`/provider/ops/lab/bookings/${booking.id}/qc/${action}`, body); || 6: import React, { useState } from 'react'; || 18: const [busy, setBusy] = useState<string | null>(null); || 19: const [critNote, setCritNote] = useState(''); || 20: const [showCrit, setShowCrit] = useState(false); || 21: const [rejectReason, setRejectReason] = useState(''); || 22: const [showReject, setShowReject] = useState(false); || 28: show(AR ? 'تم التنفيذ' : 'Done', 'success'); || 31: show(e?.response?.data?.message || (AR ? 'فشل التنفيذ' : 'Failed'), 'error'); || 53: loading={busy === 'mark_urgent'} disabled={isUrgent}	UNVERIFIED_BASELINE_ONLY	Require screen CTA→API/socket→handler/DB/state→payment/insurance→notification/result mapping; owner/stranger/unauth and negative/loading/empty/retry/cancel tests
src/screens/auth/PendingDashboard.tsx	pharmacy/orders	ui/screen	"11: export function PendingDashboard({ onExplore, onLogout, providerType }: { onExplore: () => void; onLogout: () => void; providerType?: string }) { || 91: <NBtn label={AR ? 'إرسال رمز التحقق' : 'Send Verification Code'} onPress={sendOtp} loading={loading} /> || 101: <NBtn label={AR ? 'تأكيد الرمز' : 'Verify'} onPress={verifyOtp} loading={loading} /> || 131: <NBtn label={AR ? 'استكشاف التطبيق' : 'Explore App'} onPress={onExplore} style={{ marginBottom: SP.md }} /> || 132: <NBtn label={AR ? 'تسجيل الخروج' : 'Log Out'} variant=""ghost"" onPress={onLogout} /> || 8: import client from '../../api/client'; || 34: await client.post('/auth/send-otp', { identifier: user.email }); || 47: await client.post('/auth/verify-otp', { identifier: user.email, code: otp }); || 11: export function PendingDashboard({ onExplore, onLogout, providerType }: { onExplore: () => void; onLogout: () => void; providerType?: string }) { || 20: const [otpSent, setOtpSent] = useState(false); || 21: const [otp, setOtp] = useState(''); || 30: const sendOtp = async () => { || 34: await client.post('/auth/send-otp', { identifier: user.email }); || 35: setOtpSent(true); || 37: show(AR ? 'فشل إرسال رمز التحقق' : 'Failed to send OTP', 'error'); || 43: const verifyOtp = async () => { || 44: if (!otp || !user?.email) return; || 47: await client.post('/auth/verify-otp', { identifier: user.email, code: otp }); || 49: // refresh global state || 51: show(AR ? 'رمز غير صحيح أو منتهي الصلاحية' : 'Invalid OTP or expired', 'error'); || 1: import React, { useState, useEffect, useRef } from 'react'; || 2: import { View, Text, StyleSheet, ScrollView, Animated, TouchableOpacity, StatusBar } from 'react-native'; || 11: export function PendingDashboard({ onExplore, onLogout, providerType }: { onExplore: () => void; onLogout: () => void; providerType?: string }) { || 19: const [loading, setLoading] = useState(false);"	UNVERIFIED_BASELINE_ONLY	Require screen CTA→API/socket→handler/DB/state→payment/insurance→notification/result mapping; owner/stranger/unauth and negative/loading/empty/retry/cancel tests
src/screens/auth/AuthScreens.tsx	pharmacy/orders	ui/screen	3: * ║ NABDAH PLUS – AUTH SCREENS (COMPLETE) ║ || 4: * ║ Splash · Welcome · Login · ForgotPassword · OTP · PendingApproval ║ || 26: // SPLASH SCREEN || 28: export function SplashScreen({ onDone }: { onDone: () => void }) { || 70: // WELCOME SCREEN — PROVIDER SELECTION || 72: export function WelcomeScreen({ || 73: onSelectType, onLogin, onGuestJobs, onGuestDrugIndex || 74: }: { onSelectType: (type: string) => void; onLogin: () => void; onGuestJobs?: () => void; onGuestDrugIndex?: () => void }) { || 85: const { bioLogin } = useAuth(); || 99: const r = await bioLogin(); || 152: <TouchableOpacity onPress={toggleLang} || 202: <TouchableOpacity onPress={() => handleSelectCard(pt, idx)} activeOpacity={0.85}> || 609: const res = await fetch(`${API_BASE}/provider/auth/forgot-password`, { || 631: const res = await fetch(`${API_BASE}/provider/auth/verify-reset-code`, { || 653: const res = await fetch(`${API_BASE}/provider/auth/reset-password`, { || 4: * ║ Splash · Welcome · Login · ForgotPassword · OTP · PendingApproval ║ || 16: NCheckbox, NOTP, NStepBar, NDivider, NScroll, NLogo, NSheet, NThemeSlider || 19: import { Biometric, Validate, RateLimiter, buildHeaders, Vault, SK, Tokens } from '../../security/Security'; || 73: onSelectType, onLogin, onGuestJobs, onGuestDrugIndex || 74: }: { onSelectType: (type: string) => void; onLogin: () => void; onGuestJobs?: () => void; onGuestDrugIndex?: () => void }) { || 85: const { bioLogin } = useAuth(); || 96: const hasRefresh = await Tokens.getRefresh(); || 97: if (enabled === 'true' && hasRefresh) { || 99: const r = await bioLogin();	UNVERIFIED_BASELINE_ONLY	Require screen CTA→API/socket→handler/DB/state→payment/insurance→notification/result mapping; owner/stranger/unauth and negative/loading/empty/retry/cancel tests
src/screens/facility/FacilityAnnouncementsScreen.tsx	pharmacy/orders	ui/screen	8: export function FacilityAnnouncementsScreen({ onBack }: { onBack: () => void }) { || 68: <NBtn label={AR ? 'نشر التعميم' : 'Broadcast'} loading={sending} onPress={handleBroadcast} style={{ marginTop: SP.md }} /> || 6: import client from '../../api/client'; || 83: {ann.sender || (AR ? 'الإدارة' : 'Admin')} || 1: import React, { useState, useEffect, useCallback } from 'react'; || 4: import { NHeader, NCard, NScroll, NBtn, NEmpty } from '../../components/ui'; || 14: const [message, setMessage] = useState(''); || 15: const [announcements, setAnnouncements] = useState<any[]>([]); || 16: const [loading, setLoading] = useState(true); || 17: const [sending, setSending] = useState(false); || 23: } catch { setAnnouncements([]); } finally { setLoading(false); } || 34: show(AR ? 'تم نشر التعميم' : 'Announcement published', 'success'); || 37: show(err?.response?.data?.message || (AR ? 'فشل نشر التعميم' : 'Failed to publish'), 'error'); || 68: <NBtn label={AR ? 'نشر التعميم' : 'Broadcast'} loading={sending} onPress={handleBroadcast} style={{ marginTop: SP.md }} /> || 75: {loading ? ( || 78: <NEmpty title={AR ? 'لا توجد تعاميم بعد' : 'No announcements yet'} subtitle={AR ? 'أول تعميم تنشره سيظهر هنا' : 'Announcements you publish will appear here'} /> || 4: import { NHeader, NCard, NScroll, NBtn, NEmpty } from '../../components/ui'; || 48: <NCard style={{ marginBottom: SP.xl, backgroundColor: theme.primaryLight, borderColor: theme.primary }}> || 69: </NCard> || 80: <NCard key={ann.id} style={{ marginBottom: SP.md }}> || 92: </NCard> || 4: import { NHeader, NCard, NScroll, NBtn, NEmpty } from '../../components/ui'; || 16: const [loading, setLoading] = useState(true); || 23: } catch { setAnnouncements([]); } finally { setLoading(false); }	UNVERIFIED_BASELINE_ONLY	Require screen CTA→API/socket→handler/DB/state→payment/insurance→notification/result mapping; owner/stranger/unauth and negative/loading/empty/retry/cancel tests
src/screens/facility/FacilityRegistration.tsx	pharmacy/orders	ui/screen	"16: import { RegistrationSuccess } from '../shared/SharedScreens'; || 20: import { SuccessScreen } from '../../components/SuccessScreen'; || 81: const [submitted, setSubmitted] = useState(false); || 89: const screens: Record<number, React.ReactElement> = { || 90: 8: <SuccessScreen onDone={() => { setShowSuccess(false); onDone(); }} />, || 101: {screens[step] ?? null} || 156: await ProviderApi.login(data.managerPhone, data.password); || 158: await ProviderApi.login(data.managerPhone, data.password); || 174: <TouchableOpacity key={t.id} onPress={() => update({ facilityType: t.id })} style={{ flex: 1, padding: SP.md, borderWidth: 1, borderColor: data.facilityType === t.id ? theme.primary : theme.border, backgroundColor: data.facilityType === t.i || 181: <NInput innerRef={nameArRef} label={AR ? 'اسم المنشأة (بالعربية)' : 'Facility Name (AR)'} value={data.facilityNameAr} onChange={v => update({ facilityNameAr: v })} required error={errs.nameAr} returnKey=""next"" onSubmit={() => nameEnRef.curr || 182: <NInput innerRef={nameEnRef} label={AR ? 'اسم المنشأة (بالإنجليزية)' : 'Facility Name (EN)'} value={data.facilityNameEn} onChange={v => update({ facilityNameEn: v })} required error={errs.nameEn} returnKey=""next"" onSubmit={() => mgrNameRef. || 184: <NInput innerRef={mgrNameRef} label={AR ? 'اسم مدير المنشأة' : 'Manager Name'} value={data.managerName} onChange={v => update({ managerName: v })} required error={errs.mgr} returnKey=""next"" onSubmit={() => phoneRef.current?.focus()} /> || 19: import { sendEmailOtp, verifyEmailOtp } from '../../api/otp'; || 25: import { ProviderApi, sanitizeWizardData } from '../../api/provider'; || 26: import { useInsuranceCatalog, useServicesCatalog } from '../../api/catalogs'; || 18: import { OtpModal } from '../../components/OtpModal'; || 19: import { sendEmailOtp, verifyEmailOtp } from '../../api/otp'; || 67: signatureData: string; loading?: boolean; signerName: string; signerRole: string; termsAgreed: boolean; || 75: city: '', fullAddress: '', location: {lat: 0, lng: 0}, subProviders: [], cashOnly: false, acceptedInsurance: [], hasInsuranceCoordinator: false, signatureData: '', signerName: '', signerRole: '', termsAgreed: false, loading: false || 96: 6: <Step6AdminWarning data={data} update={update} onNext={next} onBack={back} step={step} total={TOTAL} />, || 156: await ProviderApi.login(data.managerPhone, data.password); || 158: await ProviderApi.login(data.managerPhone, data.password); || 221: const { status } = await ImagePicker.requestCameraPermissionsAsync(); || 223: show(AR ? 'صلاحية الكاميرا مطلوبة' : 'Camera permission required', 'error');"	UNVERIFIED_BASELINE_ONLY	Require screen CTA→API/socket→handler/DB/state→payment/insurance→notification/result mapping; owner/stranger/unauth and negative/loading/empty/retry/cancel tests
src/screens/facility/FacilityLeaveRequestsScreen.tsx	pharmacy/orders	ui/screen	21: export function FacilityLeaveRequestsScreen({ onBack }: { onBack: () => void }) { || 84: onPress={() => handleAction(req.id, 'rejected')} || 90: onPress={() => handleAction(req.id, 'approved')} || 6: import { ProviderApi } from '../../api/provider'; || 19: import client from '../../api/client'; || 1: import React, { useState } from 'react'; || 16: status: 'pending' | 'approved' | 'rejected'; || 23: const [requests, setRequests] = useState<LeaveRequest[]>([]); || 24: const [loading, setLoading] = useState(true); || 32: setLoading(true); || 36: console.warn('Failed to fetch leave requests', e); || 38: setLoading(false); || 42: const handleAction = async (id: string, action: 'approved' | 'rejected') => { || 45: setRequests(reqs => reqs.map(r => r.id === id ? { ...r, status: action } : r)); || 46: show(AR ? `تم ${action === 'approved' ? 'قبول' : 'رفض'} الطلب` : `Request ${action}`, 'success'); || 48: show(AR ? 'حدث خطأ' : 'An error occurred', 'error'); || 71: label={req.status === 'pending' ? (AR ? 'قيد الانتظار' : 'Pending') : req.status === 'approved' ? (AR ? 'مقبول' : 'Approved') : (AR ? 'مرفوض' : 'Rejected')} || 4: import { NHeader, NCard, NBadge, NBtn, NScroll } from '../../components/ui'; || 58: <NCard key={req.id}> || 94: </NCard> || 16: status: 'pending' | 'approved' | 'rejected'; || 24: const [loading, setLoading] = useState(true); || 32: setLoading(true); || 35: } catch (e) {	UNVERIFIED_BASELINE_ONLY	Require screen CTA→API/socket→handler/DB/state→payment/insurance→notification/result mapping; owner/stranger/unauth and negative/loading/empty/retry/cancel tests
src/screens/facility/FacilityAuditLogScreen.tsx	pharmacy/orders	ui/screen	8: export function FacilityAuditLogScreen({ onBack }: { onBack: () => void }) { || 6: import client from '../../api/client'; || 1: import React, { useState } from 'react'; || 13: const [auditLogs, setAuditLogs] = useState<any[]>([]); || 4: import { NHeader, NCard, NScroll, NBadge } from '../../components/ui'; || 34: <NCard key={log.id} style={{ marginBottom: SP.md, borderLeftWidth: 4, borderLeftColor: log.severity === 'danger' ? theme.danger : log.severity === 'warning' ? theme.warn : theme.primary }}> || 53: </NCard> || 18: .catch(() => setAuditLogs([]));	UNVERIFIED_BASELINE_ONLY	Require screen CTA→API/socket→handler/DB/state→payment/insurance→notification/result mapping; owner/stranger/unauth and negative/loading/empty/retry/cancel tests
src/screens/facility/FacilityResourcesScreen.tsx	pharmacy/orders	ui/screen	15: export function FacilityResourcesScreen({ onBack }: { onBack: () => void }) { || 76: <TouchableOpacity key={f.id} onPress={() => setFilterType(f.id)} || 92: <NSecHeader title={AR ? 'الموارد المسجلة' : 'Registered Resources'} /> || 93: <TouchableOpacity style={{ padding: SP.xs }} onPress={() => setShowAdd(v => !v)}> || 94: <Text style={{ color: theme.primary, fontWeight: FW.bold }}>{showAdd ? (AR ? 'إلغاء' : 'Cancel') : (AR ? '+ إضافة مورد' : '+ Add Resource')}</Text> || 104: <TouchableOpacity key={t.id} onPress={() => setAddType(t.id)} || 110: <NBtn label={AR ? 'حفظ المورد' : 'Save Resource'} loading={saving} onPress={handleAdd} /> || 117: <NEmpty title={AR ? 'لا توجد موارد مسجلة' : 'No resources registered'} subtitle={AR ? 'أضف غرف العمليات والعيادات والأجهزة لإدارتها' : 'Add ORs, clinics and equipment to manage them'} /> || 138: <TouchableOpacity disabled={busyId === res.id} onPress={() => toggleStatus(res)}> || 6: import client from '../../api/client'; || 1: import React, { useState, useEffect, useCallback } from 'react'; || 4: import { NHeader, NCard, NBtn, NSecHeader, NScroll, NBadge, NInput, NEmpty } from '../../components/ui'; || 21: const [resources, setResources] = useState<any[]>([]); || 22: const [loading, setLoading] = useState(true); || 23: const [filterType, setFilterType] = useState<string>('all'); || 24: const [showAdd, setShowAdd] = useState(false); || 25: const [nameAr, setNameAr] = useState(''); || 26: const [nameEn, setNameEn] = useState(''); || 27: const [addType, setAddType] = useState('consultation'); || 28: const [saving, setSaving] = useState(false); || 29: const [busyId, setBusyId] = useState<string | null>(null); || 35: } catch { setResources([]); } finally { setLoading(false); } || 4: import { NHeader, NCard, NBtn, NSecHeader, NScroll, NBadge, NInput, NEmpty } from '../../components/ui'; || 99: <NCard style={{ marginBottom: SP.lg }}>	UNVERIFIED_BASELINE_ONLY	Require screen CTA→API/socket→handler/DB/state→payment/insurance→notification/result mapping; owner/stranger/unauth and negative/loading/empty/retry/cancel tests
src/screens/facility/FacilityUnifiedCalendarScreen.tsx	pharmacy/orders	ui/screen	8: export function FacilityUnifiedCalendarScreen({ onBack }: { onBack: () => void }) { || 6: import client from '../../api/client'; || 1: import React, { useState } from 'react'; || 13: const [events, setEvents] = useState<any[]>([]); || 4: import { NHeader, NCard, NScroll, NBadge } from '../../components/ui'; || 34: <NCard key={ev.id} style={{ marginBottom: SP.md, borderLeftWidth: 4, borderLeftColor: ev.type === 'surgery' ? theme.warn : ev.type === 'emergency' ? theme.danger : theme.primary }}> || 52: </NCard> || 18: .catch(() => setEvents([]));	UNVERIFIED_BASELINE_ONLY	Require screen CTA→API/socket→handler/DB/state→payment/insurance→notification/result mapping; owner/stranger/unauth and negative/loading/empty/retry/cancel tests
src/screens/facility/FacilityPatientTrackerScreen.tsx	pharmacy/orders	ui/screen	8: export function FacilityPatientTrackerScreen({ onBack }: { onBack: () => void }) { || 6: import client from '../../api/client'; || 1: import React, { useState } from 'react'; || 13: const [patients, setPatients] = useState<any[]>([]); || 34: <NCard key={patient.id} style={{ marginBottom: SP.md, borderLeftWidth: 4, borderLeftColor: patient.status === 'critical' ? theme.danger : patient.status === 'observation' ? theme.warn : theme.success }}> || 45: label={patient.status === 'critical' ? (AR ? 'حرج' : 'Critical') : patient.status === 'observation' ? (AR ? 'تحت الملاحظة' : 'Observation') : (AR ? 'مستقر' : 'Stable')} || 46: variant={patient.status === 'critical' ? 'danger' : patient.status === 'observation' ? 'warning' : 'success'} || 4: import { NHeader, NCard, NScroll, NBadge } from '../../components/ui'; || 34: <NCard key={patient.id} style={{ marginBottom: SP.md, borderLeftWidth: 4, borderLeftColor: patient.status === 'critical' ? theme.danger : patient.status === 'observation' ? theme.warn : theme.success }}> || 73: </NCard> || 18: .catch(() => setPatients([]));	UNVERIFIED_BASELINE_ONLY	Require screen CTA→API/socket→handler/DB/state→payment/insurance→notification/result mapping; owner/stranger/unauth and negative/loading/empty/retry/cancel tests
src/screens/facility/FacilityInvitationScreen.tsx	pharmacy/orders	ui/screen	9: export function FacilityInvitationScreen({ onBack, preRole }: { onBack: () => void; preRole?: string }) { || 86: <NBtn label={AR ? 'عودة للإدارة' : 'Back to Management'} onPress={onBack} /> || 141: onPress={handleInvite} || 7: import client from '../../api/client'; || 9: export function FacilityInvitationScreen({ onBack, preRole }: { onBack: () => void; preRole?: string }) { || 19: // Permission Matrix State || 33: const PERMISSION_LABELS = [ || 55: role: preRole || 'doctor', || 56: permissions: perms, || 84: : `A notification has been sent to (${identifier}). Once accepted, they will join the facility staff with the specified permissions.`} || 113: <NSecHeader title={AR ? 'مصفوفة الصلاحيات (Permission Matrix)' : 'Permission Matrix'} /> || 119: {PERMISSION_LABELS.map((p, i) => ( || 126: borderBottomWidth: i < PERMISSION_LABELS.length - 1 ? 1 : 0, || 1: import React, { useState } from 'react'; || 15: const [identifier, setIdentifier] = useState(''); || 16: const [loading, setLoading] = useState(false); || 17: const [invited, setInvited] = useState(false); || 19: // Permission Matrix State || 20: const [perms, setPerms] = useState({ || 51: setLoading(true); || 59: show(AR ? 'تم إرسال الدعوة بنجاح' : 'Invitation sent successfully', 'success'); || 61: const st = e?.response?.status; || 62: if (st === 404) show(AR ? 'لا يوجد حساب مزود بهذا المعرف' : 'No provider account with this identifier', 'error'); || 63: else if (st === 400) show(AR ? 'تعذر إرسال الدعوة — تحقق من البيانات' : 'Could not send invitation', 'error');	UNVERIFIED_BASELINE_ONLY	Require screen CTA→API/socket→handler/DB/state→payment/insurance→notification/result mapping; owner/stranger/unauth and negative/loading/empty/retry/cancel tests
src/screens/facility/DischargeSummaryScreen.tsx	pharmacy/orders	ui/screen	8: export function DischargeSummaryScreen({ onBack, admission }: { onBack: () => void; admission?: any }) { || 80: <TouchableOpacity key={a.id} onPress={() => setSelected(a)}> || 162: onPress={handleSave} || 6: import client from '../../api/client'; || 1: import React, { useState, useEffect } from 'react'; || 14: const [admissions, setAdmissions] = useState<any[]>([]); || 15: const [selected, setSelected] = useState<any>(admission || null); || 16: const [loading, setLoading] = useState(!admission); || 17: const [saving, setSaving] = useState(false); || 19: const [diagnosis, setDiagnosis] = useState(''); || 20: const [medications, setMedications] = useState(''); || 21: const [instructions, setInstructions] = useState(''); || 28: setAdmissions(rows.filter((r: any) => r.status === 'active')); || 31: .finally(() => setLoading(false)); || 50: show(AR ? 'تم حفظ ملخص الخروج وإخراج المريض' : 'Discharge summary saved and patient discharged', 'success'); || 54: show(typeof msg === 'string' ? msg : (AR ? 'تعذر حفظ ملخص الخروج' : 'Could not save discharge summary'), 'error'); || 4: import { NHeader, NCard, NScroll, NBtn, NBadge } from '../../components/ui'; || 74: <NCard style={{ padding: SP.lg, alignItems: 'center' }}> || 78: </NCard> || 81: <NCard style={{ marginBottom: SP.sm }}> || 93: </NCard> || 99: <NCard style={{ marginBottom: SP.xl }}> || 110: </NCard> || 16: const [loading, setLoading] = useState(!admission);	UNVERIFIED_BASELINE_ONLY	Require screen CTA→API/socket→handler/DB/state→payment/insurance→notification/result mapping; owner/stranger/unauth and negative/loading/empty/retry/cancel tests
src/screens/facility/FacilityProfileConfigScreen.tsx	pharmacy/orders	ui/screen	8: export function FacilityProfileConfigScreen({ onBack }: { onBack: () => void }) { || 99: onPress={() => toggleSpec(sp.id)} || 117: <NBtn label={AR ? 'حفظ التحديثات' : 'Save Updates'} onPress={handleSave} loading={saving} style={{ marginBottom: SP.xl }} /> || 6: import client from '../../api/client'; || 1: import React, { useState, useEffect } from 'react'; || 14: const [facilityName, setFacilityName] = useState(''); || 15: const [descAr, setDescAr] = useState(''); || 16: const [descEn, setDescEn] = useState(''); || 17: const [website, setWebsite] = useState(''); || 18: const [whatsapp, setWhatsapp] = useState(''); || 19: const [selectedSpecs, setSelectedSpecs] = useState<string[]>([]); || 20: const [saving, setSaving] = useState(false); || 21: const [loading, setLoading] = useState(true); || 35: show(AR ? 'تعذر تحميل ملف المنشأة' : 'Could not load facility profile', 'error'); || 36: } finally { setLoading(false); } || 50: show(AR ? 'تم حفظ ملف المنشأة بنجاح' : 'Facility profile saved successfully', 'success'); || 4: import { NHeader, NCard, NInput, NBtn, NSecHeader, NBadge, NScroll } from '../../components/ui'; || 75: <NCard style={{ marginBottom: SP.xl, alignItems: 'center', padding: SP.xl }}> || 80: </NCard> || 92: <NCard style={{ marginBottom: SP.xl }}> || 115: </NCard> || 21: const [loading, setLoading] = useState(true); || 34: } catch { || 35: show(AR ? 'تعذر تحميل ملف المنشأة' : 'Could not load facility profile', 'error');	UNVERIFIED_BASELINE_ONLY	Require screen CTA→API/socket→handler/DB/state→payment/insurance→notification/result mapping; owner/stranger/unauth and negative/loading/empty/retry/cancel tests
src/screens/facility/FacilityInternalChatScreen.tsx	pharmacy/orders	ui/screen	9: export function FacilityInternalChatScreen({ onBack }: { onBack: () => void }) { || 88: <TouchableOpacity onPress={handleSend} style={{ width: 60, height: 44, borderRadius: R.full, backgroundColor: theme.primary, alignItems: 'center', justifyContent: 'center' }}> || 106: <TouchableOpacity key={ch.id} onPress={() => setActiveChat(ch.id)}> || 7: import client from '../../api/client'; || 42: sender: m.sender_id === user?.id ? (AR ? 'أنت' : 'You') : (m.sender_role || '—'), || 1: import React, { useState, useEffect } from 'react'; || 16: const [activeChat, setActiveChat] = useState<string | null>(null); || 17: const [channels, setChannels] = useState<any[]>([]); || 18: const [messages, setMessages] = useState<any[]>([]); || 19: const [inputText, setInputText] = useState(''); || 59: show(AR ? 'تعذر إرسال الرسالة' : 'Failed to send', 'error'); || 4: import { NHeader, NCard, NScroll } from '../../components/ui'; || 107: <NCard style={{ marginBottom: SP.md, flexDirection: AR ? 'row-reverse' : 'row', alignItems: 'center', gap: SP.md }}> || 120: </NCard> || 32: .catch(() => setChannels([])); || 48: .catch(() => setMessages([])); || 58: } catch (e) { || 59: show(AR ? 'تعذر إرسال الرسالة' : 'Failed to send', 'error');	UNVERIFIED_BASELINE_ONLY	Require screen CTA→API/socket→handler/DB/state→payment/insurance→notification/result mapping; owner/stranger/unauth and negative/loading/empty/retry/cancel tests
src/screens/facility/FacilityDashboard.tsx	pharmacy/orders	ui/screen	7: * ║ SubAccountsScreen — manage doctors / staff sub-accounts ║ || 8: * ║ AddSubAccountScreen — add new doctor/staff with Credential Card ║ || 9: * ║ DepartmentManagementScreen — manage departments + assigned doctors ║ || 10: * ║ ShiftManagementScreen — shift scheduling + substitutes ║ || 11: * ║ BedManagementScreen — bed availability + ICU + admissions ║ || 12: * ║ UnifiedScheduleScreen — facility-wide appointment calendar ║ || 13: * ║ QRCheckinScreen — patient QR check-in system ║ || 14: * ║ InsuranceClaimsHubScreen — all insurance claims management ║ || 15: * ║ FacilityFinancialScreen — unified financial reports ║ || 16: * ║ StaffAttendanceScreen — staff check-in/out attendance ║ || 17: * ║ SurgeryScheduleScreen — OT/Surgery room scheduling ║ || 18: * ║ CredentialingScreen — doctor credential verification workflow ║ || 40: import client from '../../api/client'; || 41: import { InsuranceRequestsScreen } from '../shared/InsuranceRequestsScreen'; || 344: // revenue/appointments from /provider/stats/today, staff from subaccounts. || 1440: await client.patch(`/care/appointments/${encodeURIComponent(apptId)}/check-in`); || 1593: client.get('/insurance/requests/provider/queue') || 1691: client.get('/provider/ops/wallet/ledger') || 2335: const resBookings = await client.get('/home-care/bookings/nursing/all'); || 2338: const resNurses = await client.get('/home-care/providers?availability=now'); || 2355: await client.post(`/home-care/bookings/${selectedBooking.id}/assign`, { || 26: RefreshControl, ActivityIndicator, Modal || 28: import { CameraView, useCameraPermissions } from 'expo-camera'; || 70: function FacilityOrdersTab({ onNavigate, onRefresh }: any) {	UNVERIFIED_BASELINE_ONLY	Require screen CTA→API/socket→handler/DB/state→payment/insurance→notification/result mapping; owner/stranger/unauth and negative/loading/empty/retry/cancel tests
src/screens/ambulance/AmbulanceRegistration.tsx	pharmacy/orders	ui/screen	"11: import { RegistrationSuccess } from '../shared/SharedScreens'; || 40: const [submitted, setSub] = useState(false); || 45: if (submitted) return <RegistrationSuccess onDone={onDone} email={data.managerEmail} providerType=""ambulance"" />; || 52: {step === 4 && <AS4BankSubmit data={data} update={update} onDone={() => setSub(true)} onBack={back} step={step} total={TOTAL} />} || 83: await ProviderApi.login(data.managerPhone, data.password); || 86: // Account may already exist from a previous attempt — try continuing via login || 88: await ProviderApi.login(data.managerPhone, data.password); || 113: <TouchableOpacity key={l.id} onPress={() => update({ languages: on ? data.languages.filter((x: string) => x !== l.id) : [...(data.languages || []), l.id] })} || 120: <NBtn label={AR ? 'التالي' : 'Next'} onPress={handleNext} loading={loading} /> || 154: <NBtn label={AR ? 'التالي' : 'Next'} onPress={handleNext} /> || 186: <NBtn label={AR ? 'التالي' : 'Next'} onPress={handleNext} /> || 191: /* ─── Step 4: bank + submit ─── */ || 3: import { ProviderApi, sanitizeWizardData } from '../../api/provider'; || 83: await ProviderApi.login(data.managerPhone, data.password); || 86: // Account may already exist from a previous attempt — try continuing via login || 88: await ProviderApi.login(data.managerPhone, data.password); || 230: show(AR ? 'تم إرسال الطلب بنجاح! سيظهر للمرضى بعد اعتماد الإدارة' : 'Submitted! Visible to patients after admin approval', 'success'); || 1: import React, { useState } from 'react'; || 11: import { RegistrationSuccess } from '../shared/SharedScreens'; || 38: const [step, setStep] = useState(1); || 39: const [data, setData] = useState<AmbRegData>(INITIAL); || 40: const [submitted, setSub] = useState(false); || 45: if (submitted) return <RegistrationSuccess onDone={onDone} email={data.managerEmail} providerType=""ambulance"" />; || 60: const [errs, setErrs] = useState<any>({});"	UNVERIFIED_BASELINE_ONLY	Require screen CTA→API/socket→handler/DB/state→payment/insurance→notification/result mapping; owner/stranger/unauth and negative/loading/empty/retry/cancel tests
src/screens/ambulance/AmbulanceDashboard.tsx	pharmacy/orders	ui/screen	3: * Screens: Home (SOS pool + missions) · ActiveMission (ETA+GPS) · Handover · || 21: import { FleetScreen } from '../shared/FleetScreen'; || 26: function AmbulanceHomeScreen({ onNavigate }: { onNavigate: (s: string, p?: any) => void }) { || 90: <TouchableOpacity key={m.id} onPress={() => onNavigate('mission', { id: m.id })}> || 137: onPress={() => claim(m.id)} || 144: <TouchableOpacity onPress={() => onNavigate('fleet')}> || 149: <TouchableOpacity onPress={() => onNavigate('history')}> || 160: function ActiveMissionScreen({ mission, onBack, onNavigate }: { mission: any; onBack: () => void; onNavigate: (s: string, p?: any) => void }) { || 232: onPress={() => setTracking(!tracking)} || 237: onPress={() => onNavigate('handover', mission)} || 243: onPress={() => onNavigate('complete', mission)} || 251: function HandoverScreen({ mission, onBack }: { mission: any; onBack: () => void }) { || 20: import client from '../../api/client'; || 370: client.get('/provider/ops/wallet/ledger?limit=50') || 9: ActivityIndicator, RefreshControl, || 37: const [refreshing, setRefreshing] = useState(false); || 58: const onRefresh = async () => { setRefreshing(true); await load(); setRefreshing(false); }; || 83: <ScrollView refreshControl={<RefreshControl refreshing={refreshing} onRefresh={onRefresh} tintColor={theme.danger} />} || 117: subtitle={AR ? 'ابقَ متصلاً — تصلك النداءات فورياً كل 15 ثانية' : 'Stay online — calls refresh every 15s'} || 174: const { status } = await Location.requestForegroundPermissionsAsync(); || 425: export function AmbulanceDashboardNavigator({ onLogout }: { onLogout: () => void }) { || 6: import React, { useState, useEffect, useCallback, useRef } from 'react'; || 17: NSecHeader, NOnlineToggle, NEmpty, || 34: const [pool, setPool] = useState<any[]>([]);	UNVERIFIED_BASELINE_ONLY	Require screen CTA→API/socket→handler/DB/state→payment/insurance→notification/result mapping; owner/stranger/unauth and negative/loading/empty/retry/cancel tests
src/screens/shared/RegistrationSuccess.tsx	pharmacy/orders	ui/screen	52: /** Download the signed partnership contract PDF (only when admin granted visibility). */ || 53: const downloadContract = async () => { || 72: else show(AR ? 'تعذر تحميل العقد' : 'Could not download the contract', 'error'); || 85: {AR ? 'تم إرسال طلبك بنجاح!' : 'Application Submitted!'} || 103: onPress={handleSendOtp} || 129: onPress={handleVerify} || 151: onPress={downloadContract} || 158: {AR ? 'تحميل عقد الشراكة الموقّع' : 'Download Signed Partnership Contract'} || 165: onPress={() => { || 5: import client from '../../api/client'; || 6: import { sendEmailOtp, verifyEmailOtp } from '../../api/otp'; || 6: import { sendEmailOtp, verifyEmailOtp } from '../../api/otp'; || 16: const [otpSent, setOtpSent] = useState(false); || 17: const [otp, setOtp] = useState(''); || 21: const handleSendOtp = async () => { || 25: await sendEmailOtp(email); || 26: setOtpSent(true); || 34: if (!otp || otp.length < 6) { || 40: const ok = await verifyEmailOtp(email || '', otp); || 52: /** Download the signed partnership contract PDF (only when admin granted visibility). */ || 61: const perm = await LegacyFS.StorageAccessFramework.requestDirectoryPermissionsAsync(); || 71: if (st === 403) show(AR ? 'العقد غير متاح بعد — يمكن للإدارة إتاحته لك من لوحة المراجعة' : 'Contract not shared yet — admin can enable it from the review panel', 'error'); || 89: {AR ? 'طلبك قيد المراجعة حالياً من قبل الإدارة. سيتم إشعارك فور الموافقة.' : 'Your application is under review by admin. You will be notified upon approval.'} || 1: import React, { useState } from 'react';	UNVERIFIED_BASELINE_ONLY	Require screen CTA→API/socket→handler/DB/state→payment/insurance→notification/result mapping; owner/stranger/unauth and negative/loading/empty/retry/cancel tests
src/screens/shared/LiveKitRoomProvider.tsx	pharmacy/orders	ui/screen	"9: route: { params: { roomId: string } }; || 19: navigation.goBack(); || 31: <TouchableOpacity style={[styles.btn, { backgroundColor: theme.red }]} onPress={handleEndCall}> || 39: export const LiveKitRoomProvider = ({ route, navigation }: LiveKitRoomProviderProps) => { || 40: const { roomId } = route.params; || 47: const res = await apiFetch(`/calls/${roomId}/join`, { method: 'POST' }); || 42: const [token, setToken] = useState<string | null>(null); || 45: const fetchToken = async () => { || 48: setToken(res.token); || 50: // Token fetch failed — room join will gracefully timeout || 53: fetchToken(); || 56: if (!token) return <View style={styles.center}><ActivityIndicator size=""large"" /></View>; || 61: token={token} || 2: import React, { useState, useEffect } from 'react'; || 42: const [token, setToken] = useState<string | null>(null); || 50: // Token fetch failed — room join will gracefully timeout || 49: } catch (err) { || 50: // Token fetch failed — room join will gracefully timeout"	UNVERIFIED_BASELINE_ONLY	Require screen CTA→API/socket→handler/DB/state→payment/insurance→notification/result mapping; owner/stranger/unauth and negative/loading/empty/retry/cancel tests
src/screens/shared/RealScreens.tsx	pharmacy/orders	ui/screen	"8: // 1. REVIEWS AND RATINGS SCREEN || 9: export function ReviewsAndRatingsScreen({ onBack }: { onBack: () => void }) { || 73: <NBtn label={AR ? 'إرسال الرد' : 'Send'} size=""sm"" onPress={() => handleReply(rev.id)} /> || 74: <NBtn label={AR ? 'إلغاء' : 'Cancel'} size=""sm"" variant=""outline"" onPress={() => setSelectedId(null)} /> || 78: <TouchableOpacity onPress={() => { setSelectedId(rev.id); setReplyText(''); }}> || 91: // 2. WORKING HOURS EDITOR SCREEN || 102: export function WorkingHoursEditorScreen({ onBack }: { onBack: () => void }) { || 165: show(typeof msg === 'string' ? msg : (AR ? 'تعذر حفظ أوقات العمل — تحقق من الاتصال وحاول مجدداً' : 'Could not save working hours — check connection and retry'), 'error'); || 188: actionLabel={AR ? 'إعادة المحاولة' : 'Retry'} || 217: <NBtn label={AR ? 'حفظ جدول العمل' : 'Save Working Hours'} onPress={handleSave} loading={saving} disabled={saving} style={{ marginTop: SP.md }} /> || 224: // 3. SECURITY & 2FA MANAGEMENT SCREEN || 225: export function SecurityManagementScreen({ onBack }: { onBack: () => void }) { || 6: import client from '../../api/client'; || 313: client.get('/provider/notifications') || 260: {AR ? 'إرسال رمز تحقق OTP إلى جوالك عند تسجيل الدخول' : 'Send OTP code on login'} || 1: import React, { useState, useEffect, useCallback } from 'react'; || 4: import { NHeader, NCard, NBtn, NInput, NBadge, NScroll, NEmpty } from '../../components/ui'; || 14: const [reviews, setReviews] = useState<any[]>([]); || 15: const [replyText, setReplyText] = useState(''); || 16: const [selectedId, setSelectedId] = useState<string | null>(null); || 28: show(AR ? 'تم إرسال الرد بنجاح' : 'Reply sent successfully', 'success'); || 33: show(AR ? 'تعذر إرسال الرد' : 'Failed to send reply', 'error'); || 74: <NBtn label={AR ? 'إلغاء' : 'Cancel'} size=""sm"" variant=""outline"" onPress={() => setSelectedId(null)} /> || 108: const [loading, setLoading] = useState(true);"	UNVERIFIED_BASELINE_ONLY	Require screen CTA→API/socket→handler/DB/state→payment/insurance→notification/result mapping; owner/stranger/unauth and negative/loading/empty/retry/cancel tests
src/screens/shared/InsuranceRequestsScreen.tsx	pharmacy/orders	ui/screen	27: export function InsuranceRequestsScreen({ onBack }: { onBack: () => void }) { || 43: const [submitting, setSubmitting] = useState(false); || 70: const submitDecision = async () => { || 88: setSubmitting(true); || 96: show(e?.message || (AR ? 'تعذر إرسال القرار' : 'Failed to submit decision'), 'error'); || 98: setSubmitting(false); || 129: actionLabel={AR ? 'إعادة المحاولة' : 'Retry'} || 177: onPress={() => openDecision(req)} || 207: onPress={() => setMode(opt.k as DecisionMode)} || 266: label={submitting ? (AR ? 'جارٍ الإرسال…' : 'Submitting…') : (AR ? 'تأكيد القرار' : 'Confirm Decision')} || 267: onPress={submitDecision} || 268: disabled={!mode || submitting} || 6: * Backend: GET  /insurance/requests/provider/queue || 7: *          POST /insurance/requests/:id/decide || 15: import client from '../../api/client'; || 49: const res = await client.get('/insurance/requests/provider/queue'); || 90: const res = await client.post(`/insurance/requests/${target.id}/decide`, body); || 11: import { View, Text, TouchableOpacity, Modal, TextInput, RefreshControl, ActivityIndicator } from 'react-native'; || 35: const [refreshing, setRefreshing] = useState(false); || 45: const load = useCallback(async (isRefresh = false) => { || 46: if (isRefresh) setRefreshing(true); else setLoading(true); || 57: setRefreshing(false); || 110: <NScroll refreshControl={<RefreshControl refreshing={refreshing} onRefresh={() => load(true)} tintColor={theme.primary} />}> || 10: import React, { useCallback, useEffect, useState } from 'react';	UNVERIFIED_BASELINE_ONLY	Require screen CTA→API/socket→handler/DB/state→payment/insurance→notification/result mapping; owner/stranger/unauth and negative/loading/empty/retry/cancel tests
src/screens/shared/BlueprintScreens.tsx	pharmacy/orders	ui/screen	"5: * ║ NABDAH PLUS — BLUEPRINT SCREENS (12 MODULES) ║ || 8: * ║ 01. PromotionsDashboard & CreateCampaignScreen ║ || 10: * ║ 03. SubscriptionsAdsScreen & AffiliatePortal ║ || 16: * ║ 09. SosDispatchScreen & GpsRouterScreen ║ || 19: * ║ 12. LabSampleScannerScreen & LabResultEntryScreen ║ || 75: <TouchableOpacity onPress={onBack}><I name=""back"" size={20} color={theme.primary} /></TouchableOpacity> || 77: <TouchableOpacity onPress={() => onNavigate('create_promo')}><I name=""plus"" size={20} color={theme.primary} /></TouchableOpacity> || 108: <NBtn label={AR ? ' إنشاء عرض جديد' : ' Create New Promotion'} onPress={() => onNavigate('create_promo')} style={{ marginTop: SP.xl }} /> || 114: // 1.2 CREATE PROMOTION SCREEN || 115: export function CreateCampaignScreen({ onBack }: { onBack: () => void }) { || 162: <NBtn label={AR ? ' إرسال للموافقة' : ' Submit for Approval'} onPress={handleCreate} loading={loading} style={{ marginTop: SP.lg }} /> || 193: sub={AR ? 'تمكين حجز المواعيد عبر رابط موقعك العام مباشرة' : 'Allow patients to book directly via link'} || 29: import client from '../../api/client'; || 702: client.get('/provider/ops/wallet/ledger') || 837: await client.post('/home-care/notes', { patient_id: patientId, note }); || 1330: const res = await client.get('/labs/samples'); || 1351: await client.patch(`/labs/samples/${sam.id}/stage`, { stage: 'analyzing' }); || 258: show(AR ? 'تم إرسال طلب الحملة الإعلانية — ستُفعّل بعد مراجعة الإدارة' : 'Ad campaign submitted — goes live after admin review', 'success'); || 830: const patientId = selectedPatient?.patient_id || selectedPatient?.patientId || selectedPatient?.patient?.id; || 831: if (!patientId) { || 837: await client.post('/home-care/notes', { patient_id: patientId, note }); || 883: const pid = p.patient_id || p.patientId || p.patient?.id || i; || 885: const sel = selectedPatient && (selectedPatient.patient_id || selectedPatient.patientId || selectedPatient.patient?.id) === (p.patient_id || p.patientId || p.patient?.id); || 937: const [patientId, setPatientId] = useState('patient_1');"	UNVERIFIED_BASELINE_ONLY	Require screen CTA→API/socket→handler/DB/state→payment/insurance→notification/result mapping; owner/stranger/unauth and negative/loading/empty/retry/cancel tests
src/screens/shared/VideoCallRoom.tsx	consultation/booking	ui/screen	10: * honest error with retry — never a fake video feed. || 19: let registerGlobals: any = () => {}; || 25: registerGlobals = lk.registerGlobals; || 36: let globalsRegistered = false; || 38: if (!globalsRegistered) { || 39: try { registerGlobals(); } catch { /* already registered */ } || 40: globalsRegistered = true; || 183: {AR ? 'تعذر الاتصال بالغرفة — تحقق من الشبكة ثم أعد المحاولة' : 'Could not join the room — check your network and retry'} || 187: <NBtn label={AR ? 'إعادة المحاولة' : 'Retry'} onPress={connect} /> || 189: <TouchableOpacity onPress={onEnd} style={{ marginTop: SP.md }}> || 224: <TouchableOpacity style={st.ctrl} onPress={() => setMicOn(v => !v)} accessibilityLabel={AR ? 'كتم الصوت' : 'Mute'}> || 228: <TouchableOpacity style={st.ctrl} onPress={() => setCamOn(v => !v)} accessibilityLabel={AR ? 'الكاميرا' : 'Camera'}> || 30: import client from '../../api/client'; || 109: room.on(RoomEvent.TrackSubscribed, (track: Track) => { || 112: room.on(RoomEvent.TrackUnsubscribed, (track: Track) => { || 5: *   1. POST /calls/initiate { appointmentId, call_type: 'video' } → { session_id | id } || 6: *   2. POST /calls/:sessionId/join → { token, room_name } || 8: *   4. POST /calls/:sessionId/end on hang-up || 18: let AudioSession: any = { startAudioSession: async () => {}, stopAudioSession: () => {} }; || 24: AudioSession = lk.AudioSession; || 45: /** Appointment id used to initiate/join the call session. */ || 51: /** Called after the room disconnects and the backend session is ended. */ || 69: const sessionRef = useRef<string | null>(null); || 86: const session = initRes.data || {};	UNVERIFIED_BASELINE_ONLY	Require screen CTA→API/socket→handler/DB/state→payment/insurance→notification/result mapping; owner/stranger/unauth and negative/loading/empty/retry/cancel tests
src/screens/shared/ProviderHome.tsx	pharmacy/orders	ui/screen	35: navigation.navigate('LiveKitRoomProvider', { roomId: item.roomId }); || 37: navigation.navigate('PharmacyChatResponder', { threadId: item.threadId, patientName: item.name }); || 66: onPress={() => handleAction(item)} || 18: const res = await apiFetch('/pharmacy/orders/pending'); || 21: const res = await apiFetch('/calls/provider/waiting-room'); || 2: import React, { useState, useEffect } from 'react'; || 10: const [items, setItems] = useState<any[]>([]); || 11: const [loading, setLoading] = useState(false); || 15: setLoading(true); || 18: const res = await apiFetch('/pharmacy/orders/pending'); || 28: setLoading(false); || 48: {loading ? ( || 56: <View style={[styles.card, { backgroundColor: theme.surface }]}> || 57: <View style={styles.cardHeader}> || 58: <Text style={[styles.cardName, { color: theme.text }]}>{item.name}</Text> || 83: card: { padding: 20, borderRadius: 12, marginBottom: 15, elevation: 2 }, || 84: cardHeader: { flexDirection: 'row', justifyContent: 'space-between', marginBottom: 10 }, || 85: cardName: { fontSize: 18, fontWeight: 'bold' }, || 11: const [loading, setLoading] = useState(false); || 15: setLoading(true); || 18: const res = await apiFetch('/pharmacy/orders/pending'); || 24: } catch (err) { || 28: setLoading(false); || 48: {loading ? (	UNVERIFIED_BASELINE_ONLY	Require screen CTA→API/socket→handler/DB/state→payment/insurance→notification/result mapping; owner/stranger/unauth and negative/loading/empty/retry/cancel tests
src/screens/shared/RealScreensExtended.tsx	pharmacy/orders	ui/screen	9: // 1. PHARMACY QR MENU SCREEN || 10: export function PharmacyQRMenuScreen({ onBack }: { onBack: () => void }) { || 25: <NBtn label={AR ? 'تحميل بطاقة الرمز المطبوعة PDF' : 'Download Printable PDF'} onPress={() => show(AR ? 'جاري التحميل...' : 'Downloading...', 'info')} style={{ width: '100%' }} /> || 31: // 2. CHRONIC DISEASE PROGRAM SCREEN || 32: export function ChronicDiseaseProgramScreen({ onBack }: { onBack: () => void }) { || 90: // 3. DELIVERY TRACKING SCREEN || 91: export function DeliveryTrackingScreen({ order, onBack }: { order?: any; onBack: () => void }) { || 133: ? (AR ? `المندوب: ${courierName} (في الطريق للمريض)` : `Driver: ${courierName} (En route to patient)`) || 146: <NBtn label={AR?'الاتصال بمندوب التوصيل':'Call Driver'} onPress={() => Linking.openURL(`tel:${courierPhone}`)} style={{ marginTop: SP.md }} /> || 156: // 4. MEDICATION REFILLS SCREEN || 157: export function MedicationRefillsScreen({ onBack }: { onBack: () => void }) { || 195: // 5. DRUG PRICE COMPARISON SCREEN || 7: import client from '../../api/client'; || 38: client.get('/pharmacy/orders/refills') || 99: client.get('/provider/pharmacy/allocations', { params: { status: 'out_for_delivery' } }) || 162: client.get('/pharmacy/orders/refills') || 268: const res = await client.get('/pharmacy/inventory/expiry'); || 231: show(AR ? 'تم إرسال الصنف لمراجعة الإدارة واعتماده' : 'Product submitted for admin review and approval', 'success'); || 348: show(AR ? 'تم إرسال البلاغ للإدارة — سيصلك الرد عبر الدعم' : 'Report sent to admin — you will be answered via support', 'success'); || 1: import React, { useState, useEffect, useCallback } from 'react'; || 4: import { NHeader, NCard, NBtn, NInput, NBadge, NScroll, NEmpty, NSecHeader } from '../../components/ui'; || 25: <NBtn label={AR ? 'تحميل بطاقة الرمز المطبوعة PDF' : 'Download Printable PDF'} onPress={() => show(AR ? 'جاري التحميل...' : 'Downloading...', 'info')} style={{ width: '100%' }} /> || 34: const [patients, setPatients] = useState<any[]>([]); || 35: const [loading, setLoading] = useState(true);	UNVERIFIED_BASELINE_ONLY	Require screen CTA→API/socket→handler/DB/state→payment/insurance→notification/result mapping; owner/stranger/unauth and negative/loading/empty/retry/cancel tests
src/screens/shared/SharedScreens.tsx	pharmacy/orders	ui/screen	"5: * ║ NABDAH PLUS – PHASE 6 · SHARED ADVANCED SCREENS ║ || 6: * ║ 11 screens shared across ALL 6 provider types ║ || 12: * ║ 05. OnboardingTutorial — intro slides (3-4 pages) ║ || 66: name: t.name || t.booking_kind || '—', || 92: <TouchableOpacity onPress={onBack}><I name=""back"" size={20} color={theme.primary} /></TouchableOpacity> || 109: <TouchableOpacity onPress={() => setActiveChat(conv)} || 182: <TouchableOpacity onPress={onBack} style={{ padding: SP.xs }}><I name=""back"" size={20} color={theme.primary} /></TouchableOpacity> || 193: <TouchableOpacity onPress={() => show(AR ? 'بدء مكالمة صوتية' : 'Starting voice call', 'info')}> || 196: <TouchableOpacity onPress={() => show(AR ? 'بدء مكالمة فيديو' : 'Starting video call', 'info')}> || 233: <TouchableOpacity onPress={() => setShowAttach(true)} style={{ padding: SP.sm }}> || 243: <TouchableOpacity onPress={() => show(AR ? 'تسجيل صوتي' : 'Voice recording', 'info')} style={{ padding: SP.sm }}> || 246: <TouchableOpacity onPress={sendMsg} disabled={!msg.trim()} || 28: import client from '../../api/client'; || 42: import { useInsuranceCatalog } from '../../api/catalogs'; || 293: client.get('/provider/notifications') || 2004: const res = await fetch(`${API_BASE}/drugs/categories`, { headers }); || 2024: const res = await fetch(`${API_BASE}/drugs?${q.toString()}`, { headers }); || 2044: const res = await fetch(`${API_BASE}/drugs/${selectedDrug.id}`, { headers }); || 2936: client.get('/provider/wallet'), || 2937: client.get('/provider/wallet/transactions').catch(() => ({ data: [] })), || 453: { id: 'd1', name: 'iPhone 15 Pro', os: 'iOS 18.2', lastLogin: AR ? 'الآن — نشط' : 'Now — Active', current: true }, || 454: { id: 'd2', name: 'MacBook Pro', os: 'macOS 15.1', lastLogin: AR ? 'أمس 14:30' : 'Yesterday 14:30', current: false }, || 455: { id: 'd3', name: 'Samsung Galaxy S24', os: 'Android 15', lastLogin: AR ? '3 أيام' : '3 days ago', current: false }, || 465: sub={AR ? 'طبقة حماية إضافية — رمز يُرسل لجوالك عند كل تسجيل دخول' : 'Extra security layer — code sent to phone on each login'}"	UNVERIFIED_BASELINE_ONLY	Require screen CTA→API/socket→handler/DB/state→payment/insurance→notification/result mapping; owner/stranger/unauth and negative/loading/empty/retry/cancel tests
src/screens/shared/PharmacyChatResponder.tsx	pharmacy/orders	ui/screen	8: export const PharmacyChatResponder = ({ route, navigation }: any) => { || 9: const { threadId, patientName } = route.params; || 55: <TouchableOpacity onPress={() => navigation.goBack()}><Text style={{color: theme.primary, fontSize: 18}}>رجوع</Text></TouchableOpacity> || 72: <TouchableOpacity onPress={sendInvoice} style={[styles.iconBtn, { backgroundColor: theme.orange }]}> || 81: onSubmitEditing={send} || 83: <TouchableOpacity onPress={send} style={[styles.sendBtn, { backgroundColor: theme.primary }]}> || 6: import { io, Socket } from 'socket.io-client'; || 13: const [socket, setSocket] = useState<Socket | null>(null); || 16: // Connect Socket.IO || 17: const newSocket = io(process.env.EXPO_PUBLIC_BACKEND_URL || API_BASE.replace('/api/v1', ''), { || 18: transports: ['websocket'], || 20: setSocket(newSocket); || 23: apiFetch(`/pharmacy/chat/threads/${threadId}/messages`).then(res => { || 27: newSocket.on('pharmacy:message', (incomingMsg: any) => { || 32: newSocket.disconnect(); || 40: if (socket) { || 41: socket.emit('pharmacy:message:send', newMsg); || 49: if (socket) socket.emit('pharmacy:message:send', invoiceMsg); || 2: import React, { useState, useEffect } from 'react'; || 11: const [messages, setMessages] = useState<any[]>([]); || 12: const [msg, setMsg] = useState(''); || 13: const [socket, setSocket] = useState<Socket | null>(null); || 46: const sendInvoice = () => { || 47: const invoiceMsg = { id: Date.now(), sender: 'pharm', type: 'invoice', text: 'تم إنشاء الفاتورة', time: 'الآن' };	UNVERIFIED_BASELINE_ONLY	Require screen CTA→API/socket→handler/DB/state→payment/insurance→notification/result mapping; owner/stranger/unauth and negative/loading/empty/retry/cancel tests
src/screens/shared/FleetScreen.tsx	pharmacy/orders	ui/screen	"2: * FleetScreen — ambulance fleet management for BOTH dual-model owners: || 22: export function FleetScreen({ onBack }: { onBack: () => void }) { || 60: { text: AR ? 'إلغاء' : 'Cancel', style: 'cancel' }, || 63: onPress: async () => { || 91: <NBtn label={AR ? ' إضافة مركبة' : ' Add Vehicle'} icon=""plus"" onPress={() => setShowForm(true)} style={{ marginBottom: SP.lg }} /> || 95: onCancel={() => setShowForm(false)} || 103: <NEmpty title={AR ? 'تعذر تحميل الأسطول' : 'Could not load fleet'} subtitle={AR ? 'تحقق من الاتصال وحاول مجدداً' : 'Check connection and retry'} /> || 104: <NBtn label={AR ? 'إعادة المحاولة' : 'Retry'} variant=""outline"" full={false} onPress={load} /> || 136: <NBtn label={AR ? 'حذف' : 'Remove'} variant=""outline"" size=""sm"" full={false} onPress={() => remove(v)} /> || 146: function VehicleForm({ onCancel, onSaved }: { onCancel: () => void; onSaved: (v: any) => void }) { || 175: show(msg === 'plate_number_already_registered' || 176: ? (AR ? 'رقم اللوحة مسجّل مسبقاً' : 'Plate number already registered') || 9: import client from '../../api/client'; || 2: * FleetScreen — ambulance fleet management for BOTH dual-model owners: || 4: * Every vehicle is created as `pending` and can only serve after admin approval; || 16: pending: { ar: 'بانتظار اعتماد الإدارة', en: 'Pending admin review', variant: 'warning' }, || 79: <NHeader title={AR ? ' أسطول الإسعاف' : ' Ambulance Fleet'} sub={AR ? 'المركبات تخدم بعد اعتماد الإدارة' : 'Vehicles serve after admin approval'} onBack={onBack} /> || 85: {AR ? 'كل مركبة جديدة أو معدّلة تُراجع من إدارة نبض قبل دخولها الخدمة واستلام مهام الطوارئ.' : 'Every new or edited vehicle is reviewed by Nabd admin before it can take emergency missions.'} || 127: {v.status === 'rejected' && !!v.admin_notes && ( || 129: {(AR ? 'سبب الرفض: ' : 'Rejection reason: ') + v.admin_notes} || 171: show(AR ? 'أُضيفت المركبة — بانتظار اعتماد الإدارة' : 'Vehicle added — pending admin approval', 'success'); || 4: * Every vehicle is created as `pending` and can only serve after admin approval; || 5: * editing an approved vehicle sends it back to review. || 7: import React, { useCallback, useEffect, useState } from 'react';"	UNVERIFIED_BASELINE_ONLY	Require screen CTA→API/socket→handler/DB/state→payment/insurance→notification/result mapping; owner/stranger/unauth and negative/loading/empty/retry/cancel tests
src/screens/nursing/NursingDashboard.tsx	pharmacy/orders	ui/screen	"2: * NABDAH PLUS – PHASE 5 · NURSING DASHBOARD (10 screens) || 26: import { InsuranceRequestsScreen } from '../shared/InsuranceRequestsScreen'; || 32: NDivider, NPriceInput, NCheckbox, NProfileImageUploader || 37: PromotionsDashboard, CreateCampaignScreen, ProfileWebConfig, || 38: SubscriptionsAdsScreen, AffiliatePortal, ReputationHub, || 40: SosDispatchScreen, GpsRouterScreen, || 42: } from '../shared/BlueprintScreens'; || 43: import { MedicalJobsScreen, MedicalDrugIndexScreen, InsuranceConfigScreen, CertificatesConfigScreen, MediaConfigScreen, ProviderWalletScreen, ProviderHomeStats, GlobalSystemSettings } from '../shared/SharedScreens'; || 44: import { NotificationsCenterScreen, SecurityManagementScreen } from '../shared/RealScreens'; || 57: export function NursingDashboardNavigator({ onLogout }: { onLogout:()=>void }) { || 115: <Stack.Navigator id={undefined as any} screenOptions={{ headerShown: false }}> || 116: <Stack.Screen name=""MainTabs""> || 25: import client from '../../api/client'; || 26: import { InsuranceRequestsScreen } from '../shared/InsuranceRequestsScreen'; || 55: import { NursingFieldOps } from './NursingFieldOps'; || 143: await client.post(`/nursing/visits/${incomingRequest.id}/respond`, { accept: true }); || 153: await client.post(`/nursing/visits/${incomingRequest.id}/respond`, { accept: false }); || 230: await client.post('/home-care/provider/availability', { available: nextVal }); || 362: client.get('/nursing/jobs/active').then(res => setJobs(res.data || [])); || 424: await client.post(`/home-care/bookings/${order.id}/respond`, { accept: true }); || 435: await client.post(`/home-care/bookings/${order.id}/respond`, { accept: false }); || 510: useEffect(() => { client.get('/provider/nursing/checklist').then(r => setItems(r.data || [])).catch(() => {}); }, []); || 580: if (p) await client.post(`/home-care/bookings/${order.id}/gps`, p); || 602: await client.post(`/home-care/bookings/${order.id}/gps`, p);"	UNVERIFIED_BASELINE_ONLY	Require screen CTA→API/socket→handler/DB/state→payment/insurance→notification/result mapping; owner/stranger/unauth and negative/loading/empty/retry/cancel tests
src/screens/nursing/NursingFieldOps.tsx	pharmacy/orders	ui/screen	136: onPress={() => { Linking.openURL(`https://www.google.com/maps/search/?api=1&query=${encodeURIComponent(order?.address || 'Riyadh')}`); }} || 143: <NBtn label={AR ? 'بدء التحرك' : 'Start Transit'} loading={loading} onPress={handleStartTransit} disabled={!checklistComplete} /> || 150: onPress={handleArrive} || 158: <NBtn label={AR ? 'بدء تقديم الرعاية' : 'Start Care'} loading={loading} onPress={() => updateState('start-care')} /> || 167: onPress={() => updateState('no-show')} || 230: <TouchableOpacity onPress={() => setSignature(true)} style={{ padding: SP.md }}> || 239: onPress={() => updateState('complete', { vitals, clinical_notes: clinicalNotes, recommendations, signature_base64: 'signed' })} || 254: : 'Use this ONLY if patient is found in a critical condition requiring hospital transfer. Visit will be aborted and patient fully refunded.'} || 266: onPress={() => updateState('emergency-abort', { reason: emergencyReason })} || 290: onPress={() => setActiveTab(t.key as any)} || 3: import client from '../../api/client'; || 67: const res = await client.post(`/nursing/visits/${order.id}/${endpoint}`, payload); || 9: export function NursingFieldOps({ order, onBack, onRefresh }: { order: any, onBack: () => void, onRefresh: () => void }) { || 70: onRefresh(); || 1: import React, { useState, useEffect } from 'react'; || 15: const [loading, setLoading] = useState(false); || 16: const [activeTab, setActiveTab] = useState<'map' | 'vitals' | 'notes' | 'emergency'>('map'); || 18: // Visit states || 19: const [currentState, setCurrentState] = useState(order?.state || 'CONFIRMED'); || 20: const [distance, setDistance] = useState(order?.distance || 1.2); // distance in km || 23: const [checklist, setChecklist] = useState({ meds: false, supplies: false, reachable: false, location: false }); || 26: // No-Show Timer || 27: const [noShowMinutesLeft, setNoShowMinutesLeft] = useState(10); || 30: const [vitals, setVitals] = useState({ bp: '', hr: '', rr: '', temp: '', spo2: '', blood_sugar: '', pain_scale: '' });	UNVERIFIED_BASELINE_ONLY	Require screen CTA→API/socket→handler/DB/state→payment/insurance→notification/result mapping; owner/stranger/unauth and negative/loading/empty/retry/cancel tests
src/screens/nursing/NursingRegistration.tsx	diagnostics/homecare	ui/screen	"20: import { RegistrationSuccess } from '../shared/SharedScreens'; || 24: import { SuccessScreen } from '../../components/SuccessScreen'; || 76: // Submit || 99: const [submitted, setSub] = useState(false); || 104: if (submitted) return <RegistrationSuccess onDone={onDone} email={data.managerEmail} providerType=""nursing"" />; || 106: const screens: Record<number, React.ReactElement> = { || 113: 7: <PStep7SubmitAdminWarning data={data} update={update} onNext={next} onBack={back} step={step} total={TOTAL} />, || 116: return screens[step] ?? null; || 158: await ProviderApi.login(data.managerPhone, data.password); || 162: await ProviderApi.login(data.managerPhone, data.password); || 164: } catch (loginErr: any) { || 181: <TouchableOpacity key={pm.id} onPress={() => update({ mode: pm.id })} || 9: import { ProviderApi, sanitizeWizardData } from '../../api/provider'; || 10: import { useInsuranceCatalog, useServicesCatalog } from '../../api/catalogs'; || 23: import { sendEmailOtp, verifyEmailOtp } from '../../api/otp'; || 22: import { OtpModal } from '../../components/OtpModal'; || 23: import { sendEmailOtp, verifyEmailOtp } from '../../api/otp'; || 77: signatureData: string; signerName: string; signerRole: string; || 90: signatureData: '', signerName: '', signerRole: '', termsAgreed: false, || 113: 7: <PStep7SubmitAdminWarning data={data} update={update} onNext={next} onBack={back} step={step} total={TOTAL} />, || 158: await ProviderApi.login(data.managerPhone, data.password); || 162: await ProviderApi.login(data.managerPhone, data.password); || 164: } catch (loginErr: any) { || 266: const { status } = await ImagePicker.requestCameraPermissionsAsync();"	UNVERIFIED_BASELINE_ONLY	Require screen CTA→API/socket→handler/DB/state→payment/insurance→notification/result mapping; owner/stranger/unauth and negative/loading/empty/retry/cancel tests
src/screens/doctor/DoctorOpsScreens.tsx	pharmacy/orders	ui/screen	2: * Doctor Operations Screens — Phase-1 API integrations: || 18: export function DoctorLeavesScreen({ onBack }: { onBack: () => void }) { || 52: show(AR ? 'أُضيفت الإجازة — لن يستطيع المرضى الحجز فيها' : 'Leave added — patients cannot book during it', 'success'); || 60: const cancel = async (id: string) => { || 63: show(AR ? 'أُلغيت الإجازة' : 'Leave cancelled', 'success'); || 65: } catch { show(AR ? 'فشل الإلغاء' : 'Cancel failed', 'error'); } || 74: {AR ? 'أي حجز داخل فترة الإجازة يُمنع تلقائياً. صيغة التاريخ: YYYY-MM-DD' : 'Bookings inside leave periods are blocked automatically. Date format: YYYY-MM-DD'} || 81: <TouchableOpacity key={t.k} onPress={() => setType(t.k)} || 92: <NBtn label={AR ? 'إضافة الإجازة' : 'Add Leave'} onPress={add} loading={saving} style={{ marginTop: SP.sm, marginBottom: SP.xl }} /> || 108: <TouchableOpacity onPress={() => cancel(l.id)}> || 109: <Text style={{ color: theme.danger, fontWeight: FW.bold }}>{AR ? 'إلغاء' : 'Cancel'}</Text> || 120: export function PrescriptionTemplatesScreen({ onBack }: { onBack: () => void }) { || 15: import client from '../../api/client'; || 9: ActivityIndicator, RefreshControl, ScrollView, Alert, || 287: const unblock = async (patientId: string) => { || 289: await client.delete(`/provider/ops/doctor/blacklist/${patientId}`); || 6: import React, { useState, useEffect, useCallback } from 'react'; || 13: import { NBtn, NCard, NBadge, NHeader, NScroll, NInput, NSecHeader, NEmpty } from '../../components/ui'; || 24: const [leaves, setLeaves] = useState<any[]>([]); || 25: const [loading, setLoading] = useState(true); || 26: const [start, setStart] = useState(''); || 27: const [end, setEnd] = useState(''); || 28: const [type, setType] = useState('vacation'); || 29: const [note, setNote] = useState('');	UNVERIFIED_BASELINE_ONLY	Require screen CTA→API/socket→handler/DB/state→payment/insurance→notification/result mapping; owner/stranger/unauth and negative/loading/empty/retry/cancel tests
src/screens/doctor/DoctorDashboard.tsx	pharmacy/orders	ui/screen	"3: * ║ NABDAH PLUS – PHASE 1 · DOCTOR DASHBOARD & ALL SCREENS ║ || 22: NBottomNav, NDivider, NPriceInput, NProfileImageUploader || 28: import { WithdrawalWorkflow, MedicalJobsScreen, MedicalDrugIndexScreen, StatisticsReports, GlobalSystemSettings, ChatSystem } from '../shared/SharedScreens'; || 33: import { FacilityInvitationsScreen } from './FacilityInvitationsScreen'; || 35: PromotionsDashboard, CreateCampaignScreen, ProfileWebConfig, || 36: SubscriptionsAdsScreen, AffiliatePortal, ReputationHub, || 38: SmartOutboundReferralNetwork, SosDispatchScreen, GpsRouterScreen || 39: } from '../shared/BlueprintScreens'; || 51: export function DoctorDashboardNavigator({ onLogout }: { onLogout: () => void }) { || 67: <Stack.Navigator id={undefined as any} screenOptions={{ headerShown: false }}> || 68: <Stack.Screen name=""MainTabs""> || 70: const navigateTo = (s: string, param?: any) => navigation.navigate(s, { param }); || 9: import { io } from 'socket.io-client'; || 27: import client from '../../api/client'; || 172: let socketInstance: any = null; || 175: socketInstance = io(cleanUrl, { || 176: transports: ['websocket'], || 179: socketInstance.on('connect', () => socketInstance?.emit('joinProviderRoom', user.id)); || 180: socketInstance.on('incoming_urgent_request', (payload: any) => { || 186: return () => { if (socketInstance) socketInstance.disconnect(); }; || 248: await client.post(`/provider/jobs/consultation/${insuranceModalReq.id}/insurance`, { || 1438: const endpoint = type === 'lab' ? '/labs/bookings' : type === 'radiology' ? '/radiology/bookings' : '/home-care/bookings'; || 1838: const res = await client.get('/provider/wallet'); || 1840: const txRes = await client.get('/provider/wallet/transactions');"	UNVERIFIED_BASELINE_ONLY	Require screen CTA→API/socket→handler/DB/state→payment/insurance→notification/result mapping; owner/stranger/unauth and negative/loading/empty/retry/cancel tests
src/screens/doctor/DoctorRegistration.tsx	consultation/booking	ui/screen	"15: import { RegistrationSuccess } from '../shared/SharedScreens'; || 20: import { SuccessScreen } from '../../components/SuccessScreen'; || 113: const screens: Record<number, React.ReactElement> = { || 114: 8: <SuccessScreen onDone={() => { setShowSuccess(false); onDone(); }} />, || 123: return screens[step] ?? null; || 166: await ProviderApi.login(data.phone, data.password); || 170: await ProviderApi.login(data.phone, data.password); || 172: } catch (loginErr: any) { || 182: <NHeader title={AR ? 'المعلومات الأساسية' : 'Basic Info'} sub={AR ? 'الاسم وبيانات الدخول' : 'Name & Login Info'} step={step} total={total} onBack={onBack} /> || 184: <NInput innerRef={nameArRef} label={AR ? 'الاسم الكامل (بالعربية)' : 'Full Name (Arabic)'} value={data.nameAr} onChange={v => update({ nameAr: v })} required error={errs.nameAr} returnKey=""next"" onSubmit={() => nameEnRef.current?.focus()} / || 185: <NInput innerRef={nameEnRef} label={AR ? 'الاسم الكامل (بالإنجليزية)' : 'Full Name (English)'} value={data.nameEn} onChange={v => update({ nameEn: v })} required error={errs.nameEn} returnKey=""next"" onSubmit={() => phoneRef.current?.focus() || 188: <NInput innerRef={emailRef} label={AR ? 'البريد الإلكتروني' : 'Email'} value={data.email} onChange={v => update({ email: v })} kbType=""email-address"" caps=""none"" error={errs.email} required returnKey=""next"" onSubmit={() => passwordRef.curre || 19: import { sendEmailOtp, verifyEmailOtp } from '../../api/otp'; || 26: import { ProviderApi, sanitizeWizardData } from '../../api/provider'; || 27: import { useInsuranceCatalog } from '../../api/catalogs'; || 18: import { OtpModal } from '../../components/OtpModal'; || 19: import { sendEmailOtp, verifyEmailOtp } from '../../api/otp'; || 60: signatureData: string; signerName: string; signerRole: string; || 77: cashOnly:false, acceptedInsurance:[], city:'', location: {lat: 0, lng: 0}, address:'', clinicName:'', signatureData:'', signerName:'', signerRole:'' || 166: await ProviderApi.login(data.phone, data.password); || 170: await ProviderApi.login(data.phone, data.password); || 172: } catch (loginErr: any) { || 182: <NHeader title={AR ? 'المعلومات الأساسية' : 'Basic Info'} sub={AR ? 'الاسم وبيانات الدخول' : 'Name & Login Info'} step={step} total={total} onBack={onBack} /> || 219: const { status } = await ImagePicker.requestCameraPermissionsAsync();"	UNVERIFIED_BASELINE_ONLY	Require screen CTA→API/socket→handler/DB/state→payment/insurance→notification/result mapping; owner/stranger/unauth and negative/loading/empty/retry/cancel tests
src/screens/doctor/FacilityInvitationsScreen.tsx	pharmacy/orders	ui/screen	"23: export function FacilityInvitationsScreen({ onBack }: { onBack: () => void }) { || 123: <NBtn label={busyId === inv.id ? '...' : (AR ? 'قبول وانضمام' : 'Accept & Join')} onPress={() => handleAccept(inv.id)} style={{ flex: 1 }} /> || 124: <NBtn label={AR ? 'رفض' : 'Decline'} onPress={() => handleReject(inv.id)} variant=""outline"" style={{ flex: 1, borderColor: theme.danger }} labelStyle={{ color: theme.danger }} /> || 6: import client from '../../api/client'; || 2: import { View, Text, TouchableOpacity, ScrollView, RefreshControl } from 'react-native'; || 9: // Permission keys → labels (must mirror the facility invitation form) || 41: permissions: Object.keys(i.permissions || {}).filter(k => i.permissions[k]), || 110: {AR ? 'الصلاحيات المطلوبة (Permissions):' : 'Requested Permissions:'} || 114: {inv.permissions.map((perm, i) => ( || 1: import React, { useState, useEffect, useCallback } from 'react'; || 29: const [invitations, setInvitations] = useState<any[]>([]); || 30: const [loading, setLoading] = useState(true); || 31: const [busyId, setBusyId] = useState<string | null>(null); || 40: status: i.status, || 47: setLoading(false); || 58: setInvitations(prev => prev.map(inv => inv.id === id ? { ...inv, status: accept ? 'accepted' : 'rejected' } : inv)); || 62: : (AR ? 'تم رفض الدعوة' : 'Invitation rejected'), || 63: accept ? 'success' : 'info', || 69: : (AR ? 'تعذر تنفيذ العملية' : 'Action failed'), 'error'); || 84: {loading ? ( || 86: {AR ? 'جاري تحميل الدعوات...' : 'Loading invitations...'} || 4: import { NHeader, NCard, NBtn, NSecHeader, NScroll, NBadge } from '../../components/ui'; || 13: insurance: { ar: 'شركات التأمين', en: 'Insurance' }, || 20: manage_wallet: { ar: 'إدارة المحفظة', en: 'Wallet' },"	UNVERIFIED_BASELINE_ONLY	Require screen CTA→API/socket→handler/DB/state→payment/insurance→notification/result mapping; owner/stranger/unauth and negative/loading/empty/retry/cancel tests
src/screens/doctor/components/DoctorUrgentRequests.tsx	pharmacy/orders	ui/screen	55: onPress={() => onAccept(item)} || 62: onPress={() => onDecline(item.id)} || 4: import { NCard, NBtn, NBadge } from '../../../components/ui'; || 44: <NCard style={[styles.card, { backgroundColor: theme.surface, borderColor: theme.danger }]}> || 68: </NCard> || 89: card: {	UNVERIFIED_BASELINE_ONLY	Require screen CTA→API/socket→handler/DB/state→payment/insurance→notification/result mapping; owner/stranger/unauth and negative/loading/empty/retry/cancel tests
src/screens/doctor/components/DoctorHeader.tsx	pharmacy/orders	ui/screen	9: onNavigate: (screen: string) => void; || 37: onPress={() => onNavigate('settings')} || 27: <Text style={[styles.userRole, { color: theme.textSub }]}> || 64: userRole: {	UNVERIFIED_BASELINE_ONLY	Require screen CTA→API/socket→handler/DB/state→payment/insurance→notification/result mapping; owner/stranger/unauth and negative/loading/empty/retry/cancel tests
src/screens/doctor/components/DoctorStatsRow.tsx	consultation/booking	ui/screen	"11: pendingCount: number; || 31: label={AR ? 'طلبات قيد الانتظار' : 'Pending Requests'} || 32: value={String(stats.pendingCount || 0)} || 41: color={theme.success} || 4: import { NStatCard } from '../../../components/ui'; || 23: <NStatCard || 28: style={styles.card} || 30: <NStatCard || 35: style={styles.card} || 37: <NStatCard || 40: icon=""wallet"" || 42: style={styles.card} || 58: card: { || 11: pendingCount: number; || 31: label={AR ? 'طلبات قيد الانتظار' : 'Pending Requests'} || 32: value={String(stats.pendingCount || 0)}"	UNVERIFIED_BASELINE_ONLY	Require screen CTA→API/socket→handler/DB/state→payment/insurance→notification/result mapping; owner/stranger/unauth and negative/loading/empty/retry/cancel tests
src/screens/doctor/components/DoctorQueueList.tsx	pharmacy/orders	ui/screen	52: <TouchableOpacity onPress={() => onSelect(item)} activeOpacity={0.8}> || 4: import { NCard, NBadge, NEmpty } from '../../../components/ui'; || 12: status: string; || 32: <NEmpty title={AR ? 'لا توجد مواعيد مجدولة اليوم' : 'No appointments scheduled for today'} /> || 63: label={item.status === 'COMPLETED' ? (AR ? 'مكتمل' : 'Completed') : item.status === 'IN_PROGRESS' ? (AR ? 'جاري الكشف' : 'In Progress') : (AR ? 'مجدول' : 'Scheduled')} || 64: variant={item.status === 'COMPLETED' ? 'success' : item.status === 'IN_PROGRESS' ? 'warning' : 'primary'} || 4: import { NCard, NBadge, NEmpty } from '../../../components/ui'; || 53: <NCard style={[styles.aptCard, { backgroundColor: theme.surface, borderColor: theme.border }]}> || 67: </NCard> || 89: aptCard: { || 4: import { NCard, NBadge, NEmpty } from '../../../components/ui'; || 32: <NEmpty title={AR ? 'لا توجد مواعيد مجدولة اليوم' : 'No appointments scheduled for today'} />	UNVERIFIED_BASELINE_ONLY	Require screen CTA→API/socket→handler/DB/state→payment/insurance→notification/result mapping; owner/stranger/unauth and negative/loading/empty/retry/cancel tests
src/screens/radiology/RadiologyRegistration.tsx	diagnostics/homecare	ui/screen	"21: import { RegistrationSuccess } from '../shared/SharedScreens'; || 26: import { SuccessScreen } from '../../components/SuccessScreen'; || 127: const screens: Record<number, React.ReactElement> = { || 128: 8: <SuccessScreen onDone={() => { setShowSuccess(false); onDone(); }} />, || 137: return screens[step] ?? null; || 190: await ProviderApi.login(data.managerPhone, data.password); || 194: await ProviderApi.login(data.managerPhone, data.password); || 196: } catch (loginErr: any) { || 212: {/* Center Type Removed (Auto-detected from Welcome Screen) */} || 220: returnKey=""next"" onSubmit={() => nameEnRef.current?.focus()} || 228: returnKey=""next"" onSubmit={() => mgrNameRef.current?.focus()} || 239: returnKey=""next"" onSubmit={() => emailRef.current?.focus()} || 9: import { ProviderApi, sanitizeWizardData } from '../../api/provider'; || 10: import { useInsuranceCatalog, useServicesCatalog } from '../../api/catalogs'; || 25: import { sendEmailOtp, verifyEmailOtp } from '../../api/otp'; || 344: // Custom validation for Radiology/Radiology separation || 490: hint={AR ? 'ترخيص المركز/مركز الأشعة من MOH' : 'Radiology/Radiology license from MOH'} /> || 24: import { OtpModal } from '../../components/OtpModal'; || 25: import { sendEmailOtp, verifyEmailOtp } from '../../api/otp'; || 78: signatureData: string; signerName: string; signerRole: string; || 100: signatureData: '', signerName: '', signerRole: '', || 134: 6: <LStep7AdminWarning data={data} update={update} onNext={next} onBack={back} step={step} total={TOTAL} />, || 190: await ProviderApi.login(data.managerPhone, data.password); || 194: await ProviderApi.login(data.managerPhone, data.password);"	UNVERIFIED_BASELINE_ONLY	Require screen CTA→API/socket→handler/DB/state→payment/insurance→notification/result mapping; owner/stranger/unauth and negative/loading/empty/retry/cancel tests
src/screens/radiology/RadiologyDashboard.tsx	pharmacy/orders	ui/screen	"9: import { ProviderWalletScreen, MedicalJobsScreen, MedicalDrugIndexScreen } from '../shared/SharedScreens'; || 10: import { InsuranceRequestsScreen } from '../shared/InsuranceRequestsScreen'; || 24: CANCELLED:         { ar: 'ملغى',                   en: 'Cancelled',         color: '#9E9E9E' }, || 41: export function RadiologyDashboardNavigator({ onLogout }: { onLogout: () => void }) { || 55: <Stack.Navigator id={undefined as any} screenOptions={{ headerShown: false }}> || 56: <Stack.Screen name=""MainTabs""> || 58: const go = (s: string, param?: any) => navigation.navigate(s, { param }); || 65: {activeTab === 'settings' && <RadiologySettingsScreen onLogout={onLogout} onNav={go} />} || 66: <NBottomNav tabs={tabs} active={activeTab} onPress={setActiveTab} /> || 70: </Stack.Screen> || 72: <Stack.Screen name=""order_detail"">{({ navigation, route }: any) => <OrderDetailScreen order={route.params?.param} onBack={() => navigation.goBack()} onNav={(s: string, p?: any) => navigation.navigate(s, { param: p })} />}</Stack.Screen> || 73: <Stack.Screen name=""reporting"">{({ navigation, route }: any) => <ReportingScreen order={route.params?.param} onBack={() => navigation.goBack()} />}</Stack.Screen> || 5: import client from '../../api/client'; || 10: import { InsuranceRequestsScreen } from '../shared/InsuranceRequestsScreen'; || 91: const res = await client.get('/radiology/provider/inbox'); || 141: const fetch = useCallback(async () => { try { setLoading(true); const res = await client.get('/radiology/provider/inbox'); setOrders(res.data || []); } catch {} finally { setLoading(false); } }, []); || 142: useEffect(() => { fetch(); }, [fetch]); || 194: const refresh = async () => { try { const res = await client.get(`/radiology/bookings/${order.id}`); setCurrentOrder(res.data); } catch {} }; || 197: try { await client.post(`/radiology/bookings/${currentOrder.id}/${action}`, body || {}); show(AR ? 'تم بنجاح' : 'Done', 'success'); await refresh(); } || 205: try { await client.post(`/radiology/bookings/${currentOrder.id}/insurance-approval`, { approval_code: nphiesCode, copay: parseFloat(copay) || 0 }); show(AR ? 'تم إرسال التأمين للمريض' : 'Insurance approval sent', 'success'); setShowNphies(f || 212: try { await client.post(`/radiology/bookings/${currentOrder.id}/abort`, { reason: abortReason }); show(AR ? 'تم إلغاء الفحص وإنشاء طلب استرداد' : 'Scan aborted. Refund ticket created.', 'info'); setShowAbort(false); await refresh(); } || 228: await client.patch(`/radiology/bookings/${currentOrder.id}/reschedule`, { new_date: newDate, reason: 'reschedule_after_abort' }); || 270: <NBtn label={AR?' تأكيد الطلب (كاش)':' Confirm Order (Cash)'} loading={loading} onPress={async () => { setLoading(true); try { await client.patch(`/radiology/bookings/${currentOrder.id}/state`, { state:'CONFIRMED', note:'Cash confirmed' }); || 272: <NBtn label={AR?' رفض الطلب':' Decline Order'} variant=""danger"" loading={loading} onPress={async () => { setLoading(true); try { await client.patch(`/radiology/bookings/${currentOrder.id}/state`, { state:'CANCELLED', note:'Rejected by cente"	UNVERIFIED_BASELINE_ONLY	Require screen CTA→API/socket→handler/DB/state→payment/insurance→notification/result mapping; owner/stranger/unauth and negative/loading/empty/retry/cancel tests
src/screens/pharmacy/PharmacyDashboard.tsx	pharmacy/orders	ui/screen	3: * ║ NABDAH PLUS – PHASE 3 · PHARMACY DASHBOARD (ALL SCREENS) ║ || 6: * ║ 02. BroadcastOrderScreen — accept/partial/reject + alternatives ║ || 7: * ║ 03. OrderDetailScreen — full order details + item-level actions ║ || 9: * ║ 05. MedicationRefillsScreen — chronic meds auto-refill management ║ || 10: * ║ 06. DrugPriceComparisonScreen— compare prices across pharmacies ║ || 12: * ║ 08. AddProductScreen — add drug → admin approval flow ║ || 13: * ║ 09. ExpiryTrackingScreen — track expiry dates + batch recall ║ || 14: * ║ 10. ShortageReportScreen — report shortage → admin ║ || 15: * ║ 11. B2BSupplyRequestScreen — Voice/OCR/Manual supplier orders ║ || 16: * ║ 12. OrderHistoryScreen — all past orders + status + filter ║ || 17: * ║ 13. DeliveryTrackingScreen — live delivery map + driver status ║ || 18: * ║ 14. PharmacyQRMenuScreen — QR code for customer product catalog ║ || 42: import { InsuranceRequestsScreen } from '../shared/InsuranceRequestsScreen'; || 44: import client from '../../api/client'; || 216: // Simulated WebSocket connection for Live Radar (Polling fallback) || 221: client.get('/provider/pharmacy/broadcasts') // real open broadcasts for this pharmacy || 256: const res = await client.post(`/provider/pharmacy/orders/${orderId}/accept`); || 275: await client.post(`/provider/pharmacy/broadcasts/${rejectOrderId}/reject`, { reason: reasonId }); || 384: const res = await client.get(`/pharmacy/prescriptions/${encodeURIComponent(rxNumber.trim())}`); || 405: await client.post(`/pharmacy/orders/${order.id}/ready`); || 510: client.get('/pharmacy/returns/provider/list') || 527: const res: any = await client.get('/pharmacy/procurement/my-requests'); || 536: const res: any = await client.post('/pharmacy/procurement/analyze-file', payload); || 575: await client.post('/pharmacy/procurement/submit-request', {	UNVERIFIED_BASELINE_ONLY	Require screen CTA→API/socket→handler/DB/state→payment/insurance→notification/result mapping; owner/stranger/unauth and negative/loading/empty/retry/cancel tests
src/screens/pharmacy/PharmacyRegistration.tsx	pharmacy/orders	ui/screen	"20: import { RegistrationSuccess } from '../shared/SharedScreens'; || 25: import { SuccessScreen } from '../../components/SuccessScreen'; || 101: const screens: Record<number, React.ReactElement> = { || 102: 9: <SuccessScreen onDone={() => { setShowSuccess(false); onDone(); }} />, || 110: 8: <PStep7Submit data={data} update={update} onDone={onDone} onBack={back} step={step} total={TOTAL} />, || 112: return screens[step] ?? null; || 158: await ProviderApi.login(data.managerPhone, data.password); || 162: await ProviderApi.login(data.managerPhone, data.password); || 164: } catch (loginErr: any) { || 181: <TouchableOpacity key={pt.id} onPress={() => update({ type:pt.id })} style={[s.typeRow, { backgroundColor: sel ? theme.primaryLight : theme.surface2, borderColor: sel ? theme.primary : theme.border, flexDirection: AR?'row-reverse':'row' }]} || 189: <NInput innerRef={nameArRef} label={AR?'اسم الصيدلية بالعربي':'Pharmacy Name (Arabic)'} placeholder={AR?'صيدلية نبضة الصحة':'Nabdah Health Pharmacy'} value={data.nameAr} onChange={v=>update({nameAr:v})} required error={errs.nameAr} caps=""wo || 190: <NInput innerRef={nameEnRef} label={AR?'اسم الصيدلية بالإنجليزي':'Pharmacy Name (English)'} placeholder=""Nabdah Health Pharmacy"" value={data.nameEn} onChange={v=>update({nameEn:v})} caps=""words"" returnKey=""next"" onSubmit={() => pharmaRef.cu || 10: import { ProviderApi, sanitizeWizardData } from '../../api/provider'; || 11: import { useInsuranceCatalog } from '../../api/catalogs'; || 24: import { sendEmailOtp, verifyEmailOtp } from '../../api/otp'; || 23: import { OtpModal } from '../../components/OtpModal'; || 24: import { sendEmailOtp, verifyEmailOtp } from '../../api/otp'; || 69: signatureData: string; signerName: string; signerRole: string; || 87: signatureData: '', signerName: '', signerRole: '',   termsAgreed: false, location: {lat: 0, lng: 0}, accountHolderName: '' || 109: 7: <PStep7AdminWarning data={data} update={update} onNext={next} onBack={back} step={step} total={TOTAL} />, || 158: await ProviderApi.login(data.managerPhone, data.password); || 162: await ProviderApi.login(data.managerPhone, data.password); || 164: } catch (loginErr: any) { || 243: const { status } = await ImagePicker.requestCameraPermissionsAsync();"	UNVERIFIED_BASELINE_ONLY	Require screen CTA→API/socket→handler/DB/state→payment/insurance→notification/result mapping; owner/stranger/unauth and negative/loading/empty/retry/cancel tests
src/api/provider.ts	pharmacy/orders	client/state/service	"28: /** Step 1.5: Login to obtain JWT token for subsequent steps */ || 29: async login(phone: string, password?: string) { || 30: const res = await client.post('/auth/login', { phone, password }); || 33: // token""), which is what broke document uploads during onboarding. || 49: /** Utility: Convert local URI to base64 and upload to Storage service */ || 50: async uploadFile(uri: string, mimeType: string, originalName: string = 'file') { || 59: const res = await client.post('/storage/upload', { || 68: throw e; // Re-throw so callers can handle upload errors || 72: /** Utility: Upload base64 signature directly */ || 73: async uploadSignature(base64Image: string) { || 75: const res = await client.post('/storage/upload', { || 97: /** Final Step: Submit for Admin Review */ || 30: const res = await client.post('/auth/login', { phone, password }); || 2: import { Tokens } from '../security/Security'; || 8: * registration record so the admin review shows EVERY typed field. || 13: if (/pass|secret|token|signatureData/i.test(k)) continue; || 28: /** Step 1.5: Login to obtain JWT token for subsequent steps */ || 29: async login(phone: string, password?: string) { || 30: const res = await client.post('/auth/login', { phone, password }); || 31: // Backend returns { token: { accessToken, refreshToken } } — saving the || 32: // whole object as the bearer token made EVERY later call 401 (""Invalid || 33: // token""), which is what broke document uploads during onboarding. || 34: const t = res.data?.token; || 35: const accessToken = typeof t === 'string' ? t : (t?.accessToken || res.data?.access_token || '');"	UNVERIFIED_BASELINE_ONLY	Require screen CTA→API/socket→handler/DB/state→payment/insurance→notification/result mapping; owner/stranger/unauth and negative/loading/empty/retry/cancel tests
src/api/otp.ts	identity/session	client/state/service	5: * Backend: POST /provider/auth/send-otp  { email, purpose } || 6: *          POST /provider/auth/verify-email { email, code } || 10: const res = await client.post('/provider/auth/send-otp', { || 19: await client.post('/provider/auth/verify-email', { || 4: * Real email OTP for provider onboarding final submission. || 5: * Backend: POST /provider/auth/send-otp  { email, purpose } || 9: export async function sendEmailOtp(email: string) { || 10: const res = await client.post('/provider/auth/send-otp', { || 17: export async function verifyEmailOtp(email: string, code: string): Promise<boolean> { || 24: } catch {	UNVERIFIED_BASELINE_ONLY	Require screen CTA→API/socket→handler/DB/state→payment/insurance→notification/result mapping; owner/stranger/unauth and negative/loading/empty/retry/cancel tests
src/api/catalogs.ts	diagnostics/homecare	client/state/service	8: * managed from the admin dashboard). Every app screen — provider onboarding, || 30: const res = await client.get('/insurance/companies'); || 94: lab: '/labs/services', || 95: radiology: '/radiology/services', || 96: nursing: '/nursing/catalog', || 8: * managed from the admin dashboard). Every app screen — provider onboarding, || 27: // 5-minute in-memory cache — the catalog is admin-managed and rarely changes || 53: /** Clear the in-memory catalog cache (e.g. after the admin edits companies). */ || 72: // homecareservices — managed from the admin dashboard) are the single source. || 1: import { useState, useEffect } from 'react'; || 61: const [list, setList] = useState<CatalogCompany[]>([]); || 140: const [list, setList] = useState<CatalogService[]>([]); || 6: * Insurance companies (with their plan tiers) and medical service catalogs are || 7: * served by the backend (insurance_companies / insurance_networks collections, || 23: let insuranceCache: CatalogCompany[] | null = null; || 24: let insuranceCacheAt = 0; || 26: export async function getInsuranceCatalog(force = false): Promise<CatalogCompany[]> { || 28: if (!force && insuranceCache && Date.now() - insuranceCacheAt < 5 * 60 * 1000) return insuranceCache; || 30: const res = await client.get('/insurance/companies'); || 40: insuranceCache = list; || 41: insuranceCacheAt = Date.now(); || 48: const { INSURANCE } = await import('../constants'); || 49: const fallback = INSURANCE as readonly { id: string; ar: string; en: string; plans: readonly string[] }[]; || 55: insuranceCache = null;	UNVERIFIED_BASELINE_ONLY	Require screen CTA→API/socket→handler/DB/state→payment/insurance→notification/result mapping; owner/stranger/unauth and negative/loading/empty/retry/cancel tests
src/api/client.ts	identity/session	client/state/service	37: // If unauthorized (401) and not already retrying, session expired || 38: if (error.response?.status === 401 && !originalRequest._retry) { || 39: originalRequest._retry = true; || 1: import axios from 'axios'; || 5: const client = axios.create({ || 16: config.baseURL = `http://${customIp}:8002/api/v1`; || 3: import { buildHeaders, Tokens, Vault, SK } from '../security/Security'; || 10: // Request Interceptor: Automatically inject secure headers and JWT token || 31: // Response Interceptor: Handle token expiration and standard error routing || 37: // If unauthorized (401) and not already retrying, session expired || 41: // Clear expired tokens if session can't be refreshed || 42: await Tokens.clear(); || 44: if (__DEV__) console.warn('[API Client Session Clear Error]', e); || 24: if (__DEV__) console.warn('[API Client Request Interceptor Error]', e); || 28: (error) => Promise.reject(error) || 31: // Response Interceptor: Handle token expiration and standard error routing || 34: async (error) => { || 35: const originalRequest = error.config; || 37: // If unauthorized (401) and not already retrying, session expired || 38: if (error.response?.status === 401 && !originalRequest._retry) { || 39: originalRequest._retry = true; || 44: if (__DEV__) console.warn('[API Client Session Clear Error]', e); || 48: return Promise.reject(error.response?.data || error); || 7: timeout: 60000,	UNVERIFIED_BASELINE_ONLY	Require screen CTA→API/socket→handler/DB/state→payment/insurance→notification/result mapping; owner/stranger/unauth and negative/loading/empty/retry/cancel tests
src/services/HttpClient.ts	catalog/discovery	client/state/service	8: // Custom global retry interceptor for 5xx and network errors || 12: const config = error.config as InternalAxiosRequestConfig & { _retryCount?: number }; || 15: config._retryCount = config._retryCount || 0; || 17: const shouldRetry = !error.response || error.response.status >= 500; || 19: if (shouldRetry && config._retryCount < 3) { || 20: config._retryCount += 1; || 21: const delay = Math.pow(2, config._retryCount) * 1000; || 1: import axios, { AxiosError, InternalAxiosRequestConfig } from 'axios'; || 3: export const HttpClient = axios.create({ || 4: baseURL: 'https://api.nabdahplus.com/api/v1', || 11: async (error: AxiosError) => { || 12: const config = error.config as InternalAxiosRequestConfig & { _retryCount?: number }; || 1: import axios, { AxiosError, InternalAxiosRequestConfig } from 'axios'; || 8: // Custom global retry interceptor for 5xx and network errors || 11: async (error: AxiosError) => { || 12: const config = error.config as InternalAxiosRequestConfig & { _retryCount?: number }; || 13: if (!config) return Promise.reject(error); || 15: config._retryCount = config._retryCount || 0; || 17: const shouldRetry = !error.response || error.response.status >= 500; || 19: if (shouldRetry && config._retryCount < 3) { || 20: config._retryCount += 1; || 21: const delay = Math.pow(2, config._retryCount) * 1000; || 27: return Promise.reject(error); || 1: import axios, { AxiosError, InternalAxiosRequestConfig } from 'axios';	UNVERIFIED_BASELINE_ONLY	Require screen CTA→API/socket→handler/DB/state→payment/insurance→notification/result mapping; owner/stranger/unauth and negative/loading/empty/retry/cancel tests
src/services/NotificationService.ts	chat/support	client/state/service		UNVERIFIED_BASELINE_ONLY	Require screen CTA→API/socket→handler/DB/state→payment/insurance→notification/result mapping; owner/stranger/unauth and negative/loading/empty/retry/cancel tests
src/utils/notifications.ts	diagnostics/homecare	source/config	37: export async function registerForPushNotificationsAsync(): Promise<string | null> { || 89: // Register token with backend || 91: await apiFetch('/push/register', { || 91: await apiFetch('/push/register', { || 46: const { status: existingStatus } = await Notifications.getPermissionsAsync(); || 50: const { status } = await Notifications.requestPermissionsAsync(); || 55: // User denied push notification permission — graceful skip || 59: // Prefer native FCM token on Android (direct via our Firebase project); || 60: // fall back to Expo push service token otherwise (iOS until APNs keys arrive). || 61: let token: string | null = null; || 65: const nativeToken = await Notifications.getDevicePushTokenAsync(); || 66: if (nativeToken?.data) { || 67: token = nativeToken.data as string; || 71: // Native FCM unavailable — fall back to Expo token || 74: if (!token) { || 77: let tokenData; || 46: const { status: existingStatus } = await Notifications.getPermissionsAsync(); || 47: let finalStatus = existingStatus; || 49: if (existingStatus !== 'granted') { || 50: const { status } = await Notifications.requestPermissionsAsync(); || 51: finalStatus = status; || 54: if (finalStatus !== 'granted') { || 83: // Push token fetch failed — non-critical, skip silently || 101: // Backend registration failed — non-critical	UNVERIFIED_BASELINE_ONLY	Require screen CTA→API/socket→handler/DB/state→payment/insurance→notification/result mapping; owner/stranger/unauth and negative/loading/empty/retry/cancel tests
src/utils/dates.ts	admin/provider-ops	source/config		UNVERIFIED_BASELINE_ONLY	Require screen CTA→API/socket→handler/DB/state→payment/insurance→notification/result mapping; owner/stranger/unauth and negative/loading/empty/retry/cancel tests
src/utils/imageUrl.ts	pharmacy/orders	source/config		UNVERIFIED_BASELINE_ONLY	Require screen CTA→API/socket→handler/DB/state→payment/insurance→notification/result mapping; owner/stranger/unauth and negative/loading/empty/retry/cancel tests
src/utils/PushNotifications.ts	diagnostics/homecare	source/config	18: const { status: existingStatus } = await Notifications.getPermissionsAsync(); || 22: const { status } = await Notifications.requestPermissionsAsync(); || 32: await Notifications.getExpoPushTokenAsync({ || 35: // Token obtained — backend registration handled by notifications.ts || 37: // Push token unavailable (Expo Go limitation / simulator) — silently skip || 18: const { status: existingStatus } = await Notifications.getPermissionsAsync(); || 19: let finalStatus = existingStatus; || 21: if (existingStatus !== 'granted') { || 22: const { status } = await Notifications.requestPermissionsAsync(); || 23: finalStatus = status; || 26: if (finalStatus !== 'granted') return; || 36: } catch (e) {	UNVERIFIED_BASELINE_ONLY	Require screen CTA→API/socket→handler/DB/state→payment/insurance→notification/result mapping; owner/stranger/unauth and negative/loading/empty/retry/cancel tests
src/utils/api.ts	diagnostics/homecare	client/state/service	2: * apiFetch — thin fetch-style wrapper over the shared axios client. || 5: import client from '../api/client'; || 14: export async function apiFetch(path: string, options: ApiFetchOptions = {}): Promise<any> {	UNVERIFIED_BASELINE_ONLY	Require screen CTA→API/socket→handler/DB/state→payment/insurance→notification/result mapping; owner/stranger/unauth and negative/loading/empty/retry/cancel tests
src/types/contracts.ts	pharmacy/orders	source/config	57: CANCELLED = 'CANCELLED', || 104: CANCELLED = 'cancelled', || 159: CANCELLED = 'CANCELLED', || 163: [OrderState.CREATED]: [OrderState.VALIDATED, OrderState.CANCELLED], || 164: [OrderState.VALIDATED]: [OrderState.PHARMACY_RECEIVED, OrderState.CANCELLED], || 165: [OrderState.PHARMACY_RECEIVED]: [OrderState.ACCEPTED, OrderState.REJECTED, OrderState.CANCELLED], || 166: [OrderState.ACCEPTED]: [OrderState.PREPARING, OrderState.PARTIALLY_FULFILLED, OrderState.CANCELLED], || 167: [OrderState.REJECTED]: [OrderState.ESCALATED_TO_ADMIN, OrderState.CANCELLED], || 168: [OrderState.PARTIALLY_FULFILLED]: [OrderState.PREPARING, OrderState.CANCELLED], || 169: [OrderState.PREPARING]: [OrderState.READY_FOR_DISPATCH, OrderState.CANCELLED], || 170: [OrderState.READY_FOR_DISPATCH]: [OrderState.ASSIGNED_TO_DELIVERY, OrderState.DELIVERED, OrderState.CANCELLED], || 171: [OrderState.ASSIGNED_TO_DELIVERY]: [OrderState.OUT_FOR_DELIVERY, OrderState.CANCELLED], || 4: export enum UserRole { || 10: HOSPITAL_ADMIN = 'hospital_admin', || 11: BRANCH_ADMIN = 'branch_admin', || 19: ADMIN = 'admin', || 21: SUPER_ADMIN = 'super_admin', || 58: ESCALATED_TO_ADMIN = 'ESCALATED_TO_ADMIN', || 76: ADMIN_NOTIFIED = 'ADMIN_NOTIFIED', || 167: [OrderState.REJECTED]: [OrderState.ESCALATED_TO_ADMIN, OrderState.CANCELLED], || 172: [OrderState.OUT_FOR_DELIVERY]: [OrderState.DELIVERED, OrderState.ESCALATED_TO_ADMIN], || 175: [OrderState.ESCALATED_TO_ADMIN]: [ || 186: [EmergencyState.TRIGGERED]: [EmergencyState.LOCATION_CAPTURED, EmergencyState.ADMIN_NOTIFIED], || 187: [EmergencyState.LOCATION_CAPTURED]: [EmergencyState.ADMIN_NOTIFIED],	UNVERIFIED_BASELINE_ONLY	Require screen CTA→API/socket→handler/DB/state→payment/insurance→notification/result mapping; owner/stranger/unauth and negative/loading/empty/retry/cancel tests
src/types/FacilityTypes.ts	consultation/booking	source/config	35: permissions: FacilityPermissions; || 39: export interface FacilityPermissions { || 7: status: 'active' | 'inactive'; || 16: status: 'active' | 'inactive'; || 26: status: 'active' | 'maintenance' | 'inactive'; || 34: status: 'pending' | 'accepted' | 'rejected' | 'revoked'; || 42: insurance: boolean; || 49: manage_wallet: boolean; || 68: supported_insurance: string[]; || 34: status: 'pending' | 'accepted' | 'rejected' | 'revoked';	UNVERIFIED_BASELINE_ONLY	Require screen CTA→API/socket→handler/DB/state→payment/insurance→notification/result mapping; owner/stranger/unauth and negative/loading/empty/retry/cancel tests
src/security/Security.ts	diagnostics/homecare	source/config	179: cancelLabel: 'إلغاء', || 315: type AuditAction = 'login'|'logout'|'login_fail'|'biometric'|'pass_change'| || 316: 'toggle_online'|'withdraw_request'|'doc_upload'|'settings_change'|'biometric_login'|'biometric_enabled'; || 12: ACCESS: 'np_access_token', || 13: REFRESH: 'np_refresh_token', || 14: SESSION_ID: 'np_session_id', || 57: // ─── Token Management ───────────────────────────────────────────────────────── || 58: export const Tokens = { || 59: async save(access: string, refresh: string, session_id: string, provider_id: string, provider_type: string) { || 62: Vault.set(SK.REFRESH, refresh), || 63: Vault.set(SK.SESSION_ID, session_id), || 69: async getRefresh() { return Vault.get(SK.REFRESH); }, || 70: async getSessionId() { return Vault.get(SK.SESSION_ID); }, || 75: Vault.del(SK.REFRESH), || 76: Vault.del(SK.SESSION_ID), || 167: async authenticate(reason = 'تحقق من هويتك'): Promise<{ success: boolean; error?: string }> { || 173: return { success: false, error: 'البصمة غير متاحة على هذا الجهاز' }; || 179: cancelLabel: 'إلغاء', || 183: return { success: r.success, error: 'error' in r ? (r as any).error : undefined }; || 185: return { success: false, error: e?.message || 'Unknown error' }; || 33: } catch (e) { || 42: } catch (e) { || 49: try { await SecureStore.deleteItemAsync(key); } catch {} || 97: } catch (e) { return null; }	UNVERIFIED_BASELINE_ONLY	Require screen CTA→API/socket→handler/DB/state→payment/insurance→notification/result mapping; owner/stranger/unauth and negative/loading/empty/retry/cancel tests
src/components/LocationPickerModal.tsx	pharmacy/orders	ui/screen	89: onPress={(e) => setSelected({ lat: e.nativeEvent.coordinate.latitude, lng: e.nativeEvent.coordinate.longitude })} || 99: onPress={handleGetCurrentLocation} || 115: <TouchableOpacity style={{ padding: SP.md, borderRadius: R.md, backgroundColor: theme.border, flex: 1, marginHorizontal: SP.xs }} onPress={onClose}> || 116: <Text style={{ color: theme.text, textAlign: 'center', fontWeight: 'bold' }}>{AR ? 'إلغاء' : 'Cancel'}</Text> || 118: <TouchableOpacity style={{ padding: SP.md, borderRadius: R.md, backgroundColor: theme.primary, flex: 1, marginHorizontal: SP.xs }} onPress={() => { || 42: const { status } = await Location.requestForegroundPermissionsAsync(); || 44: setLocError(AR ? 'تم رفض إذن الموقع — فعّله من إعدادات الجهاز' : 'Location permission denied — enable it in device settings'); || 1: import React, { useState, useEffect, useRef } from 'react'; || 24: const [selected, setSelected] = useState(initialLocation || DEFAULT_LOC); || 25: const [locating, setLocating] = useState(false); || 26: const [locError, setLocError] = useState<string | null>(null); || 40: setLocError(null); || 42: const { status } = await Location.requestForegroundPermissionsAsync(); || 43: if (status !== 'granted') { || 44: setLocError(AR ? 'تم رفض إذن الموقع — فعّله من إعدادات الجهاز' : 'Location permission denied — enable it in device settings'); || 50: setLocError(AR ? 'تعذر تحديد موقعك الحالي' : 'Could not determine your current location'); || 56: // Reset state every time the modal opens; try current location only when no || 60: setLocError(null); || 107: {locError && ( || 26: const [locError, setLocError] = useState<string | null>(null); || 40: setLocError(null); || 44: setLocError(AR ? 'تم رفض إذن الموقع — فعّله من إعدادات الجهاز' : 'Location permission denied — enable it in device settings'); || 49: } catch (e) { || 50: setLocError(AR ? 'تعذر تحديد موقعك الحالي' : 'Could not determine your current location');	UNVERIFIED_BASELINE_ONLY	Require screen CTA→API/socket→handler/DB/state→payment/insurance→notification/result mapping; owner/stranger/unauth and negative/loading/empty/retry/cancel tests
src/components/SuccessScreen.tsx	pharmacy/orders	ui/screen	7: interface SuccessScreenProps { || 15: export const SuccessScreen = ({ onDone, title, message }: SuccessScreenProps) => { || 23: : 'Your application has been submitted successfully and is pending admin approval. We will contact you soon.'; || 44: onPress={onDone} || 23: : 'Your application has been submitted successfully and is pending admin approval. We will contact you soon.'; || 7: interface SuccessScreenProps { || 15: export const SuccessScreen = ({ onDone, title, message }: SuccessScreenProps) => { || 20: const defaultTitle = AR ? 'نجاح!' : 'Success!'; || 23: : 'Your application has been submitted successfully and is pending admin approval. We will contact you soon.'; || 23: : 'Your application has been submitted successfully and is pending admin approval. We will contact you soon.';	UNVERIFIED_BASELINE_ONLY	Require screen CTA→API/socket→handler/DB/state→payment/insurance→notification/result mapping; owner/stranger/unauth and negative/loading/empty/retry/cancel tests
src/components/PlatformMap.tsx	cross-surface	ui/screen		UNVERIFIED_BASELINE_ONLY	Require screen CTA→API/socket→handler/DB/state→payment/insurance→notification/result mapping; owner/stranger/unauth and negative/loading/empty/retry/cancel tests
src/components/PlatformMap.web.tsx	diagnostics/homecare	ui/screen	4: type MapProps = { style?: any; children?: React.ReactNode; initialRegion?: any; onPress?: (event: any) => void };	UNVERIFIED_BASELINE_ONLY	Require screen CTA→API/socket→handler/DB/state→payment/insurance→notification/result mapping; owner/stranger/unauth and negative/loading/empty/retry/cancel tests
src/components/PlatformMap.native.tsx	cross-surface	ui/screen		UNVERIFIED_BASELINE_ONLY	Require screen CTA→API/socket→handler/DB/state→payment/insurance→notification/result mapping; owner/stranger/unauth and negative/loading/empty/retry/cancel tests
src/components/ui.tsx	pharmacy/orders	ui/screen	33: export function NCard({ children, style, onPress, noPad, accent }: || 34: { children:ReactNode; style?:object; onPress?:()=>void; noPad?:boolean; accent?:string }) { || 48: if (onPress) return <TouchableOpacity onPress={onPress} activeOpacity={0.85}>{inner}</TouchableOpacity>; || 57: label, onPress, variant='primary', size='md', || 60: label:string; onPress:()=>void; variant?:BtnVariant; size?:BtnSize; || 73: onPress(); || 86: <TouchableOpacity onPress={press} activeOpacity={0.9} disabled={disabled||loading} || 106: caps='none', required, style, returnKey, onSubmit, autoFocus, innerRef, || 113: returnKey?:any; onSubmit?:()=>void; autoFocus?:boolean; innerRef?:any; || 134: <TouchableWithoutFeedback onPress={() => inputRef.current?.focus()}> || 161: onSubmitEditing={onSubmit} || 166: <TouchableOpacity onPress={() => setShowPass(p=>!p)}> || 17: import client from '../api/client'; || 524: // ─── OTP Input ──────────────────────────────────────────────────────────────── || 525: export function NOTP({ target, otp, setOtp, onVerify, loading, onResend }: || 526: { target:string; otp:string[]; setOtp:(v:string[])=>void; onVerify:()=>void; loading?:boolean; onResend?:()=>void }) { || 537: const n = [...otp]; n[i]=text.slice(-1); setOtp(n); || 543: <Text style={{ fontSize:FS['3xl'], fontWeight:FW.bold, color:theme.text, marginBottom:SP.md }}>{t('otpTitle')}</Text> || 545: {t('otpSentTo')} <Text style={{ color:theme.primary, fontWeight:FW.semi }}>{target}</Text> || 548: {otp.map((d,i) => ( || 552: style={[s.otpBox, { backgroundColor:theme.inputBg, borderColor:d?theme.primary:theme.border, color:theme.text }]} /> || 555: <NBtn label={t('otpVerify')} onPress={onVerify} loading={loading} disabled={otp.join('').length<6} /> || 559: {cd>0 ? `${t('otpResend')} (${cd}s)` : t('otpResend')} || 668: export function NScroll({ children, style, pad=true, refreshControl }:{ children:ReactNode; style?:object; pad?:boolean; refreshControl?:any }) {	UNVERIFIED_BASELINE_ONLY	Require screen CTA→API/socket→handler/DB/state→payment/insurance→notification/result mapping; owner/stranger/unauth and negative/loading/empty/retry/cancel tests
src/components/OtpModal.tsx	pharmacy/orders	ui/screen	79: const submit = async () => { || 113: <TouchableOpacity onPress={onClose} style={{ padding: SP.sm, backgroundColor: theme.surface2, borderRadius: R.full }}> || 172: onPress={submit} || 176: <TouchableOpacity style={{ marginTop: SP.lg, alignItems: 'center' }} onPress={onResend} disabled={!onResend}> || 8: interface OtpModalProps { || 11: onVerify: (otp: string) => Promise<boolean>; || 17: const OTP_LEN = 6; || 19: export const OtpModal = ({ visible, onClose, onVerify, target, type = 'email', onResend }: OtpModalProps) => { || 24: const [otp, setOtp] = useState<string[]>(Array(OTP_LEN).fill('')); || 33: setOtp(Array(OTP_LEN).fill('')); || 42: const clean = digits.replace(/\D/g, '').slice(0, OTP_LEN - startIndex); || 44: setOtp(prev => { || 51: if (nextEmpty < OTP_LEN) inputs.current[nextEmpty]?.focus(); || 52: else inputs.current[OTP_LEN - 1]?.blur(); || 62: const newOtp = [...otp]; || 63: newOtp[index] = val; || 1: import React, { useState, useRef, useEffect } from 'react'; || 24: const [otp, setOtp] = useState<string[]>(Array(OTP_LEN).fill('')); || 25: const [loading, setLoading] = useState(false); || 26: const [error, setError] = useState(''); || 34: setError(''); || 49: setError(''); || 50: const nextEmpty = startIndex + clean.length; || 51: if (nextEmpty < OTP_LEN) inputs.current[nextEmpty]?.focus();	UNVERIFIED_BASELINE_ONLY	Require screen CTA→API/socket→handler/DB/state→payment/insurance→notification/result mapping; owner/stranger/unauth and negative/loading/empty/retry/cancel tests
src/components/icons.tsx	pharmacy/orders	ui/screen	65: upload: ['M21 15v4a2 2 0 01-2 2H5a2 2 0 01-2-2v-4','M17 8l-5-5-5 5','M12 3v12'], || 66: download: ['M21 15v4a2 2 0 01-2 2H5a2 2 0 01-2-2v-4','M7 10l5 5 5-5','M12 15V3'], || 90: logout: ['M9 21H5a2 2 0 01-2-2V5a2 2 0 012-2h4','M16 17l5-5-5-5','M21 12H9'], || 115: bookOpen: ['M2 3h6a4 4 0 014 4v14a3 3 0 00-3-3H2z','M22 3h-6a4 4 0 00-4 4v14a3 3 0 013-3h7z'], || 47: refresh: ['M23 4v6h-6','M1 20v-6h6','M3.51 9a9 9 0 0114.85-3.36L23 10M1 14l4.64 4.36A9 9 0 0020.49 15'], || 90: logout: ['M9 21H5a2 2 0 01-2-2V5a2 2 0 012-2h4','M16 17l5-5-5-5','M21 12H9'], || 44: // Status || 131: // ─── Aliases & previously-missing names (were rendering as empty boxes) ──── || 251: // ─── Status Dot ─────────────────────────────────────────────────────────────── || 252: export function StatusDot({ status, size = 10 }: { status: 'online'|'offline'|'busy'|'away'; size?: number }) { || 254: return <View style={{ width:size, height:size, borderRadius:size/2, backgroundColor:colors[status]??'#9E9E9E' }} />; || 259: rating, max = 5, size = 16, color = '#FFC107', emptyColor = '#E0E0E0', || 260: }: { rating: number; max?: number; size?: number; color?: string; emptyColor?: string }) { || 266: stroke={i < Math.floor(rating) ? color : emptyColor} || 32: wallet: ['M21 18V6a2 2 0 00-2-2H5a2 2 0 00-2 2v12a2 2 0 002 2h14a2 2 0 002-2z','M21 12h-5a2 2 0 000 4h5'], || 145: payments: ['M21 18V6a2 2 0 00-2-2H5a2 2 0 00-2 2v12a2 2 0 002 2h14a2 2 0 002-2z','M3 10h18','M7 15h4'], || 131: // ─── Aliases & previously-missing names (were rendering as empty boxes) ──── || 252: export function StatusDot({ status, size = 10 }: { status: 'online'|'offline'|'busy'|'away'; size?: number }) { || 253: const colors: Record<string, string> = { online:'#4CAF50', offline:'#9E9E9E', busy:'#F44336', away:'#FF9800' }; || 259: rating, max = 5, size = 16, color = '#FFC107', emptyColor = '#E0E0E0', || 260: }: { rating: number; max?: number; size?: number; color?: string; emptyColor?: string }) { || 266: stroke={i < Math.floor(rating) ? color : emptyColor}	UNVERIFIED_BASELINE_ONLY	Require screen CTA→API/socket→handler/DB/state→payment/insurance→notification/result mapping; owner/stranger/unauth and negative/loading/empty/retry/cancel tests
src/components/ContractModal.tsx	pharmacy/orders	ui/screen	53: <TouchableOpacity onPress={onClose} style={styles.closeBtn}> || 79: The Second Party acknowledges that all uploaded licenses and data are correct and valid, and bears full legal responsibility otherwise. || 116: onPress={async () => { || 6: import client from '../api/client'; || 1: import React, { useEffect, useState } from 'react'; || 20: const [policy, setPolicy] = useState<{ content: string; version: string } | null>(null); || 21: const [loadingPolicy, setLoadingPolicy] = useState(false); || 22: const [accepting, setAccepting] = useState(false); || 25: setLoadingPolicy(true); || 29: .finally(() => setLoadingPolicy(false)); || 58: {loadingPolicy && <ActivityIndicator color={theme.primary} style={{ marginVertical: SP.lg }} />} || 76: The Second Party (Service Provider) commits to providing all medical, laboratory, pharmaceutical, or nursing services according to the highest quality standards approved by the Ministry of Health. || 82: The service provider commits to responding to requests received via the platform within the specified time (depending on the service type), and updating the order status immediately upon execution. || 85: The Second Party agrees to the platform's commission rate which is deducted automatically from successful transactions. || 11: pricingDetails?: { labelAr: string; labelEn: string; price: string | number }[]; || 102: <Text style={{fontWeight: 'bold', color: theme.text}}>{item.price} {AR ? 'ر.س' : 'SAR'}</Text> || 21: const [loadingPolicy, setLoadingPolicy] = useState(false); || 25: setLoadingPolicy(true); || 28: .catch(() => {}) || 29: .finally(() => setLoadingPolicy(false)); || 58: {loadingPolicy && <ActivityIndicator color={theme.primary} style={{ marginVertical: SP.lg }} />} || 82: The service provider commits to responding to requests received via the platform within the specified time (depending on the service type), and updating the order status immediately upon execution. || 119: try { await client.post('/legal/accept/provider_agreement', {}); } catch {}	UNVERIFIED_BASELINE_ONLY	Require screen CTA→API/socket→handler/DB/state→payment/insurance→notification/result mapping; owner/stranger/unauth and negative/loading/empty/retry/cancel tests
src/components/SignatureCanvasModal.tsx	pharmacy/orders	ui/screen	"3: import SignatureScreen from 'react-native-signature-canvas'; || 43: <TouchableOpacity onPress={onClose} style={{ padding: SP.sm, backgroundColor: theme.surface2, borderRadius: R.full }}> || 49: <SignatureScreen || 69: onPress={handleClear} || 77: onPress={handleConfirm} || 72: <NIcon name=""refresh"" size={16} color={theme.textSub} /> || 52: onEmpty={() => { || 52: onEmpty={() => {"	UNVERIFIED_BASELINE_ONLY	Require screen CTA→API/socket→handler/DB/state→payment/insurance→notification/result mapping; owner/stranger/unauth and negative/loading/empty/retry/cancel tests
src/context/index.tsx	identity/session	client/state/service	187: login: (id: string, pass: string) => Promise<{ ok: boolean; err?: string }>; || 188: bioLogin: () => Promise<{ ok: boolean; err?: string }>; || 190: logout: () => Promise<void>; || 232: if (!refreshed) { await logout(); return; } || 290: const login = async (identifier: string, password: string): Promise<{ ok: boolean; err?: string }> => { || 291: const key = `login_${identifier}`; || 301: const res = await fetch(`${baseUrl}/provider/auth/login`, { || 314: Audit.log('login', true, { provider: u.providerType }); || 317: Audit.log('login_fail', false, { identifier }); || 325: const { success } = await LocalAuth.authenticateAsync({ promptMessage: 'Enable Biometric Login' }); || 334: const bioLogin = async (): Promise<{ ok: boolean; err?: string }> => { || 347: Audit.log('biometric_login', true); || 215: const isOnline = await fetch('https://1.1.1.1', { method: 'HEAD' }).then(() => true).catch(() => false); || 272: const baseUrl = customIp ? `http://${customIp}:8002/api/v1` : API_BASE; || 273: const res = await fetch(`${baseUrl}/provider/auth/refresh`, { || 300: const baseUrl = customIp ? `http://${customIp}:8002/api/v1` : API_BASE; || 301: const res = await fetch(`${baseUrl}/provider/auth/login`, { || 361: await fetch(`${API_BASE}/provider/auth/logout`, { method: 'POST', headers, body: JSON.stringify({ session_id: sessionId }) }); || 386: const res = await fetch(`${API_BASE}/provider/ops/availability/toggle-instant`, { || 415: </AuthCtx.Provider> || 432: <AuthProvider>{children}</AuthProvider> || 15: import { Vault, Tokens, SessionMgr, RateLimiter, Audit, SK, Validate, Biometric, buildHeaders, DeviceId } from '../security/Security'; || 183: subId?: string; role?: string; permissions?: string[]; || 187: login: (id: string, pass: string) => Promise<{ ok: boolean; err?: string }>;	UNVERIFIED_BASELINE_ONLY	Require screen CTA→API/socket→handler/DB/state→payment/insurance→notification/result mapping; owner/stranger/unauth and negative/loading/empty/retry/cancel tests
