archive	member_path	sha256	line_count	classification	semantic_status	action_contract_status
NabdProvider-provider.zip	src/api/catalogs.ts	7fa8eca5e18dee98bb50e4e9e8fb49d1b34b4729d3e270a9f1090b90e5701987	147	other	UNVERIFIED	UNVERIFIED
NabdProvider-provider.zip	src/api/client.ts	cae9211d607b7838f0b52f9a5ab0880bcb3ad05054f34673b03e37b9ce6ca6b6	52	other	UNVERIFIED	UNVERIFIED
NabdProvider-provider.zip	src/api/otp.ts	8d0cdd37a8b314585d6fc0f023e198d0dbdc96406f7e5054eded60ed686fbcea	27	other	UNVERIFIED	UNVERIFIED
NabdProvider-provider.zip	src/api/provider.ts	5f30f4ee002b6db4c49df03b2c174959ceb66012e2ce039591873f5c4b02a09b	102	other	UNVERIFIED	UNVERIFIED
NabdProvider-provider.zip	src/components/ContractModal.tsx	813beac15529a432a660f6563dea12274330f524b2be22db2225236bdc24be82	132	other	UNVERIFIED	UNVERIFIED
NabdProvider-provider.zip	src/components/LocationPickerModal.tsx	a9d77a05620215e0936d16968e29a1dc7bc574ead27f23a1e78fcfece894bc03	129	other	UNVERIFIED	UNVERIFIED
NabdProvider-provider.zip	src/components/OtpModal.tsx	ae0594d1da8ca4a460bbb580f793154f5437805aa18bf66814de24819e860921	185	other	UNVERIFIED	UNVERIFIED
NabdProvider-provider.zip	src/components/PlatformMap.native.tsx	e18899d4217e5482ae0dba0be9e23496166bfd1cc58abe98b9e6b005eac7f59e	1	other	UNVERIFIED	UNVERIFIED
NabdProvider-provider.zip	src/components/PlatformMap.tsx	e18899d4217e5482ae0dba0be9e23496166bfd1cc58abe98b9e6b005eac7f59e	1	other	UNVERIFIED	UNVERIFIED
NabdProvider-provider.zip	src/components/PlatformMap.web.tsx	b9f9afb97ed7cbf680f18b8f965dcafc464e06c9134568f2645b40d6ccec26ee	16	other	UNVERIFIED	UNVERIFIED
NabdProvider-provider.zip	src/components/SignatureCanvasModal.tsx	f111726c5cb4f64166dfcb7f78d53cf2c8aaa277a0c6465132c3c37788bd25be	89	other	UNVERIFIED	UNVERIFIED
NabdProvider-provider.zip	src/components/SuccessScreen.tsx	286e1bd78b57da86c1bd25490300ec42ecfcd23194ed6a4304d90cb8e50f4d88	55	other	UNVERIFIED	UNVERIFIED
NabdProvider-provider.zip	src/components/icons.tsx	fbc6ef58fecdb9d5a64953cb8ac84364e219f8371fa4b29d3d3f31bc159beab7	273	other	UNVERIFIED	UNVERIFIED
NabdProvider-provider.zip	src/components/ui.tsx	4d987e9f56bd3f88939f5e8b14ba604b8127a676d32f60f95113acf8112cd4ac	1379	other	UNVERIFIED	UNVERIFIED
NabdProvider-provider.zip	src/constants/index.ts	7c55b2ab1acfb565a7ad71046e451dd05024c7abfcbe18933029fe28f2328e2c	443	other	UNVERIFIED	UNVERIFIED
NabdProvider-provider.zip	src/context/index.tsx	3c288ab0a29efb1f9e8fefe4088224ea3c5d4ff8de5130308f44a6205130c42d	449	other	UNVERIFIED	UNVERIFIED
NabdProvider-provider.zip	src/polyfills.ts	9ef2a64dccbd655ab6367440f6130a64d9d3f92a80a47b3038397b71c6fce2f3	18	other	UNVERIFIED	UNVERIFIED
NabdProvider-provider.zip	src/screens/ambulance/AmbulanceDashboard.tsx	f678b853dbacc4d9173ebebaf2b70439ef26e6d89aab136e736f93bc7b7ade4e	461	screen-or-page	UNVERIFIED	UNVERIFIED
NabdProvider-provider.zip	src/screens/ambulance/AmbulanceRegistration.tsx	0f6ec165362c07179af6a911b96e871c5b9e076fb8c4244c14fa920ff3620870	257	screen-or-page	UNVERIFIED	UNVERIFIED
NabdProvider-provider.zip	src/screens/auth/AuthScreens.tsx	49231fcedae9b21cc156d69dd9e881c5191fdf5467350d2917dcbfddc908cefb	906	screen-or-page	UNVERIFIED	UNVERIFIED
NabdProvider-provider.zip	src/screens/auth/PendingDashboard.tsx	f78bd95065bf73eb8fce5c64bfb4dd0bf2bbdad78ca8cbff1b2710b8900ee244	137	screen-or-page	UNVERIFIED	UNVERIFIED
NabdProvider-provider.zip	src/screens/doctor/DoctorDashboard.tsx	2ed3b2b33a3cde7d365561778436b84abe237a5daccf5ca1a0c59335815944b0	4322	screen-or-page	UNVERIFIED	UNVERIFIED
NabdProvider-provider.zip	src/screens/doctor/DoctorOpsScreens.tsx	c3ef6c3722aa3d589011fef38a717a6fdc2d0d31edf5d3376811479588e76ca1	334	screen-or-page	UNVERIFIED	UNVERIFIED
NabdProvider-provider.zip	src/screens/doctor/DoctorRegistration.tsx	27a7093e1b6ecc2ee04a9acdcd0c83bd7b24c031707b54f3531c3465874bfce3	1129	screen-or-page	UNVERIFIED	UNVERIFIED
NabdProvider-provider.zip	src/screens/doctor/FacilityInvitationsScreen.tsx	836bb3256eb15cf102cda6643b563f654673546d550d211d3b05a8d2f4fea183	133	screen-or-page	UNVERIFIED	UNVERIFIED
NabdProvider-provider.zip	src/screens/doctor/components/DoctorHeader.tsx	2540d7329cc4614d440f93f3af1052a9e1cdaa80152bd3c34b51570aba7c04fa	79	screen-or-page	UNVERIFIED	UNVERIFIED
NabdProvider-provider.zip	src/screens/doctor/components/DoctorQueueList.tsx	8806a3bcf936200d982823411a0a9d7154e217b0d537c5ad44701f0a451ecd63	106	screen-or-page	UNVERIFIED	UNVERIFIED
NabdProvider-provider.zip	src/screens/doctor/components/DoctorStatsRow.tsx	9339a2b5a24a0186f4de4ce352b3dea1db289b96a127e8fc0d1981bcb5427df2	61	screen-or-page	UNVERIFIED	UNVERIFIED
NabdProvider-provider.zip	src/screens/doctor/components/DoctorUrgentRequests.tsx	b76547430d1b27230e84b9e0730154742179ba2a4f7e7ec9a4c46cf4c9cd09b4	108	screen-or-page	UNVERIFIED	UNVERIFIED
NabdProvider-provider.zip	src/screens/facility/DischargeSummaryScreen.tsx	d3b426c588120d3178ecd2c88320498b7511c923ac65a0a08c8d6a0e61ca899c	171	screen-or-page	UNVERIFIED	UNVERIFIED
NabdProvider-provider.zip	src/screens/facility/FacilityAnnouncementsScreen.tsx	8b6f09493f5b9b155c2dfb28a03ab3731a6a53722d05a93b6a026fd71fc8f5ae	98	screen-or-page	UNVERIFIED	UNVERIFIED
NabdProvider-provider.zip	src/screens/facility/FacilityAuditLogScreen.tsx	f4835e692c52ca8903496085615b4aac82b89aea9666e04f1077edd8e1f15c53	59	screen-or-page	UNVERIFIED	UNVERIFIED
NabdProvider-provider.zip	src/screens/facility/FacilityDashboard.tsx	2393908aee819d18dd0c62a0b1a6adf5f34383c4a966e6a143aa734ca71a12fb	2472	screen-or-page	UNVERIFIED	UNVERIFIED
NabdProvider-provider.zip	src/screens/facility/FacilityInternalChatScreen.tsx	e24674b2fa1cd28bf10c828ac5c62ae7d17e8fad8cb416a5f4a0f49f3ebec6c5	126	screen-or-page	UNVERIFIED	UNVERIFIED
NabdProvider-provider.zip	src/screens/facility/FacilityInvitationScreen.tsx	1c4a76f9bf2eb576ab3af0de8b9f388dd24e22e43b4166418d0d9923a9ee86a7	147	screen-or-page	UNVERIFIED	UNVERIFIED
NabdProvider-provider.zip	src/screens/facility/FacilityLeaveRequestsScreen.tsx	0185d7bf6ae37fe566b60774b50e32c80d8eaf82916dd61ce2836648ae7ee562	105	screen-or-page	UNVERIFIED	UNVERIFIED
NabdProvider-provider.zip	src/screens/facility/FacilityPatientTrackerScreen.tsx	c4e2a3ed2e91ac53d2f88b142c4af55a8b1448b80818ff09bfe159377bd0eebb	79	screen-or-page	UNVERIFIED	UNVERIFIED
NabdProvider-provider.zip	src/screens/facility/FacilityProfileConfigScreen.tsx	ca2f44fbe4b882edcb7065499fa321b9ec31b34e85e8549fadfc2a5de7662e73	120	screen-or-page	UNVERIFIED	UNVERIFIED
NabdProvider-provider.zip	src/screens/facility/FacilityRegistration.tsx	af9cef5840c337b0f249438899b1347fbdc887ce35338c0e9135a06a44f6c4bb	1176	screen-or-page	UNVERIFIED	UNVERIFIED
NabdProvider-provider.zip	src/screens/facility/FacilityResourcesScreen.tsx	0b3239a7b6336724d9f1f9d5ecaa52d1984dc8dbe075797ad0df4f893a088bd2	150	screen-or-page	UNVERIFIED	UNVERIFIED
NabdProvider-provider.zip	src/screens/facility/FacilityUnifiedCalendarScreen.tsx	725394aa34f8fa086355cf44f4e2defb5d0f37e922683604241e3d4f1830eca7	58	screen-or-page	UNVERIFIED	UNVERIFIED
NabdProvider-provider.zip	src/screens/lab/LabDashboard.tsx	5598067bbd62c85020ff35de7804fefb6d444f48cc6fa01bb60da0809ca9f55f	1611	screen-or-page	UNVERIFIED	UNVERIFIED
NabdProvider-provider.zip	src/screens/lab/LabQcActions.tsx	3afeb4a1d19d5cd5b7b75fbb2c502a1872e9d0f7f3d2693c9cce6be86a1285f7	158	screen-or-page	UNVERIFIED	UNVERIFIED
NabdProvider-provider.zip	src/screens/lab/LabRegistration.tsx	57b60ff59e885e842e71cb7de47bb6d50412c24da23c3510ed03d8e92461b4bb	1858	screen-or-page	UNVERIFIED	UNVERIFIED
NabdProvider-provider.zip	src/screens/nursing/NursingDashboard.tsx	0a11beb69e3d47f5cecf65095aabd329d5c66315ba66f865cfb22c997e72194d	1722	screen-or-page	UNVERIFIED	UNVERIFIED
NabdProvider-provider.zip	src/screens/nursing/NursingFieldOps.tsx	54e0b309678416542033816ef0a2b427bf23d96b30eeec2b13d03069c92d931a	317	screen-or-page	UNVERIFIED	UNVERIFIED
NabdProvider-provider.zip	src/screens/nursing/NursingRegistration.tsx	ad140044fe6dcd23996b0657d22202fa5cf86129d99499e9f61adb419f4f7538	1041	screen-or-page	UNVERIFIED	UNVERIFIED
NabdProvider-provider.zip	src/screens/pharmacy/PharmacyDashboard.tsx	f0cbf70dac1ee4183f84080b039f783c553ad5a0fdee2811dac3e459750d6130	1755	screen-or-page	UNVERIFIED	UNVERIFIED
NabdProvider-provider.zip	src/screens/pharmacy/PharmacyRegistration.tsx	0b55cd3ab0e2f82aeaea23ebbb1a7a6d5b0c5eebbcb8b53bb12201da9056c744	954	screen-or-page	UNVERIFIED	UNVERIFIED
NabdProvider-provider.zip	src/screens/radiology/RadiologyDashboard.tsx	0d3e8c647db4a8c184f467fbf23ea24b23ab292e05bc4e04cc1dd1fb140de85f	563	screen-or-page	UNVERIFIED	UNVERIFIED
NabdProvider-provider.zip	src/screens/radiology/RadiologyRegistration.tsx	c4dbe730524ee2230ccc49df48e6a5887af0a1e26fb1e99d38bd64e4a56fbdcb	1858	screen-or-page	UNVERIFIED	UNVERIFIED
NabdProvider-provider.zip	src/screens/shared/BlueprintScreens.tsx	f0684e7e1e24dccb0991c144e48c203843fd5d98eea514db6f2097838a5b8875	1408	screen-or-page	UNVERIFIED	UNVERIFIED
NabdProvider-provider.zip	src/screens/shared/FleetScreen.tsx	312f31308df6804fe7ab90af6ff91c383cd23d9e848d9ba79f28872df3e490b8	201	screen-or-page	UNVERIFIED	UNVERIFIED
NabdProvider-provider.zip	src/screens/shared/InsuranceRequestsScreen.tsx	ac809655973b76f48db7f6da1f69cf896860e4f545470e55dcb62f1ac86aae98	284	screen-or-page	UNVERIFIED	UNVERIFIED
NabdProvider-provider.zip	src/screens/shared/LiveKitRoomProvider.tsx	3a63053a168797a4f4f2ad3c6ca676ba9d8187ce651a1ca978dd46bafa7f26b6	79	screen-or-page	UNVERIFIED	UNVERIFIED
NabdProvider-provider.zip	src/screens/shared/PharmacyChatResponder.tsx	d7cd494ff03b93f67db0a310c09c508a074e899ebd6ee56ab670530ff8d98777	102	screen-or-page	UNVERIFIED	UNVERIFIED
NabdProvider-provider.zip	src/screens/shared/ProviderHome.tsx	c67cf757045bf0320048a20b4ddb3a758df9ae368c4feb986fd28b6e2d3beeb8	88	screen-or-page	UNVERIFIED	UNVERIFIED
NabdProvider-provider.zip	src/screens/shared/RealScreens.tsx	9b925666429223807ecd50bf6f36597016939cb7176b432fb43a15b617fcb431	410	screen-or-page	UNVERIFIED	UNVERIFIED
NabdProvider-provider.zip	src/screens/shared/RealScreensExtended.tsx	05a03ac4b21bbdc1a080d97e392581ceca97e68968fd3df76f415e16605fb408	507	screen-or-page	UNVERIFIED	UNVERIFIED
NabdProvider-provider.zip	src/screens/shared/RegistrationSuccess.tsx	0027df5ba2cc3849acdce143e6eba90fc16f12ba68bcc1c557da23f3a965ad7b	181	screen-or-page	UNVERIFIED	UNVERIFIED
NabdProvider-provider.zip	src/screens/shared/SharedScreens.tsx	38b739bf782fbcd618ddb2d9b7fdf4be627b420eba1b3ec2eff9658cf0024183	3097	screen-or-page	UNVERIFIED	UNVERIFIED
NabdProvider-provider.zip	src/screens/shared/VideoCallRoom.tsx	4b8518590d971c3fb3a18a77fa5de23d12084d55e7f8edd97d235b5a6a4e6ad6	252	screen-or-page	UNVERIFIED	UNVERIFIED
NabdProvider-provider.zip	src/security/Security.ts	2576de645b881d82931a48b78bba3b18c5699cea94447955c9e04fc0c5788d8b	327	other	UNVERIFIED	UNVERIFIED
NabdProvider-provider.zip	src/services/HttpClient.ts	a37d90412435872af44051935bd1e3943e87a26a584f1056c06a9b0db2dff805	29	service	UNVERIFIED	UNVERIFIED
NabdProvider-provider.zip	src/services/NotificationService.ts	356067cbc33ae0d0796bb9dd337c4ba4f2ee24a16f820f82052892f2a9b4f720	6	service	UNVERIFIED	UNVERIFIED
NabdProvider-provider.zip	src/types/FacilityTypes.ts	d013ef6236265c7da5ea1e66910c2b227c4cc6e9ea77f9d1b8a100318c3ad0ba	72	other	UNVERIFIED	UNVERIFIED
NabdProvider-provider.zip	src/types/contracts.ts	338ba19890e5a44b912c3fb4dac0a2411b338f185ff31327a412d2cdc7f5ef56	216	other	UNVERIFIED	UNVERIFIED
NabdProvider-provider.zip	src/utils/PushNotifications.ts	3bd07a15a69daa856b4215f17b1a54bbb9b373b864c02880c8db762a156bca13	48	other	UNVERIFIED	UNVERIFIED
NabdProvider-provider.zip	src/utils/api.ts	cffa2b2e4503d337bad609f9c083848019d8d4dee9a041b2cf8a975dfc995113	24	other	UNVERIFIED	UNVERIFIED
NabdProvider-provider.zip	src/utils/dates.ts	862a9ca97012f04dec934dafeb2485d53272420720a0e6b76d0755fb3556cade	21	other	UNVERIFIED	UNVERIFIED
NabdProvider-provider.zip	src/utils/imageUrl.ts	8110d355406eb2d82ed01a8109c5cbd46b3a4b3dfbbdb5de5cc7ee51d70fa829	43	other	UNVERIFIED	UNVERIFIED
NabdProvider-provider.zip	src/utils/notifications.ts	c9db5a26cbf781bcd26b41f0dc523469d054b7c4dd4c76c5c8b38a2de2662854	145	other	UNVERIFIED	UNVERIFIED
nabd-patient-web.zip	app/[locale]/appointments/[appointmentId]/appointment-detail.module.css	26207776f9441c3b46ae0ef7dd2f233cecb18041231c75e837bb377fdf40b01c	29	screen-or-page	UNVERIFIED	UNVERIFIED
nabd-patient-web.zip	app/[locale]/appointments/[appointmentId]/page.tsx	418eb47b4de91c87fb91106f4170d4e4ff88199ef3a397308bd35731fa718051	44	screen-or-page	UNVERIFIED	UNVERIFIED
nabd-patient-web.zip	app/[locale]/appointments/appointments-ssr.test.ts	a5906aaf05ce865d3cae10c0c115f63859512d37932a1f8cd441531088b71692	68	screen-or-page	UNVERIFIED	UNVERIFIED
nabd-patient-web.zip	app/[locale]/appointments/appointments.module.css	5d3df816447d22c923608d15b630f7b9e3fa168f2063de09fab8d88be6ecaaad	151	screen-or-page	UNVERIFIED	UNVERIFIED
nabd-patient-web.zip	app/[locale]/appointments/page.tsx	7b1a09373e4445d94dcc58467056cc4ca3601c7cc30266c4c24a4bc8b38a2792	43	screen-or-page	UNVERIFIED	UNVERIFIED
nabd-patient-web.zip	app/[locale]/articles/[slug]/page.tsx	6891bdb73512bc1d5ef6cddc24113ab95930d6fee771bc28ba4ec53f713b59ca	11	screen-or-page	UNVERIFIED	UNVERIFIED
nabd-patient-web.zip	app/[locale]/articles/articles.module.css	e03d921a0f2bb599bdb39c7df7bc9780b301273dcc85ca8173f0fbc094e8cb96	36	screen-or-page	UNVERIFIED	UNVERIFIED
nabd-patient-web.zip	app/[locale]/articles/bookmarks/page.tsx	661b44e7c0da0025083be561409c4d8698d9d817aac24e3987b047047b7b6fa4	12	screen-or-page	UNVERIFIED	UNVERIFIED
nabd-patient-web.zip	app/[locale]/articles/page.tsx	c079fdde4ec96f25eb5264fbdff7b2b665a466f9baf58be80048613d8da7b06e	11	screen-or-page	UNVERIFIED	UNVERIFIED
nabd-patient-web.zip	app/[locale]/cart/cart-ssr.test.ts	afbaf747d83841fbbd13d9ece3c1053704490241e702ae93175ec5f5654845b9	45	screen-or-page	UNVERIFIED	UNVERIFIED
nabd-patient-web.zip	app/[locale]/cart/cart.module.css	a1465e28fd18b73edf10d0cc0057ba78e26d31e63068902540d732585c64bfa2	37	screen-or-page	UNVERIFIED	UNVERIFIED
nabd-patient-web.zip	app/[locale]/cart/checkout/page.tsx	1da01825d6868b6471d09c2b07d91ca12351f655a01cdd42e7bbb5d599ad5e1a	34	screen-or-page	UNVERIFIED	UNVERIFIED
nabd-patient-web.zip	app/[locale]/cart/page.tsx	836c660d9ad8a9895eb8f7c2f454ccdafd277ee571098c025cd98124cd1b27c0	34	screen-or-page	UNVERIFIED	UNVERIFIED
nabd-patient-web.zip	app/[locale]/cart/prescription/page.tsx	08a637335b65f084562babf5cf2bbfc5d193401816c55f157358f2a9d6ef2da5	31	screen-or-page	UNVERIFIED	UNVERIFIED
nabd-patient-web.zip	app/[locale]/chat/[threadId]/page.tsx	8b6b3c67d20fd8beb81ad2393b26fc5807087bdab39c54deb403b04a44cdedac	12	screen-or-page	UNVERIFIED	UNVERIFIED
nabd-patient-web.zip	app/[locale]/chat/chat-ssr.test.ts	6ca2a8b1e0b7512af5fd3bc84f819a1115ceafd1af0cbb1c40b66c10155c9e72	34	screen-or-page	UNVERIFIED	UNVERIFIED
nabd-patient-web.zip	app/[locale]/chat/chat.module.css	20114c0f28995eefabd1498ad8934e3cd48336889dc2fc2902c6318566bdd02d	5	screen-or-page	UNVERIFIED	UNVERIFIED
nabd-patient-web.zip	app/[locale]/chat/page.tsx	71de2d8368ad8c221403b1f8e0ad77ddc5f94f342bba3f197a88e0767991eed8	41	screen-or-page	UNVERIFIED	UNVERIFIED
nabd-patient-web.zip	app/[locale]/consultations/doctors/[doctorId]/page.tsx	f4bd02360d591462dafb7e3c57708564e4bdccc46dc9bd928c761e1aa9454cbd	22	screen-or-page	UNVERIFIED	UNVERIFIED
nabd-patient-web.zip	app/[locale]/consultations/doctors/doctors-ssr.test.ts	2e27b50dac3932db5029a9f3f737397c2125d9644263418476f05246ecb9b31f	3	screen-or-page	UNVERIFIED	UNVERIFIED
nabd-patient-web.zip	app/[locale]/consultations/doctors/doctors.module.css	10e1f58bbde1aac3efb84517e148a3e908dedb8dedcc29e7c6982de25430859b	3	screen-or-page	UNVERIFIED	UNVERIFIED
nabd-patient-web.zip	app/[locale]/consultations/doctors/page.tsx	f7e6036268412347512966c7aad748a72b21c57c2cb4ab2bac5a7bea1a300010	18	screen-or-page	UNVERIFIED	UNVERIFIED
nabd-patient-web.zip	app/[locale]/consultations/specialties/page.tsx	9f80b2a2a3911aea7cd930c82ec8d38fab6e536d98a941e35c28347f41c0bdd2	34	screen-or-page	UNVERIFIED	UNVERIFIED
nabd-patient-web.zip	app/[locale]/consultations/specialties/specialties-ssr.test.ts	277e407ee4af45c60e7b74f8f1151f1e7f0de6530c2fe9e85cdcd0fe15d43548	30	screen-or-page	UNVERIFIED	UNVERIFIED
nabd-patient-web.zip	app/[locale]/consultations/specialties/specialties.module.css	1b7c9667a1cdd67acdbbf64fc41d158e2c24e412dccedb01f0cd9cf8fd15f25c	23	screen-or-page	UNVERIFIED	UNVERIFIED
nabd-patient-web.zip	app/[locale]/dashboard/dashboard-page.test.ts	932f07c6fc824edb3a0a822ae63a49d639223daaf51d43d04bea2dd8215e01fc	9	screen-or-page	UNVERIFIED	UNVERIFIED
nabd-patient-web.zip	app/[locale]/dashboard/dashboard-ssr.test.ts	aaabe406218d6c2265a472e273f0124e848ed7bf1395f848226ee866f2d30159	37	screen-or-page	UNVERIFIED	UNVERIFIED
nabd-patient-web.zip	app/[locale]/dashboard/dashboard.module.css	4dad3d924fd9b2be0e5b1945e0e04615476bb9d1402f8ac7666dea02b006279a	42	screen-or-page	UNVERIFIED	UNVERIFIED
nabd-patient-web.zip	app/[locale]/dashboard/loading.tsx	7e96483ce2656f2817a1feabaf76238549024d789b001215b473bee3de335d2d	2	screen-or-page	UNVERIFIED	UNVERIFIED
nabd-patient-web.zip	app/[locale]/dashboard/page.tsx	06015f1009086723ad4f7f5c8aaeb5148d4b6a07e093ac0e215b8f5d63b27c85	76	screen-or-page	UNVERIFIED	UNVERIFIED
nabd-patient-web.zip	app/[locale]/diagnostics/[domain]/[bookingId]/diagnostic-detail.module.css	26207776f9441c3b46ae0ef7dd2f233cecb18041231c75e837bb377fdf40b01c	29	screen-or-page	UNVERIFIED	UNVERIFIED
nabd-patient-web.zip	app/[locale]/diagnostics/[domain]/[bookingId]/page.tsx	a31a1a0ab65c00d86242f96d1816948cff4aeca754f208e852ede28ef4f1c815	40	screen-or-page	UNVERIFIED	UNVERIFIED
nabd-patient-web.zip	app/[locale]/diagnostics/diagnostics-ssr.test.ts	32f350c714335c345a5489683346309fa382c81235dd5ad13ddb9a01eb78269b	54	screen-or-page	UNVERIFIED	UNVERIFIED
nabd-patient-web.zip	app/[locale]/diagnostics/diagnostics.module.css	8feeba76cd1f75e3e75107d75268bd4ab808ea5f98d6307a401bf7d3b1dc370b	64	screen-or-page	UNVERIFIED	UNVERIFIED
nabd-patient-web.zip	app/[locale]/diagnostics/labs/labs-ssr.test.ts	ed81c3752ab452d5f1e5e25ef09808da46d2d86a3fe080f9145c6eb1a52b1430	31	screen-or-page	UNVERIFIED	UNVERIFIED
nabd-patient-web.zip	app/[locale]/diagnostics/labs/labs.module.css	d62cfe9ca8903265889a54e3ed68100cdbb41b0fcd083eecf74a0fe4d5e98dac	47	screen-or-page	UNVERIFIED	UNVERIFIED
nabd-patient-web.zip	app/[locale]/diagnostics/labs/page.tsx	f82abd97031612cb0c5d72440288963539dcc1587baa9857e7f2d21c7418cc0d	27	screen-or-page	UNVERIFIED	UNVERIFIED
nabd-patient-web.zip	app/[locale]/diagnostics/packages/[packageId]/page.tsx	12614ddcbf0c039f8c61141c539cf8166e31b62f34402f01c1af991a990a2322	41	screen-or-page	UNVERIFIED	UNVERIFIED
nabd-patient-web.zip	app/[locale]/diagnostics/packages/labs-packages-ssr.test.ts	875645bdea0e39a2fbabfbfafdcc4dd75f30c9cc9cc31c4c721355aca5ad6ab4	41	screen-or-page	UNVERIFIED	UNVERIFIED
nabd-patient-web.zip	app/[locale]/diagnostics/packages/page.tsx	cc9dc294fb33b4ddc6dc2ce86294eedb785c317a27167af198415b4b72bc4658	27	screen-or-page	UNVERIFIED	UNVERIFIED
nabd-patient-web.zip	app/[locale]/diagnostics/page.tsx	6269a4a7fae430aca15dcd785f9a9ea10a3c1dafe6693ba3261a2d250dc8b8aa	48	screen-or-page	UNVERIFIED	UNVERIFIED
nabd-patient-web.zip	app/[locale]/diagnostics/radiology/page.tsx	bb165d0e9c70608913104eac2be5cecc5f18cfc1778063e9ec78d29474a49857	22	screen-or-page	UNVERIFIED	UNVERIFIED
nabd-patient-web.zip	app/[locale]/diagnostics/radiology/radiology-ssr.test.ts	2ce96baa60859acb228e364a99149b7c0e8569a5d17aac1816f024f45ac8e8ad	13	screen-or-page	UNVERIFIED	UNVERIFIED
nabd-patient-web.zip	app/[locale]/error.tsx	d6c82a56d9a56e932d9cbd83cd5a0e3255195c0db5fbda4c8117976e168535e4	10	screen-or-page	UNVERIFIED	UNVERIFIED
nabd-patient-web.zip	app/[locale]/family/family-ssr.test.ts	4d2a5222fee9c4d832301e409fd544965f7e1c839eafbc8edd1c66879e58a6b8	33	screen-or-page	UNVERIFIED	UNVERIFIED
nabd-patient-web.zip	app/[locale]/family/family.module.css	dd5e2063b9b00c15774198c570bf06697806c5fa6890aabc3f149d3c8d4b05f4	28	screen-or-page	UNVERIFIED	UNVERIFIED
nabd-patient-web.zip	app/[locale]/family/page.tsx	fa83666c9890f4489e426a1c8bfe293e545b736082e2511be2eed97d51f7dfed	45	screen-or-page	UNVERIFIED	UNVERIFIED
nabd-patient-web.zip	app/[locale]/health/chronic-diseases/page.tsx	a21440787cee24f1ad27cf1adc8d426774d9822443726d7b10bfde0a50270a18	12	screen-or-page	UNVERIFIED	UNVERIFIED
nabd-patient-web.zip	app/[locale]/health/chronic-medications/page.tsx	7a2714110230c55ef22e47ad2e5663033b7f2c7be310ea964b7e3cfa46ab74a9	12	screen-or-page	UNVERIFIED	UNVERIFIED
nabd-patient-web.zip	app/[locale]/health/emergency-contacts/page.tsx	24e166a5d90ab661194fd0ec71f3d313fb113434a2ea86687877ee201ce7fe1c	12	screen-or-page	UNVERIFIED	UNVERIFIED
nabd-patient-web.zip	app/[locale]/health/health-ssr.test.ts	dad4c31000f77325cd410e28c2f67bf68f87cea34b6e3e481da006628fb6143b	46	screen-or-page	UNVERIFIED	UNVERIFIED
nabd-patient-web.zip	app/[locale]/health/health.module.css	c718b0e1347448e11df7b4057930595d91016ab28cc5202bf2ab45c726cc5447	33	screen-or-page	UNVERIFIED	UNVERIFIED
nabd-patient-web.zip	app/[locale]/health/page.tsx	7a25927267f37ca087b307ce07d740c1281a62ec708d10793fee40da3d462aea	50	screen-or-page	UNVERIFIED	UNVERIFIED
nabd-patient-web.zip	app/[locale]/health/reports/page.tsx	58b3159bf40d8a1ebc1c7496bbe3ad243ad5464161c800051f0be69de19690ca	10	screen-or-page	UNVERIFIED	UNVERIFIED
nabd-patient-web.zip	app/[locale]/health/score/page.tsx	01b68a1605e04c22a592aac9978c3f78435410854275fcf1e59aac7fc21a3824	20	screen-or-page	UNVERIFIED	UNVERIFIED
nabd-patient-web.zip	app/[locale]/health/sleep/page.tsx	d53db078acb3737adffa8d2660e32c8689dceed01603f472c989aa3fd967348a	12	screen-or-page	UNVERIFIED	UNVERIFIED
nabd-patient-web.zip	app/[locale]/health/trends/page.tsx	f87a2cd9d72a40f20c4a7d9625b7f17d846d8e96714a4791a905926b39dea698	13	screen-or-page	UNVERIFIED	UNVERIFIED
nabd-patient-web.zip	app/[locale]/health/vitals/page.tsx	75f595cfd5166c91c4d570791945fde8d73857b7617b38f444cbce474cd1b312	12	screen-or-page	UNVERIFIED	UNVERIFIED
nabd-patient-web.zip	app/[locale]/home-care/home-care-ssr.test.ts	69a807921c1f955f0fc6c20d5a4b0216eef9aa57518d679b8b82ac950a9f053f	35	screen-or-page	UNVERIFIED	UNVERIFIED
nabd-patient-web.zip	app/[locale]/home-care/home-care.module.css	6379a06ddff234d1b4d38630c77bbd9a1e9c882b9c59dc69c9cd0cb7a14f6580	45	screen-or-page	UNVERIFIED	UNVERIFIED
nabd-patient-web.zip	app/[locale]/home-care/page.tsx	3a0fc2d03e52b58d35a8947143e2ca268560709a3cb0e97a3241270648a9383a	46	screen-or-page	UNVERIFIED	UNVERIFIED
nabd-patient-web.zip	app/[locale]/home-care/services/[serviceId]/page.tsx	1e83c4bc3b8de9afd44f592838704b87ee96f70683dafdd2c71e9193e95e616d	19	screen-or-page	UNVERIFIED	UNVERIFIED
nabd-patient-web.zip	app/[locale]/home-care/services/page.tsx	f89f85c8d5f2b8d2e27d1c013adc3306b71cac2bc73bd3c731c9e59b04d4f672	23	screen-or-page	UNVERIFIED	UNVERIFIED
nabd-patient-web.zip	app/[locale]/home-care/services/services-ssr.test.ts	a282039caa459d895ffbda4cc87ee86807b1acb931f6c1a1dc6ed1e531433889	14	screen-or-page	UNVERIFIED	UNVERIFIED
nabd-patient-web.zip	app/[locale]/home-care/services/services.module.css	957ea028ca6fb129dfcc481788ff8bdf84a4726fbd1b0678db947bbfd955c371	25	screen-or-page	UNVERIFIED	UNVERIFIED
nabd-patient-web.zip	app/[locale]/insurance/insurance.module.css	96b7a9564333ffd06e7ee8367192c2b28f3f546340fa1698dbcd9ff98ea9a12a	25	screen-or-page	UNVERIFIED	UNVERIFIED
nabd-patient-web.zip	app/[locale]/insurance/page.tsx	e6db9e732ddfab6dabf12e1e5b5dcef00bd9252fb9d5b9ae1757ab310ddc7ab6	39	screen-or-page	UNVERIFIED	UNVERIFIED
nabd-patient-web.zip	app/[locale]/layout.tsx	bc30470308c5a43c7e8c134080b2c8ec9718aed4d008438dfee0c11488408c2e	15	screen-or-page	UNVERIFIED	UNVERIFIED
nabd-patient-web.zip	app/[locale]/loading.tsx	022237cf837a09b648bf3ce1afbbaa48414b078827cfa412a9a790135385852d	8	screen-or-page	UNVERIFIED	UNVERIFIED
nabd-patient-web.zip	app/[locale]/login/login.module.css	cb9ce232b0d6cf894736462c18200023c247e58015b8513efc31720e5622fdb7	87	screen-or-page	UNVERIFIED	UNVERIFIED
nabd-patient-web.zip	app/[locale]/login/page.tsx	4f25597af542bfd065e8038efaf4730a4344fae6dbaaee56466064f467a8a1f2	10	screen-or-page	UNVERIFIED	UNVERIFIED
nabd-patient-web.zip	app/[locale]/medicine-catalog/medicine-catalog-ssr.test.ts	37ec3295d9bdd0f01e774299054d2e8d24eeccff63c006cea348f184fa2d07f6	52	screen-or-page	UNVERIFIED	UNVERIFIED
nabd-patient-web.zip	app/[locale]/medicine-catalog/medicine-catalog.module.css	2884e09eb0cbc34eda9d868fed19b92170c86297e6f892e83b399dc3546b825c	36	screen-or-page	UNVERIFIED	UNVERIFIED
nabd-patient-web.zip	app/[locale]/medicine-catalog/page.tsx	3eb6ab43642c6bf97f25be65f7edad3a9403dd3671aefd10c6256340cf9e0be6	45	screen-or-page	UNVERIFIED	UNVERIFIED
nabd-patient-web.zip	app/[locale]/medicines/[medicineId]/medicine-detail-public-ssr.test.ts	e54b757d1846f5d74fe9a1ba8754ed6abd2bbf05173a5967b9714f694da4c413	64	screen-or-page	UNVERIFIED	UNVERIFIED
nabd-patient-web.zip	app/[locale]/medicines/[medicineId]/medicine-detail.module.css	b1cf0b639e0801ccc89d73da3c947e96e3e0a0cc744ef39db1c105f9fbae0a4e	28	screen-or-page	UNVERIFIED	UNVERIFIED
nabd-patient-web.zip	app/[locale]/medicines/[medicineId]/page.tsx	fb1e417c5df26436443807f5d1687e107fdc0600ddb84597c1fec7ce66ab5500	65	screen-or-page	UNVERIFIED	UNVERIFIED
nabd-patient-web.zip	app/[locale]/medicines/medicines-ssr.test.ts	db885246617595884c44e6f6c4cfdb495c45de62c2d627192cef08e909dfeeb7	52	screen-or-page	UNVERIFIED	UNVERIFIED
nabd-patient-web.zip	app/[locale]/medicines/page.tsx	9791aadc7b7bb46bccc524f4ced9676679f47aa6e82cfdb74549bcce5c319b11	54	screen-or-page	UNVERIFIED	UNVERIFIED
nabd-patient-web.zip	app/[locale]/mental-health/breathing/page.tsx	8b77dd5acc5823bc99ea13d7cea448b345155ec2ae99dbaef12aa163b920057b	12	screen-or-page	UNVERIFIED	UNVERIFIED
nabd-patient-web.zip	app/[locale]/mental-health/crisis-contacts/page.tsx	9a60a97c9f322528a9ef8ca43d3d53904d38a0ca31bfd5f7ca66ddc565b90bca	12	screen-or-page	UNVERIFIED	UNVERIFIED
nabd-patient-web.zip	app/[locale]/mental-health/meditation/page.tsx	a6ac3b1c45e4021ec8eff4cf9553c9961570f2615da8c688a858cb876bd14327	12	screen-or-page	UNVERIFIED	UNVERIFIED
nabd-patient-web.zip	app/[locale]/mental-health/mental-health.module.css	99b16f733358dc02067689f53cd94849fc37b454879e1b07141a6da84da38a39	23	screen-or-page	UNVERIFIED	UNVERIFIED
nabd-patient-web.zip	app/[locale]/mental-health/mood/page.tsx	e80be3733662478fd4b58a3fce1eefb7c64be5435dc6f3f4463c8ce3e6521aac	12	screen-or-page	UNVERIFIED	UNVERIFIED
nabd-patient-web.zip	app/[locale]/mental-health/page.tsx	1c4ad91b59aa1028cb974de85574513a252e7808ee25539333f231a8757132dc	11	screen-or-page	UNVERIFIED	UNVERIFIED
nabd-patient-web.zip	app/[locale]/metadata-indexing.test.ts	93517f7533f32c1ecf50dd6f95c0a8d7ad0d500074a165448dd47773d79d852b	22	screen-or-page	UNVERIFIED	UNVERIFIED
nabd-patient-web.zip	app/[locale]/not-found.test.tsx	e06e848c619be0bd11dbe9e8a6b032ed90cae3488df32e1087143f33cdd08780	34	screen-or-page	UNVERIFIED	UNVERIFIED
nabd-patient-web.zip	app/[locale]/not-found.tsx	fb9e03f2b81a7e5530ab97607840d7e122ae1f2e0a35ff1d8ac98b0e1e23058e	16	screen-or-page	UNVERIFIED	UNVERIFIED
nabd-patient-web.zip	app/[locale]/notifications/notifications-ssr.test.ts	d5079f3a1cef945d081d7d7ff701825ee06e37d421404308119c2064c22fdff0	38	screen-or-page	UNVERIFIED	UNVERIFIED
nabd-patient-web.zip	app/[locale]/notifications/notifications.module.css	29b5a5cce10461019ce463b4e57810ea6f9ee27cfc493f59b56fe5c066eca525	32	screen-or-page	UNVERIFIED	UNVERIFIED
nabd-patient-web.zip	app/[locale]/notifications/page.tsx	6ba87756f352753d95ec3c78a682d25658daff4fbd495d7cfd7f19ef27330379	26	screen-or-page	UNVERIFIED	UNVERIFIED
nabd-patient-web.zip	app/[locale]/notifications/settings/page.tsx	d4c0b0234e6ad8c6b97b558685d8c8d4b731f5691bcddeec4892cc5092ea2bcf	32	screen-or-page	UNVERIFIED	UNVERIFIED
nabd-patient-web.zip	app/[locale]/notifications/settings/settings.module.css	eb8d8a4833e9957e11e6534f47cfcbdeb99abaf295850f9f3dd3ee95815f7ac3	23	screen-or-page	UNVERIFIED	UNVERIFIED
nabd-patient-web.zip	app/[locale]/orders/[orderId]/order-detail.module.css	26207776f9441c3b46ae0ef7dd2f233cecb18041231c75e837bb377fdf40b01c	29	screen-or-page	UNVERIFIED	UNVERIFIED
nabd-patient-web.zip	app/[locale]/orders/[orderId]/page.tsx	1d90c3b4f7c7e3ca4ba89d8fea0c5c6d548a0751c804d47298cf99b7a31dd9bd	43	screen-or-page	UNVERIFIED	UNVERIFIED
nabd-patient-web.zip	app/[locale]/orders/[orderId]/tracking/page.tsx	36151e2f5485cb3bbb5c4eb3075e53c8fdc43ef042fe6dee444d338e07eb824b	45	screen-or-page	UNVERIFIED	UNVERIFIED
nabd-patient-web.zip	app/[locale]/orders/orders-ssr.test.ts	86254d2f00f79c73517f63d7ddf72b66e1dcf0d54aab2cedae9a68cc5f912a9e	20	screen-or-page	UNVERIFIED	UNVERIFIED
nabd-patient-web.zip	app/[locale]/orders/orders.module.css	1bf363d5612133e350145ab460b0fb50cc7a9be4fb349606d76a1d66599540ac	35	screen-or-page	UNVERIFIED	UNVERIFIED
nabd-patient-web.zip	app/[locale]/orders/page.tsx	7ee0d21d7058dd02be070a1e698059f6caed554ee6b76139a46fa8c8ab3974b6	41	screen-or-page	UNVERIFIED	UNVERIFIED
nabd-patient-web.zip	app/[locale]/page.metadata.test.ts	b1242449239ca165dc8501ab73e3458de1223dd35c8a4852e0dc0a3489707b71	28	screen-or-page	UNVERIFIED	UNVERIFIED
nabd-patient-web.zip	app/[locale]/page.tsx	7a97ff0734319af803e9640c64ff82caa8228bb0a376a94e496be25b919eaa82	11	screen-or-page	UNVERIFIED	UNVERIFIED
nabd-patient-web.zip	app/[locale]/prescriptions/[prescriptionId]/page.tsx	a5ca4b7cfd0dc99ac5ba410adb297bdf61bfecdd3676433ca7995d44edc64c6d	26	screen-or-page	UNVERIFIED	UNVERIFIED
nabd-patient-web.zip	app/[locale]/prescriptions/page.tsx	d4ed3d36bd529b0c331e085c07abc4df0ac475e0615363b80a1d99fb95b6a833	44	screen-or-page	UNVERIFIED	UNVERIFIED
nabd-patient-web.zip	app/[locale]/prescriptions/prescriptions-ssr.test.ts	602043a3d8c038d7f19c8d6d03acef0e108bef01f72dd9f42e887c81882d7728	51	screen-or-page	UNVERIFIED	UNVERIFIED
nabd-patient-web.zip	app/[locale]/prescriptions/prescriptions.module.css	7dc04af09ff07cbddfdeea5f9ae6c5ede6505e668dacffcff90355788d982c75	29	screen-or-page	UNVERIFIED	UNVERIFIED
nabd-patient-web.zip	app/[locale]/profile/page.tsx	8b7244ec55a20d0d14625edc4b787b9e539607ebfbb6c2154c8d6fcbfb82ef9e	59	screen-or-page	UNVERIFIED	UNVERIFIED
nabd-patient-web.zip	app/[locale]/profile/profile-page-ssr.test.ts	52fabe86443fd2279ab426d6e51fe85d98245e828f9fbc894902ea75ae190da9	44	screen-or-page	UNVERIFIED	UNVERIFIED
nabd-patient-web.zip	app/[locale]/profile/profile.module.css	87f12f80c172566acd0b49a8372a7fce83f0b89a5f87876802b576be33db4d71	37	screen-or-page	UNVERIFIED	UNVERIFIED
nabd-patient-web.zip	app/[locale]/reminders/page.tsx	41037ce2c21801e73671edbca6ed3ee4264ce0c00149892eb94baaedf78ee952	28	screen-or-page	UNVERIFIED	UNVERIFIED
nabd-patient-web.zip	app/[locale]/reminders/reminders-ssr.test.ts	3381130ec513a8e0564a5276882d9a71e6472e4cd3a487fe67c5a9639366e2ad	47	screen-or-page	UNVERIFIED	UNVERIFIED
nabd-patient-web.zip	app/[locale]/reminders/reminders.module.css	479264ca1014b7683ab8204e40d53dd6632295d23a54973a975e215f722d0493	36	screen-or-page	UNVERIFIED	UNVERIFIED
nabd-patient-web.zip	app/[locale]/route-state-ssr.test.tsx	611d51d00d29f9f92f45099a63da81cff0f9f45cdc069f5ebe0869128dfb9f75	25	route	UNVERIFIED	UNVERIFIED
nabd-patient-web.zip	app/[locale]/settings/page.tsx	aa3a2339987d213456cb564571fd38d6d2703865f769d3453dfc2ec9e2a5784b	45	screen-or-page	UNVERIFIED	UNVERIFIED
nabd-patient-web.zip	app/[locale]/settings/settings.module.css	0375ab6489c2940c389cfc0f8a6b4f192606c3f420155a13bad461e5a77d054b	25	screen-or-page	UNVERIFIED	UNVERIFIED
nabd-patient-web.zip	app/[locale]/wishlist/page.tsx	bbf92adbd36edd713878784a05c9294b53d7eb51cdd56994d1055342f77b099a	29	screen-or-page	UNVERIFIED	UNVERIFIED
nabd-patient-web.zip	app/[locale]/wishlist/wishlist.module.css	ea38e30b78b93d9fa76029ee955e8e1e0b4760c540995a4f63441a7b710b24ed	1	screen-or-page	UNVERIFIED	UNVERIFIED
nabd-patient-web.zip	app/api/appointments/[appointmentId]/call-token/route.test.ts	a06078c2e4c46ee0db7e61345bdef66d059460be0e74e8efec47d3a3448ae705	6	route	UNVERIFIED	UNVERIFIED
nabd-patient-web.zip	app/api/appointments/[appointmentId]/call-token/route.ts	46bee85e27f1d8894e6c0a230d14fd3cbf2e7300b8b56e8595e4b464fba300c7	22	route	UNVERIFIED	UNVERIFIED
nabd-patient-web.zip	app/api/appointments/[appointmentId]/cancel/route.test.ts	c2e866afe466eae9624a7f9e15fb39983aeb1cd73b54594b9edbb474b9ce54f2	7	route	UNVERIFIED	UNVERIFIED
nabd-patient-web.zip	app/api/appointments/[appointmentId]/cancel/route.ts	e32f344c3bd24eadc07d213e476d5d4552680af49e0c630c933db45b5638336a	24	route	UNVERIFIED	UNVERIFIED
nabd-patient-web.zip	app/api/appointments/[appointmentId]/payment-intent/route.test.ts	0011c517e672229bcdd3faf7cb2214023a37a93bc8b214fd5c1b1fa1b2e0b2bb	32	route	UNVERIFIED	UNVERIFIED
nabd-patient-web.zip	app/api/appointments/[appointmentId]/payment-intent/route.ts	1d3c4e430410d99ebb940aa5714c7ff6b89da2e953d5f8eef392a0901dd8adae	26	route	UNVERIFIED	UNVERIFIED
nabd-patient-web.zip	app/api/appointments/[appointmentId]/reschedule/route.test.ts	877cd146d1170631216fb488a7a704841e63ee4b96d1be34a95c664ae29ce7b0	7	route	UNVERIFIED	UNVERIFIED
nabd-patient-web.zip	app/api/appointments/[appointmentId]/reschedule/route.ts	532ca60ec3ea00e2cde670c8d6562248665fa19a93cfd4ce79be46e4d9e1f67a	24	route	UNVERIFIED	UNVERIFIED
nabd-patient-web.zip	app/api/appointments/book/route.test.ts	e6f9d5ef584d735edf468e5e51b728be93496b3cde85b49d0743ad22d83acc8f	34	route	UNVERIFIED	UNVERIFIED
nabd-patient-web.zip	app/api/appointments/book/route.ts	aed1f9332453b22910a7396339e60bf23c24161c373402fac126a48fbe1d9be4	30	route	UNVERIFIED	UNVERIFIED
nabd-patient-web.zip	app/api/auth/login/route.ts	fc69d2fa63fcafc604b625ec855e844652f79f6c063a3ad22a49f072ff5d07de	20	route	UNVERIFIED	UNVERIFIED
nabd-patient-web.zip	app/api/auth/logout/route.ts	2b50e082285f77b861be63f9f0ecaf0ee9695a42f813cf91d30e25a609e2215f	5	route	UNVERIFIED	UNVERIFIED
nabd-patient-web.zip	app/api/auth/otp/otp-routes.test.ts	ffecab7e34dc0892a9a5189dcf3ad3ee124ec4f658b35f49695c1f587f4a4670	36	route	UNVERIFIED	UNVERIFIED
nabd-patient-web.zip	app/api/auth/otp/request/route.ts	7f22bc2ae4965fa8021006597349b701c02bae5d71a2ca3824f29315f51c812e	13	route	UNVERIFIED	UNVERIFIED
nabd-patient-web.zip	app/api/auth/otp/verify/route.ts	a73d7369746a17ee00dee84d9821212afbb2bd73a6ccaa79fa068d41a3857a39	19	route	UNVERIFIED	UNVERIFIED
nabd-patient-web.zip	app/api/auth/session/exchange/route.ts	706bd91b7402bce1e97a10eb73a60be32b95843389de2dc3cc98411fe995be3c	23	route	UNVERIFIED	UNVERIFIED
nabd-patient-web.zip	app/api/auth/session/route.ts	50932d1d96dc6fc6b561e5f465b92f56f7b85dffb67e45a714e080eefdc96ba2	5	route	UNVERIFIED	UNVERIFIED
nabd-patient-web.zip	app/api/auth/verify-2fa/route.ts	faeeec6c565cd6a9f7ab29e134b5b46df5e6628f7ae55957f2c928731e96e59d	19	route	UNVERIFIED	UNVERIFIED
nabd-patient-web.zip	app/api/patient/[...path]/route.test.ts	4472373e769b4065019e7ed2981933a77ef056c3ddc6c3bc6363e334f2214148	103	route	UNVERIFIED	UNVERIFIED
nabd-patient-web.zip	app/api/patient/[...path]/route.ts	740115708afe90d926aa10b548683b7a5139dc146e069f26133e5f8cf36d269a	11	route	UNVERIFIED	UNVERIFIED
nabd-patient-web.zip	app/favicon.ico/route.test.ts	eaa084f50d1e74178183fe383021140e51692d38aae2932de215e6e740db5da7	14	route	UNVERIFIED	UNVERIFIED
nabd-patient-web.zip	app/favicon.ico/route.ts	ccec85807d89b5de049a299efb0ad7e259889a5bc4e605b3635c604688ef3d9f	13	route	UNVERIFIED	UNVERIFIED
nabd-patient-web.zip	app/global-not-found.tsx	bab61c181a056b6194789b7a1a66dd0dbfede14bedcb2812b50ce1464ac45834	8	screen-or-page	UNVERIFIED	UNVERIFIED
nabd-patient-web.zip	app/globals.css	5e440d8353d689e70c31cf64aa46efd4cf26101d4fa4d5f037e9a31418233eb2	208	screen-or-page	UNVERIFIED	UNVERIFIED
nabd-patient-web.zip	app/icon.svg	437ab3f9597cc9804b7a112b56caa992e5bb20d9c38acdae2c4d7286e6280ded	10	screen-or-page	UNVERIFIED	UNVERIFIED
nabd-patient-web.zip	app/layout.tsx	7b7a6df86c5bbcb56d49561f75815d3c8b79866f3edb1b3db00955964c0cfe9c	8	screen-or-page	UNVERIFIED	UNVERIFIED
nabd-patient-web.zip	app/llms.txt/route.test.ts	6c2d14b404140143eb968c3a4cde68b635cf2296d6434124d5d813fde4875b80	17	route	UNVERIFIED	UNVERIFIED
nabd-patient-web.zip	app/llms.txt/route.ts	cef8743549b72232864cb47a61dea0650ca3533792cc3d9ccb9ae8471c47c546	31	route	UNVERIFIED	UNVERIFIED
nabd-patient-web.zip	app/manifest.test.ts	d3d54b1cc40e453d9dc12c9f25b7c470febe421893b195a9a7ff35f4a5771f1e	14	screen-or-page	UNVERIFIED	UNVERIFIED
nabd-patient-web.zip	app/manifest.ts	c8596f567caf999fae6da4606db3cac1b6e59d7aa01c08aedf600316f241d401	16	screen-or-page	UNVERIFIED	UNVERIFIED
nabd-patient-web.zip	app/robots.ts	0d099032d390a23e74e9dc35925e9a2cdab51234c31338ee6456d927bcc29077	10	screen-or-page	UNVERIFIED	UNVERIFIED
nabd-patient-web.zip	app/seo.test.ts	0264324c90a5556363b88f8fbf17f572ab18d6862f882d25a1eb31d76119a46d	19	screen-or-page	UNVERIFIED	UNVERIFIED
nabd-patient-web.zip	app/sitemap.ts	be6f4528515fc70f4002b4d7d37a5a7caa9a134e39eb04aac4b4816b49ee9e33	9	screen-or-page	UNVERIFIED	UNVERIFIED
nabd-patient-web.zip	audit-artifacts/full-audit-20260823/web_api_routes_files.txt	c985b91c364edcf3cefd4f4893aeeb799d0e579df0f0c346ba267dd87944ba3f	15	route	UNVERIFIED	UNVERIFIED
nabd-patient-web.zip	audit-artifacts/full-audit-20260823/web_routes.txt	8dfb546b28826008f841c5e1494ce5d78d73c1e009840037185b212ddee9b3a3	69	route	UNVERIFIED	UNVERIFIED
nabd-patient-web.zip	audit-artifacts/patient_service_insurance_static_audit_20260820.txt	d8bf3770220a626c5768d71b0166637b2ad153abdb456a60bc2a6df8c890b59e	182	service	UNVERIFIED	UNVERIFIED
nabd-patient-web.zip	client/src/App.tsx	d5be9281dc24312213bbca716a599ce653c47b20710ae87bb030b415b8e1572d	42	other	UNVERIFIED	UNVERIFIED
nabd-patient-web.zip	client/src/_core/hooks/useAuth.ts	2d87f1597ab79277ab1755353fc21d362aa05c4e20b79c320001ead15923cca7	98	other	UNVERIFIED	UNVERIFIED
nabd-patient-web.zip	client/src/components/AIChatBox.tsx	c97ae745ae8f4db0b5e1a96d851fe9fd6943c53bc1bc6c28603bce36058ce28a	335	other	UNVERIFIED	UNVERIFIED
nabd-patient-web.zip	client/src/components/DashboardLayout.tsx	4f5d5829ff8a47b800d92a884848b4d7abddeafebb3af939cf5a96624a24f06c	262	other	UNVERIFIED	UNVERIFIED
nabd-patient-web.zip	client/src/components/DashboardLayoutSkeleton.tsx	7b6eab8ac4d4118bdf2be88f23e7db5318d975ac03e6451f773d5eb15feb34cc	46	other	UNVERIFIED	UNVERIFIED
nabd-patient-web.zip	client/src/components/ErrorBoundary.tsx	3b0bdb7a19758fcd440138ccfb5f306b96836564f15d7c8c9663d7dd7417e972	62	other	UNVERIFIED	UNVERIFIED
nabd-patient-web.zip	client/src/components/ManusDialog.tsx	66237a756ee50b4195a074f689aa97dd4ec445cbbc6f0d11f12bb32a6fb4cd0d	89	other	UNVERIFIED	UNVERIFIED
nabd-patient-web.zip	client/src/components/Map.tsx	931413fea95936e68f872bc34733138f9e11a656446b1a56a98fba9532954e22	155	other	UNVERIFIED	UNVERIFIED
nabd-patient-web.zip	client/src/components/ui/accordion.tsx	7b96cf50388ad3d07be64924ab33ba5f63b79a6a5749ebe4d31c789c0bc00d44	64	other	UNVERIFIED	UNVERIFIED
nabd-patient-web.zip	client/src/components/ui/alert-dialog.tsx	aeecd7967eb0be3bad2753b6633d9a43cc4c08cb35de872ffdc0b9f2b6a9b26c	155	other	UNVERIFIED	UNVERIFIED
nabd-patient-web.zip	client/src/components/ui/alert.tsx	eccfc7f6ca9d51407cb413a3ca4b5ac721898ac93d38e95c02c35188ad674abe	66	other	UNVERIFIED	UNVERIFIED
nabd-patient-web.zip	client/src/components/ui/aspect-ratio.tsx	654f5d6e9ed17472305d7e6fc5de30453875ffae585f5d064aedc9e6945bdbb0	9	other	UNVERIFIED	UNVERIFIED
nabd-patient-web.zip	client/src/components/ui/avatar.tsx	c2382ff71d7ef3492096ed6ef35bf82e1fd421a81d55ca80453f5f5138eac360	51	other	UNVERIFIED	UNVERIFIED
nabd-patient-web.zip	client/src/components/ui/badge.tsx	51fd797c59e63d164ade736769f19f26e41c157daba29aa0b327b3b226f4d4ac	46	other	UNVERIFIED	UNVERIFIED
nabd-patient-web.zip	client/src/components/ui/breadcrumb.tsx	dd84657e30691ea7f14a785c13b660d6cd626c08ba1df8439c3eca858ee3cd7e	109	other	UNVERIFIED	UNVERIFIED
nabd-patient-web.zip	client/src/components/ui/button-group.tsx	ba1d824f0f4d8b5dd78a80fa766e3543eefb9173143652be2c7cb765af1864f5	83	other	UNVERIFIED	UNVERIFIED
nabd-patient-web.zip	client/src/components/ui/button.tsx	b08b4785e03566c7a6063b3d57234deae41649676870cbbb9ab2448d816e1739	60	other	UNVERIFIED	UNVERIFIED
nabd-patient-web.zip	client/src/components/ui/calendar.tsx	89308bce82e8b23b611cfbc88bc19f7b341d7109ab9a2838c04cb50922113501	211	other	UNVERIFIED	UNVERIFIED
nabd-patient-web.zip	client/src/components/ui/card.tsx	1397e7d264d90162220ea7473b311e434651886267c71e7f58d4488be9d8ff39	92	other	UNVERIFIED	UNVERIFIED
nabd-patient-web.zip	client/src/components/ui/carousel.tsx	42f66e6fde568c209df5d58a4ca13c3ae92d120a04fd99f7be695d6a570ef0a9	239	other	UNVERIFIED	UNVERIFIED
nabd-patient-web.zip	client/src/components/ui/chart.tsx	47c4de202fe1dc229af94d2c86197251d279bee131d2a6fb75ab9e58cec71aab	355	other	UNVERIFIED	UNVERIFIED
nabd-patient-web.zip	client/src/components/ui/checkbox.tsx	4fc309590e66d3c41e3be5fb73f988b0e916e7bf5fff321c22c3a64cd4fe97cf	30	other	UNVERIFIED	UNVERIFIED
nabd-patient-web.zip	client/src/components/ui/collapsible.tsx	95b5b9ea89a4105045c58b7eba539e57a1f4abc5a54d43ea0f7168f46b645eeb	31	other	UNVERIFIED	UNVERIFIED
nabd-patient-web.zip	client/src/components/ui/command.tsx	47910540789d4de9e890de63bfc0046f9cf6bfaa86d496a98c79622900f8520c	184	other	UNVERIFIED	UNVERIFIED
nabd-patient-web.zip	client/src/components/ui/context-menu.tsx	fe63c0a0dcabe749874ad19e07dee8418337c62dd64452fc08b5abf27b49b9eb	250	other	UNVERIFIED	UNVERIFIED
nabd-patient-web.zip	client/src/components/ui/dialog.tsx	3ffd83bd2940c1191fde091bc47311aebc2b79d78824965a5c446115e58190aa	209	other	UNVERIFIED	UNVERIFIED
nabd-patient-web.zip	client/src/components/ui/drawer.tsx	573deecc31f90fcd96f53a37b2e5363eb326fe737cbdb28cac38a5d014734fc8	133	other	UNVERIFIED	UNVERIFIED
nabd-patient-web.zip	client/src/components/ui/dropdown-menu.tsx	ede99252b737a29eb1f05370956e2b842be161b6a661f1429155ac561653d029	255	other	UNVERIFIED	UNVERIFIED
nabd-patient-web.zip	client/src/components/ui/empty.tsx	c0b612929b15fd498b984d8d98d1b082a3eb294be5aa8eb9cb53b67cf152f465	104	other	UNVERIFIED	UNVERIFIED
nabd-patient-web.zip	client/src/components/ui/field.tsx	f093424ca5eadf43d46b020ed780aee7aa5f6d90d0b48fb50c031e3d7b0528c7	242	other	UNVERIFIED	UNVERIFIED
nabd-patient-web.zip	client/src/components/ui/form.tsx	0157362d572713567d989b726277879e75c60c24684ade4aef854867dc2fac48	168	other	UNVERIFIED	UNVERIFIED
nabd-patient-web.zip	client/src/components/ui/hover-card.tsx	bdfe831708e7de6b9fbb14d8fe5af5a0985f67cff3c2b5755b4b570c3b4e7ad5	42	other	UNVERIFIED	UNVERIFIED
nabd-patient-web.zip	client/src/components/ui/input-group.tsx	f62f2be2ad4c2c7711e7b25b0d6c03572f7871cb4022e9f4f6860dcd77dd9e57	168	other	UNVERIFIED	UNVERIFIED
nabd-patient-web.zip	client/src/components/ui/input-otp.tsx	45fc7fed882aa5024d8eea52d9b392d13b1d80f2b7f846365bc2586e3d16253d	75	other	UNVERIFIED	UNVERIFIED
nabd-patient-web.zip	client/src/components/ui/input.tsx	0aaad971269e84519fb14928a70777db539b4cacf9f145fecd905ba483a199c6	70	other	UNVERIFIED	UNVERIFIED
nabd-patient-web.zip	client/src/components/ui/item.tsx	89f2ed48c2270064d63e0a40f755c1da14e99e7db46bceac56d6dee7b45b8798	193	other	UNVERIFIED	UNVERIFIED
nabd-patient-web.zip	client/src/components/ui/kbd.tsx	4f8f3e521b2b007643b8a2c8f86cf547bd87e703dc2bed067083ca48f901d6ad	28	other	UNVERIFIED	UNVERIFIED
nabd-patient-web.zip	client/src/components/ui/label.tsx	7fdad17d8e83912ad0cfc372c551a901ab98523ef17c0792a17c592a147db732	22	other	UNVERIFIED	UNVERIFIED
nabd-patient-web.zip	client/src/components/ui/menubar.tsx	53fb1c058fabaf0cfb3fb2cfdb9b17ccc8762376d62cc011150d919209b82c1a	274	other	UNVERIFIED	UNVERIFIED
nabd-patient-web.zip	client/src/components/ui/navigation-menu.tsx	aafccbe2b05d9f80b7d007301b51aaede4692efc468304c5fb11b21cd0c0ef43	168	other	UNVERIFIED	UNVERIFIED
nabd-patient-web.zip	client/src/components/ui/pagination.tsx	8f0d822b4688eb131e37fbf2330e19b269ab6487583be3249b98f3b68bb07928	127	other	UNVERIFIED	UNVERIFIED
nabd-patient-web.zip	client/src/components/ui/popover.tsx	5e7bec05904d9091a7b53963f5b49660bf3564b02a057ef8640ab6855d6e32fd	46	other	UNVERIFIED	UNVERIFIED
nabd-patient-web.zip	client/src/components/ui/progress.tsx	2297e3c13d5b2a04a9164c3900c8cae2e477c07ebed35c4bbda98d1232ab7b7e	29	other	UNVERIFIED	UNVERIFIED
nabd-patient-web.zip	client/src/components/ui/radio-group.tsx	025f03d81d4e304eb27d94e6517f37072a3941df8f8603ac55cfb42b17cd99ef	43	other	UNVERIFIED	UNVERIFIED
nabd-patient-web.zip	client/src/components/ui/resizable.tsx	52e1027a4b4a5f70f0479f69fe40046dfa112952b7e568292727e1618348ee80	54	other	UNVERIFIED	UNVERIFIED
nabd-patient-web.zip	client/src/components/ui/scroll-area.tsx	793c5d69e6e5ce8bcbe453b8834d53f3a90839fc8e8e1f9fe5f77e7626566677	56	other	UNVERIFIED	UNVERIFIED
nabd-patient-web.zip	client/src/components/ui/select.tsx	40945665ec8363e55ae38f26115ee763cbc5548bed585eed569d406cbc4b7a75	185	other	UNVERIFIED	UNVERIFIED
nabd-patient-web.zip	client/src/components/ui/separator.tsx	23bbf3f74d01f55533f6f22ebbc2b299137421e07896cb7af21245756a10c27e	26	other	UNVERIFIED	UNVERIFIED
nabd-patient-web.zip	client/src/components/ui/sheet.tsx	ab22e38f2cf312a31a84fb91f7e912f0da66e809f6e1ae675ec6cf0c8ec0ba61	139	other	UNVERIFIED	UNVERIFIED
nabd-patient-web.zip	client/src/components/ui/sidebar.tsx	782ec3ba8a570c9a0f6ec12d7e1c1efdee5e02eb2da7aa46131c734e7f7bbea8	734	other	UNVERIFIED	UNVERIFIED
nabd-patient-web.zip	client/src/components/ui/skeleton.tsx	1f75b999a5ad2f65e8fb807faa2b3fccef9eb333996fb4c9030575dac7393091	13	other	UNVERIFIED	UNVERIFIED
nabd-patient-web.zip	client/src/components/ui/slider.tsx	9c458646597836916678a9bce2f3064d4d5cdb0c65d32d92bc71f57d7569fb6b	61	other	UNVERIFIED	UNVERIFIED
nabd-patient-web.zip	client/src/components/ui/sonner.tsx	a65fe9ded89363ec546f28401a26caec1a3aa38c52259eb829cfa33723dbe3a5	23	other	UNVERIFIED	UNVERIFIED
nabd-patient-web.zip	client/src/components/ui/spinner.tsx	ecd836d476573adb4403747c3457339276805433c20eacf3408303b76ec283ff	16	other	UNVERIFIED	UNVERIFIED
nabd-patient-web.zip	client/src/components/ui/switch.tsx	688cccb52220e05f6770fb5e8296375f2a784bcf6585eb26a721a9f29361ab60	29	other	UNVERIFIED	UNVERIFIED
nabd-patient-web.zip	client/src/components/ui/table.tsx	085566291cf03c9fea590aa9b77339feebf04cf8ce23494a3667f84bf4811e29	114	other	UNVERIFIED	UNVERIFIED
nabd-patient-web.zip	client/src/components/ui/tabs.tsx	394b62295cee5185e858bcabfafcd5a7287910944c962fbd9c1c06444b22cedb	64	other	UNVERIFIED	UNVERIFIED
nabd-patient-web.zip	client/src/components/ui/textarea.tsx	ffbad961ec02f9ca23f4157daa1a4139960c4477a245c216a793b4692dec142c	67	other	UNVERIFIED	UNVERIFIED
nabd-patient-web.zip	client/src/components/ui/toggle-group.tsx	92e7640e30c4ae3ffd775e9a3d845327c26d9ce0f9f39555c2e7cfc2c8671c4d	73	other	UNVERIFIED	UNVERIFIED
nabd-patient-web.zip	client/src/components/ui/toggle.tsx	a922c5e0534b9fd556ff8a8b56e25f7d24544be6050472cdd1ea003b8a0f3e47	45	other	UNVERIFIED	UNVERIFIED
nabd-patient-web.zip	client/src/components/ui/tooltip.tsx	6f0c581e2018d676e43c0b4b5aeb62d3fe68e65907cf748548208d75ac212677	59	other	UNVERIFIED	UNVERIFIED
nabd-patient-web.zip	client/src/const.ts	d7cdbd188f13aa1449030f34b529aa49dc28e62a44a8ddc8029f24e9afe1e9c4	31	other	UNVERIFIED	UNVERIFIED
nabd-patient-web.zip	client/src/contexts/ThemeContext.tsx	e025cdb51ad747757235b16dccbb39b5e949cdf93fa9a822ff81ef6e32f65924	64	other	UNVERIFIED	UNVERIFIED
nabd-patient-web.zip	client/src/hooks/useComposition.ts	674c515075a2f318d4ec2291313ba552488de0b2c1aac7f36f3d71c4e34d434e	81	other	UNVERIFIED	UNVERIFIED
nabd-patient-web.zip	client/src/hooks/useMobile.tsx	464e778a9da49481e3c6dac4f92ff589e01349b33063a74c45435cfeed81e1c0	21	other	UNVERIFIED	UNVERIFIED
nabd-patient-web.zip	client/src/hooks/usePersistFn.ts	60cc14f39a3f8b212d7baf4beeaf35f81e09a7c78e4154bcca3477e010879511	20	other	UNVERIFIED	UNVERIFIED
nabd-patient-web.zip	client/src/index.css	b0f80913bdb81b376adaf666b19c438422a580bbd0bc7bbf709cd7d3b53b22e6	177	other	UNVERIFIED	UNVERIFIED
nabd-patient-web.zip	client/src/lib/trpc.ts	d883ad43f46eaf73342924feaf5342ce601d04abe1a828076625071931cc0ef3	4	other	UNVERIFIED	UNVERIFIED
nabd-patient-web.zip	client/src/lib/utils.ts	d1f1e0d62cb8d8d1e04c26e14de842d8a151f75812d81b046c65b5d1fe8e4b27	6	other	UNVERIFIED	UNVERIFIED
nabd-patient-web.zip	client/src/main.tsx	0e322fd292220e189d5acc65a89e65fee16d29a5c261625ce758cde3bfd72fd2	81	other	UNVERIFIED	UNVERIFIED
nabd-patient-web.zip	client/src/pages/ComponentShowcase.tsx	d3905f3521d77e97b7d7c6198a6f915bf45f68223c74552e7e728f4fe10ca79a	1437	screen-or-page	UNVERIFIED	UNVERIFIED
nabd-patient-web.zip	client/src/pages/Home.tsx	2eaea972c22e4e1f35a424ed5c1a9d993918220ad54bf6dbe5ea6574595f100f	33	screen-or-page	UNVERIFIED	UNVERIFIED
nabd-patient-web.zip	client/src/pages/NotFound.tsx	4062794318dde4d0a321e0332cdee2cea68d19c1d9d81889ff425b02ed183f64	52	screen-or-page	UNVERIFIED	UNVERIFIED
nabd-patient-web.zip	docs/phase-3-detailed-route-parity-matrix.md	5393c5e5a2b9ec256979a2583c98d1fd60e038878ec845654d054cb1acdae2a7	258	route	UNVERIFIED	UNVERIFIED
nabd-patient-web.zip	drizzle/schema.ts	4f673120db7988710f9dbe7abce5189e91af08c57cc3053069fcf9179fcd289c	28	schema	UNVERIFIED	UNVERIFIED
nabd-patient-web.zip	lib/api/home-care-services-server.test.ts	028479dc09f0d31f3e4f2b16814f6516b9e8a14480b644decbe5ac56daef33dd	10	service	UNVERIFIED	UNVERIFIED
nabd-patient-web.zip	lib/api/home-care-services-server.ts	82fba1ce94de8528cfc2b74e8373e21e1f3b82ea41d7a47011cbf70d6be3a0a0	19	service	UNVERIFIED	UNVERIFIED
nabd-patient-web.zip	lib/api/home-care-services.test.ts	874b28906f43559c4146d7cf7b9a2cca75c425d0bff5dbbe13f4e3e1b8f17c94	13	service	UNVERIFIED	UNVERIFIED
nabd-patient-web.zip	lib/api/home-care-services.ts	e930203816788db7eab4aca680a343e618ba976b73b839e1d8c826a15f2245f2	57	service	UNVERIFIED	UNVERIFIED
nabd-patient-web.zip	scripts/verify-core-routes.sh	cf688c734e10a48a8bcd608d4fcbc0661ac5fa4d9ea58ba9e38c657f4ea56fbe	42	route	UNVERIFIED	UNVERIFIED
nabd-patient-web.zip	server/routers.ts	9ba9b6c1b21ae6854e2c32c95e3718a0e7cfe472220382932bf9194adb5d7fc2	28	route	UNVERIFIED	UNVERIFIED
nabd_plus_patient_app.zip	app/(auth)/_layout.tsx	087f5c5c950ff3a2cc9fa0c78c6e31f7e1d8ea7d31753a061e898cad8a20a516	16	screen-or-page	UNVERIFIED	UNVERIFIED
nabd_plus_patient_app.zip	app/(auth)/forgot-password.tsx	cb286af3fb406bb73ecce2253c1fdddaf9629a04f8ae2131454412e318479ef7	155	screen-or-page	UNVERIFIED	UNVERIFIED
nabd_plus_patient_app.zip	app/(auth)/login.tsx	587c9b5ae250d20b0faadbb94c7562943b62604232f87918a58ab273ef320b5e	415	screen-or-page	UNVERIFIED	UNVERIFIED
nabd_plus_patient_app.zip	app/(auth)/otp.tsx	dd67a6b8a51d1686b8ca58dd5496901634a281e3f3888c3c3d529549405f42fb	264	screen-or-page	UNVERIFIED	UNVERIFIED
nabd_plus_patient_app.zip	app/(auth)/privacy.tsx	d4947f42d47c3f066f20486b3bdb0ab50e0d3f960cc30879e060c3c099e691b5	158	screen-or-page	UNVERIFIED	UNVERIFIED
nabd_plus_patient_app.zip	app/(auth)/provider-info.tsx	381b300534513a6a17dd0813d7282e7ed5c3b516ec5434657e14e823736d2b20	91	screen-or-page	UNVERIFIED	UNVERIFIED
nabd_plus_patient_app.zip	app/(auth)/register.tsx	9dcfbb10245c004eb4d7260ac27c55d0b7880fcc8d96ac15d9bc4d1340da6a5d	387	screen-or-page	UNVERIFIED	UNVERIFIED
nabd_plus_patient_app.zip	app/(auth)/reset-password.tsx	59bf083db507abd79d5745e68e62fbb7953920a5cf780b897e86fb16139e7359	169	screen-or-page	UNVERIFIED	UNVERIFIED
nabd_plus_patient_app.zip	app/(auth)/terms.tsx	ebe6881b514da61f2b58c40b7ebb0c094398d55db50f37bf9a12fca737f9aaea	146	screen-or-page	UNVERIFIED	UNVERIFIED
nabd_plus_patient_app.zip	app/(auth)/welcome.tsx	6fd387fc013f5cea23ac402e6f000a1073887f8507d23754a43c06ec5d420179	238	screen-or-page	UNVERIFIED	UNVERIFIED
nabd_plus_patient_app.zip	app/(onboarding)/_layout.tsx	c749ff41bda4a9ac43e8231f978e69af965255a5870c113a948cae946c8ff3a5	11	screen-or-page	UNVERIFIED	UNVERIFIED
nabd_plus_patient_app.zip	app/(onboarding)/index.tsx	3255dd8d3c3851a5b8a1cf2814425354b51fde4e13779c2fb68aa93ca5311b4c	314	screen-or-page	UNVERIFIED	UNVERIFIED
nabd_plus_patient_app.zip	app/(onboarding)/language.tsx	9aa06113ba8133da4b19cc32b57bcd1535086abef8cfb1fb8105f25d69578979	69	screen-or-page	UNVERIFIED	UNVERIFIED
nabd_plus_patient_app.zip	app/(onboarding)/permissions.tsx	2d6f2cf481cfda507ab2a3691275ff598f1b0ea443ac74cebd405941906389d5	220	screen-or-page	UNVERIFIED	UNVERIFIED
nabd_plus_patient_app.zip	app/(tabs)/_layout.tsx	7f6e60ef5ad8b7bae8fda7e0ffb5921c5e17b3f41dc6c98ebaee75f7711a4f0a	26	screen-or-page	UNVERIFIED	UNVERIFIED
nabd_plus_patient_app.zip	app/(tabs)/consultations/index.tsx	51b28ba195cde72b00245dadc37e7409a83b4ed147181c8cd39c5af71e0fbc19	695	screen-or-page	UNVERIFIED	UNVERIFIED
nabd_plus_patient_app.zip	app/(tabs)/diagnostics.tsx	aece3dbcb0066d8facc28dbb2a30ccacf24ecbf748358500fa077e68efa05420	487	screen-or-page	UNVERIFIED	UNVERIFIED
nabd_plus_patient_app.zip	app/(tabs)/health.tsx	2566ca913a46c198f6264f3d8b43394a81ab2675305fce63f9da2a3222781e05	441	screen-or-page	UNVERIFIED	UNVERIFIED
nabd_plus_patient_app.zip	app/(tabs)/index.tsx	e8aacaa6054fed454843a28ebc482f760efab61ca4bee93a7ebbee89895cb2dc	119	screen-or-page	UNVERIFIED	UNVERIFIED
nabd_plus_patient_app.zip	app/(tabs)/nursing.tsx	3329c1a3e27bc3e55a74c7412b95ffa03e8f0a7ce28216a57734f259fa8de113	322	screen-or-page	UNVERIFIED	UNVERIFIED
nabd_plus_patient_app.zip	app/(tabs)/pharmacy.tsx	644fa36e715a437e734b75e70b2533acc36526965a3d948bb29ea1759c9748d1	609	screen-or-page	UNVERIFIED	UNVERIFIED
nabd_plus_patient_app.zip	app/(tabs)/services.tsx	d481cd70486f95736262df9376562f8cbde45220c0e1303f4f3c72fecab2ef26	220	screen-or-page	UNVERIFIED	UNVERIFIED
nabd_plus_patient_app.zip	app/_layout.tsx	ad6c5921c8aab3b65cbeca000485620eeda1733ce9dc004190f526b5924eabaa	114	screen-or-page	UNVERIFIED	UNVERIFIED
nabd_plus_patient_app.zip	app/ai/chat-doctor.tsx	c3d88bd152314fbd0a74a0b364f2484eb5ee0a87a146b68efd5cf21c7c798f3f	6	screen-or-page	UNVERIFIED	UNVERIFIED
nabd_plus_patient_app.zip	app/ai/monthly-report.tsx	74af27b4961e4381e7dbaf371d65da3c1ac80c1c87940317470c2f98d5960c40	263	screen-or-page	UNVERIFIED	UNVERIFIED
nabd_plus_patient_app.zip	app/ai/prescription-translator.tsx	b8ab5a6b7ab87e466e5aa40a1355b7627c77b50e267b18208962762e2cb56f67	291	screen-or-page	UNVERIFIED	UNVERIFIED
nabd_plus_patient_app.zip	app/ai/skin-analysis.tsx	98b4e44c02fd836bc823693531b2e362f6ed8747975379994880f810c15df966	51	screen-or-page	UNVERIFIED	UNVERIFIED
nabd_plus_patient_app.zip	app/ai/symptom-checker.tsx	3457203e1fdd0225811eb9a2f579606ecaedc8a32e75fad05bfc5732ce2e8803	6	screen-or-page	UNVERIFIED	UNVERIFIED
nabd_plus_patient_app.zip	app/ai/symptom-timeline.tsx	7b9b32e4a32be722c6739045312d735793d567d9859fae3bdd3db4b65a1e9d16	6	screen-or-page	UNVERIFIED	UNVERIFIED
nabd_plus_patient_app.zip	app/ai/triage.tsx	e4351c0c162ea0a8b5396a28726d0601b62a9ec51df304befe83f43251970fcf	78	screen-or-page	UNVERIFIED	UNVERIFIED
nabd_plus_patient_app.zip	app/ai-assistant.tsx	d5ec29fd132bbd7fa3fe44103da767388ca4aa8819baf06cbfc7bf2ccdc64f5b	210	screen-or-page	UNVERIFIED	UNVERIFIED
nabd_plus_patient_app.zip	app/articles/[slug].tsx	e35a6ae3ba41b44894f68bbf9f1999cfba23f43d77c21b186a9f1844e641e1fb	199	screen-or-page	UNVERIFIED	UNVERIFIED
nabd_plus_patient_app.zip	app/articles/bookmarks.tsx	80f15ba95db7a0c7dedeb35274267e9e62d58cd45048515a7c6b574fbec8787a	118	screen-or-page	UNVERIFIED	UNVERIFIED
nabd_plus_patient_app.zip	app/articles/index.tsx	d8c8a8004295468bf49b392951ff83db0063df167470f69ac960e3632068aa99	214	screen-or-page	UNVERIFIED	UNVERIFIED
nabd_plus_patient_app.zip	app/authGuestPolicy.test.ts	ec4c298c50893080e50ac11c2499425751b75e3cd0302a7bc847125c45269bc4	19	screen-or-page	UNVERIFIED	UNVERIFIED
nabd_plus_patient_app.zip	app/community/hub.tsx	4cfbdd96ccfa0337517d045ba3afb357d0dd177aab6eb08e1e5b3ec0f0e6d491	313	screen-or-page	UNVERIFIED	UNVERIFIED
nabd_plus_patient_app.zip	app/community/post-detail.tsx	6ab5a01586714384cbb518eda3d18cfc8c7a102e8c9d42637f58c467bdf7b68c	370	screen-or-page	UNVERIFIED	UNVERIFIED
nabd_plus_patient_app.zip	app/consultations/appointment-detail.tsx	11c1bdd694b610cca1385e483a052518db3882940c50209d9b7d865c65bc0c70	277	screen-or-page	UNVERIFIED	UNVERIFIED
nabd_plus_patient_app.zip	app/consultations/appointments.tsx	c6144066411f0eff564346557570aadc78c5eaa7740a48c296bb8ac639fa51b6	437	screen-or-page	UNVERIFIED	UNVERIFIED
nabd_plus_patient_app.zip	app/consultations/book/[id].tsx	cdc084345b7fb456716faba3cd583ab70a924a6359ca9d2ac8835d4bcba40d31	385	screen-or-page	UNVERIFIED	UNVERIFIED
nabd_plus_patient_app.zip	app/consultations/booking-confirm.tsx	7c47744bd49e27de445602514a33f1cdaffb2d54373b3f9879484a647c83a686	472	screen-or-page	UNVERIFIED	UNVERIFIED
nabd_plus_patient_app.zip	app/consultations/booking-pending.tsx	ec8a97de6bfb93c5ee2b7cb451915e8e4a834754e627a768eac021edec8a7a19	215	screen-or-page	UNVERIFIED	UNVERIFIED
nabd_plus_patient_app.zip	app/consultations/booking-success.tsx	53a9136da667815163a044bb02e7cbff71f9fb832a4a7707282b9baa7ce86124	362	screen-or-page	UNVERIFIED	UNVERIFIED
nabd_plus_patient_app.zip	app/consultations/call-history.tsx	acf319e53b7eedb3359d1c3d94864b67a3124ea9403f705c577f93732c022f4c	355	screen-or-page	UNVERIFIED	UNVERIFIED
nabd_plus_patient_app.zip	app/consultations/cancel-reschedule.tsx	bd00d43ece07dc3afc6919b7f70372e585c7498fc392b4fb97262624e89676c2	325	screen-or-page	UNVERIFIED	UNVERIFIED
nabd_plus_patient_app.zip	app/consultations/chat-with-doctor.tsx	6795062ac122a38d40b2386a2f24863db9ca8bbc3160afa01460e6f26573878f	218	screen-or-page	UNVERIFIED	UNVERIFIED
nabd_plus_patient_app.zip	app/consultations/clinic/[id].tsx	f9297f4d7a5e73637c42ad8747ff6ce9cf5fc9ac1a86a2ebfea80ac4029425d8	111	screen-or-page	UNVERIFIED	UNVERIFIED
nabd_plus_patient_app.zip	app/consultations/clinic-confirm.tsx	f12f8de2650cd84d925e48e7f66de91cc596548a3fa8e93f324468ac824e2acd	199	screen-or-page	UNVERIFIED	UNVERIFIED
nabd_plus_patient_app.zip	app/consultations/clinic-location.tsx	2c01120da741f0e7d9ee9941f92c3f3132acf7f545036422d7ac9d8cca889df4	109	screen-or-page	UNVERIFIED	UNVERIFIED
nabd_plus_patient_app.zip	app/consultations/doctor/[id].tsx	3cca7a66d0e3bde604349b28a100f85587660867f9b0fe9668f7349d626b23dd	567	screen-or-page	UNVERIFIED	UNVERIFIED
nabd_plus_patient_app.zip	app/consultations/doctor-profile.tsx	733368cdc728552c33ceb88ccd57ebec9279c407b6b451c07e502e0f4aa5dd7f	38	screen-or-page	UNVERIFIED	UNVERIFIED
nabd_plus_patient_app.zip	app/consultations/doctor-search.tsx	7306994dbce3ae1443f7fd9d3cba515436b05fc9b8695abdf3fdfe8905378d77	246	screen-or-page	UNVERIFIED	UNVERIFIED
nabd_plus_patient_app.zip	app/consultations/follow-up.tsx	b70c204551cc70c4b0c8c5603252815c9db1bd09be581f93707a2982a9b72b77	208	screen-or-page	UNVERIFIED	UNVERIFIED
nabd_plus_patient_app.zip	app/consultations/home-visit-tracking.tsx	ff6376027519af5abed1e210859a3f44a66489964f9d35702fa21913ee56220c	129	screen-or-page	UNVERIFIED	UNVERIFIED
nabd_plus_patient_app.zip	app/consultations/incoming-call.tsx	886853a264f20abe032edda938b7f636680c6246c2111e083e2a7c1284a0795e	161	screen-or-page	UNVERIFIED	UNVERIFIED
nabd_plus_patient_app.zip	app/consultations/offer/[id].tsx	c5b964f782a7b227134183a14c9197ebfa1475c3dfe2cd05eeeee13260800673	13	screen-or-page	UNVERIFIED	UNVERIFIED
nabd_plus_patient_app.zip	app/consultations/post-call-rating.tsx	86e59042c612168ae4784076ddb66c7a956ebd5dacb75a8acc76adb940dbf70c	142	screen-or-page	UNVERIFIED	UNVERIFIED
nabd_plus_patient_app.zip	app/consultations/prescription-from-doctor.tsx	9856162dc1912802c4804c7c8ace6e34daa574300f8a54d684675b021295ad56	390	screen-or-page	UNVERIFIED	UNVERIFIED
nabd_plus_patient_app.zip	app/consultations/share-report.tsx	267fa4146750d47dcf9b96ca468edba8e6e5e8d30d2f5789f0626ef9098a0a6b	262	screen-or-page	UNVERIFIED	UNVERIFIED
nabd_plus_patient_app.zip	app/consultations/specialty-select.tsx	cf4c31f5c0af14199dcb0b04e55056ad977d3e951780585906f5f502bf9603b8	131	screen-or-page	UNVERIFIED	UNVERIFIED
nabd_plus_patient_app.zip	app/consultations/summary.tsx	751ea051db706a26f8b4b78665cfe7a74c0c15f3899901d4a9ce1da61f942df8	181	screen-or-page	UNVERIFIED	UNVERIFIED
nabd_plus_patient_app.zip	app/consultations/video/[id].tsx	bd03b73e7e3ee293f5bf096ec35b33f488fdf4e75d16b76e46caf6f2574faf60	8	screen-or-page	UNVERIFIED	UNVERIFIED
nabd_plus_patient_app.zip	app/consultations/video-call.tsx	9be0057af1c131f2217ea22acec8e2159dd15e629d235901267389ba9fae8a3e	250	screen-or-page	UNVERIFIED	UNVERIFIED
nabd_plus_patient_app.zip	app/consultations/virtual-waiting-room.tsx	05666fdd4d35d42e8f15760158df9e42a2aed36a95ac43dda9616dbeaebc842e	272	screen-or-page	UNVERIFIED	UNVERIFIED
nabd_plus_patient_app.zip	app/consultations/waiting-room.tsx	10526793f7fdf30c2fd0ae1d410d1e6c83ce48187ac2124e05f7d3dc6f8a5335	323	screen-or-page	UNVERIFIED	UNVERIFIED
nabd_plus_patient_app.zip	app/delivery/address-select.tsx	dcec21979ba59558dadac7f7e1039c433ada9069d95d3d69364c7cd180f7ec79	180	screen-or-page	UNVERIFIED	UNVERIFIED
nabd_plus_patient_app.zip	app/diagnostics/book-sample.tsx	91b3e24e3f399b743a132571996129ebae210791c7da598d29315b8c97fe59fc	60	screen-or-page	UNVERIFIED	UNVERIFIED
nabd_plus_patient_app.zip	app/diagnostics/booking-confirm.tsx	3d5459f0d8ea8ad79516c632a20a1ec186b1a42011dbfd4a59b5f46a22988ae3	6	screen-or-page	UNVERIFIED	UNVERIFIED
nabd_plus_patient_app.zip	app/diagnostics/booking-success.tsx	1ff1bac23e34ee88aaaf59f644a67412d086866390303bd8af402a7386628c98	110	screen-or-page	UNVERIFIED	UNVERIFIED
nabd_plus_patient_app.zip	app/diagnostics/cart.tsx	0c4812e364542484aa98ce0f0f7a323500ba84fa2323eb39da11048761f7c3ed	229	screen-or-page	UNVERIFIED	UNVERIFIED
nabd_plus_patient_app.zip	app/diagnostics/checkout.tsx	0442d363b5d78c6ee6bb92148b2909a07e64d71db551e5c78596a577c7986d6d	6	screen-or-page	UNVERIFIED	UNVERIFIED
nabd_plus_patient_app.zip	app/diagnostics/insurance-approval.tsx	3317ed2fb333ffcfb1b768f43701c87efd054762a151b06ee14c692f67fa694e	287	screen-or-page	UNVERIFIED	UNVERIFIED
nabd_plus_patient_app.zip	app/diagnostics/insurance-upload.tsx	fea1029240afa878585e6cd6362341880827c6b80df633c38bdeedfc3d558a2a	426	screen-or-page	UNVERIFIED	UNVERIFIED
nabd_plus_patient_app.zip	app/diagnostics/lab/[id].tsx	74e9c7dcb803136279a4ef8f944de8afbe7fe0a033939d75d543312f5b919adb	186	screen-or-page	UNVERIFIED	UNVERIFIED
nabd_plus_patient_app.zip	app/diagnostics/lab-comparison.tsx	be6969d1332218956a3c235675a57a4a3e45b14afee04e991b3263e9a299699f	272	screen-or-page	UNVERIFIED	UNVERIFIED
nabd_plus_patient_app.zip	app/diagnostics/my-results.tsx	83e331a3961dc9ffaf03da4f219516f9fa92ef83f43d648e71dacb2260bbbaf2	202	screen-or-page	UNVERIFIED	UNVERIFIED
nabd_plus_patient_app.zip	app/diagnostics/order/[id].tsx	72d16403e4e370024f2460b78f2007cade087a961e351a8736d3501724c30e98	310	screen-or-page	UNVERIFIED	UNVERIFIED
nabd_plus_patient_app.zip	app/diagnostics/orders.tsx	5af2776c75b457e5175c7bb1089dbf64de21f89234725c0cd7489ef686029271	363	screen-or-page	UNVERIFIED	UNVERIFIED
nabd_plus_patient_app.zip	app/diagnostics/package-detail.tsx	11aa30c1c77fd422fb393e0814faf1131fc2d1c6995e885175d6242ebeee0390	163	screen-or-page	UNVERIFIED	UNVERIFIED
nabd_plus_patient_app.zip	app/diagnostics/packages.tsx	c72bf81b33f14036eda674aacf1aef078b68b1e46ea7d41b2d84390d2ccd1ba2	247	screen-or-page	UNVERIFIED	UNVERIFIED
nabd_plus_patient_app.zip	app/diagnostics/results-history.tsx	94e6d5156c5aa1c0b6da91e3a4b087ca2c9be746a6afaa5a80798e5636a14890	125	screen-or-page	UNVERIFIED	UNVERIFIED
nabd_plus_patient_app.zip	app/diagnostics/sample-tracking.tsx	23f4db8d0810ee3924f4922c3c5a8844b16744f29e8bf592481234055fbc3d56	6	screen-or-page	UNVERIFIED	UNVERIFIED
nabd_plus_patient_app.zip	app/diagnostics/search.tsx	8e7e8928ad02df3e8dca95ca5d41c4c07c3331fb2611a07d7e35baf8c97cae11	148	screen-or-page	UNVERIFIED	UNVERIFIED
nabd_plus_patient_app.zip	app/diagnostics/technician-tracking.tsx	4cd99908d596baf9e1625e10b6ae545b1d372e207bf95ac5ae71c7002b2dcd4d	6	screen-or-page	UNVERIFIED	UNVERIFIED
nabd_plus_patient_app.zip	app/diagnostics/test-detail.tsx	d2b802f4b9c76c90eaf533795bf692e356ca5ff597448749989536ae13983cf2	178	screen-or-page	UNVERIFIED	UNVERIFIED
nabd_plus_patient_app.zip	app/diagnostics/upload-rx.tsx	1bf443704c5aa1480f8a9bb1e196c82a3a42ed8b181d62df7a4c20bc18149fa2	7	screen-or-page	UNVERIFIED	UNVERIFIED
nabd_plus_patient_app.zip	app/drug-scanner/index.tsx	86ebd18fa847d396f1c5f64839d86f187c9613c290442b4764db4d0cceef3839	263	screen-or-page	UNVERIFIED	UNVERIFIED
nabd_plus_patient_app.zip	app/emergency/index.tsx	ee21ec71bc132939651f26c6ab0035ca8ba0979a3962eef6092e7ad4c6301136	5	screen-or-page	UNVERIFIED	UNVERIFIED
nabd_plus_patient_app.zip	app/emergency/sos-active.tsx	a2295e0840ae95f46a7879e96b65ad4cada043a4138c35de97722b8d55f52d58	207	screen-or-page	UNVERIFIED	UNVERIFIED
nabd_plus_patient_app.zip	app/emergency/sos.tsx	e3cabb52b1e19a80f2743eb818dbe28979b35070b173c4fa477ae5b87b00f382	315	screen-or-page	UNVERIFIED	UNVERIFIED
nabd_plus_patient_app.zip	app/emergency/tracking.tsx	d0725354447c85244ebc40d469df997a63b4f3c003ec1df91a6457131d97debe	148	screen-or-page	UNVERIFIED	UNVERIFIED
nabd_plus_patient_app.zip	app/family/calendar.tsx	aa3821a40e010dfb9d35b3081d74f7d8d8ca37afbdfcc32fbd4ae640b981d6bf	294	screen-or-page	UNVERIFIED	UNVERIFIED
nabd_plus_patient_app.zip	app/family/chat.tsx	1d7866e83313b504b2c3e7ecaedb058620d01c13eae206175752ebba8b7ea62f	188	screen-or-page	UNVERIFIED	UNVERIFIED
nabd_plus_patient_app.zip	app/family/emergency-contacts.tsx	76ba00687856038f9fdcafd5619202bc00e74afb8fe4799d73a767359826f722	193	screen-or-page	UNVERIFIED	UNVERIFIED
nabd_plus_patient_app.zip	app/family/hub.tsx	ba85062b5b7f0885a99d6c283baa445ae96385b2162ac1ec5a399c3a00368e65	261	screen-or-page	UNVERIFIED	UNVERIFIED
nabd_plus_patient_app.zip	app/family/index.tsx	ea3630f578f8498d9f3ef6aca5699265051d46a3c4760a25d1f5535102ac897d	5	screen-or-page	UNVERIFIED	UNVERIFIED
nabd_plus_patient_app.zip	app/family/invite.tsx	4ba35458d0a31cd7cf159647e6c4c1c67e2f828cae8b316217e7b04aecd6a276	157	screen-or-page	UNVERIFIED	UNVERIFIED
nabd_plus_patient_app.zip	app/family/join.tsx	5ac39d837d45443013f6c2a06b081b4e754186d0482e09a8a09ad10e3c66a714	251	screen-or-page	UNVERIFIED	UNVERIFIED
nabd_plus_patient_app.zip	app/family/member-health.tsx	318a6f6962ad969de2bdf13871b94baa5e93e68bd2f0cb654263b94f0ab0dc99	317	screen-or-page	UNVERIFIED	UNVERIFIED
nabd_plus_patient_app.zip	app/family/permission-request.tsx	648b8d83c6f210f1c592d83fb14371a89e0ab65adc7ac26ba2a5f9c7bc92a817	167	screen-or-page	UNVERIFIED	UNVERIFIED
nabd_plus_patient_app.zip	app/family/permissions.tsx	d3887b57c0f5bb4d90901ce747760699111b5b3870815d99913d24dd06843a39	408	screen-or-page	UNVERIFIED	UNVERIFIED
nabd_plus_patient_app.zip	app/family/scan.tsx	e6391edd94c1d70b2f0e72cccd5a118632de845df4df932c6ceec016bde058b7	95	screen-or-page	UNVERIFIED	UNVERIFIED
nabd_plus_patient_app.zip	app/family/shared-calendar.tsx	5ee6fdfbbbc8b0cd7c9ff4e99a219405d8f6461b8eb254434782468517e83919	8	screen-or-page	UNVERIFIED	UNVERIFIED
nabd_plus_patient_app.zip	app/health/actionable-order.tsx	449ee980c3106eea0b9402b004e069c4873e85ea0f25a5193936e6946f7786ac	160	screen-or-page	UNVERIFIED	UNVERIFIED
nabd_plus_patient_app.zip	app/health/add-family-member.tsx	69716690afd154c68e623e5aa6a5d0601feff85301e0b8ee6ce89a85c2a02911	6	screen-or-page	UNVERIFIED	UNVERIFIED
nabd_plus_patient_app.zip	app/health/chronic-disease.tsx	2e5d37000b3ac504569b42a1da40ff05d43a7da2199806296f64104283205765	203	screen-or-page	UNVERIFIED	UNVERIFIED
nabd_plus_patient_app.zip	app/health/chronic-medications.tsx	242f7c413ac96d189e7338a0603c0fa4522fc5258c87f2eef94bf0254776aa98	72	screen-or-page	UNVERIFIED	UNVERIFIED
nabd_plus_patient_app.zip	app/health/conditions-allergies.tsx	d70f0c111035eaa026c7e11e36671e7faf57d6029a01f6f33f2bf7472463f9d3	61	screen-or-page	UNVERIFIED	UNVERIFIED
nabd_plus_patient_app.zip	app/health/edit-profile.tsx	920cb8b9dc2234f4bc12dc292e98f9de311caf45e1429d92fadc902653758927	81	screen-or-page	UNVERIFIED	UNVERIFIED
nabd_plus_patient_app.zip	app/health/emergency-contacts.tsx	9b025b3e7088176b64534a8c1bded963ff299af540ec495f34f4d8b00f44f2fe	280	screen-or-page	UNVERIFIED	UNVERIFIED
nabd_plus_patient_app.zip	app/health/family-calendar.tsx	63488ba6ac5a338926abe399617d46782644470ea317a5890eb0fa0861924307	6	screen-or-page	UNVERIFIED	UNVERIFIED
nabd_plus_patient_app.zip	app/health/family-chat.tsx	fbe7857fbf0f9ea4e42dee542c2dff6335acfcd91b747cafa6d266a5a411d8b1	6	screen-or-page	UNVERIFIED	UNVERIFIED
nabd_plus_patient_app.zip	app/health/family-hub.tsx	a3909cdc8ff722429053f57d0a6f51e5cc0ea11d31507b8d5c8bf7bab9733b85	333	screen-or-page	UNVERIFIED	UNVERIFIED
nabd_plus_patient_app.zip	app/health/family-member-detail.tsx	f21dc80e027271dee8cc50e3bc333269f8692bb078c228654de9eb2c27eaad76	6	screen-or-page	UNVERIFIED	UNVERIFIED
nabd_plus_patient_app.zip	app/health/health-id.tsx	1d0cfcbe85f1375d9ff9d77ba18ce6435acb60041e4d167825b2d61dc34027d3	284	screen-or-page	UNVERIFIED	UNVERIFIED
nabd_plus_patient_app.zip	app/health/medication-reminder-add.tsx	81075056982b888ce5d0276024781cbfa4e6e3f483e812040a8db8c4f7001520	81	screen-or-page	UNVERIFIED	UNVERIFIED
nabd_plus_patient_app.zip	app/health/medication-reminder-list.tsx	99997b0eae6b6a4e252a5f7deae8097bb33dcbc63ef43832a7047426f52d0481	89	screen-or-page	UNVERIFIED	UNVERIFIED
nabd_plus_patient_app.zip	app/health/medications.tsx	e0defff9a005743d3728283015d5de0448c7367cb40db590a8c457dcbee2be06	65	screen-or-page	UNVERIFIED	UNVERIFIED
nabd_plus_patient_app.zip	app/health/prescriptions.tsx	9ef8d4e8641ff68859c2dc281b7d259708f294c3ef0437dff9fdb9f846d701a7	145	screen-or-page	UNVERIFIED	UNVERIFIED
nabd_plus_patient_app.zip	app/health/refills.tsx	3dcadb43d62d56716943b81dfb8a44c50c062d1924fbcb98fdac4259cc8c3dfa	203	screen-or-page	UNVERIFIED	UNVERIFIED
nabd_plus_patient_app.zip	app/health/reminders.tsx	18d77cf12a8a534811105b570d41e37d53d9ae1ced8eee16f228cb1d5dbd2a3a	6	screen-or-page	UNVERIFIED	UNVERIFIED
nabd_plus_patient_app.zip	app/health/reports.tsx	6574f0052e1e3dd7fa7e927ee524ef8cd31dbea8f3b30996a6cc46270ea91652	32	screen-or-page	UNVERIFIED	UNVERIFIED
nabd_plus_patient_app.zip	app/health/sleep-score.tsx	0b972641a26c3a5ca94341b9a5764cc34625da62628e7739d3cfe98586ff9987	180	screen-or-page	UNVERIFIED	UNVERIFIED
nabd_plus_patient_app.zip	app/health/sleep-tracker.tsx	4fc1144907762ea4811675a71091f2c7167c0fc27b5701506a48256b034b4c9e	219	screen-or-page	UNVERIFIED	UNVERIFIED
nabd_plus_patient_app.zip	app/health/smart-reminders.tsx	5232e24ffb7747c479108f278c6b2fde025ee77083589e06c3b68d92345a7e27	6	screen-or-page	UNVERIFIED	UNVERIFIED
nabd_plus_patient_app.zip	app/health/trends.tsx	a08673281a04cd407c8df123d835fc51b3ddea7a9bba44c272c56d154fa76a44	679	screen-or-page	UNVERIFIED	UNVERIFIED
nabd_plus_patient_app.zip	app/health/vitals-log.tsx	bbc0288d2d3bf15d89464a704fa44cea962fa66ad974c58e9eeab43162407d56	67	screen-or-page	UNVERIFIED	UNVERIFIED
nabd_plus_patient_app.zip	app/health/vitals.tsx	e28f1ae977a28b4ed32fe284f675054eff9ee0668f8ada3e0d001d205f0ac050	52	screen-or-page	UNVERIFIED	UNVERIFIED
nabd_plus_patient_app.zip	app/health/wearables.tsx	bdbf4af9ffcd414caba71dea8ffba9ef98ffef020f8c4bda89c6172f7a19b28f	232	screen-or-page	UNVERIFIED	UNVERIFIED
nabd_plus_patient_app.zip	app/index.tsx	e7ef3b39ab55d2eb22f6b8ef9c44f740e18a1e5475aa56554bf44edb0e9915a6	64	screen-or-page	UNVERIFIED	UNVERIFIED
nabd_plus_patient_app.zip	app/insurance/add-policy.tsx	57c84ef784eb079668c10c913919e60152163f8586a9b3d92f645032759fa24a	203	screen-or-page	UNVERIFIED	UNVERIFIED
nabd_plus_patient_app.zip	app/insurance/approval-pending.tsx	b48b1921bf72a7c6658dff4c17549310ea83e990963d054e875d839b55301229	191	screen-or-page	UNVERIFIED	UNVERIFIED
nabd_plus_patient_app.zip	app/insurance/benefits-summary.tsx	f5f31213f8f5a8aba005d0245afce88e7d665377660ca08e3b047543ba43f904	162	screen-or-page	UNVERIFIED	UNVERIFIED
nabd_plus_patient_app.zip	app/insurance/claim-tracking.tsx	a79760f4d4912737820feed13aee9ee42789ad87c8e0f440617d08481a3988de	154	screen-or-page	UNVERIFIED	UNVERIFIED
nabd_plus_patient_app.zip	app/insurance/copay.tsx	7ff35a2661d65523f577e5f01561f6d34bf1c5070dd9e3366186e808dc92fe10	134	screen-or-page	UNVERIFIED	UNVERIFIED
nabd_plus_patient_app.zip	app/insurance/coverage-check.tsx	578916a6df5d131848343f79b4c7256df5d04e91430bec06d9502b9baa46c7d8	263	screen-or-page	UNVERIFIED	UNVERIFIED
nabd_plus_patient_app.zip	app/insurance/hub.tsx	53f8e884394bdf0308e180e4d245b9564e48d84367ec4c627a1d069a6e659a70	517	screen-or-page	UNVERIFIED	UNVERIFIED
nabd_plus_patient_app.zip	app/insurance/index.tsx	14545ca352e5a30fb45ea67efcad9ee601caf4c62f325e58a0e2432c6e9ec279	7	screen-or-page	UNVERIFIED	UNVERIFIED
nabd_plus_patient_app.zip	app/insurance/network-providers.tsx	c4839e5baf194593122eb7919e1f5b1143204d68711f6f3a4f03d9f53f8ef249	345	screen-or-page	UNVERIFIED	UNVERIFIED
nabd_plus_patient_app.zip	app/insurance/payment-split.tsx	77234a94abb1ec6afe1b168c279b854e3a7adebcb7a7d1ec628096844768d2da	76	screen-or-page	UNVERIFIED	UNVERIFIED
nabd_plus_patient_app.zip	app/insurance/policy-detail.tsx	4ae02f4acd367d41f60605d380fd69249605f0ceadb40d1572d198acceffb5b0	175	screen-or-page	UNVERIFIED	UNVERIFIED
nabd_plus_patient_app.zip	app/insurance/refund-status.tsx	dc86528f1844c45dc362e785f252ef0a69e014880ed9d0d19933e7ed4b359bde	145	screen-or-page	UNVERIFIED	UNVERIFIED
nabd_plus_patient_app.zip	app/insurance/submit-claim.tsx	10394928e5bf67cd556b30b943ca91097ca0fa57aabe835abf17a89976265025	185	screen-or-page	UNVERIFIED	UNVERIFIED
nabd_plus_patient_app.zip	app/loyalty/challenges.tsx	fdc5a0846da4b64a7db06d9547ee70a71a7fa7e8d9daa91401659c17802e7aa7	195	screen-or-page	UNVERIFIED	UNVERIFIED
nabd_plus_patient_app.zip	app/loyalty/hub.tsx	8ffee0c60c11cc9b788089525e77ebe8628efe5a88b369acd586a60c3daa9878	430	screen-or-page	UNVERIFIED	UNVERIFIED
nabd_plus_patient_app.zip	app/loyalty/leaderboard.tsx	337510aae0d6d2c49f26c78adffe3326fc025ab31295cb3eac1cd302c1001340	293	screen-or-page	UNVERIFIED	UNVERIFIED
nabd_plus_patient_app.zip	app/loyalty/referrals.tsx	2ff46639a54bd3c7893368414cdc1e41a31a8f860661cdc0ae5fc5aaf4bed20f	322	screen-or-page	UNVERIFIED	UNVERIFIED
nabd_plus_patient_app.zip	app/loyalty/rewards.tsx	c5f536dd500febb91bc42829a5a207b40a7b16d1a4bd055850f1b374ddf8e2e7	162	screen-or-page	UNVERIFIED	UNVERIFIED
nabd_plus_patient_app.zip	app/map/index.tsx	1cea88a14f50d5529fa085dc846dc5d72f1e0b658948e72f585c39d13aa95791	775	screen-or-page	UNVERIFIED	UNVERIFIED
nabd_plus_patient_app.zip	app/maternity/baby-development.tsx	7665fd8bcc2b2ad856a115473b0bcb10cfc9dabbd4f6494144f955f5de708a83	3	screen-or-page	UNVERIFIED	UNVERIFIED
nabd_plus_patient_app.zip	app/maternity/baby-growth.tsx	8ec294db2f5a168388e21578bbfcf443ab856e6202be77bb8c6a3c502af0c235	3	screen-or-page	UNVERIFIED	UNVERIFIED
nabd_plus_patient_app.zip	app/maternity/fetus-data.ts	def8d25461322e3b90e6d2087394a6ff565357e0e40e920c62aac5fdcc4256f0	175	screen-or-page	UNVERIFIED	UNVERIFIED
nabd_plus_patient_app.zip	app/maternity/hub.tsx	cba131a48ea91b43bad1661bfdbdc2ba34cc9a8e7f22c78832ccb84381f77e6f	25	screen-or-page	UNVERIFIED	UNVERIFIED
nabd_plus_patient_app.zip	app/maternity/maternity-setup.tsx	e0aa4f39e9f62d77644b087517e001b2d2ae2ec56dc8e69834e7ac4fe0055e59	18	screen-or-page	UNVERIFIED	UNVERIFIED
nabd_plus_patient_app.zip	app/maternity/ovulation-tracker.tsx	3499b763ecc9f5da37ff87f6ddf8be551cc11b52bfbf5283559bacfba4f23642	3	screen-or-page	UNVERIFIED	UNVERIFIED
nabd_plus_patient_app.zip	app/maternity/pregnancy-tracker.tsx	fc8ae6098620a6ce9e10b537ff427cb9eff0a32274da9ec0ab2883701857ce21	3	screen-or-page	UNVERIFIED	UNVERIFIED
nabd_plus_patient_app.zip	app/mental-health/breathing.tsx	9da58e476a9f23a3d9fa17d7bc6b71859ffc766f04a85565e8d24059f68c685a	6	screen-or-page	UNVERIFIED	UNVERIFIED
nabd_plus_patient_app.zip	app/mental-health/crisis-support.tsx	bc22c54da4f5276c3f4a76782861caa73bc160874b0dfebd129883a13877c358	88	screen-or-page	UNVERIFIED	UNVERIFIED
nabd_plus_patient_app.zip	app/mental-health/hub.tsx	96fc93d538263877285a915572939d0e8b0fce7e337f4d11989f31fcaed1862d	71	screen-or-page	UNVERIFIED	UNVERIFIED
nabd_plus_patient_app.zip	app/mental-health/index.tsx	b467c2aada7990454331798bfaa8b4bc7b424c93549e14ad2790b6154f1c418c	7	screen-or-page	UNVERIFIED	UNVERIFIED
nabd_plus_patient_app.zip	app/mental-health/meditation.tsx	98f11b145564e23271bb11d784d5ef6ef47e19036edae5ccb033dbbfed8263ea	6	screen-or-page	UNVERIFIED	UNVERIFIED
nabd_plus_patient_app.zip	app/mental-health/mood-journal.tsx	1844cf68b1c3bf6623e58db2d9e5d0dccadb11a039353a432d75ab19306bd784	133	screen-or-page	UNVERIFIED	UNVERIFIED
nabd_plus_patient_app.zip	app/mental-health/self-assessment.tsx	a28e85a73d3a4f2a8a890cc6b6a44e2e78fd26c1a05399435481e99ad456d678	6	screen-or-page	UNVERIFIED	UNVERIFIED
nabd_plus_patient_app.zip	app/mental-health/therapist-match.tsx	1725c8a5e7e15367f0fe4d3ef388f207c5f31d52512fbce0c685ee0ad4b881e3	6	screen-or-page	UNVERIFIED	UNVERIFIED
nabd_plus_patient_app.zip	app/notifications/index.tsx	2c5b00004df30ba4319c5e2457c1e356d3a65294643f354aba0291106874f8b0	220	screen-or-page	UNVERIFIED	UNVERIFIED
nabd_plus_patient_app.zip	app/nursing/live-tracking.tsx	cd94c389753d95787efbfef4fd30fb9c161cb09f30a1928f800434d5951ada30	414	screen-or-page	UNVERIFIED	UNVERIFIED
nabd_plus_patient_app.zip	app/nursing/nurse-profile.tsx	1f609188f152f22121db7d67d9a5ca810206d724026fec3cd4dcc61f57ddbc13	450	screen-or-page	UNVERIFIED	UNVERIFIED
nabd_plus_patient_app.zip	app/nursing/service-details.tsx	dde79b00f2c7dba8fa139eed7978945fea09e3d31b54b4522a38972f30127d5b	287	screen-or-page	UNVERIFIED	UNVERIFIED
nabd_plus_patient_app.zip	app/nursing/service-info.tsx	0bc04aeb999508e95ab4289f192cdf031533fcd735ba1ccf400be3d1df4f71eb	157	screen-or-page	UNVERIFIED	UNVERIFIED
nabd_plus_patient_app.zip	app/nutrition/ai-meal-planner.tsx	658c25c9c94092cba157e02faab0c7033dc960d8b1cb2e575436ba8d6240b934	9	screen-or-page	UNVERIFIED	UNVERIFIED
nabd_plus_patient_app.zip	app/nutrition/ai-plan-builder.tsx	f9eeccb49726ce5a4a16103e44717ceac987b987bf09d8708bd14b4dfd29d9be	6	screen-or-page	UNVERIFIED	UNVERIFIED
nabd_plus_patient_app.zip	app/nutrition/body-composition.tsx	0b989702477157a1c011e6ec9996c24e4f963fbc88619a8dbceb4fe457f16c62	6	screen-or-page	UNVERIFIED	UNVERIFIED
nabd_plus_patient_app.zip	app/nutrition/body-target.tsx	0d7a415ec0049763cf91e2aa3093ebd02d43863452e236ca5070df9e968f5bc3	26	screen-or-page	UNVERIFIED	UNVERIFIED
nabd_plus_patient_app.zip	app/nutrition/calorie-analyzer.tsx	6ad5406d95673c260515cbe23fd0d8fe20043d5db250160eecb56530e0529f10	6	screen-or-page	UNVERIFIED	UNVERIFIED
nabd_plus_patient_app.zip	app/nutrition/daily-tracker.tsx	bc760f670a54aee4098835ffb43889c08120dde98bca2d70769a106081c00c0b	50	screen-or-page	UNVERIFIED	UNVERIFIED
nabd_plus_patient_app.zip	app/nutrition/exercise-plan.tsx	a1ce179b3d8bdabab9f3ebb2461a22c04f06ca344369ebe126927b951c2332c8	6	screen-or-page	UNVERIFIED	UNVERIFIED
nabd_plus_patient_app.zip	app/nutrition/food-scanner.tsx	350a6804492a5a00d7d858f7a8b600770cb88d745248ef17348995f58558845b	6	screen-or-page	UNVERIFIED	UNVERIFIED
nabd_plus_patient_app.zip	app/nutrition/hub.tsx	4c8f095c34463ce1f580e2ebc75d7d4a7a094261b1842c66f73c997c833bbaf0	35	screen-or-page	UNVERIFIED	UNVERIFIED
nabd_plus_patient_app.zip	app/nutrition/index.tsx	8cb5a3bba461468aac397d1960e06415c4def7a88bc95300455ff4196cb72ace	7	screen-or-page	UNVERIFIED	UNVERIFIED
nabd_plus_patient_app.zip	app/nutrition/log-meal.tsx	a165d65228d897d2de9fa8b53b30bc1474b901c1fe9c0e91ea89fd91cdb2d2af	51	screen-or-page	UNVERIFIED	UNVERIFIED
nabd_plus_patient_app.zip	app/nutrition/nutrition-plan.tsx	7c075daa4f22238e075da58491633abb63cc344dcffcdae4a5dedd5767d2d45d	9	screen-or-page	UNVERIFIED	UNVERIFIED
nabd_plus_patient_app.zip	app/nutrition/water-tracker.tsx	f7dbf23f9c9cb405ae14be5f8819db9365e3895a95a2133b1c9f010d7183dd99	6	screen-or-page	UNVERIFIED	UNVERIFIED
nabd_plus_patient_app.zip	app/offers/[id].tsx	3661ad59748d4e438acceaf0673554b3ff8fdc7526644ed10d63cb544ab0fda8	233	screen-or-page	UNVERIFIED	UNVERIFIED
nabd_plus_patient_app.zip	app/offers/index.tsx	871f6b5c12f74085f1a0d910807cf54752e02e4f16fb390a4f56342d076d437e	96	screen-or-page	UNVERIFIED	UNVERIFIED
nabd_plus_patient_app.zip	app/orders/index.tsx	fe4853360b1a19fe3a20d1423dbcbd7daecaad66c0a0fff515066b67c34baf61	286	screen-or-page	UNVERIFIED	UNVERIFIED
nabd_plus_patient_app.zip	app/payments/failed.tsx	1858c4beb96f631fda1c14696db4bc195322f6bae6d9e3610cb4f2e6de442ade	158	screen-or-page	UNVERIFIED	UNVERIFIED
nabd_plus_patient_app.zip	app/payments/failure.tsx	f71575e839c6550c8f0a51538ac6f7e24564678c79c04eb34919fb5b4d1a5503	102	screen-or-page	UNVERIFIED	UNVERIFIED
nabd_plus_patient_app.zip	app/payments/processing.tsx	638feb10324c8adb6c975416f575290b9a2e7bca545df46a8ee49b6718522d5f	556	screen-or-page	UNVERIFIED	UNVERIFIED
nabd_plus_patient_app.zip	app/payments/success.tsx	ff3ab74ce43dcbfc82c382da78a65f87325a5acc705dd11f188f7c0742e000cf	142	screen-or-page	UNVERIFIED	UNVERIFIED
nabd_plus_patient_app.zip	app/pharmacy/barcode-scanner.tsx	061cde61ee72280fff16ae0bd2dc30e8fee5c0a4f349ff30ab3875ac59fe687d	239	screen-or-page	UNVERIFIED	UNVERIFIED
nabd_plus_patient_app.zip	app/pharmacy/broadcast-status.tsx	c4ed4e617646a2a3e8066fc98df6436927fa334d1c156b5c817529ea72635027	103	screen-or-page	UNVERIFIED	UNVERIFIED
nabd_plus_patient_app.zip	app/pharmacy/cart.tsx	3aabb16d4603e817318611d58771fdd7b74a22b3dafbb393010674740c1983b7	262	screen-or-page	UNVERIFIED	UNVERIFIED
nabd_plus_patient_app.zip	app/pharmacy/chat-with-pharmacist.tsx	3f8ed490c5795c997eb8864840f032fc645b34747ccc87bc9733bb3a602e4712	549	screen-or-page	UNVERIFIED	UNVERIFIED
nabd_plus_patient_app.zip	app/pharmacy/checkout.tsx	4177253a8e409ef4fc180ef70081e75ddbc686a2b7a5d4533b0133760c2d69fb	425	screen-or-page	UNVERIFIED	UNVERIFIED
nabd_plus_patient_app.zip	app/pharmacy/custom-item.tsx	d181b681d23b2a0ce8ed4e31ad448e24cec7d1ad879dfa404e803e767b2b597a	405	screen-or-page	UNVERIFIED	UNVERIFIED
nabd_plus_patient_app.zip	app/pharmacy/drug-not-found.tsx	5362dfe3eabbe537a53897748876428ab5dd598ec89306a5c2d39d52494b5af3	156	screen-or-page	UNVERIFIED	UNVERIFIED
nabd_plus_patient_app.zip	app/pharmacy/filters.tsx	8e40f1cbd8dab5ac2df8c2e541a7410639729b4c9ab01c86eab60d5b55419ff4	381	screen-or-page	UNVERIFIED	UNVERIFIED
nabd_plus_patient_app.zip	app/pharmacy/manual-order.tsx	9d2f1f8a8fcbeeae52a0f45c51bcd58b77ea6ee45a39e2d2757a32a7888886e8	141	screen-or-page	UNVERIFIED	UNVERIFIED
nabd_plus_patient_app.zip	app/pharmacy/medicine-compare.tsx	04d486c9fc00314543f00b43212bb0e9d57e3926dd1b7c7c28f43af1538ed419	143	screen-or-page	UNVERIFIED	UNVERIFIED
nabd_plus_patient_app.zip	app/pharmacy/order-confirm.tsx	9f086041c0174ab84abb1e11c8e2725bfe86ef1efd5996912caed2a22bba0322	219	screen-or-page	UNVERIFIED	UNVERIFIED
nabd_plus_patient_app.zip	app/pharmacy/order-history.tsx	031c7b56c87d31562da6621a73bd7249274985c8f0b3d52f2f061daad492e0b6	338	screen-or-page	UNVERIFIED	UNVERIFIED
nabd_plus_patient_app.zip	app/pharmacy/order-tracking.tsx	dbc97efdff695a5df2e8bab953037aa712bf6566478206d234ff26c23c37c27b	251	screen-or-page	UNVERIFIED	UNVERIFIED
nabd_plus_patient_app.zip	app/pharmacy/payment.tsx	779f54f75a7a18a253bab5b1ad7367d2f2db82314905033f31aa476f9d525759	259	screen-or-page	UNVERIFIED	UNVERIFIED
nabd_plus_patient_app.zip	app/pharmacy/pharmacist-chat.tsx	d952395aa04b4bb1dc823815e98f40e8c2f08975c5aad49fb70dface12e3a6bb	424	screen-or-page	UNVERIFIED	UNVERIFIED
nabd_plus_patient_app.zip	app/pharmacy/product-detail.tsx	802cf1459cdb0cb7b70519063a0ff2bddbfbb3bd021fe81fa7cfdfd1b0f80001	562	screen-or-page	UNVERIFIED	UNVERIFIED
nabd_plus_patient_app.zip	app/pharmacy/product-search.tsx	0005041059b8770eece65b4964eb543bcb1d58a5746c5b16e377a17f2991edb0	5	screen-or-page	UNVERIFIED	UNVERIFIED
nabd_plus_patient_app.zip	app/pharmacy/reorder.tsx	4b591796241f9ed827cd3b34a69ad652919f87148911d91158279f98e92a1e32	159	screen-or-page	UNVERIFIED	UNVERIFIED
nabd_plus_patient_app.zip	app/pharmacy/rx-order.tsx	3cc1d5f9ce284fb3f5cca5d3b0cf349ccc307686d3a0d0a664563fbd400777a7	128	screen-or-page	UNVERIFIED	UNVERIFIED
nabd_plus_patient_app.zip	app/pharmacy/scan-prescription.tsx	a4f7cf9619f28dedac29e3e22e2a643e149f679db300a0a88bd7f8b5989bcdbb	375	screen-or-page	UNVERIFIED	UNVERIFIED
nabd_plus_patient_app.zip	app/pharmacy/waiting-for-pharmacy.tsx	b9f7c19a3e588432eac96448849b4fd5562bac907c5eb94367a54ef6c3b30d1b	350	screen-or-page	UNVERIFIED	UNVERIFIED
nabd_plus_patient_app.zip	app/pharmacy/wishlist.tsx	64c686f15d84d4219dccf4ed686ace5e91d4d856f38c94ecc423647c506d0fc2	246	screen-or-page	UNVERIFIED	UNVERIFIED
nabd_plus_patient_app.zip	app/profile/addresses.tsx	73cf41a063ff135357f00b6d68326d5981644a7ef70b46a37e0bb0e30c511208	180	screen-or-page	UNVERIFIED	UNVERIFIED
nabd_plus_patient_app.zip	app/profile/edit.tsx	a9362180e311599edf0d8ea49abd4c0e7ea746d111b3d97f2368d9aeb579e807	5	screen-or-page	UNVERIFIED	UNVERIFIED
nabd_plus_patient_app.zip	app/profile/index.tsx	78b896329c7f52dbf8561e8c23744fc001b56344515c0d8f2326222b51ad5708	131	screen-or-page	UNVERIFIED	UNVERIFIED
nabd_plus_patient_app.zip	app/profile/insurance.tsx	91c5eebbcf8f98b014f8f2d38bb38b7b9bd45e17a71e276ba1bbb6db2a5fe27c	337	screen-or-page	UNVERIFIED	UNVERIFIED
nabd_plus_patient_app.zip	app/programs/active.tsx	7fb2f438eba2f5abfc89ab038e37328fcecb5b03b2e5e8f08117ae502e6aeb3f	224	screen-or-page	UNVERIFIED	UNVERIFIED
nabd_plus_patient_app.zip	app/reports/ai-analysis.tsx	2e4396588baa2889dfa59df09ad58836c844e37b886f8c93e92abaabb69e6d1c	6	screen-or-page	UNVERIFIED	UNVERIFIED
nabd_plus_patient_app.zip	app/reports/hub.tsx	1c530e071267b80b77603e77049f71aab6241c1dfdd2fc2e542e140e461a6efc	281	screen-or-page	UNVERIFIED	UNVERIFIED
nabd_plus_patient_app.zip	app/reports/passport.tsx	c2c95e9dbf2ddbf6b88127c89aee1f01b6b79f63d60c27e684c0a720b955de18	329	screen-or-page	UNVERIFIED	UNVERIFIED
nabd_plus_patient_app.zip	app/reports/timeline.tsx	46a74fd6b9dab336e5b45e3bbffdc6e69e5d929f4a86f8f1c17e763c32ae480a	292	screen-or-page	UNVERIFIED	UNVERIFIED
nabd_plus_patient_app.zip	app/reports/view-report.tsx	cdac162971c521b8119b84e2f92254926d1d3f30fef7d784ad1099b775e4d862	262	screen-or-page	UNVERIFIED	UNVERIFIED
nabd_plus_patient_app.zip	app/returns/detail.tsx	b55465cf207aa9cdaf3cef9692c060809e806d993541cb1a017a83e8c13b5de4	283	screen-or-page	UNVERIFIED	UNVERIFIED
nabd_plus_patient_app.zip	app/returns/hub.tsx	5455f0c80d089b77004efcb360c08568879bfdad2ce981fd8e0866b78c2ef9d8	407	screen-or-page	UNVERIFIED	UNVERIFIED
nabd_plus_patient_app.zip	app/returns/new-request.tsx	508c731a6db9082334dded5e4a0774c02dc62d7000c5f15dc9f365e2c1d2225e	347	screen-or-page	UNVERIFIED	UNVERIFIED
nabd_plus_patient_app.zip	app/reviews/index.tsx	58497e2a9618db032f00b99080c92b1fadd4777afc88e6724afd6e8da64d6c0c	333	screen-or-page	UNVERIFIED	UNVERIFIED
nabd_plus_patient_app.zip	app/rn_screens.json	507daa94eef666924f9f9e581418549bb126220e5d71989172ed18033f2d05e1	838	screen-or-page	UNVERIFIED	UNVERIFIED
nabd_plus_patient_app.zip	app/room/[id].tsx	fd8546f51586a25fe7be54e6ec20c14eac36a8de36d868929c3e5728759caf44	295	screen-or-page	UNVERIFIED	UNVERIFIED
nabd_plus_patient_app.zip	app/s/[type]/[slug].tsx	b300425b6ad43cde9589a9cbb210bb98b50a477470c0145449e86e7e5831fdc2	58	screen-or-page	UNVERIFIED	UNVERIFIED
nabd_plus_patient_app.zip	app/search/index.tsx	80389867a6260b6c5fff35bcf2c54e35373050af11d3cb850f74f1ed63af8935	235	screen-or-page	UNVERIFIED	UNVERIFIED
nabd_plus_patient_app.zip	app/services/index.tsx	1666c84c16682a096130eebef871ed7ed92c083bfd568203ab5b54989070a5bf	124	screen-or-page	UNVERIFIED	UNVERIFIED
nabd_plus_patient_app.zip	app/settings/about.tsx	1330ae41b08a18f7d8503249f8e572209b5104c9ebfb55d8c6b1651f344db403	398	screen-or-page	UNVERIFIED	UNVERIFIED
nabd_plus_patient_app.zip	app/settings/data.tsx	c07b14c3bb1a1267584a021ae601f5b8e17b0d8db5a0b49134d6b2f7501a79a9	221	screen-or-page	UNVERIFIED	UNVERIFIED
nabd_plus_patient_app.zip	app/settings/feedback.tsx	1d1cedad8fc7e2ef06528b46392b6373fa0d24ddede93ff8048808f017943331	234	screen-or-page	UNVERIFIED	UNVERIFIED
nabd_plus_patient_app.zip	app/settings/help.tsx	c99fd09f18b5312eb8f0d88fcae4bada665d965ff88017e16143dd50bf3dbe3e	290	screen-or-page	UNVERIFIED	UNVERIFIED
nabd_plus_patient_app.zip	app/settings/index.tsx	4045e994f47d1ed060d7a3ba9d5a994b50e6bb872d8580e504173adb15dd87e1	236	screen-or-page	UNVERIFIED	UNVERIFIED
nabd_plus_patient_app.zip	app/settings/language.tsx	a50f4e891637009c732f408f2ae0b8f5163cd505d33c513b434abefa77b3c792	60	screen-or-page	UNVERIFIED	UNVERIFIED
nabd_plus_patient_app.zip	app/settings/notifications-settings.tsx	769171a9bf784d0f0397e3feea673c5e845e9fe53ef74773431148849c4955b3	358	screen-or-page	UNVERIFIED	UNVERIFIED
nabd_plus_patient_app.zip	app/settings/notifications.tsx	99dd68e29559d361663d6303f43406e629d545695175d8fec60ff4da9e9fbe4b	8	screen-or-page	UNVERIFIED	UNVERIFIED
nabd_plus_patient_app.zip	app/settings/privacy.tsx	6b675764d848138498d6f73c76e836da38fef810e9072cabd808e1fefe930abb	231	screen-or-page	UNVERIFIED	UNVERIFIED
nabd_plus_patient_app.zip	app/settings/security.tsx	886b8c82d9cea839d7c83c36cd006f074735c86ada1d1a3d2cc29434fcc7edf1	430	screen-or-page	UNVERIFIED	UNVERIFIED
nabd_plus_patient_app.zip	app/settings/support-chat.tsx	0fd0f3a07b50e5563254eef515a33f73929d482bf2affa2d44cf7b9d97b558ae	5	screen-or-page	UNVERIFIED	UNVERIFIED
nabd_plus_patient_app.zip	app/settings/terms.tsx	80b467688976e2c7c11c5190aa7dd3e52142e3781ede56b0b2260309e12bceea	196	screen-or-page	UNVERIFIED	UNVERIFIED
nabd_plus_patient_app.zip	app/shared/location-picker.tsx	1e0157c50ebd0c70fe29732d03a9cb07e3fb52fba39b72247aa7bc1594512557	871	screen-or-page	UNVERIFIED	UNVERIFIED
nabd_plus_patient_app.zip	app/support/chat.tsx	7269f2404e7b47cb671a77bc064f8c3cc0b340d68e82796756690f8d1c8d3877	398	screen-or-page	UNVERIFIED	UNVERIFIED
nabd_plus_patient_app.zip	app/support/ticket.tsx	2bb4a007efe26968918a27154d26702fdf9903e630233e843f160581dad4e40e	142	screen-or-page	UNVERIFIED	UNVERIFIED
nabd_plus_patient_app.zip	app/voice/index.tsx	66fee3147af7b2e95d48845b350e23b4c9d7415db7de39e92f3064d93b59539e	163	screen-or-page	UNVERIFIED	UNVERIFIED
nabd_plus_patient_app.zip	app/wallet/cards.tsx	57a035c92154ea2463a9e9d40658c153aec70ea344a99d9f4ea5dea5c535ec94	505	screen-or-page	UNVERIFIED	UNVERIFIED
nabd_plus_patient_app.zip	app/wallet/hub.tsx	ab7d3f0514b46c93e616fbc92e477dd1f6fa5fa5894744fc30271a3c4d754373	458	screen-or-page	UNVERIFIED	UNVERIFIED
nabd_plus_patient_app.zip	app/wallet/topup.tsx	1a30494132fc450df28200e370b711527682c5fd3e0a08848b0a189b5262d127	264	screen-or-page	UNVERIFIED	UNVERIFIED
nabd_plus_patient_app.zip	app/wallet/transactions.tsx	2c72048b63d178b902dfe8d02ea41da06db67a2b52ccbe3856f312ced752a67d	222	screen-or-page	UNVERIFIED	UNVERIFIED
nabd_plus_patient_app.zip	app/wallet/transfer.tsx	23db9eeab19a6c00eab740e2d587e71fb1ae5de372c036645ca85d36ab5aeb28	200	screen-or-page	UNVERIFIED	UNVERIFIED
nabd_plus_patient_app.zip	app/wearables/hub.tsx	3f924a0d33e01e499f005922c920987175640c5404da4c4b0fe20cb3760afcd8	269	screen-or-page	UNVERIFIED	UNVERIFIED
nabd_plus_patient_app.zip	google-services.json	ea2baa5de1def95c7ccf94bd22e473a2ba81cb48f48750a7679b2a1664a97ec7	48	service	UNVERIFIED	UNVERIFIED
nabd_plus_patient_app.zip	src/__tests__/auth/AccountLockoutService.test.ts	9427b915b2a53aee6437731fc89a6f7381d6c19d9d505833af0be591304e78d2	36	other	UNVERIFIED	UNVERIFIED
nabd_plus_patient_app.zip	src/__tests__/auth/PasswordPolicyService.test.ts	c6f91e8bd10244cf0b1a6264dac7e87a5746f40249458f67ae3d2b766aa3dc04	26	other	UNVERIFIED	UNVERIFIED
nabd_plus_patient_app.zip	src/__tests__/auth/SessionManager.test.ts	55743efcf677eb7e07f1886db09b71e4600f95e8968e1437ffcc94a30d8d4ce1	73	other	UNVERIFIED	UNVERIFIED
nabd_plus_patient_app.zip	src/__tests__/mocks/MockDataSources.ts	5c6f9f3332c7e5f607c78bebcfd77accb75ae894256111e1b02cf13ba6fcbf58	74	other	UNVERIFIED	UNVERIFIED
nabd_plus_patient_app.zip	src/__tests__/utils/testUtils.ts	3afd364633ff7499c1e5f0c0059b5a484479f3aee58a4479fd4eb304dea20908	151	other	UNVERIFIED	UNVERIFIED
nabd_plus_patient_app.zip	src/components/BodyMap3D.tsx	96c09d84e4ebf976c29d3b82e681c960a26080befcc3f8b5cf38cbc2ec0e2f04	230	other	UNVERIFIED	UNVERIFIED
nabd_plus_patient_app.zip	src/components/BottomNavBar.tsx	af48ca5d99e729816ceba7e61cfe90a44f81127639b9d0495f899ef7de2d2398	172	other	UNVERIFIED	UNVERIFIED
nabd_plus_patient_app.zip	src/components/Header.tsx	7fa84355053d44be077ea9db11aae9cc763b07c798d244fac23502c9c81199ef	247	other	UNVERIFIED	UNVERIFIED
nabd_plus_patient_app.zip	src/components/HeartbeatLogo.tsx	25522d8ecae994d8bf6ee2b72bd877c1c42bb4ffd31cb15abd96884539089831	80	other	UNVERIFIED	UNVERIFIED
nabd_plus_patient_app.zip	src/components/Icon.tsx	d65396255f099de87336379c418b910bac4cc3adab75f8e5c65a567ed11c4a60	80	other	UNVERIFIED	UNVERIFIED
nabd_plus_patient_app.zip	src/components/LocalizedAlert.ts	7c68bca0549af320f09de34eaa9da1ad9b6a672e98e547b3fbce4ddfbf4a8b9e	16	other	UNVERIFIED	UNVERIFIED
nabd_plus_patient_app.zip	src/components/LocalizedText.tsx	789936414a36a59debe6b279f37db637775e66d54fdadfafb3ba3b92f75d0260	17	other	UNVERIFIED	UNVERIFIED
nabd_plus_patient_app.zip	src/components/MapPrimitives.native.tsx	36e452979d932071e6226e082b2b9d8e55721e5d6a1db593001064d977ff5f33	2	other	UNVERIFIED	UNVERIFIED
nabd_plus_patient_app.zip	src/components/MapPrimitives.web.tsx	09d03b25f69d8ff6c57da5b62ff389df9dea56f144a6db73eb1ffd83599658c9	59	other	UNVERIFIED	UNVERIFIED
nabd_plus_patient_app.zip	src/components/NabdahLogo.tsx	f858ac05f33c3c4d35cd2012d55f444a1e80c12064dc41e2f8a8ce91c72deb96	81	other	UNVERIFIED	UNVERIFIED
nabd_plus_patient_app.zip	src/components/NotificationHandler.tsx	a0134cfc29c2cc0b5a93a285876a5f2e6e86f5e09fd9d5c7ee59248da9553256	162	other	UNVERIFIED	UNVERIFIED
nabd_plus_patient_app.zip	src/components/OfflineBanner.tsx	6cb19b221d886adce5a9ad6aba5cf165d8dbe7cda807f20a43b163c846eba1c9	55	other	UNVERIFIED	UNVERIFIED
nabd_plus_patient_app.zip	src/components/ProductImage.tsx	77bc0bb06f1fe386b0bc99fb7d08f5f0b3766e709a5d26bb669992c2a5b93dd4	63	other	UNVERIFIED	UNVERIFIED
nabd_plus_patient_app.zip	src/components/RotatingCardImage.tsx	0faa6abb2579e526036da41b37e4ffd786737f6895752c3f8e931cf0da3313ee	50	other	UNVERIFIED	UNVERIFIED
nabd_plus_patient_app.zip	src/components/ScreenStates.tsx	310b06ce9b5faa89469ddf36bb3e9d2f1e2edd98b7d53502dd783ade789ba808	120	other	UNVERIFIED	UNVERIFIED
nabd_plus_patient_app.zip	src/components/__tests__/bottomNavLocale.test.ts	6c06ffceb5d8b588045bf67fe825034c73b996373e80cd0c9f6fd71ac92c5872	20	other	UNVERIFIED	UNVERIFIED
nabd_plus_patient_app.zip	src/components/__tests__/ui-accessibility.test.ts	d4e7b64c575e7f7a3e6794bb788f9e7cdff6e17de2b234f63cc8d6dfcbbf9af0	13	other	UNVERIFIED	UNVERIFIED
nabd_plus_patient_app.zip	src/components/animations.tsx	f7f6f0fd4d0faadcf8291ca5a73331944acdea24b46ba8f85fcbe46bb6053f53	245	other	UNVERIFIED	UNVERIFIED
nabd_plus_patient_app.zip	src/components/bottomNavLocale.ts	fab596b0ca00e96443127ab47c91a03c0c551ec89dece7f2d7194736d01d6b7b	20	other	UNVERIFIED	UNVERIFIED
nabd_plus_patient_app.zip	src/components/livekit-view.tsx	2d7d42ccbb7f55af991f4ce834f181ca9b30787487e70d845d359b339d470acc	197	gateway	UNVERIFIED	UNVERIFIED
nabd_plus_patient_app.zip	src/components/ui.tsx	3af22e58dc1ae29c96b42fd7bfe1751208bfa946a6d58aeb8787520e8e5f52b8	673	other	UNVERIFIED	UNVERIFIED
nabd_plus_patient_app.zip	src/config/chatSecurity.ts	d917d679a39c6338352adaca55c9d68a768f0e4c8761277ef90e80c53b952787	150	other	UNVERIFIED	UNVERIFIED
nabd_plus_patient_app.zip	src/config/deepLinks.ts	a4b83ba3c176dbd232c9ca29a3f830b64297e2f9682a1cd77a4031e55f52e362	217	other	UNVERIFIED	UNVERIFIED
nabd_plus_patient_app.zip	src/config/seo.ts	96c6a44788b9372305d990d557deb74a7086d8ee8e5bb83e326d2295f5ba1ecf	226	other	UNVERIFIED	UNVERIFIED
nabd_plus_patient_app.zip	src/constants/index.ts	6d24960799f3542110f9c350d9cb1b37a132c8c07a9fba6bce017abfc29b3ba0	198	other	UNVERIFIED	UNVERIFIED
nabd_plus_patient_app.zip	src/constants/specialties.ts	7816414d7db3b05526fb1f9468b40c4f2e32f60bf01f1da97c73eac47aaf4374	164	other	UNVERIFIED	UNVERIFIED
nabd_plus_patient_app.zip	src/context/AppContext.tsx	2ea646c4c009a2736244c00dc901b0cccdd97e59cbf7c84228d4d53797735c1e	186	other	UNVERIFIED	UNVERIFIED
nabd_plus_patient_app.zip	src/context/CartContext.tsx	fe25d508eecb5532cc8410072b56abe3b5ca07571a596f1f5e6af2f2c3f12b59	198	other	UNVERIFIED	UNVERIFIED
nabd_plus_patient_app.zip	src/context/ConsultationsContext.tsx	00edc5e621e87da0926dc77fb8d0d4502b18bf951e4848767c20819c0f239f9b	69	other	UNVERIFIED	UNVERIFIED
nabd_plus_patient_app.zip	src/context/DiagnosticsCartContext.tsx	4f1cec9e1680dc302805d1ea4be83a397587bf553bd73610ec86c79abbf886df	135	other	UNVERIFIED	UNVERIFIED
nabd_plus_patient_app.zip	src/context/SocketContext.tsx	2853fe908eafc79610af4ee3607e8ad0f75987c8ac63d553e9cd4942955248b3	215	other	UNVERIFIED	UNVERIFIED
nabd_plus_patient_app.zip	src/core/config/ConfigManager.ts	93c0d6529b2e8a890d9f8ff1ab80ae6277888f48bc16ceb2963512c681d70ac7	247	other	UNVERIFIED	UNVERIFIED
nabd_plus_patient_app.zip	src/core/config/index.ts	7c39172529ed7df9da8fb94d17c2cec6a1108d829a65110d864c924e3bb131f5	9	other	UNVERIFIED	UNVERIFIED
nabd_plus_patient_app.zip	src/core/data/AsyncStorageDataSource.ts	3260dca994aa33499603795cad2b2695f842c284b51ae0891aa3d27e8b377609	101	other	UNVERIFIED	UNVERIFIED
nabd_plus_patient_app.zip	src/core/data/BaseRepository.ts	03e5deb2b127da9a490c5ab54bebe0dca59d5945b95d5710830706381c6deaf8	59	other	UNVERIFIED	UNVERIFIED
nabd_plus_patient_app.zip	src/core/data/HttpRemoteDataSource.ts	9cbb53d2e6925755a4307a37ac122a3ba3c6dbbc8204728bd7fa02185d036523	102	other	UNVERIFIED	UNVERIFIED
nabd_plus_patient_app.zip	src/core/data/IRepository.ts	f63e4bd523101748df4e551fb549d772a85c6ce5363baaedb1e379fa3a252fb2	23	other	UNVERIFIED	UNVERIFIED
nabd_plus_patient_app.zip	src/core/data/Interfaces.ts	cf5418cbe918eb0fca70a90d513e6360c3b41f446db3eaba6bd8a1b891fef269	42	other	UNVERIFIED	UNVERIFIED
nabd_plus_patient_app.zip	src/core/data/Repository.ts	bc2d65d04648050f34bdd976f924d5b159658964b3668f90a23e8da4711fc9c2	225	other	UNVERIFIED	UNVERIFIED
nabd_plus_patient_app.zip	src/core/data/UserRepository.ts	d86211278e4e9784657c9ab448642c6c58d399be3409360fad9e82690a063840	63	other	UNVERIFIED	UNVERIFIED
nabd_plus_patient_app.zip	src/core/data/index.ts	655eb0c5c21d395874e3d134d1b706821e4f026f09035bda6f44cebe1e0f0617	14	other	UNVERIFIED	UNVERIFIED
nabd_plus_patient_app.zip	src/core/di/Container.ts	0c79bc3bf92ffa5c45b72902f5c8b30c0570c62ece2ef9d62464a4cc5556fb63	160	other	UNVERIFIED	UNVERIFIED
nabd_plus_patient_app.zip	src/core/domain/Result.ts	fab6229935207f01e48a8df57ea5c8de9dd73a189c0c71b47a37cad212939e58	44	other	UNVERIFIED	UNVERIFIED
nabd_plus_patient_app.zip	src/core/domain/dtos/index.ts	612db9a0d982a13a3ec31e4fdff2da763a786ac604f9a1bc2d24b1a6e18d8982	22	dto	UNVERIFIED	UNVERIFIED
nabd_plus_patient_app.zip	src/core/domain/entities/Clinical.ts	214653779f0536483be58dc1a19896240d16834c3ede77e7d899cdba35aaed41	46	other	UNVERIFIED	UNVERIFIED
nabd_plus_patient_app.zip	src/core/domain/entities/Commerce.ts	dd2a15058ad8dfedba673d5b38a75ddf61facda669333bb3ac5823098ea5c902	98	other	UNVERIFIED	UNVERIFIED
nabd_plus_patient_app.zip	src/core/domain/entities/Users.ts	5f125bccbc2eb6aa0e7be583f671b6b918ece9820f4ea2a825a2fbd52d3dc2a3	84	other	UNVERIFIED	UNVERIFIED
nabd_plus_patient_app.zip	src/core/domain/entities/index.ts	c6df63e0b6a5ef9260d99e5a41973b8a64f91c65a952859fcc29308e2f187cc4	3	other	UNVERIFIED	UNVERIFIED
nabd_plus_patient_app.zip	src/core/domain/errors/index.ts	18254049e8ebee34cf1e49dff3918f3c003cea619008feaac9bfc93e3ae91aa9	28	other	UNVERIFIED	UNVERIFIED
nabd_plus_patient_app.zip	src/core/domain/mappers/BaseMapper.ts	d8af0bfe1658dd33508e78d3c1d4709f7efb2bc7cf193416fa4447032212c76e	22	other	UNVERIFIED	UNVERIFIED
nabd_plus_patient_app.zip	src/core/domain/pagination/index.ts	a172b1e8eddcbe9966d329192d253f00a264e73fa387e0eb2eaeb44fb00736aa	34	other	UNVERIFIED	UNVERIFIED
nabd_plus_patient_app.zip	src/core/domain/specifications/index.ts	8d6b2224afd5bc082a1bd8f74cbf4666541697a445ff87ad7eaeeba109af2de3	43	other	UNVERIFIED	UNVERIFIED
nabd_plus_patient_app.zip	src/core/domain/value-objects/index.ts	83fc0dd0c03ba027e8eef144468777757e5a097fa9c69042915b05b858cd6f6b	60	other	UNVERIFIED	UNVERIFIED
nabd_plus_patient_app.zip	src/core/events/AuditManager.ts	3a3f343646e6cca632bdd38f0999ade8b9b53018118038f3af1d2e0ffd49015e	70	other	UNVERIFIED	UNVERIFIED
nabd_plus_patient_app.zip	src/core/events/EventBus.ts	99cf832ddcae38dc957da787f6a03093f5d46873a4f170fe8651c2e5c590874a	59	other	UNVERIFIED	UNVERIFIED
nabd_plus_patient_app.zip	src/core/platform/auth/AccountLockoutService.ts	6a502ff2e26567b70fca0cf3dc9bf5de0ab2c926890ff3d6dfd19775ed88b6de	57	other	UNVERIFIED	UNVERIFIED
nabd_plus_patient_app.zip	src/core/platform/auth/AppLockService.ts	6a8e6758594ba4d1bd41cbdeaf15c52e8f92bac8aa69fb032e7b2cf5eee551c2	54	other	UNVERIFIED	UNVERIFIED
nabd_plus_patient_app.zip	src/core/platform/auth/AuthAuditLogger.ts	d62e50f6791b2a182139cc0004ba6e00ca375263718e0e9fec60dbd40cfe38ce	42	other	UNVERIFIED	UNVERIFIED
nabd_plus_patient_app.zip	src/core/platform/auth/AuthProviders.ts	520bd1a5712af6bcdf86f5b088592dd198d2311330d7656edccf16f2eb221229	70	other	UNVERIFIED	UNVERIFIED
nabd_plus_patient_app.zip	src/core/platform/auth/AuthStateMachine.ts	296f40a1b17a5ab7db05b7c145f716c832dcdb4cbc25e1b575753866d3f0b646	30	other	UNVERIFIED	UNVERIFIED
nabd_plus_patient_app.zip	src/core/platform/auth/BiometricService.ts	dc91a24d38207bc3302feb5541fd8fee32c6b1fb25ede3fbe99d5901260a41d8	71	other	UNVERIFIED	UNVERIFIED
nabd_plus_patient_app.zip	src/core/platform/auth/DeviceTracker.ts	86eb986a2678cbc01d614a1c32027fc5ec77e2ef6c29fc8f47b8b56f9c847422	43	other	UNVERIFIED	UNVERIFIED
nabd_plus_patient_app.zip	src/core/platform/auth/PasswordPolicyService.ts	ee70f5be4ea4302690118e1343a4397bd31beb88f6abaf1ff1777cab9011905a	61	other	UNVERIFIED	UNVERIFIED
nabd_plus_patient_app.zip	src/core/platform/auth/SecureStorageService.ts	46cc63e30f3564432c3bc5b0fed10f1f5a7179365d18c7f534810efaca0a9d3f	40	other	UNVERIFIED	UNVERIFIED
nabd_plus_patient_app.zip	src/core/platform/auth/SessionManager.ts	19aa77f627dd9157db9bc93210d9b0864e0da2159b38743d3ae3fe7032713bb3	134	other	UNVERIFIED	UNVERIFIED
nabd_plus_patient_app.zip	src/core/platform/business/FavoritesManager.ts	14855e3ac04256d04c3d89bbb0b551bd7dae913d0f6588be48dd32d55e87bb21	30	other	UNVERIFIED	UNVERIFIED
nabd_plus_patient_app.zip	src/core/platform/business/LoyaltyManager.ts	7f5d765da85344d277382b6f0aa0262137d77f8a7cade51d77023e3e6ce5c430	38	other	UNVERIFIED	UNVERIFIED
nabd_plus_patient_app.zip	src/core/platform/business/ReviewManager.ts	99255eda9dfe9f6feb53e8a3fc1841e684362f71d6cc5a8b3e7ef3884de2da73	33	other	UNVERIFIED	UNVERIFIED
nabd_plus_patient_app.zip	src/core/platform/cache/CacheManager.ts	98c3e811ee838503a44ae995055ccc4cda485686b0bf6e985ed31e18ff95cd6d	62	other	UNVERIFIED	UNVERIFIED
nabd_plus_patient_app.zip	src/core/platform/commerce/CartManager.ts	fd921a02d67794fe5c8aa40d08b93ffd38f8cfc90874775886d7620a4dba4e0f	121	other	UNVERIFIED	UNVERIFIED
nabd_plus_patient_app.zip	src/core/platform/communication/MessagingService.ts	6b04c736781276c7aef4c004e3c97b1e2e0233ea6143b57cd50edef6a7bf5d4e	28	other	UNVERIFIED	UNVERIFIED
nabd_plus_patient_app.zip	src/core/platform/communication/NotificationCenterManager.ts	e6f3574f8371b1e9a0699bfa9ebe4223466489950ce1d7db8ad36558742beb47	71	other	UNVERIFIED	UNVERIFIED
nabd_plus_patient_app.zip	src/core/platform/id/IdGenerator.ts	2885064d94be3f9b438c848e2acb9fcf2708e67b0b1b5a34ff5699e3af7e7d53	18	other	UNVERIFIED	UNVERIFIED
nabd_plus_patient_app.zip	src/core/platform/integration/Adapters.ts	b5f93b9b09cb6e66df40ebbd8cc3ee29bee777cf0d03db4b1d818c65ef4ce006	33	other	UNVERIFIED	UNVERIFIED
nabd_plus_patient_app.zip	src/core/platform/jobs/JobManager.ts	d5dc20dc8dd42e0df15654facd3b0e3844fb6517188417765383a2c36bcd0b01	60	job	UNVERIFIED	UNVERIFIED
nabd_plus_patient_app.zip	src/core/platform/location/LocationService.ts	5e9f1f0dcef0a8ba4b1c0e45bae4f23aae61ad5a20404cb08e62e86c6a60844f	59	other	UNVERIFIED	UNVERIFIED
nabd_plus_patient_app.zip	src/core/platform/media/MediaManager.ts	e14a5b06fb8fc9aff6d95ecf3a5b6f512821d75de5a006591eedc7a17d476d92	55	other	UNVERIFIED	UNVERIFIED
nabd_plus_patient_app.zip	src/core/platform/payment/PaymentProvider.ts	d441c148da41bdc1d479deac7c346987120d2ef5741ebfba6ae9b282ee8b6dfd	47	gateway	UNVERIFIED	UNVERIFIED
nabd_plus_patient_app.zip	src/core/platform/realtime/RealtimeClient.ts	921b7efdcba0ebe0b4a68f9f9782a879ee279be15c095fada2aedf0192763254	112	other	UNVERIFIED	UNVERIFIED
nabd_plus_patient_app.zip	src/core/platform/scheduling/QueueEngine.ts	bd4a38c8f71459cb054f0bc5b8a6beddcffd8370be5533b975daf5321775fbbd	43	other	UNVERIFIED	UNVERIFIED
nabd_plus_patient_app.zip	src/core/platform/scheduling/ScheduleManager.ts	2ecd9f50a5c4c78a333d99c8949e5a62fd099248e21e959aa5817866b32decd1	92	other	UNVERIFIED	UNVERIFIED
nabd_plus_patient_app.zip	src/core/platform/search/SearchEngine.ts	370e48686079a122679c2f7b32b5eae070ae1f9a8c8b0211a18e059400649c04	69	other	UNVERIFIED	UNVERIFIED
nabd_plus_patient_app.zip	src/core/platform/time/TimeService.ts	535317f6cada8abfeac8b8a498d4c6f51d3484686bc5276d7236251c6d927468	37	other	UNVERIFIED	UNVERIFIED
nabd_plus_patient_app.zip	src/core/platform/user/RoleManager.ts	d39b417812be8433fc53befbd0a56433e9920124202fc5ba8895431d831bc30f	54	other	UNVERIFIED	UNVERIFIED
nabd_plus_patient_app.zip	src/core/platform/user/UserProfileService.ts	846699b1141edd90334ce8da4edd06d112ea7a2e65da7707ca1e12bbcd16374b	45	other	UNVERIFIED	UNVERIFIED
nabd_plus_patient_app.zip	src/core/platform/user/index.ts	4e3c0667de8e6e459adaa9999061549aac4d14341ae8245bad6a4bed74d3a6b2	2	other	UNVERIFIED	UNVERIFIED
nabd_plus_patient_app.zip	src/data/database/core/ConnectionPool.ts	13688fbbb63ac8139a9c8ac0ff8e71f13a5a608d971ff6e1cabfdf5554a9b452	37	other	UNVERIFIED	UNVERIFIED
nabd_plus_patient_app.zip	src/data/database/core/DatabaseHealthChecker.ts	877fff3ec04932fb338769bcd99dba058d5ac64e15446598883eb35227b3d079	46	other	UNVERIFIED	UNVERIFIED
nabd_plus_patient_app.zip	src/data/database/core/DatabaseManager.ts	ba88b820801e444a54888bc9ebf9578f1bf0c3895bf59e207f502ae71165b1f3	60	other	UNVERIFIED	UNVERIFIED
nabd_plus_patient_app.zip	src/data/database/core/DatabaseProvider.native.ts	4146b6a20a2a2498464bc5af10a3040e9869e8e1fa08139ddcce3b1671733f04	33	other	UNVERIFIED	UNVERIFIED
nabd_plus_patient_app.zip	src/data/database/core/DatabaseProvider.ts	16b5107ca5f1936aacfc208c75a5766de130f0c0204d096d0a272079159d8e4d	4	other	UNVERIFIED	UNVERIFIED
nabd_plus_patient_app.zip	src/data/database/core/DatabaseProvider.web.ts	21ae683711e7a96e915df2acfc9b699b8764c2085bbf1f77bb10363e397e810c	39	other	UNVERIFIED	UNVERIFIED
nabd_plus_patient_app.zip	src/data/database/core/TransactionManager.ts	caa4c179e23150dd76642b64c7ed9aceac16437b13139be25107a1e611a40d84	48	other	UNVERIFIED	UNVERIFIED
nabd_plus_patient_app.zip	src/data/database/drivers/IDatabaseDriver.ts	899a6f3649dd4e0cd676889e07de7a2648bb2087bb20f8c8ab8c12feb30fe7a9	26	other	UNVERIFIED	UNVERIFIED
nabd_plus_patient_app.zip	src/data/database/drivers/SQLiteDriver.ts	716f7d2cb03f454fc911c20da298b00e84a8fdf818c3e20023ef7227cd53fff3	138	other	UNVERIFIED	UNVERIFIED
nabd_plus_patient_app.zip	src/data/database/monitoring/DatabaseLogger.ts	89342d70906d015061c60eaca0f6ca4bd1e2eda6518b9054296828d706166db5	33	other	UNVERIFIED	UNVERIFIED
nabd_plus_patient_app.zip	src/data/database/monitoring/SyncLogger.ts	0956e0ecccce43f5c71d4c651d5cf3bfc4c59ab068fd46a33cdda7e2c61ba246	29	other	UNVERIFIED	UNVERIFIED
nabd_plus_patient_app.zip	src/data/database/schema/MigrationRunner.ts	6a3c29aed51b2ebe62bf4a86989286623caaa28b1c340f977fcbaaf2cf752ecd	99	schema	UNVERIFIED	UNVERIFIED
nabd_plus_patient_app.zip	src/data/database/schema/indexes.ts	40cabab544dfff1ff01d57819b2920b2324e9c9b33f36f5520c26b072fdaad62	20	schema	UNVERIFIED	UNVERIFIED
nabd_plus_patient_app.zip	src/data/database/schema/tables.ts	c269987c1211ca2b9147e680f44e1ab4c3c0c2e1b311f36c975dcd4e5345454c	422	schema	UNVERIFIED	UNVERIFIED
nabd_plus_patient_app.zip	src/data/mockData.js	aaf32a37539bf85e0a7d3f6d6e9aacb2753d9ff46698a10b5270002b1c1d6347	1	other	UNVERIFIED	UNVERIFIED
nabd_plus_patient_app.zip	src/data/repositories/RepositoryCoordinator.ts	c057eea6ee0e2d1dad9d510c84ccf2a451b412e5079a9f3b457ac07e959ddd42	59	repository	UNVERIFIED	UNVERIFIED
nabd_plus_patient_app.zip	src/data/repositories/RepositoryFactory.ts	e82400986165b9fd2dfde173f60b9840dedab319cbf1dfce9dd42c3ec37ca794	23	repository	UNVERIFIED	UNVERIFIED
nabd_plus_patient_app.zip	src/data/repositories/RepositoryRegistry.ts	95d6e9c303b12c6d5a91c266be21de3b1a3f470f19cb6af2426c0a8a3ff03d0b	25	repository	UNVERIFIED	UNVERIFIED
nabd_plus_patient_app.zip	src/data/repositories/UsersRepository.ts	46bf9fc592dce1518806764c3cad1b70927d65d0c4932bcd8b05f1ca8122f6b4	20	repository	UNVERIFIED	UNVERIFIED
nabd_plus_patient_app.zip	src/data/repositories/__tests__/UsersRepository.test.ts.bak	91cb7848fb6edb49882f2fb43d5aa24c67fef094209ab1abfe9ce45f7d1c6817	91	repository	UNVERIFIED	UNVERIFIED
nabd_plus_patient_app.zip	src/data/repositories/core/BaseRepository.ts	9ca95e7e06a1089802c1b77bcee4765d9ac9a129652f9e334df828d4d1abfaf6	81	repository	UNVERIFIED	UNVERIFIED
nabd_plus_patient_app.zip	src/data/repositories/core/CompositeRepository.ts	2a02668bec83d558950ed3f19c01fec76be34873c9f6dffd8e105c738fc4afe6	74	repository	UNVERIFIED	UNVERIFIED
nabd_plus_patient_app.zip	src/data/repositories/core/QuerySpecification.ts	b80ad329928f39a9f1ced0906fa6132b4fb934555036f8cccb23692c4372ebb0	50	repository	UNVERIFIED	UNVERIFIED
nabd_plus_patient_app.zip	src/data/repositories/core/UnitOfWork.ts	ab99fc873f1015465aeead043f6aa365116bfaecaebc6035c7caa69b0b095d1f	35	repository	UNVERIFIED	UNVERIFIED
nabd_plus_patient_app.zip	src/data/repositories/interfaces/ILocalDataSource.ts	e919c49149f75c0417fcd8659a3c44ca28078fd4d3eb76e47968bd0bfa0fc713	16	repository	UNVERIFIED	UNVERIFIED
nabd_plus_patient_app.zip	src/data/repositories/interfaces/IRemoteDataSource.ts	1724b2717607f2ad561355a53ca1450e265e1ba7dd3c587c7c6d7ae66a7d3ff4	9	repository	UNVERIFIED	UNVERIFIED
nabd_plus_patient_app.zip	src/data/repositories/interfaces/IRepository.ts	57f069c4508e25773e62b98d8ef1342eeb0c0e5953e2bcf8948aef5e2e74b9d2	22	repository	UNVERIFIED	UNVERIFIED
nabd_plus_patient_app.zip	src/data/repositories/sources/RemoteDataSource.ts	bfea1d6923c909d20c39b34a7574a70a38cb4b3a76aa9abc639f711e8220777e	65	repository	UNVERIFIED	UNVERIFIED
nabd_plus_patient_app.zip	src/data/repositories/sources/SQLiteDataSource.ts	d20ca3d791904c0f29fa60d4b009ab3711f1c0e7ba88a74210e17e8efbc57b8f	154	repository	UNVERIFIED	UNVERIFIED
nabd_plus_patient_app.zip	src/data/repositories/sources/SecureDatabaseProxy.ts	d2882899f5f3c19fdbefd4e6f666adfbad94dbf94e9324d56eea37c8f0c73f7c	105	repository	UNVERIFIED	UNVERIFIED
nabd_plus_patient_app.zip	src/data/repositories/sync/__tests__/SyncManager.test.ts.bak	55e4ed4bc6da9f35b20537cccc23d87de00985d7eefa60c783d70e28db0b1600	23	repository	UNVERIFIED	UNVERIFIED
nabd_plus_patient_app.zip	src/data/sync/BackgroundSynchronizer.ts	6fc55fb775b42b713b43b2279f1c943b101ec157f6a15e29478fee0bafe8b583	61	other	UNVERIFIED	UNVERIFIED
nabd_plus_patient_app.zip	src/data/sync/ConflictResolver.ts	3a12d816633964d72539c788b8e6749573495502d6cbba0338c020ed0eba10ad	71	other	UNVERIFIED	UNVERIFIED
nabd_plus_patient_app.zip	src/data/sync/QueueProcessor.ts	42938e9b7537ef6ba470d9a478b3ffbf63831d2c84da7510c25c708e183aee56	76	other	UNVERIFIED	UNVERIFIED
nabd_plus_patient_app.zip	src/data/sync/RetryScheduler.ts	c97b1b0c75693cd8f46c402559f90c64703934a3824324a2400cd05075fbda7b	36	other	UNVERIFIED	UNVERIFIED
nabd_plus_patient_app.zip	src/data/sync/SyncManager.ts	b835b298d9a84b6084c5b5422118eb4d6f1bbbc99b572d1eb62961862c6c7adf	70	other	UNVERIFIED	UNVERIFIED
nabd_plus_patient_app.zip	src/data/sync/SyncWorker.ts	f0fee7bb184a9d775e30c80f3d60f96050779b6d9ea4aae036fc4f843c6c7978	71	other	UNVERIFIED	UNVERIFIED
nabd_plus_patient_app.zip	src/design-system/Icon.ts	ffa5cb5407fe0f780d62807f8f9c04d808cc82ddf1c41c7063596c077966455a	8	other	UNVERIFIED	UNVERIFIED
nabd_plus_patient_app.zip	src/design-system/components/Avatar.tsx	46481be6b347c6eb3e96b21eb903aef07452c0d7920d7c6daed353d607994fd3	236	other	UNVERIFIED	UNVERIFIED
nabd_plus_patient_app.zip	src/design-system/components/Badge.tsx	7806fd038cf6e123f6e5cb1cf3476b4c7f8ef2c3cd6566ef0af7e58ce9e6e209	246	other	UNVERIFIED	UNVERIFIED
nabd_plus_patient_app.zip	src/design-system/components/BottomSheet.tsx	6d745a30db24b79308a2b5c6639eb916ee4d7a51a40f22f685d7141c45594f18	239	other	UNVERIFIED	UNVERIFIED
nabd_plus_patient_app.zip	src/design-system/components/Button.tsx	d022c43f8464d126b90b3884c9a84c79c35390d38cf08e07ea25bfbffdc7f9f2	266	other	UNVERIFIED	UNVERIFIED
nabd_plus_patient_app.zip	src/design-system/components/Card.tsx	7b976066e250cd1cc92e64c367ca32fdf7e4d0e0f9e6ec45b18ae197d2b61267	164	other	UNVERIFIED	UNVERIFIED
nabd_plus_patient_app.zip	src/design-system/components/Input.tsx	80f18ec738de71a1d8907da2e68f4707e829f7f2a15fb50a4871cb1497e7c7e2	239	other	UNVERIFIED	UNVERIFIED
nabd_plus_patient_app.zip	src/design-system/components/Loading.tsx	56305af5efcf192544ef69132c759c169f0b42b14badb152797bed994d0f7905	203	other	UNVERIFIED	UNVERIFIED
nabd_plus_patient_app.zip	src/design-system/components/OTPInput.tsx	93c710b45b1e1d9dea3e54f71a3c0b506b7fe314d4128c904f070ba976495a63	192	other	UNVERIFIED	UNVERIFIED
nabd_plus_patient_app.zip	src/design-system/components/Progress.tsx	807d8a4f462b57cef77869a1e33d63e81c82aa53c925045e218b0e33d6bf4cf7	276	other	UNVERIFIED	UNVERIFIED
nabd_plus_patient_app.zip	src/design-system/components/SearchBar.tsx	4be4dd2c12be6e1e76493b2a1670a66f4083b07af6044b1b663f8f02410e8213	266	other	UNVERIFIED	UNVERIFIED
nabd_plus_patient_app.zip	src/design-system/components/States.tsx	6a1b30de8593cba853ed9df9c35b0829b8a85926d8fa9fa86fe4b689ba15b837	244	other	UNVERIFIED	UNVERIFIED
nabd_plus_patient_app.zip	src/design-system/components/Text.tsx	0d4470939ffc1ac9ea3c543282dc2a2a964e759662b1de7bd25cea338e060c69	80	other	UNVERIFIED	UNVERIFIED
nabd_plus_patient_app.zip	src/design-system/components/Toast.tsx	9b58046ecd21442f26f977767d7bf78187996141c067ed0183b506147e61e063	302	other	UNVERIFIED	UNVERIFIED
nabd_plus_patient_app.zip	src/design-system/index.ts	883cbd6d379397d8a343463ae6481031b2b85103ee3791aabf4b363ff9dc1382	101	other	UNVERIFIED	UNVERIFIED
nabd_plus_patient_app.zip	src/design-system/tokens.ts	3d90eee7e7bb6996feaa215529b1ef48aae4ea22b34b011a4efd2f0f6355faae	143	other	UNVERIFIED	UNVERIFIED
nabd_plus_patient_app.zip	src/features/consultation/InsuranceCopayScreen.tsx	72559f2049f107f476e90e589c9517ab3040233e245035356a486087bec938b1	33	other	UNVERIFIED	UNVERIFIED
nabd_plus_patient_app.zip	src/features/medical-orders/ActionableOrderScreen.tsx	8cafd407c9fac39505452d6973a9d57dfa7bd3af580c0efec9f84c93326cf6f6	46	other	UNVERIFIED	UNVERIFIED
nabd_plus_patient_app.zip	src/guided-tour/core/TargetResolver.ts	9a86975dcf860fd0f3c3b4868235755bcaaf095d91aa39af281a0dafc5a85a8a	15	other	UNVERIFIED	UNVERIFIED
nabd_plus_patient_app.zip	src/guided-tour/core/TourEngine.ts	0b9dbc46c51ee69865f6d1b968f38438901e67dbae594e28595d3205a6942d7e	49	other	UNVERIFIED	UNVERIFIED
nabd_plus_patient_app.zip	src/guided-tour/core/TourRegistry.ts	84487d5aa833b811f86c447aefc5c77eec73633bf6df16e6f12366de1a09be40	17	other	UNVERIFIED	UNVERIFIED
nabd_plus_patient_app.zip	src/guided-tour/engines/AnalyticsCollector.ts	2bb5f245e619a78d3f287839b75f7bc79be6c9939d6b88b251798889c05afdde	28	other	UNVERIFIED	UNVERIFIED
nabd_plus_patient_app.zip	src/guided-tour/engines/CooldownManager.ts	51a8e8200c9c5f2a9c8a0bd0b1db04f48bdf78b7e7fef69518077217346bcfa9	17	other	UNVERIFIED	UNVERIFIED
nabd_plus_patient_app.zip	src/guided-tour/index.ts	dab40ff07e53bb3379a7a84a15ca4fd082f133cf48d2c9a79b4612bade2bc80b	9	other	UNVERIFIED	UNVERIFIED
nabd_plus_patient_app.zip	src/guided-tour/providers/ContentProvider.ts	a7b106e8726ae9addae1f38b61429b5d82137b7827ffc36409375d6e9fbc04e0	28	other	UNVERIFIED	UNVERIFIED
nabd_plus_patient_app.zip	src/guided-tour/providers/PersistenceManager.ts	8be8dba9bbd149e095c405f775c7cb8c6b92ba6da6e2459a30150b99367c5e9e	13	other	UNVERIFIED	UNVERIFIED
nabd_plus_patient_app.zip	src/guided-tour/types/index.ts	7e2262a79b6f2fd89a4367f5ce9b62cc5e0b6f091107681c11df2c5b50ada6fb	54	other	UNVERIFIED	UNVERIFIED
nabd_plus_patient_app.zip	src/guided-tour/ui/SpotlightRenderer.tsx	ab508891565bd578638f426c15b8d5b897441510094339e3cdcf1f13298e7e44	65	other	UNVERIFIED	UNVERIFIED
nabd_plus_patient_app.zip	src/hooks/useBiometricAuth.ts	301588f29f5c74d0ef409f5dbfb1be18063b6aa7aa03059df212e700fd7912e8	72	other	UNVERIFIED	UNVERIFIED
nabd_plus_patient_app.zip	src/hooks/useGuestGuard.tsx	e366b5f95c6bd500ce63ef493cbb1d50851ec6eed1f3c9f4f52ea8fbbee1388d	82	other	UNVERIFIED	UNVERIFIED
nabd_plus_patient_app.zip	src/hooks/useOfflineData.ts	dbaba91c2e55de06d07553756e1b57205b57f2a9b4cbdef437d1ba949a80d144	85	other	UNVERIFIED	UNVERIFIED
nabd_plus_patient_app.zip	src/hooks/usePushNotifications.ts	11b246c02c7aef7e5a3f5d1be9cb9673aede90383d677c769351d40d6c5631e5	304	other	UNVERIFIED	UNVERIFIED
nabd_plus_patient_app.zip	src/hooks/useTheme.ts	594273b1ba0b0691e6c486f71c3491370d6d0cd355144ce976f57a8f16d13314	31	other	UNVERIFIED	UNVERIFIED
nabd_plus_patient_app.zip	src/i18n/LanguageManager.ts	9d4447180b3bff950b9bd3b851289e01f4ac8bf77cda74f62db6a3381e84d1bd	74	other	UNVERIFIED	UNVERIFIED
nabd_plus_patient_app.zip	src/i18n/autoTranslationsPhase5.json	66b0db8057e960c26327cf7d00ac7d4b9b92ada4e34f70df72ecddc3401d1cb1	11576	other	UNVERIFIED	UNVERIFIED
nabd_plus_patient_app.zip	src/i18n/guided-care.test.ts	b588b2847bb939377a3e2f0ef3fb846cab9bc49cab847dd4dd9e2a66f220ddf2	16	other	UNVERIFIED	UNVERIFIED
nabd_plus_patient_app.zip	src/i18n/guided-care.ts	fad4d4ab0c7abb3385e1e8f96ce5983976b27470e3829c4aa56618b63fcb4ba6	17	other	UNVERIFIED	UNVERIFIED
nabd_plus_patient_app.zip	src/i18n/health-day.test.ts	26031e08228f222bc07936fde8f2abb520b84c3cbe16eaac99b6be0c308a25ae	16	other	UNVERIFIED	UNVERIFIED
nabd_plus_patient_app.zip	src/i18n/health-day.ts	1e4613c6b9acd7b058bb3d928306842235b57697066bbfc3d8df697ea79d150f	18	other	UNVERIFIED	UNVERIFIED
nabd_plus_patient_app.zip	src/i18n/index.test.ts	37958f728789d4c157a90fff77e1a464bf72d7811436870fa5d9ac2409eff450	22	other	UNVERIFIED	UNVERIFIED
nabd_plus_patient_app.zip	src/i18n/index.ts	fb6c6938d4694f95187252c00c74f6b442262d0806969330d07346456afc6d32	357	other	UNVERIFIED	UNVERIFIED
nabd_plus_patient_app.zip	src/i18n/locales/ar.json	ae2bbb0fef3d151b6f019bb5e46a569fd7b1336312e8d42caf0a239b3cbd681a	117	other	UNVERIFIED	UNVERIFIED
nabd_plus_patient_app.zip	src/i18n/locales/bn.json	ffb0450e4a7813de4812cdd29b620ba7cc6b6f7e9f9ce37110f15a45a93f689a	10	other	UNVERIFIED	UNVERIFIED
nabd_plus_patient_app.zip	src/i18n/locales/en.json	76f1197e2f5bc80539977d4dd237ea8f9fe08e88d39db08c86c43b62ce20a06f	117	other	UNVERIFIED	UNVERIFIED
nabd_plus_patient_app.zip	src/i18n/locales/hi.json	fde57546bf5d46d6530c3f60064afd259ff2aaadde185adc4225feb4e72038ae	10	other	UNVERIFIED	UNVERIFIED
nabd_plus_patient_app.zip	src/i18n/locales/tl.json	7429a5787488591d8c08c71ec94bdcd9e3ea194a66241dfa3875219fb3fb1f65	10	other	UNVERIFIED	UNVERIFIED
nabd_plus_patient_app.zip	src/i18n/locales/ur.json	ffaa18385a6445c56b9a36a14cc5c841c6800958fa2cbf68c50cc3cfec53d380	10	other	UNVERIFIED	UNVERIFIED
nabd_plus_patient_app.zip	src/i18n/maternity.test.ts	548b162e54e2d83a5e4f026e08c469293aab5c4d44d6391c15547556560c6277	12	other	UNVERIFIED	UNVERIFIED
nabd_plus_patient_app.zip	src/i18n/maternity.ts	d895490e81ef219aa4385880bcea1c704d707c53a39de77ef808bad914f3b222	13	other	UNVERIFIED	UNVERIFIED
nabd_plus_patient_app.zip	src/i18n/medications.test.ts	735e4138fa8480e837325f1f8727e4c9ec8ecf9b8b5c745d299fb75e95487b17	21	other	UNVERIFIED	UNVERIFIED
nabd_plus_patient_app.zip	src/i18n/medications.ts	facd70fec7528ba5478455095d7dbbb3eb85a92b74e67fb17d6ffd9862e771da	53	other	UNVERIFIED	UNVERIFIED
nabd_plus_patient_app.zip	src/i18n/mental-health.test.ts	de857764bda40302427349af5fa3a0c2547279189d11f13c379df57768ba92b9	16	other	UNVERIFIED	UNVERIFIED
nabd_plus_patient_app.zip	src/i18n/mental-health.ts	29b838815e470e567d4ffae8a5db263426395429a8389969684151598694dcb1	21	other	UNVERIFIED	UNVERIFIED
nabd_plus_patient_app.zip	src/i18n/nutrition.test.ts	ce34fa753931fcd5df88fe8c34afaad6a6ff4d0357275e55fd967ade8918746d	17	other	UNVERIFIED	UNVERIFIED
nabd_plus_patient_app.zip	src/i18n/nutrition.ts	9a67a06678a8a482b68813fa1f7e4ce4e34f26ce019872360daa5b17d04d33bd	67	other	UNVERIFIED	UNVERIFIED
nabd_plus_patient_app.zip	src/navigation/DeepLinking.ts	83edaa75bfd400ba46887b20e2e79da24da6089bfe5369a71083f8e47f400129	73	other	UNVERIFIED	UNVERIFIED
nabd_plus_patient_app.zip	src/navigation/RouterConfig.ts	2395aa4a6b73dfd4dc4d90a55dda3defaf8376457748ec322ae397d7428cb5f5	28	other	UNVERIFIED	UNVERIFIED
nabd_plus_patient_app.zip	src/navigation/guards/AdminGuard.tsx	1762a995472414974c703ed4bd59f21dbeba7f0de7bf1fd4299abdf133cd71be	49	guard	UNVERIFIED	UNVERIFIED
nabd_plus_patient_app.zip	src/navigation/guards/AuthGuard.tsx	3e3f47eeddae7c97cdd48d78c092c437df0b093d2081f30a7b4d8de9b31ba94b	46	guard	UNVERIFIED	UNVERIFIED
nabd_plus_patient_app.zip	src/navigation/index.ts	3bea7fd163e961ecd961a137436a78d83d0d1a179f548d57c499a62d29e22909	4	other	UNVERIFIED	UNVERIFIED
nabd_plus_patient_app.zip	src/polyfills.ts	6a6422d41181cbac522352bb5408d1428620feb9a7c765bc6d3e2d31ea5da2b5	16	other	UNVERIFIED	UNVERIFIED
nabd_plus_patient_app.zip	src/services/Analytics.ts	a8757bf161a96219298483e5950ac790d06907fab0e6e20e4b816e9c66e7b32b	146	service	UNVERIFIED	UNVERIFIED
nabd_plus_patient_app.zip	src/services/ErrorHandler.tsx	1f91909dc2c2aca4fc09d13e1c119bf5a70dcc057e52c15d73c55aad15ad20b0	197	service	UNVERIFIED	UNVERIFIED
nabd_plus_patient_app.zip	src/services/EventBus.ts	b89ed0a59cfc21baec4eac3267e3f7ae29861f81c2bbb4d32c26f4a6cd67f417	38	service	UNVERIFIED	UNVERIFIED
nabd_plus_patient_app.zip	src/services/FeatureFlags.ts	9bb70c5a8ef711723542756508952333250fc0d1397dffb2897a25adb294dc97	204	service	UNVERIFIED	UNVERIFIED
nabd_plus_patient_app.zip	src/services/FileManager.ts	1c082aaea233145dac7533a42c76c6a1d3afb1fe575e2f2aea843c11380565f5	134	service	UNVERIFIED	UNVERIFIED
nabd_plus_patient_app.zip	src/services/HttpClient.offline.test.ts	ca6d156bfb0db9ebde258cfc9f1a6a10625e317ce24d3b3b6b1ba43905f8ab2b	14	service	UNVERIFIED	UNVERIFIED
nabd_plus_patient_app.zip	src/services/HttpClient.ts	48cd527414460cdb45cb2927f7207b1da736a242023450784bfe257ad7772830	70	service	UNVERIFIED	UNVERIFIED
nabd_plus_patient_app.zip	src/services/Logger.ts	3fb03340017146ebdd5504f7e0abe6112e2cbab467eb359fce3274f4af35b26a	152	service	UNVERIFIED	UNVERIFIED
nabd_plus_patient_app.zip	src/services/Notifications.ts	28550054de90144b5d3adf15a8c46335e8cf836383e3c80c33ce98a7571f899f	135	service	UNVERIFIED	UNVERIFIED
nabd_plus_patient_app.zip	src/services/PermissionsManager.ts	a85ef81ad3b05b23b4571d410ccf8a8a7748b148de57943af39da06d3ea6f5d6	164	service	UNVERIFIED	UNVERIFIED
nabd_plus_patient_app.zip	src/services/SyncManager.offline.test.ts	6374ed9f79eac7029f2cdafe00abd15cdedd7597cc28dc71eb1ed2c166658dd8	10	service	UNVERIFIED	UNVERIFIED
nabd_plus_patient_app.zip	src/services/SyncManager.ts	8dbc75be79dc960ea871b185684ff097c23e870281d08b1da0de6f4e933675d6	37	service	UNVERIFIED	UNVERIFIED
nabd_plus_patient_app.zip	src/services/auth/AuthInterceptor.ts	1904a1df3b3657952399dc41f590129d54bf33c0c7da65bb5b799f31e584b2c3	44	service	UNVERIFIED	UNVERIFIED
nabd_plus_patient_app.zip	src/services/auth/AuthManager.ts	bf25d0ac452a92439600a64945bff45253afa35e2575c598bc8d0048012b4c9f	102	service	UNVERIFIED	UNVERIFIED
nabd_plus_patient_app.zip	src/services/auth/RegistrationTransaction.test.ts	61b7f2bfd63d6379d7fde579677af1883dab91e2aafbdecc870a8042a3e090b0	18	service	UNVERIFIED	UNVERIFIED
nabd_plus_patient_app.zip	src/services/auth/RegistrationTransaction.ts	5b6ebf2a5042a7340dbd754af565136b6cf10e574129c47fe20c279119fba0ca	36	service	UNVERIFIED	UNVERIFIED
nabd_plus_patient_app.zip	src/services/auth/index.ts	119fb0caf63a9ef5071b9cdf28d20576675c0e33088bc5c2231a4d5b62f422fa	4	service	UNVERIFIED	UNVERIFIED
nabd_plus_patient_app.zip	src/services/auth/providers/EmailAuthProvider.ts	323edd1a3c39db0a556107bf623d63386ddb4153fcbf5f05f26d6a82c8bedfa8	47	service	UNVERIFIED	UNVERIFIED
nabd_plus_patient_app.zip	src/services/auth/types.ts	1809c52116f74978f1642d6e9a131776cd744575d5b9b25105f00158e951baed	28	service	UNVERIFIED	UNVERIFIED
nabd_plus_patient_app.zip	src/services/index.ts	da2027f7d42048f5c6cda0f8b3ccf2ea2c784d5433925508934cb2f081ce9a5d	59	service	UNVERIFIED	UNVERIFIED
nabd_plus_patient_app.zip	src/services/security/EncryptionService.ts	88c074e289a0319be9552c79550e5402085975545654c4a0c405ca23d39a24eb	52	service	UNVERIFIED	UNVERIFIED
nabd_plus_patient_app.zip	src/store/FeatureRegistry.ts	e7a3787d107f2952d376806402afd368220bf5128f8cbf966f9474cc9f830628	57	other	UNVERIFIED	UNVERIFIED
nabd_plus_patient_app.zip	src/store/ReducerManager.ts	d47675915b4df726f204e9474f0db1596911a11d0fc17975c078e7b1486cebfb	59	other	UNVERIFIED	UNVERIFIED
nabd_plus_patient_app.zip	src/store/__tests__/HttpClient.test.ts.bak	5173da8997ef9e3956df633870022cc69848002a57c6713979a0ee38f7ff4839	25	other	UNVERIFIED	UNVERIFIED
nabd_plus_patient_app.zip	src/store/__tests__/ReducerManager.test.ts	905e8e5276071e542db1e5dd7d9841f049bf17680af26b7db55f3ba8466e33b7	62	other	UNVERIFIED	UNVERIFIED
nabd_plus_patient_app.zip	src/store/__tests__/SecureStorageAdapter.test.ts	8be2d653226ef00bedc477cad9593a6aef5ecd1927ab22e9a05ce81f63eb414e	54	other	UNVERIFIED	UNVERIFIED
nabd_plus_patient_app.zip	src/store/__tests__/StoreVersionManager.test.ts	d8944a899f897f34a1f1b68b4b2cc0b6f133833362e3f1c255a630038ea4557d	20	other	UNVERIFIED	UNVERIFIED
nabd_plus_patient_app.zip	src/store/__tests__/baseApi.test.ts.bak	74b09f80c41acf49c39752a277e505ddd81836b5323b435ea49b9a5a727f324a	28	other	UNVERIFIED	UNVERIFIED
nabd_plus_patient_app.zip	src/store/__tests__/recovery.test.ts	313be5390256766e8d8ecf7185deedec8665502ebdacfaae83b6cdc1f06f844e	8	other	UNVERIFIED	UNVERIFIED
nabd_plus_patient_app.zip	src/store/actions/recovery.ts	42089ecb636b17ff8a480c809648164c144f1b0adb7e5fe373eac86efe883afc	13	other	UNVERIFIED	UNVERIFIED
nabd_plus_patient_app.zip	src/store/api/baseApi.ts	d2470e8f2001564b8a1c2d702d5168745b75e119eb95dd75f8fd7e290a5bc0bf	50	other	UNVERIFIED	UNVERIFIED
nabd_plus_patient_app.zip	src/store/api/offlineHelpers.ts	9fc3fdac61ccc20e5bd84e218e77bee292c1913bcb49ab45a42fabfbd5b22a8e	28	other	UNVERIFIED	UNVERIFIED
nabd_plus_patient_app.zip	src/store/api/paginationHelpers.ts	b0a372346889612e47f2d619e1881a38ad9d423dd9612eb9514416060a695455	20	other	UNVERIFIED	UNVERIFIED
nabd_plus_patient_app.zip	src/store/api/tags.ts	2f4815adae5c73d149cd91dd59e13b3020c3ee9b42032df399e38a2c11ed31c1	39	other	UNVERIFIED	UNVERIFIED
nabd_plus_patient_app.zip	src/store/hooks.ts	524417ad3b6eca9449d98570e24ffc9805cb5d8bbd7bf150651fd5894cda66c0	6	other	UNVERIFIED	UNVERIFIED
nabd_plus_patient_app.zip	src/store/index.ts	33a2c29915d95aed76079d0d52b191fd82a188b431dc4e3ae42b651cebc103b3	109	other	UNVERIFIED	UNVERIFIED
nabd_plus_patient_app.zip	src/store/integration/EventBusIntegrator.ts	4e9cdc5b2455a633ec4b8ed5c731741029dd227caa6ae78de15021f5a6955e65	43	other	UNVERIFIED	UNVERIFIED
nabd_plus_patient_app.zip	src/store/middleware/backgroundUpdater.ts	ed241a986ef0b68b609f27dd48db2be8ae92d68d36d0a3bcb3835cee2be075d7	23	other	UNVERIFIED	UNVERIFIED
nabd_plus_patient_app.zip	src/store/middleware/listenerMiddleware.ts	7ae9a61eeaedc6306f53cd995cd8ed7b93b0b5bf868f0be838beb6ab9f8e8482	8	other	UNVERIFIED	UNVERIFIED
nabd_plus_patient_app.zip	src/store/middleware/memoryManager.ts	545cc92e2fdcceed376c18ac4f7f80a59cf6894cb71408ad7ed2d4b6a6908aa4	41	other	UNVERIFIED	UNVERIFIED
nabd_plus_patient_app.zip	src/store/middleware/observability.ts	42781719c18d7bec2450f40dca0e0b7e709df40649ff1e04befa91feb8bba08e	48	other	UNVERIFIED	UNVERIFIED
nabd_plus_patient_app.zip	src/store/persistence/SecureStorageAdapter.test.ts	168e02a90a1baeeb32df31e5d2974b9f575477c5cfbb1d6c07fe7625a2da1ae1	35	other	UNVERIFIED	UNVERIFIED
nabd_plus_patient_app.zip	src/store/persistence/SecureStorageAdapter.ts	1e74418d1ce444a62b0be5dd066f48c2285226fe6deb3d6b76cbfcaf1485101e	106	other	UNVERIFIED	UNVERIFIED
nabd_plus_patient_app.zip	src/store/persistence/StoreVersionManager.ts	75c897596bc58cc98e3b0303fffdd1dd3a8c5d493781f52953d44cba9c3e4647	38	other	UNVERIFIED	UNVERIFIED
nabd_plus_patient_app.zip	src/store/persistence/config.ts	230235e43a9477c195343e5700dd9f9ba133c3862d17c345ec309ae9069092f8	28	other	UNVERIFIED	UNVERIFIED
nabd_plus_patient_app.zip	src/store/selectors.ts	31c4bb0731f82fcec8abb230bda6b3157369d1970a2d5383af8605c1060a7bb2	34	other	UNVERIFIED	UNVERIFIED
nabd_plus_patient_app.zip	src/store/slices/adminSlice.ts	1af39767edd19ea1dee87c8a3544f28572f40d8fef0378b457a3d2f85dd7e40a	24	other	UNVERIFIED	UNVERIFIED
nabd_plus_patient_app.zip	src/store/slices/analyticsSlice.ts	7d0262776c3969d54478a406c1ce82a3623b42300d5b0b7eebba28e5c7a9d6a0	24	other	UNVERIFIED	UNVERIFIED
nabd_plus_patient_app.zip	src/store/slices/appConfigSlice.ts	4f2772c1b58815a61af629cf11fd72b446d1856ebc83ae36195d3ecbfbc05af1	24	other	UNVERIFIED	UNVERIFIED
nabd_plus_patient_app.zip	src/store/slices/appointmentsSlice.ts	d319b11c384d5e27b61d0686f3f958ce46be0bb5d19c69cefd00430a3b81a46f	33	other	UNVERIFIED	UNVERIFIED
nabd_plus_patient_app.zip	src/store/slices/authSlice.ts	9253c4ff0e0fd2203ded45d4b29c61f374fb15740684fbd1792d1f0d2b725ebc	183	other	UNVERIFIED	UNVERIFIED
nabd_plus_patient_app.zip	src/store/slices/cartSlice.ts	c6d9372d85473388ee07e9a05a49a43fc9b8dadd67484fbe0fcc5e597dc2e906	48	other	UNVERIFIED	UNVERIFIED
nabd_plus_patient_app.zip	src/store/slices/connectivitySlice.ts	0c6edece85d04c3a73e93f42576701442e0a2ec981dad25e2bf494df4c73d1bc	24	other	UNVERIFIED	UNVERIFIED
nabd_plus_patient_app.zip	src/store/slices/deviceSlice.ts	636574db00798ac758b62efb857a19fa7b26c0e4be3072ce626d74a0c6741b39	24	other	UNVERIFIED	UNVERIFIED
nabd_plus_patient_app.zip	src/store/slices/favoritesSlice.ts	4761c7ca7fa8a6a5b7b4ac66c1075e8e6f4891bee64f49f5fdcee589de4415cd	24	other	UNVERIFIED	UNVERIFIED
nabd_plus_patient_app.zip	src/store/slices/featureFlagsSlice.ts	5ab8dc59ae5b8aa3f09c65b202423b5e8ff033eb8fab022093aa7ea518a4af1b	24	other	UNVERIFIED	UNVERIFIED
nabd_plus_patient_app.zip	src/store/slices/localizationSlice.ts	8f6de44237a59e472549fd39b683536a00d1898d46baa4e15118fb71ffb0e6d0	24	other	UNVERIFIED	UNVERIFIED
nabd_plus_patient_app.zip	src/store/slices/loyaltySlice.ts	947b6fe84ddf96c9f15dcc36205a3cea5b47aeef4dcdf5bcdbef2c73b0c3726a	24	other	UNVERIFIED	UNVERIFIED
nabd_plus_patient_app.zip	src/store/slices/notificationsSlice.ts	a8812223db6216df04b9a47afeffb4d2461b752349acc0a8a8d2b0d74f5b488a	43	other	UNVERIFIED	UNVERIFIED
nabd_plus_patient_app.zip	src/store/slices/ordersSlice.ts	36f8416ded4531b459da4909b058489b710978b9b6946d6284a2de6111dfca98	24	other	UNVERIFIED	UNVERIFIED
nabd_plus_patient_app.zip	src/store/slices/otherSlices.ts	391ffb09b3fceefec9b42e79f8b4785a2f4739fa3f83dd98ff702402f12aff72	3	other	UNVERIFIED	UNVERIFIED
nabd_plus_patient_app.zip	src/store/slices/permissionsSlice.ts	af2357fd35a50cf6d28e1e8e44fe88030ae01cb685f475b8caed8f87f7f9e030	24	other	UNVERIFIED	UNVERIFIED
nabd_plus_patient_app.zip	src/store/slices/searchSlice.ts	8a27f61bead91eb87152487976cb9b563b1fec61605d434700d0f8ca1bcba77d	24	other	UNVERIFIED	UNVERIFIED
nabd_plus_patient_app.zip	src/store/slices/sessionSlice.ts	494d71ac196cd435ea976f591dd5c4d2ea310d650bb03ca5a4e88da6ce48b41a	24	other	UNVERIFIED	UNVERIFIED
nabd_plus_patient_app.zip	src/store/slices/settingsSlice.ts	6a2c2acb1cb45eff25c7a794762ab19b0b2ba1811d785a6ecc441ffb28905b13	24	other	UNVERIFIED	UNVERIFIED
nabd_plus_patient_app.zip	src/store/slices/syncSlice.ts	a390a5386f4b0a5f51df191920ffe70a09a6e039acf01cb42ac43ee5da2eec3d	55	other	UNVERIFIED	UNVERIFIED
nabd_plus_patient_app.zip	src/store/slices/themeSlice.ts	c97ae81035d66fafcdac3f572ac28660ff5f38179506db290e0e9bcb19cc36ea	21	other	UNVERIFIED	UNVERIFIED
nabd_plus_patient_app.zip	src/store/slices/userSlice.ts	d5df211e8b453dae74a80d1d043c06e1b93e38d5970475d5f90e989109cc3cf0	51	other	UNVERIFIED	UNVERIFIED
nabd_plus_patient_app.zip	src/store/slices/walletSlice.ts	fe5324527a8328a612f2241aa63da02e6fe50eaa9af7e9cc73e7e7b1fefeea2e	24	other	UNVERIFIED	UNVERIFIED
nabd_plus_patient_app.zip	src/store/types.ts	0a929c0930280a0f9f212c2ae0587ec17424759d86937afc3add4e8ffdbfa11f	44	other	UNVERIFIED	UNVERIFIED
nabd_plus_patient_app.zip	src/store/utils/testUtils.tsx	b86240fb579c9a722d89dfd043f88d99ed1892255bbf0bd7772976e6e6049fc5	33	other	UNVERIFIED	UNVERIFIED
nabd_plus_patient_app.zip	src/theme/ThemeEngine.ts	beb14a9bb669a62294b8359040bcb93b284988d08816bacac6b93e121400e86c	127	other	UNVERIFIED	UNVERIFIED
nabd_plus_patient_app.zip	src/theme/colors.ts	de998a6c1954fb4e2a4b561ff5bbaff9481dc3b9418707f9fe2038173275b1f4	86	other	UNVERIFIED	UNVERIFIED
nabd_plus_patient_app.zip	src/theme/index.ts	4f22932f537fd0c217c83aeadf125b513746af1d4ab11b50909f4b2a84ef90be	316	other	UNVERIFIED	UNVERIFIED
nabd_plus_patient_app.zip	src/types/contracts.ts	3d76b74179e8ec557438a03de203845acd46a8165f5476f26a5fe641027b8ce3	245	other	UNVERIFIED	UNVERIFIED
nabd_plus_patient_app.zip	src/types/index.ts	f70070987d331c94a343b5330fb23c31ff0ca8020e654b0a53dbab1743073358	729	other	UNVERIFIED	UNVERIFIED
nabd_plus_patient_app.zip	src/utils/api.security.test.ts	eca1d2c3434464684b3cfc1a2a657bd176a90edbec5cd10a0b39050abefe486e	49	other	UNVERIFIED	UNVERIFIED
nabd_plus_patient_app.zip	src/utils/api.ts	c40362bce6e86836a5762c4c5e84f6f09cd42f251ba73ac1ab3cf082f87a6b9b	118	other	UNVERIFIED	UNVERIFIED
nabd_plus_patient_app.zip	src/utils/callkeep.ts	48bfa79d449fcf70ef0041086bb450704bb9968fe488b37c0daed9584c262845	129	other	UNVERIFIED	UNVERIFIED
nabd_plus_patient_app.zip	src/utils/chronic-refill-contract.test.ts	f0eac86d0d70fc5810ccfc892f482e088b5b4f46091f2d1533ae7141f4ebafd1	13	other	UNVERIFIED	UNVERIFIED
nabd_plus_patient_app.zip	src/utils/chronic-refill-contract.ts	8c387151925db9e016d0cd1c90e0135e65b35873326160428970bb34992c318f	9	other	UNVERIFIED	UNVERIFIED
nabd_plus_patient_app.zip	src/utils/dates.ts	d8c0949028a0cb084604bdf5c235a679359fe4a70809ee7486dbf69b82a9c7cf	70	other	UNVERIFIED	UNVERIFIED
nabd_plus_patient_app.zip	src/utils/deviceId.ts	4dacc2d18c57fb380c41edf8a83f918fb2774c6ec2a093300a1f13a36e8b8039	33	other	UNVERIFIED	UNVERIFIED
nabd_plus_patient_app.zip	src/utils/family-calendar-contract.test.ts	24b2a91dc5001a671de1ede08df47ebf6b0fcf66faadcdc3c444a95196d28622	16	other	UNVERIFIED	UNVERIFIED
nabd_plus_patient_app.zip	src/utils/family-calendar-contract.ts	6898074fbb5273edda5d1915033b7340b9155092c9d3933e7ed3c971673d02c3	26	other	UNVERIFIED	UNVERIFIED
nabd_plus_patient_app.zip	src/utils/imageUrl.ts	872dcabcf5ebc6a75087eee05ba0d9a5109336541ede997f49dd64a893d666a4	41	other	UNVERIFIED	UNVERIFIED
nabd_plus_patient_app.zip	src/utils/insurance-catalog-contract.test.ts	a54e362a6f8a71ab628537f00a4edb42cc50a9d5249883852fc11bd497d4367a	39	other	UNVERIFIED	UNVERIFIED
nabd_plus_patient_app.zip	src/utils/insurance-copay-contract.test.ts	dd2c89831c31a589242af0beb0b82e473a12dfb63d5ad4e575a5f22f06002962	17	other	UNVERIFIED	UNVERIFIED
nabd_plus_patient_app.zip	src/utils/insurance-copay-contract.ts	fbad51878503ba4d876475d3a01bcad0d6322ec70405a08c2d7c42a1003af1fb	34	other	UNVERIFIED	UNVERIFIED
nabd_plus_patient_app.zip	src/utils/jwt.ts	a586e4e8bfed6268c084ed788881b7dedac8a076e0ea5e768948ce222f387307	43	other	UNVERIFIED	UNVERIFIED
nabd_plus_patient_app.zip	src/utils/labMappers.ts	9796875e890cf4084df201ee21cc9b0a43fee73a814c6fe8d9562c7393c13407	49	other	UNVERIFIED	UNVERIFIED
nabd_plus_patient_app.zip	src/utils/localize.ts	79ae7052482df02713223226368d50228a8b74de9e8ff5c2471d2e312493983c	84	other	UNVERIFIED	UNVERIFIED
nabd_plus_patient_app.zip	src/utils/medication-notifications.test.ts	0fe6e634a6bedddffcdf49759c6b1e4f0fba392d977159fb09d5a5b82e54b7f9	26	other	UNVERIFIED	UNVERIFIED
nabd_plus_patient_app.zip	src/utils/medication-notifications.ts	0899eb2483664c25d7026549f57ce49f5dc179610da033cbe985c66a8991c527	320	other	UNVERIFIED	UNVERIFIED
nabd_plus_patient_app.zip	src/utils/monthly-health-report-contract.test.ts	96a31e14e6d071c95eb1d53d90902d8a55043d63ccb69b6828c35c3bc5f40ffd	14	repository	UNVERIFIED	UNVERIFIED
nabd_plus_patient_app.zip	src/utils/monthly-health-report-contract.ts	4ad68c109bd006cae94022d02569e749da92358241491df99f1743e6dd000b59	16	repository	UNVERIFIED	UNVERIFIED
nabd_plus_patient_app.zip	src/utils/mood-journal-contract.test.ts	b7e6b4ef6c01465345cc9db5860d9f41e0c39bbb0ff9c26a0069446b85dc7c6a	23	other	UNVERIFIED	UNVERIFIED
nabd_plus_patient_app.zip	src/utils/mood-journal-contract.ts	52f709e95ddd4f4e9cbc17890636b4205a37c002a9313e89d5afc1ab34e891f2	117	other	UNVERIFIED	UNVERIFIED
nabd_plus_patient_app.zip	src/utils/notifications.ts	dcc1647c7cc88cdb9b48ffd707f247040d93d6fa8ee6b5ca57861d70456d1293	122	other	UNVERIFIED	UNVERIFIED
nabd_plus_patient_app.zip	src/utils/offlineQueue.security.test.ts	b25b04a8ba1aefc0e855703137fceed676485b83d88e8f842b4dac157d34e916	24	other	UNVERIFIED	UNVERIFIED
nabd_plus_patient_app.zip	src/utils/offlineQueue.ts	69adc7bbc60806fa780023f1b28af1eb9ec4a1c56d62de8191120ae37108229a	39	other	UNVERIFIED	UNVERIFIED
nabd_plus_patient_app.zip	src/utils/payment-idempotency.ts	42140e8ab5025ede3c63645fe89ab02863063d4201c8dfc648d3292c0c99756e	8	gateway	UNVERIFIED	UNVERIFIED
nabd_plus_patient_app.zip	src/utils/performance.tsx	91d2ce95d592780ca1414e1d287111517b95de4c3a190a16c8ed4a50da4793a5	155	other	UNVERIFIED	UNVERIFIED
nabd_plus_patient_app.zip	src/utils/prefetch.ts	8ff84f13b559adf83b8db47cf1a07a9e25ddc841c5194ca98300ed783cd4df37	69	other	UNVERIFIED	UNVERIFIED
nabd_plus_patient_app.zip	src/utils/productNav.ts	a73ed7e645e055a8f8a905c12aa21b517cf71349018d125082ae3b14975ce8be	15	other	UNVERIFIED	UNVERIFIED
nabd_plus_patient_app.zip	src/utils/security.storage.test.ts	e65da540d504221cf283d2fcacc548896f36a4cc547f2d94626bc713a5b6df65	34	other	UNVERIFIED	UNVERIFIED
nabd_plus_patient_app.zip	src/utils/security.ts	4079f56a207b6c84715ee58b423746b152ed579af84952f1bf6335132a112a00	170	other	UNVERIFIED	UNVERIFIED
nabd_plus_patient_app.zip	src/utils/selectedAddress.ts	5db9ae8db469bdebcc00f72e32e026ca464f7c236174afb736041b3289f8361a	62	other	UNVERIFIED	UNVERIFIED
nabd_plus_patient_app.zip	src/utils/sentry.ts	370685fdfd726015f148a10e467c5446c8836b4dc83c213a8cfc1d6c1ab656aa	58	other	UNVERIFIED	UNVERIFIED
nabdah-backend.zip	audit-artifacts/patient_service_insurance_static_audit_20260820.txt	d8bf3770220a626c5768d71b0166637b2ad153abdb456a60bc2a6df8c890b59e	182	service	UNVERIFIED	UNVERIFIED
nabdah-backend.zip	infra/fastapi/ai_routes.py	25e2f63019844e5a1dc5077366b8f67f344bfd7bc09e9c4cb535a1d2116a599e	184	route	UNVERIFIED	UNVERIFIED
nabdah-backend.zip	infra/fastapi/ai_service.py	3c662fc71504860eef47679fcfdd3d30f8450a930aada587b95e0ef54e8d6e2c	306	service	UNVERIFIED	UNVERIFIED
nabdah-backend.zip	src/app.module.ts	036aaa35fbc1736466cb697e2c97f43ee1baa8a882426fa1cb6e3c4b1fe87c60	270	other	UNVERIFIED	UNVERIFIED
nabdah-backend.zip	src/assets/fonts/Amiri-Regular.ttf	2444788b85996d795f0db7e14f3f6bfc3ea1c985e391267db0269b9e40f3447d		other	UNVERIFIED	UNVERIFIED
nabdah-backend.zip	src/assets/fonts/NotoNaskhArabic-Bold.ttf	04017b0ccdd1156dcde3bc386734c1b03165261762f16a025c8afc9088ae76e9		other	UNVERIFIED	UNVERIFIED
nabdah-backend.zip	src/assets/fonts/NotoNaskhArabic-Regular.ttf	6f0a92031367b2f5a2078fe9d24f3433122b61a0bad57c423aad8f3c39aa2e6e		other	UNVERIFIED	UNVERIFIED
nabdah-backend.zip	src/common/audit-log.interceptor.spec.ts	4189f7562c1cbf5d1d7bf72e9ac08f09fa96330285999a7a450a5b9896c8f4cc	155	other	UNVERIFIED	UNVERIFIED
nabdah-backend.zip	src/common/audit-log.interceptor.ts	c468f02f3d3f3a2e3f5ec061e430ead9806ead8d1f938b96a8488e5589828a8a	133	other	UNVERIFIED	UNVERIFIED
nabdah-backend.zip	src/common/auth.guard.spec.ts	a1ebfb3ae9dd4cc94220a684e1d66520fa3c9af689c428ec42fe083bc40d1042	171	guard	UNVERIFIED	UNVERIFIED
nabdah-backend.zip	src/common/auth.guard.ts	b82f51bdc156e629c28790ceb70d8ec0d5939fb549478f4f687d50c2d4b93234	192	guard	UNVERIFIED	UNVERIFIED
nabdah-backend.zip	src/common/correlation.middleware.ts	60cc0d38ffdb435a040c056026a60971f93486694d81a073cb3f9a9ea3d2ef91	29	other	UNVERIFIED	UNVERIFIED
nabdah-backend.zip	src/common/database/audit.plugin.ts	6157f47b4b6c008676699c90c4de0f024eca351a7f4a38fc8ce5978bba7f6f2e	26	other	UNVERIFIED	UNVERIFIED
nabdah-backend.zip	src/common/database/base.repository.ts	3099209997375f9fcff96cda367a01b7e591a2a8d31708554e5bfc25e9543a0a	23	repository	UNVERIFIED	UNVERIFIED
nabdah-backend.zip	src/common/database/mongo.repository.ts	53b1f2673ddcfe53c81ff808bd44ca6c6eeb609a285e2a18de07c7792b81e15e	88	repository	UNVERIFIED	UNVERIFIED
nabdah-backend.zip	src/common/enums.ts	55254b66d6357c8905e4faabbaaa904dd5f9f6505d6ab5c4d0e2a718fbfcb176	334	other	UNVERIFIED	UNVERIFIED
nabdah-backend.zip	src/common/events.ts	1d944f8e67367af44379fd9a1f3abfd007910aa7e1f859d5c977b2b3c00d302b	48	other	UNVERIFIED	UNVERIFIED
nabdah-backend.zip	src/common/guards/device-limit.guard.ts	4f2c27da76cb3167fcd03ba8245e86b736c72f060fc59a3cbebfe75bc58fd447	42	guard	UNVERIFIED	UNVERIFIED
nabdah-backend.zip	src/common/guards/velocity.guard.ts	9705798551c8cec81ea0cfee074af7be42283fb0e90c1b8a93aa28366dfa7d71	28	guard	UNVERIFIED	UNVERIFIED
nabdah-backend.zip	src/common/idempotency.interceptor.spec.ts	1b594900f033f1edb2df641d2f36906f334ecff8c64be299559cdfd46343d402	85	other	UNVERIFIED	UNVERIFIED
nabdah-backend.zip	src/common/idempotency.interceptor.ts	c64e94101545b420efbd73102cf800c9e9f18f0c7ab60c75df9bdeb62d47e0ac	74	other	UNVERIFIED	UNVERIFIED
nabdah-backend.zip	src/common/permissions.ts	1a78dea258c408aa315c3ae5a087df3fa71158ef488936d2f41768ea7a1fb22e	170	other	UNVERIFIED	UNVERIFIED
nabdah-backend.zip	src/common/redis-cache.interceptor.ts	af79c8a861e434e2bf3fb56cbd503e985a11e2ea2dee7e8aaf87b23b6ddc3e19	39	other	UNVERIFIED	UNVERIFIED
nabdah-backend.zip	src/common/sentry.filter.ts	4ef6bd770dd383c5f3426f5dfa6f2bc56ae51b6db4eaa1361a92e3e880beffa4	33	other	UNVERIFIED	UNVERIFIED
nabdah-backend.zip	src/common/slug.util.ts	66a0f209d9e02f9afa97c440fafa467a01169ec646d63bb9068328468aa8d8de	47	other	UNVERIFIED	UNVERIFIED
nabdah-backend.zip	src/common/tracking.ts	9e1c0895da6a1096e5054fee505bdf3c2ed3408d7524906abbcdea171c291309	28	other	UNVERIFIED	UNVERIFIED
nabdah-backend.zip	src/common/validators/iqama.validator.ts	e1e01005d17e90e0cea0356100eeff80a33bf5ac45636df916f9997d22c73d52	42	other	UNVERIFIED	UNVERIFIED
nabdah-backend.zip	src/common/validators/password.validator.ts	17e7c902b656a0d9b9d3e90d529c482ee95076ccc5a3c6cf895667a6edab481b	27	other	UNVERIFIED	UNVERIFIED
nabdah-backend.zip	src/common/validators/saudi-phone.validator.ts	18f774e8ac6d783491b97cc86a78ece5d8ce2bf2071ff85fa484d04a635ca5b9	26	other	UNVERIFIED	UNVERIFIED
nabdah-backend.zip	src/config/configured-io.adapter.ts	0671b0d7f4f9ddf8cb7a23d660c1cb616b5e74ff779c81fa1dc2d92eaece0e47	17	other	UNVERIFIED	UNVERIFIED
nabdah-backend.zip	src/config/env.validation.ts	6bda3aa0688132638d1db5dc6b9ff8cfd1f677e14270f4b84dcb3d805bebcf1c	13	other	UNVERIFIED	UNVERIFIED
nabdah-backend.zip	src/config/openapi.config.ts	33e75a69a4d0357ca74a5ac29097bbff0182096fa81991a0ea2b19ac6fae40d9	87	other	UNVERIFIED	UNVERIFIED
nabdah-backend.zip	src/config/websocket-cors.spec.ts	dcb88c49f426673c6c5957cadd4528122090487419c687b331551feec71e349e	27	other	UNVERIFIED	UNVERIFIED
nabdah-backend.zip	src/config/websocket-cors.ts	b865ec2f36f76dcc9aa2244a3c48fedd7272b5ffb26078b6bfdebe5f12fb46fd	15	other	UNVERIFIED	UNVERIFIED
nabdah-backend.zip	src/contracts/catalog-governance-backfill.contract.spec.ts	a12a89b23267885fe08ca18ebfb7c6c2007a43492d221f8ee6ae674f0e9b505f	52	other	UNVERIFIED	UNVERIFIED
nabdah-backend.zip	src/contracts/insurance-openapi.contract.spec.ts	aecafbeac3c4c275af7f1b57e8d6a23a92ae7ad3238418a64df627b89b5cbe97	92	other	UNVERIFIED	UNVERIFIED
nabdah-backend.zip	src/contracts/mongoose-indexes.contract.spec.ts	38f2f7bb32293716448ae0d10933788fda7e17556c2edfcb891e8d1c9a461555	21	other	UNVERIFIED	UNVERIFIED
nabdah-backend.zip	src/contracts/ownership-controllers.spec.ts	687ba27d5043e52f9594e88c22ea8e60b4a8013cecec6f32fbe899697d1c8deb	36	controller	UNVERIFIED	UNVERIFIED
nabdah-backend.zip	src/contracts/phase6-contracts.spec.ts	a57927eb9dfa806267f371f1d85779f8d66e245652126cb2f61c4fc23a56e95a	22	other	UNVERIFIED	UNVERIFIED
nabdah-backend.zip	src/contracts/phase6-contracts.ts	a6f7c5711f593693da8c6b5491b18c16a5789864761815d86114bbd45d9db274	83	other	UNVERIFIED	UNVERIFIED
nabdah-backend.zip	src/contracts/provider-availability.contract.spec.ts	767edad6d8d76c0d7a921196c0c032daf409b78765b88e3e43127e17a7e47559	38	other	UNVERIFIED	UNVERIFIED
nabdah-backend.zip	src/health.controller.ts	97795aee0f748c41988868163d8727b7533531de5efbabb250d313edd25069b2	59	controller	UNVERIFIED	UNVERIFIED
nabdah-backend.zip	src/main.ts	21de1597224a348ec52a98850dad415cd68bdcadfbe68756784c76c6976e4202	131	other	UNVERIFIED	UNVERIFIED
nabdah-backend.zip	src/modules/admin/admin.controller.ts	7c0cbeed537615dae68a0d25a83c5d9407767bd66a5efea4afcc5ab31ad28fbe	587	controller	UNVERIFIED	UNVERIFIED
nabdah-backend.zip	src/modules/admin/admin.module.ts	f8da62522d5f7f9d9626301c7ab14ba6aa06aed37db63089b663160da9768c02	20	other	UNVERIFIED	UNVERIFIED
nabdah-backend.zip	src/modules/admin-authority/admin-authority.module.ts	aceacbc52b226796f8b823ec3558bca4348a7ec5646981987f659458bc9700cd	291	other	UNVERIFIED	UNVERIFIED
nabdah-backend.zip	src/modules/admin-command-center/admin-command-center.module.ts	c78b3bb7d51b3d93fa758bcaad093c9244be730c0132d04f14e6304ff757aad6	175	other	UNVERIFIED	UNVERIFIED
nabdah-backend.zip	src/modules/admin-governance/admin-governance.module.ts	c44c7da85135d1c750b1c2c829747fcc8e67ab85de63c40d897e253b3f29f4d8	366	other	UNVERIFIED	UNVERIFIED
nabdah-backend.zip	src/modules/admin-governance/b2b.controller.ts	b6acee79cd08558dd53ecb9c72eaf503ab0ade976ca05e2e3bcd86ffcb4d25a0	43	controller	UNVERIFIED	UNVERIFIED
nabdah-backend.zip	src/modules/admin-governance/system-config.controller.ts	988fe178a38e902a7bd96b9c521788d89ea801f8762163c04e3fa8652ab227d9	37	controller	UNVERIFIED	UNVERIFIED
nabdah-backend.zip	src/modules/admin-notification-center/admin-notification-center.contract.spec.ts	5521d8acb97481b94845f257e47b1492fa588e6bdc252dbfe71ef3d755a3d283	37	other	UNVERIFIED	UNVERIFIED
nabdah-backend.zip	src/modules/admin-notification-center/admin-notification-center.module.ts	23bd607b52da2854f0a6463bc7ca275f8be1138cf1c491687ce309f5ecf6fb3f	422	other	UNVERIFIED	UNVERIFIED
nabdah-backend.zip	src/modules/admin-web-core/admin-web-core.module.ts	b391bc99348f99c0f07dd18c3ba3ec51f4921935cc3e567d40705b1d8e9633a0	51	other	UNVERIFIED	UNVERIFIED
nabdah-backend.zip	src/modules/admin-web-core/controllers/admin-config.controller.ts	be129bcf74695a5e342068fcecd2868cc41aab890350d9fbdac3a027b31de42d	28	controller	UNVERIFIED	UNVERIFIED
nabdah-backend.zip	src/modules/admin-web-core/controllers/admin-extended-operations.controller.ts	870fb89384c491960a94cdeadc66923f71e0d75231f050f67be09bec98a5023e	43	controller	UNVERIFIED	UNVERIFIED
nabdah-backend.zip	src/modules/admin-web-core/controllers/admin-governance.controller.spec.ts	14377e4381c1bd6837188b1efd99f2fe8f200d094f897dcfd1e521208dfe2361	11	controller	UNVERIFIED	UNVERIFIED
nabdah-backend.zip	src/modules/admin-web-core/controllers/admin-governance.controller.ts	6fbcd2d6e5be0712fdf2bd80f63851bd0352faf3030841bb81da30fef8e5c66c	46	controller	UNVERIFIED	UNVERIFIED
nabdah-backend.zip	src/modules/admin-web-core/controllers/analytics.controller.ts	5fff994e85971d718e556ff4a22eda5b2830449cadf826ebf1e43ce34f44e3a2	61	controller	UNVERIFIED	UNVERIFIED
nabdah-backend.zip	src/modules/admin-web-core/controllers/finance.controller.ts	7833374246a87dbd05929f2ca89e7788bc63f9051d0264710011006e9c9dcbcf	149	controller	UNVERIFIED	UNVERIFIED
nabdah-backend.zip	src/modules/admin-web-core/controllers/provider-moderation.controller.ts	034ee9674e951794466c23377f3996350adc61acdaf283a3196c3f96bdd2699d	118	controller	UNVERIFIED	UNVERIFIED
nabdah-backend.zip	src/modules/admin-web-core/controllers/system-health.controller.ts	20f15c6dadd760e6e9458a63e11bb1c76bafa5addfc9eea3bcb0ce841cc9150b	27	controller	UNVERIFIED	UNVERIFIED
nabdah-backend.zip	src/modules/admin-web-core/guards/roles.guard.ts	1e128e947121a598abd9f556513f1804c24214c3540a052faedc9c323690fc02	42	guard	UNVERIFIED	UNVERIFIED
nabdah-backend.zip	src/modules/admin-web-core/schemas/audit-log.schema.ts	d22e2bb3835b2552c75157bc0ba917a722f30326c4b3fe0841ccb3881720b47c	24	schema	UNVERIFIED	UNVERIFIED
nabdah-backend.zip	src/modules/admin-web-core/schemas/commission-ledger.schema.ts	cd0220067b47b720d0a0ed0f52f166b6a49e67d1bdfa7d9417b80cb16eb685fa	30	schema	UNVERIFIED	UNVERIFIED
nabdah-backend.zip	src/modules/admin-web-core/schemas/fraud-alert.schema.ts	a6d57f24a0df0f947361f4d8e0c1aed955bde46702ae31f1af2d8e32d0648c89	24	schema	UNVERIFIED	UNVERIFIED
nabdah-backend.zip	src/modules/admin-web-core/schemas/heatmap-data.schema.ts	254b748044480d0a0fa9db73dcb36870f016d6778c7256478158869e0ed64c63	24	schema	UNVERIFIED	UNVERIFIED
nabdah-backend.zip	src/modules/admin-web-core/schemas/procurement-request.schema.ts	84e52fd3f85a5c4df68e6768994d7b77469a6beef09f691045a0ceda32c7f1d6	21	schema	UNVERIFIED	UNVERIFIED
nabdah-backend.zip	src/modules/admin-web-core/schemas/provider-delta.schema.ts	a64c4e9cc3fff6e82a4181465cbd76de2d4d3f15cb1bc80b776a263da0b2c0cc	24	schema	UNVERIFIED	UNVERIFIED
nabdah-backend.zip	src/modules/admin-web-core/schemas/provider.schema.ts	b8990c25f605e424301cc53e2ab93e8b0ee7476d8f6c6c6dcc567a859dfc35a8	33	schema	UNVERIFIED	UNVERIFIED
nabdah-backend.zip	src/modules/admin-web-core/schemas/system-config-extended.schema.ts	62f54767bf0ba84280f3370a5b4b544970133171cef6929236ca8b1a2d90a3d3	18	schema	UNVERIFIED	UNVERIFIED
nabdah-backend.zip	src/modules/admin-web-core/schemas/withdrawal-request.schema.ts	e89753645afd7ca04a7358f23dd1c16c645fdd4833470137f4b141876beb6d35	27	schema	UNVERIFIED	UNVERIFIED
nabdah-backend.zip	src/modules/ai/ai-gateway.service.ts	2fd37b31765d1a50f02702b7a8e78a92ddcbf98658f0bafffa23e19ef5250aed	286	service	UNVERIFIED	UNVERIFIED
nabdah-backend.zip	src/modules/ai/ai-provider.service.ts	acc7e07ecd9a2c016882760852de38a4f7b3466a556147511c57c10457215458	250	service	UNVERIFIED	UNVERIFIED
nabdah-backend.zip	src/modules/ai/ai.admin-containment.spec.ts	0422fe01736077b407cbe60048358145ae3a3024b2fdf92e16cebe1e7c171840	13	other	UNVERIFIED	UNVERIFIED
nabdah-backend.zip	src/modules/ai/ai.controller.ts	c43c0e332344164a8799ab7ee9dd5dbeb87d4901b60ae3a610605c96cec72dbd	168	controller	UNVERIFIED	UNVERIFIED
nabdah-backend.zip	src/modules/ai/ai.module.ts	a442084c8900080fd36e78a4e6a5f6fb9db5c142950b364b73eb212ac5c90b45	10	other	UNVERIFIED	UNVERIFIED
nabdah-backend.zip	src/modules/ai/ai.service.excel.spec.ts	854f3c0ed9b576d0a7f31311151a5607a231f56c36d8e8a6ca23bc53a8477481	22	service	UNVERIFIED	UNVERIFIED
nabdah-backend.zip	src/modules/ai/ai.service.spec.ts	acc4af210c5f41dac401909ac49be75306d8e36629cbc9d44b16579fe4cb351b	60	service	UNVERIFIED	UNVERIFIED
nabdah-backend.zip	src/modules/ai/ai.service.ts	632e318ed4b70ef61543bee5cb9610ca280c53705a50e2b96aed9dc455bbe356	337	service	UNVERIFIED	UNVERIFIED
nabdah-backend.zip	src/modules/analytics/analytics.module.ts	5f610bedb9066480288d70d7edd541ab58823f38de0aba9f37112c4c16d17a48	149	other	UNVERIFIED	UNVERIFIED
nabdah-backend.zip	src/modules/api-security/api-security.module.ts	444b10bc1644abf9bf66bee67d1762c6681a9fa5cf4b58c5f4288e37550cc105	226	other	UNVERIFIED	UNVERIFIED
nabdah-backend.zip	src/modules/approval-workflow/approval-workflow.module.ts	fbabfe680ae329955f8372335832d0f51db7abafa83166f1ecd34a2c2b9d4b9e	219	other	UNVERIFIED	UNVERIFIED
nabdah-backend.zip	src/modules/approval-workflow/approval-workflow.service.spec.ts	863bb555d259cb98a0478025fdf00fd424556dccab6ef46e9707417d64a4398f	193	service	UNVERIFIED	UNVERIFIED
nabdah-backend.zip	src/modules/articles/articles.contract.spec.ts	4f61699aac5d0fb659bbaea81af3368785f9f742b3da18c8a8d2bcf8085d3209	41	other	UNVERIFIED	UNVERIFIED
nabdah-backend.zip	src/modules/articles/articles.module.ts	85a6dec7cffbbd9d0f455c508f600031fd2a3de7a7cc741286c988776b8575ee	196	other	UNVERIFIED	UNVERIFIED
nabdah-backend.zip	src/modules/articles/seo.controller.ts	24cb9927f97b04d3ee067a14ff4b8024a36d3f5180ed4d8f8d332b62f9dcb9f5	44	controller	UNVERIFIED	UNVERIFIED
nabdah-backend.zip	src/modules/auth/auth.controller.ts	1d22f59a807bc936f8887315d357b09665e679589c9f0eb8e43632673b40c67b	307	controller	UNVERIFIED	UNVERIFIED
nabdah-backend.zip	src/modules/auth/auth.module.ts	29184afa0506114cde0dc26a5d71beed848236c797833ccc15426036716d6a6d	48	other	UNVERIFIED	UNVERIFIED
nabdah-backend.zip	src/modules/auth/auth.service.spec.ts	5a99492d77379ce07f4fab1bedb0ee0bc34f267198f9db175265482dfb99db6f	243	service	UNVERIFIED	UNVERIFIED
nabdah-backend.zip	src/modules/auth/auth.service.ts	0ac72c7f3e1f36ccb749f912ba8af611dcc6f189efeaf824e344d13bcfbf7a00	1028	service	UNVERIFIED	UNVERIFIED
nabdah-backend.zip	src/modules/auth/device-trust.service.ts	81970784c26cac33bf9b7e7a7b222355ae2818576d955372fe3247160cc9d838	116	service	UNVERIFIED	UNVERIFIED
nabdah-backend.zip	src/modules/auth/passkey.controller.ts	78332dea9a289ad68513ecb99b2084679248cb633143ad05d8b7d94cc5923a72	72	controller	UNVERIFIED	UNVERIFIED
nabdah-backend.zip	src/modules/auth/passkey.service.ts	c9c0aad1281f4b65607e9eeff20351a5d9f42621360244b625e27466d7c3ac30	224	service	UNVERIFIED	UNVERIFIED
nabdah-backend.zip	src/modules/auth/patient-web-auth.contract.spec.ts	6359f800e525b14457f63f321c78a2ab38b7eddba1af47711ab8be0bba31daff	148	other	UNVERIFIED	UNVERIFIED
nabdah-backend.zip	src/modules/auth/repositories/patientprofile.repository.ts	5860ac653f59f200f1a8f32df8f1589b67ddbeabecf3fb9f13ae954d52cf8a9b	13	repository	UNVERIFIED	UNVERIFIED
nabdah-backend.zip	src/modules/auth/repositories/user.repository.ts	810663ec29e799517a445a91b1f0910bc5897c86ff1bea728b30feda1d5f6ca7	13	repository	UNVERIFIED	UNVERIFIED
nabdah-backend.zip	src/modules/auth/schemas/passkey-credential.schema.ts	6aa12874841650e1884deb629c508f5742fd13c9bb9f3aac55411238d69443ae	35	schema	UNVERIFIED	UNVERIFIED
nabdah-backend.zip	src/modules/auth/schemas/trusted-device.schema.ts	258c9c9abff5b16d9e4597711863bf287ae033d006112509d483dc0fa7042894	28	schema	UNVERIFIED	UNVERIFIED
nabdah-backend.zip	src/modules/bans/bans.controller.ts	1f11ddd013c050ddfcdec88946e32c5e8dccec44059bc4e0064b087cee9bb16b	34	controller	UNVERIFIED	UNVERIFIED
nabdah-backend.zip	src/modules/bans/bans.middleware.ts	258718cd4e03d295e9758e5876d9fcae6f1f7f9c1a898c4ac4da9addc9146a70	25	other	UNVERIFIED	UNVERIFIED
nabdah-backend.zip	src/modules/bans/bans.module.ts	28b7b8af5c99f88e111c8f8340457db04bb1514b63e49754aedfd34596588644	15	other	UNVERIFIED	UNVERIFIED
nabdah-backend.zip	src/modules/bans/bans.schema.ts	40e57f20cb8401fdaec89ca4c6bb288605dd75524f583d26ecc06562080d794f	31	schema	UNVERIFIED	UNVERIFIED
nabdah-backend.zip	src/modules/bans/bans.service.ts	7e62e9b261ed18e652b77c3b64a15d04e2d26d6d0ccc9fd725eae43744f1bcf1	53	service	UNVERIFIED	UNVERIFIED
nabdah-backend.zip	src/modules/bans/repositories/ban.repository.ts	45986326bcb89aefe116c4fe29edb317bf011b55489af4493bc84e4c62d26cfe	13	repository	UNVERIFIED	UNVERIFIED
nabdah-backend.zip	src/modules/billing/billing.module.ts	528248f82ef3cd58735638a1401c24d7434968d6386385dc78c672e7eb4d8b4a	253	other	UNVERIFIED	UNVERIFIED
nabdah-backend.zip	src/modules/billing/billing.service.ts	e80a7d7b56e18c9599c51bfb0ac5a0ee591bf34584e01248e7321b9bf457c371	66	service	UNVERIFIED	UNVERIFIED
nabdah-backend.zip	src/modules/billing/tests/billing-zatca.spec.ts	74832af76d02b1c8abf4c61f8f559f76e964d6c096027d1cf5ab7dd87cfa9dc5	69	other	UNVERIFIED	UNVERIFIED
nabdah-backend.zip	src/modules/booking-flow/booking-flow.module.ts	8a509c96fecc8cf9a17f17e411f0d7b047396452238534cb14c2dc0f421b4856	259	other	UNVERIFIED	UNVERIFIED
nabdah-backend.zip	src/modules/booking-flow/booking-flow.service.spec.ts	04ee0da72d93371df0a33687f90abcbdac7c3e9b047f4aaab658cfa3b3acc07d	29	service	UNVERIFIED	UNVERIFIED
nabdah-backend.zip	src/modules/booking-ops/booking-ops.module.ts	71e8233e8912bdbf5f03f6b5541707bd6d7223ef2b90e37365dd99c3f6d15c69	205	other	UNVERIFIED	UNVERIFIED
nabdah-backend.zip	src/modules/booking-ops/booking-ops.service.spec.ts	d01018e90e13a9120f96481fe23dd62dcfeaa09a2c3ccef4ecc341125c5a5136	48	service	UNVERIFIED	UNVERIFIED
nabdah-backend.zip	src/modules/business-rules/business-rules.module.ts	60ecf4d829db664bbee5aaae62ac59fe73a9632c1d6042c163b0655fe2d61bd2	187	other	UNVERIFIED	UNVERIFIED
nabdah-backend.zip	src/modules/care/appointments.controller.ts	21572280834848194a38c821c9e46d4cb4229bcd94f38baa4fdd4791b312495d	80	controller	UNVERIFIED	UNVERIFIED
nabdah-backend.zip	src/modules/care/appointments.dto.ts	c39b01794aa2657beaa8167cb82690913517e7b2fc2a6f3184029e87a902f179	72	dto	UNVERIFIED	UNVERIFIED
nabdah-backend.zip	src/modules/care/appointments.service.ts	34c58aa093f1101eae4be7b312a427d35f6dba1a586b7697c337c5a6d7d41b1e	471	service	UNVERIFIED	UNVERIFIED
nabdah-backend.zip	src/modules/care/care.controller.ts	e0dc089eb6b8ba4dcf836f53fcb221588fa44388b87c33c3c1bf2455d4fb9ef0	111	controller	UNVERIFIED	UNVERIFIED
nabdah-backend.zip	src/modules/care/care.module.ts	7b6ee969236424a9887b61030f7726f376674a480caefb6006ac1db0a5b8f289	37	other	UNVERIFIED	UNVERIFIED
nabdah-backend.zip	src/modules/care/care.service.ts	0ceb45f880fbb79d18c62ebdcdad01cce262be7e8ef35218de64662a7fd2e8fd	325	service	UNVERIFIED	UNVERIFIED
nabdah-backend.zip	src/modules/care/doctor-integration.controller.ts	1c8c92ebf7452dad0468c1ce477428689ae4572e57f62807c93e473ac56f1e54	56	controller	UNVERIFIED	UNVERIFIED
nabdah-backend.zip	src/modules/care/doctor-referrals.controller.ts	aac3f657258cf9ed1cbb3f4b8707d123ea640b8944c1b25d385ef12bff9a1741	115	controller	UNVERIFIED	UNVERIFIED
nabdah-backend.zip	src/modules/care/repositories/appointment.repository.ts	825da535301c104bdb0872b80cec3ac3f0087776b924b0c1d06f4856536af7b7	13	repository	UNVERIFIED	UNVERIFIED
nabdah-backend.zip	src/modules/care/repositories/facility.repository.ts	0612638081341486e6cd07b80d322af01bd25d4dff98620133c6917131b40199	13	repository	UNVERIFIED	UNVERIFIED
nabdah-backend.zip	src/modules/care/repositories/providerprofile.repository.ts	0e689f87af957e6c51b6015e5d9ba0882ea6707b496b4b785dc4313b490f2d82	13	repository	UNVERIFIED	UNVERIFIED
nabdah-backend.zip	src/modules/care/repositories/user.repository.ts	810663ec29e799517a445a91b1f0910bc5897c86ff1bea728b30feda1d5f6ca7	13	repository	UNVERIFIED	UNVERIFIED
nabdah-backend.zip	src/modules/care/schemas/doctor-profile-extended.schema.ts	da44dc802e23cc85752db527ed9fe7cfebf710a5a9f69d25381fecbdbcfac98e	38	schema	UNVERIFIED	UNVERIFIED
nabdah-backend.zip	src/modules/care/schemas/encounter-record.schema.ts	ffc838f882b216183abecb862830481138c2fc211243155766d999453c067cc7	42	schema	UNVERIFIED	UNVERIFIED
nabdah-backend.zip	src/modules/care/schemas/encounter-referrals.schema.ts	647bad6abf861649987c0805748e0b66c11cd7ff6d69dc736e655f9d10e055ff	33	schema	UNVERIFIED	UNVERIFIED
nabdah-backend.zip	src/modules/care/slot.service.ts	09ce765fbbf1e0e1206156ef740c961dcc64f2b5f621d627d68cbfff9ffa0b3c	108	service	UNVERIFIED	UNVERIFIED
nabdah-backend.zip	src/modules/care/tests/appointments-states.spec.ts	4aff184aec159230cdbe4dce552ace04fd7dc5293d27a108a9fa567553bc6791	200	other	UNVERIFIED	UNVERIFIED
nabdah-backend.zip	src/modules/care/tests/public-discovery.spec.ts	cb5b8fcb567b3c63a9ce8205797c01e65dba934fdffeaa172594ef1680cc8229	101	other	UNVERIFIED	UNVERIFIED
nabdah-backend.zip	src/modules/cart/cart.contract.spec.ts	a23a17ef32e347ff543a07305b9bec24a109726d47ba7fd68a29b746f4641671	74	other	UNVERIFIED	UNVERIFIED
nabdah-backend.zip	src/modules/cart/cart.module.ts	e217fe3b2365c3a4eccdf19d18f4abbd30882e9a22fe2c34822083fabc587feb	259	other	UNVERIFIED	UNVERIFIED
nabdah-backend.zip	src/modules/chat/chat.contract.spec.ts	e68b44afb783a45416b41f3df85f1d23db53b803c40d7de3fb01903a85a12120	102	other	UNVERIFIED	UNVERIFIED
nabdah-backend.zip	src/modules/chat/chat.gateway.followup.spec.ts	222e92ee07dbd500cd3f4590a1f7416b0fe4be16751c5c6ea95714b200244d99	45	gateway	UNVERIFIED	UNVERIFIED
nabdah-backend.zip	src/modules/chat/chat.gateway.ts	9ec78a7053c1f0dd45c77cbaed3fd7782a9fd7e5fc7cbc21164e1add3c7698f3	165	gateway	UNVERIFIED	UNVERIFIED
nabdah-backend.zip	src/modules/chat/chat.module.ts	0e1d49bb32aef9cd4aa2976eef29f1bc91af330ce827f955257614bb0d461496	244	other	UNVERIFIED	UNVERIFIED
nabdah-backend.zip	src/modules/chat/chat.schemas.ts	edf9b7854b229aa70a3d5598072a4972ef9b7f6f6840a3f87bacc4eae2abf0c0	58	schema	UNVERIFIED	UNVERIFIED
nabdah-backend.zip	src/modules/chat/chat.service.ts	d9732ab2511d9ddf64e90e8805fd59a8d61be45c86b99ee504590413af8ae202	420	service	UNVERIFIED	UNVERIFIED
nabdah-backend.zip	src/modules/chat/guards/chat-gateway.guard.ts	ff57104949230d59583c9c6dfe6f78a84506d4509e4e49a1cf38f8f520928ae2	48	guard	UNVERIFIED	UNVERIFIED
nabdah-backend.zip	src/modules/chat/schedulers/chat-lifecycle.scheduler.ts	a52e998bf83849e6814a41fd013a19638561bea22f759f72756addd114438ae6	28	other	UNVERIFIED	UNVERIFIED
nabdah-backend.zip	src/modules/community/community.controller.ts	c327a88dddf78957b916cfad3ec897b8c75cde9ddb5dea281696c0fd9e2e69f4	87	controller	UNVERIFIED	UNVERIFIED
nabdah-backend.zip	src/modules/community/community.module.ts	63a3c8f09841e8ec62e590d439cc8df32629bf0224fe827c12e067f13efeb51a	22	other	UNVERIFIED	UNVERIFIED
nabdah-backend.zip	src/modules/community/community.service.spec.ts	078d1fc4f3dc2fc7f69e0b74fcc69fa4b2e55eb53285d029c54678fe15062b9e	119	service	UNVERIFIED	UNVERIFIED
nabdah-backend.zip	src/modules/community/community.service.ts	eadeea6499e8b9379c353fe762debd9d5604102184c5a397951e64f7e7bf8c6e	198	service	UNVERIFIED	UNVERIFIED
nabdah-backend.zip	src/modules/community/repositories/livesession.repository.ts	cfd6403a84e1cd606dc844da3ebc8189e732fedd02173fe4486753da4105aff4	13	repository	UNVERIFIED	UNVERIFIED
nabdah-backend.zip	src/modules/community/repositories/post.repository.ts	9593120e6085f24f9c942836788d2adc6ddabb05ee2d897131115f43d208fb65	13	repository	UNVERIFIED	UNVERIFIED
nabdah-backend.zip	src/modules/community/repositories/postcomment.repository.ts	da49be196581769e978a99079e676b0ca046c63abaabada8dddb2c6a863f3551	13	repository	UNVERIFIED	UNVERIFIED
nabdah-backend.zip	src/modules/compat/admin-nursing-containment.spec.ts	b73431ce733b9789151766cb4bdabd93669432f0bd6cdce4540ad854bee1d6fd	11	other	UNVERIFIED	UNVERIFIED
nabdah-backend.zip	src/modules/compat/admin-spa.module.ts	1ecb2753b050e7192d84191b7aef420457a5feae6600f9186d22104f5fa09e5e	1362	other	UNVERIFIED	UNVERIFIED
nabdah-backend.zip	src/modules/compat/compat-family-chat.spec.ts	22c321fcce19ce360b45375b19b5881df594496dfb19a1a448055dafeb82299f	40	other	UNVERIFIED	UNVERIFIED
nabdah-backend.zip	src/modules/compat/compat.module.ts	568112a93e8ce1261814676b911d4f09e904f7613621e6cf9a59b3b363614766	1139	other	UNVERIFIED	UNVERIFIED
nabdah-backend.zip	src/modules/config/config.controller.ts	682f474ca475d96df9a41a9f27ea2d341bc411ad4cc36aee47ea403b555e6e5b	17	controller	UNVERIFIED	UNVERIFIED
nabdah-backend.zip	src/modules/config/config.module.ts	2edf191916f5e560cde98f0f122d761646e19243de33c1e07ed952716c0e8662	10	other	UNVERIFIED	UNVERIFIED
nabdah-backend.zip	src/modules/config/config.service.ts	ce3ed3b99d92d20619954657cc267d67e2249debaf647244d7bc8d02d8454d6e	39	service	UNVERIFIED	UNVERIFIED
nabdah-backend.zip	src/modules/consistency/consistency.module.ts	755f14d5dda55065b8985eb1bf22e176e63f7735ed45d57c2293e3d60af62fa4	187	other	UNVERIFIED	UNVERIFIED
nabdah-backend.zip	src/modules/coturn/coturn.controller.ts	9ee3ca191c09935d2015c37de8dc85d57fea5fc3bc7bf3adf0bef0652ecb277d	19	controller	UNVERIFIED	UNVERIFIED
nabdah-backend.zip	src/modules/coturn/coturn.module.ts	852f1a11f19d469ef13915ed45e081375d98c4441051743095004399ee4aad26	10	other	UNVERIFIED	UNVERIFIED
nabdah-backend.zip	src/modules/coturn/coturn.service.ts	28ec2d30f4057a4bf19fa939a7dae56a5af0f543d4657ad1f7105af544e65049	93	service	UNVERIFIED	UNVERIFIED
nabdah-backend.zip	src/modules/custom-services/custom-services.controller.ts	09d9e53f729542408a3d98afbf1df6ee8da179d3c783ea2f3c3152d7ab95f927	19	controller	UNVERIFIED	UNVERIFIED
nabdah-backend.zip	src/modules/custom-services/custom-services.module.ts	d3aedfcc53f3b0654d125e84f06d5c6d65c802365ed70337991ecf01432b22df	15	service	UNVERIFIED	UNVERIFIED
nabdah-backend.zip	src/modules/custom-services/custom-services.service.ts	092110a29e3151898bcf19702f3ed0ef9e8f0667222482ad42883f098f72f21e	72	service	UNVERIFIED	UNVERIFIED
nabdah-backend.zip	src/modules/custom-services/repositories/customservicerequest.repository.ts	4b6fc43868e89edc95917c8571742ba113dce79d118f643e919076d5486ebc9b	13	service	UNVERIFIED	UNVERIFIED
nabdah-backend.zip	src/modules/device-trust/device-trust.module.ts	ea43e90bb85b9d32b39f1ebfe1b71146ef93f8fc9a7afaf98aba6c5065ae4c03	165	other	UNVERIFIED	UNVERIFIED
nabdah-backend.zip	src/modules/doctors/doctors.module.ts	b25f3d501388beece5b4bc9b0677b3c98353cb2d1cb5b92f1b74c2edf302c0af	291	other	UNVERIFIED	UNVERIFIED
nabdah-backend.zip	src/modules/doctors/doctors.schemas.ts	38865b22a1ecd52856f48d248520ef114cf71578a278f0b23c17a3a45d0ecf0d	117	schema	UNVERIFIED	UNVERIFIED
nabdah-backend.zip	src/modules/drivers/drivers.controller.ts	300c0abb6a196595e506affaa17765e55af164cc66eeb99df4174ea537641e9f	89	controller	UNVERIFIED	UNVERIFIED
nabdah-backend.zip	src/modules/drivers/drivers.module.ts	4c8bbc7e2f65abf0f5c5a01f897f32ddba723834c60421cf33f33dd39d27a947	29	other	UNVERIFIED	UNVERIFIED
nabdah-backend.zip	src/modules/drivers/drivers.service.ts	a545df6f4a9fc30dcd853bbec84349772c0463d6e19a6a1192dcc3e6f0b38dc2	159	service	UNVERIFIED	UNVERIFIED
nabdah-backend.zip	src/modules/drivers/repositories/delivery.repository.ts	67115431cb732cc71b3e4ef36cb4fad8d24ae2849cfcf7da4515be5861fa27b9	13	repository	UNVERIFIED	UNVERIFIED
nabdah-backend.zip	src/modules/drivers/repositories/drivershift.repository.ts	8f5a022cbba363511c3e6e29004c0dc07061b723fbf17a6ecbd8239edc297adc	13	repository	UNVERIFIED	UNVERIFIED
nabdah-backend.zip	src/modules/drivers/repositories/order.repository.ts	17033cbe1be9edd2efec6aada595c57abd36c931d76a7aac3d19d254da39cec0	13	repository	UNVERIFIED	UNVERIFIED
nabdah-backend.zip	src/modules/drivers/repositories/user.repository.ts	810663ec29e799517a445a91b1f0910bc5897c86ff1bea728b30feda1d5f6ca7	13	repository	UNVERIFIED	UNVERIFIED
nabdah-backend.zip	src/modules/emergency/ambulance-fleet.controller.ts	9e608787700b313021ffb1e6ef01efdeb6172f97550377903271d45a6432ac97	142	controller	UNVERIFIED	UNVERIFIED
nabdah-backend.zip	src/modules/emergency/emergency.admin-containment.spec.ts	d93dfca0a14692e9084d506e84e1fcb5b8118e7a944dcaeae20daaf744e717d7	14	other	UNVERIFIED	UNVERIFIED
nabdah-backend.zip	src/modules/emergency/emergency.controller.ts	3d80b87dea0cfdc8e2cb92eb831a2daf9268ce507be846d3449f79a1fe597f34	83	controller	UNVERIFIED	UNVERIFIED
nabdah-backend.zip	src/modules/emergency/emergency.module.ts	9999697beda92474fb7d865e5829c06caee8e303e624ee4a40a3ff519df0cd62	19	other	UNVERIFIED	UNVERIFIED
nabdah-backend.zip	src/modules/emergency/emergency.service.ts	e83335608c838a67c51b024152e19196776de4c95d6d4c562b3f8631b154d97a	315	service	UNVERIFIED	UNVERIFIED
nabdah-backend.zip	src/modules/emergency/emergency.service.vehicle-integrity.spec.ts	fd209b15e3158460ae5d378beee1b04ff34617e5160f98aefda701b7028820dc	36	service	UNVERIFIED	UNVERIFIED
nabdah-backend.zip	src/modules/emergency/repositories/emergencyrequest.repository.ts	578e6f3ba9f059c1630eaecbf803c9633c23724983ec9fdc9a5b291c1382b1e2	13	repository	UNVERIFIED	UNVERIFIED
nabdah-backend.zip	src/modules/event-reliability/event-reliability.module.ts	0d7349e4fa082286ec1555ba99755d819615b52560af9edc7014eb8a2b013624	151	other	UNVERIFIED	UNVERIFIED
nabdah-backend.zip	src/modules/events/catalog-publication.service.spec.ts	2994dac9f4d7bc2b5c9829ba695421a8424e337eb9e284f0adbc06b1adf00838	93	service	UNVERIFIED	UNVERIFIED
nabdah-backend.zip	src/modules/events/catalog-publication.service.ts	657d4be7048da776981a5c867c53ab699de69199f1595365cc81596c4d124e54	148	service	UNVERIFIED	UNVERIFIED
nabdah-backend.zip	src/modules/events/event-bus.service.spec.ts	0b12a0cc89ca3fbb65578175c8d71dffca9428f9cd28ba150f8179e169cf2dba	19	service	UNVERIFIED	UNVERIFIED
nabdah-backend.zip	src/modules/events/event-bus.service.ts	e1c598558b0e7519598ba057d05531bde4bb9039b14bb049bbf40068a43a2dfa	84	service	UNVERIFIED	UNVERIFIED
nabdah-backend.zip	src/modules/events/events.controllers.ts	1f78b3d2cc884107160137e6f53fee2d78986c385ddaa06ead0da0f4de1d62a5	30	controller	UNVERIFIED	UNVERIFIED
nabdah-backend.zip	src/modules/events/events.module.ts	d0d9854bb46fb28590de5871e30440a6e94f2b2c03f56e812f0b962ded20e3ef	16	other	UNVERIFIED	UNVERIFIED
nabdah-backend.zip	src/modules/events/repositories/systemevent.repository.ts	c773c8e7418c2245ad4e6402b39b3cea2c84aba7ed38f3b59950d8214e79a8ab	13	repository	UNVERIFIED	UNVERIFIED
nabdah-backend.zip	src/modules/events/system-event.schema.ts	83b2eb33076aaf9002752f64762b49ed8ea88cb97408d4cc78e1370a10364261	30	schema	UNVERIFIED	UNVERIFIED
nabdah-backend.zip	src/modules/export/export.controller.ts	cb86f9228ccc3e6f8b1de6a97e54a229274f8ae66b37457245e23bce4f3f9795	48	controller	UNVERIFIED	UNVERIFIED
nabdah-backend.zip	src/modules/export/export.module.ts	5fa4a13fa09465ba26ea3851755a05d91733548aa065a86eb9ed7f4827ca05a9	10	other	UNVERIFIED	UNVERIFIED
nabdah-backend.zip	src/modules/export/export.service.ts	a645e4bda8c3aef8b22534994a1ea97f1a6776af7b202e0442cf66e9e6ee28a4	64	service	UNVERIFIED	UNVERIFIED
nabdah-backend.zip	src/modules/facility-ops/facility-ops.module.ts	9203cc243203a81d9b03201f1d11a063b180be1cad8f7abec49494d862fba386	440	other	UNVERIFIED	UNVERIFIED
nabdah-backend.zip	src/modules/facility-ops/facility-ops.service.spec.ts	339f3b30072ba9017e9f964031514bfeb235dbf129f54ad69a6973884176b624	83	service	UNVERIFIED	UNVERIFIED
nabdah-backend.zip	src/modules/family/family.controller.ts	e6dcd1a678a959f2833fa22ef1d3c9b705282eeaef164f95fce6667faf902b83	134	controller	UNVERIFIED	UNVERIFIED
nabdah-backend.zip	src/modules/family/family.module.ts	cf063b4f1347d928a1f83bc603f74ddb1a58ffa986c098a522fedb43e276df14	27	other	UNVERIFIED	UNVERIFIED
nabdah-backend.zip	src/modules/family/family.service.spec.ts	99f8f84dce33d16f5d51e7e0e16177785631429c9f8a15d287e065ddffe7ac1a	206	service	UNVERIFIED	UNVERIFIED
nabdah-backend.zip	src/modules/family/family.service.ts	8ee12cdfe5a775de9fbf315e9a46d9b0204f78ddeff860ced230fea92c3bf957	445	service	UNVERIFIED	UNVERIFIED
nabdah-backend.zip	src/modules/family/repositories/familygroup.repository.ts	941b003ef350a42e0935978ec1c66384a17658448398c147412e340c291d3fec	13	repository	UNVERIFIED	UNVERIFIED
nabdah-backend.zip	src/modules/family/repositories/familypermissionrequest.repository.ts	869b1b60a3e06bd2fe3dcd6891daee98e35f08f4a1816912e9c166cf7cfd4fc6	13	repository	UNVERIFIED	UNVERIFIED
nabdah-backend.zip	src/modules/family/repositories/sharedcalendarevent.repository.ts	d82be0ec5f92d435d33ea246e5638040dc6bc853af1081d6b2b62f060d382a33	13	repository	UNVERIFIED	UNVERIFIED
nabdah-backend.zip	src/modules/feature-flags/feature-flag.schema.ts	e0e7026d6e622dcdd08696f42e25170388bc801732b0c415d4f561096fad5524	14	schema	UNVERIFIED	UNVERIFIED
nabdah-backend.zip	src/modules/feature-flags/feature-flags.controller.ts	db2a40143cdc0c14e849030b328bab4585de09cca2c2439347fd2198219e1758	36	controller	UNVERIFIED	UNVERIFIED
nabdah-backend.zip	src/modules/feature-flags/feature-flags.module.ts	b4deb1236068df8fe641d340d7d4ab1833f15944b83a88233546c1983c68217e	18	other	UNVERIFIED	UNVERIFIED
nabdah-backend.zip	src/modules/feature-flags/feature-flags.service.ts	e2ddf7ee4e65ccb9eae8c8de2866134e222c98a820004e578cfd0572ea8710f6	22	service	UNVERIFIED	UNVERIFIED
nabdah-backend.zip	src/modules/feature-flags/repositories/featureflag.repository.ts	8ebb367516ab6b53b294c896fe1d54cdfca693f5d10d0884360edc355a9b7899	13	repository	UNVERIFIED	UNVERIFIED
nabdah-backend.zip	src/modules/finance-engine/finance-engine.module.ts	ab7da8cf00b587fc715fa87357487be70d6862c96984174f1cd11de43a74c5b6	1023	other	UNVERIFIED	UNVERIFIED
nabdah-backend.zip	src/modules/health/health-dashboard.controller.ts	472d9477cd9ebfb4016a4ae4c190d1886a238b911864accf20dc45b9e0dd2067	133	controller	UNVERIFIED	UNVERIFIED
nabdah-backend.zip	src/modules/health/health.controller.ts	b6a0badcba36bcd6e79d90fa23ee9afeddd03a2d9cea93ec270dcbb5390b51ec	140	controller	UNVERIFIED	UNVERIFIED
nabdah-backend.zip	src/modules/health/health.module.ts	f4d0a8dc10da52680083316c376e8d00e5fe6774b45aef7b347654f10a3de157	22	other	UNVERIFIED	UNVERIFIED
nabdah-backend.zip	src/modules/health/health.service.spec.ts	900d80fd74e0a902aa3ad1a85120bdcbe73ce2785586cf58fbbe63b48da13417	170	service	UNVERIFIED	UNVERIFIED
nabdah-backend.zip	src/modules/health/health.service.ts	ba5a170df8428ee865f1f76e9b228ec3b7b5fa8a767f146e008f270b8ee879ea	798	service	UNVERIFIED	UNVERIFIED
nabdah-backend.zip	src/modules/health/repositories/medicationreminder.repository.ts	6a485cf0e83b88f559b63ae4e75a57b92f9c401ee16c2106bd064804e68eff75	13	repository	UNVERIFIED	UNVERIFIED
nabdah-backend.zip	src/modules/health/repositories/sleepreading.repository.ts	8b1d3794e2ca4cfb182be485f57215b2fb8a6775a89550844c5eda21badc325a	13	repository	UNVERIFIED	UNVERIFIED
nabdah-backend.zip	src/modules/health/repositories/vitalreading.repository.ts	20c179bc71293c8890c86e3d4c070e3e446372f7aca69dff3e0d6a0f89dc1f09	13	repository	UNVERIFIED	UNVERIFIED
nabdah-backend.zip	src/modules/home/home.controller.ts	18285c7ffbf9dfc0e4e7e6236acd514fd789e45e747dfae82b5b7e9ac5570fad	24	controller	UNVERIFIED	UNVERIFIED
nabdah-backend.zip	src/modules/home/home.module.ts	820b691e273c49dda60cdbaafd9ac227e36cc1b48e1ae0b9eeaf8a24c1882e40	18	other	UNVERIFIED	UNVERIFIED
nabdah-backend.zip	src/modules/home/home.service.ts	4fea499311a0c52c0715f73d5326457915bcd9af0683dd4f1b07e3eeda0dcf7b	270	service	UNVERIFIED	UNVERIFIED
nabdah-backend.zip	src/modules/home-care/controllers/home-care-tracking.controller.spec.ts	d8455ff45437a0d7b8ac67767612cd3dd29ce728e58b2415600176f032aed4f2	43	controller	UNVERIFIED	UNVERIFIED
nabdah-backend.zip	src/modules/home-care/controllers/home-care-tracking.controller.ts	9249781e53e0bfd4da8a30209667d76281913b10c2e27ce200f3877df513af41	107	controller	UNVERIFIED	UNVERIFIED
nabdah-backend.zip	src/modules/home-care/home-care.contract.spec.ts	4030c209393653ddca5327851bde414dc8fd2a0fcd285f61dd2255f9cb5b4ade	44	other	UNVERIFIED	UNVERIFIED
nabdah-backend.zip	src/modules/home-care/home-care.controller.spec.ts	37d82e0169bdfcef1100c14c0d417f0ec39d0da9f09a86b61ee8fd84bd4ba356	75	controller	UNVERIFIED	UNVERIFIED
nabdah-backend.zip	src/modules/home-care/home-care.controller.ts	3aa7eae42652267c4780474c5f4647af9dd89efc54043e4c59829959c7fb44ad	418	controller	UNVERIFIED	UNVERIFIED
nabdah-backend.zip	src/modules/home-care/home-care.module.ts	9793b40a7f18e321f01b5539311ebb1adaf87dbf2f80771ca796be8d7de1802b	70	other	UNVERIFIED	UNVERIFIED
nabdah-backend.zip	src/modules/home-care/home-care.seed.ts	9125cfc354c3423a759ac2ff7e33f3cc3c0e81dfcabaa4ddc9ffe093d6f0ea20	139	other	UNVERIFIED	UNVERIFIED
nabdah-backend.zip	src/modules/home-care/home-care.service.spec.ts	50635cc16f2d45d9d178b427fc3dca95366a09ad15362a0ee170def8b05ae837	86	service	UNVERIFIED	UNVERIFIED
nabdah-backend.zip	src/modules/home-care/home-care.service.ts	85e5f71bd90f39054e168f9e8ae05d4c2e9660aa6cfb8a9422ea27d5ede392be	201	service	UNVERIFIED	UNVERIFIED
nabdah-backend.zip	src/modules/home-care/repositories/careplan.repository.ts	1369d6fcb014b0d5cd278a3da584d3ec9042d0271ae3d2d5de12e0f8efc297ca	13	repository	UNVERIFIED	UNVERIFIED
nabdah-backend.zip	src/modules/home-care/repositories/homecarebooking.repository.ts	a83fea04a6c5b8674768255f4b3dfd6f278f6b4bce915a243b4fd4f99d84809d	13	repository	UNVERIFIED	UNVERIFIED
nabdah-backend.zip	src/modules/home-care/repositories/homecareservice.repository.ts	699430dc86b9f6f2f69b02e1228ebcde066d60b8a53ad6256d053438aaba406f	13	service	UNVERIFIED	UNVERIFIED
nabdah-backend.zip	src/modules/home-care/repositories/medicalsupplyrequest.repository.ts	c8e6f271b645ee4c1105af0d2c99ead834c31fbd0a739ac5cb6b5cc85b488b93	13	repository	UNVERIFIED	UNVERIFIED
nabdah-backend.zip	src/modules/home-care/repositories/nursingvisitreport.repository.ts	282fba007878c7e9972744802f66624d8f3a661d477f0a8c8a30020c0aae2e63	13	repository	UNVERIFIED	UNVERIFIED
nabdah-backend.zip	src/modules/home-care/schemas/home-care-booking.schema.ts	657eb45cc9b163042216cfbc97c07d3a19158361816b7afdb9729a591fe0403d	36	schema	UNVERIFIED	UNVERIFIED
nabdah-backend.zip	src/modules/home-care/schemas/home-care-nurse.schema.ts	4a27ecb8c1341d6aa02db69cf219ca787dbd1008aa38bb2cfc0311fbfcb76efe	19	schema	UNVERIFIED	UNVERIFIED
nabdah-backend.zip	src/modules/home-care/schemas/medical-supply-request.schema.ts	629fde62f4b3cf55e4370ba1e5b7188a211c3e77fbb8562572fcadfccb1fa38d	30	schema	UNVERIFIED	UNVERIFIED
nabdah-backend.zip	src/modules/home-care-compat/home-care-compat.controller.spec.ts	ad2ac086ec14df8e06f0b0e604bdef589ad34d28a4a5452ddbe73f964c78145d	34	controller	UNVERIFIED	UNVERIFIED
nabdah-backend.zip	src/modules/home-care-compat/home-care-compat.module.ts	b695edccf37d3e82f97711e6b020032ddb08598cea074c97aa39b4e2f8ec8971	322	other	UNVERIFIED	UNVERIFIED
nabdah-backend.zip	src/modules/hospital/controllers/hospital.controller.ts	a8c76d724f816a667d45a6a96024d6d00889cfb63d40ec31f6b694af1c7e62c8	85	controller	UNVERIFIED	UNVERIFIED
nabdah-backend.zip	src/modules/hospital/hospital.module.ts	dcc77f79cfb3a806a904e2d90d35051afddd3a4e277ed44dcb4c55813adb8b65	30	other	UNVERIFIED	UNVERIFIED
nabdah-backend.zip	src/modules/hospital/schemas/hospital-branch.schema.ts	4af104655143fb2176f0972504828c340aa20713b15b65fa78fbc0cc5310ae4f	33	schema	UNVERIFIED	UNVERIFIED
nabdah-backend.zip	src/modules/hospital/schemas/hospital-department.schema.ts	f9e26fdaa03e7ee7cff602ce40f321cfc557a13e96ba042f389eba90bd1e0ffe	30	schema	UNVERIFIED	UNVERIFIED
nabdah-backend.zip	src/modules/hospital/schemas/hospital-invitation.schema.ts	954aea875a679b75d15c89538c7038fed9050478f40bc7882ef9dc663d0d69c1	37	schema	UNVERIFIED	UNVERIFIED
nabdah-backend.zip	src/modules/hospital/schemas/hospital-staff.schema.ts	0bf7b808e69dd3ee5d09c708d96eedbd492ec2377bc861dac7cf17332baf0b04	27	schema	UNVERIFIED	UNVERIFIED
nabdah-backend.zip	src/modules/hospital/services/hospital.service.spec.ts	b7664512722244bfd21324dc19908dd398c8bb35d490ba7b4438b4d985c1f3c8	51	service	UNVERIFIED	UNVERIFIED
nabdah-backend.zip	src/modules/hospital/services/hospital.service.ts	7870e1a5a54d2d86e650e142a68665340e57c265ec9ceb807c91a5983951e9b1	200	service	UNVERIFIED	UNVERIFIED
nabdah-backend.zip	src/modules/hospital-staff/hospital-staff.module.ts	9e01fc633bffbdd8336d8f53d51f89718b6a4a2ef7a3f181e353304338ad2756	136	other	UNVERIFIED	UNVERIFIED
nabdah-backend.zip	src/modules/i18n/i18n.controller.ts	c4d64f61bf5f42068a52630f43fb91c6623639100ce57bbdb93bddfbc7896a29	23	controller	UNVERIFIED	UNVERIFIED
nabdah-backend.zip	src/modules/i18n/i18n.module.ts	d327039c1280e4d02c4350ee608653f2e7477cbb55081dc4d5f83e4b70a3342b	11	other	UNVERIFIED	UNVERIFIED
nabdah-backend.zip	src/modules/i18n/i18n.service.ts	0a9f4380a5628006576c214b48da0ca2509061a6bc5c61b77510056430ed4549	743	service	UNVERIFIED	UNVERIFIED
nabdah-backend.zip	src/modules/insurance/insurance.controller.ts	e94a001d23ea731670c59ac59f9772ef125d12d7284b674920425b3478302b8a	98	controller	UNVERIFIED	UNVERIFIED
nabdah-backend.zip	src/modules/insurance/insurance.module.ts	d1901081a833e5f56c8913c09e1d3cccf9d9a7ba37854808c58930685e0b6561	516	other	UNVERIFIED	UNVERIFIED
nabdah-backend.zip	src/modules/insurance/insurance.service.spec.ts	c5833b33907c945d68f2657489b7a45aed3153493d1a0cd6fa527e220363b7a3	316	service	UNVERIFIED	UNVERIFIED
nabdah-backend.zip	src/modules/insurance-engine/insurance-engine.module.ts	fe398be101869fa1038d44aba980088e2d2559aaf64289b29e24aa285e5b26c4	656	other	UNVERIFIED	UNVERIFIED
nabdah-backend.zip	src/modules/insurance-engine/tests/insurance-flow.spec.ts	4a03c486a61b88c6e80aa34a6a5ea8f5cf44fcc2fa5f69aa35634116bd5a99b6	290	other	UNVERIFIED	UNVERIFIED
nabdah-backend.zip	src/modules/labs/controllers/labs-engine.controller.ts	0ff46a9458655714e301506e7f00e836e1a9a48f099bd42ba60fe7412d12d6b4	158	controller	UNVERIFIED	UNVERIFIED
nabdah-backend.zip	src/modules/labs/lab-pdf.service.ts	c483430fca8b6f3e86444c8bd0aab8a52b876cf3db4ca18343d5f467ba1a881a	66	service	UNVERIFIED	UNVERIFIED
nabdah-backend.zip	src/modules/labs/lab-results.controller.ts	bbb0c5e52c5ab15abd2089ec6d14b48dfbca4a09c09daa77af7b5721a449a6a2	15	controller	UNVERIFIED	UNVERIFIED
nabdah-backend.zip	src/modules/labs/lab-results.service.spec.ts	9d40f1a1e4a7e02379eef9e9d6cd75e62a3e9aae567819ec4952e7b5915813e0	66	service	UNVERIFIED	UNVERIFIED
nabdah-backend.zip	src/modules/labs/lab-results.service.ts	e052e73b0314a5380061f14f632f053585b4d1165b509d6dc2da090d33fb732a	142	service	UNVERIFIED	UNVERIFIED
nabdah-backend.zip	src/modules/labs/labs.controller.ts	7a2e688d92638a5c5e442d99efe8c73690165fecd91faad17ebafb7bf48e798f	178	controller	UNVERIFIED	UNVERIFIED
nabdah-backend.zip	src/modules/labs/labs.module.ts	fd011671368aed0f82685c0cd464ab947bb706c8c6e48aaf23225c6014616897	37	other	UNVERIFIED	UNVERIFIED
nabdah-backend.zip	src/modules/labs/labs.seed.ts	e853ac7e23158df1e142fa95848ea1d02ee254b246628ad9adda998ad9af3be7	40	other	UNVERIFIED	UNVERIFIED
nabdah-backend.zip	src/modules/labs/labs.service.spec.ts	2f208daa46c53d25e7a8335b9edb495681ecf23d4016cbf26de1b9b70963f18c	212	service	UNVERIFIED	UNVERIFIED
nabdah-backend.zip	src/modules/labs/labs.service.ts	7548339167a5560f7e3bd338f15f8bd5697883ebf79445ae331c5369964b00c1	583	service	UNVERIFIED	UNVERIFIED
nabdah-backend.zip	src/modules/labs/repositories/labbooking.repository.ts	fc16b721a96ec81f78cac8458ef26cefd8c2359b414d4daf3af63ab58bd39af5	13	repository	UNVERIFIED	UNVERIFIED
nabdah-backend.zip	src/modules/labs/repositories/labresult.repository.ts	2badc14774628602487f360c32762f05e84a34ec0d7061e1982729295284f0a6	13	repository	UNVERIFIED	UNVERIFIED
nabdah-backend.zip	src/modules/labs/repositories/labsample.repository.ts	1c68fe7953fb3dba69dfa95317e3a208c335ab6d05c8c496088b65aa2a1bc7dc	13	repository	UNVERIFIED	UNVERIFIED
nabdah-backend.zip	src/modules/labs/repositories/labservice.repository.ts	3d8f5728ec25b369e2cb3a3801a1f9486d8e82533a5547d70b12ceafca179a1d	13	service	UNVERIFIED	UNVERIFIED
nabdah-backend.zip	src/modules/labs/schemas/lab-booking.schema.ts	28970de12b4f67dc7251b78069bfd9841012bc5d2a2d1ca90dc68c75dca50f99	66	schema	UNVERIFIED	UNVERIFIED
nabdah-backend.zip	src/modules/labs/schemas/lab-catalog.schema.ts	abd92150fb28cc3fc39d3afab8ce59a9bf9ca8050e55968a1411b77d8ca9bf87	41	schema	UNVERIFIED	UNVERIFIED
nabdah-backend.zip	src/modules/legacy/legacy.module.ts	f597dfc0310bfe4f2b885e925d5c4fcc0a048a4925279b92c611843fb339ad72	97	other	UNVERIFIED	UNVERIFIED
nabdah-backend.zip	src/modules/legal/legal-enterprise.controller.ts	e08501e10135caae24f6bfce9448885940f2b593146dc9515a3d2b381d3ee092	162	controller	UNVERIFIED	UNVERIFIED
nabdah-backend.zip	src/modules/legal/legal-enterprise.service.excel.spec.ts	96ff86d6d3bfbe5fe9558021b7977a9f3696682539aab410698d2b127384e85d	21	service	UNVERIFIED	UNVERIFIED
nabdah-backend.zip	src/modules/legal/legal-enterprise.service.ts	e19bdb2d4b0ceade6f66b009e6bedad75f1b583e0d8012b3a04ba19f22df4716	398	service	UNVERIFIED	UNVERIFIED
nabdah-backend.zip	src/modules/legal/legal.module.ts	4e961292862244d099e9f8fd406550945a632cbf5e0bb5bb81bce98d16854bdf	211	other	UNVERIFIED	UNVERIFIED
nabdah-backend.zip	src/modules/livekit/livekit.controller.ts	25ff050a54efd5048fa12e848cd70638dc7182a753f8b50b72df3325e8f67ce7	113	controller	UNVERIFIED	UNVERIFIED
nabdah-backend.zip	src/modules/livekit/livekit.followup.spec.ts	35f80ae0896dbebc6cab30f8b1547fbb639d0fce987d51d31aa6f36811edad6e	123	gateway	UNVERIFIED	UNVERIFIED
nabdah-backend.zip	src/modules/livekit/livekit.module.ts	bca32adefda68bec013cca854dc39b7305d0e0b45b30d2581544b6131b464665	17	gateway	UNVERIFIED	UNVERIFIED
nabdah-backend.zip	src/modules/livekit/livekit.service.ts	d9463476f7f9aab1961c73702069ba15529d45d26076a82ba368fd35a754f716	341	service	UNVERIFIED	UNVERIFIED
nabdah-backend.zip	src/modules/livekit/repositories/callmetric.repository.ts	1f2f240e76fe3daa1525bdd39fcb6547bfe2827ca711f96f6e903bcc2a92d52d	13	repository	UNVERIFIED	UNVERIFIED
nabdah-backend.zip	src/modules/livekit/repositories/callsession.repository.ts	bec48ce636236a4a2d129d643918048787df750d50f0af9ceb23ea6b0c54a604	13	repository	UNVERIFIED	UNVERIFIED
nabdah-backend.zip	src/modules/loyalty/loyalty.controller.ts	69e6f20438dfe0c6285ef766622d8d65b03f5b24fe4fe7de63d41464bce3ac6c	68	controller	UNVERIFIED	UNVERIFIED
nabdah-backend.zip	src/modules/loyalty/loyalty.module.ts	948963bb3fe94ae31c35e90a2475628e0d9740e8f5f4fe5afb821e4f15fdbba3	35	other	UNVERIFIED	UNVERIFIED
nabdah-backend.zip	src/modules/loyalty/loyalty.service.spec.ts	aa8855526ce246532c06eedf858e7b7745298122dc7959d5b5f75b007f59d943	129	service	UNVERIFIED	UNVERIFIED
nabdah-backend.zip	src/modules/loyalty/loyalty.service.ts	3e35e156058cd7d25527cf121aa5f5a8879540c2d28fe7179de70ba289db24d7	338	service	UNVERIFIED	UNVERIFIED
nabdah-backend.zip	src/modules/loyalty/repositories/challengeprogress.repository.ts	d8464f515b9c303b78c056df60ac09a899e6df8f85e4a08a348e7805321e8ed0	13	repository	UNVERIFIED	UNVERIFIED
nabdah-backend.zip	src/modules/loyalty/repositories/loyaltyaccount.repository.ts	0585422aef7566d85696dca7e933b32c65e8ee85acb3e95174356c36f45a5d7f	13	repository	UNVERIFIED	UNVERIFIED
nabdah-backend.zip	src/modules/loyalty/repositories/loyaltychallenge.repository.ts	9ac5ee94490b901501f1d0c4a904fa8f74d6afbdc480f6d34b8a4573588f29f6	13	repository	UNVERIFIED	UNVERIFIED
nabdah-backend.zip	src/modules/loyalty/repositories/loyaltytransaction.repository.ts	27e33cc53f5112f3bb3642ae32dd559e23bca6d0d3d28dd754ee3e9b9a3ec85d	13	repository	UNVERIFIED	UNVERIFIED
nabdah-backend.zip	src/modules/loyalty/repositories/reward.repository.ts	2f8a1d828d165d1d0df50188b5837b63e91abee68a5e858a5b6b8fe87e559a7e	13	repository	UNVERIFIED	UNVERIFIED
nabdah-backend.zip	src/modules/loyalty/repositories/rewardclaim.repository.ts	1d18732cd5c46c6d2f6e09da12b9d6ee8ef84d19b0ce01ed3744cdc009e4cb6e	13	repository	UNVERIFIED	UNVERIFIED
nabdah-backend.zip	src/modules/mail/mail.module.ts	1bca19335de48e4e42f5e76029492b6cefd958c0785ccdb74fc4f5538fbc625f	115	other	UNVERIFIED	UNVERIFIED
nabdah-backend.zip	src/modules/maternity/maternity.controller.ts	4aa7ac846c751d8068175f4f2a0f6e5384d599737b8e9ed8cec86ba200377896	58	controller	UNVERIFIED	UNVERIFIED
nabdah-backend.zip	src/modules/maternity/maternity.module.ts	3d245e40227bec1df19c84dd9077d232fd74dd6feea99e7623a129e0fcd8b210	18	other	UNVERIFIED	UNVERIFIED
nabdah-backend.zip	src/modules/maternity/maternity.service.spec.ts	413f29daac4d2652818594d3129e310cd019db2f2c5ff9ab5a68f1c1ab182e92	44	service	UNVERIFIED	UNVERIFIED
nabdah-backend.zip	src/modules/maternity/maternity.service.ts	b2e5412758325b3c74b13beeb7b7186807ef7d5cbfa24c23b378b0e807a439bb	155	service	UNVERIFIED	UNVERIFIED
nabdah-backend.zip	src/modules/maternity/repositories/maternityprofile.repository.ts	ef008632db5b7871e7200f51efb69f2d8e157dfa1661a976ee0b4cf91b5dc642	13	repository	UNVERIFIED	UNVERIFIED
nabdah-backend.zip	src/modules/media/media.contract.spec.ts	473dcb3b2d535c8351bc9c051820dbea56c4b7721eea7fdf1456ab17f41f8269	67	other	UNVERIFIED	UNVERIFIED
nabdah-backend.zip	src/modules/media/media.controller.spec.ts	832617e2b47d50f7e1d396482004eeb87c5c9f00cf74e7f0fd1cda7ee9caabcc	22	controller	UNVERIFIED	UNVERIFIED
nabdah-backend.zip	src/modules/media/media.controller.ts	52a43b052f30327fb3b2d5e55edec79105e2c5c8ad17d09df021b1fbb107aff1	173	controller	UNVERIFIED	UNVERIFIED
nabdah-backend.zip	src/modules/media/media.module.ts	d16d21e570d573439fd258216f04d022589fa9b69924ab9fe76eaf5087603134	13	other	UNVERIFIED	UNVERIFIED
nabdah-backend.zip	src/modules/media/media.schema.ts	3149ed0fcba905aa2af36e4207d1cafbeda5c978482a100adc50fc1c25609056	23	schema	UNVERIFIED	UNVERIFIED
nabdah-backend.zip	src/modules/media/media.service.ts	662c7853c0997da847bd5b35d3315a29aca94a792079f03b2771bbb6df38ce17	98	service	UNVERIFIED	UNVERIFIED
nabdah-backend.zip	src/modules/medical-profile/medical-profile.controller.ts	420c4d574c134ba7ccfcdc979e1d235b7f4eb43885e3c85be3fc527622a683fc	36	controller	UNVERIFIED	UNVERIFIED
nabdah-backend.zip	src/modules/medical-profile/medical-profile.module.ts	b09164808af4cb944effbc93ccda53ffc08db397baf7c0b0be2e2f2879d55750	16	other	UNVERIFIED	UNVERIFIED
nabdah-backend.zip	src/modules/medical-profile/medical-profile.service.ts	6af39c4905ed73f748b5c1ecb891330f6b435df388ecdfc4bb9691eb107ffcdd	58	service	UNVERIFIED	UNVERIFIED
nabdah-backend.zip	src/modules/medical-profile/repositories/medicalprofile.repository.ts	1833e0bcc6c04f49805c080ca88c77f84c31b94baac933a9e996b036509b45b2	13	repository	UNVERIFIED	UNVERIFIED
nabdah-backend.zip	src/modules/medical-reports/medical-reports.controller.ts	a3320677756dd2e4389ca3c90779fb68ddfa6fd609bd945e24c24c3500eb06c9	51	controller	UNVERIFIED	UNVERIFIED
nabdah-backend.zip	src/modules/medical-reports/medical-reports.module.ts	2fcbd7f1e1adeceddd0f8b1ea3dc0af10140cbea18ec5592cc6e298a428faff6	16	repository	UNVERIFIED	UNVERIFIED
nabdah-backend.zip	src/modules/medical-reports/medical-reports.service.ts	bbc4d477d3ab8482226ce3574c1869dbc6a37f2ad17a7163aa846d9e854ba8df	69	service	UNVERIFIED	UNVERIFIED
nabdah-backend.zip	src/modules/medical-reports/repositories/medicalreport.repository.ts	670fa624d6794c6d202df5aae64cdbc68cd886ada9b06ad426a4c2227d249508	13	repository	UNVERIFIED	UNVERIFIED
nabdah-backend.zip	src/modules/medicines/med-i18n.spec.ts	6e616635f408a462cd8c9393ebf8ff00cd30be1ee38f96261a708569de52c64b	34	other	UNVERIFIED	UNVERIFIED
nabdah-backend.zip	src/modules/medicines/med-i18n.ts	9742f2ffbae5a319b8c77c2f9d99b76cf4f7479d0b4d8f53e3b23fb913f18efb	180	other	UNVERIFIED	UNVERIFIED
nabdah-backend.zip	src/modules/medicines/medicines.controller.ts	5cf010c48506955ab7e8e4f9f44cb8948b26d9384a1831d27515cc57f5758c03	361	controller	UNVERIFIED	UNVERIFIED
nabdah-backend.zip	src/modules/medicines/medicines.module.ts	a1f2dac65dd81545d79b8fca2938fe319c94edc9adff9be104f548f9fb3164f3	14	other	UNVERIFIED	UNVERIFIED
nabdah-backend.zip	src/modules/medicines/medicines.public-catalog.contract.spec.ts	e038bccebf506b30fd7034b9a3093190063f9a53355505eafb8829eeb16f09c3	39	other	UNVERIFIED	UNVERIFIED
nabdah-backend.zip	src/modules/medicines/medicines.service.publication.spec.ts	283e9b63ef156cb2104bb5a742d285239996aed825cafe7d758bb5c1d162a8c4	53	service	UNVERIFIED	UNVERIFIED
nabdah-backend.zip	src/modules/medicines/medicines.service.ts	e9e7d5c329199fa64f2557500c27b740672b1f5f6126ef965ffecd26faa303e4	1515	service	UNVERIFIED	UNVERIFIED
nabdah-backend.zip	src/modules/medicines/repositories/medicine.repository.ts	6c4ad6a42dcb53e5193ff19c7ab023abe9856dac64f22ab3d479b4977e83723f	13	repository	UNVERIFIED	UNVERIFIED
nabdah-backend.zip	src/modules/mental-health/mental-health.controller.ts	dd190dff9767c5c62c9fa8df61840dd132cc7d65cb287171e8770c12af29eef8	95	controller	UNVERIFIED	UNVERIFIED
nabdah-backend.zip	src/modules/mental-health/mental-health.module.ts	4992e635c15a607a911b5dce432a98a371d77752d876d7a85cf627ad24530bb9	35	other	UNVERIFIED	UNVERIFIED
nabdah-backend.zip	src/modules/mental-health/mental-health.service.spec.ts	582e32b8d6f8ec9984d4bb06fdcefe66ab18ddb456fb82a52bf31985d45b3e6c	96	service	UNVERIFIED	UNVERIFIED
nabdah-backend.zip	src/modules/mental-health/mental-health.service.ts	1d1156642f06bf01b098422ae1277e40b41fc4090c3584258b7a0658680d7a5c	251	service	UNVERIFIED	UNVERIFIED
nabdah-backend.zip	src/modules/mental-health/repositories/breathingsession.repository.ts	c4f54f3ac7e67549166241f1b8d6fca3edc4a2e65f02b1a3010f67835406a7d6	13	repository	UNVERIFIED	UNVERIFIED
nabdah-backend.zip	src/modules/mental-health/repositories/crisiscontact.repository.ts	89baea82a660bba4468710270584a9bba63569e78d7ff6d2a04f4d34d13c7129	13	repository	UNVERIFIED	UNVERIFIED
nabdah-backend.zip	src/modules/mental-health/repositories/meditationsession.repository.ts	ed45694e4f3687d26ccf08c1c2f0b21b9b606faeb22afa7d6708fc74fad98081	13	repository	UNVERIFIED	UNVERIFIED
nabdah-backend.zip	src/modules/mental-health/repositories/moodentry.repository.ts	c46ffdd3747e55f9080e5cf0690ecac33f280a93037473564926bad2bc6b516a	13	repository	UNVERIFIED	UNVERIFIED
nabdah-backend.zip	src/modules/moyasar/moyasar.module.ts	837b7973da7b6f784af477c6e5fc39bce7d1389d444ba6a6f8b3be9a309965e0	475	other	UNVERIFIED	UNVERIFIED
nabdah-backend.zip	src/modules/moyasar/moyasar.service.ts	5f4492133ecd5c6040776095481731358feae6a70cd4bbc26a584dc6e791c2e6	3	service	UNVERIFIED	UNVERIFIED
nabdah-backend.zip	src/modules/nabd-extensions/nabd-extensions.controller.ts	82e42ee509d471240c8785ac1121a2c376356578985df9677603851df14e20ac	194	controller	UNVERIFIED	UNVERIFIED
nabdah-backend.zip	src/modules/nabd-extensions/nabd-extensions.module.ts	c9f5ec47648e1a074ce479f4fc87b4ca40bdbbacea7b3632a09f8f77bc76bc4b	74	other	UNVERIFIED	UNVERIFIED
nabdah-backend.zip	src/modules/nabd-extensions/nabd-extensions.service.ts	c19e76cf89a788158ba485f6acac270611cf3d4ff12c4b11169a47af32d2b125	721	service	UNVERIFIED	UNVERIFIED
nabdah-backend.zip	src/modules/nabd-extensions/repositories/adplacement.repository.ts	f7d5a32415bbb0889121a6b2251d833082c89e434e8bb57be5e97de3c3c70100	13	repository	UNVERIFIED	UNVERIFIED
nabdah-backend.zip	src/modules/nabd-extensions/repositories/appointment.repository.ts	5d1ce676e579ac17a6c9db6147188ed025a4934c005265df7fc784f39c5cf9b3	13	repository	UNVERIFIED	UNVERIFIED
nabdah-backend.zip	src/modules/nabd-extensions/repositories/corporateaccount.repository.ts	5216c29a7b85092bfb61fadbfe1a475ad20c071f9c534f3b5fbb2dfaf349b52e	13	repository	UNVERIFIED	UNVERIFIED
nabdah-backend.zip	src/modules/nabd-extensions/repositories/featureflag.repository.ts	8ebb367516ab6b53b294c896fe1d54cdfca693f5d10d0884360edc355a9b7899	13	repository	UNVERIFIED	UNVERIFIED
nabdah-backend.zip	src/modules/nabd-extensions/repositories/fraudalert.repository.ts	193dfeeccf82e063b689c864830a767ebce00689d49e2d5b187f33eceb6e2ecb	13	repository	UNVERIFIED	UNVERIFIED
nabdah-backend.zip	src/modules/nabd-extensions/repositories/labresult.repository.ts	819129c4841bb3d715abde98c21c8618fa2765e087c0c67a0edb9bea6e42c08f	13	repository	UNVERIFIED	UNVERIFIED
nabdah-backend.zip	src/modules/nabd-extensions/repositories/order.repository.ts	17033cbe1be9edd2efec6aada595c57abd36c931d76a7aac3d19d254da39cec0	13	repository	UNVERIFIED	UNVERIFIED
nabdah-backend.zip	src/modules/nabd-extensions/repositories/prescription.repository.ts	cc9cb2400f933f35db0f12a2d4f19bede3913514013138d79d03131efeb69fa9	13	repository	UNVERIFIED	UNVERIFIED
nabdah-backend.zip	src/modules/nabd-extensions/repositories/providerprofile.repository.ts	0e689f87af957e6c51b6015e5d9ba0882ea6707b496b4b785dc4313b490f2d82	13	repository	UNVERIFIED	UNVERIFIED
nabdah-backend.zip	src/modules/nabd-extensions/repositories/referralcode.repository.ts	3fc7c92027020479d079197f27de3d07878605b08d6976680c24ba29bc6e16b8	13	repository	UNVERIFIED	UNVERIFIED
nabdah-backend.zip	src/modules/nabd-extensions/repositories/referralreward.repository.ts	893c54d4f18ebe00ad942b6b6b00a05b80aca98c46e68322b2c0e93e5f6d7c3c	13	repository	UNVERIFIED	UNVERIFIED
nabdah-backend.zip	src/modules/nabd-extensions/repositories/slalog.repository.ts	bf918a30a28437ce1a0941dc1ba3f90b7eba668f2e0e6764f5ba744d15912f7f	13	repository	UNVERIFIED	UNVERIFIED
nabdah-backend.zip	src/modules/nabd-extensions/repositories/treatmentprogram.repository.ts	8c5e83d923dac7beca03b55d1ca7567c6ee1b267959d92927a308ba701540501	13	repository	UNVERIFIED	UNVERIFIED
nabdah-backend.zip	src/modules/nabd-extensions/repositories/universalactivity.repository.ts	8c9f3127777d8296a68ebe0b17f9c2232e15e293be6b5cfebe0ae2ab77c495c6	13	repository	UNVERIFIED	UNVERIFIED
nabdah-backend.zip	src/modules/nabd-extensions/repositories/user.repository.ts	810663ec29e799517a445a91b1f0910bc5897c86ff1bea728b30feda1d5f6ca7	13	repository	UNVERIFIED	UNVERIFIED
nabdah-backend.zip	src/modules/nabd-extensions/repositories/vitalreading.repository.ts	e4fa24f76f201083c4d521be533d2699cf301836c3e9092512109b245519c68a	13	repository	UNVERIFIED	UNVERIFIED
nabdah-backend.zip	src/modules/nabd-extensions/repositories/wallet.repository.ts	37a40efeb3f95832cad9cad6f7de27a77b610c0665d32c8138f420e8e4762087	13	repository	UNVERIFIED	UNVERIFIED
nabdah-backend.zip	src/modules/nabd-extensions/repositories/wallettransaction.repository.ts	a3956d42737a14c4ef6c85ee1293a6f8b73df270225ba9d790bc51d551c4fb03	13	repository	UNVERIFIED	UNVERIFIED
nabdah-backend.zip	src/modules/notification/notification.module.ts	14d8949a77857eba16657f29ea8ead136afcbf45d745b59068feccdd0a264e48	10	other	UNVERIFIED	UNVERIFIED
nabdah-backend.zip	src/modules/notification/notification.service.ts	bb177fce50a65eb12d1637119af8e018d190fe3d705ffd448cbc017a1ca38058	32	service	UNVERIFIED	UNVERIFIED
nabdah-backend.zip	src/modules/notifications/notification-delivery.processor.ts	f9afc1afdcf0eb906efa4f748f05798aad75a36111a962e734fe1204334f7d5d	26	other	UNVERIFIED	UNVERIFIED
nabdah-backend.zip	src/modules/notifications/notifications.controller.ts	bc7eb7532401092f1e926c97328ac8c847bd5a6715449f5377c06285b9a32b7d	66	controller	UNVERIFIED	UNVERIFIED
nabdah-backend.zip	src/modules/notifications/notifications.module.ts	8c2480109a498ddb4265e7c50450a539a8fb705152c5487a7b8f34ad6f003cf6	29	other	UNVERIFIED	UNVERIFIED
nabdah-backend.zip	src/modules/notifications/notifications.service.spec.ts	8fe8ef59fdd3a8e617041910046184257ddbce29f169999064aea67a3195741a	28	service	UNVERIFIED	UNVERIFIED
nabdah-backend.zip	src/modules/notifications/notifications.service.ts	8a7e14c6f75dd4fe23965a5eb028ffba26be40c20d24dcca9d8ff985facefddb	852	service	UNVERIFIED	UNVERIFIED
nabdah-backend.zip	src/modules/notifications/processors/mail.processor.ts	1a9ea408853c5c663d8c80ff5a512c82a9204ff8b83b3c612b1d899388606daf	19	other	UNVERIFIED	UNVERIFIED
nabdah-backend.zip	src/modules/notifications/repositories/notification.repository.ts	f6a9c2981c414df2493606d3af9474ef1928e0aba78554bbb1eb13c25ed21e5b	13	repository	UNVERIFIED	UNVERIFIED
nabdah-backend.zip	src/modules/nutrition/nutrition.controller.ts	8ba9a04424636583e03a6fc14c5f2ff6609ad23b7a4716628d2800b37814747f	85	controller	UNVERIFIED	UNVERIFIED
nabdah-backend.zip	src/modules/nutrition/nutrition.module.ts	b6212353ac569c9049363560eb92bd6de16fcaf7f9dea4285204695fca1bb191	29	other	UNVERIFIED	UNVERIFIED
nabdah-backend.zip	src/modules/nutrition/nutrition.service.spec.ts	ab1a13b7ef03cbb2dd6892efc13bfcc7270fa7d449ddac6468710d3b09cde2df	44	service	UNVERIFIED	UNVERIFIED
nabdah-backend.zip	src/modules/nutrition/nutrition.service.ts	4d6b202f97de04472f5751a84e03f35277423076a0f7a2ff2e168e62eca950e8	281	service	UNVERIFIED	UNVERIFIED
nabdah-backend.zip	src/modules/nutrition/repositories/exerciselog.repository.ts	61ce96d7e6a2fe332bc8e698e1d52a6dea39b901f93befc3eed0711e58d9a5f6	13	repository	UNVERIFIED	UNVERIFIED
nabdah-backend.zip	src/modules/nutrition/repositories/meallog.repository.ts	40787f50f4d9813e2eaff2e408900f1795dbd2f3c6c294b6c821bd27c479d75f	13	repository	UNVERIFIED	UNVERIFIED
nabdah-backend.zip	src/modules/nutrition/repositories/nutritionprofile.repository.ts	a25ec66431a58df5b688c10fdfda1e607c860048de749ac53f791c962e31a5f0	13	repository	UNVERIFIED	UNVERIFIED
nabdah-backend.zip	src/modules/nutrition/repositories/waterlog.repository.ts	3ad5622ce67f0258101633e85cf172eced36ad965b6174120eb47b910f2a979c	13	repository	UNVERIFIED	UNVERIFIED
nabdah-backend.zip	src/modules/ocr/ocr.service.ts	5942d3932679479d2e56d73bc78afb7fefcc850a4199fa257acd776b917f6da6	35	service	UNVERIFIED	UNVERIFIED
nabdah-backend.zip	src/modules/operations-safety/operations-safety.module.ts	860706096cee7ed802ba73f8896b43152cc0c71129623166e6052ca6711bb097	166	other	UNVERIFIED	UNVERIFIED
nabdah-backend.zip	src/modules/ops/metrics.interceptor.ts	a3b1e152a154bfdbeb4f4082058cb50243d1feb75b4cd2d0a9a15725036d5d2c	55	other	UNVERIFIED	UNVERIFIED
nabdah-backend.zip	src/modules/ops/ops.controller.ts	68ad6e88cc58aa338ac9096d9e3e52a5dc56f370a39dd443f1fc5fb87b8a3e44	173	controller	UNVERIFIED	UNVERIFIED
nabdah-backend.zip	src/modules/ops/ops.module.ts	74dae32b235288bd0ade2c49afa85004c041bf0764c4865eb74b63b202db81f2	12	other	UNVERIFIED	UNVERIFIED
nabdah-backend.zip	src/modules/orders/dispatch.service.ts	d1dc9d5dcac865e6d05ad4da300ceb0f393b055c73020283fd0b6644de9c0816	196	service	UNVERIFIED	UNVERIFIED
nabdah-backend.zip	src/modules/orders/dto/create-order.dto.ts	c8dfef43744e35c02e94d723ad36c07aeb4f945db153be21558a12595492dfad	64	dto	UNVERIFIED	UNVERIFIED
nabdah-backend.zip	src/modules/orders/orders.controller.ts	8f38d1214e85988e6ef6149bedff7161d82dd162140e22ee99e7a7d6d314b03a	187	controller	UNVERIFIED	UNVERIFIED
nabdah-backend.zip	src/modules/orders/orders.idempotency.contract.spec.ts	6cac77fe5ac2b5aebf48624ed268763cb0edfaf275d03035718d4ea6886d8794	10	other	UNVERIFIED	UNVERIFIED
nabdah-backend.zip	src/modules/orders/orders.module.ts	f1b7703f6a206ec0bf0a1f5b7c76e801b67dcddfb86e8682d5f5dde2b25b75eb	37	other	UNVERIFIED	UNVERIFIED
nabdah-backend.zip	src/modules/orders/orders.ownership.contract.spec.ts	1f93e862b820d6125d5db4e23a1cfe3b9fb09271c17d95184525e62da770b2dd	15	other	UNVERIFIED	UNVERIFIED
nabdah-backend.zip	src/modules/orders/orders.service.refill-delivery.spec.ts	36c3a242f0039741152b153d6c6be5ec1d82956ef0136298d2419250a37adcc7	40	service	UNVERIFIED	UNVERIFIED
nabdah-backend.zip	src/modules/orders/orders.service.spec.ts	da90467314bd3c866ebb3e98eb7396ff7cd1499c1d35c4c8290b33828b7129ef	129	service	UNVERIFIED	UNVERIFIED
nabdah-backend.zip	src/modules/orders/orders.service.ts	18cb23bb64ac4f167bb994d55d7a0153aa84101e778337669e44e5b3318c0b1b	798	service	UNVERIFIED	UNVERIFIED
nabdah-backend.zip	src/modules/orders/repositories/delivery.repository.ts	67115431cb732cc71b3e4ef36cb4fad8d24ae2849cfcf7da4515be5861fa27b9	13	repository	UNVERIFIED	UNVERIFIED
nabdah-backend.zip	src/modules/orders/repositories/medicine.repository.ts	6c4ad6a42dcb53e5193ff19c7ab023abe9856dac64f22ab3d479b4977e83723f	13	repository	UNVERIFIED	UNVERIFIED
nabdah-backend.zip	src/modules/orders/repositories/order.repository.ts	17033cbe1be9edd2efec6aada595c57abd36c931d76a7aac3d19d254da39cec0	13	repository	UNVERIFIED	UNVERIFIED
nabdah-backend.zip	src/modules/orders/repositories/pharmacybid.repository.ts	6946d6e4fd21209e53d4e902779bc19c47ea3d727564ae23fe42fd4534fe9d0c	13	repository	UNVERIFIED	UNVERIFIED
nabdah-backend.zip	src/modules/orders/repositories/pharmacyinventory.repository.ts	79beccd917c3a41067cc42c19945ba2164ad94b9eb74c95965c4f85477c24630	13	repository	UNVERIFIED	UNVERIFIED
nabdah-backend.zip	src/modules/orders/repositories/providerprofile.repository.ts	0e689f87af957e6c51b6015e5d9ba0882ea6707b496b4b785dc4313b490f2d82	13	repository	UNVERIFIED	UNVERIFIED
nabdah-backend.zip	src/modules/patient-ux/patient-ux.module.ts	d2e1ac0b7be7e5b93ea54141c51937e8aa8fa22242b8d7018566873338e3140a	310	other	UNVERIFIED	UNVERIFIED
nabdah-backend.zip	src/modules/patient-ux/patient-ux.service.spec.ts	0319b36fe3d78bfd9ec8ee4501349da392d3363f72982497dbb8189e35b47c4e	140	service	UNVERIFIED	UNVERIFIED
nabdah-backend.zip	src/modules/payments/payments-idor.spec.ts	6e09797fd9f0a8a41163b3c3d115f211255ad950af838280b6f42f97239c04dd	132	gateway	UNVERIFIED	UNVERIFIED
nabdah-backend.zip	src/modules/payments/payments.module.ts	ac5f1a10b641e4aedd9b5c85f33a87bcc3acdf5cebc889a7e136ee470dced664	424	gateway	UNVERIFIED	UNVERIFIED
nabdah-backend.zip	src/modules/payments/paymob.controller.ts	0256b75c9b1d3f3d756165a3a0e36928babd2349dbbc1a380dca7e23dbe49b00	30	controller	UNVERIFIED	UNVERIFIED
nabdah-backend.zip	src/modules/payments/paymob.module.ts	27fd20e781b4fa4a9e559b5de14a68f6a6c2d2826af7ead324fb5f109a1961df	11	gateway	UNVERIFIED	UNVERIFIED
nabdah-backend.zip	src/modules/payments/paymob.service.ts	deb0ecfa4bc281520b45ad35f37310b102c17a39e9fd98eb05743e864bd39f4f	97	service	UNVERIFIED	UNVERIFIED
nabdah-backend.zip	src/modules/payouts/provider-payouts.controller.spec.ts	e33e5c25ecf1070a67f5090a9e69ab2037e9204a0e2f21c461b43f35e2a57c6a	52	controller	UNVERIFIED	UNVERIFIED
nabdah-backend.zip	src/modules/payouts/provider-payouts.controller.ts	ca0b8693f52a38b6995a6a92cd3677298335b3d06b0c600a3c213790437e6242	120	controller	UNVERIFIED	UNVERIFIED
nabdah-backend.zip	src/modules/pharmacy/controllers/admin-procurement.controller.ts	88891628c13786d1a52c3f574063fa98991e2d15d836b7ef8b287b953f819124	86	controller	UNVERIFIED	UNVERIFIED
nabdah-backend.zip	src/modules/pharmacy/controllers/procurement.controller.ts	76b09941fe58e09051fcc31526113b4581977c250efbe17f1e18979d1e4ddd3c	143	controller	UNVERIFIED	UNVERIFIED
nabdah-backend.zip	src/modules/pharmacy/dto/admin-create-quotation.dto.ts	e91b8fc8194dff5d02489f011b8cd17ee50efe18f7c24d96202c3b9824be261a	36	dto	UNVERIFIED	UNVERIFIED
nabdah-backend.zip	src/modules/pharmacy/dto/create-procurement-request.dto.ts	06653eda3cf0a41ee3fe6cb88fd321b39dbcebc2ab53ed9627999fede84079d9	30	dto	UNVERIFIED	UNVERIFIED
nabdah-backend.zip	src/modules/pharmacy/dto/pharmacy-quotation-feedback.dto.ts	1a9dddb501114ba5ec450680bfde3f1f69fb74527825ee82cab74f394f47b075	16	dto	UNVERIFIED	UNVERIFIED
nabdah-backend.zip	src/modules/pharmacy/enums/procurement-status.enum.ts	69d484d130e6b88235aca7e0f22c7d2b3fac2c47ce8e02df5576fb43cfb176ed	8	other	UNVERIFIED	UNVERIFIED
nabdah-backend.zip	src/modules/pharmacy/patient-pharmacy.controller.ts	75d71fced8a5f6c0dfbe7c33ec8123518360912c5db3990058b2a5f9ca6b8552	15	controller	UNVERIFIED	UNVERIFIED
nabdah-backend.zip	src/modules/pharmacy/pharmacy.controllers.spec.ts	38688c9b85e41cb60e2e0b724853a2772c6629d1df3ed987c3bc8bdf6a79f17f	40	controller	UNVERIFIED	UNVERIFIED
nabdah-backend.zip	src/modules/pharmacy/pharmacy.controllers.ts	65d5fd25555bce9425df818116e3ca36856392ab33f97a8d3b98eefe82e73a7c	210	controller	UNVERIFIED	UNVERIFIED
nabdah-backend.zip	src/modules/pharmacy/pharmacy.module.ts	ee45c85c3a5db9600a5720d8c70f68bf0fe984accc0b79c513314b1a9cd898fc	137	other	UNVERIFIED	UNVERIFIED
nabdah-backend.zip	src/modules/pharmacy/schemas/pharmacy.schema.ts	7239d430fc9c90deecc54e3906a7ad88dfa081ffadb1fc3d5bfbe2cc036d2698	407	schema	UNVERIFIED	UNVERIFIED
nabdah-backend.zip	src/modules/pharmacy/schemas/procurement-request.schema.ts	eeb4db2d42ba4f59f8de484c001f82977cd009815cac601cdde3c168835efa08	43	schema	UNVERIFIED	UNVERIFIED
nabdah-backend.zip	src/modules/pharmacy/schemas/quotation.schema.ts	e5b010b21e51d967d642a89e83ceedac72f2d00a70d4ae95b2b79746d6da452d	37	schema	UNVERIFIED	UNVERIFIED
nabdah-backend.zip	src/modules/pharmacy/services/pharmacy-allocation.service.ts	86d76201ee3a2c335e2df710b6be0f106fc39ddae86de24f77aec6ee565cd019	317	service	UNVERIFIED	UNVERIFIED
nabdah-backend.zip	src/modules/pharmacy/services/pharmacy-broadcast.service.ts	c9034f49af0423c7a9a98c7478896e94c879286e4935f102e0989946e1e6b30b	564	service	UNVERIFIED	UNVERIFIED
nabdah-backend.zip	src/modules/pharmacy/services/pharmacy-chat.service.ts	a2a7c1deed5a91c6632d41bb9d55a6701aa3e6973d0870e008070af2f03a5559	166	service	UNVERIFIED	UNVERIFIED
nabdah-backend.zip	src/modules/pharmacy/services/pharmacy-inventory-ext.service.ts	f213b6e8ed37af48c7a327e9515c9b24885bc876f1ba3ba61d45b8a1e7ced323	92	service	UNVERIFIED	UNVERIFIED
nabdah-backend.zip	src/modules/pharmacy/services/pharmacy-notification.service.ts	224866beb88273c19b75334e3a4256344c7d9023abc6825f9e0f6e747c2743e0	125	service	UNVERIFIED	UNVERIFIED
nabdah-backend.zip	src/modules/pharmacy/services/pharmacy-order.service.ts	aca7cfaf78879db047eea8704a2e9ae36984984831d2edde4b6fce89648e5e8e	173	service	UNVERIFIED	UNVERIFIED
nabdah-backend.zip	src/modules/pharmacy/services/pharmacy-orders-provider.service.ts	fdcbd4ce7f1a9dc393ca01dc6bc419d23c7df7b0810cf3fcf423e16621281040	140	service	UNVERIFIED	UNVERIFIED
nabdah-backend.zip	src/modules/pharmacy/services/pharmacy-seed.service.ts	930e067dfa231b6fe6f8bb15c6260a6d59406b421cb218faaa43cf85c7e7e999	130	service	UNVERIFIED	UNVERIFIED
nabdah-backend.zip	src/modules/pharmacy/services/pharmacy-shortage.service.spec.ts	54437c0fe4018940e518dad9c791c0aaeec014501388f9e36e0f8b354cbec425	169	service	UNVERIFIED	UNVERIFIED
nabdah-backend.zip	src/modules/pharmacy/services/pharmacy-shortage.service.ts	5956a2fb5a7941d687950570fbf298640e2bca92bcfaa0810a56b9939b85dd0f	253	service	UNVERIFIED	UNVERIFIED
nabdah-backend.zip	src/modules/pharmacy/services/procurement.service.ts	73418beb5dd674f4d90df5188a5ea785641be50a794bbd859e1155f479912527	227	service	UNVERIFIED	UNVERIFIED
nabdah-backend.zip	src/modules/pharmacy/services/repositories/drugrejectionlog.repository.ts	01ad2ea8c10f14e2b5115309becfcb62caf4b43d2fbea9572aeacbca3e5dd04a	13	service	UNVERIFIED	UNVERIFIED
nabdah-backend.zip	src/modules/pharmacy/services/repositories/drugshortageflag.repository.ts	bc6723dd05cddd8a420486f4a81f96c1772c7609b8371bc0df6311c4f6e73283	13	service	UNVERIFIED	UNVERIFIED
nabdah-backend.zip	src/modules/pharmacy/services/repositories/medicine.repository.ts	35f7a30bdccb0d425cf50765df35661bc8b8668984d597711e11eefd421170b2	13	service	UNVERIFIED	UNVERIFIED
nabdah-backend.zip	src/modules/pharmacy/services/repositories/pharmacyallocation.repository.ts	185129a4d86cc7f24e64d421900df3d771f6e97e8679e8fd144c362b1b603474	13	service	UNVERIFIED	UNVERIFIED
nabdah-backend.zip	src/modules/pharmacy/services/repositories/pharmacybroadcast.repository.ts	ad5e9ff9e6db070cfff1e8063760a10ab8a36fe67e13429e939daafcd47dd5b8	13	service	UNVERIFIED	UNVERIFIED
nabdah-backend.zip	src/modules/pharmacy/services/repositories/pharmacychatmessage.repository.ts	05d8ff878647718570fba38154e2e1be2b0650261e2751d58ca7bfe202205c2d	13	service	UNVERIFIED	UNVERIFIED
nabdah-backend.zip	src/modules/pharmacy/services/repositories/pharmacychatthread.repository.ts	f28e03fdea665aa470c9cd37986d5215ae6f3271de5c157b009070d8df8ee158	13	service	UNVERIFIED	UNVERIFIED
nabdah-backend.zip	src/modules/pharmacy/services/repositories/pharmacyinventoryitem.repository.ts	4b948a5c18a468af9c4ba860635e6d8d53cfc6bbc602186661d39c7295158ac5	13	service	UNVERIFIED	UNVERIFIED
nabdah-backend.zip	src/modules/pharmacy/services/repositories/pharmacylowstockalert.repository.ts	61c88ae94ec19a7c3e2799653376d0987bf75ac65be12488597217ff1a577c15	13	service	UNVERIFIED	UNVERIFIED
nabdah-backend.zip	src/modules/pharmacy/services/repositories/pharmacyorder.repository.ts	aa7d16ec71a95e75fa8368f5aaedbe534fa7f54977e642d11526b460c0b3a0a7	13	service	UNVERIFIED	UNVERIFIED
nabdah-backend.zip	src/modules/pharmacy/services/repositories/procurementrequest.repository.ts	935eff0c9602e6119da4fadafb8e10449c88220011714ebb30951dfb9a615b64	13	service	UNVERIFIED	UNVERIFIED
nabdah-backend.zip	src/modules/pharmacy/services/repositories/provideraccount.repository.ts	cb63a6c1c63c44a102b62851379eb448caf240c05f45534d8ba8b1bc0d1b6d55	13	service	UNVERIFIED	UNVERIFIED
nabdah-backend.zip	src/modules/pharmacy/services/repositories/provideraccountprofile.repository.ts	07db70cad73cc138e8093295f1061993c61008bb140b49075d66e265a3d077d7	13	service	UNVERIFIED	UNVERIFIED
nabdah-backend.zip	src/modules/pharmacy/services/repositories/provideravailability.repository.ts	d69bd834aaa1b3542c9ddb44e5ef08b0e4487027d083a068934ba920087a47d8	15	service	UNVERIFIED	UNVERIFIED
nabdah-backend.zip	src/modules/pharmacy/services/repositories/providerscoresnapshot.repository.ts	633ee0a8f019a12d4a2e90a118fbe49cb6371ecabfafde58477f48eeceaf521d	13	service	UNVERIFIED	UNVERIFIED
nabdah-backend.zip	src/modules/pharmacy/services/repositories/quotation.repository.ts	ad5e2e5f394a09950899defa97518afc10958057ec4ba24e2dad100b2c49c53e	13	service	UNVERIFIED	UNVERIFIED
nabdah-backend.zip	src/modules/pharmacy/services/repositories/systemconfig.repository.ts	31dabd7868882bcb45a186bc9359d85fbe8301fc276393049e04bb375065813f	13	service	UNVERIFIED	UNVERIFIED
nabdah-backend.zip	src/modules/pharmacy/services/smart-split.service.ts	0a9a63b93d58c2a1f7f7add9bd250f745cf86795fff92dbd490644b00bc26a37	412	service	UNVERIFIED	UNVERIFIED
nabdah-backend.zip	src/modules/pharmacy/tests/pharmacy-broadcast.service.spec.ts	d89014a16f7e9c8315a19b4280bbe8bf3e382c8545eb6930ddf5c6af48674b50	298	service	UNVERIFIED	UNVERIFIED
nabdah-backend.zip	src/modules/pharmacy/tests/procurement.service.spec.ts	b8ccf6cde527dd9dfa4d168ec5a608613456ce4983cfd32fa22021fa97ebf97c	184	service	UNVERIFIED	UNVERIFIED
nabdah-backend.zip	src/modules/pharmacy_ops/pharmacy_ops.controller.ts	beb899886eb193f0ff35c774ebdf73a048095e76c39858f574d6add1290d2354	97	controller	UNVERIFIED	UNVERIFIED
nabdah-backend.zip	src/modules/pharmacy_ops/pharmacy_ops.module.ts	b125bd517b6c5e22b929dbc6772dba039aadd4cc9d608f57ae9c832eebdc1384	25	other	UNVERIFIED	UNVERIFIED
nabdah-backend.zip	src/modules/pharmacy_ops/pharmacy_ops.service.ts	57228f10125786b89eb65e114e02c0023c9a73d5853ae8f82d014bcff83010b8	232	service	UNVERIFIED	UNVERIFIED
nabdah-backend.zip	src/modules/pharmacy_ops/repositories/medicine.repository.ts	6c4ad6a42dcb53e5193ff19c7ab023abe9856dac64f22ab3d479b4977e83723f	13	repository	UNVERIFIED	UNVERIFIED
nabdah-backend.zip	src/modules/pharmacy_ops/repositories/order.repository.ts	17033cbe1be9edd2efec6aada595c57abd36c931d76a7aac3d19d254da39cec0	13	repository	UNVERIFIED	UNVERIFIED
nabdah-backend.zip	src/modules/pharmacy_ops/repositories/pharmacyinventory.repository.ts	79beccd917c3a41067cc42c19945ba2164ad94b9eb74c95965c4f85477c24630	13	repository	UNVERIFIED	UNVERIFIED
nabdah-backend.zip	src/modules/prescriptions/prescriptions.authorization.spec.ts	3c29dc5c8630ce1a56865d168af77db1178fa4c0f420b01c7cf379ba5084cb3b	300	other	UNVERIFIED	UNVERIFIED
nabdah-backend.zip	src/modules/prescriptions/prescriptions.controller.ts	c8ac79627dbf11cb15f94b8a22f8f514ac39b1c6e18ecfd8267bc073a03b34fd	73	controller	UNVERIFIED	UNVERIFIED
nabdah-backend.zip	src/modules/prescriptions/prescriptions.module.ts	306f55a9992a1ddbd189a9d2c81d64cb618ad6f37842be48bd01890cd3ef92a4	21	other	UNVERIFIED	UNVERIFIED
nabdah-backend.zip	src/modules/prescriptions/prescriptions.service.ts	62a52f72c61993ddf95fb89f7db5da6cc8521d6145339d20c09e7559068fd7eb	331	service	UNVERIFIED	UNVERIFIED
nabdah-backend.zip	src/modules/prescriptions/repositories/prescription.repository.ts	cc9cb2400f933f35db0f12a2d4f19bede3913514013138d79d03131efeb69fa9	13	repository	UNVERIFIED	UNVERIFIED
nabdah-backend.zip	src/modules/presence/presence.module.ts	18d13f962ca22d8445548979dde750e1533293d377d7cf277be707dedf0660b4	10	other	UNVERIFIED	UNVERIFIED
nabdah-backend.zip	src/modules/presence/presence.service.ts	ccc120155f3a8627e6e584ff916ca118a771c367f69d39f53f65ec06d9aa9d59	83	service	UNVERIFIED	UNVERIFIED
nabdah-backend.zip	src/modules/provider/leave-requests.controller.ts	a1e2807cd3bb76553a1eb006e42347717a6476b502d4519fafaf75a641620e7f	64	controller	UNVERIFIED	UNVERIFIED
nabdah-backend.zip	src/modules/provider/provider-requests.doctor-contract.spec.ts	6854a8c982d18e210ff8ff5623f3de7d53e087be178caaea04424cbbcc2d2616	52	other	UNVERIFIED	UNVERIFIED
nabdah-backend.zip	src/modules/provider/provider.controllers.ts	90f2b6220759a351a2acbefc1a7b09268590d43ac6a705811acd2f54a3001c28	535	controller	UNVERIFIED	UNVERIFIED
nabdah-backend.zip	src/modules/provider/provider.enums.ts	a68011e7579a4c890567ce415243e01da7c6534449e61046b887d643cb6a8773	91	other	UNVERIFIED	UNVERIFIED
nabdah-backend.zip	src/modules/provider/provider.module.ts	f95e11086a820c0f4152de0738ac96d97355db5ba7d07f03a7b00d9107dfa78f	192	other	UNVERIFIED	UNVERIFIED
nabdah-backend.zip	src/modules/provider/schemas/capabilities.schema.ts	a12c9d64ae68cea04bc4e10ea894450c13d860d40b68baea6a709705f15dbc3a	197	schema	UNVERIFIED	UNVERIFIED
nabdah-backend.zip	src/modules/provider/schemas/delta.schema.ts	4dfaa5f9b3144877bcfcce9ed9513900314928537f82887e8e6a3efa913767c8	26	schema	UNVERIFIED	UNVERIFIED
nabdah-backend.zip	src/modules/provider/schemas/index.ts	c3dbfa07dd0d9157962c356b5d181584a35f1e90f88b6ac091578f52769bfcfd	208	schema	UNVERIFIED	UNVERIFIED
nabdah-backend.zip	src/modules/provider/schemas/requests.schema.ts	37acc8bac959c37e748a53e054f7c58dc262b2351d34be8d32f44e651cb85414	155	schema	UNVERIFIED	UNVERIFIED
nabdah-backend.zip	src/modules/provider/services/assignment-strategy.service.ts	285c3b58de81b202b6a75536022433dfb0e24fbbc72adb741c440d42d218036f	242	service	UNVERIFIED	UNVERIFIED
nabdah-backend.zip	src/modules/provider/services/geo-engine.service.ts	1eae4a59e8a843db8c1d052c24cba5f09b99e2041e61b3060302ed2029797be7	52	service	UNVERIFIED	UNVERIFIED
nabdah-backend.zip	src/modules/provider/services/provider-admin.service.ts	1694f07d5bb4e0e1e27cc5afb38f1bf62c9628e810638e666de44e88d3fe1aa2	186	service	UNVERIFIED	UNVERIFIED
nabdah-backend.zip	src/modules/provider/services/provider-auth.service.ts	058dbe7ae7a347abd3707698bf196b029169287e1445f90c269259fbabbf6226	221	service	UNVERIFIED	UNVERIFIED
nabdah-backend.zip	src/modules/provider/services/provider-dashboard.service.ts	b338dffaf9f0bb6656e2ae822c3b301a2caec22aceba9fb4311891ae0734f9c8	107	service	UNVERIFIED	UNVERIFIED
nabdah-backend.zip	src/modules/provider/services/provider-image-processor.service.ts	8b015c4902c11bda40470a9945f68e3d209525fdaf559a02faafaa78673d8415	316	service	UNVERIFIED	UNVERIFIED
nabdah-backend.zip	src/modules/provider/services/provider-mailer.service.ts	89ed0f554e7bdd2cd7f081f2b401f8845c5a77260f0d804e8cf65b640673d62d	95	service	UNVERIFIED	UNVERIFIED
nabdah-backend.zip	src/modules/provider/services/provider-matching.service.ts	93e6d97a46e3e4c03ac6d676becfd8fdb33deb4c96ecd867935aefe67412d44e	212	service	UNVERIFIED	UNVERIFIED
nabdah-backend.zip	src/modules/provider/services/provider-notifications.service.ts	9a64838a33cf582faf59a2b0a5744246499bb8953f32f4165cfff6c16e0ac81d	55	service	UNVERIFIED	UNVERIFIED
nabdah-backend.zip	src/modules/provider/services/provider-operators.service.ts	d6a3e1d47b241c11d544cc24a6436526fcf81198ac4d4f77110a9a6145f27f15	98	service	UNVERIFIED	UNVERIFIED
nabdah-backend.zip	src/modules/provider/services/provider-otp.service.ts	339a6cc38e1f1ffdfa3af8b3521316ae8a6f270fa0580b7572494a3b5e00fddc	98	service	UNVERIFIED	UNVERIFIED
nabdah-backend.zip	src/modules/provider/services/provider-profile.service.ts	cce9d156359264b3985477b9ffeafdc7d8db8ac455d9f6c74e04189edacbcc75	216	service	UNVERIFIED	UNVERIFIED
nabdah-backend.zip	src/modules/provider/services/provider-request-engine.service.assignment.spec.ts	bafdaeda50c0c8b889f76aa9e3708a72f8d85c653c4990c84695377e6a582753	32	service	UNVERIFIED	UNVERIFIED
nabdah-backend.zip	src/modules/provider/services/provider-request-engine.service.ts	b5b020ba9e99d712fab67911270b0ea8959f394807619d216f50dde2f04a0b69	246	service	UNVERIFIED	UNVERIFIED
nabdah-backend.zip	src/modules/provider/services/provider-schedule.service.ts	2644994984a6a9b222a9b7dd6f299145b086fee4fe9d885af95fd2336a4a67f1	64	service	UNVERIFIED	UNVERIFIED
nabdah-backend.zip	src/modules/provider/services/provider-scoring.service.ts	1b4e47ab657101e39f2a27b5f2e9f5bfb83ec2b75e90249934234b75562a2ef3	107	service	UNVERIFIED	UNVERIFIED
nabdah-backend.zip	src/modules/provider/services/provider-seed.service.ts	a8e354c1d3224d0f417584a28f7a97003e4f2185b97535c1695f32af970349eb	344	service	UNVERIFIED	UNVERIFIED
nabdah-backend.zip	src/modules/provider/services/repositories/doctorsessiontype.repository.ts	6fcdb62a1d466438dae5182905c42194cf100ba67ce9be2dbeacd696314884c6	13	service	UNVERIFIED	UNVERIFIED
nabdah-backend.zip	src/modules/provider/services/repositories/homecareservicecatalogitem.repository.ts	e8eab7b171855940787cf90db5cbc0f00d6fbe2712fc149ffbb3cd8d470b5702	13	service	UNVERIFIED	UNVERIFIED
nabdah-backend.zip	src/modules/provider/services/repositories/imageprocessingjob.repository.ts	592d5016c4e8ebbca2c44c0ee261366edcdfc9bb06a3ccd5e5185bdbe75a7889	13	service	UNVERIFIED	UNVERIFIED
nabdah-backend.zip	src/modules/provider/services/repositories/labtestcatalogitem.repository.ts	715c38ea2e3183028f3d95e7646e2935f0f111f2edc3ad82544be01475986384	13	service	UNVERIFIED	UNVERIFIED
nabdah-backend.zip	src/modules/provider/services/repositories/pharmacyinventoryitem.repository.ts	b76230305dd9547b3a9b4176101e37410de54e3fc21f623bf797721e18e21e44	13	service	UNVERIFIED	UNVERIFIED
nabdah-backend.zip	src/modules/provider/services/repositories/profileimageauditlog.repository.ts	c727fea60806589401e3a921409b84ecc35c4bd84ea0e4d34d5cac9b558abee8	13	service	UNVERIFIED	UNVERIFIED
nabdah-backend.zip	src/modules/provider/services/repositories/profileimagemetadata.repository.ts	9f0423a07c60062e9c8b8719416821cb682c652ef09e50790f7b716bcfc88f1e	13	service	UNVERIFIED	UNVERIFIED
nabdah-backend.zip	src/modules/provider/services/repositories/provideraccount.repository.ts	184f958e052892c6fdc31344801666ffc090681abcfcbdacbbfef508088001a3	13	service	UNVERIFIED	UNVERIFIED
nabdah-backend.zip	src/modules/provider/services/repositories/provideraccountprofile.repository.ts	41286ae8c55085ed5b35356c5b3066ba3d0665682090188b660c32dd27e17421	13	service	UNVERIFIED	UNVERIFIED
nabdah-backend.zip	src/modules/provider/services/repositories/providerassignmentattempt.repository.ts	ffcdc3950d833b4da08540561c325eb027f8b5eccfecd4962074612fce83ae9f	13	service	UNVERIFIED	UNVERIFIED
nabdah-backend.zip	src/modules/provider/services/repositories/providerauditlog.repository.ts	671c26e264162b67cbe5068f3c3770de82e9c3597b082807c7b0af2944c8514f	12	service	UNVERIFIED	UNVERIFIED
nabdah-backend.zip	src/modules/provider/services/repositories/provideravailability.repository.ts	9c72f84769efb01a47096af4afcdcbe63955ffb3921c0186407d9cdd86ab4399	15	service	UNVERIFIED	UNVERIFIED
nabdah-backend.zip	src/modules/provider/services/repositories/providerbankaccount.repository.ts	dc54d1a0e88c5f50a7bdf20fae9acbca870143d36181267ee03e32b9342623c7	13	service	UNVERIFIED	UNVERIFIED
nabdah-backend.zip	src/modules/provider/services/repositories/providerdeliveryzone.repository.ts	20d55f014ed13e175467f26fd9c90859eedbbcaf5f33f116ff859807510acf00	13	service	UNVERIFIED	UNVERIFIED
nabdah-backend.zip	src/modules/provider/services/repositories/providerdocument.repository.ts	2ac7a0c8a5af8c9357d868488f4186f27a078c254ea3e88a7edd27e0d3a37e73	13	service	UNVERIFIED	UNVERIFIED
nabdah-backend.zip	src/modules/provider/services/repositories/providernotification.repository.ts	85e1a5dec764fb473358cd3ab74e55e8cc85318e3a5c027caac2a07522e3a3c8	13	service	UNVERIFIED	UNVERIFIED
nabdah-backend.zip	src/modules/provider/services/repositories/provideroperator.repository.ts	35c7669211671c2351f48999c0c50eba98af81b3131522d1644ea1d5daeac773	13	service	UNVERIFIED	UNVERIFIED
nabdah-backend.zip	src/modules/provider/services/repositories/providerotpcode.repository.ts	4cbd3023b19e078bca690eb07acf51db02045d38d53faf918032f17dc17c1e92	12	service	UNVERIFIED	UNVERIFIED
nabdah-backend.zip	src/modules/provider/services/repositories/providerrequest.repository.ts	e01c73bb7c4aef2013a83b1362a98de10d9aebf61d817f0e1372188766d3a2ac	13	service	UNVERIFIED	UNVERIFIED
nabdah-backend.zip	src/modules/provider/services/repositories/providerscheduleslot.repository.ts	4ac66d4f8439715155521c397a3cac174e7de3e04deb60e306e738016e820d36	13	service	UNVERIFIED	UNVERIFIED
nabdah-backend.zip	src/modules/provider/services/repositories/providerscoresnapshot.repository.ts	697e6738409c757e9b7aae97c16cabeb8d563bce639d61f1bbbc441a9f97ed21	13	service	UNVERIFIED	UNVERIFIED
nabdah-backend.zip	src/modules/provider/services/repositories/providersession.repository.ts	dc4844985f188ab883f4cc1c921f4366ca29852957b439d0264b2d1cd8e9d542	12	service	UNVERIFIED	UNVERIFIED
nabdah-backend.zip	src/modules/provider/services/repositories/radiologyservicecatalogitem.repository.ts	b591c25dce56222bba5269838b3254b455eb3b8ab17fed8047f1038026770293	13	service	UNVERIFIED	UNVERIFIED
nabdah-backend.zip	src/modules/provider/services/scheduling-engine.service.ts	60db5db16017d2430cd059cd8bed5a97c08ad4d0d3f499180a6e2726a8694935	111	service	UNVERIFIED	UNVERIFIED
nabdah-backend.zip	src/modules/provider/services/service-capability.service.ts	0477ed26d5f82a2d2fc44b4a660e586c6e2d27ec29cf1668cd2b132d00b46482	219	service	UNVERIFIED	UNVERIFIED
nabdah-backend.zip	src/modules/provider/simulated-features.controller.ts	5974531349f1536a5d27d4c98d7d65513b661123993bac61c4df420645f357ce	197	controller	UNVERIFIED	UNVERIFIED
nabdah-backend.zip	src/modules/provider/simulated-features.dto.ts	5f346731ff29848a8d7d10bcf7b5912f0382f7ce9e91dfe91fd20aade1954b02	141	dto	UNVERIFIED	UNVERIFIED
nabdah-backend.zip	src/modules/provider-jobs/provider-jobs.module.ts	e8e6342480f89ba8f31cd009ea488908cf5b8af0341601333700c4b618b9cadd	288	job	UNVERIFIED	UNVERIFIED
nabdah-backend.zip	src/modules/provider-onboarding/contract-pdf.service.ts	a64d40133baaab445692885ce66f8c63db8c194ce4ce1220ece9453c36d763af	223	service	UNVERIFIED	UNVERIFIED
nabdah-backend.zip	src/modules/provider-onboarding/provider-onboarding.module.ts	c2ff7bad3f093a19d6366af9e0ffcda096e3e019f12c078508d4b1c102c57c13	501	other	UNVERIFIED	UNVERIFIED
nabdah-backend.zip	src/modules/provider-ops/provider-ops.module.ts	993e32c791528b5d6b3fb0ea0734517e3cbffec45651dc628861576edbac507a	640	other	UNVERIFIED	UNVERIFIED
nabdah-backend.zip	src/modules/providers/controllers/hospital-enterprise.controller.ts	9c1ef234fd26dd806bab6ba2e360df470aade6f0e4e74b880cfcd4a6a57701c4	125	controller	UNVERIFIED	UNVERIFIED
nabdah-backend.zip	src/modules/providers/providers.controller.ts	c1f2b6a68ea1181bae4e531ccf6ae7d56ea559132460f6d66220f6ffb63f945c	100	controller	UNVERIFIED	UNVERIFIED
nabdah-backend.zip	src/modules/providers/providers.module.ts	b0555e4f47512e8fce32dc9ec822d974e23b2f5ae56d5f927b6120a5c42c3225	29	other	UNVERIFIED	UNVERIFIED
nabdah-backend.zip	src/modules/providers/providers.service.spec.ts	b70da226e6c9ece6078874be4a6c1e3b87299d4171eb988ac5c9111a80664687	55	service	UNVERIFIED	UNVERIFIED
nabdah-backend.zip	src/modules/providers/providers.service.ts	1fb3a962749a25c9d9e1dbcf5d164c86d7bbde5c3b64943fb801599a10319c37	468	service	UNVERIFIED	UNVERIFIED
nabdah-backend.zip	src/modules/providers/repositories/providerprofile.repository.ts	0e689f87af957e6c51b6015e5d9ba0882ea6707b496b4b785dc4313b490f2d82	13	repository	UNVERIFIED	UNVERIFIED
nabdah-backend.zip	src/modules/providers/repositories/user.repository.ts	810663ec29e799517a445a91b1f0910bc5897c86ff1bea728b30feda1d5f6ca7	13	repository	UNVERIFIED	UNVERIFIED
nabdah-backend.zip	src/modules/providers/schemas/hospital-sub-entity.schema.ts	f0c8bb54cc28a548047b367dc771400782a118bb307568c91fd247cbb22dcadc	29	schema	UNVERIFIED	UNVERIFIED
nabdah-backend.zip	src/modules/providers/schemas/provider-delta.schema.ts	0a5b4935a161d25bb517a3200f67e22d0c6a475860713c27bf77cf22a2d87b93	34	schema	UNVERIFIED	UNVERIFIED
nabdah-backend.zip	src/modules/push/push.module.ts	14ae9d0ca5a4d713c4c50230bbb399dbb3a63d06f2c67a0d021dcf5437664bbd	760	other	UNVERIFIED	UNVERIFIED
nabdah-backend.zip	src/modules/radiology/controllers/radiology-provider.controller.spec.ts	6647994c4692a595ff3225a094a7a321e8e6a3a379d1e869451e4308bf07d2e1	84	controller	UNVERIFIED	UNVERIFIED
nabdah-backend.zip	src/modules/radiology/controllers/radiology-provider.controller.ts	0ee6d1864d9389da5c308fbd70ee9a94bfcc792a16fe4c3d5af49b2df850bd40	222	controller	UNVERIFIED	UNVERIFIED
nabdah-backend.zip	src/modules/radiology/controllers/radiology.controller.ts	8488bfb06059330417be87942272536ade7d653495c74695f0f04eb3f2492a1f	142	controller	UNVERIFIED	UNVERIFIED
nabdah-backend.zip	src/modules/radiology/cron/radiology-reminder.cron.ts	7d9053787676daad678704f74a7c0b845ca0618dff963ff9f49260bd004a14ea	59	other	UNVERIFIED	UNVERIFIED
nabdah-backend.zip	src/modules/radiology/listeners/radiology-notification.listener.ts	d61df69ac0400d18ce657a59bad7cf58c34df7c27e6f56d415383fe99fe733ae	52	other	UNVERIFIED	UNVERIFIED
nabdah-backend.zip	src/modules/radiology/radiology.controller.ts	8889c254ccd50b3ea35be4d109a138379cf60c8f34df1c46414c1a6453d644b6	183	controller	UNVERIFIED	UNVERIFIED
nabdah-backend.zip	src/modules/radiology/radiology.module.ts	47008b9a94b10bf6492a2dae2a882156abf446eb3390202df42f3db110c7f17b	72	other	UNVERIFIED	UNVERIFIED
nabdah-backend.zip	src/modules/radiology/radiology.seed.ts	4523da2cf6ca076918d7c979c407facc19436dcdb3c48bcd4a007b9de8c325fd	29	other	UNVERIFIED	UNVERIFIED
nabdah-backend.zip	src/modules/radiology/radiology.service.report-storage.spec.ts	313351cc1aaa6b7d014659e065cf3613e9a4d7b4b6cb66a99ec3f550de82da5a	32	service	UNVERIFIED	UNVERIFIED
nabdah-backend.zip	src/modules/radiology/radiology.service.ts	20912609c1e4d62a18c51e6aeab41d909c0fa0501b27c46cd3fe6ea98a28bffa	429	service	UNVERIFIED	UNVERIFIED
nabdah-backend.zip	src/modules/radiology/repositories/labresult.repository.ts	2badc14774628602487f360c32762f05e84a34ec0d7061e1982729295284f0a6	13	repository	UNVERIFIED	UNVERIFIED
nabdah-backend.zip	src/modules/radiology/repositories/radiologybooking.repository.ts	bcfedfa4dbba8ce5c8c8e720b7c5071581a30f9075fa5fde34fb957fb2eff99c	13	repository	UNVERIFIED	UNVERIFIED
nabdah-backend.zip	src/modules/radiology/repositories/radiologyservice.repository.ts	15ac6a2790c5b8f48b785aff3b7c256f416eea032f875e30f73411ba36a6039e	13	service	UNVERIFIED	UNVERIFIED
nabdah-backend.zip	src/modules/radiology/schemas/radiology-booking.schema.ts	bae56fe7e8bc25de23b499ccca16ee5e708d5ed81da41a588860a84d0698e501	67	schema	UNVERIFIED	UNVERIFIED
nabdah-backend.zip	src/modules/ratings/ratings.module.ts	544b3525d01a87549548d1a9a3e337c1ad8724d9cbfff0ba2beca1f8846f7921	112	other	UNVERIFIED	UNVERIFIED
nabdah-backend.zip	src/modules/realtime/realtime.gateway.authorization.spec.ts	504859c7a3e6e7c29dc6c168878b2dcd81a90f2d0002d4234b284f3769fa4e3f	72	gateway	UNVERIFIED	UNVERIFIED
nabdah-backend.zip	src/modules/realtime/realtime.gateway.ts	3358ba2f59af7699361d2b15775dec23aed687e5098f10d9fc6f1c87023cb1cf	507	gateway	UNVERIFIED	UNVERIFIED
nabdah-backend.zip	src/modules/realtime/realtime.module.ts	e37b71d19203f4fd8a6ddf484ad0f10524feabf6176bee12e117adaf67485211	22	other	UNVERIFIED	UNVERIFIED
nabdah-backend.zip	src/modules/realtime/realtime.service.ts	3d61bd67770f2a0d0d4766d1fd5c68c4ec16ee1c59fa611da7d1b9b36d34e378	71	service	UNVERIFIED	UNVERIFIED
nabdah-backend.zip	src/modules/realtime/realtime.sse.ts	c121fae4245aaebfcf7b0c81a8e32ac31159195151b7864bd2bfc114159f6901	41	other	UNVERIFIED	UNVERIFIED
nabdah-backend.zip	src/modules/recruitment/recruitment.module.ts	b9ae4faaa2ffae38a0348189d23bd894b15bebdb0a4987177e0305198ca562d8	299	other	UNVERIFIED	UNVERIFIED
nabdah-backend.zip	src/modules/recruitment/recruitment.service.spec.ts	36074e6b04a446cfd8ed3a18c6466abbcc5a77ed627488dc899d44bdcc8c5196	156	service	UNVERIFIED	UNVERIFIED
nabdah-backend.zip	src/modules/redis/redis.module.ts	d6f35e78d06c0b8ca0f785ca66e3ce40d32e7384e73dac3efec6ed9f71d3e6fa	9	other	UNVERIFIED	UNVERIFIED
nabdah-backend.zip	src/modules/redis/redis.service.ts	3df733f95c85d82e951ff799d42c1e2af02293cdc818118b3b4a391e75d1afe7	376	service	UNVERIFIED	UNVERIFIED
nabdah-backend.zip	src/modules/referral/referral.controller.ts	3fc315044100f67e418edd51f5a083c1ee998aaa226e019bc6cde3c0395c167c	26	controller	UNVERIFIED	UNVERIFIED
nabdah-backend.zip	src/modules/referral/referral.module.ts	c0046c6a6c9bc767b459de4ec0c927c225295f6c919416d6e9e05a55a1c9c3bb	10	other	UNVERIFIED	UNVERIFIED
nabdah-backend.zip	src/modules/referral/referral.service.ts	3782f85c43c51bb32b49e7369292f6186ea49f670f9b876173ac76890fd452e7	149	service	UNVERIFIED	UNVERIFIED
nabdah-backend.zip	src/modules/returns/repositories/returnrequest.repository.ts	30138a8502e49a4bf7cf0eb7be9c979b6ee7617a9869aeafc281c3e63c098d2a	13	repository	UNVERIFIED	UNVERIFIED
nabdah-backend.zip	src/modules/returns/returns.controller.ts	4487f5cc8371cb33691f5478ef47f0342a52464be5b997480960811ac2ee56f4	46	controller	UNVERIFIED	UNVERIFIED
nabdah-backend.zip	src/modules/returns/returns.module.ts	fa49ca42af040b547afabb4af668a841cfe44c08261af7a35f6d827dd33e928e	18	other	UNVERIFIED	UNVERIFIED
nabdah-backend.zip	src/modules/returns/returns.service.ts	7862cb6cea735c0ea7fabf2b0925f196d211e67c676b32b7f27835a6637bc727	187	service	UNVERIFIED	UNVERIFIED
nabdah-backend.zip	src/modules/security/security.module.ts	3062e2ee82518bec03e16ddeaf2dd0dcf8be6e69beba33e557370252c3d12cc1	180	other	UNVERIFIED	UNVERIFIED
nabdah-backend.zip	src/modules/seed/repositories/facility.repository.ts	0612638081341486e6cd07b80d322af01bd25d4dff98620133c6917131b40199	13	repository	UNVERIFIED	UNVERIFIED
nabdah-backend.zip	src/modules/seed/repositories/labservice.repository.ts	3d8f5728ec25b369e2cb3a3801a1f9486d8e82533a5547d70b12ceafca179a1d	13	service	UNVERIFIED	UNVERIFIED
nabdah-backend.zip	src/modules/seed/repositories/medicine.repository.ts	6c4ad6a42dcb53e5193ff19c7ab023abe9856dac64f22ab3d479b4977e83723f	13	repository	UNVERIFIED	UNVERIFIED
nabdah-backend.zip	src/modules/seed/repositories/patientprofile.repository.ts	5860ac653f59f200f1a8f32df8f1589b67ddbeabecf3fb9f13ae954d52cf8a9b	13	repository	UNVERIFIED	UNVERIFIED
nabdah-backend.zip	src/modules/seed/repositories/pharmacyinventory.repository.ts	79beccd917c3a41067cc42c19945ba2164ad94b9eb74c95965c4f85477c24630	13	repository	UNVERIFIED	UNVERIFIED
nabdah-backend.zip	src/modules/seed/repositories/providerprofile.repository.ts	0e689f87af957e6c51b6015e5d9ba0882ea6707b496b4b785dc4313b490f2d82	13	repository	UNVERIFIED	UNVERIFIED
nabdah-backend.zip	src/modules/seed/repositories/systemconfig.repository.ts	d3072d7e5f9e56d7fbc001dd291cca87c5834512471f0a1bc9714f237260d89d	13	repository	UNVERIFIED	UNVERIFIED
nabdah-backend.zip	src/modules/seed/repositories/user.repository.ts	810663ec29e799517a445a91b1f0910bc5897c86ff1bea728b30feda1d5f6ca7	13	repository	UNVERIFIED	UNVERIFIED
nabdah-backend.zip	src/modules/seed/seed.data.ts	c4cd558fdf261dc7dda917e2af591079e68fd9025cb7b1969ef361618da60928	298	other	UNVERIFIED	UNVERIFIED
nabdah-backend.zip	src/modules/seed/seed.facilities.ts	66f45afd7d0f25bfa1cdf74763038f54775637addd1e69d6575d04fe775f226d	142	other	UNVERIFIED	UNVERIFIED
nabdah-backend.zip	src/modules/seed/seed.module.ts	302c86506a3b09573dda9cc2564c9a7debc76a72bf237c904333224eefa7b801	37	other	UNVERIFIED	UNVERIFIED
nabdah-backend.zip	src/modules/seed/seed.service.ts	d0a3b157631823c945513c589b25b456f63f0b555833ab4d3d93bbc8aa72bcfc	348	service	UNVERIFIED	UNVERIFIED
nabdah-backend.zip	src/modules/seo/repositories/article.repository.ts	63a98ce073889ce92aeea93d542e7b2467d2defbd5a1e0c6522cb1c80bb14d26	12	repository	UNVERIFIED	UNVERIFIED
nabdah-backend.zip	src/modules/seo/repositories/facility.repository.ts	c3a753e606ced09ff8d34ae790c31c66281676dcfa87e829c305377b471b714c	13	repository	UNVERIFIED	UNVERIFIED
nabdah-backend.zip	src/modules/seo/repositories/homecareservice.repository.ts	d55baf7cab70785ca9bb7dce9a559b26c5b84d0167d371c02649882ba41dd4d5	13	service	UNVERIFIED	UNVERIFIED
nabdah-backend.zip	src/modules/seo/repositories/labservice.repository.ts	ca517a70c7818c4e3ad677441d791fae2eebe08835988a3244be660e71a604a8	13	service	UNVERIFIED	UNVERIFIED
nabdah-backend.zip	src/modules/seo/repositories/medicine.repository.ts	99a00f2c12df2cbce28c8f040b7c8e702636797630944b22c8e8abd2b55c1729	13	repository	UNVERIFIED	UNVERIFIED
nabdah-backend.zip	src/modules/seo/repositories/providerprofile.repository.ts	55242172b9bf4e48e9d2f4944a336261ed614ef3cf5a7f58a619858e086fda32	13	repository	UNVERIFIED	UNVERIFIED
nabdah-backend.zip	src/modules/seo/seo.controller.ts	6ab37fda9930b3e95ce757482b4ac0934fabeaa98179f664b969777110ea4a65	77	controller	UNVERIFIED	UNVERIFIED
nabdah-backend.zip	src/modules/seo/seo.module.ts	ed7208efaad061a2dc20b95f679ddc1d0794a262ee723d556dc2dc48a3870350	32	other	UNVERIFIED	UNVERIFIED
nabdah-backend.zip	src/modules/seo/seo.service.spec.ts	9fe05a8636a265bd0ab98f8365961727b96e7b48209bd547a5e6e0d1602aa0c6	96	service	UNVERIFIED	UNVERIFIED
nabdah-backend.zip	src/modules/seo/seo.service.ts	aad23482b97ab989dd84c8f6bd25bb0b3d2280127fc372bdcd04f1129c300808	434	service	UNVERIFIED	UNVERIFIED
nabdah-backend.zip	src/modules/seo-search/seo-search.module.ts	3fc67013d055a1e19db7dcd251e301f9744dd125d11e3fc485d5995e56470f31	388	other	UNVERIFIED	UNVERIFIED
nabdah-backend.zip	src/modules/service-catalog/service-catalog.module.ts	b0179cd499b173bfb979f58b125bdd3684e04a8e2b5bcb92856593fbc6e92813	215	service	UNVERIFIED	UNVERIFIED
nabdah-backend.zip	src/modules/slot-locks/slot-locks.module.ts	cb5136f0ae9061f0ade9a6ae69afef93c396c01e43d9e3420b8db71ef7b7d529	73	other	UNVERIFIED	UNVERIFIED
nabdah-backend.zip	src/modules/slot-locks/slot-locks.service.spec.ts	369438feed160419e06d5d3b95d76b3cfcf1371009ef66988b02ef0322586d3e	64	service	UNVERIFIED	UNVERIFIED
nabdah-backend.zip	src/modules/sms/sms.module.ts	63223d28e08dd5a9d3a9d16b6d33ae478046f4e3eb00cc3df4de52aa3c49f7c4	9	other	UNVERIFIED	UNVERIFIED
nabdah-backend.zip	src/modules/sms/sms.service.ts	d21bddfce3331254314140581ac88122c5777b6af36b33bf9c97f9c1bce07591	62	service	UNVERIFIED	UNVERIFIED
nabdah-backend.zip	src/modules/socket/socket.gateway.ts	cc49f62e3313012de81e706dde218ed0ac41a88435c1606a213beac9be1cb7f6	46	gateway	UNVERIFIED	UNVERIFIED
nabdah-backend.zip	src/modules/storage/storage.module.spec.ts	8f91c14ae2b7fa1a4f526581da7f56675075f11185c17bbf48c172ade577a211	31	other	UNVERIFIED	UNVERIFIED
nabdah-backend.zip	src/modules/storage/storage.module.ts	8568438fa21ba0875abaa36fb5fe149a8107bac4de1700aad21d1575c96de8d2	410	other	UNVERIFIED	UNVERIFIED
nabdah-backend.zip	src/modules/support/repositories/patientsettings.repository.ts	a1a114f6fe87098c70e1ddc26ab8fa52c4ff52d5c2a47289447bd25e7677b132	13	repository	UNVERIFIED	UNVERIFIED
nabdah-backend.zip	src/modules/support/repositories/supportrequest.repository.ts	e32b9b52d6cdb510adef8087011aa2a66fbee5cfb47a13b78ab33649dc193153	13	repository	UNVERIFIED	UNVERIFIED
nabdah-backend.zip	src/modules/support/support.controller.ts	f311fb7ad478f46ff7e516c4092199e270417f9d81e0986a8ea70b0d720d6f52	41	controller	UNVERIFIED	UNVERIFIED
nabdah-backend.zip	src/modules/support/support.module.ts	4ec1ef20a418de46fccece2ee29ddf054849f06e3997359bb8b9ba530fa26831	17	other	UNVERIFIED	UNVERIFIED
nabdah-backend.zip	src/modules/support/support.service.ts	dfc1e659c7eece07ee57d13aeb730726ce57565edfee85d92e42f11a630c3e31	102	service	UNVERIFIED	UNVERIFIED
nabdah-backend.zip	src/modules/system-health/system-health.controller.ts	7d0c45bac0bf7a40d03810107af17ef63da2123fd6b2ccc9490115a99ad6418e	38	controller	UNVERIFIED	UNVERIFIED
nabdah-backend.zip	src/modules/system-health/system-health.module.ts	1b4a870733d40df30e8aad915c51892c3734867a75ec3bc7ba125174efe911c5	10	other	UNVERIFIED	UNVERIFIED
nabdah-backend.zip	src/modules/timeline/repositories/appointment.repository.ts	5399a26880ac80002aad4c40c94b2515d44df8b4eb14d07bcf39aea9dfb66371	13	repository	UNVERIFIED	UNVERIFIED
nabdah-backend.zip	src/modules/timeline/repositories/customservicerequest.repository.ts	bf50ff16a188def9321385aaeca4b21a310403ab5eeb54014e0ef7360dd052a6	13	service	UNVERIFIED	UNVERIFIED
nabdah-backend.zip	src/modules/timeline/repositories/homecarebooking.repository.ts	0fe864ceee4547c3d5c4b917636d98e00887fc867b93b816b221d753ec71b067	13	repository	UNVERIFIED	UNVERIFIED
nabdah-backend.zip	src/modules/timeline/repositories/labbooking.repository.ts	e8c881989835a2cb11a5fb9cb647e1d6bf553a3d36b40013b5da7baaafe07cb5	13	repository	UNVERIFIED	UNVERIFIED
nabdah-backend.zip	src/modules/timeline/repositories/labresult.repository.ts	819129c4841bb3d715abde98c21c8618fa2765e087c0c67a0edb9bea6e42c08f	13	repository	UNVERIFIED	UNVERIFIED
nabdah-backend.zip	src/modules/timeline/repositories/medicalreport.repository.ts	a32c8b405709ef34a00981ca6282a533658816f33778593f5750b5decc55be07	13	repository	UNVERIFIED	UNVERIFIED
nabdah-backend.zip	src/modules/timeline/repositories/medicationreminder.repository.ts	6b7a4cee32245659b86a9c8cbf5e0bb115ea8d84bc8fa879895488b80b0948e4	13	repository	UNVERIFIED	UNVERIFIED
nabdah-backend.zip	src/modules/timeline/repositories/order.repository.ts	aac565ec1dccaee1b000cf6e98de18bfc17d74d6386caf8d9c8cf0d755a57871	13	repository	UNVERIFIED	UNVERIFIED
nabdah-backend.zip	src/modules/timeline/repositories/prescription.repository.ts	707ff691b4c7b81154ce7f89856c26a92ef75205352c0dea160835be85acf441	13	repository	UNVERIFIED	UNVERIFIED
nabdah-backend.zip	src/modules/timeline/repositories/radiologybooking.repository.ts	58c21524c05c0355fcea187c2f77110367644dd54f4ec1547cbb65e0216b1f35	13	repository	UNVERIFIED	UNVERIFIED
nabdah-backend.zip	src/modules/timeline/repositories/vitalreading.repository.ts	e4fa24f76f201083c4d521be533d2699cf301836c3e9092512109b245519c68a	13	repository	UNVERIFIED	UNVERIFIED
nabdah-backend.zip	src/modules/timeline/timeline.controller.ts	12f27fddb9b30a44b0c84bb9b88fb92b7eb017a9f25350227461c7b1ad5bd4cc	39	controller	UNVERIFIED	UNVERIFIED
nabdah-backend.zip	src/modules/timeline/timeline.module.ts	e7a56d6f1d8585c101446f6a1d7f3847d441571c2ac06b6e4164879ff7faa03f	44	other	UNVERIFIED	UNVERIFIED
nabdah-backend.zip	src/modules/timeline/timeline.service.ts	6219e2c32e96c61c4ae33fc528ceb9b44f48af3dc64cb1cdb0186bd992526d26	386	service	UNVERIFIED	UNVERIFIED
nabdah-backend.zip	src/modules/tour/tour.controller.ts	6420607aae8068829925fabaa24705f086a4458762fb09a71fdb74161d395a46	19	controller	UNVERIFIED	UNVERIFIED
nabdah-backend.zip	src/modules/tour/tour.module.ts	908d6cd0575fecf3ff9b194cffbb2716e801fd146a382f5e6313b615a22ea582	14	other	UNVERIFIED	UNVERIFIED
nabdah-backend.zip	src/modules/tour/tour.service.ts	39bb4232a077ab6fccf80cfaf9f73809623f7512ae8bc138a154ffae9a751390	23	service	UNVERIFIED	UNVERIFIED
nabdah-backend.zip	src/modules/unified-bookings/unified-bookings.contract.spec.ts	772a767df071cfcc1f22e2665b978e9cc3aee343700fe344ddc1d0e3155a370a	99	other	UNVERIFIED	UNVERIFIED
nabdah-backend.zip	src/modules/unified-bookings/unified-bookings.module.ts	ffc7788fd534065f6763e5cbc63ee96d71d55840af220199827b5aea129936d0	462	other	UNVERIFIED	UNVERIFIED
nabdah-backend.zip	src/modules/unified-bookings/unified-bookings.service.spec.ts	65047c11773f77fe49bda5aadcc63af98a2033d3921c6692f0ffc05d7c9a14ef	25	service	UNVERIFIED	UNVERIFIED
nabdah-backend.zip	src/modules/unified-bookings/unified-bookings.service.ts	4d69b29d8e22cfefaa9a5a2f0bdf42a5f5a734f29549d9a13dc827c412ef6233	32	service	UNVERIFIED	UNVERIFIED
nabdah-backend.zip	src/modules/users/data-retention.service.ts	36640479a2d0b2cd82ddb6eaff2888752e916fb11620cf7889c48f45cdd1192f	42	service	UNVERIFIED	UNVERIFIED
nabdah-backend.zip	src/modules/users/repositories/patient-profile.repository.ts	60365fb6793ab7ca88787c4400ee51b1f752db940e2ba2ca766769139e8f0568	12	repository	UNVERIFIED	UNVERIFIED
nabdah-backend.zip	src/modules/users/repositories/provider-profile.repository.ts	35b5eab07e20757384358dfbcb2e090e4600fb9b3e3b9efb35d7688c06bf27cd	12	repository	UNVERIFIED	UNVERIFIED
nabdah-backend.zip	src/modules/users/repositories/user.repository.ts	a559d61e5d2a415161425175672a448d0074f865891d5bdae16800e44bea438e	12	repository	UNVERIFIED	UNVERIFIED
nabdah-backend.zip	src/modules/users/user.insurance.controller.ts	dc0726461cdf37d53cef2ab56708e45ae80fac8e992fb322066f3924efcf4083	47	controller	UNVERIFIED	UNVERIFIED
nabdah-backend.zip	src/modules/users/users.addresses.controller.ts	786dc5ee07121aae8cc2fd885d017d14b6a8638ce5b90c175328d811044a49b4	59	controller	UNVERIFIED	UNVERIFIED
nabdah-backend.zip	src/modules/users/users.contract.spec.ts	1b802022b2c44030ceb506d50ed8259e4c99c08b5b0f8bc0e19a261aa87fad7d	64	other	UNVERIFIED	UNVERIFIED
nabdah-backend.zip	src/modules/users/users.controller.ts	b870f287dc01fb9972177e167dd8360cb4006b96a3306d8e4cedcd5f01a5741b	117	controller	UNVERIFIED	UNVERIFIED
nabdah-backend.zip	src/modules/users/users.insurance.controller.ts	af4affaac35302c827a24c34a174f3b3dd14f9b0478a85fb6d5e3d05d1eb1fc6	81	controller	UNVERIFIED	UNVERIFIED
nabdah-backend.zip	src/modules/users/users.module.ts	cc95cd6eb4cda1e23e3235edac5170b4478aa42ef7b9fe149238eb39b8241e22	34	other	UNVERIFIED	UNVERIFIED
nabdah-backend.zip	src/modules/users/users.service.ts	5f9f012062f55d1a3f31edbf1a738b79a1ccaf9a9dcad51c67e9c61519f64841	359	service	UNVERIFIED	UNVERIFIED
nabdah-backend.zip	src/modules/wallet/repositories/user.repository.ts	810663ec29e799517a445a91b1f0910bc5897c86ff1bea728b30feda1d5f6ca7	13	repository	UNVERIFIED	UNVERIFIED
nabdah-backend.zip	src/modules/wallet/repositories/wallet.repository.ts	37a40efeb3f95832cad9cad6f7de27a77b610c0665d32c8138f420e8e4762087	13	repository	UNVERIFIED	UNVERIFIED
nabdah-backend.zip	src/modules/wallet/repositories/wallettransaction.repository.ts	a3956d42737a14c4ef6c85ee1293a6f8b73df270225ba9d790bc51d551c4fb03	13	repository	UNVERIFIED	UNVERIFIED
nabdah-backend.zip	src/modules/wallet/wallet.controller.ts	df15f0b6edb4f0735ee00e634fde8bdfe92c7e33eafbbfb775d85ebbf37d615c	81	controller	UNVERIFIED	UNVERIFIED
nabdah-backend.zip	src/modules/wallet/wallet.module.ts	3b2a70bdd5ba796eb01e8eb81ccb66bda3da24708b8abd563242895deaef1144	25	other	UNVERIFIED	UNVERIFIED
nabdah-backend.zip	src/modules/wallet/wallet.service.ts	150897d1a54befceff4a7730e487afdba0dad06b90c0379b1a563f57606bff78	353	service	UNVERIFIED	UNVERIFIED
nabdah-backend.zip	src/modules/webhooks/guards/livekit-webhook.guard.ts	ffaae9adf8ee07a626481d66e147c3c0f99d33f1ab8934447154598447a5df73	32	guard	UNVERIFIED	UNVERIFIED
nabdah-backend.zip	src/modules/webhooks/webhooks.controller.ts	310a9179e1c1d42f12ca6c5a82fbfa62c843faa550b0268e8733db9a45bae805	50	controller	UNVERIFIED	UNVERIFIED
nabdah-backend.zip	src/modules/webhooks/webhooks.module.ts	b1a5bb306df72eaf3cdef6d7f36b60df26149d7e194ddd5e232c8a0a58c1af3a	10	gateway	UNVERIFIED	UNVERIFIED
nabdah-backend.zip	src/modules/webhooks/webhooks.service.spec.ts	08fa06ada5b9235fefc8ab4272107123ed01395cfd874f0a0e6bf44c38509e75	95	service	UNVERIFIED	UNVERIFIED
nabdah-backend.zip	src/modules/webhooks/webhooks.service.ts	70dbe6ea2b1fc528b65207240476fccae74caa560fd521d7ef85eaacccc723bc	136	service	UNVERIFIED	UNVERIFIED
nabdah-backend.zip	src/modules/workflow-engine/workflow-engine.module.spec.ts	580eb12faadb5b140ec7865f3d362e8e11ff5c40649ecf9835cbb26e72df370e	13	other	UNVERIFIED	UNVERIFIED
nabdah-backend.zip	src/modules/workflow-engine/workflow-engine.module.ts	cf25b5c1d09cf8bbe652c9c054a1dc54f3fcfb5d2b56d5e35e89dd9edf97862d	609	other	UNVERIFIED	UNVERIFIED
nabdah-backend.zip	src/schemas/ad-placement.schema.ts	a9c41c2bec4d149c838439e62fb509aa53e4bcda17883fc853cbe4995a037f55	34	schema	UNVERIFIED	UNVERIFIED
nabdah-backend.zip	src/schemas/ambulance-vehicle.schema.ts	9b246bbe73b53747a7e18f34b44d4dbcda1f3fbf497a0831149aae12781e2902	37	schema	UNVERIFIED	UNVERIFIED
nabdah-backend.zip	src/schemas/analytics-event.schema.ts	a783ed7e02f74d227f4ecca7a4c3276a97d25376f9400431737d68fcf570ffbb	17	schema	UNVERIFIED	UNVERIFIED
nabdah-backend.zip	src/schemas/appointment.schema.ts	2ea9ffb466177e448ef33f568cc0256f0e6dfb78322ebe8ca15ff08156c24de3	137	schema	UNVERIFIED	UNVERIFIED
nabdah-backend.zip	src/schemas/approval-request.schema.ts	001dd8246756ce21121ffafc07aa04f4a32fc13f699c775e5b93479f94336e53	28	schema	UNVERIFIED	UNVERIFIED
nabdah-backend.zip	src/schemas/article.schema.ts	49ab0bb79af6c2d7191d8ed65ebcfec78889303992686d2af4dbfc45db96bc25	31	schema	UNVERIFIED	UNVERIFIED
nabdah-backend.zip	src/schemas/audit-log.schema.ts	88074240b69743e8a80230057be6c9091aa1b23f6548ec69a13e0c1ff80dd57c	20	schema	UNVERIFIED	UNVERIFIED
nabdah-backend.zip	src/schemas/b2b-request.schema.ts	bbda9e15ef86e639f7d0d3164436153220e9e13f9a7a0ea574fa906c94a1dfa0	18	schema	UNVERIFIED	UNVERIFIED
nabdah-backend.zip	src/schemas/callmetric.schema.ts	31a55530da030953ff00c70fb45160c58ea4c181dc52d8a46589fbbbe37dca14	18	schema	UNVERIFIED	UNVERIFIED
nabdah-backend.zip	src/schemas/callsession.schema.ts	02d6c4dc9776e30b350a2fec70c5c3d78d7403a5d4a55b0ac218a636d84b4209	20	schema	UNVERIFIED	UNVERIFIED
nabdah-backend.zip	src/schemas/chat-session.schema.ts	f01e69fbd3f96dff2890cd8ce8aeb760857d4a63d6dfc022b1bc3fe8614033dd	25	schema	UNVERIFIED	UNVERIFIED
nabdah-backend.zip	src/schemas/community.schemas.ts	42920900d8cc2720eba94d7f8164b3fea1598e827efa61db787116d115772011	65	schema	UNVERIFIED	UNVERIFIED
nabdah-backend.zip	src/schemas/corporate-account.schema.ts	a48911aac7c4ed1c235b16a520ee9191f395f73cd5d73461984d1bc74a202679	28	schema	UNVERIFIED	UNVERIFIED
nabdah-backend.zip	src/schemas/custom-service.schema.ts	9e393a910bb6b036641dc047ce667d9af50db83cbfbf30f16c374523b14dee4b	66	service	UNVERIFIED	UNVERIFIED
nabdah-backend.zip	src/schemas/delivery.schema.ts	aed2b9ef4040766adca1ef41bb5f3d96356bb47621bf827b0e78e71f2286b453	26	schema	UNVERIFIED	UNVERIFIED
nabdah-backend.zip	src/schemas/driver-shift.schema.ts	a854ff85b47ee7bdbfe5a89c60ba76cd73f22b287245a0e29d5f1b698cbb9a96	21	schema	UNVERIFIED	UNVERIFIED
nabdah-backend.zip	src/schemas/drug-rejection-log.schema.ts	0969caaafe828a9be5195e3249001ebbb635d2555a3e3ae0377fb8df1658f0ab	22	schema	UNVERIFIED	UNVERIFIED
nabdah-backend.zip	src/schemas/emergency.schema.ts	e475cde844f087daac65635434c4d794b09813b74cf2e2f99445cfc147b8adf2	36	schema	UNVERIFIED	UNVERIFIED
nabdah-backend.zip	src/schemas/extra.schemas.ts	4e495cdcc1bf749cff9e5a2151bea11bb03c534b38e9dcfbcf8f723c798fe342	92	schema	UNVERIFIED	UNVERIFIED
nabdah-backend.zip	src/schemas/facility.schema.ts	7fbea90ef9c3e95a05083e4072a4dc6189b5710f9179ce7a22bb541e882abc74	63	schema	UNVERIFIED	UNVERIFIED
nabdah-backend.zip	src/schemas/family.schemas.ts	b8b8dc5e3037785786293905ee756dc0a56aae41843cd3d717ecd99e6391f5d1	69	schema	UNVERIFIED	UNVERIFIED
nabdah-backend.zip	src/schemas/feature-flag.schema.ts	6d30a92570c4df31deb3187adcc0c0459de3bf8ed0e1ebbb2a62020dd358dab9	22	schema	UNVERIFIED	UNVERIFIED
nabdah-backend.zip	src/schemas/fraud-alert.schema.ts	dda996ee1a825bafb22cc55f7c01eff33b010e3faff73dd46b1429eb138f94b2	28	schema	UNVERIFIED	UNVERIFIED
nabdah-backend.zip	src/schemas/health.schema.ts	b61e05809935e15b2292a32aa575904d4218c9b8132853ab89b76bbe39fed4e6	68	schema	UNVERIFIED	UNVERIFIED
nabdah-backend.zip	src/schemas/home-care.schema.ts	f19f27ef58e97644756fcb0bde5ec0ef717f859d06871c1a57701d0b5a650d59	234	schema	UNVERIFIED	UNVERIFIED
nabdah-backend.zip	src/schemas/hospital-operations.schema.ts	d75839b05e4f6a93d43010319457ac69160861a7b0ee900995a8970906abb252	89	schema	UNVERIFIED	UNVERIFIED
nabdah-backend.zip	src/schemas/image-processing-job.schema.ts	4dc09c2e156fe76d9842c01458cfe3dc6622433515c764677c5981bf67503890	18	schema	UNVERIFIED	UNVERIFIED
nabdah-backend.zip	src/schemas/insurance.schema.ts	65ff8ede24ae76df48a6ffd59499f0c46ec326787dbe9f06fbc53d1090062e88	112	schema	UNVERIFIED	UNVERIFIED
nabdah-backend.zip	src/schemas/inventory.schema.ts	6e104c97febe3ddb12fd5a26c7b6f3258d47f5520409e866b12547d59a19e3f5	19	schema	UNVERIFIED	UNVERIFIED
nabdah-backend.zip	src/schemas/job-board.schema.ts	b7af264f78ae4fde927d646323571080b4df47ef98e4232263efdf80133d6d93	61	schema	UNVERIFIED	UNVERIFIED
nabdah-backend.zip	src/schemas/lab-result.schema.ts	83fbc1f989b6770cad6bf05c713b6358a7351da5fa75c123c0b4a5098846167b	48	schema	UNVERIFIED	UNVERIFIED
nabdah-backend.zip	src/schemas/lab.schema.ts	d50ccc95ade7759a6b190f736ef51c75efc76fd013f1eb8773c538a4c9dc5a67	149	schema	UNVERIFIED	UNVERIFIED
nabdah-backend.zip	src/schemas/leave-request.schema.ts	0ea115c2a4e1c47106f80b7f8fd8326da2137a65e958942c54e4e5de0a202d9f	22	schema	UNVERIFIED	UNVERIFIED
nabdah-backend.zip	src/schemas/loyalty.schemas.ts	6d30514a5fbfe3b35876b6bcf5b8e7be287084ff8093d0d9b5a5929551557db3	87	schema	UNVERIFIED	UNVERIFIED
nabdah-backend.zip	src/schemas/maternity.schema.ts	902e3ea9c9bab94e579bff6c3d9d0eee0bf07b214426248bbd5c855bf544b246	113	schema	UNVERIFIED	UNVERIFIED
nabdah-backend.zip	src/schemas/medical-profile.schema.ts	ba8d98d41c968b422a166b95be3134f48bce4d1c6d33250cfb43905bcf00c019	56	schema	UNVERIFIED	UNVERIFIED
nabdah-backend.zip	src/schemas/medical-report.schema.ts	c57c5b5953f0338e7ce62bc8aa29524833237d22786961a18c4788817f70cfd5	56	schema	UNVERIFIED	UNVERIFIED
nabdah-backend.zip	src/schemas/medicine.schema.ts	ccacb7430293c6548dc19409273943f04556ee3ac6a4f3aaf005663d509b55ff	107	schema	UNVERIFIED	UNVERIFIED
nabdah-backend.zip	src/schemas/mental-health.schema.ts	10b5eacb33f4ed47bcd9d9f57281f6b4130a74c64eae3609083772813db4ec30	97	schema	UNVERIFIED	UNVERIFIED
nabdah-backend.zip	src/schemas/notification.schema.ts	06e6d1c06c1a65afadb067fb1879fa2cfdcc167da77bbbfdf1eff7e08bbf4fd4	29	schema	UNVERIFIED	UNVERIFIED
nabdah-backend.zip	src/schemas/nutrition.schema.ts	378783931497ebe8c24a0b848a061d7c1e2e483a7544829760335dfac70d2821	79	schema	UNVERIFIED	UNVERIFIED
nabdah-backend.zip	src/schemas/order.schema.ts	ec85549adb92e82b415171ffcb82963824d91ab5a0436c3eea926154c627f130	150	schema	UNVERIFIED	UNVERIFIED
nabdah-backend.zip	src/schemas/outbound-referral.schema.ts	fd800b94ddc3b12d40bb701005b3fcd606a8fd9f9701cd93c50ec1b054cf3d31	33	schema	UNVERIFIED	UNVERIFIED
nabdah-backend.zip	src/schemas/patient-crm-tag.schema.ts	4219087c9ef0a2ec006d24064c116ac68b21f002bbe3bf8f25f737cdc7bbfa64	36	schema	UNVERIFIED	UNVERIFIED
nabdah-backend.zip	src/schemas/patient-profile.schema.ts	e2e0ca9963a203d040ba99d1904a8dbd5b75ed54397d4e89af883a1fdca5bbb7	81	schema	UNVERIFIED	UNVERIFIED
nabdah-backend.zip	src/schemas/pharmacy-chat.schema.ts	12fec2cd5c8fa5537563f4be53d40cdd8c3f88702121f3f4eed40871cad6fad5	29	schema	UNVERIFIED	UNVERIFIED
nabdah-backend.zip	src/schemas/pharmacy-inventory.schema.ts	55cb8de34c74c609a4063cd6406c4b0c9f0f78f8ea3c2a3b5842d830e1d908b1	18	schema	UNVERIFIED	UNVERIFIED
nabdah-backend.zip	src/schemas/prescription.schema.ts	2c7f125f9f9feab9e3bdd693c8231a9e073888d6424f18454172a131ccb1c589	53	schema	UNVERIFIED	UNVERIFIED
nabdah-backend.zip	src/schemas/profile-image-audit-log.schema.ts	eda2ac4b6d6c24a0ba29855a81898cd429a8e7f837ceb68df240e58c00b7092b	16	schema	UNVERIFIED	UNVERIFIED
nabdah-backend.zip	src/schemas/profile-image-metadata.schema.ts	675a6334594d2642b18e324885b8b80213a80279ee1961ab8e3190e5b70df741	21	schema	UNVERIFIED	UNVERIFIED
nabdah-backend.zip	src/schemas/promotion-campaign.schema.ts	98591239d084364932e5fedfa7e6bea47118f0fb08d7eb1bedd00bd4eef997fe	43	schema	UNVERIFIED	UNVERIFIED
nabdah-backend.zip	src/schemas/provider-availability.schema.ts	1c0f43b7d0fb647b117b1d8e7cb20d3571eb77abf639702f072fef9be5268dc3	16	schema	UNVERIFIED	UNVERIFIED
nabdah-backend.zip	src/schemas/provider-branch.schema.ts	802c84e66c8cd7578ed2da546a38941268994f5b608090d08911f54030f839ae	33	schema	UNVERIFIED	UNVERIFIED
nabdah-backend.zip	src/schemas/provider-profile.schema.ts	df506cc2de5250a45fb216541e80893f710be86d98b7528fd70d20baa517ac83	234	schema	UNVERIFIED	UNVERIFIED
nabdah-backend.zip	src/schemas/push-token.schema.ts	8892b05647d7ae3eff4f79f471af3326b1dcf3d045fcb1ffa918be7967855111	15	schema	UNVERIFIED	UNVERIFIED
nabdah-backend.zip	src/schemas/radiology.schema.ts	fb2226095a94234b6b97d508bf779a85f0ca1a2885a6d4a249516e7fbf1350cd	208	schema	UNVERIFIED	UNVERIFIED
nabdah-backend.zip	src/schemas/referral.schema.ts	542b57ae1ebf71c57b94b282c7417f02a550b85f9bb1db3742c0636e4e5aa688	48	schema	UNVERIFIED	UNVERIFIED
nabdah-backend.zip	src/schemas/refund-request.schema.ts	dc9091c131e757d071cdc2a72663d1c98156a3e3252d4d34dc373e59aaae632b	17	schema	UNVERIFIED	UNVERIFIED
nabdah-backend.zip	src/schemas/return-request.schema.ts	279f81b4e6cf39ccddced670ae5ace39f0745f00727292180b2abc580a5905d4	19	schema	UNVERIFIED	UNVERIFIED
nabdah-backend.zip	src/schemas/returns.schema.ts	218e9606ee4ea9de565eaa30bb81bf67d34e5aa2e0253f64216f732c8d889ba9	22	schema	UNVERIFIED	UNVERIFIED
nabdah-backend.zip	src/schemas/review.schema.ts	40d4fe49417240c6c1360fd5edadaa56939f84e934d539ceb5ba4a332a72fdff	18	schema	UNVERIFIED	UNVERIFIED
nabdah-backend.zip	src/schemas/sla-log.schema.ts	af02b8ef5ee5a93651d22cb97e59302591f64cb47a1808f495c4e8bd5dd7f46b	28	schema	UNVERIFIED	UNVERIFIED
nabdah-backend.zip	src/schemas/slot-lock.schema.ts	f63b603b553d3cb5cc977b5528673cacb67f5968a33c850f710c829c42ff5cef	20	schema	UNVERIFIED	UNVERIFIED
nabdah-backend.zip	src/schemas/support.schema.ts	cd1b0e252e34c619fc453d47aa00af415f8dbef53d88c9c788475826eb8a44de	56	schema	UNVERIFIED	UNVERIFIED
nabdah-backend.zip	src/schemas/system-config.schema.ts	1bf59b740b2d49a932fc011f07b80f8002be273381f69416ef5a02911ac93d46	13	schema	UNVERIFIED	UNVERIFIED
nabdah-backend.zip	src/schemas/systemevent.schema.ts	865d5da3dd83451c5e18d957413ebda19d6a0035923693add7b70549a0897bf5	31	schema	UNVERIFIED	UNVERIFIED
nabdah-backend.zip	src/schemas/transaction.schema.ts	3c165e175419a0832d57810fc1ce47b1b5ba5a88fe5728e61a63ff8fe5b6c8b2	46	schema	UNVERIFIED	UNVERIFIED
nabdah-backend.zip	src/schemas/treatment-program.schema.ts	56fbc1d7b058309ad46a63ea25633a0a8acc23519b381e32383dbd645163393c	29	schema	UNVERIFIED	UNVERIFIED
nabdah-backend.zip	src/schemas/universal-activity.schema.ts	b2ea42ec3ecd5b2b364ad2fb2391a0f30fb4f0ecc4e9d3a5c9a4d86ee9c5f31c	29	schema	UNVERIFIED	UNVERIFIED
nabdah-backend.zip	src/schemas/user.schema.ts	0d5526bf312e6d9cd052e97994a5d9c33b778adc83353d2780293100a8802c38	47	schema	UNVERIFIED	UNVERIFIED
nabdah-backend.zip	src/schemas/wallet.schema.ts	03be67d082a6b24e56620cdb527bbf5accf3212762032fc8187d2930718f8e7a	55	schema	UNVERIFIED	UNVERIFIED
nabdah-backend.zip	src/scripts/seed-admin.ts	c8abda226ee2616dbc3f2694326fb40db61fb482da864b46fe813c54d1467128	67	other	UNVERIFIED	UNVERIFIED
nabdah-backend.zip	src/scripts/seed-insurance-companies.ts	016bda339f51fcf7e22cda78da4e4404a33da34eba7b2b36cf70d610a47c0c0f	38	other	UNVERIFIED	UNVERIFIED
nabdah-backend.zip	src/scripts/seed_test.ts	a96f59b382e04230865651bbe1b182bbec76253e6621ff58ff76f18717bb72b5	286	other	UNVERIFIED	UNVERIFIED
nabdah-backend.zip	src/scripts/seed_test_providers.ts	be28bfbe998c5285f0cda6c5493972c43e96586b730d4bd1abf3800927d738ab	174	other	UNVERIFIED	UNVERIFIED
nabdah-backend.zip	src/scripts/verify-production.ts	429891ceeb3017920f24c2e88d81f9c7c2f17b867f3a6951f34f99ed7e40a8de	52	other	UNVERIFIED	UNVERIFIED
web_admin_dashboard.zip	src/components/AdminGuard.tsx	e850a746b172dbeabafa7192999ada76c431b0774afeab3b6f2a61d0bd40f694	129	other	UNVERIFIED	UNVERIFIED
web_admin_dashboard.zip	src/components/EmptyIcon.tsx	e87da0153bf3d9b5651ac7e7da2bdb6500fb5400d871361c18334427cf6eaa0b	82	other	UNVERIFIED	UNVERIFIED
web_admin_dashboard.zip	src/components/ProviderFullDetail.tsx	034e056d7d1b2208c02ee711c2cb850a03d8f8da0837b571f46749525427c153	591	other	UNVERIFIED	UNVERIFIED
web_admin_dashboard.zip	src/components/PublicDirectory.tsx	33c310d4f7441358adbb580301e7f4972102bdb443e6d809a4bac89fe893e960	130	other	UNVERIFIED	UNVERIFIED
web_admin_dashboard.zip	src/pages/_app.tsx	e9316262889ee0600d8250142ddc85e732b9eece2838fe0ec2f96c0a9c7dc898	17	screen-or-page	UNVERIFIED	UNVERIFIED
web_admin_dashboard.zip	src/pages/_document.tsx	db90f87ec2f43038e7af699dede542f0773cca6ce2948beeb7f37913cea0733c	13	screen-or-page	UNVERIFIED	UNVERIFIED
web_admin_dashboard.zip	src/pages/admin/ai-control.tsx	805cde84ec9cd497069d7f0adac44c29644714bb27d572dcd5d0053936f51459	148	screen-or-page	UNVERIFIED	UNVERIFIED
web_admin_dashboard.zip	src/pages/admin/ambulance-fleet.tsx	c307f2eb7e373b5fe9c6c7681bf2b778c7e0bd74d2842f3ad23a130fbd9b75d8	173	screen-or-page	UNVERIFIED	UNVERIFIED
web_admin_dashboard.zip	src/pages/admin/analytics.tsx	842e40d40561a22f39cf7c49de90483c727c9ee2b1013b33a159ca769edf4d1f	93	screen-or-page	UNVERIFIED	UNVERIFIED
web_admin_dashboard.zip	src/pages/admin/audit-logs.tsx	2244739d97bca0472269257229a840a39d02a0d0c63ef50868c8b50d1ffe1558	106	screen-or-page	UNVERIFIED	UNVERIFIED
web_admin_dashboard.zip	src/pages/admin/catalog-manager.tsx	2ac31fe58d9b9dbe5c35fa03ffcac7053a7e6b615a9c36ba359ba82d1046b773	186	screen-or-page	UNVERIFIED	UNVERIFIED
web_admin_dashboard.zip	src/pages/admin/commissions.tsx	ce3900c3190d6d8334255bf8721daf32cb08875b70c4a3c557b8c444cfb335b2	144	screen-or-page	UNVERIFIED	UNVERIFIED
web_admin_dashboard.zip	src/pages/admin/config-portal.tsx	7e78317313220c6bab5bb56754c9adf1f80fafb43780e2efc358078c4a583fb8	219	screen-or-page	UNVERIFIED	UNVERIFIED
web_admin_dashboard.zip	src/pages/admin/dashboard.tsx	882f77e5d0531618ca69493d9055292b4614b448f436160831a518e8df4500cd	251	screen-or-page	UNVERIFIED	UNVERIFIED
web_admin_dashboard.zip	src/pages/admin/disputes.tsx	d7e3e700b3689f78d9cdcebfef4fdafe44494b8916eed65b5d43b3101cc1c325	143	screen-or-page	UNVERIFIED	UNVERIFIED
web_admin_dashboard.zip	src/pages/admin/financial-ledger.tsx	df6e0383dfccdac183f155e196d5c53b32dcf733c4fc114067451c5db1f170d6	341	screen-or-page	UNVERIFIED	UNVERIFIED
web_admin_dashboard.zip	src/pages/admin/fraud-monitoring.tsx	dd893f8f910cae17f8f9e877e4b4f8057675d8fbfd03ce152a5a88ebeccf1c70	144	screen-or-page	UNVERIFIED	UNVERIFIED
web_admin_dashboard.zip	src/pages/admin/health-dashboard.tsx	5e054e55894f3f0ebbeb7a96ddd704d1cc55efab8fbddfcbf6c4505c06721cf1	124	screen-or-page	UNVERIFIED	UNVERIFIED
web_admin_dashboard.zip	src/pages/admin/image-suggestions.tsx	bf384dba3b0c6992820fd56788d142c79b8b7c1266aa6d573931f85a7dbebe8d	131	screen-or-page	UNVERIFIED	UNVERIFIED
web_admin_dashboard.zip	src/pages/admin/insurance-companies.tsx	8873703f8a59172e4143fb0137dabc030a714bc0b882a1e1790f517d1199d023	278	screen-or-page	UNVERIFIED	UNVERIFIED
web_admin_dashboard.zip	src/pages/admin/insurance-queue.tsx	81f96f5a0486ea4887476f1ad57b195d01670f63cbcb93f314f118597c0083ed	221	screen-or-page	UNVERIFIED	UNVERIFIED
web_admin_dashboard.zip	src/pages/admin/legal-policies.tsx	0eb0411e947d211b072afc2ba09ddd73037277d753cc938e8544c8b0ec0ea292	132	screen-or-page	UNVERIFIED	UNVERIFIED
web_admin_dashboard.zip	src/pages/admin/medicines-catalog.tsx	442e55a22862bbf77777874d2ddd1c8fc7040502d15ad3be25f8f17b5a80e7ad	512	screen-or-page	UNVERIFIED	UNVERIFIED
web_admin_dashboard.zip	src/pages/admin/notification-center.tsx	71a4deb864ea99684ed4551066b6a2132eaefc8f6721ddbd91720a3dca6f163c	242	screen-or-page	UNVERIFIED	UNVERIFIED
web_admin_dashboard.zip	src/pages/admin/nursing-portal.tsx	68bdd356f7b27a7e0dae8d49e45d9259a70bb0119d3c1ed1041b1cb3501686f4	76	screen-or-page	UNVERIFIED	UNVERIFIED
web_admin_dashboard.zip	src/pages/admin/order-detail.tsx	06ae2f8428067629748e733615cb003088f13abf47a9da7aadb8322d77315eca	121	screen-or-page	UNVERIFIED	UNVERIFIED
web_admin_dashboard.zip	src/pages/admin/payouts.tsx	23de0779928df008521f29ae1e70c42b2be4670ebd59d515ea551cd8fc865b91	164	screen-or-page	UNVERIFIED	UNVERIFIED
web_admin_dashboard.zip	src/pages/admin/pharmacy-procurement.tsx	90c61ca26ce680b7fe4fad7f53f01a4afe670f6b651654218b644d9128803444	181	screen-or-page	UNVERIFIED	UNVERIFIED
web_admin_dashboard.zip	src/pages/admin/provider-audits.tsx	6ee1935bb2b7f82af362339c2c67e86cf9fb71801eee30106db7b3892f74ff6f	67	screen-or-page	UNVERIFIED	UNVERIFIED
web_admin_dashboard.zip	src/pages/admin/provider-moderation.tsx	a5c7d2cf77bf485a30007dcc5ce88980d41db52b79bdfb71907bd64c536c92fe	317	screen-or-page	UNVERIFIED	UNVERIFIED
web_admin_dashboard.zip	src/pages/admin/rbac.tsx	1ce439fc9d76aad7d793c5a13302b8516a23aab14056b5dec75ab69df208d11f	137	screen-or-page	UNVERIFIED	UNVERIFIED
web_admin_dashboard.zip	src/pages/admin/security.tsx	0f76507f94d92a11947e367fe6430f0d25eda878903ddedc30aa914318d3272d	173	screen-or-page	UNVERIFIED	UNVERIFIED
web_admin_dashboard.zip	src/pages/admin/shortage-reports.tsx	b4d83c9685a2a70054c8bf4f8f31f820a41d4ceb14bef1c27b780deba257cbf1	160	screen-or-page	UNVERIFIED	UNVERIFIED
web_admin_dashboard.zip	src/pages/admin/sos-monitor.tsx	0e80d8bf719034cb600ed38ac5f8e2020d8123950a5522a98ae83c4b4241967c	188	screen-or-page	UNVERIFIED	UNVERIFIED
web_admin_dashboard.zip	src/pages/admin/support-tickets.tsx	dc68a820ac9f7195fcb92b07f85ceecf0d477772ef1491227cd3739a80236236	146	screen-or-page	UNVERIFIED	UNVERIFIED
web_admin_dashboard.zip	src/pages/admin/users-management.tsx	aaf12290cc7a8235122f50853963ea2c17908ef73c4eee3e2986cb4427b7d89c	474	screen-or-page	UNVERIFIED	UNVERIFIED
web_admin_dashboard.zip	src/pages/api/hello.ts	546a4296c534a6f7a6f63ee24ad8216f39a7344d7b6e5fc39a23110dc7be4351	13	screen-or-page	UNVERIFIED	UNVERIFIED
web_admin_dashboard.zip	src/pages/articles/index.tsx	8084a7f592a661b43e01848bbd48dc52b33c7345dab6933071e30df3f3fb5de8	23	screen-or-page	UNVERIFIED	UNVERIFIED
web_admin_dashboard.zip	src/pages/doctors/index.tsx	352cfe73536b7bb23b6f9865492db5a5cb453eb0196fac89af1f9f9badc3f17c	23	screen-or-page	UNVERIFIED	UNVERIFIED
web_admin_dashboard.zip	src/pages/facilities/index.tsx	5928cb45c84c0f8bcc91e5a4e1fdf7b58c460ff9baf60386380e85fef98ca2da	23	screen-or-page	UNVERIFIED	UNVERIFIED
web_admin_dashboard.zip	src/pages/home-care-services/index.tsx	865dc45188dc5f37c37f87f11ec74e0250f3904b0e56c1a4834dfb90e25bd2b8	23	screen-or-page	UNVERIFIED	UNVERIFIED
web_admin_dashboard.zip	src/pages/index.tsx	a24fce8b0c6c18e0d972543471c831370ed44dfa9423b0ec92855b66644a06c5	93	screen-or-page	UNVERIFIED	UNVERIFIED
web_admin_dashboard.zip	src/pages/lab-services/index.tsx	02cf719a0fcabdd74d814dad7a1c389e7139552f00644af2b2449b147be87d8c	23	screen-or-page	UNVERIFIED	UNVERIFIED
web_admin_dashboard.zip	src/pages/login.tsx	0cccf5e30392476ee3dad530e33c09de9a8669b85ea0ac8f1c4ee59c5b51b314	379	screen-or-page	UNVERIFIED	UNVERIFIED
web_admin_dashboard.zip	src/pages/medicines/index.tsx	2ddae3c636d80311fd3417bb0dcc65830f50e0cc00e81d8ba0d36515c2847ba5	23	screen-or-page	UNVERIFIED	UNVERIFIED
web_admin_dashboard.zip	src/pages/s/[type]/[slug].tsx	3fedad17614dff0007a5d63f21dcd29332e84c4b8d090f9f31e5a30a0772c698	256	screen-or-page	UNVERIFIED	UNVERIFIED
web_admin_dashboard.zip	src/styles/globals.css	769edf77bd0d101a2d26e6c5656defba8cd885ff37d92279fa293a2756fe5651	26	other	UNVERIFIED	UNVERIFIED
web_admin_dashboard.zip	src/utils/api.ts	fb9f1432a4cc8a843338bfee2b684773001a0b67e2601fb308018f56b38373d4	33	other	UNVERIFIED	UNVERIFIED
