file	line	reason
audit-artifacts/phase0-main-audit/NABD_Contract_Route_Raw_Index_2026-08-24.md	990	Trailing whitespace is inside a quoted baseline/source excerpt retained in audit evidence; audit artifact only, not product source.
audit-artifacts/phase0-main-audit/NABD_Contract_Route_Raw_Index_2026-08-24.md	992	Trailing whitespace is inside a quoted baseline/source excerpt retained in audit evidence; audit artifact only, not product source.
audit-artifacts/phase0-main-audit/NABD_Contract_Route_Raw_Index_2026-08-24.md	994	Trailing whitespace is inside a quoted baseline/source excerpt retained in audit evidence; audit artifact only, not product source.
audit-artifacts/phase0-main-audit/NABD_Contract_Route_Raw_Index_2026-08-24.md	1156	Trailing whitespace is inside a quoted baseline/source excerpt retained in audit evidence; audit artifact only, not product source.
audit-artifacts/phase0-main-audit/NABD_Contract_Route_Raw_Index_2026-08-24.md	1253	Trailing whitespace is inside a quoted baseline/source excerpt retained in audit evidence; audit artifact only, not product source.
audit-artifacts/phase0-main-audit/admin-action-api-inventory.txt	124	Trailing whitespace is inside a quoted baseline/source excerpt retained in audit evidence; audit artifact only, not product source.
audit-artifacts/phase0-main-audit/route-consumer-reconciliation-scan.txt	81	Trailing whitespace is inside a quoted baseline/source excerpt retained in audit evidence; audit artifact only, not product source.
audit-artifacts/phase0-main-audit/route-consumer-reconciliation-scan.txt	147	Trailing whitespace is inside a quoted baseline/source excerpt retained in audit evidence; audit artifact only, not product source.
audit-artifacts/phase0-main-audit/route-consumer-reconciliation-scan.txt	194	Trailing whitespace is inside a quoted baseline/source excerpt retained in audit evidence; audit artifact only, not product source.
audit-artifacts/phase0-main-audit/truthfulness-context-review.txt	346	Trailing whitespace is inside a quoted baseline/source excerpt retained in audit evidence; audit artifact only, not product source.
audit-artifacts/phase0-main-audit/truthfulness-context-review.txt	347	Trailing whitespace is inside a quoted baseline/source excerpt retained in audit evidence; audit artifact only, not product source.
audit-artifacts/phase0-main-audit/truthfulness-context-review.txt	348	Trailing whitespace is inside a quoted baseline/source excerpt retained in audit evidence; audit artifact only, not product source.
audit-artifacts/phase0-main-audit/truthfulness-context-review.txt	349	Trailing whitespace is inside a quoted baseline/source excerpt retained in audit evidence; audit artifact only, not product source.
audit-artifacts/phase0-main-audit/truthfulness-context-review.txt	350	Trailing whitespace is inside a quoted baseline/source excerpt retained in audit evidence; audit artifact only, not product source.
audit-artifacts/phase0-main-audit/truthfulness-context-review.txt	543	Trailing whitespace is inside a quoted baseline/source excerpt retained in audit evidence; audit artifact only, not product source.
audit-artifacts/phase0-main-audit/truthfulness-context-review.txt	544	Trailing whitespace is inside a quoted baseline/source excerpt retained in audit evidence; audit artifact only, not product source.
audit-artifacts/phase0-main-audit/truthfulness-context-review.txt	545	Trailing whitespace is inside a quoted baseline/source excerpt retained in audit evidence; audit artifact only, not product source.
audit-artifacts/phase0-main-audit/truthfulness-context-review.txt	546	Trailing whitespace is inside a quoted baseline/source excerpt retained in audit evidence; audit artifact only, not product source.
audit-artifacts/phase0-main-audit/truthfulness-context-review.txt	547	Trailing whitespace is inside a quoted baseline/source excerpt retained in audit evidence; audit artifact only, not product source.
audit-artifacts/phase0-main-audit/truthfulness-context-review.txt	548	Trailing whitespace is inside a quoted baseline/source excerpt retained in audit evidence; audit artifact only, not product source.
audit-artifacts/phase0-main-audit/truthfulness-security-candidate-scan.txt	293	Trailing whitespace is inside a quoted baseline/source excerpt retained in audit evidence; audit artifact only, not product source.
audit-artifacts/phase0-main-audit/truthfulness-security-candidate-scan.txt	294	Trailing whitespace is inside a quoted baseline/source excerpt retained in audit evidence; audit artifact only, not product source.
audit-artifacts/phase0-main-audit/truthfulness-security-candidate-scan.txt	295	Trailing whitespace is inside a quoted baseline/source excerpt retained in audit evidence; audit artifact only, not product source.
audit-artifacts/phase0-main-audit/truthfulness-security-candidate-scan.txt	296	Trailing whitespace is inside a quoted baseline/source excerpt retained in audit evidence; audit artifact only, not product source.
audit-artifacts/phase0-main-audit/truthfulness-security-candidate-scan.txt	297	Trailing whitespace is inside a quoted baseline/source excerpt retained in audit evidence; audit artifact only, not product source.
audit-artifacts/phase0-main-audit/truthfulness-security-candidate-scan.txt	298	Trailing whitespace is inside a quoted baseline/source excerpt retained in audit evidence; audit artifact only, not product source.
audit-artifacts/phase0-main-audit/truthfulness-security-candidate-scan.txt	1228	Trailing whitespace is inside a quoted baseline/source excerpt retained in audit evidence; audit artifact only, not product source.
audit-artifacts/phase0-main-audit/truthfulness-security-candidate-scan.txt	1229	Trailing whitespace is inside a quoted baseline/source excerpt retained in audit evidence; audit artifact only, not product source.
audit-artifacts/phase0-main-audit/truthfulness-security-candidate-scan.txt	1230	Trailing whitespace is inside a quoted baseline/source excerpt retained in audit evidence; audit artifact only, not product source.
audit-artifacts/phase0-main-audit/truthfulness-security-candidate-scan.txt	1231	Trailing whitespace is inside a quoted baseline/source excerpt retained in audit evidence; audit artifact only, not product source.
audit-artifacts/phase0-main-audit/truthfulness-security-candidate-scan.txt	1232	Trailing whitespace is inside a quoted baseline/source excerpt retained in audit evidence; audit artifact only, not product source.
audit-artifacts/phase0-main-audit/truthfulness-security-candidate-scan.txt	2153	Trailing whitespace is inside a quoted baseline/source excerpt retained in audit evidence; audit artifact only, not product source.
audit-artifacts/phase0-main-audit/truthfulness-security-candidate-scan.txt	2173	Trailing whitespace is inside a quoted baseline/source excerpt retained in audit evidence; audit artifact only, not product source.
audit-artifacts/phase0-main-audit/truthfulness-security-candidate-scan.txt	2436	Trailing whitespace is inside a quoted baseline/source excerpt retained in audit evidence; audit artifact only, not product source.
audit-artifacts/phase0-main-audit/truthfulness-security-candidate-scan.txt	2480	Trailing whitespace is inside a quoted baseline/source excerpt retained in audit evidence; audit artifact only, not product source.
audit-artifacts/phase0-main-audit/web_admin_dashboard-surface-index.txt	123	Trailing whitespace is inside a quoted baseline/source excerpt retained in audit evidence; audit artifact only, not product source.
audit-artifacts/phase0b-backend/semantic-evidence-admin-audit-log-schema.md	3	Trailing whitespace is inside a quoted baseline/source excerpt retained in audit evidence; audit artifact only, not product source.
audit-artifacts/phase0b-backend/semantic-evidence-admin-audit-log-schema.md	4	Trailing whitespace is inside a quoted baseline/source excerpt retained in audit evidence; audit artifact only, not product source.
audit-artifacts/phase0b-backend/semantic-evidence-admin-create-quotation-dto.md	3	Trailing whitespace is inside a quoted baseline/source excerpt retained in audit evidence; audit artifact only, not product source.
audit-artifacts/phase0b-backend/semantic-evidence-admin-create-quotation-dto.md	4	Trailing whitespace is inside a quoted baseline/source excerpt retained in audit evidence; audit artifact only, not product source.
audit-artifacts/phase0b-backend/semantic-evidence-admin-finance-controller.md	3	Trailing whitespace is inside a quoted baseline/source excerpt retained in audit evidence; audit artifact only, not product source.
audit-artifacts/phase0b-backend/semantic-evidence-admin-finance-controller.md	4	Trailing whitespace is inside a quoted baseline/source excerpt retained in audit evidence; audit artifact only, not product source.
audit-artifacts/phase0b-backend/semantic-evidence-admin-governance-controller-spec.md	3	Trailing whitespace is inside a quoted baseline/source excerpt retained in audit evidence; audit artifact only, not product source.
audit-artifacts/phase0b-backend/semantic-evidence-admin-governance-controller-spec.md	4	Trailing whitespace is inside a quoted baseline/source excerpt retained in audit evidence; audit artifact only, not product source.
audit-artifacts/phase0b-backend/semantic-evidence-admin-governance-controller.md	3	Trailing whitespace is inside a quoted baseline/source excerpt retained in audit evidence; audit artifact only, not product source.
audit-artifacts/phase0b-backend/semantic-evidence-admin-governance-controller.md	4	Trailing whitespace is inside a quoted baseline/source excerpt retained in audit evidence; audit artifact only, not product source.
audit-artifacts/phase0b-backend/semantic-evidence-admin-procurement-controller.md	3	Trailing whitespace is inside a quoted baseline/source excerpt retained in audit evidence; audit artifact only, not product source.
audit-artifacts/phase0b-backend/semantic-evidence-admin-procurement-controller.md	4	Trailing whitespace is inside a quoted baseline/source excerpt retained in audit evidence; audit artifact only, not product source.
audit-artifacts/phase0b-backend/semantic-evidence-admin-provider-delta-schema.md	3	Trailing whitespace is inside a quoted baseline/source excerpt retained in audit evidence; audit artifact only, not product source.
audit-artifacts/phase0b-backend/semantic-evidence-admin-provider-delta-schema.md	4	Trailing whitespace is inside a quoted baseline/source excerpt retained in audit evidence; audit artifact only, not product source.
audit-artifacts/phase0b-backend/semantic-evidence-analytics-event-schema.md	3	Trailing whitespace is inside a quoted baseline/source excerpt retained in audit evidence; audit artifact only, not product source.
audit-artifacts/phase0b-backend/semantic-evidence-analytics-event-schema.md	4	Trailing whitespace is inside a quoted baseline/source excerpt retained in audit evidence; audit artifact only, not product source.
audit-artifacts/phase0b-backend/semantic-evidence-appointments-controller.md	3	Trailing whitespace is inside a quoted baseline/source excerpt retained in audit evidence; audit artifact only, not product source.
audit-artifacts/phase0b-backend/semantic-evidence-appointments-controller.md	4	Trailing whitespace is inside a quoted baseline/source excerpt retained in audit evidence; audit artifact only, not product source.
audit-artifacts/phase0b-backend/semantic-evidence-appointments-service.md	3	Trailing whitespace is inside a quoted baseline/source excerpt retained in audit evidence; audit artifact only, not product source.
audit-artifacts/phase0b-backend/semantic-evidence-appointments-service.md	4	Trailing whitespace is inside a quoted baseline/source excerpt retained in audit evidence; audit artifact only, not product source.
audit-artifacts/phase0b-backend/semantic-evidence-assignment-strategy-service.md	3	Trailing whitespace is inside a quoted baseline/source excerpt retained in audit evidence; audit artifact only, not product source.
audit-artifacts/phase0b-backend/semantic-evidence-assignment-strategy-service.md	4	Trailing whitespace is inside a quoted baseline/source excerpt retained in audit evidence; audit artifact only, not product source.
audit-artifacts/phase0b-backend/semantic-evidence-audit-log-interceptor-spec.md	3	Trailing whitespace is inside a quoted baseline/source excerpt retained in audit evidence; audit artifact only, not product source.
audit-artifacts/phase0b-backend/semantic-evidence-audit-log-interceptor-spec.md	4	Trailing whitespace is inside a quoted baseline/source excerpt retained in audit evidence; audit artifact only, not product source.
audit-artifacts/phase0b-backend/semantic-evidence-audit-log-interceptor.md	3	Trailing whitespace is inside a quoted baseline/source excerpt retained in audit evidence; audit artifact only, not product source.
audit-artifacts/phase0b-backend/semantic-evidence-audit-log-interceptor.md	4	Trailing whitespace is inside a quoted baseline/source excerpt retained in audit evidence; audit artifact only, not product source.
audit-artifacts/phase0b-backend/semantic-evidence-audit-log-schema.md	3	Trailing whitespace is inside a quoted baseline/source excerpt retained in audit evidence; audit artifact only, not product source.
audit-artifacts/phase0b-backend/semantic-evidence-audit-log-schema.md	4	Trailing whitespace is inside a quoted baseline/source excerpt retained in audit evidence; audit artifact only, not product source.
audit-artifacts/phase0b-backend/semantic-evidence-audit-plugin.md	3	Trailing whitespace is inside a quoted baseline/source excerpt retained in audit evidence; audit artifact only, not product source.
audit-artifacts/phase0b-backend/semantic-evidence-audit-plugin.md	4	Trailing whitespace is inside a quoted baseline/source excerpt retained in audit evidence; audit artifact only, not product source.
audit-artifacts/phase0b-backend/semantic-evidence-auth-controller.md	3	Trailing whitespace is inside a quoted baseline/source excerpt retained in audit evidence; audit artifact only, not product source.
audit-artifacts/phase0b-backend/semantic-evidence-auth-controller.md	4	Trailing whitespace is inside a quoted baseline/source excerpt retained in audit evidence; audit artifact only, not product source.
audit-artifacts/phase0b-backend/semantic-evidence-auth-guard-spec.md	3	Trailing whitespace is inside a quoted baseline/source excerpt retained in audit evidence; audit artifact only, not product source.
audit-artifacts/phase0b-backend/semantic-evidence-auth-guard-spec.md	4	Trailing whitespace is inside a quoted baseline/source excerpt retained in audit evidence; audit artifact only, not product source.
audit-artifacts/phase0b-backend/semantic-evidence-auth-guard.md	3	Trailing whitespace is inside a quoted baseline/source excerpt retained in audit evidence; audit artifact only, not product source.
audit-artifacts/phase0b-backend/semantic-evidence-auth-guard.md	4	Trailing whitespace is inside a quoted baseline/source excerpt retained in audit evidence; audit artifact only, not product source.
audit-artifacts/phase0b-backend/semantic-evidence-auth-module.md	3	Trailing whitespace is inside a quoted baseline/source excerpt retained in audit evidence; audit artifact only, not product source.
audit-artifacts/phase0b-backend/semantic-evidence-auth-module.md	4	Trailing whitespace is inside a quoted baseline/source excerpt retained in audit evidence; audit artifact only, not product source.
audit-artifacts/phase0b-backend/semantic-evidence-auth-service-spec.md	3	Trailing whitespace is inside a quoted baseline/source excerpt retained in audit evidence; audit artifact only, not product source.
audit-artifacts/phase0b-backend/semantic-evidence-auth-service-spec.md	4	Trailing whitespace is inside a quoted baseline/source excerpt retained in audit evidence; audit artifact only, not product source.
audit-artifacts/phase0b-backend/semantic-evidence-auth-service.md	3	Trailing whitespace is inside a quoted baseline/source excerpt retained in audit evidence; audit artifact only, not product source.
audit-artifacts/phase0b-backend/semantic-evidence-auth-service.md	4	Trailing whitespace is inside a quoted baseline/source excerpt retained in audit evidence; audit artifact only, not product source.
audit-artifacts/phase0b-backend/semantic-evidence-base-repository.md	3	Trailing whitespace is inside a quoted baseline/source excerpt retained in audit evidence; audit artifact only, not product source.
audit-artifacts/phase0b-backend/semantic-evidence-base-repository.md	4	Trailing whitespace is inside a quoted baseline/source excerpt retained in audit evidence; audit artifact only, not product source.
audit-artifacts/phase0b-backend/semantic-evidence-commission-ledger-schema.md	3	Trailing whitespace is inside a quoted baseline/source excerpt retained in audit evidence; audit artifact only, not product source.
audit-artifacts/phase0b-backend/semantic-evidence-commission-ledger-schema.md	4	Trailing whitespace is inside a quoted baseline/source excerpt retained in audit evidence; audit artifact only, not product source.
audit-artifacts/phase0b-backend/semantic-evidence-common-enums.md	3	Trailing whitespace is inside a quoted baseline/source excerpt retained in audit evidence; audit artifact only, not product source.
audit-artifacts/phase0b-backend/semantic-evidence-common-enums.md	4	Trailing whitespace is inside a quoted baseline/source excerpt retained in audit evidence; audit artifact only, not product source.
audit-artifacts/phase0b-backend/semantic-evidence-correlation-middleware.md	3	Trailing whitespace is inside a quoted baseline/source excerpt retained in audit evidence; audit artifact only, not product source.
audit-artifacts/phase0b-backend/semantic-evidence-correlation-middleware.md	4	Trailing whitespace is inside a quoted baseline/source excerpt retained in audit evidence; audit artifact only, not product source.
audit-artifacts/phase0b-backend/semantic-evidence-create-order-dto.md	3	Trailing whitespace is inside a quoted baseline/source excerpt retained in audit evidence; audit artifact only, not product source.
audit-artifacts/phase0b-backend/semantic-evidence-create-order-dto.md	4	Trailing whitespace is inside a quoted baseline/source excerpt retained in audit evidence; audit artifact only, not product source.
audit-artifacts/phase0b-backend/semantic-evidence-create-procurement-request-dto.md	3	Trailing whitespace is inside a quoted baseline/source excerpt retained in audit evidence; audit artifact only, not product source.
audit-artifacts/phase0b-backend/semantic-evidence-create-procurement-request-dto.md	4	Trailing whitespace is inside a quoted baseline/source excerpt retained in audit evidence; audit artifact only, not product source.
audit-artifacts/phase0b-backend/semantic-evidence-delivery-repository.md	3	Trailing whitespace is inside a quoted baseline/source excerpt retained in audit evidence; audit artifact only, not product source.
audit-artifacts/phase0b-backend/semantic-evidence-delivery-repository.md	4	Trailing whitespace is inside a quoted baseline/source excerpt retained in audit evidence; audit artifact only, not product source.
audit-artifacts/phase0b-backend/semantic-evidence-device-limit-guard.md	3	Trailing whitespace is inside a quoted baseline/source excerpt retained in audit evidence; audit artifact only, not product source.
audit-artifacts/phase0b-backend/semantic-evidence-device-limit-guard.md	4	Trailing whitespace is inside a quoted baseline/source excerpt retained in audit evidence; audit artifact only, not product source.
audit-artifacts/phase0b-backend/semantic-evidence-device-trust-service.md	3	Trailing whitespace is inside a quoted baseline/source excerpt retained in audit evidence; audit artifact only, not product source.
audit-artifacts/phase0b-backend/semantic-evidence-device-trust-service.md	4	Trailing whitespace is inside a quoted baseline/source excerpt retained in audit evidence; audit artifact only, not product source.
audit-artifacts/phase0b-backend/semantic-evidence-doctor-profile-extended-schema.md	3	Trailing whitespace is inside a quoted baseline/source excerpt retained in audit evidence; audit artifact only, not product source.
audit-artifacts/phase0b-backend/semantic-evidence-doctor-profile-extended-schema.md	4	Trailing whitespace is inside a quoted baseline/source excerpt retained in audit evidence; audit artifact only, not product source.
audit-artifacts/phase0b-backend/semantic-evidence-doctor-session-type-repository.md	3	Trailing whitespace is inside a quoted baseline/source excerpt retained in audit evidence; audit artifact only, not product source.
audit-artifacts/phase0b-backend/semantic-evidence-doctor-session-type-repository.md	4	Trailing whitespace is inside a quoted baseline/source excerpt retained in audit evidence; audit artifact only, not product source.
audit-artifacts/phase0b-backend/semantic-evidence-drug-rejection-log-repository.md	3	Trailing whitespace is inside a quoted baseline/source excerpt retained in audit evidence; audit artifact only, not product source.
audit-artifacts/phase0b-backend/semantic-evidence-drug-rejection-log-repository.md	4	Trailing whitespace is inside a quoted baseline/source excerpt retained in audit evidence; audit artifact only, not product source.
audit-artifacts/phase0b-backend/semantic-evidence-drug-shortage-flag-repository.md	3	Trailing whitespace is inside a quoted baseline/source excerpt retained in audit evidence; audit artifact only, not product source.
audit-artifacts/phase0b-backend/semantic-evidence-drug-shortage-flag-repository.md	4	Trailing whitespace is inside a quoted baseline/source excerpt retained in audit evidence; audit artifact only, not product source.
audit-artifacts/phase0b-backend/semantic-evidence-finance-engine-module.md	3	Trailing whitespace is inside a quoted baseline/source excerpt retained in audit evidence; audit artifact only, not product source.
audit-artifacts/phase0b-backend/semantic-evidence-finance-engine-module.md	4	Trailing whitespace is inside a quoted baseline/source excerpt retained in audit evidence; audit artifact only, not product source.
audit-artifacts/phase0b-backend/semantic-evidence-fraud-alert-duplicate-schemas.md	3	Trailing whitespace is inside a quoted baseline/source excerpt retained in audit evidence; audit artifact only, not product source.
audit-artifacts/phase0b-backend/semantic-evidence-geo-engine-service.md	3	Trailing whitespace is inside a quoted baseline/source excerpt retained in audit evidence; audit artifact only, not product source.
audit-artifacts/phase0b-backend/semantic-evidence-geo-engine-service.md	4	Trailing whitespace is inside a quoted baseline/source excerpt retained in audit evidence; audit artifact only, not product source.
audit-artifacts/phase0b-backend/semantic-evidence-health-controller.md	3	Trailing whitespace is inside a quoted baseline/source excerpt retained in audit evidence; audit artifact only, not product source.
audit-artifacts/phase0b-backend/semantic-evidence-health-controller.md	4	Trailing whitespace is inside a quoted baseline/source excerpt retained in audit evidence; audit artifact only, not product source.
audit-artifacts/phase0b-backend/semantic-evidence-homecare-catalog-repository.md	3	Trailing whitespace is inside a quoted baseline/source excerpt retained in audit evidence; audit artifact only, not product source.
audit-artifacts/phase0b-backend/semantic-evidence-homecare-catalog-repository.md	4	Trailing whitespace is inside a quoted baseline/source excerpt retained in audit evidence; audit artifact only, not product source.
audit-artifacts/phase0b-backend/semantic-evidence-homecare-controller.md	3	Trailing whitespace is inside a quoted baseline/source excerpt retained in audit evidence; audit artifact only, not product source.
audit-artifacts/phase0b-backend/semantic-evidence-homecare-controller.md	4	Trailing whitespace is inside a quoted baseline/source excerpt retained in audit evidence; audit artifact only, not product source.
audit-artifacts/phase0b-backend/semantic-evidence-hospital-enterprise-controller.md	3	Trailing whitespace is inside a quoted baseline/source excerpt retained in audit evidence; audit artifact only, not product source.
audit-artifacts/phase0b-backend/semantic-evidence-hospital-enterprise-controller.md	4	Trailing whitespace is inside a quoted baseline/source excerpt retained in audit evidence; audit artifact only, not product source.
audit-artifacts/phase0b-backend/semantic-evidence-hospital-sub-entity-schema.md	3	Trailing whitespace is inside a quoted baseline/source excerpt retained in audit evidence; audit artifact only, not product source.
audit-artifacts/phase0b-backend/semantic-evidence-hospital-sub-entity-schema.md	4	Trailing whitespace is inside a quoted baseline/source excerpt retained in audit evidence; audit artifact only, not product source.
audit-artifacts/phase0b-backend/semantic-evidence-idempotency-interceptor.md	3	Trailing whitespace is inside a quoted baseline/source excerpt retained in audit evidence; audit artifact only, not product source.
audit-artifacts/phase0b-backend/semantic-evidence-idempotency-interceptor.md	4	Trailing whitespace is inside a quoted baseline/source excerpt retained in audit evidence; audit artifact only, not product source.
audit-artifacts/phase0b-backend/semantic-evidence-idempotency-spec.md	3	Trailing whitespace is inside a quoted baseline/source excerpt retained in audit evidence; audit artifact only, not product source.
audit-artifacts/phase0b-backend/semantic-evidence-idempotency-spec.md	4	Trailing whitespace is inside a quoted baseline/source excerpt retained in audit evidence; audit artifact only, not product source.
audit-artifacts/phase0b-backend/semantic-evidence-image-processing-job-repository.md	3	Trailing whitespace is inside a quoted baseline/source excerpt retained in audit evidence; audit artifact only, not product source.
audit-artifacts/phase0b-backend/semantic-evidence-image-processing-job-repository.md	4	Trailing whitespace is inside a quoted baseline/source excerpt retained in audit evidence; audit artifact only, not product source.
audit-artifacts/phase0b-backend/semantic-evidence-lab-booking-schema.md	3	Trailing whitespace is inside a quoted baseline/source excerpt retained in audit evidence; audit artifact only, not product source.
audit-artifacts/phase0b-backend/semantic-evidence-lab-booking-schema.md	4	Trailing whitespace is inside a quoted baseline/source excerpt retained in audit evidence; audit artifact only, not product source.
audit-artifacts/phase0b-backend/semantic-evidence-lab-catalog-repository.md	3	Trailing whitespace is inside a quoted baseline/source excerpt retained in audit evidence; audit artifact only, not product source.
audit-artifacts/phase0b-backend/semantic-evidence-lab-catalog-repository.md	4	Trailing whitespace is inside a quoted baseline/source excerpt retained in audit evidence; audit artifact only, not product source.
audit-artifacts/phase0b-backend/semantic-evidence-lab-catalog-schema.md	3	Trailing whitespace is inside a quoted baseline/source excerpt retained in audit evidence; audit artifact only, not product source.
audit-artifacts/phase0b-backend/semantic-evidence-lab-catalog-schema.md	4	Trailing whitespace is inside a quoted baseline/source excerpt retained in audit evidence; audit artifact only, not product source.
audit-artifacts/phase0b-backend/semantic-evidence-lab-pdf-service.md	3	Trailing whitespace is inside a quoted baseline/source excerpt retained in audit evidence; audit artifact only, not product source.
audit-artifacts/phase0b-backend/semantic-evidence-lab-pdf-service.md	4	Trailing whitespace is inside a quoted baseline/source excerpt retained in audit evidence; audit artifact only, not product source.
audit-artifacts/phase0b-backend/semantic-evidence-lab-results-controller.md	3	Trailing whitespace is inside a quoted baseline/source excerpt retained in audit evidence; audit artifact only, not product source.
audit-artifacts/phase0b-backend/semantic-evidence-lab-results-controller.md	4	Trailing whitespace is inside a quoted baseline/source excerpt retained in audit evidence; audit artifact only, not product source.
audit-artifacts/phase0b-backend/semantic-evidence-lab-results-service-spec.md	3	Trailing whitespace is inside a quoted baseline/source excerpt retained in audit evidence; audit artifact only, not product source.
audit-artifacts/phase0b-backend/semantic-evidence-lab-results-service-spec.md	4	Trailing whitespace is inside a quoted baseline/source excerpt retained in audit evidence; audit artifact only, not product source.
audit-artifacts/phase0b-backend/semantic-evidence-lab-results-service.md	3	Trailing whitespace is inside a quoted baseline/source excerpt retained in audit evidence; audit artifact only, not product source.
audit-artifacts/phase0b-backend/semantic-evidence-lab-results-service.md	4	Trailing whitespace is inside a quoted baseline/source excerpt retained in audit evidence; audit artifact only, not product source.
audit-artifacts/phase0b-backend/semantic-evidence-labbooking-repository.md	3	Trailing whitespace is inside a quoted baseline/source excerpt retained in audit evidence; audit artifact only, not product source.
audit-artifacts/phase0b-backend/semantic-evidence-labbooking-repository.md	4	Trailing whitespace is inside a quoted baseline/source excerpt retained in audit evidence; audit artifact only, not product source.
audit-artifacts/phase0b-backend/semantic-evidence-labresult-repository.md	3	Trailing whitespace is inside a quoted baseline/source excerpt retained in audit evidence; audit artifact only, not product source.
audit-artifacts/phase0b-backend/semantic-evidence-labresult-repository.md	4	Trailing whitespace is inside a quoted baseline/source excerpt retained in audit evidence; audit artifact only, not product source.
audit-artifacts/phase0b-backend/semantic-evidence-labs-controller.md	3	Trailing whitespace is inside a quoted baseline/source excerpt retained in audit evidence; audit artifact only, not product source.
audit-artifacts/phase0b-backend/semantic-evidence-labs-controller.md	4	Trailing whitespace is inside a quoted baseline/source excerpt retained in audit evidence; audit artifact only, not product source.
audit-artifacts/phase0b-backend/semantic-evidence-labs-engine-controller.md	3	Trailing whitespace is inside a quoted baseline/source excerpt retained in audit evidence; audit artifact only, not product source.
audit-artifacts/phase0b-backend/semantic-evidence-labs-engine-controller.md	4	Trailing whitespace is inside a quoted baseline/source excerpt retained in audit evidence; audit artifact only, not product source.
audit-artifacts/phase0b-backend/semantic-evidence-labs-module.md	3	Trailing whitespace is inside a quoted baseline/source excerpt retained in audit evidence; audit artifact only, not product source.
audit-artifacts/phase0b-backend/semantic-evidence-labs-module.md	4	Trailing whitespace is inside a quoted baseline/source excerpt retained in audit evidence; audit artifact only, not product source.
audit-artifacts/phase0b-backend/semantic-evidence-labs-seed.md	3	Trailing whitespace is inside a quoted baseline/source excerpt retained in audit evidence; audit artifact only, not product source.
audit-artifacts/phase0b-backend/semantic-evidence-labs-seed.md	4	Trailing whitespace is inside a quoted baseline/source excerpt retained in audit evidence; audit artifact only, not product source.
audit-artifacts/phase0b-backend/semantic-evidence-labs-service-spec.md	3	Trailing whitespace is inside a quoted baseline/source excerpt retained in audit evidence; audit artifact only, not product source.
audit-artifacts/phase0b-backend/semantic-evidence-labs-service-spec.md	4	Trailing whitespace is inside a quoted baseline/source excerpt retained in audit evidence; audit artifact only, not product source.
audit-artifacts/phase0b-backend/semantic-evidence-labs-service.md	3	Trailing whitespace is inside a quoted baseline/source excerpt retained in audit evidence; audit artifact only, not product source.
audit-artifacts/phase0b-backend/semantic-evidence-labs-service.md	4	Trailing whitespace is inside a quoted baseline/source excerpt retained in audit evidence; audit artifact only, not product source.
audit-artifacts/phase0b-backend/semantic-evidence-labsample-repository.md	3	Trailing whitespace is inside a quoted baseline/source excerpt retained in audit evidence; audit artifact only, not product source.
audit-artifacts/phase0b-backend/semantic-evidence-labsample-repository.md	4	Trailing whitespace is inside a quoted baseline/source excerpt retained in audit evidence; audit artifact only, not product source.
audit-artifacts/phase0b-backend/semantic-evidence-labservice-repository.md	3	Trailing whitespace is inside a quoted baseline/source excerpt retained in audit evidence; audit artifact only, not product source.
audit-artifacts/phase0b-backend/semantic-evidence-labservice-repository.md	4	Trailing whitespace is inside a quoted baseline/source excerpt retained in audit evidence; audit artifact only, not product source.
audit-artifacts/phase0b-backend/semantic-evidence-leave-requests-controller.md	3	Trailing whitespace is inside a quoted baseline/source excerpt retained in audit evidence; audit artifact only, not product source.
audit-artifacts/phase0b-backend/semantic-evidence-leave-requests-controller.md	4	Trailing whitespace is inside a quoted baseline/source excerpt retained in audit evidence; audit artifact only, not product source.
audit-artifacts/phase0b-backend/semantic-evidence-medical-profile-schema.md	3	Trailing whitespace is inside a quoted baseline/source excerpt retained in audit evidence; audit artifact only, not product source.
audit-artifacts/phase0b-backend/semantic-evidence-medical-profile-schema.md	4	Trailing whitespace is inside a quoted baseline/source excerpt retained in audit evidence; audit artifact only, not product source.
audit-artifacts/phase0b-backend/semantic-evidence-medicines-controller.md	3	Trailing whitespace is inside a quoted baseline/source excerpt retained in audit evidence; audit artifact only, not product source.
audit-artifacts/phase0b-backend/semantic-evidence-medicines-controller.md	4	Trailing whitespace is inside a quoted baseline/source excerpt retained in audit evidence; audit artifact only, not product source.
audit-artifacts/phase0b-backend/semantic-evidence-medicines-module.md	3	Trailing whitespace is inside a quoted baseline/source excerpt retained in audit evidence; audit artifact only, not product source.
audit-artifacts/phase0b-backend/semantic-evidence-medicines-module.md	4	Trailing whitespace is inside a quoted baseline/source excerpt retained in audit evidence; audit artifact only, not product source.
audit-artifacts/phase0b-backend/semantic-evidence-medicines-service.md	3	Trailing whitespace is inside a quoted baseline/source excerpt retained in audit evidence; audit artifact only, not product source.
audit-artifacts/phase0b-backend/semantic-evidence-medicines-service.md	4	Trailing whitespace is inside a quoted baseline/source excerpt retained in audit evidence; audit artifact only, not product source.
audit-artifacts/phase0b-backend/semantic-evidence-mongo-repository.md	3	Trailing whitespace is inside a quoted baseline/source excerpt retained in audit evidence; audit artifact only, not product source.
audit-artifacts/phase0b-backend/semantic-evidence-mongo-repository.md	4	Trailing whitespace is inside a quoted baseline/source excerpt retained in audit evidence; audit artifact only, not product source.
audit-artifacts/phase0b-backend/semantic-evidence-moyasar-module.md	3	Trailing whitespace is inside a quoted baseline/source excerpt retained in audit evidence; audit artifact only, not product source.
audit-artifacts/phase0b-backend/semantic-evidence-moyasar-module.md	4	Trailing whitespace is inside a quoted baseline/source excerpt retained in audit evidence; audit artifact only, not product source.
audit-artifacts/phase0b-backend/semantic-evidence-moyasar-service.md	3	Trailing whitespace is inside a quoted baseline/source excerpt retained in audit evidence; audit artifact only, not product source.
audit-artifacts/phase0b-backend/semantic-evidence-moyasar-service.md	4	Trailing whitespace is inside a quoted baseline/source excerpt retained in audit evidence; audit artifact only, not product source.
audit-artifacts/phase0b-backend/semantic-evidence-nabd-extensions-service-controller.md	3	Trailing whitespace is inside a quoted baseline/source excerpt retained in audit evidence; audit artifact only, not product source.
audit-artifacts/phase0b-backend/semantic-evidence-nabd-extensions-wallet-repository.md	3	Trailing whitespace is inside a quoted baseline/source excerpt retained in audit evidence; audit artifact only, not product source.
audit-artifacts/phase0b-backend/semantic-evidence-nabd-extensions-wallet-repository.md	4	Trailing whitespace is inside a quoted baseline/source excerpt retained in audit evidence; audit artifact only, not product source.
audit-artifacts/phase0b-backend/semantic-evidence-nabd-extensions-wallet-transaction-repository.md	3	Trailing whitespace is inside a quoted baseline/source excerpt retained in audit evidence; audit artifact only, not product source.
audit-artifacts/phase0b-backend/semantic-evidence-nabd-extensions-wallet-transaction-repository.md	4	Trailing whitespace is inside a quoted baseline/source excerpt retained in audit evidence; audit artifact only, not product source.
audit-artifacts/phase0b-backend/semantic-evidence-order-repository.md	3	Trailing whitespace is inside a quoted baseline/source excerpt retained in audit evidence; audit artifact only, not product source.
audit-artifacts/phase0b-backend/semantic-evidence-order-repository.md	4	Trailing whitespace is inside a quoted baseline/source excerpt retained in audit evidence; audit artifact only, not product source.
audit-artifacts/phase0b-backend/semantic-evidence-orders-controller.md	3	Trailing whitespace is inside a quoted baseline/source excerpt retained in audit evidence; audit artifact only, not product source.
audit-artifacts/phase0b-backend/semantic-evidence-orders-controller.md	4	Trailing whitespace is inside a quoted baseline/source excerpt retained in audit evidence; audit artifact only, not product source.
audit-artifacts/phase0b-backend/semantic-evidence-orders-dispatch-service.md	3	Trailing whitespace is inside a quoted baseline/source excerpt retained in audit evidence; audit artifact only, not product source.
audit-artifacts/phase0b-backend/semantic-evidence-orders-dispatch-service.md	4	Trailing whitespace is inside a quoted baseline/source excerpt retained in audit evidence; audit artifact only, not product source.
audit-artifacts/phase0b-backend/semantic-evidence-orders-idempotency-contract-spec.md	3	Trailing whitespace is inside a quoted baseline/source excerpt retained in audit evidence; audit artifact only, not product source.
audit-artifacts/phase0b-backend/semantic-evidence-orders-idempotency-contract-spec.md	4	Trailing whitespace is inside a quoted baseline/source excerpt retained in audit evidence; audit artifact only, not product source.
audit-artifacts/phase0b-backend/semantic-evidence-orders-medicine-repository.md	3	Trailing whitespace is inside a quoted baseline/source excerpt retained in audit evidence; audit artifact only, not product source.
audit-artifacts/phase0b-backend/semantic-evidence-orders-medicine-repository.md	4	Trailing whitespace is inside a quoted baseline/source excerpt retained in audit evidence; audit artifact only, not product source.
audit-artifacts/phase0b-backend/semantic-evidence-orders-module.md	3	Trailing whitespace is inside a quoted baseline/source excerpt retained in audit evidence; audit artifact only, not product source.
audit-artifacts/phase0b-backend/semantic-evidence-orders-module.md	4	Trailing whitespace is inside a quoted baseline/source excerpt retained in audit evidence; audit artifact only, not product source.
audit-artifacts/phase0b-backend/semantic-evidence-orders-ownership-contract-spec.md	3	Trailing whitespace is inside a quoted baseline/source excerpt retained in audit evidence; audit artifact only, not product source.
audit-artifacts/phase0b-backend/semantic-evidence-orders-ownership-contract-spec.md	4	Trailing whitespace is inside a quoted baseline/source excerpt retained in audit evidence; audit artifact only, not product source.
audit-artifacts/phase0b-backend/semantic-evidence-orders-pharmacy-inventory-repository.md	3	Trailing whitespace is inside a quoted baseline/source excerpt retained in audit evidence; audit artifact only, not product source.
audit-artifacts/phase0b-backend/semantic-evidence-orders-pharmacy-inventory-repository.md	4	Trailing whitespace is inside a quoted baseline/source excerpt retained in audit evidence; audit artifact only, not product source.
audit-artifacts/phase0b-backend/semantic-evidence-orders-providerprofile-repository.md	3	Trailing whitespace is inside a quoted baseline/source excerpt retained in audit evidence; audit artifact only, not product source.
audit-artifacts/phase0b-backend/semantic-evidence-orders-providerprofile-repository.md	4	Trailing whitespace is inside a quoted baseline/source excerpt retained in audit evidence; audit artifact only, not product source.
audit-artifacts/phase0b-backend/semantic-evidence-orders-refill-delivery-spec.md	3	Trailing whitespace is inside a quoted baseline/source excerpt retained in audit evidence; audit artifact only, not product source.
audit-artifacts/phase0b-backend/semantic-evidence-orders-refill-delivery-spec.md	4	Trailing whitespace is inside a quoted baseline/source excerpt retained in audit evidence; audit artifact only, not product source.
audit-artifacts/phase0b-backend/semantic-evidence-orders-service-spec.md	3	Trailing whitespace is inside a quoted baseline/source excerpt retained in audit evidence; audit artifact only, not product source.
audit-artifacts/phase0b-backend/semantic-evidence-orders-service-spec.md	4	Trailing whitespace is inside a quoted baseline/source excerpt retained in audit evidence; audit artifact only, not product source.
audit-artifacts/phase0b-backend/semantic-evidence-orders-service.md	3	Trailing whitespace is inside a quoted baseline/source excerpt retained in audit evidence; audit artifact only, not product source.
audit-artifacts/phase0b-backend/semantic-evidence-orders-service.md	4	Trailing whitespace is inside a quoted baseline/source excerpt retained in audit evidence; audit artifact only, not product source.
audit-artifacts/phase0b-backend/semantic-evidence-passkey-controller.md	3	Trailing whitespace is inside a quoted baseline/source excerpt retained in audit evidence; audit artifact only, not product source.
audit-artifacts/phase0b-backend/semantic-evidence-passkey-controller.md	4	Trailing whitespace is inside a quoted baseline/source excerpt retained in audit evidence; audit artifact only, not product source.
audit-artifacts/phase0b-backend/semantic-evidence-passkey-service.md	3	Trailing whitespace is inside a quoted baseline/source excerpt retained in audit evidence; audit artifact only, not product source.
audit-artifacts/phase0b-backend/semantic-evidence-passkey-service.md	4	Trailing whitespace is inside a quoted baseline/source excerpt retained in audit evidence; audit artifact only, not product source.
audit-artifacts/phase0b-backend/semantic-evidence-patient-pharmacy-controller.md	3	Trailing whitespace is inside a quoted baseline/source excerpt retained in audit evidence; audit artifact only, not product source.
audit-artifacts/phase0b-backend/semantic-evidence-patient-pharmacy-controller.md	4	Trailing whitespace is inside a quoted baseline/source excerpt retained in audit evidence; audit artifact only, not product source.
audit-artifacts/phase0b-backend/semantic-evidence-patient-profile-schema.md	3	Trailing whitespace is inside a quoted baseline/source excerpt retained in audit evidence; audit artifact only, not product source.
audit-artifacts/phase0b-backend/semantic-evidence-patient-profile-schema.md	4	Trailing whitespace is inside a quoted baseline/source excerpt retained in audit evidence; audit artifact only, not product source.
audit-artifacts/phase0b-backend/semantic-evidence-patient-web-auth-contract-spec.md	3	Trailing whitespace is inside a quoted baseline/source excerpt retained in audit evidence; audit artifact only, not product source.
audit-artifacts/phase0b-backend/semantic-evidence-patient-web-auth-contract-spec.md	4	Trailing whitespace is inside a quoted baseline/source excerpt retained in audit evidence; audit artifact only, not product source.
audit-artifacts/phase0b-backend/semantic-evidence-payments-idor-spec.md	3	Trailing whitespace is inside a quoted baseline/source excerpt retained in audit evidence; audit artifact only, not product source.
audit-artifacts/phase0b-backend/semantic-evidence-payments-idor-spec.md	4	Trailing whitespace is inside a quoted baseline/source excerpt retained in audit evidence; audit artifact only, not product source.
audit-artifacts/phase0b-backend/semantic-evidence-payments-module.md	3	Trailing whitespace is inside a quoted baseline/source excerpt retained in audit evidence; audit artifact only, not product source.
audit-artifacts/phase0b-backend/semantic-evidence-payments-module.md	4	Trailing whitespace is inside a quoted baseline/source excerpt retained in audit evidence; audit artifact only, not product source.
audit-artifacts/phase0b-backend/semantic-evidence-paymob-controller.md	3	Trailing whitespace is inside a quoted baseline/source excerpt retained in audit evidence; audit artifact only, not product source.
audit-artifacts/phase0b-backend/semantic-evidence-paymob-controller.md	4	Trailing whitespace is inside a quoted baseline/source excerpt retained in audit evidence; audit artifact only, not product source.
audit-artifacts/phase0b-backend/semantic-evidence-paymob-module.md	3	Trailing whitespace is inside a quoted baseline/source excerpt retained in audit evidence; audit artifact only, not product source.
audit-artifacts/phase0b-backend/semantic-evidence-paymob-module.md	4	Trailing whitespace is inside a quoted baseline/source excerpt retained in audit evidence; audit artifact only, not product source.
audit-artifacts/phase0b-backend/semantic-evidence-paymob-service.md	3	Trailing whitespace is inside a quoted baseline/source excerpt retained in audit evidence; audit artifact only, not product source.
audit-artifacts/phase0b-backend/semantic-evidence-paymob-service.md	4	Trailing whitespace is inside a quoted baseline/source excerpt retained in audit evidence; audit artifact only, not product source.
audit-artifacts/phase0b-backend/semantic-evidence-permissions.md	3	Trailing whitespace is inside a quoted baseline/source excerpt retained in audit evidence; audit artifact only, not product source.
audit-artifacts/phase0b-backend/semantic-evidence-permissions.md	4	Trailing whitespace is inside a quoted baseline/source excerpt retained in audit evidence; audit artifact only, not product source.
audit-artifacts/phase0b-backend/semantic-evidence-pharmacy-allocation-repository.md	3	Trailing whitespace is inside a quoted baseline/source excerpt retained in audit evidence; audit artifact only, not product source.
audit-artifacts/phase0b-backend/semantic-evidence-pharmacy-allocation-repository.md	4	Trailing whitespace is inside a quoted baseline/source excerpt retained in audit evidence; audit artifact only, not product source.
audit-artifacts/phase0b-backend/semantic-evidence-pharmacy-allocation-service.md	3	Trailing whitespace is inside a quoted baseline/source excerpt retained in audit evidence; audit artifact only, not product source.
audit-artifacts/phase0b-backend/semantic-evidence-pharmacy-allocation-service.md	4	Trailing whitespace is inside a quoted baseline/source excerpt retained in audit evidence; audit artifact only, not product source.
audit-artifacts/phase0b-backend/semantic-evidence-pharmacy-bid-repository.md	3	Trailing whitespace is inside a quoted baseline/source excerpt retained in audit evidence; audit artifact only, not product source.
audit-artifacts/phase0b-backend/semantic-evidence-pharmacy-bid-repository.md	4	Trailing whitespace is inside a quoted baseline/source excerpt retained in audit evidence; audit artifact only, not product source.
audit-artifacts/phase0b-backend/semantic-evidence-pharmacy-broadcast-repository.md	3	Trailing whitespace is inside a quoted baseline/source excerpt retained in audit evidence; audit artifact only, not product source.
audit-artifacts/phase0b-backend/semantic-evidence-pharmacy-broadcast-repository.md	4	Trailing whitespace is inside a quoted baseline/source excerpt retained in audit evidence; audit artifact only, not product source.
audit-artifacts/phase0b-backend/semantic-evidence-pharmacy-broadcast-service-spec.md	3	Trailing whitespace is inside a quoted baseline/source excerpt retained in audit evidence; audit artifact only, not product source.
audit-artifacts/phase0b-backend/semantic-evidence-pharmacy-broadcast-service-spec.md	4	Trailing whitespace is inside a quoted baseline/source excerpt retained in audit evidence; audit artifact only, not product source.
audit-artifacts/phase0b-backend/semantic-evidence-pharmacy-broadcast-service.md	3	Trailing whitespace is inside a quoted baseline/source excerpt retained in audit evidence; audit artifact only, not product source.
audit-artifacts/phase0b-backend/semantic-evidence-pharmacy-broadcast-service.md	4	Trailing whitespace is inside a quoted baseline/source excerpt retained in audit evidence; audit artifact only, not product source.
audit-artifacts/phase0b-backend/semantic-evidence-pharmacy-chat-message-repository.md	3	Trailing whitespace is inside a quoted baseline/source excerpt retained in audit evidence; audit artifact only, not product source.
audit-artifacts/phase0b-backend/semantic-evidence-pharmacy-chat-message-repository.md	4	Trailing whitespace is inside a quoted baseline/source excerpt retained in audit evidence; audit artifact only, not product source.
audit-artifacts/phase0b-backend/semantic-evidence-pharmacy-chat-service.md	3	Trailing whitespace is inside a quoted baseline/source excerpt retained in audit evidence; audit artifact only, not product source.
audit-artifacts/phase0b-backend/semantic-evidence-pharmacy-chat-service.md	4	Trailing whitespace is inside a quoted baseline/source excerpt retained in audit evidence; audit artifact only, not product source.
audit-artifacts/phase0b-backend/semantic-evidence-pharmacy-chat-thread-repository.md	3	Trailing whitespace is inside a quoted baseline/source excerpt retained in audit evidence; audit artifact only, not product source.
audit-artifacts/phase0b-backend/semantic-evidence-pharmacy-chat-thread-repository.md	4	Trailing whitespace is inside a quoted baseline/source excerpt retained in audit evidence; audit artifact only, not product source.
audit-artifacts/phase0b-backend/semantic-evidence-pharmacy-controllers-spec.md	3	Trailing whitespace is inside a quoted baseline/source excerpt retained in audit evidence; audit artifact only, not product source.
audit-artifacts/phase0b-backend/semantic-evidence-pharmacy-controllers-spec.md	4	Trailing whitespace is inside a quoted baseline/source excerpt retained in audit evidence; audit artifact only, not product source.
audit-artifacts/phase0b-backend/semantic-evidence-pharmacy-controllers.md	3	Trailing whitespace is inside a quoted baseline/source excerpt retained in audit evidence; audit artifact only, not product source.
audit-artifacts/phase0b-backend/semantic-evidence-pharmacy-controllers.md	4	Trailing whitespace is inside a quoted baseline/source excerpt retained in audit evidence; audit artifact only, not product source.
audit-artifacts/phase0b-backend/semantic-evidence-pharmacy-inventory-ext-service.md	3	Trailing whitespace is inside a quoted baseline/source excerpt retained in audit evidence; audit artifact only, not product source.
audit-artifacts/phase0b-backend/semantic-evidence-pharmacy-inventory-ext-service.md	4	Trailing whitespace is inside a quoted baseline/source excerpt retained in audit evidence; audit artifact only, not product source.
audit-artifacts/phase0b-backend/semantic-evidence-pharmacy-inventory-item-repository.md	3	Trailing whitespace is inside a quoted baseline/source excerpt retained in audit evidence; audit artifact only, not product source.
audit-artifacts/phase0b-backend/semantic-evidence-pharmacy-inventory-item-repository.md	4	Trailing whitespace is inside a quoted baseline/source excerpt retained in audit evidence; audit artifact only, not product source.
audit-artifacts/phase0b-backend/semantic-evidence-pharmacy-inventory-repository.md	3	Trailing whitespace is inside a quoted baseline/source excerpt retained in audit evidence; audit artifact only, not product source.
audit-artifacts/phase0b-backend/semantic-evidence-pharmacy-inventory-repository.md	4	Trailing whitespace is inside a quoted baseline/source excerpt retained in audit evidence; audit artifact only, not product source.
audit-artifacts/phase0b-backend/semantic-evidence-pharmacy-low-stock-alert-repository.md	3	Trailing whitespace is inside a quoted baseline/source excerpt retained in audit evidence; audit artifact only, not product source.
audit-artifacts/phase0b-backend/semantic-evidence-pharmacy-low-stock-alert-repository.md	4	Trailing whitespace is inside a quoted baseline/source excerpt retained in audit evidence; audit artifact only, not product source.
audit-artifacts/phase0b-backend/semantic-evidence-pharmacy-medicine-repository.md	3	Trailing whitespace is inside a quoted baseline/source excerpt retained in audit evidence; audit artifact only, not product source.
audit-artifacts/phase0b-backend/semantic-evidence-pharmacy-medicine-repository.md	4	Trailing whitespace is inside a quoted baseline/source excerpt retained in audit evidence; audit artifact only, not product source.
audit-artifacts/phase0b-backend/semantic-evidence-pharmacy-module.md	3	Trailing whitespace is inside a quoted baseline/source excerpt retained in audit evidence; audit artifact only, not product source.
audit-artifacts/phase0b-backend/semantic-evidence-pharmacy-module.md	4	Trailing whitespace is inside a quoted baseline/source excerpt retained in audit evidence; audit artifact only, not product source.
audit-artifacts/phase0b-backend/semantic-evidence-pharmacy-notification-service.md	3	Trailing whitespace is inside a quoted baseline/source excerpt retained in audit evidence; audit artifact only, not product source.
audit-artifacts/phase0b-backend/semantic-evidence-pharmacy-notification-service.md	4	Trailing whitespace is inside a quoted baseline/source excerpt retained in audit evidence; audit artifact only, not product source.
audit-artifacts/phase0b-backend/semantic-evidence-pharmacy-ops-controller.md	3	Trailing whitespace is inside a quoted baseline/source excerpt retained in audit evidence; audit artifact only, not product source.
audit-artifacts/phase0b-backend/semantic-evidence-pharmacy-ops-controller.md	4	Trailing whitespace is inside a quoted baseline/source excerpt retained in audit evidence; audit artifact only, not product source.
audit-artifacts/phase0b-backend/semantic-evidence-pharmacy-ops-medicine-repository.md	3	Trailing whitespace is inside a quoted baseline/source excerpt retained in audit evidence; audit artifact only, not product source.
audit-artifacts/phase0b-backend/semantic-evidence-pharmacy-ops-medicine-repository.md	4	Trailing whitespace is inside a quoted baseline/source excerpt retained in audit evidence; audit artifact only, not product source.
audit-artifacts/phase0b-backend/semantic-evidence-pharmacy-ops-module.md	3	Trailing whitespace is inside a quoted baseline/source excerpt retained in audit evidence; audit artifact only, not product source.
audit-artifacts/phase0b-backend/semantic-evidence-pharmacy-ops-module.md	4	Trailing whitespace is inside a quoted baseline/source excerpt retained in audit evidence; audit artifact only, not product source.
audit-artifacts/phase0b-backend/semantic-evidence-pharmacy-ops-order-repository.md	3	Trailing whitespace is inside a quoted baseline/source excerpt retained in audit evidence; audit artifact only, not product source.
audit-artifacts/phase0b-backend/semantic-evidence-pharmacy-ops-order-repository.md	4	Trailing whitespace is inside a quoted baseline/source excerpt retained in audit evidence; audit artifact only, not product source.
audit-artifacts/phase0b-backend/semantic-evidence-pharmacy-ops-pharmacyinventory-repository.md	3	Trailing whitespace is inside a quoted baseline/source excerpt retained in audit evidence; audit artifact only, not product source.
audit-artifacts/phase0b-backend/semantic-evidence-pharmacy-ops-pharmacyinventory-repository.md	4	Trailing whitespace is inside a quoted baseline/source excerpt retained in audit evidence; audit artifact only, not product source.
audit-artifacts/phase0b-backend/semantic-evidence-pharmacy-ops-service.md	3	Trailing whitespace is inside a quoted baseline/source excerpt retained in audit evidence; audit artifact only, not product source.
audit-artifacts/phase0b-backend/semantic-evidence-pharmacy-ops-service.md	4	Trailing whitespace is inside a quoted baseline/source excerpt retained in audit evidence; audit artifact only, not product source.
audit-artifacts/phase0b-backend/semantic-evidence-pharmacy-order-repository.md	3	Trailing whitespace is inside a quoted baseline/source excerpt retained in audit evidence; audit artifact only, not product source.
audit-artifacts/phase0b-backend/semantic-evidence-pharmacy-order-repository.md	4	Trailing whitespace is inside a quoted baseline/source excerpt retained in audit evidence; audit artifact only, not product source.
audit-artifacts/phase0b-backend/semantic-evidence-pharmacy-order-service.md	3	Trailing whitespace is inside a quoted baseline/source excerpt retained in audit evidence; audit artifact only, not product source.
audit-artifacts/phase0b-backend/semantic-evidence-pharmacy-order-service.md	4	Trailing whitespace is inside a quoted baseline/source excerpt retained in audit evidence; audit artifact only, not product source.
audit-artifacts/phase0b-backend/semantic-evidence-pharmacy-orders-provider-service.md	3	Trailing whitespace is inside a quoted baseline/source excerpt retained in audit evidence; audit artifact only, not product source.
audit-artifacts/phase0b-backend/semantic-evidence-pharmacy-orders-provider-service.md	4	Trailing whitespace is inside a quoted baseline/source excerpt retained in audit evidence; audit artifact only, not product source.
audit-artifacts/phase0b-backend/semantic-evidence-pharmacy-provider-account-profile-repository.md	3	Trailing whitespace is inside a quoted baseline/source excerpt retained in audit evidence; audit artifact only, not product source.
audit-artifacts/phase0b-backend/semantic-evidence-pharmacy-provider-account-profile-repository.md	4	Trailing whitespace is inside a quoted baseline/source excerpt retained in audit evidence; audit artifact only, not product source.
audit-artifacts/phase0b-backend/semantic-evidence-pharmacy-provider-account-repository.md	3	Trailing whitespace is inside a quoted baseline/source excerpt retained in audit evidence; audit artifact only, not product source.
audit-artifacts/phase0b-backend/semantic-evidence-pharmacy-provider-account-repository.md	4	Trailing whitespace is inside a quoted baseline/source excerpt retained in audit evidence; audit artifact only, not product source.
audit-artifacts/phase0b-backend/semantic-evidence-pharmacy-provider-availability-repository.md	3	Trailing whitespace is inside a quoted baseline/source excerpt retained in audit evidence; audit artifact only, not product source.
audit-artifacts/phase0b-backend/semantic-evidence-pharmacy-provider-availability-repository.md	4	Trailing whitespace is inside a quoted baseline/source excerpt retained in audit evidence; audit artifact only, not product source.
audit-artifacts/phase0b-backend/semantic-evidence-pharmacy-quotation-feedback-dto.md	3	Trailing whitespace is inside a quoted baseline/source excerpt retained in audit evidence; audit artifact only, not product source.
audit-artifacts/phase0b-backend/semantic-evidence-pharmacy-quotation-feedback-dto.md	4	Trailing whitespace is inside a quoted baseline/source excerpt retained in audit evidence; audit artifact only, not product source.
audit-artifacts/phase0b-backend/semantic-evidence-pharmacy-quotation-repository.md	3	Trailing whitespace is inside a quoted baseline/source excerpt retained in audit evidence; audit artifact only, not product source.
audit-artifacts/phase0b-backend/semantic-evidence-pharmacy-quotation-repository.md	4	Trailing whitespace is inside a quoted baseline/source excerpt retained in audit evidence; audit artifact only, not product source.
audit-artifacts/phase0b-backend/semantic-evidence-pharmacy-schema.md	3	Trailing whitespace is inside a quoted baseline/source excerpt retained in audit evidence; audit artifact only, not product source.
audit-artifacts/phase0b-backend/semantic-evidence-pharmacy-schema.md	4	Trailing whitespace is inside a quoted baseline/source excerpt retained in audit evidence; audit artifact only, not product source.
audit-artifacts/phase0b-backend/semantic-evidence-pharmacy-score-snapshot-repository.md	3	Trailing whitespace is inside a quoted baseline/source excerpt retained in audit evidence; audit artifact only, not product source.
audit-artifacts/phase0b-backend/semantic-evidence-pharmacy-score-snapshot-repository.md	4	Trailing whitespace is inside a quoted baseline/source excerpt retained in audit evidence; audit artifact only, not product source.
audit-artifacts/phase0b-backend/semantic-evidence-pharmacy-seed-service.md	3	Trailing whitespace is inside a quoted baseline/source excerpt retained in audit evidence; audit artifact only, not product source.
audit-artifacts/phase0b-backend/semantic-evidence-pharmacy-seed-service.md	4	Trailing whitespace is inside a quoted baseline/source excerpt retained in audit evidence; audit artifact only, not product source.
audit-artifacts/phase0b-backend/semantic-evidence-pharmacy-shortage-service-spec.md	3	Trailing whitespace is inside a quoted baseline/source excerpt retained in audit evidence; audit artifact only, not product source.
audit-artifacts/phase0b-backend/semantic-evidence-pharmacy-shortage-service-spec.md	4	Trailing whitespace is inside a quoted baseline/source excerpt retained in audit evidence; audit artifact only, not product source.
audit-artifacts/phase0b-backend/semantic-evidence-pharmacy-shortage-service.md	3	Trailing whitespace is inside a quoted baseline/source excerpt retained in audit evidence; audit artifact only, not product source.
audit-artifacts/phase0b-backend/semantic-evidence-pharmacy-shortage-service.md	4	Trailing whitespace is inside a quoted baseline/source excerpt retained in audit evidence; audit artifact only, not product source.
audit-artifacts/phase0b-backend/semantic-evidence-pharmacy-systemconfig-repository.md	3	Trailing whitespace is inside a quoted baseline/source excerpt retained in audit evidence; audit artifact only, not product source.
audit-artifacts/phase0b-backend/semantic-evidence-pharmacy-systemconfig-repository.md	4	Trailing whitespace is inside a quoted baseline/source excerpt retained in audit evidence; audit artifact only, not product source.
audit-artifacts/phase0b-backend/semantic-evidence-procurement-controller.md	3	Trailing whitespace is inside a quoted baseline/source excerpt retained in audit evidence; audit artifact only, not product source.
audit-artifacts/phase0b-backend/semantic-evidence-procurement-controller.md	4	Trailing whitespace is inside a quoted baseline/source excerpt retained in audit evidence; audit artifact only, not product source.
audit-artifacts/phase0b-backend/semantic-evidence-procurement-request-repository.md	3	Trailing whitespace is inside a quoted baseline/source excerpt retained in audit evidence; audit artifact only, not product source.
audit-artifacts/phase0b-backend/semantic-evidence-procurement-request-repository.md	4	Trailing whitespace is inside a quoted baseline/source excerpt retained in audit evidence; audit artifact only, not product source.
audit-artifacts/phase0b-backend/semantic-evidence-procurement-request-schema.md	3	Trailing whitespace is inside a quoted baseline/source excerpt retained in audit evidence; audit artifact only, not product source.
audit-artifacts/phase0b-backend/semantic-evidence-procurement-request-schema.md	4	Trailing whitespace is inside a quoted baseline/source excerpt retained in audit evidence; audit artifact only, not product source.
audit-artifacts/phase0b-backend/semantic-evidence-procurement-schemas.md	3	Trailing whitespace is inside a quoted baseline/source excerpt retained in audit evidence; audit artifact only, not product source.
audit-artifacts/phase0b-backend/semantic-evidence-procurement-schemas.md	4	Trailing whitespace is inside a quoted baseline/source excerpt retained in audit evidence; audit artifact only, not product source.
audit-artifacts/phase0b-backend/semantic-evidence-procurement-service-spec.md	3	Trailing whitespace is inside a quoted baseline/source excerpt retained in audit evidence; audit artifact only, not product source.
audit-artifacts/phase0b-backend/semantic-evidence-procurement-service-spec.md	4	Trailing whitespace is inside a quoted baseline/source excerpt retained in audit evidence; audit artifact only, not product source.
audit-artifacts/phase0b-backend/semantic-evidence-procurement-service.md	3	Trailing whitespace is inside a quoted baseline/source excerpt retained in audit evidence; audit artifact only, not product source.
audit-artifacts/phase0b-backend/semantic-evidence-procurement-service.md	4	Trailing whitespace is inside a quoted baseline/source excerpt retained in audit evidence; audit artifact only, not product source.
audit-artifacts/phase0b-backend/semantic-evidence-procurement-status-enum.md	3	Trailing whitespace is inside a quoted baseline/source excerpt retained in audit evidence; audit artifact only, not product source.
audit-artifacts/phase0b-backend/semantic-evidence-procurement-status-enum.md	4	Trailing whitespace is inside a quoted baseline/source excerpt retained in audit evidence; audit artifact only, not product source.
audit-artifacts/phase0b-backend/semantic-evidence-profile-image-audit-log-schema.md	3	Trailing whitespace is inside a quoted baseline/source excerpt retained in audit evidence; audit artifact only, not product source.
audit-artifacts/phase0b-backend/semantic-evidence-profile-image-audit-log-schema.md	4	Trailing whitespace is inside a quoted baseline/source excerpt retained in audit evidence; audit artifact only, not product source.
audit-artifacts/phase0b-backend/semantic-evidence-profile-image-audit-repository.md	3	Trailing whitespace is inside a quoted baseline/source excerpt retained in audit evidence; audit artifact only, not product source.
audit-artifacts/phase0b-backend/semantic-evidence-profile-image-audit-repository.md	4	Trailing whitespace is inside a quoted baseline/source excerpt retained in audit evidence; audit artifact only, not product source.
audit-artifacts/phase0b-backend/semantic-evidence-profile-image-metadata-repository.md	3	Trailing whitespace is inside a quoted baseline/source excerpt retained in audit evidence; audit artifact only, not product source.
audit-artifacts/phase0b-backend/semantic-evidence-profile-image-metadata-repository.md	4	Trailing whitespace is inside a quoted baseline/source excerpt retained in audit evidence; audit artifact only, not product source.
audit-artifacts/phase0b-backend/semantic-evidence-profile-image-metadata-schema.md	3	Trailing whitespace is inside a quoted baseline/source excerpt retained in audit evidence; audit artifact only, not product source.
audit-artifacts/phase0b-backend/semantic-evidence-profile-image-metadata-schema.md	4	Trailing whitespace is inside a quoted baseline/source excerpt retained in audit evidence; audit artifact only, not product source.
audit-artifacts/phase0b-backend/semantic-evidence-provider-account-profile-repository.md	3	Trailing whitespace is inside a quoted baseline/source excerpt retained in audit evidence; audit artifact only, not product source.
audit-artifacts/phase0b-backend/semantic-evidence-provider-account-profile-repository.md	4	Trailing whitespace is inside a quoted baseline/source excerpt retained in audit evidence; audit artifact only, not product source.
audit-artifacts/phase0b-backend/semantic-evidence-provider-account-repository.md	3	Trailing whitespace is inside a quoted baseline/source excerpt retained in audit evidence; audit artifact only, not product source.
audit-artifacts/phase0b-backend/semantic-evidence-provider-account-repository.md	4	Trailing whitespace is inside a quoted baseline/source excerpt retained in audit evidence; audit artifact only, not product source.
audit-artifacts/phase0b-backend/semantic-evidence-provider-admin-service.md	3	Trailing whitespace is inside a quoted baseline/source excerpt retained in audit evidence; audit artifact only, not product source.
audit-artifacts/phase0b-backend/semantic-evidence-provider-admin-service.md	4	Trailing whitespace is inside a quoted baseline/source excerpt retained in audit evidence; audit artifact only, not product source.
audit-artifacts/phase0b-backend/semantic-evidence-provider-assignment-attempt-repository.md	3	Trailing whitespace is inside a quoted baseline/source excerpt retained in audit evidence; audit artifact only, not product source.
audit-artifacts/phase0b-backend/semantic-evidence-provider-assignment-attempt-repository.md	4	Trailing whitespace is inside a quoted baseline/source excerpt retained in audit evidence; audit artifact only, not product source.
audit-artifacts/phase0b-backend/semantic-evidence-provider-assignment-spec.md	3	Trailing whitespace is inside a quoted baseline/source excerpt retained in audit evidence; audit artifact only, not product source.
audit-artifacts/phase0b-backend/semantic-evidence-provider-assignment-spec.md	4	Trailing whitespace is inside a quoted baseline/source excerpt retained in audit evidence; audit artifact only, not product source.
audit-artifacts/phase0b-backend/semantic-evidence-provider-auditlog-repository.md	3	Trailing whitespace is inside a quoted baseline/source excerpt retained in audit evidence; audit artifact only, not product source.
audit-artifacts/phase0b-backend/semantic-evidence-provider-auditlog-repository.md	4	Trailing whitespace is inside a quoted baseline/source excerpt retained in audit evidence; audit artifact only, not product source.
audit-artifacts/phase0b-backend/semantic-evidence-provider-auth-service.md	3	Trailing whitespace is inside a quoted baseline/source excerpt retained in audit evidence; audit artifact only, not product source.
audit-artifacts/phase0b-backend/semantic-evidence-provider-auth-service.md	4	Trailing whitespace is inside a quoted baseline/source excerpt retained in audit evidence; audit artifact only, not product source.
audit-artifacts/phase0b-backend/semantic-evidence-provider-availability-repository.md	3	Trailing whitespace is inside a quoted baseline/source excerpt retained in audit evidence; audit artifact only, not product source.
audit-artifacts/phase0b-backend/semantic-evidence-provider-availability-repository.md	4	Trailing whitespace is inside a quoted baseline/source excerpt retained in audit evidence; audit artifact only, not product source.
audit-artifacts/phase0b-backend/semantic-evidence-provider-availability-schema.md	3	Trailing whitespace is inside a quoted baseline/source excerpt retained in audit evidence; audit artifact only, not product source.
audit-artifacts/phase0b-backend/semantic-evidence-provider-availability-schema.md	4	Trailing whitespace is inside a quoted baseline/source excerpt retained in audit evidence; audit artifact only, not product source.
audit-artifacts/phase0b-backend/semantic-evidence-provider-bank-account-repository.md	3	Trailing whitespace is inside a quoted baseline/source excerpt retained in audit evidence; audit artifact only, not product source.
audit-artifacts/phase0b-backend/semantic-evidence-provider-bank-account-repository.md	4	Trailing whitespace is inside a quoted baseline/source excerpt retained in audit evidence; audit artifact only, not product source.
audit-artifacts/phase0b-backend/semantic-evidence-provider-branch-schema.md	3	Trailing whitespace is inside a quoted baseline/source excerpt retained in audit evidence; audit artifact only, not product source.
audit-artifacts/phase0b-backend/semantic-evidence-provider-branch-schema.md	4	Trailing whitespace is inside a quoted baseline/source excerpt retained in audit evidence; audit artifact only, not product source.
audit-artifacts/phase0b-backend/semantic-evidence-provider-capabilities-schema.md	3	Trailing whitespace is inside a quoted baseline/source excerpt retained in audit evidence; audit artifact only, not product source.
audit-artifacts/phase0b-backend/semantic-evidence-provider-capabilities-schema.md	4	Trailing whitespace is inside a quoted baseline/source excerpt retained in audit evidence; audit artifact only, not product source.
audit-artifacts/phase0b-backend/semantic-evidence-provider-controllers.md	3	Trailing whitespace is inside a quoted baseline/source excerpt retained in audit evidence; audit artifact only, not product source.
audit-artifacts/phase0b-backend/semantic-evidence-provider-controllers.md	4	Trailing whitespace is inside a quoted baseline/source excerpt retained in audit evidence; audit artifact only, not product source.
audit-artifacts/phase0b-backend/semantic-evidence-provider-dashboard-service.md	3	Trailing whitespace is inside a quoted baseline/source excerpt retained in audit evidence; audit artifact only, not product source.
audit-artifacts/phase0b-backend/semantic-evidence-provider-dashboard-service.md	4	Trailing whitespace is inside a quoted baseline/source excerpt retained in audit evidence; audit artifact only, not product source.
audit-artifacts/phase0b-backend/semantic-evidence-provider-delivery-zone-repository.md	3	Trailing whitespace is inside a quoted baseline/source excerpt retained in audit evidence; audit artifact only, not product source.
audit-artifacts/phase0b-backend/semantic-evidence-provider-delivery-zone-repository.md	4	Trailing whitespace is inside a quoted baseline/source excerpt retained in audit evidence; audit artifact only, not product source.
audit-artifacts/phase0b-backend/semantic-evidence-provider-delta-schema-legacy.md	3	Trailing whitespace is inside a quoted baseline/source excerpt retained in audit evidence; audit artifact only, not product source.
audit-artifacts/phase0b-backend/semantic-evidence-provider-delta-schema-legacy.md	4	Trailing whitespace is inside a quoted baseline/source excerpt retained in audit evidence; audit artifact only, not product source.
audit-artifacts/phase0b-backend/semantic-evidence-provider-delta-schema.md	3	Trailing whitespace is inside a quoted baseline/source excerpt retained in audit evidence; audit artifact only, not product source.
audit-artifacts/phase0b-backend/semantic-evidence-provider-delta-schema.md	4	Trailing whitespace is inside a quoted baseline/source excerpt retained in audit evidence; audit artifact only, not product source.
audit-artifacts/phase0b-backend/semantic-evidence-provider-doctor-contract-spec.md	3	Trailing whitespace is inside a quoted baseline/source excerpt retained in audit evidence; audit artifact only, not product source.
audit-artifacts/phase0b-backend/semantic-evidence-provider-doctor-contract-spec.md	4	Trailing whitespace is inside a quoted baseline/source excerpt retained in audit evidence; audit artifact only, not product source.
audit-artifacts/phase0b-backend/semantic-evidence-provider-document-repository.md	3	Trailing whitespace is inside a quoted baseline/source excerpt retained in audit evidence; audit artifact only, not product source.
audit-artifacts/phase0b-backend/semantic-evidence-provider-document-repository.md	4	Trailing whitespace is inside a quoted baseline/source excerpt retained in audit evidence; audit artifact only, not product source.
audit-artifacts/phase0b-backend/semantic-evidence-provider-enums.md	3	Trailing whitespace is inside a quoted baseline/source excerpt retained in audit evidence; audit artifact only, not product source.
audit-artifacts/phase0b-backend/semantic-evidence-provider-enums.md	4	Trailing whitespace is inside a quoted baseline/source excerpt retained in audit evidence; audit artifact only, not product source.
audit-artifacts/phase0b-backend/semantic-evidence-provider-image-processor-service.md	3	Trailing whitespace is inside a quoted baseline/source excerpt retained in audit evidence; audit artifact only, not product source.
audit-artifacts/phase0b-backend/semantic-evidence-provider-image-processor-service.md	4	Trailing whitespace is inside a quoted baseline/source excerpt retained in audit evidence; audit artifact only, not product source.
audit-artifacts/phase0b-backend/semantic-evidence-provider-mailer-service.md	3	Trailing whitespace is inside a quoted baseline/source excerpt retained in audit evidence; audit artifact only, not product source.
audit-artifacts/phase0b-backend/semantic-evidence-provider-mailer-service.md	4	Trailing whitespace is inside a quoted baseline/source excerpt retained in audit evidence; audit artifact only, not product source.
audit-artifacts/phase0b-backend/semantic-evidence-provider-matching-service.md	3	Trailing whitespace is inside a quoted baseline/source excerpt retained in audit evidence; audit artifact only, not product source.
audit-artifacts/phase0b-backend/semantic-evidence-provider-matching-service.md	4	Trailing whitespace is inside a quoted baseline/source excerpt retained in audit evidence; audit artifact only, not product source.
audit-artifacts/phase0b-backend/semantic-evidence-provider-module.md	3	Trailing whitespace is inside a quoted baseline/source excerpt retained in audit evidence; audit artifact only, not product source.
audit-artifacts/phase0b-backend/semantic-evidence-provider-module.md	4	Trailing whitespace is inside a quoted baseline/source excerpt retained in audit evidence; audit artifact only, not product source.
audit-artifacts/phase0b-backend/semantic-evidence-provider-notification-repository.md	3	Trailing whitespace is inside a quoted baseline/source excerpt retained in audit evidence; audit artifact only, not product source.
audit-artifacts/phase0b-backend/semantic-evidence-provider-notification-repository.md	4	Trailing whitespace is inside a quoted baseline/source excerpt retained in audit evidence; audit artifact only, not product source.
audit-artifacts/phase0b-backend/semantic-evidence-provider-notifications-service.md	3	Trailing whitespace is inside a quoted baseline/source excerpt retained in audit evidence; audit artifact only, not product source.
audit-artifacts/phase0b-backend/semantic-evidence-provider-notifications-service.md	4	Trailing whitespace is inside a quoted baseline/source excerpt retained in audit evidence; audit artifact only, not product source.
audit-artifacts/phase0b-backend/semantic-evidence-provider-operator-repository.md	3	Trailing whitespace is inside a quoted baseline/source excerpt retained in audit evidence; audit artifact only, not product source.
audit-artifacts/phase0b-backend/semantic-evidence-provider-operator-repository.md	4	Trailing whitespace is inside a quoted baseline/source excerpt retained in audit evidence; audit artifact only, not product source.
audit-artifacts/phase0b-backend/semantic-evidence-provider-operators-service.md	3	Trailing whitespace is inside a quoted baseline/source excerpt retained in audit evidence; audit artifact only, not product source.
audit-artifacts/phase0b-backend/semantic-evidence-provider-operators-service.md	4	Trailing whitespace is inside a quoted baseline/source excerpt retained in audit evidence; audit artifact only, not product source.
audit-artifacts/phase0b-backend/semantic-evidence-provider-otp-repository.md	3	Trailing whitespace is inside a quoted baseline/source excerpt retained in audit evidence; audit artifact only, not product source.
audit-artifacts/phase0b-backend/semantic-evidence-provider-otp-repository.md	4	Trailing whitespace is inside a quoted baseline/source excerpt retained in audit evidence; audit artifact only, not product source.
audit-artifacts/phase0b-backend/semantic-evidence-provider-otp-service.md	3	Trailing whitespace is inside a quoted baseline/source excerpt retained in audit evidence; audit artifact only, not product source.
audit-artifacts/phase0b-backend/semantic-evidence-provider-otp-service.md	4	Trailing whitespace is inside a quoted baseline/source excerpt retained in audit evidence; audit artifact only, not product source.
audit-artifacts/phase0b-backend/semantic-evidence-provider-profile-schema.md	3	Trailing whitespace is inside a quoted baseline/source excerpt retained in audit evidence; audit artifact only, not product source.
audit-artifacts/phase0b-backend/semantic-evidence-provider-profile-schema.md	4	Trailing whitespace is inside a quoted baseline/source excerpt retained in audit evidence; audit artifact only, not product source.
audit-artifacts/phase0b-backend/semantic-evidence-provider-profile-service.md	3	Trailing whitespace is inside a quoted baseline/source excerpt retained in audit evidence; audit artifact only, not product source.
audit-artifacts/phase0b-backend/semantic-evidence-provider-profile-service.md	4	Trailing whitespace is inside a quoted baseline/source excerpt retained in audit evidence; audit artifact only, not product source.
audit-artifacts/phase0b-backend/semantic-evidence-provider-request-engine-service.md	3	Trailing whitespace is inside a quoted baseline/source excerpt retained in audit evidence; audit artifact only, not product source.
audit-artifacts/phase0b-backend/semantic-evidence-provider-request-engine-service.md	4	Trailing whitespace is inside a quoted baseline/source excerpt retained in audit evidence; audit artifact only, not product source.
audit-artifacts/phase0b-backend/semantic-evidence-provider-request-repository.md	3	Trailing whitespace is inside a quoted baseline/source excerpt retained in audit evidence; audit artifact only, not product source.
audit-artifacts/phase0b-backend/semantic-evidence-provider-request-repository.md	4	Trailing whitespace is inside a quoted baseline/source excerpt retained in audit evidence; audit artifact only, not product source.
audit-artifacts/phase0b-backend/semantic-evidence-provider-requests-schema.md	3	Trailing whitespace is inside a quoted baseline/source excerpt retained in audit evidence; audit artifact only, not product source.
audit-artifacts/phase0b-backend/semantic-evidence-provider-requests-schema.md	4	Trailing whitespace is inside a quoted baseline/source excerpt retained in audit evidence; audit artifact only, not product source.
audit-artifacts/phase0b-backend/semantic-evidence-provider-schedule-service.md	3	Trailing whitespace is inside a quoted baseline/source excerpt retained in audit evidence; audit artifact only, not product source.
audit-artifacts/phase0b-backend/semantic-evidence-provider-schedule-service.md	4	Trailing whitespace is inside a quoted baseline/source excerpt retained in audit evidence; audit artifact only, not product source.
audit-artifacts/phase0b-backend/semantic-evidence-provider-schedule-slot-repository.md	3	Trailing whitespace is inside a quoted baseline/source excerpt retained in audit evidence; audit artifact only, not product source.
audit-artifacts/phase0b-backend/semantic-evidence-provider-schedule-slot-repository.md	4	Trailing whitespace is inside a quoted baseline/source excerpt retained in audit evidence; audit artifact only, not product source.
audit-artifacts/phase0b-backend/semantic-evidence-provider-schemas-index.md	3	Trailing whitespace is inside a quoted baseline/source excerpt retained in audit evidence; audit artifact only, not product source.
audit-artifacts/phase0b-backend/semantic-evidence-provider-schemas-index.md	4	Trailing whitespace is inside a quoted baseline/source excerpt retained in audit evidence; audit artifact only, not product source.
audit-artifacts/phase0b-backend/semantic-evidence-provider-score-snapshot-repository.md	3	Trailing whitespace is inside a quoted baseline/source excerpt retained in audit evidence; audit artifact only, not product source.
audit-artifacts/phase0b-backend/semantic-evidence-provider-score-snapshot-repository.md	4	Trailing whitespace is inside a quoted baseline/source excerpt retained in audit evidence; audit artifact only, not product source.
audit-artifacts/phase0b-backend/semantic-evidence-provider-scoring-service.md	3	Trailing whitespace is inside a quoted baseline/source excerpt retained in audit evidence; audit artifact only, not product source.
audit-artifacts/phase0b-backend/semantic-evidence-provider-scoring-service.md	4	Trailing whitespace is inside a quoted baseline/source excerpt retained in audit evidence; audit artifact only, not product source.
audit-artifacts/phase0b-backend/semantic-evidence-provider-seed-service.md	3	Trailing whitespace is inside a quoted baseline/source excerpt retained in audit evidence; audit artifact only, not product source.
audit-artifacts/phase0b-backend/semantic-evidence-provider-seed-service.md	4	Trailing whitespace is inside a quoted baseline/source excerpt retained in audit evidence; audit artifact only, not product source.
audit-artifacts/phase0b-backend/semantic-evidence-provider-session-repository.md	3	Trailing whitespace is inside a quoted baseline/source excerpt retained in audit evidence; audit artifact only, not product source.
audit-artifacts/phase0b-backend/semantic-evidence-provider-session-repository.md	4	Trailing whitespace is inside a quoted baseline/source excerpt retained in audit evidence; audit artifact only, not product source.
audit-artifacts/phase0b-backend/semantic-evidence-providerprofile-repository.md	3	Trailing whitespace is inside a quoted baseline/source excerpt retained in audit evidence; audit artifact only, not product source.
audit-artifacts/phase0b-backend/semantic-evidence-providerprofile-repository.md	4	Trailing whitespace is inside a quoted baseline/source excerpt retained in audit evidence; audit artifact only, not product source.
audit-artifacts/phase0b-backend/semantic-evidence-providers-controller.md	3	Trailing whitespace is inside a quoted baseline/source excerpt retained in audit evidence; audit artifact only, not product source.
audit-artifacts/phase0b-backend/semantic-evidence-providers-controller.md	4	Trailing whitespace is inside a quoted baseline/source excerpt retained in audit evidence; audit artifact only, not product source.
audit-artifacts/phase0b-backend/semantic-evidence-providers-module.md	3	Trailing whitespace is inside a quoted baseline/source excerpt retained in audit evidence; audit artifact only, not product source.
audit-artifacts/phase0b-backend/semantic-evidence-providers-module.md	4	Trailing whitespace is inside a quoted baseline/source excerpt retained in audit evidence; audit artifact only, not product source.
audit-artifacts/phase0b-backend/semantic-evidence-providers-service-spec.md	3	Trailing whitespace is inside a quoted baseline/source excerpt retained in audit evidence; audit artifact only, not product source.
audit-artifacts/phase0b-backend/semantic-evidence-providers-service-spec.md	4	Trailing whitespace is inside a quoted baseline/source excerpt retained in audit evidence; audit artifact only, not product source.
audit-artifacts/phase0b-backend/semantic-evidence-providers-service.md	3	Trailing whitespace is inside a quoted baseline/source excerpt retained in audit evidence; audit artifact only, not product source.
audit-artifacts/phase0b-backend/semantic-evidence-providers-service.md	4	Trailing whitespace is inside a quoted baseline/source excerpt retained in audit evidence; audit artifact only, not product source.
audit-artifacts/phase0b-backend/semantic-evidence-radiology-booking-schema.md	3	Trailing whitespace is inside a quoted baseline/source excerpt retained in audit evidence; audit artifact only, not product source.
audit-artifacts/phase0b-backend/semantic-evidence-radiology-booking-schema.md	4	Trailing whitespace is inside a quoted baseline/source excerpt retained in audit evidence; audit artifact only, not product source.
audit-artifacts/phase0b-backend/semantic-evidence-radiology-catalog-repository.md	3	Trailing whitespace is inside a quoted baseline/source excerpt retained in audit evidence; audit artifact only, not product source.
audit-artifacts/phase0b-backend/semantic-evidence-radiology-catalog-repository.md	4	Trailing whitespace is inside a quoted baseline/source excerpt retained in audit evidence; audit artifact only, not product source.
audit-artifacts/phase0b-backend/semantic-evidence-radiology-controller.md	3	Trailing whitespace is inside a quoted baseline/source excerpt retained in audit evidence; audit artifact only, not product source.
audit-artifacts/phase0b-backend/semantic-evidence-radiology-controller.md	4	Trailing whitespace is inside a quoted baseline/source excerpt retained in audit evidence; audit artifact only, not product source.
audit-artifacts/phase0b-backend/semantic-evidence-radiology-labresult-repository.md	3	Trailing whitespace is inside a quoted baseline/source excerpt retained in audit evidence; audit artifact only, not product source.
audit-artifacts/phase0b-backend/semantic-evidence-radiology-labresult-repository.md	4	Trailing whitespace is inside a quoted baseline/source excerpt retained in audit evidence; audit artifact only, not product source.
audit-artifacts/phase0b-backend/semantic-evidence-radiology-module.md	3	Trailing whitespace is inside a quoted baseline/source excerpt retained in audit evidence; audit artifact only, not product source.
audit-artifacts/phase0b-backend/semantic-evidence-radiology-module.md	4	Trailing whitespace is inside a quoted baseline/source excerpt retained in audit evidence; audit artifact only, not product source.
audit-artifacts/phase0b-backend/semantic-evidence-radiology-notification-listener.md	3	Trailing whitespace is inside a quoted baseline/source excerpt retained in audit evidence; audit artifact only, not product source.
audit-artifacts/phase0b-backend/semantic-evidence-radiology-notification-listener.md	4	Trailing whitespace is inside a quoted baseline/source excerpt retained in audit evidence; audit artifact only, not product source.
audit-artifacts/phase0b-backend/semantic-evidence-radiology-provider-controller-spec.md	3	Trailing whitespace is inside a quoted baseline/source excerpt retained in audit evidence; audit artifact only, not product source.
audit-artifacts/phase0b-backend/semantic-evidence-radiology-provider-controller-spec.md	4	Trailing whitespace is inside a quoted baseline/source excerpt retained in audit evidence; audit artifact only, not product source.
audit-artifacts/phase0b-backend/semantic-evidence-radiology-provider-controller.md	3	Trailing whitespace is inside a quoted baseline/source excerpt retained in audit evidence; audit artifact only, not product source.
audit-artifacts/phase0b-backend/semantic-evidence-radiology-provider-controller.md	4	Trailing whitespace is inside a quoted baseline/source excerpt retained in audit evidence; audit artifact only, not product source.
audit-artifacts/phase0b-backend/semantic-evidence-radiology-reminder-cron.md	3	Trailing whitespace is inside a quoted baseline/source excerpt retained in audit evidence; audit artifact only, not product source.
audit-artifacts/phase0b-backend/semantic-evidence-radiology-reminder-cron.md	4	Trailing whitespace is inside a quoted baseline/source excerpt retained in audit evidence; audit artifact only, not product source.
audit-artifacts/phase0b-backend/semantic-evidence-radiology-report-storage-spec.md	3	Trailing whitespace is inside a quoted baseline/source excerpt retained in audit evidence; audit artifact only, not product source.
audit-artifacts/phase0b-backend/semantic-evidence-radiology-report-storage-spec.md	4	Trailing whitespace is inside a quoted baseline/source excerpt retained in audit evidence; audit artifact only, not product source.
audit-artifacts/phase0b-backend/semantic-evidence-radiology-seed.md	3	Trailing whitespace is inside a quoted baseline/source excerpt retained in audit evidence; audit artifact only, not product source.
audit-artifacts/phase0b-backend/semantic-evidence-radiology-seed.md	4	Trailing whitespace is inside a quoted baseline/source excerpt retained in audit evidence; audit artifact only, not product source.
audit-artifacts/phase0b-backend/semantic-evidence-radiology-service.md	3	Trailing whitespace is inside a quoted baseline/source excerpt retained in audit evidence; audit artifact only, not product source.
audit-artifacts/phase0b-backend/semantic-evidence-radiology-service.md	4	Trailing whitespace is inside a quoted baseline/source excerpt retained in audit evidence; audit artifact only, not product source.
audit-artifacts/phase0b-backend/semantic-evidence-radiologybooking-repository.md	3	Trailing whitespace is inside a quoted baseline/source excerpt retained in audit evidence; audit artifact only, not product source.
audit-artifacts/phase0b-backend/semantic-evidence-radiologybooking-repository.md	4	Trailing whitespace is inside a quoted baseline/source excerpt retained in audit evidence; audit artifact only, not product source.
audit-artifacts/phase0b-backend/semantic-evidence-radiologyservice-repository.md	3	Trailing whitespace is inside a quoted baseline/source excerpt retained in audit evidence; audit artifact only, not product source.
audit-artifacts/phase0b-backend/semantic-evidence-radiologyservice-repository.md	4	Trailing whitespace is inside a quoted baseline/source excerpt retained in audit evidence; audit artifact only, not product source.
audit-artifacts/phase0b-backend/semantic-evidence-refund-request-schema.md	3	Trailing whitespace is inside a quoted baseline/source excerpt retained in audit evidence; audit artifact only, not product source.
audit-artifacts/phase0b-backend/semantic-evidence-refund-request-schema.md	4	Trailing whitespace is inside a quoted baseline/source excerpt retained in audit evidence; audit artifact only, not product source.
audit-artifacts/phase0b-backend/semantic-evidence-scheduling-engine-service.md	3	Trailing whitespace is inside a quoted baseline/source excerpt retained in audit evidence; audit artifact only, not product source.
audit-artifacts/phase0b-backend/semantic-evidence-scheduling-engine-service.md	4	Trailing whitespace is inside a quoted baseline/source excerpt retained in audit evidence; audit artifact only, not product source.
audit-artifacts/phase0b-backend/semantic-evidence-service-capability-service.md	3	Trailing whitespace is inside a quoted baseline/source excerpt retained in audit evidence; audit artifact only, not product source.
audit-artifacts/phase0b-backend/semantic-evidence-service-capability-service.md	4	Trailing whitespace is inside a quoted baseline/source excerpt retained in audit evidence; audit artifact only, not product source.
audit-artifacts/phase0b-backend/semantic-evidence-simulated-features-controller.md	3	Trailing whitespace is inside a quoted baseline/source excerpt retained in audit evidence; audit artifact only, not product source.
audit-artifacts/phase0b-backend/semantic-evidence-simulated-features-controller.md	4	Trailing whitespace is inside a quoted baseline/source excerpt retained in audit evidence; audit artifact only, not product source.
audit-artifacts/phase0b-backend/semantic-evidence-simulated-features-dto.md	3	Trailing whitespace is inside a quoted baseline/source excerpt retained in audit evidence; audit artifact only, not product source.
audit-artifacts/phase0b-backend/semantic-evidence-simulated-features-dto.md	4	Trailing whitespace is inside a quoted baseline/source excerpt retained in audit evidence; audit artifact only, not product source.
audit-artifacts/phase0b-backend/semantic-evidence-smart-split-service.md	3	Trailing whitespace is inside a quoted baseline/source excerpt retained in audit evidence; audit artifact only, not product source.
audit-artifacts/phase0b-backend/semantic-evidence-smart-split-service.md	4	Trailing whitespace is inside a quoted baseline/source excerpt retained in audit evidence; audit artifact only, not product source.
audit-artifacts/phase0b-backend/semantic-evidence-system-config-extended-schema.md	3	Trailing whitespace is inside a quoted baseline/source excerpt retained in audit evidence; audit artifact only, not product source.
audit-artifacts/phase0b-backend/semantic-evidence-system-config-extended-schema.md	4	Trailing whitespace is inside a quoted baseline/source excerpt retained in audit evidence; audit artifact only, not product source.
audit-artifacts/phase0b-backend/semantic-evidence-system-config-schema.md	3	Trailing whitespace is inside a quoted baseline/source excerpt retained in audit evidence; audit artifact only, not product source.
audit-artifacts/phase0b-backend/semantic-evidence-system-config-schema.md	4	Trailing whitespace is inside a quoted baseline/source excerpt retained in audit evidence; audit artifact only, not product source.
audit-artifacts/phase0b-backend/semantic-evidence-system-event-schema.md	3	Trailing whitespace is inside a quoted baseline/source excerpt retained in audit evidence; audit artifact only, not product source.
audit-artifacts/phase0b-backend/semantic-evidence-system-event-schema.md	4	Trailing whitespace is inside a quoted baseline/source excerpt retained in audit evidence; audit artifact only, not product source.
audit-artifacts/phase0b-backend/semantic-evidence-systemevent-duplicate-schema.md	3	Trailing whitespace is inside a quoted baseline/source excerpt retained in audit evidence; audit artifact only, not product source.
audit-artifacts/phase0b-backend/semantic-evidence-systemevent-duplicate-schema.md	4	Trailing whitespace is inside a quoted baseline/source excerpt retained in audit evidence; audit artifact only, not product source.
audit-artifacts/phase0b-backend/semantic-evidence-transaction-schema.md	3	Trailing whitespace is inside a quoted baseline/source excerpt retained in audit evidence; audit artifact only, not product source.
audit-artifacts/phase0b-backend/semantic-evidence-transaction-schema.md	4	Trailing whitespace is inside a quoted baseline/source excerpt retained in audit evidence; audit artifact only, not product source.
audit-artifacts/phase0b-backend/semantic-evidence-unified-bookings-module.md	3	Trailing whitespace is inside a quoted baseline/source excerpt retained in audit evidence; audit artifact only, not product source.
audit-artifacts/phase0b-backend/semantic-evidence-unified-bookings-module.md	4	Trailing whitespace is inside a quoted baseline/source excerpt retained in audit evidence; audit artifact only, not product source.
audit-artifacts/phase0b-backend/semantic-evidence-user-repository.md	3	Trailing whitespace is inside a quoted baseline/source excerpt retained in audit evidence; audit artifact only, not product source.
audit-artifacts/phase0b-backend/semantic-evidence-user-repository.md	4	Trailing whitespace is inside a quoted baseline/source excerpt retained in audit evidence; audit artifact only, not product source.
audit-artifacts/phase0b-backend/semantic-evidence-velocity-guard.md	3	Trailing whitespace is inside a quoted baseline/source excerpt retained in audit evidence; audit artifact only, not product source.
audit-artifacts/phase0b-backend/semantic-evidence-velocity-guard.md	4	Trailing whitespace is inside a quoted baseline/source excerpt retained in audit evidence; audit artifact only, not product source.
audit-artifacts/phase0b-backend/semantic-evidence-wallet-controller.md	3	Trailing whitespace is inside a quoted baseline/source excerpt retained in audit evidence; audit artifact only, not product source.
audit-artifacts/phase0b-backend/semantic-evidence-wallet-controller.md	4	Trailing whitespace is inside a quoted baseline/source excerpt retained in audit evidence; audit artifact only, not product source.
audit-artifacts/phase0b-backend/semantic-evidence-wallet-module.md	3	Trailing whitespace is inside a quoted baseline/source excerpt retained in audit evidence; audit artifact only, not product source.
audit-artifacts/phase0b-backend/semantic-evidence-wallet-module.md	4	Trailing whitespace is inside a quoted baseline/source excerpt retained in audit evidence; audit artifact only, not product source.
audit-artifacts/phase0b-backend/semantic-evidence-wallet-repository.md	3	Trailing whitespace is inside a quoted baseline/source excerpt retained in audit evidence; audit artifact only, not product source.
audit-artifacts/phase0b-backend/semantic-evidence-wallet-repository.md	4	Trailing whitespace is inside a quoted baseline/source excerpt retained in audit evidence; audit artifact only, not product source.
audit-artifacts/phase0b-backend/semantic-evidence-wallet-schema.md	3	Trailing whitespace is inside a quoted baseline/source excerpt retained in audit evidence; audit artifact only, not product source.
audit-artifacts/phase0b-backend/semantic-evidence-wallet-schema.md	4	Trailing whitespace is inside a quoted baseline/source excerpt retained in audit evidence; audit artifact only, not product source.
audit-artifacts/phase0b-backend/semantic-evidence-wallet-service.md	3	Trailing whitespace is inside a quoted baseline/source excerpt retained in audit evidence; audit artifact only, not product source.
audit-artifacts/phase0b-backend/semantic-evidence-wallet-service.md	4	Trailing whitespace is inside a quoted baseline/source excerpt retained in audit evidence; audit artifact only, not product source.
audit-artifacts/phase0b-backend/semantic-evidence-wallet-transaction-repository.md	3	Trailing whitespace is inside a quoted baseline/source excerpt retained in audit evidence; audit artifact only, not product source.
audit-artifacts/phase0b-backend/semantic-evidence-wallet-transaction-repository.md	4	Trailing whitespace is inside a quoted baseline/source excerpt retained in audit evidence; audit artifact only, not product source.
audit-artifacts/phase0b-backend/semantic-evidence-wallet-user-repository.md	3	Trailing whitespace is inside a quoted baseline/source excerpt retained in audit evidence; audit artifact only, not product source.
audit-artifacts/phase0b-backend/semantic-evidence-wallet-user-repository.md	4	Trailing whitespace is inside a quoted baseline/source excerpt retained in audit evidence; audit artifact only, not product source.
audit-artifacts/phase0b-backend/semantic-evidence-withdrawal-request-schema.md	3	Trailing whitespace is inside a quoted baseline/source excerpt retained in audit evidence; audit artifact only, not product source.
audit-artifacts/phase0b-backend/semantic-evidence-withdrawal-request-schema.md	4	Trailing whitespace is inside a quoted baseline/source excerpt retained in audit evidence; audit artifact only, not product source.
