planning_id	evidence_class	allowed_for_build	workstream	severity	owner	status	source	summary	required_gate
RD-0001	NORMALIZED_CONFIRMED_ROOT_CONTROL	NO_UNTIL_DECISION_AND_CONTRACT	catalog/quote	P0	Backend	BLOCKED_BY_DECISION	:17–31;:1–10;:26–31;:27–44;docs/PATIENT_WEB_PUBLIC_DISCOVERY_HANDOFF.md:15–19,34–36;docs/PATIENT_WEB_PUBLIC_DISCOVERY_HANDOFF.md:1–41;docs/PATIENT_WEB_PUBLIC_DISCOVERY_HANDOFF.md:34–36;e2e/matrix.js:419–435;infra/fastapi/ai_routes.py:91–115;infra/fastapi/ai_service.py:193–226,269–299;infra/fastapi/import_etl_products.py:124–165;infra/fastapi/import_etl_products.py:1–202;infra/fastapi/import_etl_products.py:81–105,118–186;infra/fastapi/seed_dev.py:247–385;infra/fastapi/seed_dev.py:387–429;infra/fastapi/seed_dev.py:8–509;infra/fastapi/server.py:468–501,522–535;medicines/[medicineId]/page.tsx:61;medicines/page.tsx:44;scripts/backfill-catalog-governance.ts:104–115	Cross-cutting catalog/provenance/publication control is inconsistent or not evidenced across the catalog/quote surface.	Server-governed behavior, fail-closed authorization/validation, truthful state and redacted evidence; no mocks. Owner/stranger/unauth where applicable; replay/concurrency for mutations; negative/error/cleanup; contract and runtime evidence as applicable.
RD-0002	NORMALIZED_CONFIRMED_ROOT_CONTROL	NO_UNTIL_DECISION_AND_CONTRACT	catalog/quote	P0	Backend	BLOCKED_BY_DECISION	:11–42;:12–25;:205–207,230–232,322–329;:23–29;:28–48;:595–614;:77–128,154–191;:86–93;docs/PATIENT_WEB_PUBLIC_DISCOVERY_HANDOFF.md:11–19;docs/PATIENT_WEB_PUBLIC_DISCOVERY_HANDOFF.md:11–19,34–36;infra/docker-compose.infra.yml:3–38;infra/fastapi/ai_routes.py:118–154;infra/fastapi/ai_routes.py:92–112;infra/fastapi/ai_service.py:119–144,176–190,211–225;infra/fastapi/ai_service.py:176–191;infra/fastapi/ai_service.py:180–190,220–225,292–299;infra/fastapi/ai_service.py:193–226;infra/fastapi/ai_service.py:29–37,305–307;infra/fastapi/ai_service.py:66–83,259–299;infra/fastapi/setup_server.sh:66–76	Cross-cutting clinical/safety validation control is inconsistent or not evidenced across the catalog/quote surface.	Server-governed behavior, fail-closed authorization/validation, truthful state and redacted evidence; no mocks. Owner/stranger/unauth where applicable; replay/concurrency for mutations; negative/error/cleanup; contract and runtime evidence as applicable.
RD-0003	NORMALIZED_CONFIRMED_ROOT_CONTROL	NO_UNTIL_DECISION_AND_CONTRACT	catalog/quote	P0	Backend	BLOCKED_BY_DECISION	:13–16;:15–19;:173–192;:215–245;:39–47;:435–481, 510–558;:47–56;:4–28;:58–87;:5–37;app/[locale]/home-care/services/[serviceId]/page.tsx:11–18;app/[locale]/medicines/[medicineId]/page.tsx:16–36,40–64;app/offers/[id].tsx;docs/PATIENT_WEB_PUBLIC_DISCOVERY_HANDOFF.md:15–19;e2e/matrix.js:149–166,437–455;infra/fastapi/import_etl_products.py:28–44,135–168;infra/fastapi/seed_dev.py:1–509;infra/fastapi/seed_dev.py:512–534;nabd-patient-web/app/[locale]/cart/page.tsx:14–33;nabd-patient-web/app/[locale]/medicine-catalog/page.tsx:19–29,32–44	Cross-cutting financial truth/settlement control is inconsistent or not evidenced across the catalog/quote surface.	Server-governed behavior, fail-closed authorization/validation, truthful state and redacted evidence; no mocks. Owner/stranger/unauth where applicable; replay/concurrency for mutations; negative/error/cleanup; contract and runtime evidence as applicable.
RD-0004	NORMALIZED_CONFIRMED_ROOT_CONTROL	NO_UNTIL_DECISION_AND_CONTRACT	catalog/quote	P0	Backend	BLOCKED_BY_DECISION	:105–114;:12–23;:159–165, 207–209, 246–254;:15–16,27–29;:29–58;:46–58;:5–10;infra/fastapi/ai_service.py:60–86,265–267;infra/fastapi/requirements.txt:27; infra/fastapi/ai_service.py:64;infra/fastapi/tests/test_nabd_backend.py:72–142,165–204;scripts/backfill-catalog-governance.ts:127–142;scripts/publish-insurance-logo-assets.ts:43–49;scripts/reconcile-insurance-catalog.ts:76–80;scripts/seed-medicines.js:14–16,89;scripts/seed-medicines.js:26,43,60,77;scripts/seed-medicines.js:89–95,99–100;src/common/slug.util.ts:21–33;src/contracts/catalog-governance-backfill.contract.spec.ts:28–42;src/contracts/catalog-governance-backfill.contract.spec.ts:35–40,47–50;src/contracts/catalog-governance-backfill.contract.spec.ts:4–26	Cross-cutting input/schema validation control is inconsistent or not evidenced across the catalog/quote surface.	Server-governed behavior, fail-closed authorization/validation, truthful state and redacted evidence; no mocks. Owner/stranger/unauth where applicable; replay/concurrency for mutations; negative/error/cleanup; contract and runtime evidence as applicable.
RD-0005	NORMALIZED_CONFIRMED_ROOT_CONTROL	NO_UNTIL_DECISION_AND_CONTRACT	catalog/quote	P1	Provider	BLOCKED_BY_DECISION	src/common/slug.util.ts:36–46;src/modules/care/repositories/facility.repository.ts:8–13;src/modules/doctors/doctors.module.ts:224–231;src/modules/loyalty/loyalty.service.spec.ts:60–127;src/modules/notifications/notifications.service.spec.ts:5–27;src/modules/notifications/notifications.service.spec.ts:6,15–26;src/modules/slot-locks/slot-locks.service.spec.ts:34–62;src/schemas/facility.schema.ts:11–60;src/scripts/seed_test.ts:237–287	Cross-cutting observability/lifecycle control is inconsistent or not evidenced across the catalog/quote surface.	Server-governed behavior, fail-closed authorization/validation, truthful state and redacted evidence; no mocks. Owner/stranger/unauth where applicable; replay/concurrency for mutations; negative/error/cleanup; contract and runtime evidence as applicable.
RD-0006	NORMALIZED_CONFIRMED_ROOT_CONTROL	NO_UNTIL_DECISION_AND_CONTRACT	catalog/quote	P0	Patient Mobile	BLOCKED_BY_DECISION	:111–123;:116–130;:11–16;:142–155,219–226;:167–262, 619–685, 762–797;:377–433, 483–508;:46–50;:46–64;:66–88;:76–98,146–190;:95–109, 136–139;DoctorDashboard.tsx:189–419;e2e/matrix.js:243–321;infra/fastapi/server.py:343–375;infra/fastapi/server.py:582–640;nabd_plus_patient_app/app/map/index.tsx:165–247,249–318,336–345,604–660;nabd_plus_patient_app/app/nursing/service-details.tsx:32–52,69–80,94–153,199–227;nabd_plus_patient_app/app/pharmacy/barcode-scanner.tsx:25–58,60–98,111–157,164–217;nabd_plus_patient_app/app/pharmacy/chat-with-pharmacist.tsx;nabd_plus_patient_app/app/pharmacy/pharmacist-chat.tsx	Cross-cutting privacy/authorization control is inconsistent or not evidenced across the catalog/quote surface.	Server-governed behavior, fail-closed authorization/validation, truthful state and redacted evidence; no mocks. Owner/stranger/unauth where applicable; replay/concurrency for mutations; negative/error/cleanup; contract and runtime evidence as applicable.
RD-0007	NORMALIZED_CONFIRMED_ROOT_CONTROL	NO_UNTIL_DECISION_AND_CONTRACT	catalog/quote	P0	Backend	BLOCKED_BY_DECISION	:19–47;docker-compose.prod.yml:21–22,30–31,39–49;docker-compose.yml:3–18;docker-compose.yml:4–5;infra/docker-compose.infra.yml:8–9,17–18,23–38;infra/fastapi/tests/test_nabd_backend.py:28–415;jest.boot.config.js:1–8;package.json:91–107;scripts/reconcile-insurance-catalog.ts:18–35;scripts/test-flow.js:1–71;src/common/slug.util.ts:36–40;src/modules/ai/ai.service.excel.spec.ts:5–14;src/modules/ai/ai.service.spec.ts:13–25;src/modules/care/tests/public-discovery.spec.ts:7–24;src/modules/compat/admin-spa.module.ts:734–825;src/modules/coturn/coturn.service.ts:47–65;src/modules/custom-services/repositories/customservicerequest.repository.ts:5–6;src/modules/doctors/doctors.module.ts:52–54,214–232;src/modules/events/catalog-publication.service.spec.ts:81–92;src/modules/events/event-bus.service.spec.ts:1–19	Cross-cutting runtime/deployment evidence control is inconsistent or not evidenced across the catalog/quote surface.	Server-governed behavior, fail-closed authorization/validation, truthful state and redacted evidence; no mocks. Owner/stranger/unauth where applicable; replay/concurrency for mutations; negative/error/cleanup; contract and runtime evidence as applicable.
RD-0008	NORMALIZED_CONFIRMED_ROOT_CONTROL	NO_UNTIL_DECISION_AND_CONTRACT	catalog/quote	P0	Backend	BLOCKED_BY_DECISION	:13–18;:17–20;:19–20;:20–31;:21–24;:28–32;:31–50;:32–45;:34–36;:356–381, 384–429;:49–51;:50–70;:8–22;diagnostics/labs/page.tsx:12–26;diagnostics/radiology/page.tsx:13–21;infra/fastapi/import_etl_products.py:100–116;infra/fastapi/import_etl_products.py:170–186;infra/fastapi/import_etl_products.py:70–79,124–133;infra/fastapi/seed_dev.py:248–264,267–385;infra/fastapi/setup_server.sh:38–42	Cross-cutting state/concurrency/idempotency control is inconsistent or not evidenced across the catalog/quote surface.	Server-governed behavior, fail-closed authorization/validation, truthful state and redacted evidence; no mocks. Owner/stranger/unauth where applicable; replay/concurrency for mutations; negative/error/cleanup; contract and runtime evidence as applicable.
RD-0009	NORMALIZED_CONFIRMED_ROOT_CONTROL	NO_UNTIL_DECISION_AND_CONTRACT	catalog/quote	P0	Backend	BLOCKED_BY_DECISION	infra/fastapi/ai_service.py:166–191,208–226,300–302;src/common/slug.util.ts:21–46;src/modules/ai/ai.admin-containment.spec.ts:7–11;src/modules/ai/ai.service.excel.spec.ts:17–21;src/modules/booking-flow/booking-flow.service.spec.ts:1,14–28;src/modules/care/tests/public-discovery.spec.ts:90–100;src/modules/i18n/i18n.controller.ts:12–16; src/modules/i18n/i18n.service.ts:728–737;src/modules/medicines/med-i18n.spec.ts:18–34;src/modules/medicines/med-i18n.spec.ts:3–16,23–33;src/modules/medicines/med-i18n.ts:10–19,162–179;src/modules/medicines/medicines.public-catalog.contract.spec.ts:15–26,33–38;src/modules/medicines/medicines.public-catalog.contract.spec.ts:4–11,23–30;src/modules/provider-jobs/provider-jobs.module.ts:55–80;src/modules/seed/seed.service.ts:282–311;src/modules/slot-locks/slot-locks.service.spec.ts:53–62;src/modules/tour/tour.service.ts:11–14;src/schemas/medicine.schema.ts:8–10,101–107	Cross-cutting ux/parity/completeness control is inconsistent or not evidenced across the catalog/quote surface.	Server-governed behavior, fail-closed authorization/validation, truthful state and redacted evidence; no mocks. Owner/stranger/unauth where applicable; replay/concurrency for mutations; negative/error/cleanup; contract and runtime evidence as applicable.
RD-0010	NORMALIZED_CONFIRMED_ROOT_CONTROL	NO_UNTIL_DECISION_AND_CONTRACT	consultation	P2	Backend	BLOCKED_BY_DECISION	:18–24,61–67;e2e/matrix2.js:30–102,548–562;infra/docker-compose.infra.yml:23–38;src/modules/admin-command-center/admin-command-center.module.ts:40–59;src/modules/admin/admin.module.ts:11–16;src/modules/booking-ops/booking-ops.module.ts:50–56,163–169;src/modules/medical-reports/medical-reports.controller.ts:27–30;src/modules/nabd-extensions/repositories/appointment.repository.ts:1–13;src/modules/nabd-extensions/repositories/vitalreading.repository.ts:1–13;src/modules/provider-jobs/provider-jobs.module.ts:27–35,273–282;src/schemas/appointment.schema.ts:52–126;src/schemas/hospital-operations.schema.ts:60–72	Cross-cutting catalog/provenance/publication control is inconsistent or not evidenced across the consultation surface.	Server-governed behavior, fail-closed authorization/validation, truthful state and redacted evidence; no mocks. Owner/stranger/unauth where applicable; replay/concurrency for mutations; negative/error/cleanup; contract and runtime evidence as applicable.
RD-0011	NORMALIZED_CONFIRMED_ROOT_CONTROL	NO_UNTIL_DECISION_AND_CONTRACT	consultation	P1	Backend	BLOCKED_BY_DECISION	infra/livekit.yaml:1–32;src/modules/care/repositories/appointment.repository.ts:8–13;src/modules/family/repositories/sharedcalendarevent.repository.ts:8–13;src/schemas/extra.schemas.ts:1–93;src/schemas/radiology.schema.ts:111–207	Cross-cutting clinical/safety validation control is inconsistent or not evidenced across the consultation surface.	Server-governed behavior, fail-closed authorization/validation, truthful state and redacted evidence; no mocks. Owner/stranger/unauth where applicable; replay/concurrency for mutations; negative/error/cleanup; contract and runtime evidence as applicable.
RD-0012	NORMALIZED_CONFIRMED_ROOT_CONTROL	NO_UNTIL_DECISION_AND_CONTRACT	consultation	P0	Backend	BLOCKED_BY_DECISION	e2e/matrix2.js:231–510;src/modules/booking-flow/booking-flow.module.ts:183–200,232–240;src/modules/booking-flow/booking-flow.module.ts:209–228;src/modules/booking-ops/booking-ops.module.ts:123–160,180–189;src/modules/booking-ops/booking-ops.module.ts:2–24,83–150,191–204;src/modules/booking-ops/booking-ops.module.ts:94–103;src/modules/care/repositories/appointment.repository.ts:8–13;src/modules/home-care/repositories/homecarebooking.repository.ts:8–13;src/modules/home-care/schemas/home-care-booking.schema.ts:14–35;src/modules/home-care/schemas/home-care-booking.schema.ts:4–12,29–31;src/modules/hospital/schemas/hospital-department.schema.ts:23–24;src/modules/ops/metrics.interceptor.ts:38–44;src/modules/provider-ops/provider-ops.module.ts:198–224;src/modules/slot-locks/slot-locks.module.ts:20–31;src/modules/unified-bookings/unified-bookings.contract.spec.ts:53–62;src/modules/unified-bookings/unified-bookings.contract.spec.ts:53–82;src/schemas/appointment.schema.ts:1–138;src/schemas/appointment.schema.ts:52–137;src/schemas/appointment.schema.ts:81–82;src/schemas/lab.schema.ts:85–136	Cross-cutting financial truth/settlement control is inconsistent or not evidenced across the consultation surface.	Server-governed behavior, fail-closed authorization/validation, truthful state and redacted evidence; no mocks. Owner/stranger/unauth where applicable; replay/concurrency for mutations; negative/error/cleanup; contract and runtime evidence as applicable.
RD-0013	NORMALIZED_CONFIRMED_ROOT_CONTROL	NO_UNTIL_DECISION_AND_CONTRACT	consultation	P0	Provider	BLOCKED_BY_DECISION	infra/livekit.yaml:1–32;src/modules/compat/compat.module.ts:564–647;src/modules/family/repositories/sharedcalendarevent.repository.ts:8–11;src/modules/family/repositories/sharedcalendarevent.repository.ts:8–13;src/modules/home-care/controllers/home-care-tracking.controller.spec.ts:9–42;src/modules/home-care/home-care.contract.spec.ts:17–43;src/modules/home-care/home-care.controller.spec.ts:20–74;src/modules/livekit/livekit.followup.spec.ts:4–8,19–33;src/modules/livekit/repositories/callmetric.repository.ts:8–13;src/modules/provider-jobs/provider-jobs.module.ts:121–140,216–220,228–250;src/modules/slot-locks/slot-locks.module.ts:14–18;src/modules/unified-bookings/unified-bookings.contract.spec.ts:31–98;src/modules/unified-bookings/unified-bookings.contract.spec.ts:32–82;src/modules/unified-bookings/unified-bookings.contract.spec.ts:35–50,77–92;src/schemas/hospital-operations.schema.ts:76–89;src/schemas/slot-lock.schema.ts:12;src/schemas/slot-lock.schema.ts:13–14;src/schemas/slot-lock.schema.ts:16	Cross-cutting input/schema validation control is inconsistent or not evidenced across the consultation surface.	Server-governed behavior, fail-closed authorization/validation, truthful state and redacted evidence; no mocks. Owner/stranger/unauth where applicable; replay/concurrency for mutations; negative/error/cleanup; contract and runtime evidence as applicable.
RD-0014	NORMALIZED_CONFIRMED_ROOT_CONTROL	NO_UNTIL_DECISION_AND_CONTRACT	consultation	P2	Backend	BLOCKED_BY_DECISION	src/modules/family/repositories/sharedcalendarevent.repository.ts:8–13;src/modules/home-care/schemas/home-care-booking.schema.ts:14–35;src/schemas/outbound-referral.schema.ts:19–29	Cross-cutting observability/lifecycle control is inconsistent or not evidenced across the consultation surface.	Server-governed behavior, fail-closed authorization/validation, truthful state and redacted evidence; no mocks. Owner/stranger/unauth where applicable; replay/concurrency for mutations; negative/error/cleanup; contract and runtime evidence as applicable.
RD-0015	NORMALIZED_CONFIRMED_ROOT_CONTROL	NO_UNTIL_DECISION_AND_CONTRACT	consultation	P1	Backend	BLOCKED_BY_DECISION	:732–734;NabdProvider-provider/src/screens/nursing/NursingDashboard.tsx:80–103,128–164,226–232,266–286,293–318;e2e/matrix.js:400–417;nabd_plus_patient_app/app/(tabs)/health.tsx:99–127,206–250,338–373;nabd_plus_patient_app/app/nursing/live-tracking.tsx:75–95,99–137,143–173,204–273;nabd_plus_patient_app/app/orders/index.tsx:17–32,74–180,221–257;nabdah-backend/src/modules/home-care-compat/home-care-compat.module.ts:98–113,141–149,209–212;semantic-evidence-mobile-health-home.md;semantic-evidence-mobile-nursing-live-tracking.md;semantic-evidence-mobile-orders-center.md;src/modules/admin-notification-center/admin-notification-center.module.ts:246–278;src/modules/booking-ops/booking-ops.module.ts:152–177;src/modules/compat/compat.module.ts:32–38,482–487;src/modules/provider-ops/provider-ops.module.ts:201–235;src/modules/provider-ops/provider-ops.module.ts:521–632;src/modules/push/push.module.ts:302–312,619–687;src/modules/slot-locks/slot-locks.module.ts:34–42;src/modules/unified-bookings/unified-bookings.module.ts:103–125,416–426;src/schemas/appointment.schema.ts:92–96;src/schemas/review.schema.ts:7–11	Cross-cutting privacy/authorization control is inconsistent or not evidenced across the consultation surface.	Server-governed behavior, fail-closed authorization/validation, truthful state and redacted evidence; no mocks. Owner/stranger/unauth where applicable; replay/concurrency for mutations; negative/error/cleanup; contract and runtime evidence as applicable.
RD-0016	NORMALIZED_CONFIRMED_ROOT_CONTROL	NO_UNTIL_DECISION_AND_CONTRACT	consultation	P1	Backend	BLOCKED_BY_DECISION	infra/docker-compose.infra.yml:23–38;infra/livekit.yaml:10–19;infra/livekit.yaml:27–31;infra/livekit.yaml:2–4;src/modules/home-care/schemas/home-care-booking.schema.ts:21–34;src/modules/livekit/livekit.followup.spec.ts:52–122;src/modules/livekit/repositories/callmetric.repository.ts:8–13;src/modules/unified-bookings/unified-bookings.contract.spec.ts:8–29;src/schemas/slot-lock.schema.ts:15	Cross-cutting runtime/deployment evidence control is inconsistent or not evidenced across the consultation surface.	Server-governed behavior, fail-closed authorization/validation, truthful state and redacted evidence; no mocks. Owner/stranger/unauth where applicable; replay/concurrency for mutations; negative/error/cleanup; contract and runtime evidence as applicable.
RD-0017	NORMALIZED_CONFIRMED_ROOT_CONTROL	NO_UNTIL_DECISION_AND_CONTRACT	consultation	P1	Patient Mobile	BLOCKED_BY_DECISION	infra/fastapi/tests/test_nabd_backend.py:28–327,377–415;nabd_plus_patient_app/app/insurance/network-providers.tsx:21–37,49–77,160–179,183–272;semantic-evidence-mobile-insurance-network-providers.md;src/common/tracking.ts:8–15;src/contracts/mongoose-indexes.contract.spec.ts:9–20;src/modules/admin-notification-center/admin-notification-center.module.ts:244–280;src/modules/booking-flow/booking-flow.module.ts:103–169;src/modules/booking-flow/booking-flow.module.ts:172–180;src/modules/booking-flow/booking-flow.module.ts:183–200;src/modules/booking-flow/booking-flow.module.ts:242–259;src/modules/booking-ops/booking-ops.module.ts:180–189;src/modules/care/tests/appointments-states.spec.ts:149–199;src/modules/care/tests/appointments-states.spec.ts:156–178;src/modules/care/tests/appointments-states.spec.ts:156–190;src/modules/care/tests/appointments-states.spec.ts:46–64,88–98;src/modules/consistency/consistency.module.ts:34–59;src/modules/home-care-compat/home-care-compat.controller.spec.ts:26–33;src/modules/home-care-compat/home-care-compat.module.ts:74–95;src/modules/home-care/controllers/home-care-tracking.controller.spec.ts:9–32;src/modules/home-care/repositories/homecarebooking.repository.ts:8–13	Cross-cutting state/concurrency/idempotency control is inconsistent or not evidenced across the consultation surface.	Server-governed behavior, fail-closed authorization/validation, truthful state and redacted evidence; no mocks. Owner/stranger/unauth where applicable; replay/concurrency for mutations; negative/error/cleanup; contract and runtime evidence as applicable.
RD-0018	NORMALIZED_CONFIRMED_ROOT_CONTROL	NO_UNTIL_DECISION_AND_CONTRACT	consultation	P2	Patient Mobile	BLOCKED_BY_DECISION	nabd_plus_patient_app/app/settings/language.tsx:11–47;semantic-evidence-mobile-language-settings.md	Cross-cutting ux/parity/completeness control is inconsistent or not evidenced across the consultation surface.	Server-governed behavior, fail-closed authorization/validation, truthful state and redacted evidence; no mocks. Owner/stranger/unauth where applicable; replay/concurrency for mutations; negative/error/cleanup; contract and runtime evidence as applicable.
RD-0019	NORMALIZED_CONFIRMED_ROOT_CONTROL	NO_UNTIL_DECISION_AND_CONTRACT	diagnostics/homecare	P1	Backend	BLOCKED_BY_EVIDENCE	src/contracts/mongoose-indexes.contract.spec.ts:10–13;src/modules/admin-web-core/controllers/analytics.controller.ts:40–59;src/modules/compat/admin-nursing-containment.spec.ts:4–10;src/modules/home-care/controllers/home-care-tracking.controller.spec.ts:21–42;src/modules/home-care/home-care.contract.spec.ts:37–43;src/modules/home-care/repositories/careplan.repository.ts:8–13;src/modules/home-care/schemas/home-care-nurse.schema.ts:11–12;src/modules/provider-ops/provider-ops.module.ts:292–305,554–555;src/schemas/ambulance-vehicle.schema.ts:1–38;src/schemas/ambulance-vehicle.schema.ts:23–25;src/schemas/b2b-request.schema.ts:10,12–14;src/schemas/lab-result.schema.ts:23–25,33–36	Cross-cutting catalog/provenance/publication control is inconsistent or not evidenced across the diagnostics/homecare surface.	Server-governed behavior, fail-closed authorization/validation, truthful state and redacted evidence; no mocks. Owner/stranger/unauth where applicable; replay/concurrency for mutations; negative/error/cleanup; contract and runtime evidence as applicable.
RD-0020	NORMALIZED_CONFIRMED_ROOT_CONTROL	NO_UNTIL_DECISION_AND_CONTRACT	diagnostics/homecare	P2	Patient Mobile	BLOCKED_BY_DECISION	scripts/test-extensions.ts:269–296;src/modules/home-care-compat/home-care-compat.module.ts:228–272;src/modules/home-care/home-care.contract.spec.ts:17–35;src/modules/home-care/home-care.seed.ts:5–6,27–28,51–52,73–74,84–85,97–98,119–120,130–131;src/modules/home-care/repositories/careplan.repository.ts:8–13;src/modules/home-care/repositories/medicalsupplyrequest.repository.ts:8–13;src/modules/home-care/repositories/nursingvisitreport.repository.ts:8–13;src/modules/home-care/schemas/medical-supply-request.schema.ts:6–27;src/schemas/ambulance-vehicle.schema.ts:18–22;src/schemas/ambulance-vehicle.schema.ts:29–34;src/schemas/lab-result.schema.ts:27–28;src/schemas/lab-result.schema.ts:27–44;src/schemas/lab-result.schema.ts:38–44;src/schemas/radiology.schema.ts:131–142,172–189;src/schemas/radiology.schema.ts:181–189;src/schemas/radiology.schema.ts:23–32,48–60	Cross-cutting clinical/safety validation control is inconsistent or not evidenced across the diagnostics/homecare surface.	Server-governed behavior, fail-closed authorization/validation, truthful state and redacted evidence; no mocks. Owner/stranger/unauth where applicable; replay/concurrency for mutations; negative/error/cleanup; contract and runtime evidence as applicable.
RD-0021	NORMALIZED_CONFIRMED_ROOT_CONTROL	NO_UNTIL_DECISION_AND_CONTRACT	diagnostics/homecare	P2	Provider	BLOCKED_BY_DECISION	src/modules/home-care-compat/home-care-compat.module.ts:103–113,116–156;src/modules/home-care/schemas/medical-supply-request.schema.ts:14–27;src/schemas/callmetric.schema.ts:7–15;src/schemas/radiology.schema.ts:119–141;src/scripts/verify-production.ts:46–49	Cross-cutting financial truth/settlement control is inconsistent or not evidenced across the diagnostics/homecare surface.	Server-governed behavior, fail-closed authorization/validation, truthful state and redacted evidence; no mocks. Owner/stranger/unauth where applicable; replay/concurrency for mutations; negative/error/cleanup; contract and runtime evidence as applicable.
RD-0022	NORMALIZED_CONFIRMED_ROOT_CONTROL	NO_UNTIL_DECISION_AND_CONTRACT	diagnostics/homecare	P1	Backend	BLOCKED_BY_DECISION	e2e/README.md:22–46;e2e/boot.js:37–52;jest.boot.config.js:5–6;scripts/seed-insurance-companies.ts:12–14;src/modules/business-rules/business-rules.module.ts:29–39,142–163;src/modules/care/schemas/encounter-referrals.schema.ts:15–31;src/modules/events/events.controllers.ts:12–24;src/modules/home-care-compat/home-care-compat.module.ts:162–167;src/modules/home-care/controllers/home-care-tracking.controller.spec.ts:9–42;src/modules/home-care/home-care.contract.spec.ts:17–43;src/modules/home-care/home-care.controller.spec.ts:14–17,34–74;src/modules/home-care/home-care.seed.ts:4,11,15,22,26,33,37,44,50,57,61,68,72,79,83,90,96,103,107,114,118,125,129,136;src/modules/home-care/repositories/careplan.repository.ts:8–13;src/modules/home-care/schemas/medical-supply-request.schema.ts:15–20;src/modules/workflow-engine/workflow-engine.module.ts:449–458;src/schemas/ambulance-vehicle.schema.ts:14–20,26;src/schemas/approval-request.schema.ts:16;src/schemas/emergency.schema.ts:22–26;src/schemas/feature-flag.schema.ts:12–16;src/schemas/lab-result.schema.ts:30–31	Cross-cutting input/schema validation control is inconsistent or not evidenced across the diagnostics/homecare surface.	Server-governed behavior, fail-closed authorization/validation, truthful state and redacted evidence; no mocks. Owner/stranger/unauth where applicable; replay/concurrency for mutations; negative/error/cleanup; contract and runtime evidence as applicable.
RD-0023	NORMALIZED_CONFIRMED_ROOT_CONTROL	NO_UNTIL_DECISION_AND_CONTRACT	diagnostics/homecare	P0	Backend	BLOCKED_BY_DECISION	scripts/seed-articles.ts:47–61;scripts/seed-loyalty.ts:113–138;src/health.controller.ts:37–44;src/modules/home-care/repositories/medicalsupplyrequest.repository.ts:8–13;src/modules/home-care/schemas/home-care-nurse.schema.ts:4–17;src/schemas/ambulance-vehicle.schema.ts:23–28;src/schemas/patient-crm-tag.schema.ts:16–32	Cross-cutting observability/lifecycle control is inconsistent or not evidenced across the diagnostics/homecare surface.	Server-governed behavior, fail-closed authorization/validation, truthful state and redacted evidence; no mocks. Owner/stranger/unauth where applicable; replay/concurrency for mutations; negative/error/cleanup; contract and runtime evidence as applicable.
RD-0024	NORMALIZED_CONFIRMED_ROOT_CONTROL	NO_UNTIL_DECISION_AND_CONTRACT	diagnostics/homecare	P0	Provider	BLOCKED_BY_DECISION	src/modules/compat/admin-nursing-containment.spec.ts:7–10;src/modules/compat/admin-spa.module.ts:1301–1315;src/modules/home-care/repositories/careplan.repository.ts:8–13;src/modules/home-care/repositories/nursingvisitreport.repository.ts:8–13;src/modules/seed/seed.data.ts:1–3,10–40,74–279;src/schemas/ad-placement.schema.ts:12–25;src/schemas/family.schemas.ts:36–50;src/schemas/lab-result.schema.ts:33–44;src/schemas/patient-crm-tag.schema.ts:28–29	Cross-cutting privacy/authorization control is inconsistent or not evidenced across the diagnostics/homecare surface.	Server-governed behavior, fail-closed authorization/validation, truthful state and redacted evidence; no mocks. Owner/stranger/unauth where applicable; replay/concurrency for mutations; negative/error/cleanup; contract and runtime evidence as applicable.
RD-0025	NORMALIZED_CONFIRMED_ROOT_CONTROL	NO_UNTIL_DECISION_AND_CONTRACT	diagnostics/homecare	P2	Backend	BLOCKED_BY_EVIDENCE	NABDAH_PROJECT_REFERENCE.md:184–200;src/config/openapi.config.ts:36–44;src/modules/compat/admin-nursing-containment.spec.ts:1–11;src/modules/compat/admin-nursing-containment.spec.ts:4–10;src/modules/compat/admin-nursing-containment.spec.ts:7–10;src/modules/home-care/home-care.controller.spec.ts:5–18,20–74	Cross-cutting runtime/deployment evidence control is inconsistent or not evidenced across the diagnostics/homecare surface.	Server-governed behavior, fail-closed authorization/validation, truthful state and redacted evidence; no mocks. Owner/stranger/unauth where applicable; replay/concurrency for mutations; negative/error/cleanup; contract and runtime evidence as applicable.
RD-0026	NORMALIZED_CONFIRMED_ROOT_CONTROL	NO_UNTIL_DECISION_AND_CONTRACT	diagnostics/homecare	P1	Backend	BLOCKED_BY_DECISION	docker-compose.yml:3–18;e2e/matrix.js:33–40,155–166,262–341,400–417;nabd_plus_patient_app/app/(tabs)/nursing.tsx:80–103;nabdah-backend/src/modules/home-care-compat/home-care-compat.module.ts:116–138,274–308;ocr_worker.py:23–28,51–60;scripts/publish-insurance-logo-assets.ts:42–46;scripts/publish-insurance-logo-assets.ts:43–46;src/modules/admin-command-center/admin-command-center.module.ts:62–66,125–143;src/modules/admin-web-core/controllers/admin-governance.controller.spec.ts:4–10;src/modules/admin-web-core/controllers/admin-governance.controller.ts:21–31;src/modules/care/schemas/encounter-referrals.schema.ts:24–28;src/modules/consistency/consistency.module.ts:111–120;src/modules/emergency/ambulance-fleet.controller.ts:20–22,42,57,71–80,125–142; src/modules/emergency/emergency.controller.ts:53–81;src/modules/home-care-compat/home-care-compat.controller.spec.ts:5–11,28–33;src/modules/home-care-compat/home-care-compat.module.ts:116–148;src/modules/home-care-compat/home-care-compat.module.ts:274–308;src/modules/home-care/controllers/home-care-tracking.controller.spec.ts:21–32;src/modules/home-care/controllers/home-care-tracking.controller.spec.ts:21–42;src/modules/home-care/controllers/home-care-tracking.controller.ts:99–105;src/modules/home-care/home-care.contract.spec.ts:17–43	Cross-cutting state/concurrency/idempotency control is inconsistent or not evidenced across the diagnostics/homecare surface.	Server-governed behavior, fail-closed authorization/validation, truthful state and redacted evidence; no mocks. Owner/stranger/unauth where applicable; replay/concurrency for mutations; negative/error/cleanup; contract and runtime evidence as applicable.
RD-0027	NORMALIZED_CONFIRMED_ROOT_CONTROL	NO_UNTIL_DECISION_AND_CONTRACT	diagnostics/homecare	P2	Backend	BLOCKED_BY_DECISION	src/modules/api-security/api-security.module.ts:72–100	Cross-cutting ux/parity/completeness control is inconsistent or not evidenced across the diagnostics/homecare surface.	Server-governed behavior, fail-closed authorization/validation, truthful state and redacted evidence; no mocks. Owner/stranger/unauth where applicable; replay/concurrency for mutations; negative/error/cleanup; contract and runtime evidence as applicable.
RD-0028	NORMALIZED_CONFIRMED_ROOT_CONTROL	NO_UNTIL_DECISION_AND_CONTRACT	insurance/payment	P1	Backend	BLOCKED_BY_DECISION	ENVIRONMENT.md:1–5;scripts/publish-insurance-logo-assets.ts:43–49;scripts/seed-insurance-companies.ts:4–13;src/contracts/insurance-openapi.contract.spec.ts:69–86;src/modules/compat/compat.module.ts:2–8,477–532,1111–1139;src/modules/insurance/insurance.module.ts:111–125,427–448;src/modules/users/user.insurance.controller.ts:13–46;src/modules/users/users.insurance.controller.ts:34–80;src/schemas/insurance.schema.ts:27–39,55–61;src/schemas/insurance.schema.ts:8–16,23–26,49–53;src/scripts/seed-insurance-companies.ts:31;src/scripts/seed-insurance-companies.ts:5–6,28–32;src/scripts/seed-insurance-companies.ts:8–19;todo.md:1063–1104	Cross-cutting catalog/provenance/publication control is inconsistent or not evidenced across the insurance/payment surface.	Server-governed behavior, fail-closed authorization/validation, truthful state and redacted evidence; no mocks. Owner/stranger/unauth where applicable; replay/concurrency for mutations; negative/error/cleanup; contract and runtime evidence as applicable.
RD-0029	NORMALIZED_CONFIRMED_ROOT_CONTROL	NO_UNTIL_DECISION_AND_CONTRACT	insurance/payment	P1	Provider	BLOCKED_BY_DECISION	docker-compose.prod.yml:12–17; ENVIRONMENT.md:9–170;infra/fastapi/server.py:1327–1364;jest.boot.config.js:1–8;scripts/seed-insurance-companies.ts:12–14;src/modules/patient-ux/patient-ux.module.ts:131–138;src/schemas/ad-placement.schema.ts:12–25	Cross-cutting clinical/safety validation control is inconsistent or not evidenced across the insurance/payment surface.	Server-governed behavior, fail-closed authorization/validation, truthful state and redacted evidence; no mocks. Owner/stranger/unauth where applicable; replay/concurrency for mutations; negative/error/cleanup; contract and runtime evidence as applicable.
RD-0030	NORMALIZED_CONFIRMED_ROOT_CONTROL	NO_UNTIL_DECISION_AND_CONTRACT	insurance/payment	P0	Backend	BLOCKED_BY_DECISION	ENVIRONMENT.md:29–90,143–170;NABDAH_PROJECT_REFERENCE.md:73–100,184–205,218–229;infra/fastapi/server.py:1191–1217;scripts/seed-loyalty.ts:1;src/config/openapi.config.ts:53–86;src/contracts/phase6-contracts.ts:62–83;src/health.controller.ts:33–56;src/modules/admin-web-core/admin-web-core.module.ts:22–39;src/modules/admin-web-core/admin-web-core.module.ts:24–49;src/modules/admin-web-core/controllers/admin-extended-operations.controller.ts:40–42;src/modules/approval-workflow/approval-workflow.module.ts:107–114;src/modules/billing/tests/billing-zatca.spec.ts:20–33;src/modules/billing/tests/billing-zatca.spec.ts:27–53;src/modules/billing/tests/billing-zatca.spec.ts:57–69;src/modules/business-rules/business-rules.module.ts:2–7,142–163;src/modules/drivers/repositories/order.repository.ts:8–13;src/modules/insurance-engine/insurance-engine.module.ts:266–289;src/modules/insurance-engine/insurance-engine.module.ts:365–421;src/modules/insurance-engine/insurance-engine.module.ts:495–517;src/modules/insurance/insurance.module.ts:175–210	Cross-cutting financial truth/settlement control is inconsistent or not evidenced across the insurance/payment surface.	Server-governed behavior, fail-closed authorization/validation, truthful state and redacted evidence; no mocks. Owner/stranger/unauth where applicable; replay/concurrency for mutations; negative/error/cleanup; contract and runtime evidence as applicable.
RD-0031	NORMALIZED_CONFIRMED_ROOT_CONTROL	NO_UNTIL_DECISION_AND_CONTRACT	insurance/payment	P1	Provider	BLOCKED_BY_DECISION	docs/PATIENT_WEB_PUBLIC_DISCOVERY_HANDOFF.md:30–32;e2e/package.json:1;infra/fastapi/setup_server.sh:3–4,17–21;jest.boot.config.js:2–4;scripts/publish-insurance-logo-assets.ts:39–46;scripts/publish-insurance-logo-assets.ts:43–46;scripts/seed-insurance-companies.ts:12–14;scripts/seed-insurance-companies.ts:1–11;src/contracts/insurance-openapi.contract.spec.ts:15–40,42–91;src/modules/business-rules/business-rules.module.ts:59–61,72–80,136–138;src/modules/insurance/insurance.module.ts:16–17,227–251,499–510;src/modules/insurance/insurance.module.ts:182–190,212–224;src/modules/ops/metrics.interceptor.ts:5–10,24–25;src/modules/storage/storage.module.spec.ts:1–31;src/schemas/insurance.schema.ts:87–89;src/schemas/insurance.schema.ts:89–90;src/scripts/seed-insurance-companies.ts:24–31;src/scripts/verify-production.ts:12–22	Cross-cutting input/schema validation control is inconsistent or not evidenced across the insurance/payment surface.	Server-governed behavior, fail-closed authorization/validation, truthful state and redacted evidence; no mocks. Owner/stranger/unauth where applicable; replay/concurrency for mutations; negative/error/cleanup; contract and runtime evidence as applicable.
RD-0032	NORMALIZED_CONFIRMED_ROOT_CONTROL	NO_UNTIL_DECISION_AND_CONTRACT	insurance/payment	P1	Backend	BLOCKED_BY_DECISION	src/modules/insurance-engine/insurance-engine.module.ts:33–67,280–287;src/modules/insurance/insurance.module.ts:363–365,493–496;src/modules/ops/ops.controller.ts:161–173;src/schemas/insurance.schema.ts:23–41,83–110;src/schemas/leave-request.schema.ts:12–19;src/scripts/seed-insurance-companies.ts:21–24,36–38	Cross-cutting observability/lifecycle control is inconsistent or not evidenced across the insurance/payment surface.	Server-governed behavior, fail-closed authorization/validation, truthful state and redacted evidence; no mocks. Owner/stranger/unauth where applicable; replay/concurrency for mutations; negative/error/cleanup; contract and runtime evidence as applicable.
RD-0033	NORMALIZED_CONFIRMED_ROOT_CONTROL	NO_UNTIL_DECISION_AND_CONTRACT	insurance/payment	P1	Patient Mobile	BLOCKED_BY_DECISION	nabd_plus_patient_app/app/insurance/benefits-summary.tsx:19–29,56–65,61–121;nabd_plus_patient_app/app/insurance/policy-detail.tsx:23–39,66–120;semantic-evidence-mobile-insurance-benefits-summary.md;semantic-evidence-mobile-insurance-policy-detail.md;src/contracts/phase6-contracts.ts:37–50;src/modules/drivers/repositories/order.repository.ts:8–13;src/modules/insurance/insurance.module.ts:227–251;src/modules/legal/legal.module.ts:156–211;src/schemas/ad-placement.schema.ts:21–22;todo.md:1–36	Cross-cutting privacy/authorization control is inconsistent or not evidenced across the insurance/payment surface.	Server-governed behavior, fail-closed authorization/validation, truthful state and redacted evidence; no mocks. Owner/stranger/unauth where applicable; replay/concurrency for mutations; negative/error/cleanup; contract and runtime evidence as applicable.
RD-0034	NORMALIZED_CONFIRMED_ROOT_CONTROL	NO_UNTIL_DECISION_AND_CONTRACT	insurance/payment	P0	Operations	BLOCKED_BY_DECISION	infra/fastapi/tests/conftest.py:9–13,23–28;scripts/publish-insurance-logo-assets.ts:39–51;scripts/seed-insurance-companies.ts:1–14;scripts/seed-insurance-companies.ts:4–10;src/config/websocket-cors.ts:1–15;src/modules/notifications/processors/mail.processor.ts:15–16;src/modules/workflow-engine/workflow-engine.module.ts:366–391,432–440;src/schemas/insurance.schema.ts:8,11,49–50,69–72;src/scripts/seed-insurance-companies.ts:21–25	Cross-cutting runtime/deployment evidence control is inconsistent or not evidenced across the insurance/payment surface.	Server-governed behavior, fail-closed authorization/validation, truthful state and redacted evidence; no mocks. Owner/stranger/unauth where applicable; replay/concurrency for mutations; negative/error/cleanup; contract and runtime evidence as applicable.
RD-0035	NORMALIZED_CONFIRMED_ROOT_CONTROL	NO_UNTIL_DECISION_AND_CONTRACT	insurance/payment	P1	Patient Mobile	BLOCKED_BY_DECISION	NABDAH_PROJECT_REFERENCE.md:11–18;about.tsx;feedback.tsx;help.tsx;language.tsx;nabd_plus_patient_app/app/settings/data.tsx;nabd_plus_patient_app/app/settings/data.tsx:18–63,84–150;scripts/publish-insurance-logo-assets.ts:18,43–49;scripts/test-flow.js:67–68;semantic-evidence-mobile-data-management.md;src/app.module.ts:127,251;src/app.module.ts:262–264;src/contracts/insurance-openapi.contract.spec.ts:42–86;src/contracts/insurance-openapi.contract.spec.ts:69–85;src/contracts/insurance-openapi.contract.spec.ts:88–91;src/modules/admin-notification-center/admin-notification-center.module.ts:184–191;src/modules/admin-notification-center/admin-notification-center.module.ts:231–242;src/modules/billing/tests/billing-zatca.spec.ts:6–17;src/modules/event-reliability/event-reliability.module.ts:99–118;src/modules/insurance-engine/insurance-engine.module.ts:292–329	Cross-cutting state/concurrency/idempotency control is inconsistent or not evidenced across the insurance/payment surface.	Server-governed behavior, fail-closed authorization/validation, truthful state and redacted evidence; no mocks. Owner/stranger/unauth where applicable; replay/concurrency for mutations; negative/error/cleanup; contract and runtime evidence as applicable.
RD-0036	NORMALIZED_CONFIRMED_ROOT_CONTROL	NO_UNTIL_DECISION_AND_CONTRACT	insurance/payment	P2	Backend	BLOCKED_BY_DECISION	src/contracts/insurance-openapi.contract.spec.ts:56–67;src/modules/billing/tests/billing-zatca.spec.ts:19–55	Cross-cutting ux/parity/completeness control is inconsistent or not evidenced across the insurance/payment surface.	Server-governed behavior, fail-closed authorization/validation, truthful state and redacted evidence; no mocks. Owner/stranger/unauth where applicable; replay/concurrency for mutations; negative/error/cleanup; contract and runtime evidence as applicable.
RD-0037	NORMALIZED_CONFIRMED_ROOT_CONTROL	NO_UNTIL_DECISION_AND_CONTRACT	patient web/mobile parity	P2	Backend	BLOCKED_BY_DECISION	infra/fastapi/nestjs_proxy.py:40–47;src/main.ts:70–81;src/modules/nutrition/repositories/nutritionprofile.repository.ts:8–13;src/schemas/delivery.schema.ts:18	Cross-cutting catalog/provenance/publication control is inconsistent or not evidenced across the patient web/mobile parity surface.	Server-governed behavior, fail-closed authorization/validation, truthful state and redacted evidence; no mocks. Owner/stranger/unauth where applicable; replay/concurrency for mutations; negative/error/cleanup; contract and runtime evidence as applicable.
RD-0038	NORMALIZED_CONFIRMED_ROOT_CONTROL	NO_UNTIL_DECISION_AND_CONTRACT	patient web/mobile parity	P1	Backend	BLOCKED_BY_EVIDENCE	infra/fastapi/ai_routes.py:53–57,118–154;scripts/seed-articles.ts:35–39;scripts/seed-loyalty.ts:20–62,68–109;src/modules/chat/chat.contract.spec.ts:1–102;src/modules/family/repositories/sharedcalendarevent.repository.ts:8–13;src/modules/mental-health/repositories/crisiscontact.repository.ts:8–13	Cross-cutting clinical/safety validation control is inconsistent or not evidenced across the patient web/mobile parity surface.	Server-governed behavior, fail-closed authorization/validation, truthful state and redacted evidence; no mocks. Owner/stranger/unauth where applicable; replay/concurrency for mutations; negative/error/cleanup; contract and runtime evidence as applicable.
RD-0039	NORMALIZED_CONFIRMED_ROOT_CONTROL	NO_UNTIL_DECISION_AND_CONTRACT	patient web/mobile parity	P2	Provider	BLOCKED_BY_DECISION	src/modules/notifications/processors/mail.processor.ts:13–17	Cross-cutting financial truth/settlement control is inconsistent or not evidenced across the patient web/mobile parity surface.	Server-governed behavior, fail-closed authorization/validation, truthful state and redacted evidence; no mocks. Owner/stranger/unauth where applicable; replay/concurrency for mutations; negative/error/cleanup; contract and runtime evidence as applicable.
RD-0040	NORMALIZED_CONFIRMED_ROOT_CONTROL	NO_UNTIL_DECISION_AND_CONTRACT	patient web/mobile parity	P0	Backend	READY_FOR_BUILD	infra/fastapi/ai_routes.py:161–180;infra/fastapi/server.py:93–113,134–145,169–186,582–640,1157–1188;src/modules/chat/chat.gateway.followup.spec.ts:14,28,39;src/modules/chat/chat.gateway.followup.spec.ts:1–45;src/modules/compat/compat-family-chat.spec.ts:19–33;src/modules/compat/compat-family-chat.spec.ts:35–38	Cross-cutting input/schema validation control is inconsistent or not evidenced across the patient web/mobile parity surface.	Server-governed behavior, fail-closed authorization/validation, truthful state and redacted evidence; no mocks. Owner/stranger/unauth where applicable; replay/concurrency for mutations; negative/error/cleanup; contract and runtime evidence as applicable.
RD-0041	NORMALIZED_CONFIRMED_ROOT_CONTROL	NO_UNTIL_DECISION_AND_CONTRACT	patient web/mobile parity	P2	Backend	BLOCKED_BY_DECISION	infra/fastapi/server.py:768–805;src/modules/compat/compat-family-chat.spec.ts:25–38;src/schemas/hospital-operations.schema.ts:7–89;src/schemas/sla-log.schema.ts:7–25	Cross-cutting observability/lifecycle control is inconsistent or not evidenced across the patient web/mobile parity surface.	Server-governed behavior, fail-closed authorization/validation, truthful state and redacted evidence; no mocks. Owner/stranger/unauth where applicable; replay/concurrency for mutations; negative/error/cleanup; contract and runtime evidence as applicable.
RD-0042	NORMALIZED_CONFIRMED_ROOT_CONTROL	NO_UNTIL_DECISION_AND_CONTRACT	patient web/mobile parity	P1	Backend	BLOCKED_BY_DECISION	ENVIRONMENT.md:107–118;app/[locale]/chat/[threadId]/page.tsx:11–12;app/[locale]/family/page.tsx:15–44;e2e/matrix.js:359–370;src/contracts/phase6-contracts.ts:3–8,21–83;src/modules/drivers/repositories/drivershift.repository.ts:8–13;src/modules/legal/legal.module.ts:174–178	Cross-cutting privacy/authorization control is inconsistent or not evidenced across the patient web/mobile parity surface.	Server-governed behavior, fail-closed authorization/validation, truthful state and redacted evidence; no mocks. Owner/stranger/unauth where applicable; replay/concurrency for mutations; negative/error/cleanup; contract and runtime evidence as applicable.
RD-0043	NORMALIZED_CONFIRMED_ROOT_CONTROL	NO_UNTIL_DECISION_AND_CONTRACT	patient web/mobile parity	P2	Operations	BLOCKED_BY_DECISION	package.json:6–14;src/modules/chat/chat.gateway.followup.spec.ts:7–11,21–25,34–35;src/modules/drivers/repositories/delivery.repository.ts:8–13;src/modules/notifications/processors/mail.processor.ts:9–13	Cross-cutting runtime/deployment evidence control is inconsistent or not evidenced across the patient web/mobile parity surface.	Server-governed behavior, fail-closed authorization/validation, truthful state and redacted evidence; no mocks. Owner/stranger/unauth where applicable; replay/concurrency for mutations; negative/error/cleanup; contract and runtime evidence as applicable.
RD-0044	NORMALIZED_CONFIRMED_ROOT_CONTROL	NO_UNTIL_DECISION_AND_CONTRACT	patient web/mobile parity	P0	Operations	BLOCKED_BY_DECISION	NABDAH_PROJECT_REFERENCE.md:15,49,257–283;app/[locale]/notifications/settings/page.tsx:18–31;docs/PATIENT_WEB_PUBLIC_DISCOVERY_HANDOFF.md:38–41;infra/fastapi/import_etl_products.py:188–198;src/common/validators/password.validator.ts:3–27;src/config/openapi.config.ts:36–45,53–86;src/modules/chat/chat.contract.spec.ts:17–24,39–49;src/modules/chat/chat.contract.spec.ts:70–85;src/modules/chat/chat.contract.spec.ts:99–101;src/modules/chat/chat.contract.spec.ts:9–29;src/modules/chat/chat.gateway.followup.spec.ts:5–44;src/modules/compat/compat-family-chat.spec.ts:25–38;src/modules/compat/compat-family-chat.spec.ts:35–38;src/modules/health/health.controller.ts:50–93, 111–123;src/modules/media/media.schema.ts:8–23;src/modules/socket/socket.gateway.ts:6–45;src/schemas/nutrition.schema.ts:31–79;src/schemas/patient-crm-tag.schema.ts:22–26;src/schemas/treatment-program.schema.ts:21–25;todo.md:621–632,657–672	Cross-cutting state/concurrency/idempotency control is inconsistent or not evidenced across the patient web/mobile parity surface.	Server-governed behavior, fail-closed authorization/validation, truthful state and redacted evidence; no mocks. Owner/stranger/unauth where applicable; replay/concurrency for mutations; negative/error/cleanup; contract and runtime evidence as applicable.
RD-0045	NORMALIZED_CONFIRMED_ROOT_CONTROL	NO_UNTIL_DECISION_AND_CONTRACT	patient web/mobile parity	P1	Backend	BLOCKED_BY_DECISION	NABDAH_PROJECT_REFERENCE.md:59–69,285–1800;NABDAH_PROJECT_REFERENCE.md:67–71,154–156;app/api/patient/[...path]/route.ts;infra/fastapi/ai_routes.py:179–184;lib/api/patient-allowlist.ts:46–48;src/common/redis-cache.interceptor.ts:10–35;src/contracts/phase6-contracts.spec.ts:17–21;src/contracts/phase6-contracts.ts:74–83;src/modules/legal/legal.module.ts:48–61;test/app.boot.e2e-spec.ts:31–34;todo.md:1026–1029	Cross-cutting ux/parity/completeness control is inconsistent or not evidenced across the patient web/mobile parity surface.	Server-governed behavior, fail-closed authorization/validation, truthful state and redacted evidence; no mocks. Owner/stranger/unauth where applicable; replay/concurrency for mutations; negative/error/cleanup; contract and runtime evidence as applicable.
RD-0046	NORMALIZED_CONFIRMED_ROOT_CONTROL	NO_UNTIL_DECISION_AND_CONTRACT	pharmacy offers+settlement	P1	Backend	BLOCKED_BY_DECISION	scripts/seed-loyalty.ts:124–129;src/modules/cart/cart.module.ts:183–195;src/modules/payouts/provider-payouts.controller.spec.ts:16,25–49;src/modules/provider-ops/provider-ops.module.ts:381–400;src/schemas/inventory.schema.ts:8–19;src/schemas/pharmacy-chat.schema.ts:16–25;src/schemas/pharmacy-inventory.schema.ts:8–9,18	Cross-cutting catalog/provenance/publication control is inconsistent or not evidenced across the pharmacy offers+settlement surface.	Server-governed behavior, fail-closed authorization/validation, truthful state and redacted evidence; no mocks. Owner/stranger/unauth where applicable; replay/concurrency for mutations; negative/error/cleanup; contract and runtime evidence as applicable.
RD-0047	NORMALIZED_CONFIRMED_ROOT_CONTROL	NO_UNTIL_DECISION_AND_CONTRACT	pharmacy offers+settlement	P0	Backend	BLOCKED_BY_DECISION	app/[locale]/prescriptions/page.tsx:13–43;ocr_worker.py:31–45;src/contracts/mongoose-indexes.contract.spec.ts:1–2,9–20;src/modules/home-care/home-care.seed.ts:25–45,49–91,128–138;src/modules/home-care/schemas/medical-supply-request.schema.ts:14–24;src/schemas/drug-rejection-log.schema.ts:9–16;src/schemas/inventory.schema.ts:14–15;src/schemas/lab.schema.ts:107,116,120–123;src/schemas/pharmacy-inventory.schema.ts:13	Cross-cutting clinical/safety validation control is inconsistent or not evidenced across the pharmacy offers+settlement surface.	Server-governed behavior, fail-closed authorization/validation, truthful state and redacted evidence; no mocks. Owner/stranger/unauth where applicable; replay/concurrency for mutations; negative/error/cleanup; contract and runtime evidence as applicable.
RD-0048	NORMALIZED_CONFIRMED_ROOT_CONTROL	NO_UNTIL_DECISION_AND_CONTRACT	pharmacy offers+settlement	P0	Patient Mobile	BLOCKED_BY_DECISION	e2e/matrix.js:437–455;e2e/matrix.js:49–465;e2e/matrix2.js:31–102,190–199,280–290,423–426;infra/fastapi/server.py:428–466,536–579;infra/fastapi/server.py:703–739;infra/fastapi/server.py:948–963;nabd_plus_patient_app/app/wallet/cards.tsx:31–117,327–376;scripts/seed-loyalty.ts:66–110;scripts/test-extensions.ts:161–207,279–285;semantic-evidence-mobile-wallet-cards.md;semantic-evidence-mobile-wallet-transfer.md;src/contracts/insurance-openapi.contract.spec.ts:69–86;src/modules/admin-governance/admin-governance.module.ts:301–335;src/modules/admin-web-core/schemas/heatmap-data.schema.ts:20–21;src/modules/analytics/analytics.module.ts:69–83,109–116;src/modules/billing/billing.module.ts:27–43,90–120,123–129;src/modules/billing/tests/billing-zatca.spec.ts:57–69;src/modules/booking-flow/booking-flow.module.ts:202–229;src/modules/booking-ops/booking-ops.module.ts:106–120;src/modules/care/tests/appointments-states.spec.ts:100–147	Cross-cutting financial truth/settlement control is inconsistent or not evidenced across the pharmacy offers+settlement surface.	Server-governed behavior, fail-closed authorization/validation, truthful state and redacted evidence; no mocks. Owner/stranger/unauth where applicable; replay/concurrency for mutations; negative/error/cleanup; contract and runtime evidence as applicable.
RD-0049	NORMALIZED_CONFIRMED_ROOT_CONTROL	NO_UNTIL_DECISION_AND_CONTRACT	pharmacy offers+settlement	P2	Backend	BLOCKED_BY_DECISION	infra/fastapi/requirements.txt:1–29;scripts/seed-loyalty.ts:15–17,18–111,124–129;src/modules/cart/cart.contract.spec.ts:47–66;src/modules/cart/cart.module.ts:23–36,62–75;src/modules/ops/ops.controller.ts:96–115,123–135;src/modules/seed/repositories/pharmacyinventory.repository.ts:8–13;src/schemas/inventory.schema.ts:10–11;src/schemas/return-request.schema.ts:8–15	Cross-cutting input/schema validation control is inconsistent or not evidenced across the pharmacy offers+settlement surface.	Server-governed behavior, fail-closed authorization/validation, truthful state and redacted evidence; no mocks. Owner/stranger/unauth where applicable; replay/concurrency for mutations; negative/error/cleanup; contract and runtime evidence as applicable.
RD-0050	NORMALIZED_CONFIRMED_ROOT_CONTROL	NO_UNTIL_DECISION_AND_CONTRACT	pharmacy offers+settlement	P2	Backend	READY_FOR_BUILD	src/schemas/inventory.schema.ts:5–15;src/schemas/pharmacy-inventory.schema.ts:5–13	Cross-cutting observability/lifecycle control is inconsistent or not evidenced across the pharmacy offers+settlement surface.	Server-governed behavior, fail-closed authorization/validation, truthful state and redacted evidence; no mocks. Owner/stranger/unauth where applicable; replay/concurrency for mutations; negative/error/cleanup; contract and runtime evidence as applicable.
RD-0051	NORMALIZED_CONFIRMED_ROOT_CONTROL	NO_UNTIL_DECISION_AND_CONTRACT	pharmacy offers+settlement	P0	Provider	BLOCKED_BY_DECISION	:152–171, 184–187;NABDAH_PROJECT_REFERENCE.md:89–100;NursingDashboard.tsx:80–160,226–232,356–678;NursingFieldOps.tsx;e2e/matrix2.js:279–299,333–369,387–442,465–510;nabd-patient-web/app/[locale]/cart/page.tsx:14–33;nabd_plus_patient_app/app/returns/detail.tsx:53–74,93–112,152–164;nabd_plus_patient_app/app/wallet/topup.tsx;scripts/test-extensions.ts:70–146;semantic-evidence-mobile-returns-detail.md;semantic-evidence-mobile-wallet-topup.md;semantic-evidence-mobile-wallet-transactions.md;semantic-evidence-web-cart.md;src/modules/admin-notification-center/admin-notification-center.module.ts:283–329;src/modules/payouts/provider-payouts.controller.spec.ts:42–49;src/modules/provider-ops/provider-ops.module.ts:446–504,629–632;transactions.tsx	Cross-cutting privacy/authorization control is inconsistent or not evidenced across the pharmacy offers+settlement surface.	Server-governed behavior, fail-closed authorization/validation, truthful state and redacted evidence; no mocks. Owner/stranger/unauth where applicable; replay/concurrency for mutations; negative/error/cleanup; contract and runtime evidence as applicable.
RD-0052	NORMALIZED_CONFIRMED_ROOT_CONTROL	NO_UNTIL_DECISION_AND_CONTRACT	pharmacy offers+settlement	P2	Backend	BLOCKED_BY_EVIDENCE	src/modules/seed/repositories/pharmacyinventory.repository.ts:8–13;src/modules/seed/seed.module.ts:23–31	Cross-cutting runtime/deployment evidence control is inconsistent or not evidenced across the pharmacy offers+settlement surface.	Server-governed behavior, fail-closed authorization/validation, truthful state and redacted evidence; no mocks. Owner/stranger/unauth where applicable; replay/concurrency for mutations; negative/error/cleanup; contract and runtime evidence as applicable.
RD-0053	NORMALIZED_CONFIRMED_ROOT_CONTROL	NO_UNTIL_DECISION_AND_CONTRACT	pharmacy offers+settlement	P1	Backend	BLOCKED_BY_DECISION	scripts/test-flow.js:8–28;scripts/test-flow.js:9–22,38–65;src/config/openapi.config.ts:83–85;src/modules/admin-command-center/admin-command-center.module.ts:68–77;src/modules/cart/cart.contract.spec.ts:21–30,47–63;src/modules/cart/cart.contract.spec.ts:47–66;src/modules/cart/cart.module.ts:190–202;src/modules/cart/cart.module.ts:206–226;src/modules/home-care-compat/home-care-compat.module.ts:215–224;src/modules/payouts/provider-payouts.controller.ts:45–56;src/modules/unified-bookings/unified-bookings.module.ts:116–160,304–395,399–429;src/modules/workflow-engine/workflow-engine.module.spec.ts:5–7;src/schemas/inventory.schema.ts:10–11,19;src/schemas/inventory.schema.ts:19;src/schemas/pharmacy-chat.schema.ts:23–24;src/schemas/pharmacy-chat.schema.ts:7–12;src/schemas/pharmacy-inventory.schema.ts:11;src/schemas/pharmacy-inventory.schema.ts:18;src/schemas/promotion-campaign.schema.ts:8–40	Cross-cutting state/concurrency/idempotency control is inconsistent or not evidenced across the pharmacy offers+settlement surface.	Server-governed behavior, fail-closed authorization/validation, truthful state and redacted evidence; no mocks. Owner/stranger/unauth where applicable; replay/concurrency for mutations; negative/error/cleanup; contract and runtime evidence as applicable.
RD-0054	NORMALIZED_CONFIRMED_ROOT_CONTROL	NO_UNTIL_DECISION_AND_CONTRACT	platform/identity/audit	P0	Backend	BLOCKED_BY_DECISION	Dockerfile:8–14;ENVIRONMENT.md:13–27;ENVIRONMENT.md:1–171;ENVIRONMENT.md:74–79;NABDAH_PROJECT_REFERENCE.md:23–30,239–251;NABDAH_PROJECT_REFERENCE.md:7–9,207–216;PKG;audit-artifacts/phase0b-backend/semantic-evidence-admin-audit-log-schema.md;audit-artifacts/phase0b-backend/semantic-evidence-audit-log-schema.md;audit-artifacts/phase0b-backend/semantic-evidence-fraud-alert-duplicate-schemas.md;audit-artifacts/phase0b-backend/semantic-evidence-medicines-controller.md;docs/PATIENT_WEB_PUBLIC_DISCOVERY_HANDOFF.md:5–19;infra/fastapi/import_etl_products.py:13–17,70–79;infra/fastapi/requirements.txt:3,5,8,12–13,22–26;infra/fastapi/seed_dev.py:515–533;infra/fastapi/setup_server.sh:1–78;infra/fastapi/setup_server.sh:58;infra/livekit.yaml:1–32;infra/turnserver.conf:1–29;infra/turnserver.conf:5–8	Cross-cutting catalog/provenance/publication control is inconsistent or not evidenced across the platform/identity/audit surface.	Server-governed behavior, fail-closed authorization/validation, truthful state and redacted evidence; no mocks. Owner/stranger/unauth where applicable; replay/concurrency for mutations; negative/error/cleanup; contract and runtime evidence as applicable.
RD-0055	NORMALIZED_CONFIRMED_ROOT_CONTROL	NO_UNTIL_DECISION_AND_CONTRACT	platform/identity/audit	P0	Patient Mobile	BLOCKED_BY_DECISION	ENVIRONMENT.md:67–72,157–164;app/(tabs)/_layout.tsx:1;docker-compose.prod.yml:24–31;docker-compose.prod.yml:33–40;e2e/matrix2.js:231–510,513–546;infra/docker-compose.infra.yml:13–21;infra/docker-compose.infra.yml:1–43;infra/docker-compose.infra.yml:4–11;infra/fastapi/ai_routes.py:118–154;infra/fastapi/ai_service.py:228–263,269–299;infra/fastapi/setup_server.sh:66–78;nabd_plus_patient_app/app/index.tsx:1;scripts/db-backup-restore.sh:27–34,48–56;scripts/db-backup-restore.sh:36–46;scripts/db-backup-restore.sh:8–12,36–50;scripts/deploy.sh:24–25;scripts/publish-insurance-logo-assets.ts:24–29;scripts/seed-articles.ts:16–17,27–28,38–39;src/common/redis-cache.interceptor.ts:1–39;src/config/websocket-cors.spec.ts:19–25	Cross-cutting clinical/safety validation control is inconsistent or not evidenced across the platform/identity/audit surface.	Server-governed behavior, fail-closed authorization/validation, truthful state and redacted evidence; no mocks. Owner/stranger/unauth where applicable; replay/concurrency for mutations; negative/error/cleanup; contract and runtime evidence as applicable.
RD-0056	NORMALIZED_CONFIRMED_ROOT_CONTROL	NO_UNTIL_DECISION_AND_CONTRACT	platform/identity/audit	P0	Backend	BLOCKED_BY_DECISION	:113–124,246–257,297–332;:114–143;:14–49;:214–232;:31–45;:77–105,107–135;:8–12;:90–129;ENVIRONMENT.md:92–97;NABDAH_PROJECT_REFERENCE.md:218–229;audit-artifacts/phase0b-backend/semantic-evidence-finance-engine-module.md;audit-artifacts/phase0b-backend/semantic-evidence-fraud-alert-duplicate-schemas.md;audit-artifacts/phase0b/backend/semantic-evidence-admin-finance-controller.md;audit-artifacts/phase0b/backend/semantic-evidence-payments-module.md;audit-artifacts/phase0b/backend/semantic-evidence-paymob-service.md;audit-artifacts/phase0b/backend/semantic-evidence-pharmacy-ops-controller.md;audit-artifacts/phase0b/backend/semantic-evidence-pharmacy-ops-service.md;audit-artifacts/phase0b/backend/semantic-evidence-withdrawal-request-schema.md;e2e/boot.js:31–36;e2e/matrix.js:299–357	Cross-cutting financial truth/settlement control is inconsistent or not evidenced across the platform/identity/audit surface.	Server-governed behavior, fail-closed authorization/validation, truthful state and redacted evidence; no mocks. Owner/stranger/unauth where applicable; replay/concurrency for mutations; negative/error/cleanup; contract and runtime evidence as applicable.
RD-0057	NORMALIZED_CONFIRMED_ROOT_CONTROL	NO_UNTIL_DECISION_AND_CONTRACT	platform/identity/audit	P0	Backend	BLOCKED_BY_DECISION	:39–96;Dockerfile:5,10;ENVIRONMENT.md:120;ENVIRONMENT.md:1–171;ENVIRONMENT.md:21–23;ENVIRONMENT.md:46–49,129–150;NABDAH_PROJECT_REFERENCE.md:13–18,239–251;audit-artifacts/phase0b/backend/semantic-evidence-wallet-module.md;audit-artifacts/phase0b/backend/semantic-evidence-wallet-schema.md;docker-compose.prod.yml:16–17;docker-compose.yml:8–9;e2e/boot.js:27–33;e2e/matrix.js:41,54–79,151–154;e2e/matrix2.js:18,104–147;infra/fastapi/import_etl_products.py:47–68;infra/fastapi/nestjs_proxy.py:18–31,40–47;infra/fastapi/requirements.txt:10,20;infra/fastapi/requirements.txt:1–29;infra/fastapi/seed_dev.py:512–534;infra/fastapi/server.py:1418–1425	Cross-cutting input/schema validation control is inconsistent or not evidenced across the platform/identity/audit surface.	Server-governed behavior, fail-closed authorization/validation, truthful state and redacted evidence; no mocks. Owner/stranger/unauth where applicable; replay/concurrency for mutations; negative/error/cleanup; contract and runtime evidence as applicable.
RD-0058	NORMALIZED_CONFIRMED_ROOT_CONTROL	NO_UNTIL_DECISION_AND_CONTRACT	platform/identity/audit	P0	Backend	BLOCKED_BY_DECISION	:10–20;:15–29;:50–52;:80–112;docker-compose.prod.yml:28–29,37–44;docker-compose.yml:17–22;e2e/package.json:1;infra/docker-compose.infra.yml:10–21,40–43;infra/fastapi/tests/test_nabd_backend.py:206–239;scripts/backfill-catalog-governance.ts:135–149;scripts/publish-insurance-logo-assets.ts:32–42;scripts/test-flow.js:31,67–68;src/common/events.ts:1–48;src/common/sentry.filter.ts:11–18;src/config/websocket-cors.spec.ts:1–27;src/contracts/provider-availability.contract.spec.ts:11–31;src/main.ts:44–55;src/main.ts:89–95;src/modules/admin-authority/admin-authority.module.ts:256–272;src/modules/admin-authority/admin-authority.module.ts:45–48	Cross-cutting observability/lifecycle control is inconsistent or not evidenced across the platform/identity/audit surface.	Server-governed behavior, fail-closed authorization/validation, truthful state and redacted evidence; no mocks. Owner/stranger/unauth where applicable; replay/concurrency for mutations; negative/error/cleanup; contract and runtime evidence as applicable.
RD-0059	NORMALIZED_CONFIRMED_ROOT_CONTROL	NO_UNTIL_DECISION_AND_CONTRACT	platform/identity/audit	P0	Operations	BLOCKED_BY_DECISION	:100–103;:12–76;:13–16;:142–161;:17–39;:18–20;:190–193;:193–218;:204–287;:20–32;:20–48;:22–32;:240–245;:24–54;:255–263;:262–288;:276–291,322–329;:280–295, 322–852;:289–399;:30,45–48	Cross-cutting privacy/authorization control is inconsistent or not evidenced across the platform/identity/audit surface.	Server-governed behavior, fail-closed authorization/validation, truthful state and redacted evidence; no mocks. Owner/stranger/unauth where applicable; replay/concurrency for mutations; negative/error/cleanup; contract and runtime evidence as applicable.
RD-0060	NORMALIZED_CONFIRMED_ROOT_CONTROL	NO_UNTIL_DECISION_AND_CONTRACT	platform/identity/audit	P0	Backend	BLOCKED_BY_DECISION	Dockerfile.production:32–36;Dockerfile.production:4–10,24–25;Dockerfile:1–15; Dockerfile.production:1–37;NABDAH_PROJECT_REFERENCE.md:285–1800;e2e/boot.js:20–26;e2e/boot.js:27–37,42–50;e2e/matrix.js:111–132;e2e/matrix.js:7–28,111–126;infra/docker-compose.infra.yml:23–38;infra/fastapi/nestjs_proxy.py:11–15;infra/fastapi/setup_server.sh:1–11;infra/fastapi/setup_server.sh:1–78;infra/fastapi/setup_server.sh:21–24;infra/fastapi/setup_server.sh:57–63;infra/fastapi/setup_server.sh:59–60;infra/fastapi/tests/conftest.py:16–20;infra/livekit.yaml:21–25;infra/livekit.yaml:6–8,21–25;infra/turnserver.conf:8,15–17;jest.boot.config.js:1–8	Cross-cutting runtime/deployment evidence control is inconsistent or not evidenced across the platform/identity/audit surface.	Server-governed behavior, fail-closed authorization/validation, truthful state and redacted evidence; no mocks. Owner/stranger/unauth where applicable; replay/concurrency for mutations; negative/error/cleanup; contract and runtime evidence as applicable.
RD-0061	NORMALIZED_CONFIRMED_ROOT_CONTROL	NO_UNTIL_DECISION_AND_CONTRACT	platform/identity/audit	P0	Provider	BLOCKED_BY_DECISION	:10–22;:168–194;:169–179;:19–40;:210–239;:22–24;:286–331;:31–35;:36–63,77–96,119–134;:7–17;:86–121;:86–99;ENVIRONMENT.md:29–49,124–155;NabdProvider-provider/src/components/ContractModal.tsx:59–88,113–122;audit-artifacts/phase0b-backend/semantic-evidence-admin-provider-delta-schema.md;audit-artifacts/phase0b-backend/semantic-evidence-finance-engine-module.md;audit-artifacts/phase0b-backend/semantic-evidence-fraud-alert-duplicate-schemas.md;audit-artifacts/phase0b-backend/semantic-evidence-medicines-service.md;audit-artifacts/phase0b-backend/semantic-evidence-profile-image-audit-log-schema.md;audit-artifacts/phase0b-backend/semantic-evidence-provider-availability-schema.md	Cross-cutting state/concurrency/idempotency control is inconsistent or not evidenced across the platform/identity/audit surface.	Server-governed behavior, fail-closed authorization/validation, truthful state and redacted evidence; no mocks. Owner/stranger/unauth where applicable; replay/concurrency for mutations; negative/error/cleanup; contract and runtime evidence as applicable.
RD-0062	NORMALIZED_CONFIRMED_ROOT_CONTROL	NO_UNTIL_DECISION_AND_CONTRACT	platform/identity/audit	P0	Backend	BLOCKED_BY_DECISION	:143–166,169–203,241–247,301–305;:40–43;:5–10;NABDAH_PROJECT_REFERENCE.md:132,158–160,218–229;infra/fastapi/ai_routes.py:25–41;infra/fastapi/nestjs_proxy.py:34–37;infra/fastapi/tests/conftest.py:29–31,56,69–72;src/app.module.ts:266–269;src/contracts/ownership-controllers.spec.ts:10–35;src/modules/admin-web-core/guards/roles.guard.ts:19–41;src/modules/admin-web-core/guards/roles.guard.ts:34–39;src/modules/auth/auth.service.ts:407–447,449–515,517–545,634–667,912–960;src/modules/bans/bans.controller.ts:25–28;src/modules/compat/admin-spa.module.ts:1053–1069,991–1005;src/modules/config/config.controller.ts:7–10;src/modules/device-trust/device-trust.module.ts:73–85,109–116;src/modules/emergency/emergency.controller.ts:29–33; src/modules/emergency/emergency.service.ts:221–235;src/modules/hospital/hospital.module.ts:14–30; src/modules/hospital/controllers/hospital.controller.ts:5–8;src/modules/mail/mail.module.ts:95–106;src/modules/realtime/realtime.gateway.authorization.spec.ts:3–7	Cross-cutting ux/parity/completeness control is inconsistent or not evidenced across the platform/identity/audit surface.	Server-governed behavior, fail-closed authorization/validation, truthful state and redacted evidence; no mocks. Owner/stranger/unauth where applicable; replay/concurrency for mutations; negative/error/cleanup; contract and runtime evidence as applicable.
RD-0063	NORMALIZED_CONFIRMED_ROOT_CONTROL	NO_UNTIL_DECISION_AND_CONTRACT	provider/admin operations	P0	Backend	BLOCKED_BY_DECISION	infra/fastapi/server.py:321–375,468–501,948–1027;src/modules/admin-governance/system-config.controller.ts:21–35;src/modules/admin-web-core/controllers/provider-moderation.controller.ts:58–73;src/modules/admin-web-core/schemas/heatmap-data.schema.ts:17–18;src/modules/ai/ai.admin-containment.spec.ts:4–12;src/modules/analytics/analytics.module.ts:18–116;src/modules/compat/admin-spa.module.ts:222–275;src/modules/hospital/schemas/hospital-staff.schema.ts:6,23–24;src/modules/legacy/legacy.module.ts:52–79;src/modules/provider-jobs/provider-jobs.module.ts:210–215;src/modules/recruitment/recruitment.module.ts:90–117;src/schemas/image-processing-job.schema.ts:6–12;src/schemas/leave-request.schema.ts:10–11;src/schemas/leave-request.schema.ts:5–19;src/schemas/leave-request.schema.ts:7–16;src/schemas/review.schema.ts:14–15;src/schemas/review.schema.ts:7–18;src/scripts/seed-admin.ts:35–58	Cross-cutting catalog/provenance/publication control is inconsistent or not evidenced across the provider/admin operations surface.	Server-governed behavior, fail-closed authorization/validation, truthful state and redacted evidence; no mocks. Owner/stranger/unauth where applicable; replay/concurrency for mutations; negative/error/cleanup; contract and runtime evidence as applicable.
RD-0064	NORMALIZED_CONFIRMED_ROOT_CONTROL	NO_UNTIL_DECISION_AND_CONTRACT	provider/admin operations	P2	Backend	BLOCKED_BY_DECISION	src/modules/admin-web-core/admin-web-core.module.ts:41–49;src/modules/compat/admin-spa.module.ts:1177–1180,1208–1209;src/modules/compat/compat.module.ts:877–921;src/modules/feature-flags/repositories/featureflag.repository.ts:1–13;src/modules/provider-jobs/provider-jobs.module.ts:103–174;src/schemas/article.schema.ts:12–19	Cross-cutting clinical/safety validation control is inconsistent or not evidenced across the provider/admin operations surface.	Server-governed behavior, fail-closed authorization/validation, truthful state and redacted evidence; no mocks. Owner/stranger/unauth where applicable; replay/concurrency for mutations; negative/error/cleanup; contract and runtime evidence as applicable.
RD-0065	NORMALIZED_CONFIRMED_ROOT_CONTROL	NO_UNTIL_DECISION_AND_CONTRACT	provider/admin operations	P2	Backend	BLOCKED_BY_DECISION	src/modules/admin-governance/admin-governance.module.ts:185–227;src/modules/admin-governance/admin-governance.module.ts:65–100,301–335;src/modules/admin-web-core/controllers/analytics.controller.ts:40–56;src/modules/event-reliability/event-reliability.module.ts:124–128;src/modules/recruitment/recruitment.module.ts:70–88;src/schemas/image-processing-job.schema.ts:11–15;src/schemas/job-board.schema.ts:39–39	Cross-cutting financial truth/settlement control is inconsistent or not evidenced across the provider/admin operations surface.	Server-governed behavior, fail-closed authorization/validation, truthful state and redacted evidence; no mocks. Owner/stranger/unauth where applicable; replay/concurrency for mutations; negative/error/cleanup; contract and runtime evidence as applicable.
RD-0066	NORMALIZED_CONFIRMED_ROOT_CONTROL	NO_UNTIL_DECISION_AND_CONTRACT	provider/admin operations	P0	Backend	BLOCKED_BY_DECISION	src/common/sentry.filter.ts:7–10,31;src/modules/admin-governance/system-config.controller.ts:31–36;src/modules/admin-notification-center/admin-notification-center.contract.spec.ts:13–36;src/modules/admin-web-core/controllers/admin-config.controller.ts:19–27;src/modules/admin-web-core/schemas/heatmap-data.schema.ts:6–7;src/modules/hospital-staff/hospital-staff.module.ts:26–31,70–109;src/modules/hospital-staff/hospital-staff.module.ts:39–65,70–78;src/modules/hospital/schemas/hospital-staff.schema.ts:8–18;src/modules/legacy/legacy.module.ts:27–45;src/modules/provider-jobs/provider-jobs.module.ts:254–267;src/modules/recruitment/recruitment.module.ts:184–196;src/modules/seed/seed.facilities.ts:6–142;src/schemas/image-processing-job.schema.ts:9;src/schemas/job-board.schema.ts:5–12;src/schemas/leave-request.schema.ts:13–14;src/schemas/push-token.schema.ts:6–13;src/schemas/returns.schema.ts:11–19;src/scripts/seed-admin.ts:52–60;src/scripts/seed_test.ts:248–260,267–275	Cross-cutting input/schema validation control is inconsistent or not evidenced across the provider/admin operations surface.	Server-governed behavior, fail-closed authorization/validation, truthful state and redacted evidence; no mocks. Owner/stranger/unauth where applicable; replay/concurrency for mutations; negative/error/cleanup; contract and runtime evidence as applicable.
RD-0067	NORMALIZED_CONFIRMED_ROOT_CONTROL	NO_UNTIL_DECISION_AND_CONTRACT	provider/admin operations	P1	Provider	BLOCKED_BY_DECISION	src/modules/admin-notification-center/admin-notification-center.contract.spec.ts:13–36;src/modules/admin-notification-center/admin-notification-center.module.ts:299–304,319–324;src/modules/ai/ai.admin-containment.spec.ts:7–11;src/modules/chat/chat.gateway.followup.spec.ts:19–30;src/modules/emergency/emergency.admin-containment.spec.ts:7–12;src/modules/provider-onboarding/provider-onboarding.module.ts:249–269;src/modules/recruitment/recruitment.module.ts:23–34;src/scripts/seed-admin.ts:64–67	Cross-cutting observability/lifecycle control is inconsistent or not evidenced across the provider/admin operations surface.	Server-governed behavior, fail-closed authorization/validation, truthful state and redacted evidence; no mocks. Owner/stranger/unauth where applicable; replay/concurrency for mutations; negative/error/cleanup; contract and runtime evidence as applicable.
RD-0068	NORMALIZED_CONFIRMED_ROOT_CONTROL	NO_UNTIL_DECISION_AND_CONTRACT	provider/admin operations	P0	Backend	BLOCKED_BY_DECISION	nabd_plus_patient_app/app/family/chat.tsx:34–103,138–175;semantic-evidence-mobile-family-chat.md;src/modules/admin-command-center/admin-command-center.module.ts:88–113;src/modules/admin-governance/admin-governance.module.ts:345–365;src/modules/admin-web-core/controllers/analytics.controller.ts:21–34;src/modules/admin-web-core/controllers/analytics.controller.ts:21–34,40–56;src/modules/admin-web-core/schemas/heatmap-data.schema.ts:11–15;src/modules/admin/admin.controller.ts:490–523;src/modules/ai/ai.admin-containment.spec.ts:5–11;src/modules/compat/admin-spa.module.ts:1215–1299;src/modules/compat/compat.module.ts:370–417;src/modules/mental-health/repositories/moodentry.repository.ts:8–13;src/modules/provider-jobs/provider-jobs.module.ts:150–174;src/modules/ratings/ratings.module.ts:32–44;src/schemas/emergency.schema.ts:20–31;src/schemas/family.schemas.ts:64–67;src/schemas/image-processing-job.schema.ts:4–15;src/schemas/user.schema.ts:22–24;todo.md:711–713,831–832;web_admin_dashboard/src/pages/admin/dashboard.tsx:31–35,66–81,92–103,208–212	Cross-cutting privacy/authorization control is inconsistent or not evidenced across the provider/admin operations surface.	Server-governed behavior, fail-closed authorization/validation, truthful state and redacted evidence; no mocks. Owner/stranger/unauth where applicable; replay/concurrency for mutations; negative/error/cleanup; contract and runtime evidence as applicable.
RD-0069	NORMALIZED_CONFIRMED_ROOT_CONTROL	NO_UNTIL_DECISION_AND_CONTRACT	provider/admin operations	P0	Patient Mobile	BLOCKED_BY_DECISION	infra/fastapi/tests/conftest.py:23–34;src/modules/admin-notification-center/admin-notification-center.contract.spec.ts:9,31–36;src/modules/ai/ai.admin-containment.spec.ts:4–6;src/modules/compat/admin-spa.module.ts:277–370;src/modules/emergency/emergency.admin-containment.spec.ts:4–13;src/modules/emergency/emergency.admin-containment.spec.ts:4–6;src/scripts/seed-admin.ts:20,30–36;todo.md:27–29	Cross-cutting runtime/deployment evidence control is inconsistent or not evidenced across the provider/admin operations surface.	Server-governed behavior, fail-closed authorization/validation, truthful state and redacted evidence; no mocks. Owner/stranger/unauth where applicable; replay/concurrency for mutations; negative/error/cleanup; contract and runtime evidence as applicable.
RD-0070	NORMALIZED_CONFIRMED_ROOT_CONTROL	NO_UNTIL_DECISION_AND_CONTRACT	provider/admin operations	P0	Backend	BLOCKED_BY_DECISION	src/contracts/mongoose-indexes.contract.spec.ts:9–20;src/main.ts:121–124;src/modules/admin-command-center/admin-command-center.module.ts:48–59,103–112;src/modules/admin-governance/admin-governance.module.ts:261–267;src/modules/admin-governance/admin-governance.module.ts:38–63,115–120;src/modules/admin-governance/system-config.controller.ts:19–27;src/modules/admin-notification-center/admin-notification-center.contract.spec.ts:13–29;src/modules/admin-notification-center/admin-notification-center.module.ts:136–155;src/modules/admin-notification-center/admin-notification-center.module.ts:38,67–90,194–198;src/modules/admin-web-core/controllers/provider-moderation.controller.ts:18–35,87–115;src/modules/admin-web-core/controllers/provider-moderation.controller.ts:64–79;src/modules/admin-web-core/controllers/system-health.controller.ts:19–26;src/modules/admin-web-core/controllers/system-health.controller.ts:6–25;src/modules/admin-web-core/schemas/provider.schema.ts:14–15,29–30;src/modules/admin-web-core/schemas/provider.schema.ts:8–12;src/modules/admin/admin.controller.ts:555–575;src/modules/ai/ai.admin-containment.spec.ts:5–11;src/modules/compat/admin-spa.module.ts:111–183;src/modules/compat/admin-spa.module.ts:607–651;src/modules/compat/admin-spa.module.ts:920–989	Cross-cutting state/concurrency/idempotency control is inconsistent or not evidenced across the provider/admin operations surface.	Server-governed behavior, fail-closed authorization/validation, truthful state and redacted evidence; no mocks. Owner/stranger/unauth where applicable; replay/concurrency for mutations; negative/error/cleanup; contract and runtime evidence as applicable.
RD-0071	NORMALIZED_CONFIRMED_ROOT_CONTROL	NO_UNTIL_DECISION_AND_CONTRACT	provider/admin operations	P0	Admin	BLOCKED_BY_DECISION	src/modules/admin-governance/admin-governance.module.ts:270–285;src/modules/emergency/emergency.admin-containment.spec.ts:7–12;src/modules/recruitment/recruitment.module.ts:120–131,241–285;src/scripts/seed-admin.ts:26–29,45–51	Cross-cutting ux/parity/completeness control is inconsistent or not evidenced across the provider/admin operations surface.	Server-governed behavior, fail-closed authorization/validation, truthful state and redacted evidence; no mocks. Owner/stranger/unauth where applicable; replay/concurrency for mutations; negative/error/cleanup; contract and runtime evidence as applicable.
RD-0072	NORMALIZED_CONFIRMED_ROOT_CONTROL	NO_UNTIL_DECISION_AND_CONTRACT	release operations	P1	Backend	BLOCKED_BY_DECISION	Dockerfile.production:1–2,12–13;Dockerfile:1,8;ENVIRONMENT.md:101–120;NABDAH_PROJECT_REFERENCE.md:201–205;docker-compose.prod.yml:14; ENVIRONMENT.md:13;docker-compose.prod.yml:4–7,24–34;docker-compose.prod.yml:8–9,26–27,35–36;docs/PATIENT_WEB_PUBLIC_DISCOVERY_HANDOFF.md:1–41;e2e/boot.js:5,16,39,43,51;infra/docker-compose.infra.yml:4–38;infra/fastapi/seed_dev.py:512–533;infra/fastapi/server.py:1412–1431;infra/fastapi/server.py:247–255;infra/fastapi/setup_server.sh:18,30;infra/fastapi/setup_server.sh:55–64;infra/fastapi/tests/conftest.py:1–80;jest.boot.config.js:1–8;jest.boot.config.js:5;nest-cli.json:5–8; tsconfig.json:10;package-lock-full-traversal.txt	Cross-cutting catalog/provenance/publication control is inconsistent or not evidenced across the release operations surface.	Server-governed behavior, fail-closed authorization/validation, truthful state and redacted evidence; no mocks. Owner/stranger/unauth where applicable; replay/concurrency for mutations; negative/error/cleanup; contract and runtime evidence as applicable.
RD-0073	NORMALIZED_CONFIRMED_ROOT_CONTROL	NO_UNTIL_DECISION_AND_CONTRACT	release operations	P0	Backend	BLOCKED_BY_DECISION	Dockerfile.production:32–36;Dockerfile:8–14;docker-compose.prod.yml:18–20;docker-compose.prod.yml:8–22;docker-compose.yml:10–11;docker-compose.yml:3–18;e2e/boot.js:42–50;e2e/package.json:1;infra/turnserver.conf:1–29;scripts/db-backup-restore.sh:4–6;scripts/deploy.sh:32–36;scripts/test-extensions.ts:287–296;src/contracts/mongoose-indexes.contract.spec.ts:15–20;src/contracts/phase6-contracts.spec.ts:10–15;src/health.controller.ts:25–29;src/health.controller.ts:41–44;src/health.controller.ts:46–57;src/modules/feature-flags/repositories/featureflag.repository.ts:8–13;src/modules/ops/metrics.interceptor.ts:33–36;src/modules/seed/repositories/patientprofile.repository.ts:8–13	Cross-cutting clinical/safety validation control is inconsistent or not evidenced across the release operations surface.	Server-governed behavior, fail-closed authorization/validation, truthful state and redacted evidence; no mocks. Owner/stranger/unauth where applicable; replay/concurrency for mutations; negative/error/cleanup; contract and runtime evidence as applicable.
RD-0074	NORMALIZED_CONFIRMED_ROOT_CONTROL	NO_UNTIL_DECISION_AND_CONTRACT	release operations	P2	Backend	BLOCKED_BY_DECISION	e2e/matrix.js:149–235,243–315,343–370,437–455;src/modules/returns/repositories/returnrequest.repository.ts:8–13;src/scripts/verify-production.ts:7–49	Cross-cutting financial truth/settlement control is inconsistent or not evidenced across the release operations surface.	Server-governed behavior, fail-closed authorization/validation, truthful state and redacted evidence; no mocks. Owner/stranger/unauth where applicable; replay/concurrency for mutations; negative/error/cleanup; contract and runtime evidence as applicable.
RD-0075	NORMALIZED_CONFIRMED_ROOT_CONTROL	NO_UNTIL_DECISION_AND_CONTRACT	release operations	P0	Backend	BLOCKED_BY_DECISION	ENVIRONMENT.md:25;docker-compose.prod.yml:8,26,35;docker-compose.yml:13–14;e2e/matrix.js:31–40,458–465;e2e/matrix.js:33–40,458–465;e2e/package.json:1;infra/fastapi/server.py:1398–1409;infra/fastapi/tests/conftest.py:23–39,54–79;infra/fastapi/tests/conftest.py:6,54–74;infra/fastapi/tests/test_nabd_backend.py:158–160,217–218,249–250,322–327;infra/turnserver.conf:1–29;jest.boot.config.js:1–8; package.json:13;jest.boot.config.js:2–4;package-lock-full-traversal.txt;package.json:13,97–106;scripts/db-backup-restore.sh:36–50;scripts/seed_test_providers.js:1,7–17,25–37;scripts/seed_test_providers.js:25–32;src/app.module.ts:156–165;src/common/redis-cache.interceptor.ts:30–36	Cross-cutting input/schema validation control is inconsistent or not evidenced across the release operations surface.	Server-governed behavior, fail-closed authorization/validation, truthful state and redacted evidence; no mocks. Owner/stranger/unauth where applicable; replay/concurrency for mutations; negative/error/cleanup; contract and runtime evidence as applicable.
RD-0076	NORMALIZED_CONFIRMED_ROOT_CONTROL	NO_UNTIL_DECISION_AND_CONTRACT	release operations	P0	Backend	BLOCKED_BY_DECISION	docker-compose.yml:8–9;e2e/boot.js:4–18,37–54;e2e/matrix.js:82–87,458–465;e2e/package.json:1;infra/docker-compose.infra.yml:1–43;scripts/seed_test_providers.js:23,26–36;scripts/seed_test_providers.js:42–47;scripts/seed_test_providers.ts.bak:22,81–88;scripts/test-extensions.ts:303–305;scripts/test-flow.js:30–71;src/main.ts:33–40;src/modules/api-security/api-security.module.ts:80–84,111–119,154–168;src/modules/events/repositories/systemevent.repository.ts:4,9–12;src/schemas/return-request.schema.ts:12;src/schemas/return-request.schema.ts:5–15;src/scripts/seed_test_providers.ts:98–174;tsconfig.json:4	Cross-cutting observability/lifecycle control is inconsistent or not evidenced across the release operations surface.	Server-governed behavior, fail-closed authorization/validation, truthful state and redacted evidence; no mocks. Owner/stranger/unauth where applicable; replay/concurrency for mutations; negative/error/cleanup; contract and runtime evidence as applicable.
RD-0077	NORMALIZED_CONFIRMED_ROOT_CONTROL	NO_UNTIL_DECISION_AND_CONTRACT	release operations	P0	Backend	BLOCKED_BY_DECISION	NABDAH_PROJECT_REFERENCE.md:32–71,180–205;docs/PATIENT_WEB_PUBLIC_DISCOVERY_HANDOFF.md:21–28;infra/fastapi/tests/conftest.py:42–74;infra/turnserver.conf:23–24;src/common/sentry.filter.ts:26–31;src/modules/compat/compat.module.ts:341–368;src/modules/ratings/ratings.module.ts:60–77;src/modules/seed/repositories/patientprofile.repository.ts:8–13;src/modules/users/users.addresses.controller.ts:11–57;src/schemas/returns.schema.ts:8–11	Cross-cutting privacy/authorization control is inconsistent or not evidenced across the release operations surface.	Server-governed behavior, fail-closed authorization/validation, truthful state and redacted evidence; no mocks. Owner/stranger/unauth where applicable; replay/concurrency for mutations; negative/error/cleanup; contract and runtime evidence as applicable.
RD-0078	NORMALIZED_CONFIRMED_ROOT_CONTROL	NO_UNTIL_DECISION_AND_CONTRACT	release operations	P0	QA	BLOCKED_BY_DECISION	Dockerfile.production:1–36;Dockerfile.production:20–25;Dockerfile.production:24–25;Dockerfile.production:32–36;Dockerfile.production:4–10;Dockerfile:10–12;Dockerfile:13;Dockerfile:1–14;Dockerfile:2–6;Dockerfile:8–14;docker-compose.prod.yml:10–11;docker-compose.prod.yml:3–49;docker-compose.prod.yml:4–7;docker-compose.yml:15–16;docker-compose.yml:6–7; Dockerfile:13; Dockerfile.production:32–33;docs/PATIENT_WEB_PUBLIC_DISCOVERY_HANDOFF.md:30–40;e2e/matrix.js:372–417;e2e/package.json:1;infra/docker-compose.infra.yml:3–38;infra/fastapi/nestjs_proxy.py:3,11	Cross-cutting runtime/deployment evidence control is inconsistent or not evidenced across the release operations surface.	Server-governed behavior, fail-closed authorization/validation, truthful state and redacted evidence; no mocks. Owner/stranger/unauth where applicable; replay/concurrency for mutations; negative/error/cleanup; contract and runtime evidence as applicable.
RD-0079	NORMALIZED_CONFIRMED_ROOT_CONTROL	NO_UNTIL_DECISION_AND_CONTRACT	release operations	P1	Backend	BLOCKED_BY_DECISION	Dockerfile.production:27–36;Dockerfile.production:6–7,20–22;Dockerfile:13–14;Dockerfile:3–4,11–12;docker-compose.yml:3–18;e2e/boot.js:5–6,27–30;e2e/matrix.js:1–466;e2e/package.json:1;infra/docker-compose.infra.yml:7,16,26,34;infra/fastapi/requirements.txt:3–6,8–10,12–13,15–26;infra/fastapi/requirements.txt:7,14;infra/fastapi/server.py:1365–1395;infra/fastapi/tests/test_nabd_backend.py:1–415;infra/fastapi/tests/test_nabd_backend.py:397–415;nest-cli.json:1–10;package-lock-full-traversal.txt;package-lock.json;package-lock.json:1–18299;package-lock.json:1–18299; Dockerfile:3–4,11–12; Dockerfile.production:6–7,21–22;package.json:15–67	Cross-cutting state/concurrency/idempotency control is inconsistent or not evidenced across the release operations surface.	Server-governed behavior, fail-closed authorization/validation, truthful state and redacted evidence; no mocks. Owner/stranger/unauth where applicable; replay/concurrency for mutations; negative/error/cleanup; contract and runtime evidence as applicable.
RD-0080	NORMALIZED_CONFIRMED_ROOT_CONTROL	NO_UNTIL_DECISION_AND_CONTRACT	release operations	P1	Backend	BLOCKED_BY_DECISION	e2e/matrix.js:34–38,128,166,268,279,405,415,442;infra/fastapi/nestjs_proxy.py:32–33;scripts/test-extensions.ts:309;scripts/test-flow.js:69–71;src/common/redis-cache.interceptor.ts:24–28,31–35;src/modules/api-security/api-security.module.ts:154–164;src/modules/articles/articles.contract.spec.ts:6,13–35;src/modules/storage/storage.module.spec.ts:20–25	Cross-cutting ux/parity/completeness control is inconsistent or not evidenced across the release operations surface.	Server-governed behavior, fail-closed authorization/validation, truthful state and redacted evidence; no mocks. Owner/stranger/unauth where applicable; replay/concurrency for mutations; negative/error/cleanup; contract and runtime evidence as applicable.
0D-PATIENT-MOBILE-00015	STATIC_DEFECT_RECONFIRM_REQUIRED	NO_UNTIL_INDEPENDENT_RECONFIRMATION	cross-surface	P0	patient-mobile	UNIQUE_DEFECT	app/loyalty/referrals.tsx:238	"client computes or trusts payment/order totals without server-authoritative proof. Static signal: {stats.total} {stats.total === 1 ? ""صديق"" : ""أصدقاء""}"	For UNIQUE_DEFECT: reproduce with a contract-backed negative test and remediate. For RUNTIME_VERIFICATION_REQUIRED/INSUFFICIENT_EVIDENCE: trace CTA→API/socket→handler/DB/state and run owner/stranger/unauth plus error/loading/empty/retry/cancel tests before classification or closure.
0D-PATIENT-MOBILE-00017	STATIC_DEFECT_RECONFIRM_REQUIRED	NO_UNTIL_INDEPENDENT_RECONFIRMATION	cross-surface	P0	patient-mobile	UNIQUE_DEFECT	app/loyalty/challenges.tsx:106	client computes or trusts payment/order totals without server-authoritative proof. Static signal: const total = item.target_count || 7;	For UNIQUE_DEFECT: reproduce with a contract-backed negative test and remediate. For RUNTIME_VERIFICATION_REQUIRED/INSUFFICIENT_EVIDENCE: trace CTA→API/socket→handler/DB/state and run owner/stranger/unauth plus error/loading/empty/retry/cancel tests before classification or closure.
0D-PATIENT-MOBILE-00024	STATIC_DEFECT_RECONFIRM_REQUIRED	NO_UNTIL_INDEPENDENT_RECONFIRMATION	catalog/discovery	P0	patient-mobile	UNIQUE_DEFECT	app/search/index.tsx:43	client-side token persistence or raw token propagation requires secure session boundary. Static signal: AsyncStorage.setItem(RECENT_KEY, JSON.stringify(next)).catch(() => {});	For UNIQUE_DEFECT: reproduce with a contract-backed negative test and remediate. For RUNTIME_VERIFICATION_REQUIRED/INSUFFICIENT_EVIDENCE: trace CTA→API/socket→handler/DB/state and run owner/stranger/unauth plus error/loading/empty/retry/cancel tests before classification or closure.
0D-PATIENT-MOBILE-00029	STATIC_DEFECT_RECONFIRM_REQUIRED	NO_UNTIL_INDEPENDENT_RECONFIRMATION	pharmacy/orders	P0	patient-mobile	UNIQUE_DEFECT	app/diagnostics/cart.tsx:41	client computes or trusts payment/order totals without server-authoritative proof. Static signal: const baseTotal = items.reduce((sum, item) => sum + item.price * item.qty, 0);	For UNIQUE_DEFECT: reproduce with a contract-backed negative test and remediate. For RUNTIME_VERIFICATION_REQUIRED/INSUFFICIENT_EVIDENCE: trace CTA→API/socket→handler/DB/state and run owner/stranger/unauth plus error/loading/empty/retry/cancel tests before classification or closure.
0D-PATIENT-MOBILE-00031	STATIC_DEFECT_RECONFIRM_REQUIRED	NO_UNTIL_INDEPENDENT_RECONFIRMATION	consultation/booking	P0	patient-mobile	UNIQUE_DEFECT	app/diagnostics/booking-success.tsx:25	client computes or trusts payment/order totals without server-authoritative proof. Static signal: const bookingTotal = typeof total === 'string' && total ? total : null;	For UNIQUE_DEFECT: reproduce with a contract-backed negative test and remediate. For RUNTIME_VERIFICATION_REQUIRED/INSUFFICIENT_EVIDENCE: trace CTA→API/socket→handler/DB/state and run owner/stranger/unauth plus error/loading/empty/retry/cancel tests before classification or closure.
0D-PATIENT-MOBILE-00093	STATIC_DEFECT_RECONFIRM_REQUIRED	NO_UNTIL_INDEPENDENT_RECONFIRMATION	family/health	P1	patient-mobile	UNIQUE_DEFECT	app/family/member-health.tsx:105	mock/dummy/placeholder/fallback data is present in a product-facing path. Static signal: // Honest failure: no permission or network — show empty state, not dummy data	For UNIQUE_DEFECT: reproduce with a contract-backed negative test and remediate. For RUNTIME_VERIFICATION_REQUIRED/INSUFFICIENT_EVIDENCE: trace CTA→API/socket→handler/DB/state and run owner/stranger/unauth plus error/loading/empty/retry/cancel tests before classification or closure.
0D-PATIENT-MOBILE-00094	STATIC_DEFECT_RECONFIRM_REQUIRED	NO_UNTIL_INDEPENDENT_RECONFIRMATION	cross-surface	P0	patient-mobile	UNIQUE_DEFECT	app/(onboarding)/index.tsx:80	client-side token persistence or raw token propagation requires secure session boundary. Static signal: await AsyncStorage.setItem(STORAGE_KEYS.ONBOARDING_DONE, 'true');	For UNIQUE_DEFECT: reproduce with a contract-backed negative test and remediate. For RUNTIME_VERIFICATION_REQUIRED/INSUFFICIENT_EVIDENCE: trace CTA→API/socket→handler/DB/state and run owner/stranger/unauth plus error/loading/empty/retry/cancel tests before classification or closure.
0D-PATIENT-MOBILE-00095	STATIC_DEFECT_RECONFIRM_REQUIRED	NO_UNTIL_INDEPENDENT_RECONFIRMATION	cross-surface	P0	patient-mobile	UNIQUE_DEFECT	app/(onboarding)/permissions.tsx:69	"client-side token persistence or raw token propagation requires secure session boundary. Static signal: await AsyncStorage.setItem(STORAGE_KEYS.ONBOARDING_DONE, ""true"");"	For UNIQUE_DEFECT: reproduce with a contract-backed negative test and remediate. For RUNTIME_VERIFICATION_REQUIRED/INSUFFICIENT_EVIDENCE: trace CTA→API/socket→handler/DB/state and run owner/stranger/unauth plus error/loading/empty/retry/cancel tests before classification or closure.
0D-PATIENT-MOBILE-00100	STATIC_DEFECT_RECONFIRM_REQUIRED	NO_UNTIL_INDEPENDENT_RECONFIRMATION	pharmacy/orders	P0	patient-mobile	UNIQUE_DEFECT	app/(tabs)/pharmacy.tsx:134	client-side token persistence or raw token propagation requires secure session boundary. Static signal: AsyncStorage.setItem(ck, JSON.stringify({ data: rows, ts: Date.now() })).catch(() => {});	For UNIQUE_DEFECT: reproduce with a contract-backed negative test and remediate. For RUNTIME_VERIFICATION_REQUIRED/INSUFFICIENT_EVIDENCE: trace CTA→API/socket→handler/DB/state and run owner/stranger/unauth plus error/loading/empty/retry/cancel tests before classification or closure.
0D-PATIENT-MOBILE-00120	STATIC_DEFECT_RECONFIRM_REQUIRED	NO_UNTIL_INDEPENDENT_RECONFIRMATION	consultation/booking	P0	patient-mobile	UNIQUE_DEFECT	app/consultations/booking-confirm.tsx:148	client computes or trusts payment/order totals without server-authoritative proof. Static signal: const subtotal = basePrice + homeVisitFee;	For UNIQUE_DEFECT: reproduce with a contract-backed negative test and remediate. For RUNTIME_VERIFICATION_REQUIRED/INSUFFICIENT_EVIDENCE: trace CTA→API/socket→handler/DB/state and run owner/stranger/unauth plus error/loading/empty/retry/cancel tests before classification or closure.
0D-PATIENT-MOBILE-00142	STATIC_DEFECT_RECONFIRM_REQUIRED	NO_UNTIL_INDEPENDENT_RECONFIRMATION	identity/session	P0	patient-mobile	UNIQUE_DEFECT	app/(auth)/login.tsx:99	client-side token persistence or raw token propagation requires secure session boundary. Static signal: catch (_err) { await AsyncStorage.setItem(STORAGE_KEYS.AUTH_TOKEN, jwtToken); }	For UNIQUE_DEFECT: reproduce with a contract-backed negative test and remediate. For RUNTIME_VERIFICATION_REQUIRED/INSUFFICIENT_EVIDENCE: trace CTA→API/socket→handler/DB/state and run owner/stranger/unauth plus error/loading/empty/retry/cancel tests before classification or closure.
0D-PATIENT-MOBILE-00144	STATIC_DEFECT_RECONFIRM_REQUIRED	NO_UNTIL_INDEPENDENT_RECONFIRMATION	identity/session	P0	patient-mobile	UNIQUE_DEFECT	app/(auth)/register.tsx:121	client-side token persistence or raw token propagation requires secure session boundary. Static signal: catch (_err) { await AsyncStorage.setItem(STORAGE_KEYS.AUTH_TOKEN, jwtToken); }	For UNIQUE_DEFECT: reproduce with a contract-backed negative test and remediate. For RUNTIME_VERIFICATION_REQUIRED/INSUFFICIENT_EVIDENCE: trace CTA→API/socket→handler/DB/state and run owner/stranger/unauth plus error/loading/empty/retry/cancel tests before classification or closure.
0D-PATIENT-MOBILE-00146	STATIC_DEFECT_RECONFIRM_REQUIRED	NO_UNTIL_INDEPENDENT_RECONFIRMATION	identity/session	P0	patient-mobile	UNIQUE_DEFECT	app/(auth)/otp.tsx:132	client-side token persistence or raw token propagation requires secure session boundary. Static signal: await AsyncStorage.setItem(STORAGE_KEYS.ONBOARDING_DONE, 'true');	For UNIQUE_DEFECT: reproduce with a contract-backed negative test and remediate. For RUNTIME_VERIFICATION_REQUIRED/INSUFFICIENT_EVIDENCE: trace CTA→API/socket→handler/DB/state and run owner/stranger/unauth plus error/loading/empty/retry/cancel tests before classification or closure.
0D-PATIENT-MOBILE-00165	STATIC_DEFECT_RECONFIRM_REQUIRED	NO_UNTIL_INDEPENDENT_RECONFIRMATION	pharmacy/orders	P0	patient-mobile	UNIQUE_DEFECT	app/pharmacy/payment.tsx:56	client computes or trusts payment/order totals without server-authoritative proof. Static signal: const serverTotal = isInsurance ? Number(order?.insurance_copay || 0) : Number(order?.total || 0);	For UNIQUE_DEFECT: reproduce with a contract-backed negative test and remediate. For RUNTIME_VERIFICATION_REQUIRED/INSUFFICIENT_EVIDENCE: trace CTA→API/socket→handler/DB/state and run owner/stranger/unauth plus error/loading/empty/retry/cancel tests before classification or closure.
0D-PATIENT-MOBILE-00167	STATIC_DEFECT_RECONFIRM_REQUIRED	NO_UNTIL_INDEPENDENT_RECONFIRMATION	pharmacy/orders	P0	patient-mobile	UNIQUE_DEFECT	app/pharmacy/order-tracking.tsx:91	client computes or trusts payment/order totals without server-authoritative proof. Static signal: const total = Number(orderData?.total);	For UNIQUE_DEFECT: reproduce with a contract-backed negative test and remediate. For RUNTIME_VERIFICATION_REQUIRED/INSUFFICIENT_EVIDENCE: trace CTA→API/socket→handler/DB/state and run owner/stranger/unauth plus error/loading/empty/retry/cancel tests before classification or closure.
0D-PATIENT-MOBILE-00172	STATIC_DEFECT_RECONFIRM_REQUIRED	NO_UNTIL_INDEPENDENT_RECONFIRMATION	pharmacy/orders	P0	patient-mobile	UNIQUE_DEFECT	app/pharmacy/reorder.tsx:46	client computes or trusts payment/order totals without server-authoritative proof. Static signal: const total = selected.reduce((s, i) => s + i.price * i.qty, 0);	For UNIQUE_DEFECT: reproduce with a contract-backed negative test and remediate. For RUNTIME_VERIFICATION_REQUIRED/INSUFFICIENT_EVIDENCE: trace CTA→API/socket→handler/DB/state and run owner/stranger/unauth plus error/loading/empty/retry/cancel tests before classification or closure.
0D-PATIENT-MOBILE-00177	STATIC_DEFECT_RECONFIRM_REQUIRED	NO_UNTIL_INDEPENDENT_RECONFIRMATION	pharmacy/orders	P0	patient-mobile	UNIQUE_DEFECT	app/pharmacy/checkout.tsx:71	client computes or trusts payment/order totals without server-authoritative proof. Static signal: const preTotal = subtotal + deliveryFee;	For UNIQUE_DEFECT: reproduce with a contract-backed negative test and remediate. For RUNTIME_VERIFICATION_REQUIRED/INSUFFICIENT_EVIDENCE: trace CTA→API/socket→handler/DB/state and run owner/stranger/unauth plus error/loading/empty/retry/cancel tests before classification or closure.
0D-PATIENT-MOBILE-00203	STATIC_DEFECT_RECONFIRM_REQUIRED	NO_UNTIL_INDEPENDENT_RECONFIRMATION	cross-surface	P0	patient-mobile	UNIQUE_DEFECT	src/constants/index.ts:11	hard-coded secret/token or bearer credential exposed in client source. Static signal: export const GOOGLE_MAPS_API_KEY = process.env.EXPO_PUBLIC_GOOGLE_MAPS_API_KEY ?? '';	For UNIQUE_DEFECT: reproduce with a contract-backed negative test and remediate. For RUNTIME_VERIFICATION_REQUIRED/INSUFFICIENT_EVIDENCE: trace CTA→API/socket→handler/DB/state and run owner/stranger/unauth plus error/loading/empty/retry/cancel tests before classification or closure.
0D-PATIENT-MOBILE-00208	STATIC_DEFECT_RECONFIRM_REQUIRED	NO_UNTIL_INDEPENDENT_RECONFIRMATION	cross-surface	P0	patient-mobile	UNIQUE_DEFECT	src/i18n/LanguageManager.ts:51	client-side token persistence or raw token propagation requires secure session boundary. Static signal: await AsyncStorage.setItem('app_language', lang);	For UNIQUE_DEFECT: reproduce with a contract-backed negative test and remediate. For RUNTIME_VERIFICATION_REQUIRED/INSUFFICIENT_EVIDENCE: trace CTA→API/socket→handler/DB/state and run owner/stranger/unauth plus error/loading/empty/retry/cancel tests before classification or closure.
0D-PATIENT-MOBILE-00211	STATIC_DEFECT_RECONFIRM_REQUIRED	NO_UNTIL_INDEPENDENT_RECONFIRMATION	cross-surface	P0	patient-mobile	UNIQUE_DEFECT	src/services/FileManager.ts:117	client computes or trusts payment/order totals without server-authoritative proof. Static signal: let total = 0;	For UNIQUE_DEFECT: reproduce with a contract-backed negative test and remediate. For RUNTIME_VERIFICATION_REQUIRED/INSUFFICIENT_EVIDENCE: trace CTA→API/socket→handler/DB/state and run owner/stranger/unauth plus error/loading/empty/retry/cancel tests before classification or closure.
0D-PATIENT-MOBILE-00213	STATIC_DEFECT_RECONFIRM_REQUIRED	NO_UNTIL_INDEPENDENT_RECONFIRMATION	cross-surface	P1	patient-mobile	UNIQUE_DEFECT	src/services/FeatureFlags.ts:71	mock/dummy/placeholder/fallback data is present in a product-facing path. Static signal: loyalty_program:       false,   // coming soon	For UNIQUE_DEFECT: reproduce with a contract-backed negative test and remediate. For RUNTIME_VERIFICATION_REQUIRED/INSUFFICIENT_EVIDENCE: trace CTA→API/socket→handler/DB/state and run owner/stranger/unauth plus error/loading/empty/retry/cancel tests before classification or closure.
0D-PATIENT-MOBILE-00214	STATIC_DEFECT_RECONFIRM_REQUIRED	NO_UNTIL_INDEPENDENT_RECONFIRMATION	cross-surface	P0	patient-mobile	UNIQUE_DEFECT	src/services/FeatureFlags.ts:193	client-side token persistence or raw token propagation requires secure session boundary. Static signal: await AsyncStorage.setItem(	For UNIQUE_DEFECT: reproduce with a contract-backed negative test and remediate. For RUNTIME_VERIFICATION_REQUIRED/INSUFFICIENT_EVIDENCE: trace CTA→API/socket→handler/DB/state and run owner/stranger/unauth plus error/loading/empty/retry/cancel tests before classification or closure.
0D-PATIENT-MOBILE-00216	STATIC_DEFECT_RECONFIRM_REQUIRED	NO_UNTIL_INDEPENDENT_RECONFIRMATION	catalog/discovery	P0	patient-mobile	UNIQUE_DEFECT	src/hooks/useOfflineData.ts:43	client-side token persistence or raw token propagation requires secure session boundary. Static signal: await AsyncStorage.setItem(storageKey, JSON.stringify({ data: fresh, ts: Date.now() }));	For UNIQUE_DEFECT: reproduce with a contract-backed negative test and remediate. For RUNTIME_VERIFICATION_REQUIRED/INSUFFICIENT_EVIDENCE: trace CTA→API/socket→handler/DB/state and run owner/stranger/unauth plus error/loading/empty/retry/cancel tests before classification or closure.
0D-PATIENT-MOBILE-00217	STATIC_DEFECT_RECONFIRM_REQUIRED	NO_UNTIL_INDEPENDENT_RECONFIRMATION	identity/session	P0	patient-mobile	UNIQUE_DEFECT	src/hooks/useBiometricAuth.ts:35	client-side token persistence or raw token propagation requires secure session boundary. Static signal: await AsyncStorage.setItem(`${BIOMETRIC_KEY}_asked`, '1');	For UNIQUE_DEFECT: reproduce with a contract-backed negative test and remediate. For RUNTIME_VERIFICATION_REQUIRED/INSUFFICIENT_EVIDENCE: trace CTA→API/socket→handler/DB/state and run owner/stranger/unauth plus error/loading/empty/retry/cancel tests before classification or closure.
0D-PATIENT-MOBILE-00219	STATIC_DEFECT_RECONFIRM_REQUIRED	NO_UNTIL_INDEPENDENT_RECONFIRMATION	insurance/payment	P0	patient-mobile	UNIQUE_DEFECT	src/utils/insurance-copay-contract.ts:20	client computes or trusts payment/order totals without server-authoritative proof. Static signal: const copay = Number(request.copay_amount ?? 0);	For UNIQUE_DEFECT: reproduce with a contract-backed negative test and remediate. For RUNTIME_VERIFICATION_REQUIRED/INSUFFICIENT_EVIDENCE: trace CTA→API/socket→handler/DB/state and run owner/stranger/unauth plus error/loading/empty/retry/cancel tests before classification or closure.
0D-PATIENT-MOBILE-00221	STATIC_DEFECT_RECONFIRM_REQUIRED	NO_UNTIL_INDEPENDENT_RECONFIRMATION	cross-surface	P0	patient-mobile	UNIQUE_DEFECT	src/utils/selectedAddress.ts:22	client-side token persistence or raw token propagation requires secure session boundary. Static signal: await AsyncStorage.setItem(SELECTED_ADDRESS_KEY, JSON.stringify(addr));	For UNIQUE_DEFECT: reproduce with a contract-backed negative test and remediate. For RUNTIME_VERIFICATION_REQUIRED/INSUFFICIENT_EVIDENCE: trace CTA→API/socket→handler/DB/state and run owner/stranger/unauth plus error/loading/empty/retry/cancel tests before classification or closure.
0D-PATIENT-MOBILE-00223	STATIC_DEFECT_RECONFIRM_REQUIRED	NO_UNTIL_INDEPENDENT_RECONFIRMATION	cross-surface	P0	patient-mobile	UNIQUE_DEFECT	src/utils/deviceId.ts:30	client-side token persistence or raw token propagation requires secure session boundary. Static signal: try { await AsyncStorage.setItem(KEY, id); } catch { /* best-effort */ }	For UNIQUE_DEFECT: reproduce with a contract-backed negative test and remediate. For RUNTIME_VERIFICATION_REQUIRED/INSUFFICIENT_EVIDENCE: trace CTA→API/socket→handler/DB/state and run owner/stranger/unauth plus error/loading/empty/retry/cancel tests before classification or closure.
0D-PATIENT-MOBILE-00224	STATIC_DEFECT_RECONFIRM_REQUIRED	NO_UNTIL_INDEPENDENT_RECONFIRMATION	chat/support	P0	patient-mobile	UNIQUE_DEFECT	src/utils/medication-notifications.ts:68	client-side token persistence or raw token propagation requires secure session boundary. Static signal: await AsyncStorage.setItem(key, JSON.stringify(value));	For UNIQUE_DEFECT: reproduce with a contract-backed negative test and remediate. For RUNTIME_VERIFICATION_REQUIRED/INSUFFICIENT_EVIDENCE: trace CTA→API/socket→handler/DB/state and run owner/stranger/unauth plus error/loading/empty/retry/cancel tests before classification or closure.
0D-PATIENT-MOBILE-00227	STATIC_DEFECT_RECONFIRM_REQUIRED	NO_UNTIL_INDEPENDENT_RECONFIRMATION	cross-surface	P0	patient-mobile	UNIQUE_DEFECT	src/utils/security.ts:17	client-side token persistence or raw token propagation requires secure session boundary. Static signal: await AsyncStorage.setItem(key, value);	For UNIQUE_DEFECT: reproduce with a contract-backed negative test and remediate. For RUNTIME_VERIFICATION_REQUIRED/INSUFFICIENT_EVIDENCE: trace CTA→API/socket→handler/DB/state and run owner/stranger/unauth plus error/loading/empty/retry/cancel tests before classification or closure.
0D-PATIENT-MOBILE-00229	STATIC_DEFECT_RECONFIRM_REQUIRED	NO_UNTIL_INDEPENDENT_RECONFIRMATION	cross-surface	P0	patient-mobile	UNIQUE_DEFECT	src/utils/dates.ts:47	client-side token persistence or raw token propagation requires secure session boundary. Static signal: await AsyncStorage.setItem(STORAGE_KEY, p).catch(() => {});	For UNIQUE_DEFECT: reproduce with a contract-backed negative test and remediate. For RUNTIME_VERIFICATION_REQUIRED/INSUFFICIENT_EVIDENCE: trace CTA→API/socket→handler/DB/state and run owner/stranger/unauth plus error/loading/empty/retry/cancel tests before classification or closure.
0D-PATIENT-MOBILE-00231	STATIC_DEFECT_RECONFIRM_REQUIRED	NO_UNTIL_INDEPENDENT_RECONFIRMATION	cross-surface	P0	patient-mobile	UNIQUE_DEFECT	src/utils/prefetch.ts:20	client-side token persistence or raw token propagation requires secure session boundary. Static signal: await AsyncStorage.setItem(`@nabdah_offline_${cacheKey}`, JSON.stringify({ data, ts: Date.now() }));	For UNIQUE_DEFECT: reproduce with a contract-backed negative test and remediate. For RUNTIME_VERIFICATION_REQUIRED/INSUFFICIENT_EVIDENCE: trace CTA→API/socket→handler/DB/state and run owner/stranger/unauth plus error/loading/empty/retry/cancel tests before classification or closure.
0D-PATIENT-MOBILE-00235	STATIC_DEFECT_RECONFIRM_REQUIRED	NO_UNTIL_INDEPENDENT_RECONFIRMATION	cross-surface	P0	patient-mobile	UNIQUE_DEFECT	src/core/data/AsyncStorageDataSource.ts:47	client-side token persistence or raw token propagation requires secure session boundary. Static signal: await AsyncStorage.setItem(this.itemKey(item.id), JSON.stringify(item));	For UNIQUE_DEFECT: reproduce with a contract-backed negative test and remediate. For RUNTIME_VERIFICATION_REQUIRED/INSUFFICIENT_EVIDENCE: trace CTA→API/socket→handler/DB/state and run owner/stranger/unauth plus error/loading/empty/retry/cancel tests before classification or closure.
0D-PATIENT-MOBILE-00240	STATIC_DEFECT_RECONFIRM_REQUIRED	NO_UNTIL_INDEPENDENT_RECONFIRMATION	pharmacy/orders	P0	patient-mobile	UNIQUE_DEFECT	src/core/platform/commerce/CartManager.ts:95	client computes or trusts payment/order totals without server-authoritative proof. Static signal: const subtotal = items.reduce((acc, item) => acc + (item.unitPrice.amount * item.quantity), 0);	For UNIQUE_DEFECT: reproduce with a contract-backed negative test and remediate. For RUNTIME_VERIFICATION_REQUIRED/INSUFFICIENT_EVIDENCE: trace CTA→API/socket→handler/DB/state and run owner/stranger/unauth plus error/loading/empty/retry/cancel tests before classification or closure.
0D-PATIENT-MOBILE-00242	STATIC_DEFECT_RECONFIRM_REQUIRED	NO_UNTIL_INDEPENDENT_RECONFIRMATION	admin/provider-ops	P0	patient-mobile	UNIQUE_DEFECT	src/guided-tour/providers/PersistenceManager.ts:6	client-side token persistence or raw token propagation requires secure session boundary. Static signal: await AsyncStorage.setItem(`@nabdah_tour_${record.tourId}_${record.userId}`, JSON.stringify(record));	For UNIQUE_DEFECT: reproduce with a contract-backed negative test and remediate. For RUNTIME_VERIFICATION_REQUIRED/INSUFFICIENT_EVIDENCE: trace CTA→API/socket→handler/DB/state and run owner/stranger/unauth plus error/loading/empty/retry/cancel tests before classification or closure.
0D-PATIENT-MOBILE-00243	STATIC_DEFECT_RECONFIRM_REQUIRED	NO_UNTIL_INDEPENDENT_RECONFIRMATION	cross-surface	P0	patient-mobile	UNIQUE_DEFECT	src/store/persistence/SecureStorageAdapter.ts:100	client-side token persistence or raw token propagation requires secure session boundary. Static signal: await AsyncStorage.setItem(key, encryptedValue);	For UNIQUE_DEFECT: reproduce with a contract-backed negative test and remediate. For RUNTIME_VERIFICATION_REQUIRED/INSUFFICIENT_EVIDENCE: trace CTA→API/socket→handler/DB/state and run owner/stranger/unauth plus error/loading/empty/retry/cancel tests before classification or closure.
0D-PATIENT-MOBILE-00244	STATIC_DEFECT_RECONFIRM_REQUIRED	NO_UNTIL_INDEPENDENT_RECONFIRMATION	cross-surface	P1	patient-mobile	UNIQUE_DEFECT	src/components/ScreenStates.tsx:10	mock/dummy/placeholder/fallback data is present in a product-facing path. Static signal: * silently swallowed behind static fake data. Wrap any data-driven screen:	For UNIQUE_DEFECT: reproduce with a contract-backed negative test and remediate. For RUNTIME_VERIFICATION_REQUIRED/INSUFFICIENT_EVIDENCE: trace CTA→API/socket→handler/DB/state and run owner/stranger/unauth plus error/loading/empty/retry/cancel tests before classification or closure.
0D-PATIENT-MOBILE-00246	STATIC_DEFECT_RECONFIRM_REQUIRED	NO_UNTIL_INDEPENDENT_RECONFIRMATION	cross-surface	P0	patient-mobile	UNIQUE_DEFECT	src/theme/ThemeEngine.ts:52	client-side token persistence or raw token propagation requires secure session boundary. Static signal: await AsyncStorage.setItem(THEME_CONFIG_KEY, JSON.stringify(_themeConfig));	For UNIQUE_DEFECT: reproduce with a contract-backed negative test and remediate. For RUNTIME_VERIFICATION_REQUIRED/INSUFFICIENT_EVIDENCE: trace CTA→API/socket→handler/DB/state and run owner/stranger/unauth plus error/loading/empty/retry/cancel tests before classification or closure.
0D-PATIENT-MOBILE-00248	STATIC_DEFECT_RECONFIRM_REQUIRED	NO_UNTIL_INDEPENDENT_RECONFIRMATION	cross-surface	P0	patient-mobile	UNIQUE_DEFECT	src/context/AppContext.tsx:121	client-side token persistence or raw token propagation requires secure session boundary. Static signal: AsyncStorage.setItem(STORAGE_THEME, m).catch((_err) => {	For UNIQUE_DEFECT: reproduce with a contract-backed negative test and remediate. For RUNTIME_VERIFICATION_REQUIRED/INSUFFICIENT_EVIDENCE: trace CTA→API/socket→handler/DB/state and run owner/stranger/unauth plus error/loading/empty/retry/cancel tests before classification or closure.
0D-PATIENT-MOBILE-00249	STATIC_DEFECT_RECONFIRM_REQUIRED	NO_UNTIL_INDEPENDENT_RECONFIRMATION	pharmacy/orders	P0	patient-mobile	UNIQUE_DEFECT	src/context/DiagnosticsCartContext.tsx:115	client computes or trusts payment/order totals without server-authoritative proof. Static signal: const subtotal = useMemo(() => items.reduce((acc, i) => acc + i.price * i.qty, 0), [items]);	For UNIQUE_DEFECT: reproduce with a contract-backed negative test and remediate. For RUNTIME_VERIFICATION_REQUIRED/INSUFFICIENT_EVIDENCE: trace CTA→API/socket→handler/DB/state and run owner/stranger/unauth plus error/loading/empty/retry/cancel tests before classification or closure.
0D-PATIENT-MOBILE-00251	STATIC_DEFECT_RECONFIRM_REQUIRED	NO_UNTIL_INDEPENDENT_RECONFIRMATION	pharmacy/orders	P0	patient-mobile	UNIQUE_DEFECT	src/context/CartContext.tsx:179	client computes or trusts payment/order totals without server-authoritative proof. Static signal: const subtotal = useMemo(() => items.reduce((acc, i) => acc + i.price * i.qty, 0), [items]);	For UNIQUE_DEFECT: reproduce with a contract-backed negative test and remediate. For RUNTIME_VERIFICATION_REQUIRED/INSUFFICIENT_EVIDENCE: trace CTA→API/socket→handler/DB/state and run owner/stranger/unauth plus error/loading/empty/retry/cancel tests before classification or closure.
0D-PATIENT-WEB-00256	STATIC_DEFECT_RECONFIRM_REQUIRED	NO_UNTIL_INDEPENDENT_RECONFIRMATION	identity/session	P0	patient-web	UNIQUE_DEFECT	client/src/_core/hooks/useAuth.ts:54	client-side token persistence or raw token propagation requires secure session boundary. Static signal: localStorage.setItem(	For UNIQUE_DEFECT: reproduce with a contract-backed negative test and remediate. For RUNTIME_VERIFICATION_REQUIRED/INSUFFICIENT_EVIDENCE: trace CTA→API/socket→handler/DB/state and run owner/stranger/unauth plus error/loading/empty/retry/cancel tests before classification or closure.
0D-PATIENT-WEB-00258	STATIC_DEFECT_RECONFIRM_REQUIRED	NO_UNTIL_INDEPENDENT_RECONFIRMATION	cross-surface	P0	patient-web	UNIQUE_DEFECT	client/src/contexts/ThemeContext.tsx:41	"client-side token persistence or raw token propagation requires secure session boundary. Static signal: localStorage.setItem(""theme"", theme);"	For UNIQUE_DEFECT: reproduce with a contract-backed negative test and remediate. For RUNTIME_VERIFICATION_REQUIRED/INSUFFICIENT_EVIDENCE: trace CTA→API/socket→handler/DB/state and run owner/stranger/unauth plus error/loading/empty/retry/cancel tests before classification or closure.
0D-PATIENT-WEB-00259	STATIC_DEFECT_RECONFIRM_REQUIRED	NO_UNTIL_INDEPENDENT_RECONFIRMATION	cross-surface	P0	patient-web	UNIQUE_DEFECT	client/src/components/Map.tsx:89	hard-coded secret/token or bearer credential exposed in client source. Static signal: const API_KEY = import.meta.env.VITE_FRONTEND_FORGE_API_KEY;	For UNIQUE_DEFECT: reproduce with a contract-backed negative test and remediate. For RUNTIME_VERIFICATION_REQUIRED/INSUFFICIENT_EVIDENCE: trace CTA→API/socket→handler/DB/state and run owner/stranger/unauth plus error/loading/empty/retry/cancel tests before classification or closure.
0D-PATIENT-WEB-00260	STATIC_DEFECT_RECONFIRM_REQUIRED	NO_UNTIL_INDEPENDENT_RECONFIRMATION	cross-surface	P0	patient-web	UNIQUE_DEFECT	client/src/components/DashboardLayout.tsx:52	client-side token persistence or raw token propagation requires secure session boundary. Static signal: localStorage.setItem(SIDEBAR_WIDTH_KEY, sidebarWidth.toString());	For UNIQUE_DEFECT: reproduce with a contract-backed negative test and remediate. For RUNTIME_VERIFICATION_REQUIRED/INSUFFICIENT_EVIDENCE: trace CTA→API/socket→handler/DB/state and run owner/stranger/unauth plus error/loading/empty/retry/cancel tests before classification or closure.
0D-PATIENT-WEB-00271	STATIC_DEFECT_RECONFIRM_REQUIRED	NO_UNTIL_INDEPENDENT_RECONFIRMATION	pharmacy/orders	P1	patient-web	UNIQUE_DEFECT	scripts/verify-truthful-runtime.mjs:19	"mock/dummy/placeholder/fallback data is present in a product-facing path. Static signal: { name: ""domain fake data marker"", pattern: /(?:fake|dummy)\\s+(?:health|medical|patient|order|balance|appointment|report)/i },"	For UNIQUE_DEFECT: reproduce with a contract-backed negative test and remediate. For RUNTIME_VERIFICATION_REQUIRED/INSUFFICIENT_EVIDENCE: trace CTA→API/socket→handler/DB/state and run owner/stranger/unauth plus error/loading/empty/retry/cancel tests before classification or closure.
0D-PATIENT-WEB-00292	STATIC_DEFECT_RECONFIRM_REQUIRED	NO_UNTIL_INDEPENDENT_RECONFIRMATION	pharmacy/orders	P0	patient-web	UNIQUE_DEFECT	lib/api/orders.ts:29	client computes or trusts payment/order totals without server-authoritative proof. Static signal: const rawTotal = totals?.total ?? record.total ?? record.total_price;	For UNIQUE_DEFECT: reproduce with a contract-backed negative test and remediate. For RUNTIME_VERIFICATION_REQUIRED/INSUFFICIENT_EVIDENCE: trace CTA→API/socket→handler/DB/state and run owner/stranger/unauth plus error/loading/empty/retry/cancel tests before classification or closure.
0D-PATIENT-WEB-00321	STATIC_DEFECT_RECONFIRM_REQUIRED	NO_UNTIL_INDEPENDENT_RECONFIRMATION	chat/support	P0	patient-web	UNIQUE_DEFECT	audit-artifacts/full-audit-20260823/phase9-pnpm-audit.json:2493	"client computes or trusts payment/order totals without server-authoritative proof. Static signal: ""overview"": ""## Summary\n\n`node-tar` strips trailing `NUL` bytes from long-name (`L`) and long-linkpath (`K`) GNU extended headers but does **not** apply the same sanitization to equivalent fields delivered via PAX (`x`"	For UNIQUE_DEFECT: reproduce with a contract-backed negative test and remediate. For RUNTIME_VERIFICATION_REQUIRED/INSUFFICIENT_EVIDENCE: trace CTA→API/socket→handler/DB/state and run owner/stranger/unauth plus error/loading/empty/retry/cancel tests before classification or closure.
0D-PATIENT-WEB-00324	STATIC_DEFECT_RECONFIRM_REQUIRED	NO_UNTIL_INDEPENDENT_RECONFIRMATION	chat/support	P0	patient-web	UNIQUE_DEFECT	audit-artifacts/full-audit-20260823/phase9-pnpm-audit-after-postcss.json:2412	"client computes or trusts payment/order totals without server-authoritative proof. Static signal: ""overview"": ""## Summary\n\n`node-tar` strips trailing `NUL` bytes from long-name (`L`) and long-linkpath (`K`) GNU extended headers but does **not** apply the same sanitization to equivalent fields delivered via PAX (`x`"	For UNIQUE_DEFECT: reproduce with a contract-backed negative test and remediate. For RUNTIME_VERIFICATION_REQUIRED/INSUFFICIENT_EVIDENCE: trace CTA→API/socket→handler/DB/state and run owner/stranger/unauth plus error/loading/empty/retry/cancel tests before classification or closure.
0D-PROVIDER-00326	STATIC_DEFECT_RECONFIRM_REQUIRED	NO_UNTIL_INDEPENDENT_RECONFIRMATION	diagnostics/homecare	P0	provider	UNIQUE_DEFECT	src/screens/lab/LabRegistration.tsx:121	client computes or trusts payment/order totals without server-authoritative proof. Static signal: const TOTAL = 7;	For UNIQUE_DEFECT: reproduce with a contract-backed negative test and remediate. For RUNTIME_VERIFICATION_REQUIRED/INSUFFICIENT_EVIDENCE: trace CTA→API/socket→handler/DB/state and run owner/stranger/unauth plus error/loading/empty/retry/cancel tests before classification or closure.
0D-PROVIDER-00328	STATIC_DEFECT_RECONFIRM_REQUIRED	NO_UNTIL_INDEPENDENT_RECONFIRMATION	diagnostics/homecare	P0	provider	UNIQUE_DEFECT	src/screens/lab/LabDashboard.tsx:1287	client computes or trusts payment/order totals without server-authoritative proof. Static signal: const setTotalCopay = (val: string) => {	For UNIQUE_DEFECT: reproduce with a contract-backed negative test and remediate. For RUNTIME_VERIFICATION_REQUIRED/INSUFFICIENT_EVIDENCE: trace CTA→API/socket→handler/DB/state and run owner/stranger/unauth plus error/loading/empty/retry/cancel tests before classification or closure.
0D-PROVIDER-00330	STATIC_DEFECT_RECONFIRM_REQUIRED	NO_UNTIL_INDEPENDENT_RECONFIRMATION	catalog/discovery	P0	provider	UNIQUE_DEFECT	src/screens/facility/FacilityRegistration.tsx:82	client computes or trusts payment/order totals without server-authoritative proof. Static signal: const TOTAL = 8;	For UNIQUE_DEFECT: reproduce with a contract-backed negative test and remediate. For RUNTIME_VERIFICATION_REQUIRED/INSUFFICIENT_EVIDENCE: trace CTA→API/socket→handler/DB/state and run owner/stranger/unauth plus error/loading/empty/retry/cancel tests before classification or closure.
0D-PROVIDER-00331	STATIC_DEFECT_RECONFIRM_REQUIRED	NO_UNTIL_INDEPENDENT_RECONFIRMATION	catalog/discovery	P0	provider	UNIQUE_DEFECT	src/screens/facility/FacilityDashboard.tsx:447	client computes or trusts payment/order totals without server-authoritative proof. Static signal: const total = ward.total_beds || 0;	For UNIQUE_DEFECT: reproduce with a contract-backed negative test and remediate. For RUNTIME_VERIFICATION_REQUIRED/INSUFFICIENT_EVIDENCE: trace CTA→API/socket→handler/DB/state and run owner/stranger/unauth plus error/loading/empty/retry/cancel tests before classification or closure.
0D-PROVIDER-00333	STATIC_DEFECT_RECONFIRM_REQUIRED	NO_UNTIL_INDEPENDENT_RECONFIRMATION	diagnostics/homecare	P0	provider	UNIQUE_DEFECT	src/screens/ambulance/AmbulanceRegistration.tsx:35	client computes or trusts payment/order totals without server-authoritative proof. Static signal: const TOTAL = 4;	For UNIQUE_DEFECT: reproduce with a contract-backed negative test and remediate. For RUNTIME_VERIFICATION_REQUIRED/INSUFFICIENT_EVIDENCE: trace CTA→API/socket→handler/DB/state and run owner/stranger/unauth plus error/loading/empty/retry/cancel tests before classification or closure.
0D-PROVIDER-00338	STATIC_DEFECT_RECONFIRM_REQUIRED	NO_UNTIL_INDEPENDENT_RECONFIRMATION	insurance/payment	P0	provider	UNIQUE_DEFECT	src/screens/shared/SharedScreens.tsx:2483	client computes or trusts payment/order totals without server-authoritative proof. Static signal: const updateCopay = (id: string, val: string) => {	For UNIQUE_DEFECT: reproduce with a contract-backed negative test and remediate. For RUNTIME_VERIFICATION_REQUIRED/INSUFFICIENT_EVIDENCE: trace CTA→API/socket→handler/DB/state and run owner/stranger/unauth plus error/loading/empty/retry/cancel tests before classification or closure.
0D-PROVIDER-00341	STATIC_DEFECT_RECONFIRM_REQUIRED	NO_UNTIL_INDEPENDENT_RECONFIRMATION	diagnostics/homecare	P0	provider	UNIQUE_DEFECT	src/screens/nursing/NursingRegistration.tsx:98	client computes or trusts payment/order totals without server-authoritative proof. Static signal: const TOTAL = 8;	For UNIQUE_DEFECT: reproduce with a contract-backed negative test and remediate. For RUNTIME_VERIFICATION_REQUIRED/INSUFFICIENT_EVIDENCE: trace CTA→API/socket→handler/DB/state and run owner/stranger/unauth plus error/loading/empty/retry/cancel tests before classification or closure.
0D-PROVIDER-00344	STATIC_DEFECT_RECONFIRM_REQUIRED	NO_UNTIL_INDEPENDENT_RECONFIRMATION	consultation/booking	P0	provider	UNIQUE_DEFECT	src/screens/doctor/DoctorDashboard.tsx:3812	client computes or trusts payment/order totals without server-authoritative proof. Static signal: const updateCopay = (id: string, val: string) => {	For UNIQUE_DEFECT: reproduce with a contract-backed negative test and remediate. For RUNTIME_VERIFICATION_REQUIRED/INSUFFICIENT_EVIDENCE: trace CTA→API/socket→handler/DB/state and run owner/stranger/unauth plus error/loading/empty/retry/cancel tests before classification or closure.
0D-PROVIDER-00345	STATIC_DEFECT_RECONFIRM_REQUIRED	NO_UNTIL_INDEPENDENT_RECONFIRMATION	consultation/booking	P0	provider	UNIQUE_DEFECT	src/screens/doctor/DoctorRegistration.tsx:106	client computes or trusts payment/order totals without server-authoritative proof. Static signal: const TOTAL = 7;	For UNIQUE_DEFECT: reproduce with a contract-backed negative test and remediate. For RUNTIME_VERIFICATION_REQUIRED/INSUFFICIENT_EVIDENCE: trace CTA→API/socket→handler/DB/state and run owner/stranger/unauth plus error/loading/empty/retry/cancel tests before classification or closure.
0D-PROVIDER-00346	STATIC_DEFECT_RECONFIRM_REQUIRED	NO_UNTIL_INDEPENDENT_RECONFIRMATION	diagnostics/homecare	P0	provider	UNIQUE_DEFECT	src/screens/radiology/RadiologyRegistration.tsx:121	client computes or trusts payment/order totals without server-authoritative proof. Static signal: const TOTAL = 7;	For UNIQUE_DEFECT: reproduce with a contract-backed negative test and remediate. For RUNTIME_VERIFICATION_REQUIRED/INSUFFICIENT_EVIDENCE: trace CTA→API/socket→handler/DB/state and run owner/stranger/unauth plus error/loading/empty/retry/cancel tests before classification or closure.
0D-PROVIDER-00351	STATIC_DEFECT_RECONFIRM_REQUIRED	NO_UNTIL_INDEPENDENT_RECONFIRMATION	pharmacy/orders	P0	provider	UNIQUE_DEFECT	src/screens/pharmacy/PharmacyDashboard.tsx:1216	client computes or trusts payment/order totals without server-authoritative proof. Static signal: const realCopay = Number(res.data?.insurance_copay) || 0;	For UNIQUE_DEFECT: reproduce with a contract-backed negative test and remediate. For RUNTIME_VERIFICATION_REQUIRED/INSUFFICIENT_EVIDENCE: trace CTA→API/socket→handler/DB/state and run owner/stranger/unauth plus error/loading/empty/retry/cancel tests before classification or closure.
0D-PROVIDER-00352	STATIC_DEFECT_RECONFIRM_REQUIRED	NO_UNTIL_INDEPENDENT_RECONFIRMATION	pharmacy/orders	P0	provider	UNIQUE_DEFECT	src/screens/pharmacy/PharmacyRegistration.tsx:95	client computes or trusts payment/order totals without server-authoritative proof. Static signal: const TOTAL = 8;	For UNIQUE_DEFECT: reproduce with a contract-backed negative test and remediate. For RUNTIME_VERIFICATION_REQUIRED/INSUFFICIENT_EVIDENCE: trace CTA→API/socket→handler/DB/state and run owner/stranger/unauth plus error/loading/empty/retry/cancel tests before classification or closure.
0D-ADMIN-00359	STATIC_DEFECT_RECONFIRM_REQUIRED	NO_UNTIL_INDEPENDENT_RECONFIRMATION	identity/session	P0	admin	UNIQUE_DEFECT	src/pages/login.tsx:148	client-side token persistence or raw token propagation requires secure session boundary. Static signal: localStorage.setItem('admin_token', data?.token?.accessToken || data?.token || '');	For UNIQUE_DEFECT: reproduce with a contract-backed negative test and remediate. For RUNTIME_VERIFICATION_REQUIRED/INSUFFICIENT_EVIDENCE: trace CTA→API/socket→handler/DB/state and run owner/stranger/unauth plus error/loading/empty/retry/cancel tests before classification or closure.
0D-ADMIN-00377	STATIC_DEFECT_RECONFIRM_REQUIRED	NO_UNTIL_INDEPENDENT_RECONFIRMATION	pharmacy/orders	P0	admin	UNIQUE_DEFECT	src/pages/admin/pharmacy-procurement.tsx:54	client computes or trusts payment/order totals without server-authoritative proof. Static signal: const total = totalOf(selected);	For UNIQUE_DEFECT: reproduce with a contract-backed negative test and remediate. For RUNTIME_VERIFICATION_REQUIRED/INSUFFICIENT_EVIDENCE: trace CTA→API/socket→handler/DB/state and run owner/stranger/unauth plus error/loading/empty/retry/cancel tests before classification or closure.
0D1-0001	CATALOG_ONLY__INSUFFICIENT_EVIDENCE	NO	Pharmacy	N/A	patient-mobile	INSUFFICIENT_EVIDENCE	app/pharmacy/cart.tsx:3	Evidence-first catalog row; not a defect or reconciliation closure.	Independent contract chain review required.
0D1-0002	CATALOG_ONLY__INSUFFICIENT_EVIDENCE	NO	Pharmacy	N/A	patient-mobile	INSUFFICIENT_EVIDENCE	app/pharmacy/checkout.tsx:3	Evidence-first catalog row; not a defect or reconciliation closure.	Independent contract chain review required.
0D1-0003	CATALOG_ONLY__INSUFFICIENT_EVIDENCE	NO	Pharmacy	N/A	patient-mobile	INSUFFICIENT_EVIDENCE	app/pharmacy/broadcast-status.tsx:1	Evidence-first catalog row; not a defect or reconciliation closure.	Independent contract chain review required.
0D1-0004	CATALOG_ONLY__INSUFFICIENT_EVIDENCE	NO	Pharmacy	N/A	patient-mobile	INSUFFICIENT_EVIDENCE	app/pharmacy/payment.tsx:3	Evidence-first catalog row; not a defect or reconciliation closure.	Independent contract chain review required.
0D1-0005	CATALOG_ONLY__INSUFFICIENT_EVIDENCE	NO	Pharmacy	N/A	patient-mobile	INSUFFICIENT_EVIDENCE	app/pharmacy/order-confirm.tsx:3	Evidence-first catalog row; not a defect or reconciliation closure.	Independent contract chain review required.
0D1-0006	CATALOG_ONLY__INSUFFICIENT_EVIDENCE	NO	Pharmacy	N/A	patient-web	RUNTIME_REQUIRED	app/[locale]/cart/page.tsx:4	Evidence-first catalog row; not a defect or reconciliation closure.	Independent contract chain review required.
0D1-0007	CATALOG_ONLY__INSUFFICIENT_EVIDENCE	NO	Pharmacy	N/A	patient-web	INSUFFICIENT_EVIDENCE	app/[locale]/cart/checkout/page.tsx:14	Evidence-first catalog row; not a defect or reconciliation closure.	Independent contract chain review required.
0D1-0008	CATALOG_ONLY__INSUFFICIENT_EVIDENCE	NO	Pharmacy	N/A	patient-web	INSUFFICIENT_EVIDENCE	app/[locale]/orders/[orderId]/page.tsx:5	Evidence-first catalog row; not a defect or reconciliation closure.	Independent contract chain review required.
0D1-0009	CATALOG_ONLY__INSUFFICIENT_EVIDENCE	NO	Pharmacy	N/A	patient-web	INSUFFICIENT_EVIDENCE	app/[locale]/orders/[orderId]/tracking/page.tsx:6	Evidence-first catalog row; not a defect or reconciliation closure.	Independent contract chain review required.
0D1-0010	CATALOG_ONLY__INSUFFICIENT_EVIDENCE	NO	Pharmacy	N/A	provider	INSUFFICIENT_EVIDENCE	src/screens/pharmacy/PharmacyDashboard.tsx:5	Evidence-first catalog row; not a defect or reconciliation closure.	Independent contract chain review required.
0D1-0011	CATALOG_ONLY__INSUFFICIENT_EVIDENCE	NO	Pharmacy	N/A	admin	INSUFFICIENT_EVIDENCE	src/pages/admin/pharmacy-procurement.tsx:6	Evidence-first catalog row; not a defect or reconciliation closure.	Independent contract chain review required.
0D1-0012	CATALOG_ONLY__INSUFFICIENT_EVIDENCE	NO	Consultation	N/A	patient-mobile	RUNTIME_REQUIRED	app/consultations/doctor-search.tsx:11	Evidence-first catalog row; not a defect or reconciliation closure.	Independent contract chain review required.
0D1-0013	CATALOG_ONLY__INSUFFICIENT_EVIDENCE	NO	Consultation	N/A	patient-mobile	INSUFFICIENT_EVIDENCE	app/consultations/book/[id].tsx:2	Evidence-first catalog row; not a defect or reconciliation closure.	Independent contract chain review required.
0D1-0014	CATALOG_ONLY__INSUFFICIENT_EVIDENCE	NO	Consultation	N/A	patient-mobile	INSUFFICIENT_EVIDENCE	app/consultations/booking-confirm.tsx:14	Evidence-first catalog row; not a defect or reconciliation closure.	Independent contract chain review required.
0D1-0015	CATALOG_ONLY__INSUFFICIENT_EVIDENCE	NO	Consultation	N/A	patient-mobile	RUNTIME_REQUIRED	app/consultations/cancel-reschedule.tsx:13	Evidence-first catalog row; not a defect or reconciliation closure.	Independent contract chain review required.
0D1-0016	CATALOG_ONLY__INSUFFICIENT_EVIDENCE	NO	Consultation	N/A	patient-mobile	RUNTIME_REQUIRED	app/consultations/video-call.tsx:17	Evidence-first catalog row; not a defect or reconciliation closure.	Independent contract chain review required.
0D1-0017	CATALOG_ONLY__INSUFFICIENT_EVIDENCE	NO	Consultation	N/A	patient-web	RUNTIME_REQUIRED	app/[locale]/consultations/doctors/page.tsx:5	Evidence-first catalog row; not a defect or reconciliation closure.	Independent contract chain review required.
0D1-0018	CATALOG_ONLY__INSUFFICIENT_EVIDENCE	NO	Consultation	N/A	patient-web	INSUFFICIENT_EVIDENCE	app/[locale]/consultations/doctors/[doctorId]/page.tsx:5	Evidence-first catalog row; not a defect or reconciliation closure.	Independent contract chain review required.
0D1-0019	CATALOG_ONLY__INSUFFICIENT_EVIDENCE	NO	Consultation	N/A	patient-web	INSUFFICIENT_EVIDENCE	app/api/appointments/book/route.ts:14	Evidence-first catalog row; not a defect or reconciliation closure.	Independent contract chain review required.
0D1-0020	CATALOG_ONLY__INSUFFICIENT_EVIDENCE	NO	Consultation	N/A	patient-web	RUNTIME_REQUIRED	app/[locale]/appointments/[appointmentId]/page.tsx:10	Evidence-first catalog row; not a defect or reconciliation closure.	Independent contract chain review required.
0D1-0021	CATALOG_ONLY__INSUFFICIENT_EVIDENCE	NO	Consultation	N/A	patient-web	RUNTIME_REQUIRED	app/api/appointments/[appointmentId]/call-token/route.ts:7	Evidence-first catalog row; not a defect or reconciliation closure.	Independent contract chain review required.
0D1-0022	CATALOG_ONLY__INSUFFICIENT_EVIDENCE	NO	Consultation	N/A	admin	INSUFFICIENT_EVIDENCE	src/pages/admin/provider-audits.tsx:4	Evidence-first catalog row; not a defect or reconciliation closure.	Independent contract chain review required.
0D1-0023	CATALOG_ONLY__INSUFFICIENT_EVIDENCE	NO	Labs	N/A	patient-mobile	INSUFFICIENT_EVIDENCE	app/reports/view-report.tsx:2	Evidence-first catalog row; not a defect or reconciliation closure.	Independent contract chain review required.
0D1-0024	CATALOG_ONLY__INSUFFICIENT_EVIDENCE	NO	Labs	N/A	patient-web	INSUFFICIENT_EVIDENCE	app/[locale]/diagnostics/labs/page.tsx:4	Evidence-first catalog row; not a defect or reconciliation closure.	Independent contract chain review required.
0D1-0025	CATALOG_ONLY__INSUFFICIENT_EVIDENCE	NO	Labs	N/A	patient-web	INSUFFICIENT_EVIDENCE	app/[locale]/diagnostics/[domain]/[bookingId]/page.tsx:4	Evidence-first catalog row; not a defect or reconciliation closure.	Independent contract chain review required.
0D1-0026	CATALOG_ONLY__INSUFFICIENT_EVIDENCE	NO	Labs	N/A	provider	INSUFFICIENT_EVIDENCE	src/screens/lab/LabDashboard.tsx:2	Evidence-first catalog row; not a defect or reconciliation closure.	Independent contract chain review required.
0D1-0027	CATALOG_ONLY__INSUFFICIENT_EVIDENCE	NO	Labs	N/A	provider	RUNTIME_REQUIRED	src/screens/lab/LabQcActions.tsx:2	Evidence-first catalog row; not a defect or reconciliation closure.	Independent contract chain review required.
0D1-0028	CATALOG_ONLY__INSUFFICIENT_EVIDENCE	NO	Radiology	N/A	patient-mobile	INSUFFICIENT_EVIDENCE	app/reports/view-report.tsx:2	Evidence-first catalog row; not a defect or reconciliation closure.	Independent contract chain review required.
0D1-0029	CATALOG_ONLY__INSUFFICIENT_EVIDENCE	NO	Radiology	N/A	patient-web	INSUFFICIENT_EVIDENCE	app/[locale]/diagnostics/radiology/page.tsx:4	Evidence-first catalog row; not a defect or reconciliation closure.	Independent contract chain review required.
0D1-0030	CATALOG_ONLY__INSUFFICIENT_EVIDENCE	NO	Radiology	N/A	patient-web	INSUFFICIENT_EVIDENCE	app/[locale]/diagnostics/[domain]/[bookingId]/page.tsx:4	Evidence-first catalog row; not a defect or reconciliation closure.	Independent contract chain review required.
0D1-0031	CATALOG_ONLY__INSUFFICIENT_EVIDENCE	NO	Radiology	N/A	provider	INSUFFICIENT_EVIDENCE	src/screens/radiology/RadiologyDashboard.tsx:41	Evidence-first catalog row; not a defect or reconciliation closure.	Independent contract chain review required.
0D1-0032	CATALOG_ONLY__INSUFFICIENT_EVIDENCE	NO	Radiology	N/A	admin	INSUFFICIENT_EVIDENCE	src/pages/admin/catalog-manager.tsx:5	Evidence-first catalog row; not a defect or reconciliation closure.	Independent contract chain review required.
0D1-0033	CATALOG_ONLY__INSUFFICIENT_EVIDENCE	NO	Nursing/Home-care	N/A	patient-mobile	INSUFFICIENT_EVIDENCE	app/nursing/service-details.tsx:19	Evidence-first catalog row; not a defect or reconciliation closure.	Independent contract chain review required.
0D1-0034	CATALOG_ONLY__INSUFFICIENT_EVIDENCE	NO	Nursing/Home-care	N/A	patient-mobile	INSUFFICIENT_EVIDENCE	app/nursing/service-info.tsx:55	Evidence-first catalog row; not a defect or reconciliation closure.	Independent contract chain review required.
0D1-0035	CATALOG_ONLY__INSUFFICIENT_EVIDENCE	NO	Nursing/Home-care	N/A	patient-mobile	INSUFFICIENT_EVIDENCE	app/nursing/live-tracking.tsx:72	Evidence-first catalog row; not a defect or reconciliation closure.	Independent contract chain review required.
0D1-0036	CATALOG_ONLY__INSUFFICIENT_EVIDENCE	NO	Nursing/Home-care	N/A	patient-web	INSUFFICIENT_EVIDENCE	app/[locale]/home-care/services/page.tsx:5	Evidence-first catalog row; not a defect or reconciliation closure.	Independent contract chain review required.
0D1-0037	CATALOG_ONLY__INSUFFICIENT_EVIDENCE	NO	Nursing/Home-care	N/A	patient-web	INSUFFICIENT_EVIDENCE	app/[locale]/home-care/services/[serviceId]/page.tsx:18	Evidence-first catalog row; not a defect or reconciliation closure.	Independent contract chain review required.
0D1-0038	CATALOG_ONLY__INSUFFICIENT_EVIDENCE	NO	Nursing/Home-care	N/A	patient-web	INSUFFICIENT_EVIDENCE	app/[locale]/home-care/page.tsx:4	Evidence-first catalog row; not a defect or reconciliation closure.	Independent contract chain review required.
0D1-0039	CATALOG_ONLY__INSUFFICIENT_EVIDENCE	NO	Nursing/Home-care	N/A	provider	INSUFFICIENT_EVIDENCE	src/screens/nursing/NursingFieldOps.tsx:18	Evidence-first catalog row; not a defect or reconciliation closure.	Independent contract chain review required.
0D1-0040	CATALOG_ONLY__INSUFFICIENT_EVIDENCE	NO	Nursing/Home-care	N/A	admin	INSUFFICIENT_EVIDENCE	src/pages/admin/nursing-portal.tsx:4	Evidence-first catalog row; not a defect or reconciliation closure.	Independent contract chain review required.
0D1-0041	CATALOG_ONLY__INSUFFICIENT_EVIDENCE	NO	Identity/OTP/Roles	N/A	patient-mobile	INSUFFICIENT_EVIDENCE	app/(auth)/login.tsx:29	Evidence-first catalog row; not a defect or reconciliation closure.	Independent contract chain review required.
0D1-0042	CATALOG_ONLY__INSUFFICIENT_EVIDENCE	NO	Identity/OTP/Roles	N/A	patient-mobile	INSUFFICIENT_EVIDENCE	src/navigation/guards/AuthGuard.tsx:5	Evidence-first catalog row; not a defect or reconciliation closure.	Independent contract chain review required.
0D1-0043	CATALOG_ONLY__INSUFFICIENT_EVIDENCE	NO	Identity/OTP/Roles	N/A	patient-mobile	INSUFFICIENT_EVIDENCE	app/settings/security.tsx:27	Evidence-first catalog row; not a defect or reconciliation closure.	Independent contract chain review required.
0D1-0044	CATALOG_ONLY__INSUFFICIENT_EVIDENCE	NO	Identity/OTP/Roles	N/A	patient-web	INSUFFICIENT_EVIDENCE	app/[locale]/login/page.tsx:4	Evidence-first catalog row; not a defect or reconciliation closure.	Independent contract chain review required.
0D1-0045	CATALOG_ONLY__INSUFFICIENT_EVIDENCE	NO	Identity/OTP/Roles	N/A	patient-web	INSUFFICIENT_EVIDENCE	app/api/auth/otp/request/route.ts:7	Evidence-first catalog row; not a defect or reconciliation closure.	Independent contract chain review required.
0D1-0046	CATALOG_ONLY__INSUFFICIENT_EVIDENCE	NO	Identity/OTP/Roles	N/A	patient-web	INSUFFICIENT_EVIDENCE	app/api/auth/session/exchange/route.ts:5	Evidence-first catalog row; not a defect or reconciliation closure.	Independent contract chain review required.
0D1-0047	CATALOG_ONLY__INSUFFICIENT_EVIDENCE	NO	Identity/OTP/Roles	N/A	provider	INSUFFICIENT_EVIDENCE	src/screens/auth/AuthScreens.tsx:3	Evidence-first catalog row; not a defect or reconciliation closure.	Independent contract chain review required.
0D1-0048	CATALOG_ONLY__INSUFFICIENT_EVIDENCE	NO	Identity/OTP/Roles	N/A	provider	INSUFFICIENT_EVIDENCE	src/security/Security.ts:12	Evidence-first catalog row; not a defect or reconciliation closure.	Independent contract chain review required.
0D1-0049	CATALOG_ONLY__INSUFFICIENT_EVIDENCE	NO	Identity/OTP/Roles	N/A	admin	INSUFFICIENT_EVIDENCE	src/pages/login.tsx:4	Evidence-first catalog row; not a defect or reconciliation closure.	Independent contract chain review required.
0D1-0050	CATALOG_ONLY__INSUFFICIENT_EVIDENCE	NO	Identity/OTP/Roles	N/A	admin	INSUFFICIENT_EVIDENCE	src/components/AdminGuard.tsx:6	Evidence-first catalog row; not a defect or reconciliation closure.	Independent contract chain review required.
0D1-0051	CATALOG_ONLY__INSUFFICIENT_EVIDENCE	NO	Family/Health	N/A	patient-mobile	INSUFFICIENT_EVIDENCE	app/family/permissions.tsx:27	Evidence-first catalog row; not a defect or reconciliation closure.	Independent contract chain review required.
0D1-0052	CATALOG_ONLY__INSUFFICIENT_EVIDENCE	NO	Family/Health	N/A	patient-mobile	INSUFFICIENT_EVIDENCE	app/family/member-health.tsx:27	Evidence-first catalog row; not a defect or reconciliation closure.	Independent contract chain review required.
0D1-0053	CATALOG_ONLY__INSUFFICIENT_EVIDENCE	NO	Family/Health	N/A	patient-web	INSUFFICIENT_EVIDENCE	app/[locale]/family/page.tsx:3	Evidence-first catalog row; not a defect or reconciliation closure.	Independent contract chain review required.
0D1-0054	CATALOG_ONLY__INSUFFICIENT_EVIDENCE	NO	Family/Health	N/A	patient-web	INSUFFICIENT_EVIDENCE	lib/api/family-server.ts:3	Evidence-first catalog row; not a defect or reconciliation closure.	Independent contract chain review required.
0D1-0055	CATALOG_ONLY__INSUFFICIENT_EVIDENCE	NO	Family/Health	N/A	provider	INSUFFICIENT_EVIDENCE	src/screens/shared/RealScreens.tsx:1	Evidence-first catalog row; not a defect or reconciliation closure.	Independent contract chain review required.
0D1-0056	CATALOG_ONLY__INSUFFICIENT_EVIDENCE	NO	Prescription/Chat/Support	N/A	patient-mobile	INSUFFICIENT_EVIDENCE	app/consultations/prescription-from-doctor.tsx:25	Evidence-first catalog row; not a defect or reconciliation closure.	Independent contract chain review required.
0D1-0057	CATALOG_ONLY__INSUFFICIENT_EVIDENCE	NO	Prescription/Chat/Support	N/A	patient-mobile	INSUFFICIENT_EVIDENCE	app/support/chat.tsx:2	Evidence-first catalog row; not a defect or reconciliation closure.	Independent contract chain review required.
0D1-0058	CATALOG_ONLY__INSUFFICIENT_EVIDENCE	NO	Prescription/Chat/Support	N/A	patient-mobile	RUNTIME_REQUIRED	app/support/ticket.tsx:2	Evidence-first catalog row; not a defect or reconciliation closure.	Independent contract chain review required.
0D1-0059	CATALOG_ONLY__INSUFFICIENT_EVIDENCE	NO	Prescription/Chat/Support	N/A	patient-web	INSUFFICIENT_EVIDENCE	app/[locale]/prescriptions/page.tsx:3	Evidence-first catalog row; not a defect or reconciliation closure.	Independent contract chain review required.
0D1-0060	CATALOG_ONLY__INSUFFICIENT_EVIDENCE	NO	Prescription/Chat/Support	N/A	patient-web	INSUFFICIENT_EVIDENCE	app/[locale]/chat/[threadId]/page.tsx:3	Evidence-first catalog row; not a defect or reconciliation closure.	Independent contract chain review required.
0D1-0061	CATALOG_ONLY__INSUFFICIENT_EVIDENCE	NO	Prescription/Chat/Support	N/A	patient-web	INSUFFICIENT_EVIDENCE	lib/api/chat.ts:6	Evidence-first catalog row; not a defect or reconciliation closure.	Independent contract chain review required.
0D1-0062	CATALOG_ONLY__INSUFFICIENT_EVIDENCE	NO	Prescription/Chat/Support	N/A	provider	INSUFFICIENT_EVIDENCE	src/screens/facility/FacilityInternalChatScreen.tsx:9	Evidence-first catalog row; not a defect or reconciliation closure.	Independent contract chain review required.
0D1-0063	CATALOG_ONLY__INSUFFICIENT_EVIDENCE	NO	Prescription/Chat/Support	N/A	admin	RUNTIME_REQUIRED	src/pages/admin/support-tickets.tsx:7	Evidence-first catalog row; not a defect or reconciliation closure.	Independent contract chain review required.
0D1-0064	CATALOG_ONLY__INSUFFICIENT_EVIDENCE	NO	Wallet/Insurance/Payment	N/A	patient-mobile	INSUFFICIENT_EVIDENCE	app/wallet/cards.tsx:20	Evidence-first catalog row; not a defect or reconciliation closure.	Independent contract chain review required.
0D1-0065	CATALOG_ONLY__INSUFFICIENT_EVIDENCE	NO	Wallet/Insurance/Payment	N/A	patient-mobile	INSUFFICIENT_EVIDENCE	src/features/consultation/InsuranceCopayScreen.tsx:4	Evidence-first catalog row; not a defect or reconciliation closure.	Independent contract chain review required.
0D1-0066	CATALOG_ONLY__INSUFFICIENT_EVIDENCE	NO	Wallet/Insurance/Payment	N/A	patient-mobile	INSUFFICIENT_EVIDENCE	app/wallet/transactions.tsx:2	Evidence-first catalog row; not a defect or reconciliation closure.	Independent contract chain review required.
0D1-0067	CATALOG_ONLY__INSUFFICIENT_EVIDENCE	NO	Wallet/Insurance/Payment	N/A	patient-web	RUNTIME_REQUIRED	app/[locale]/insurance/page.tsx:6	Evidence-first catalog row; not a defect or reconciliation closure.	Independent contract chain review required.
0D1-0068	CATALOG_ONLY__INSUFFICIENT_EVIDENCE	NO	Wallet/Insurance/Payment	N/A	patient-web	INSUFFICIENT_EVIDENCE	app/api/appointments/[appointmentId]/payment-intent/route.ts:5	Evidence-first catalog row; not a defect or reconciliation closure.	Independent contract chain review required.
0D1-0069	CATALOG_ONLY__INSUFFICIENT_EVIDENCE	NO	Wallet/Insurance/Payment	N/A	patient-web	INSUFFICIENT_EVIDENCE	lib/api/payments-server.ts:2	Evidence-first catalog row; not a defect or reconciliation closure.	Independent contract chain review required.
0D1-0070	CATALOG_ONLY__INSUFFICIENT_EVIDENCE	NO	Wallet/Insurance/Payment	N/A	provider	RUNTIME_REQUIRED	src/screens/shared/InsuranceRequestsScreen.tsx:3	Evidence-first catalog row; not a defect or reconciliation closure.	Independent contract chain review required.
0D1-0071	CATALOG_ONLY__INSUFFICIENT_EVIDENCE	NO	Wallet/Insurance/Payment	N/A	admin	INSUFFICIENT_EVIDENCE	src/pages/admin/financial-ledger.tsx:34	Evidence-first catalog row; not a defect or reconciliation closure.	Independent contract chain review required.
0D1-0072	CATALOG_ONLY__INSUFFICIENT_EVIDENCE	NO	Settings/Accessibility/Location	N/A	patient-mobile	RUNTIME_REQUIRED	app/settings/language.tsx:2	Evidence-first catalog row; not a defect or reconciliation closure.	Independent contract chain review required.
0D1-0073	CATALOG_ONLY__INSUFFICIENT_EVIDENCE	NO	Settings/Accessibility/Location	N/A	patient-mobile	RUNTIME_REQUIRED	app/map/index.tsx:2	Evidence-first catalog row; not a defect or reconciliation closure.	Independent contract chain review required.
0D1-0074	CATALOG_ONLY__INSUFFICIENT_EVIDENCE	NO	Settings/Accessibility/Location	N/A	patient-web	INSUFFICIENT_EVIDENCE	app/[locale]/settings/page.tsx:4	Evidence-first catalog row; not a defect or reconciliation closure.	Independent contract chain review required.
0D1-0075	CATALOG_ONLY__INSUFFICIENT_EVIDENCE	NO	Settings/Accessibility/Location	N/A	patient-web	RUNTIME_REQUIRED	app/[locale]/health/emergency-contacts/page.tsx:5	Evidence-first catalog row; not a defect or reconciliation closure.	Independent contract chain review required.
0D1-0076	CATALOG_ONLY__INSUFFICIENT_EVIDENCE	NO	Settings/Accessibility/Location	N/A	provider	RUNTIME_REQUIRED	src/components/LocationPickerModal.tsx:3	Evidence-first catalog row; not a defect or reconciliation closure.	Independent contract chain review required.
0D1-0077	CATALOG_ONLY__INSUFFICIENT_EVIDENCE	NO	Settings/Accessibility/Location	N/A	admin	INSUFFICIENT_EVIDENCE	src/pages/admin/config-portal.tsx:4	Evidence-first catalog row; not a defect or reconciliation closure.	Independent contract chain review required.
HIST-MECH-001	REJECTED_MECHANICAL_ANCHOR	NO	Pharmacy	N/A	patient-mobile	REJECTED_MECHANICAL_ANCHOR	app/rn_screens.json:55	Historical mechanical row; excluded from backlog.	Do not use for planning.
HIST-MECH-002	REJECTED_MECHANICAL_ANCHOR	NO	Consultation	N/A	patient-mobile	REJECTED_MECHANICAL_ANCHOR	app/orders/index.tsx:35	Historical mechanical row; excluded from backlog.	Do not use for planning.
HIST-MECH-003	REJECTED_MECHANICAL_ANCHOR	NO	Labs	N/A	patient-mobile	REJECTED_MECHANICAL_ANCHOR	app/nursing/service-info.tsx:21	Historical mechanical row; excluded from backlog.	Do not use for planning.
HIST-MECH-004	REJECTED_MECHANICAL_ANCHOR	NO	Radiology	N/A	patient-mobile	REJECTED_MECHANICAL_ANCHOR	app/services/index.tsx:24	Historical mechanical row; excluded from backlog.	Do not use for planning.
HIST-MECH-005	REJECTED_MECHANICAL_ANCHOR	NO	Nursing/Home-care	N/A	patient-mobile	REJECTED_MECHANICAL_ANCHOR	app/nursing/service-info.tsx:2	Historical mechanical row; excluded from backlog.	Do not use for planning.
HIST-MECH-006	REJECTED_MECHANICAL_ANCHOR	NO	Identity/OTP/Roles	N/A	patient-mobile	REJECTED_MECHANICAL_ANCHOR	src/services/auth/AuthManager.ts:1	Historical mechanical row; excluded from backlog.	Do not use for planning.
HIST-MECH-007	REJECTED_MECHANICAL_ANCHOR	NO	Family/Health	N/A	patient-mobile	REJECTED_MECHANICAL_ANCHOR	app/services/index.tsx:33	Historical mechanical row; excluded from backlog.	Do not use for planning.
HIST-MECH-008	REJECTED_MECHANICAL_ANCHOR	NO	Prescription/Chat/Support	N/A	patient-mobile	REJECTED_MECHANICAL_ANCHOR	app/rn_screens.json:11	Historical mechanical row; excluded from backlog.	Do not use for planning.
HIST-MECH-009	REJECTED_MECHANICAL_ANCHOR	NO	Wallet/Insurance/Payment	N/A	patient-mobile	REJECTED_MECHANICAL_ANCHOR	app/services/index.tsx:60	Historical mechanical row; excluded from backlog.	Do not use for planning.
HIST-MECH-010	REJECTED_MECHANICAL_ANCHOR	NO	Settings/Accessibility/Location	N/A	patient-mobile	REJECTED_MECHANICAL_ANCHOR	app/rn_screens.json:7	Historical mechanical row; excluded from backlog.	Do not use for planning.
HIST-MECH-011	REJECTED_MECHANICAL_ANCHOR	NO	Pharmacy	N/A	patient-web	REJECTED_MECHANICAL_ANCHOR	app/[locale]/home-care/services/page.tsx:N/A	Historical mechanical row; excluded from backlog.	Do not use for planning.
HIST-MECH-012	REJECTED_MECHANICAL_ANCHOR	NO	Consultation	N/A	patient-web	REJECTED_MECHANICAL_ANCHOR	app/[locale]/consultations/doctors/[doctorId]/page.tsx:5	Historical mechanical row; excluded from backlog.	Do not use for planning.
HIST-MECH-013	REJECTED_MECHANICAL_ANCHOR	NO	Labs	N/A	patient-web	REJECTED_MECHANICAL_ANCHOR	app/[locale]/home-care/services/page.tsx:18	Historical mechanical row; excluded from backlog.	Do not use for planning.
HIST-MECH-014	REJECTED_MECHANICAL_ANCHOR	NO	Radiology	N/A	patient-web	REJECTED_MECHANICAL_ANCHOR	app/[locale]/home-care/services/page.tsx:N/A	Historical mechanical row; excluded from backlog.	Do not use for planning.
HIST-MECH-015	REJECTED_MECHANICAL_ANCHOR	NO	Nursing/Home-care	N/A	patient-web	REJECTED_MECHANICAL_ANCHOR	app/[locale]/home-care/services/page.tsx:5	Historical mechanical row; excluded from backlog.	Do not use for planning.
HIST-MECH-016	REJECTED_MECHANICAL_ANCHOR	NO	Identity/OTP/Roles	N/A	patient-web	REJECTED_MECHANICAL_ANCHOR	app/api/auth/verify-2fa/route.ts:3	Historical mechanical row; excluded from backlog.	Do not use for planning.
HIST-MECH-017	REJECTED_MECHANICAL_ANCHOR	NO	Family/Health	N/A	patient-web	REJECTED_MECHANICAL_ANCHOR	app/[locale]/home-care/services/page.tsx:N/A	Historical mechanical row; excluded from backlog.	Do not use for planning.
HIST-MECH-018	REJECTED_MECHANICAL_ANCHOR	NO	Prescription/Chat/Support	N/A	patient-web	REJECTED_MECHANICAL_ANCHOR	app/[locale]/home-care/services/page.tsx:N/A	Historical mechanical row; excluded from backlog.	Do not use for planning.
HIST-MECH-019	REJECTED_MECHANICAL_ANCHOR	NO	Wallet/Insurance/Payment	N/A	patient-web	REJECTED_MECHANICAL_ANCHOR	app/[locale]/home-care/services/[serviceId]/page.tsx:18	Historical mechanical row; excluded from backlog.	Do not use for planning.
HIST-MECH-020	REJECTED_MECHANICAL_ANCHOR	NO	Settings/Accessibility/Location	N/A	patient-web	REJECTED_MECHANICAL_ANCHOR	app/[locale]/home-care/services/page.tsx:17	Historical mechanical row; excluded from backlog.	Do not use for planning.
HIST-MECH-021	REJECTED_MECHANICAL_ANCHOR	NO	Pharmacy	N/A	provider	REJECTED_MECHANICAL_ANCHOR	src/services/HttpClient.ts:N/A	Historical mechanical row; excluded from backlog.	Do not use for planning.
HIST-MECH-022	REJECTED_MECHANICAL_ANCHOR	NO	Consultation	N/A	provider	REJECTED_MECHANICAL_ANCHOR	src/services/HttpClient.ts:N/A	Historical mechanical row; excluded from backlog.	Do not use for planning.
HIST-MECH-023	REJECTED_MECHANICAL_ANCHOR	NO	Labs	N/A	provider	REJECTED_MECHANICAL_ANCHOR	src/services/HttpClient.ts:N/A	Historical mechanical row; excluded from backlog.	Do not use for planning.
HIST-MECH-024	REJECTED_MECHANICAL_ANCHOR	NO	Radiology	N/A	provider	REJECTED_MECHANICAL_ANCHOR	src/services/HttpClient.ts:N/A	Historical mechanical row; excluded from backlog.	Do not use for planning.
HIST-MECH-025	REJECTED_MECHANICAL_ANCHOR	NO	Nursing/Home-care	N/A	provider	REJECTED_MECHANICAL_ANCHOR	src/services/HttpClient.ts:N/A	Historical mechanical row; excluded from backlog.	Do not use for planning.
HIST-MECH-026	REJECTED_MECHANICAL_ANCHOR	NO	Identity/OTP/Roles	N/A	provider	REJECTED_MECHANICAL_ANCHOR	src/api/client.ts:37	Historical mechanical row; excluded from backlog.	Do not use for planning.
HIST-MECH-027	REJECTED_MECHANICAL_ANCHOR	NO	Family/Health	N/A	provider	REJECTED_MECHANICAL_ANCHOR	src/services/HttpClient.ts:N/A	Historical mechanical row; excluded from backlog.	Do not use for planning.
HIST-MECH-028	REJECTED_MECHANICAL_ANCHOR	NO	Prescription/Chat/Support	N/A	provider	REJECTED_MECHANICAL_ANCHOR	src/services/HttpClient.ts:N/A	Historical mechanical row; excluded from backlog.	Do not use for planning.
HIST-MECH-029	REJECTED_MECHANICAL_ANCHOR	NO	Wallet/Insurance/Payment	N/A	provider	REJECTED_MECHANICAL_ANCHOR	src/services/HttpClient.ts:N/A	Historical mechanical row; excluded from backlog.	Do not use for planning.
HIST-MECH-030	REJECTED_MECHANICAL_ANCHOR	NO	Settings/Accessibility/Location	N/A	provider	REJECTED_MECHANICAL_ANCHOR	src/services/HttpClient.ts:N/A	Historical mechanical row; excluded from backlog.	Do not use for planning.
HIST-MECH-031	REJECTED_MECHANICAL_ANCHOR	NO	Pharmacy	N/A	admin	REJECTED_MECHANICAL_ANCHOR	src/pages/lab-services/index.tsx:N/A	Historical mechanical row; excluded from backlog.	Do not use for planning.
HIST-MECH-032	REJECTED_MECHANICAL_ANCHOR	NO	Consultation	N/A	admin	REJECTED_MECHANICAL_ANCHOR	src/pages/lab-services/index.tsx:N/A	Historical mechanical row; excluded from backlog.	Do not use for planning.
HIST-MECH-033	REJECTED_MECHANICAL_ANCHOR	NO	Labs	N/A	admin	REJECTED_MECHANICAL_ANCHOR	src/pages/lab-services/index.tsx:4	Historical mechanical row; excluded from backlog.	Do not use for planning.
HIST-MECH-034	REJECTED_MECHANICAL_ANCHOR	NO	Radiology	N/A	admin	REJECTED_MECHANICAL_ANCHOR	src/pages/lab-services/index.tsx:N/A	Historical mechanical row; excluded from backlog.	Do not use for planning.
HIST-MECH-035	REJECTED_MECHANICAL_ANCHOR	NO	Nursing/Home-care	N/A	admin	REJECTED_MECHANICAL_ANCHOR	src/pages/home-care-services/index.tsx:8	Historical mechanical row; excluded from backlog.	Do not use for planning.
HIST-MECH-036	REJECTED_MECHANICAL_ANCHOR	NO	Identity/OTP/Roles	N/A	admin	REJECTED_MECHANICAL_ANCHOR	src/pages/login.tsx:4	Historical mechanical row; excluded from backlog.	Do not use for planning.
HIST-MECH-037	REJECTED_MECHANICAL_ANCHOR	NO	Family/Health	N/A	admin	REJECTED_MECHANICAL_ANCHOR	src/pages/lab-services/index.tsx:N/A	Historical mechanical row; excluded from backlog.	Do not use for planning.
HIST-MECH-038	REJECTED_MECHANICAL_ANCHOR	NO	Prescription/Chat/Support	N/A	admin	REJECTED_MECHANICAL_ANCHOR	src/pages/api/hello.ts:1	Historical mechanical row; excluded from backlog.	Do not use for planning.
HIST-MECH-039	REJECTED_MECHANICAL_ANCHOR	NO	Wallet/Insurance/Payment	N/A	admin	REJECTED_MECHANICAL_ANCHOR	src/pages/lab-services/index.tsx:N/A	Historical mechanical row; excluded from backlog.	Do not use for planning.
HIST-MECH-040	REJECTED_MECHANICAL_ANCHOR	NO	Settings/Accessibility/Location	N/A	admin	REJECTED_MECHANICAL_ANCHOR	src/pages/lab-services/index.tsx:N/A	Historical mechanical row; excluded from backlog.	Do not use for planning.
