path,bytes,sha256,change_group,static_status
.github/workflows/ci.yml,1927,ddc4d05a5a85ac240a2c8c200ea2db76a2b714b104a7d44cea689b098c29a298,delivery_ops,SOURCE_PRESENT_NOT_SEMANTICALLY_OR_RUNTIME_VERIFIED
ADMIN_ENTERPRISE_PLAN.md,5108,31b7bdd813c10b54693b1db779942ff9a5c948bde0ac810f2357346088eb023b,documentation,SOURCE_PRESENT_NOT_SEMANTICALLY_OR_RUNTIME_VERIFIED
DECISIONS_LOCKED.md,2732,1a6a58b117960ec42ae0a967a4c6c9ea3813d772b966b8b0036424d2078c4cc7,documentation,SOURCE_PRESENT_NOT_SEMANTICALLY_OR_RUNTIME_VERIFIED
HANDOFF.md,22491,2ea989a9df7a48c8236dc583a7ff8132849f678b8098ad9f5d347c054592b161,documentation,SOURCE_PRESENT_NOT_SEMANTICALLY_OR_RUNTIME_VERIFIED
PROVIDER_PRODUCTION_PLAN.md,5866,bdfaa896cc46c0f0a827d0693018b2596a341fed0074170258f57ea592ab943a,documentation,SOURCE_PRESENT_NOT_SEMANTICALLY_OR_RUNTIME_VERIFIED
README.md,212,27eb6357e88aa43508dc9a9ba5058669bc6250eec087a14b487318158089e03a,documentation,SOURCE_PRESENT_NOT_SEMANTICALLY_OR_RUNTIME_VERIFIED
REVIEW_VERDICT.md,2776,764380238329a7f69ee2f7331ba93fd24f2071bd7a275b814949d82be148eb6c,documentation,SOURCE_PRESENT_NOT_SEMANTICALLY_OR_RUNTIME_VERIFIED
REVIEW_VERDICT_ADMIN.md,4127,925ccf40725910b52f81f3219bbd400746187d0ba4e426d170389c5b62b8ae2a,documentation,SOURCE_PRESENT_NOT_SEMANTICALLY_OR_RUNTIME_VERIFIED
SESSION_KICKOFF_MESSAGES.md,3472,9ef48d02b9e3a502ccad11dcd16c1502f9d3d44f4c408e3f5c1955370eda4059,documentation,SOURCE_PRESENT_NOT_SEMANTICALLY_OR_RUNTIME_VERIFIED
backend/ENVIRONMENT.md,10423,2e1c50eea22a43db07f89bd72bf69516e030c3d7a1fac7001c9a9903c6f004fe,backend+documentation,SOURCE_PRESENT_NOT_SEMANTICALLY_OR_RUNTIME_VERIFIED
backend/assets/insurance-logos/README.md,2514,d60c10ae0bc8c70b3d6be46e5672c03a3f083eb47e7ea1022848d2cad791a922,backend+documentation,SOURCE_PRESENT_NOT_SEMANTICALLY_OR_RUNTIME_VERIFIED
backend/assets/insurance-logos/manifest.json,19301,b4cbcfdab7b894db1b3e4a0a1696353802ee28a936520caff813eb22f3fb4761,backend,SOURCE_PRESENT_NOT_SEMANTICALLY_OR_RUNTIME_VERIFIED
backend/docker-compose.prod.yml,2178,4f96a632f745f0a42da13448a4f9acbcd761479cba3f9f8a3ea2fdde3038e9c1,backend+delivery_ops,SOURCE_PRESENT_NOT_SEMANTICALLY_OR_RUNTIME_VERIFIED
backend/docker-compose.yml,270,aeac102661fe260ac55ce498ca38cf6269fea4857261265e74acab07cf7fc688,backend+delivery_ops,SOURCE_PRESENT_NOT_SEMANTICALLY_OR_RUNTIME_VERIFIED
backend/e2e/README.md,3389,b642f93ef94a721024c7787eff4b8677b4cf3bd9b9fccf0c57230f3254b685ed,backend+documentation,SOURCE_PRESENT_NOT_SEMANTICALLY_OR_RUNTIME_VERIFIED
backend/e2e/a1-security-pentest.js,5331,7b41130d78ee14c784f074b9e1fd3b9b51370d3f568b9b964036b6647a7581a2,backend,SOURCE_PRESENT_NOT_SEMANTICALLY_OR_RUNTIME_VERIFIED
backend/e2e/boot.js,3183,b6739adb9d1420f35392a52427a11fd2741bb61a6a4d8f5903836f7e86257041,backend,SOURCE_PRESENT_NOT_SEMANTICALLY_OR_RUNTIME_VERIFIED
backend/e2e/governing-rules.js,4242,251ced695117fc873763371f8cec0aa3b9ee1b767571f72eda14333a64284528,backend,SOURCE_PRESENT_NOT_SEMANTICALLY_OR_RUNTIME_VERIFIED
backend/e2e/matrix.js,27936,c28f3568f251ea8389395e8cb18d66d6c437ae70168cb8415b4dfd36c7f0d5d9,backend,SOURCE_PRESENT_NOT_SEMANTICALLY_OR_RUNTIME_VERIFIED
backend/e2e/matrix2.js,32005,24f175eb3a684db3e974ad9500337355a7548d71781ac161060b8880cd2cd79b,backend,SOURCE_PRESENT_NOT_SEMANTICALLY_OR_RUNTIME_VERIFIED
backend/e2e/package-lock.json,35299,c79714727cc0180cfc4e68bab2e337d9b081e7c562ca51aaea558325cb4d07dc,backend,SOURCE_PRESENT_NOT_SEMANTICALLY_OR_RUNTIME_VERIFIED
backend/e2e/package.json,191,fa079085cb12d927cada52a456f1ed8457e72e8b4140cdf1898b6ac8c0c01f05,backend,SOURCE_PRESENT_NOT_SEMANTICALLY_OR_RUNTIME_VERIFIED
backend/e2e/pharmacy-scenarios.js,15145,69f17bc9b4eeb7da17d6210285eb869f0499e012e76c3588d79a4b9dd2fe39eb,backend,SOURCE_PRESENT_NOT_SEMANTICALLY_OR_RUNTIME_VERIFIED
backend/e2e/provider-production.js,18738,3a2ce1393f9b211d00922b9d8ad548e63d61b98dc7cd847b477e8eff7f627a32,backend,SOURCE_PRESENT_NOT_SEMANTICALLY_OR_RUNTIME_VERIFIED
backend/e2e/provider-verticals.js,17850,2fdc86a814e59fbfb681f3a7ef8c3223ca749c8fb000c56cdea5a9b19a74af2d,backend,SOURCE_PRESENT_NOT_SEMANTICALLY_OR_RUNTIME_VERIFIED
backend/e2e/run-all-gates.js,2708,0292efc405a6317fa633dc89707d8c43302cb71f413d18b852d86cbb535d1dc6,backend,SOURCE_PRESENT_NOT_SEMANTICALLY_OR_RUNTIME_VERIFIED
backend/infra/docker-compose.infra.yml,844,bc77c2bab62d79f7a08bf490a979e48fdaad8b917d74480235a895f354c1a4a3,backend+delivery_ops,SOURCE_PRESENT_NOT_SEMANTICALLY_OR_RUNTIME_VERIFIED
backend/infra/fastapi/setup_server.sh,2830,28af2868b1c9f57fe5d4d8ecf811de73dec9e52b5bbf17049ef4c4fdf6dd58be,backend,SOURCE_PRESENT_NOT_SEMANTICALLY_OR_RUNTIME_VERIFIED
backend/infra/livekit.yaml,682,051920c801831657d37ca3c69d09275a020a2e2fb12e8fd582f6e855dcd40117,backend,SOURCE_PRESENT_NOT_SEMANTICALLY_OR_RUNTIME_VERIFIED
backend/jest.boot.config.js,221,7ca760cc5fc812ce9cd96376f8b84cf9decca5e13cff494dfd97e48acca11c1b,backend,SOURCE_PRESENT_NOT_SEMANTICALLY_OR_RUNTIME_VERIFIED
backend/nest-cli.json,260,b02d1c4b4480c9e4e53c028567841eafa5a712c37b69112753260c9781337c6a,backend,SOURCE_PRESENT_NOT_SEMANTICALLY_OR_RUNTIME_VERIFIED
backend/package-lock.json,682235,5bc4a29cba73874c9365efe011b173b8ddaf7896b5e2cb409bfa34e0f32e707b,backend,SOURCE_PRESENT_NOT_SEMANTICALLY_OR_RUNTIME_VERIFIED
backend/package.json,3122,33124c4e749b0f1f7354960e8bb5ff48c28e8e734abbbada6d02ef7630f23f08,backend,SOURCE_PRESENT_NOT_SEMANTICALLY_OR_RUNTIME_VERIFIED
backend/scripts/backfill-catalog-governance.ts,6018,d0b31f1a581f69dce5f16ad992fe50b31343757792c1fa0d4521030a510366b2,backend,SOURCE_PRESENT_NOT_SEMANTICALLY_OR_RUNTIME_VERIFIED
backend/scripts/db-backup-restore.sh,1547,a9b326c613bcc026ad77f748817cb782232626731e64c86ce542f394b30eadcf,backend,SOURCE_PRESENT_NOT_SEMANTICALLY_OR_RUNTIME_VERIFIED
backend/scripts/deploy.sh,1132,bead71766aaf315d0b74236509cf6e3e598b0cf0a625f947ab61df100ff3a6f5,backend+delivery_ops,SOURCE_PRESENT_NOT_SEMANTICALLY_OR_RUNTIME_VERIFIED
backend/scripts/mail-smoke.js,3799,9ea35e761ac62c87b0e6f4dcdcbe1b67d84a4a3e220222e8e2a5f143ec7fe5cc,backend,SOURCE_PRESENT_NOT_SEMANTICALLY_OR_RUNTIME_VERIFIED
backend/scripts/publish-insurance-logo-assets.ts,3124,ec7661c74cb1f1af49580218b5714f50cefd073d3ac14c096f2df34916f705a7,backend,SOURCE_PRESENT_NOT_SEMANTICALLY_OR_RUNTIME_VERIFIED
backend/scripts/reconcile-insurance-catalog.ts,2894,9b085dd99c23785459ba9185faab9bbb56364633164512ded598bcf6f31179de,backend,SOURCE_PRESENT_NOT_SEMANTICALLY_OR_RUNTIME_VERIFIED
backend/scripts/seed-articles.ts,4326,2d9849bb9dc9491510c8657bbb9f1b2d7fd643a0a5c14d3b654e3c1237f90889,backend,SOURCE_PRESENT_NOT_SEMANTICALLY_OR_RUNTIME_VERIFIED
backend/scripts/seed-insurance-companies.ts,599,28fed858758403f12595359d3bb077d69da365711488ce29d6fcacc604e12616,backend,SOURCE_PRESENT_NOT_SEMANTICALLY_OR_RUNTIME_VERIFIED
backend/scripts/seed-loyalty.ts,4593,9aa6145dad44ba8f3bbd82b3fa8da23cc36e48ebf5dec49e198080ea5dfe689c,backend,SOURCE_PRESENT_NOT_SEMANTICALLY_OR_RUNTIME_VERIFIED
backend/scripts/seed-medicines.js,3020,c8966576730a23681749965c7e57d3dbd4fe2e7c5af6611a94d2b409c9a78f8f,backend,SOURCE_PRESENT_NOT_SEMANTICALLY_OR_RUNTIME_VERIFIED
backend/scripts/seed_test_providers.js,2315,9b5d634cdf1e95bf4faad4a6af238a1cdafcfef63762f1d7f6b1174b3d039208,backend,SOURCE_PRESENT_NOT_SEMANTICALLY_OR_RUNTIME_VERIFIED
backend/scripts/test-extensions.ts,12722,1f1782bcefadfb5fd73c4b774165375b5f0283f80d77cb80af7012ddefa8c0f8,backend,SOURCE_PRESENT_NOT_SEMANTICALLY_OR_RUNTIME_VERIFIED
backend/scripts/test-flow.js,2471,8e9d1fc86720d95550e7df50db0ee2da363554ed92cfbbdf925664c8345bccc4,backend,SOURCE_PRESENT_NOT_SEMANTICALLY_OR_RUNTIME_VERIFIED
backend/src/app.module.ts,13030,c0b3384427d1a01d008ec0260e183a9263bbce87d1cea10eaa84bb0e323e2e71,backend,SOURCE_PRESENT_NOT_SEMANTICALLY_OR_RUNTIME_VERIFIED
backend/src/common/audit-log.interceptor.spec.ts,4532,4189f7562c1cbf5d1d7bf72e9ac08f09fa96330285999a7a450a5b9896c8f4cc,backend+tests,SOURCE_PRESENT_NOT_SEMANTICALLY_OR_RUNTIME_VERIFIED
backend/src/common/audit-log.interceptor.ts,4208,c468f02f3d3f3a2e3f5ec061e430ead9806ead8d1f938b96a8488e5589828a8a,backend,SOURCE_PRESENT_NOT_SEMANTICALLY_OR_RUNTIME_VERIFIED
backend/src/common/auth.guard.spec.ts,6894,a1ebfb3ae9dd4cc94220a684e1d66520fa3c9af689c428ec42fe083bc40d1042,backend+tests,SOURCE_PRESENT_NOT_SEMANTICALLY_OR_RUNTIME_VERIFIED
backend/src/common/auth.guard.ts,10064,ede0c897c9602e1729514c1a772459207fc1223893cd2f1d7db75497e2e71b32,backend,SOURCE_PRESENT_NOT_SEMANTICALLY_OR_RUNTIME_VERIFIED
backend/src/common/correlation.middleware.ts,974,60cc0d38ffdb435a040c056026a60971f93486694d81a073cb3f9a9ea3d2ef91,backend,SOURCE_PRESENT_NOT_SEMANTICALLY_OR_RUNTIME_VERIFIED
backend/src/common/database/audit.plugin.ts,941,6157f47b4b6c008676699c90c4de0f024eca351a7f4a38fc8ce5978bba7f6f2e,backend,SOURCE_PRESENT_NOT_SEMANTICALLY_OR_RUNTIME_VERIFIED
backend/src/common/database/base.repository.ts,1376,3099209997375f9fcff96cda367a01b7e591a2a8d31708554e5bfc25e9543a0a,backend,SOURCE_PRESENT_NOT_SEMANTICALLY_OR_RUNTIME_VERIFIED
backend/src/common/database/mongo.repository.ts,2954,53b1f2673ddcfe53c81ff808bd44ca6c6eeb609a285e2a18de07c7792b81e15e,backend,SOURCE_PRESENT_NOT_SEMANTICALLY_OR_RUNTIME_VERIFIED
backend/src/common/enums.ts,13789,55254b66d6357c8905e4faabbaaa904dd5f9f6505d6ab5c4d0e2a718fbfcb176,backend,SOURCE_PRESENT_NOT_SEMANTICALLY_OR_RUNTIME_VERIFIED
backend/src/common/events.ts,1853,1d944f8e67367af44379fd9a1f3abfd007910aa7e1f859d5c977b2b3c00d302b,backend,SOURCE_PRESENT_NOT_SEMANTICALLY_OR_RUNTIME_VERIFIED
backend/src/common/guards/device-limit.guard.ts,1501,4f2c27da76cb3167fcd03ba8245e86b736c72f060fc59a3cbebfe75bc58fd447,backend,SOURCE_PRESENT_NOT_SEMANTICALLY_OR_RUNTIME_VERIFIED
backend/src/common/guards/velocity.guard.ts,1075,9705798551c8cec81ea0cfee074af7be42283fb0e90c1b8a93aa28366dfa7d71,backend,SOURCE_PRESENT_NOT_SEMANTICALLY_OR_RUNTIME_VERIFIED
backend/src/common/idempotency.interceptor.spec.ts,4247,1b594900f033f1edb2df641d2f36906f334ecff8c64be299559cdfd46343d402,backend+tests,SOURCE_PRESENT_NOT_SEMANTICALLY_OR_RUNTIME_VERIFIED
backend/src/common/idempotency.interceptor.ts,3548,c64e94101545b420efbd73102cf800c9e9f18f0c7ab60c75df9bdeb62d47e0ac,backend,SOURCE_PRESENT_NOT_SEMANTICALLY_OR_RUNTIME_VERIFIED
backend/src/common/permissions.ts,11197,3bcad14fb188bc7f31f0a48fcdec7a195a51317f3612e87df26777f4ada6e0c6,backend,SOURCE_PRESENT_NOT_SEMANTICALLY_OR_RUNTIME_VERIFIED
backend/src/common/rbac.ts,2823,10c776c0da09796f77448306a8af42fba31d622c7ac687d3f9d08f23254b89b1,backend,SOURCE_PRESENT_NOT_SEMANTICALLY_OR_RUNTIME_VERIFIED
backend/src/common/redis-cache.interceptor.ts,1275,af79c8a861e434e2bf3fb56cbd503e985a11e2ea2dee7e8aaf87b23b6ddc3e19,backend,SOURCE_PRESENT_NOT_SEMANTICALLY_OR_RUNTIME_VERIFIED
backend/src/common/sentry.filter.ts,1016,4ef6bd770dd383c5f3426f5dfa6f2bc56ae51b6db4eaa1361a92e3e880beffa4,backend,SOURCE_PRESENT_NOT_SEMANTICALLY_OR_RUNTIME_VERIFIED
backend/src/common/slug.util.ts,1803,66a0f209d9e02f9afa97c440fafa467a01169ec646d63bb9068328468aa8d8de,backend,SOURCE_PRESENT_NOT_SEMANTICALLY_OR_RUNTIME_VERIFIED
backend/src/common/tracking.ts,810,9e1c0895da6a1096e5054fee505bdf3c2ed3408d7524906abbcdea171c291309,backend,SOURCE_PRESENT_NOT_SEMANTICALLY_OR_RUNTIME_VERIFIED
backend/src/common/validators/iqama.validator.ts,1195,e1e01005d17e90e0cea0356100eeff80a33bf5ac45636df916f9997d22c73d52,backend,SOURCE_PRESENT_NOT_SEMANTICALLY_OR_RUNTIME_VERIFIED
backend/src/common/validators/password.validator.ts,984,17e7c902b656a0d9b9d3e90d529c482ee95076ccc5a3c6cf895667a6edab481b,backend,SOURCE_PRESENT_NOT_SEMANTICALLY_OR_RUNTIME_VERIFIED
backend/src/common/validators/saudi-phone.validator.ts,862,18f774e8ac6d783491b97cc86a78ece5d8ce2bf2071ff85fa484d04a635ca5b9,backend,SOURCE_PRESENT_NOT_SEMANTICALLY_OR_RUNTIME_VERIFIED
backend/src/config/configured-io.adapter.ts,759,0671b0d7f4f9ddf8cb7a23d660c1cb616b5e74ff779c81fa1dc2d92eaece0e47,backend,SOURCE_PRESENT_NOT_SEMANTICALLY_OR_RUNTIME_VERIFIED
backend/src/config/env.validation.ts,807,6bda3aa0688132638d1db5dc6b9ff8cfd1f677e14270f4b84dcb3d805bebcf1c,backend,SOURCE_PRESENT_NOT_SEMANTICALLY_OR_RUNTIME_VERIFIED
backend/src/config/openapi.config.ts,5653,33e75a69a4d0357ca74a5ac29097bbff0182096fa81991a0ea2b19ac6fae40d9,backend,SOURCE_PRESENT_NOT_SEMANTICALLY_OR_RUNTIME_VERIFIED
backend/src/config/websocket-cors.spec.ts,1033,dcb88c49f426673c6c5957cadd4528122090487419c687b331551feec71e349e,backend+tests,SOURCE_PRESENT_NOT_SEMANTICALLY_OR_RUNTIME_VERIFIED
backend/src/config/websocket-cors.ts,749,b865ec2f36f76dcc9aa2244a3c48fedd7272b5ffb26078b6bfdebe5f12fb46fd,backend,SOURCE_PRESENT_NOT_SEMANTICALLY_OR_RUNTIME_VERIFIED
backend/src/contracts/catalog-governance-backfill.contract.spec.ts,2852,a12a89b23267885fe08ca18ebfb7c6c2007a43492d221f8ee6ae674f0e9b505f,backend+tests,SOURCE_PRESENT_NOT_SEMANTICALLY_OR_RUNTIME_VERIFIED
backend/src/contracts/insurance-openapi.contract.spec.ts,4711,aecafbeac3c4c275af7f1b57e8d6a23a92ae7ad3238418a64df627b89b5cbe97,backend+tests,SOURCE_PRESENT_NOT_SEMANTICALLY_OR_RUNTIME_VERIFIED
backend/src/contracts/mongoose-indexes.contract.spec.ts,1132,38f2f7bb32293716448ae0d10933788fda7e17556c2edfcb891e8d1c9a461555,backend+tests,SOURCE_PRESENT_NOT_SEMANTICALLY_OR_RUNTIME_VERIFIED
backend/src/contracts/ownership-controllers.spec.ts,1943,687ba27d5043e52f9594e88c22ea8e60b4a8013cecec6f32fbe899697d1c8deb,backend+tests,SOURCE_PRESENT_NOT_SEMANTICALLY_OR_RUNTIME_VERIFIED
backend/src/contracts/phase6-contracts.spec.ts,1043,a57927eb9dfa806267f371f1d85779f8d66e245652126cb2f61c4fc23a56e95a,backend+tests,SOURCE_PRESENT_NOT_SEMANTICALLY_OR_RUNTIME_VERIFIED
backend/src/contracts/phase6-contracts.ts,2836,a6f7c5711f593693da8c6b5491b18c16a5789864761815d86114bbd45d9db274,backend,SOURCE_PRESENT_NOT_SEMANTICALLY_OR_RUNTIME_VERIFIED
backend/src/contracts/provider-availability.contract.spec.ts,2052,767edad6d8d76c0d7a921196c0c032daf409b78765b88e3e43127e17a7e47559,backend+tests,SOURCE_PRESENT_NOT_SEMANTICALLY_OR_RUNTIME_VERIFIED
backend/src/health.controller.ts,1371,97795aee0f748c41988868163d8727b7533531de5efbabb250d313edd25069b2,backend,SOURCE_PRESENT_NOT_SEMANTICALLY_OR_RUNTIME_VERIFIED
backend/src/main.ts,5374,21de1597224a348ec52a98850dad415cd68bdcadfbe68756784c76c6976e4202,backend,SOURCE_PRESENT_NOT_SEMANTICALLY_OR_RUNTIME_VERIFIED
backend/src/modules/admin-authority/admin-authority.module.ts,15616,aceacbc52b226796f8b823ec3558bca4348a7ec5646981987f659458bc9700cd,backend,SOURCE_PRESENT_NOT_SEMANTICALLY_OR_RUNTIME_VERIFIED
backend/src/modules/admin-command-center/admin-command-center.module.ts,10248,c78b3bb7d51b3d93fa758bcaad093c9244be730c0132d04f14e6304ff757aad6,backend,SOURCE_PRESENT_NOT_SEMANTICALLY_OR_RUNTIME_VERIFIED
backend/src/modules/admin-enterprise/admin-analytics.controller.ts,6400,28879824fe754ae057057862ea14778dd385a20787bc13e7bda5a662c2a54e0c,backend,SOURCE_PRESENT_NOT_SEMANTICALLY_OR_RUNTIME_VERIFIED
backend/src/modules/admin-enterprise/admin-cms.controller.ts,6905,be8d3503cb7439eb3dd0cde50c5269d61c1c83a6881b370e79d1fbb2e0251a2c,backend,SOURCE_PRESENT_NOT_SEMANTICALLY_OR_RUNTIME_VERIFIED
backend/src/modules/admin-enterprise/admin-coupons.controller.ts,10294,226d205ca40669dc99f9199e64ed21c4eab2720038c7e0c3e334365419789a4a,backend,SOURCE_PRESENT_NOT_SEMANTICALLY_OR_RUNTIME_VERIFIED
backend/src/modules/admin-enterprise/admin-crm.controller.ts,13199,8b1bae8e421799e57ca910bd2ac33dcfd52fa54a4bbf11c53fef14ad6e22ee33,backend,SOURCE_PRESENT_NOT_SEMANTICALLY_OR_RUNTIME_VERIFIED
backend/src/modules/admin-enterprise/admin-disputes.controller.ts,8091,58fb00ee614157cf04c4248f2af4b82187df5cca5aa5f300afc2620816d24c2c,backend,SOURCE_PRESENT_NOT_SEMANTICALLY_OR_RUNTIME_VERIFIED
backend/src/modules/admin-enterprise/admin-enterprise.module.ts,2655,9b97b14f2150876cc933c1711eb2def46d2340542bc39e24ea0638325ef94475,backend,SOURCE_PRESENT_NOT_SEMANTICALLY_OR_RUNTIME_VERIFIED
backend/src/modules/admin-enterprise/admin-finance.controller.ts,2660,267d11e715f1b34b18076c07d5b7aaedea8fcbdb3dd23de2da4907be9d5d5c68,backend,SOURCE_PRESENT_NOT_SEMANTICALLY_OR_RUNTIME_VERIFIED
backend/src/modules/admin-enterprise/admin-ops.controller.ts,8508,444dd6040e7942ab0e70f6cf18d14b9efc9ba75127cddad9c1227563c824460a,backend,SOURCE_PRESENT_NOT_SEMANTICALLY_OR_RUNTIME_VERIFIED
backend/src/modules/admin-enterprise/admin-orders.controller.ts,2606,909d081652f53f5a067ea86d2a45e3b50476c82e3f4c7f60c4d053210d873d0d,backend,SOURCE_PRESENT_NOT_SEMANTICALLY_OR_RUNTIME_VERIFIED
backend/src/modules/admin-enterprise/admin-security.controller.ts,10733,daa60098ad106cac2398c3a2b1725a8a1229bf0a6bd043306651c3063301de5a,backend,SOURCE_PRESENT_NOT_SEMANTICALLY_OR_RUNTIME_VERIFIED
backend/src/modules/admin-enterprise/admin-segments.controller.ts,5385,244b39a7ce4eea12aa0ad07f6f88e0d600f271bfbfecb5ab0d645b109df25c7d,backend,SOURCE_PRESENT_NOT_SEMANTICALLY_OR_RUNTIME_VERIFIED
backend/src/modules/admin-enterprise/analytics-suite.service.ts,15372,5acd9721a3562cd19bb21a5eab0260209161281c9122d93dc45e74f2110e3b8b,backend,SOURCE_PRESENT_NOT_SEMANTICALLY_OR_RUNTIME_VERIFIED
backend/src/modules/admin-enterprise/audit.service.ts,3499,ca4eea4247f86edf8b07b9fe8dfcc42bf88993321534bde663c844fa5eeaa106,backend,SOURCE_PRESENT_NOT_SEMANTICALLY_OR_RUNTIME_VERIFIED
backend/src/modules/admin-enterprise/command-center-v2.controller.ts,4120,bad56e932438d3e6e5269075409d4f3b0547f97e9d23f91c9fb74b55522f9384,backend,SOURCE_PRESENT_NOT_SEMANTICALLY_OR_RUNTIME_VERIFIED
backend/src/modules/admin-enterprise/finance-suite.service.ts,19726,c2ada6079ae8da16bff7734415b086ce80e9d52e87190ac3efe44bfea7a7d221,backend,SOURCE_PRESENT_NOT_SEMANTICALLY_OR_RUNTIME_VERIFIED
backend/src/modules/admin-enterprise/orders-console.service.ts,17676,c6d47caf6db37a569abe12368c05eac6d6e86d29ebce140a10586afccd57188c,backend,SOURCE_PRESENT_NOT_SEMANTICALLY_OR_RUNTIME_VERIFIED
backend/src/modules/admin-enterprise/patient-gdpr.controller.ts,2749,6dbc93dbf435227e4056d654ee604ff5f38c49a4f48e1c9638759e9fcb9d2df6,backend,SOURCE_PRESENT_NOT_SEMANTICALLY_OR_RUNTIME_VERIFIED
backend/src/modules/admin-enterprise/scheduled-reports.runner.ts,7017,15ea266e50d565da1d43e31825952e0af85c572292ae7011cebb63f89637c900,backend,SOURCE_PRESENT_NOT_SEMANTICALLY_OR_RUNTIME_VERIFIED
backend/src/modules/admin-enterprise/segments.engine.ts,3783,b944db5ab7b2d9f0e95e02b7c27af9009baee04f4511ab863d917bf59d6dda0e,backend,SOURCE_PRESENT_NOT_SEMANTICALLY_OR_RUNTIME_VERIFIED
backend/src/modules/admin-governance/admin-governance.module.ts,20770,c44c7da85135d1c750b1c2c829747fcc8e67ab85de63c40d897e253b3f29f4d8,backend,SOURCE_PRESENT_NOT_SEMANTICALLY_OR_RUNTIME_VERIFIED
backend/src/modules/admin-governance/b2b.controller.ts,1533,b6acee79cd08558dd53ecb9c72eaf503ab0ade976ca05e2e3bcd86ffcb4d25a0,backend,SOURCE_PRESENT_NOT_SEMANTICALLY_OR_RUNTIME_VERIFIED
backend/src/modules/admin-governance/system-config.controller.ts,1416,988fe178a38e902a7bd96b9c521788d89ea801f8762163c04e3fa8652ab227d9,backend,SOURCE_PRESENT_NOT_SEMANTICALLY_OR_RUNTIME_VERIFIED
backend/src/modules/admin-notification-center/admin-notification-center.contract.spec.ts,2304,5521d8acb97481b94845f257e47b1492fa588e6bdc252dbfe71ef3d755a3d283,backend+tests,SOURCE_PRESENT_NOT_SEMANTICALLY_OR_RUNTIME_VERIFIED
backend/src/modules/admin-notification-center/admin-notification-center.module.ts,19341,23bd607b52da2854f0a6463bc7ca275f8be1138cf1c491687ce309f5ecf6fb3f,backend,SOURCE_PRESENT_NOT_SEMANTICALLY_OR_RUNTIME_VERIFIED
backend/src/modules/admin-web-core/admin-web-core.module.ts,2766,b391bc99348f99c0f07dd18c3ba3ec51f4921935cc3e567d40705b1d8e9633a0,backend,SOURCE_PRESENT_NOT_SEMANTICALLY_OR_RUNTIME_VERIFIED
backend/src/modules/admin-web-core/controllers/admin-config.controller.ts,631,be129bcf74695a5e342068fcecd2868cc41aab890350d9fbdac3a027b31de42d,backend,SOURCE_PRESENT_NOT_SEMANTICALLY_OR_RUNTIME_VERIFIED
backend/src/modules/admin-web-core/controllers/admin-extended-operations.controller.ts,1768,870fb89384c491960a94cdeadc66923f71e0d75231f050f67be09bec98a5023e,backend,SOURCE_PRESENT_NOT_SEMANTICALLY_OR_RUNTIME_VERIFIED
backend/src/modules/admin-web-core/controllers/admin-governance.controller.spec.ts,742,14377e4381c1bd6837188b1efd99f2fe8f200d094f897dcfd1e521208dfe2361,backend+tests,SOURCE_PRESENT_NOT_SEMANTICALLY_OR_RUNTIME_VERIFIED
backend/src/modules/admin-web-core/controllers/admin-governance.controller.ts,2015,6fbcd2d6e5be0712fdf2bd80f63851bd0352faf3030841bb81da30fef8e5c66c,backend,SOURCE_PRESENT_NOT_SEMANTICALLY_OR_RUNTIME_VERIFIED
backend/src/modules/admin-web-core/controllers/analytics.controller.ts,2428,5fff994e85971d718e556ff4a22eda5b2830449cadf826ebf1e43ce34f44e3a2,backend,SOURCE_PRESENT_NOT_SEMANTICALLY_OR_RUNTIME_VERIFIED
backend/src/modules/admin-web-core/controllers/finance.controller.ts,7607,7833374246a87dbd05929f2ca89e7788bc63f9051d0264710011006e9c9dcbcf,backend,SOURCE_PRESENT_NOT_SEMANTICALLY_OR_RUNTIME_VERIFIED
backend/src/modules/admin-web-core/controllers/provider-moderation.controller.ts,6759,034ee9674e951794466c23377f3996350adc61acdaf283a3196c3f96bdd2699d,backend,SOURCE_PRESENT_NOT_SEMANTICALLY_OR_RUNTIME_VERIFIED
backend/src/modules/admin-web-core/controllers/system-health.controller.ts,522,20f15c6dadd760e6e9458a63e11bb1c76bafa5addfc9eea3bcb0ce841cc9150b,backend,SOURCE_PRESENT_NOT_SEMANTICALLY_OR_RUNTIME_VERIFIED
backend/src/modules/admin-web-core/guards/roles.guard.ts,1490,1e128e947121a598abd9f556513f1804c24214c3540a052faedc9c323690fc02,backend,SOURCE_PRESENT_NOT_SEMANTICALLY_OR_RUNTIME_VERIFIED
backend/src/modules/admin-web-core/schemas/audit-log.schema.ts,577,d22e2bb3835b2552c75157bc0ba917a722f30326c4b3fe0841ccb3881720b47c,backend,SOURCE_PRESENT_NOT_SEMANTICALLY_OR_RUNTIME_VERIFIED
backend/src/modules/admin-web-core/schemas/commission-ledger.schema.ts,803,cd0220067b47b720d0a0ed0f52f166b6a49e67d1bdfa7d9417b80cb16eb685fa,backend,SOURCE_PRESENT_NOT_SEMANTICALLY_OR_RUNTIME_VERIFIED
backend/src/modules/admin-web-core/schemas/fraud-alert.schema.ts,651,a6d57f24a0df0f947361f4d8e0c1aed955bde46702ae31f1af2d8e32d0648c89,backend,SOURCE_PRESENT_NOT_SEMANTICALLY_OR_RUNTIME_VERIFIED
backend/src/modules/admin-web-core/schemas/heatmap-data.schema.ts,638,254b748044480d0a0fa9db73dcb36870f016d6778c7256478158869e0ed64c63,backend,SOURCE_PRESENT_NOT_SEMANTICALLY_OR_RUNTIME_VERIFIED
backend/src/modules/admin-web-core/schemas/procurement-request.schema.ts,716,84e52fd3f85a5c4df68e6768994d7b77469a6beef09f691045a0ceda32c7f1d6,backend,SOURCE_PRESENT_NOT_SEMANTICALLY_OR_RUNTIME_VERIFIED
backend/src/modules/admin-web-core/schemas/provider-delta.schema.ts,837,a64c4e9cc3fff6e82a4181465cbd76de2d4d3f15cb1bc80b776a263da0b2c0cc,backend,SOURCE_PRESENT_NOT_SEMANTICALLY_OR_RUNTIME_VERIFIED
backend/src/modules/admin-web-core/schemas/provider.schema.ts,681,b8990c25f605e424301cc53e2ab93e8b0ee7476d8f6c6c6dcc567a859dfc35a8,backend,SOURCE_PRESENT_NOT_SEMANTICALLY_OR_RUNTIME_VERIFIED
backend/src/modules/admin-web-core/schemas/system-config-extended.schema.ts,738,62f54767bf0ba84280f3370a5b4b544970133171cef6929236ca8b1a2d90a3d3,backend,SOURCE_PRESENT_NOT_SEMANTICALLY_OR_RUNTIME_VERIFIED
backend/src/modules/admin-web-core/schemas/withdrawal-request.schema.ts,718,e89753645afd7ca04a7358f23dd1c16c645fdd4833470137f4b141876beb6d35,backend,SOURCE_PRESENT_NOT_SEMANTICALLY_OR_RUNTIME_VERIFIED
backend/src/modules/admin/admin.controller.ts,28197,308ea568fc7d60a9d728d373b811a912b3ecd8e4a8b2107aa33d20228a69aa90,backend,SOURCE_PRESENT_NOT_SEMANTICALLY_OR_RUNTIME_VERIFIED
backend/src/modules/admin/admin.module.ts,819,f8da62522d5f7f9d9626301c7ab14ba6aa06aed37db63089b663160da9768c02,backend,SOURCE_PRESENT_NOT_SEMANTICALLY_OR_RUNTIME_VERIFIED
backend/src/modules/ai/ai-gateway.service.ts,13547,2fd37b31765d1a50f02702b7a8e78a92ddcbf98658f0bafffa23e19ef5250aed,backend,SOURCE_PRESENT_NOT_SEMANTICALLY_OR_RUNTIME_VERIFIED
backend/src/modules/ai/ai-provider.service.ts,10366,acc7e07ecd9a2c016882760852de38a4f7b3466a556147511c57c10457215458,backend,SOURCE_PRESENT_NOT_SEMANTICALLY_OR_RUNTIME_VERIFIED
backend/src/modules/ai/ai.admin-containment.spec.ts,806,0422fe01736077b407cbe60048358145ae3a3024b2fdf92e16cebe1e7c171840,backend+tests,SOURCE_PRESENT_NOT_SEMANTICALLY_OR_RUNTIME_VERIFIED
backend/src/modules/ai/ai.controller.ts,6028,c43c0e332344164a8799ab7ee9dd5dbeb87d4901b60ae3a610605c96cec72dbd,backend,SOURCE_PRESENT_NOT_SEMANTICALLY_OR_RUNTIME_VERIFIED
backend/src/modules/ai/ai.module.ts,343,a442084c8900080fd36e78a4e6a5f6fb9db5c142950b364b73eb212ac5c90b45,backend,SOURCE_PRESENT_NOT_SEMANTICALLY_OR_RUNTIME_VERIFIED
backend/src/modules/ai/ai.service.excel.spec.ts,1122,854f3c0ed9b576d0a7f31311151a5607a231f56c36d8e8a6ca23bc53a8477481,backend+tests,SOURCE_PRESENT_NOT_SEMANTICALLY_OR_RUNTIME_VERIFIED
backend/src/modules/ai/ai.service.spec.ts,3641,acc4af210c5f41dac401909ac49be75306d8e36629cbc9d44b16579fe4cb351b,backend+tests,SOURCE_PRESENT_NOT_SEMANTICALLY_OR_RUNTIME_VERIFIED
backend/src/modules/ai/ai.service.ts,15106,632e318ed4b70ef61543bee5cb9610ca280c53705a50e2b96aed9dc455bbe356,backend,SOURCE_PRESENT_NOT_SEMANTICALLY_OR_RUNTIME_VERIFIED
backend/src/modules/analytics/analytics.module.ts,7487,5f610bedb9066480288d70d7edd541ab58823f38de0aba9f37112c4c16d17a48,backend,SOURCE_PRESENT_NOT_SEMANTICALLY_OR_RUNTIME_VERIFIED
backend/src/modules/api-security/api-security.module.ts,9806,444b10bc1644abf9bf66bee67d1762c6681a9fa5cf4b58c5f4288e37550cc105,backend,SOURCE_PRESENT_NOT_SEMANTICALLY_OR_RUNTIME_VERIFIED
backend/src/modules/approval-workflow/approval-workflow.module.ts,8128,fbabfe680ae329955f8372335832d0f51db7abafa83166f1ecd34a2c2b9d4b9e,backend,SOURCE_PRESENT_NOT_SEMANTICALLY_OR_RUNTIME_VERIFIED
backend/src/modules/approval-workflow/approval-workflow.service.spec.ts,7462,863bb555d259cb98a0478025fdf00fd424556dccab6ef46e9707417d64a4398f,backend+tests,SOURCE_PRESENT_NOT_SEMANTICALLY_OR_RUNTIME_VERIFIED
backend/src/modules/articles/articles.contract.spec.ts,2239,4f61699aac5d0fb659bbaea81af3368785f9f742b3da18c8a8d2bcf8085d3209,backend+tests,SOURCE_PRESENT_NOT_SEMANTICALLY_OR_RUNTIME_VERIFIED
backend/src/modules/articles/articles.module.ts,8605,85a6dec7cffbbd9d0f455c508f600031fd2a3de7a7cc741286c988776b8575ee,backend,SOURCE_PRESENT_NOT_SEMANTICALLY_OR_RUNTIME_VERIFIED
backend/src/modules/articles/seo.controller.ts,2789,24cb9927f97b04d3ee067a14ff4b8024a36d3f5180ed4d8f8d332b62f9dcb9f5,backend,SOURCE_PRESENT_NOT_SEMANTICALLY_OR_RUNTIME_VERIFIED
backend/src/modules/auth/auth.controller.ts,11293,1d22f59a807bc936f8887315d357b09665e679589c9f0eb8e43632673b40c67b,backend,SOURCE_PRESENT_NOT_SEMANTICALLY_OR_RUNTIME_VERIFIED
backend/src/modules/auth/auth.module.ts,2448,29184afa0506114cde0dc26a5d71beed848236c797833ccc15426036716d6a6d,backend,SOURCE_PRESENT_NOT_SEMANTICALLY_OR_RUNTIME_VERIFIED
backend/src/modules/auth/auth.service.spec.ts,8594,9a4d8054a5880b6b07865ac6b9a7284c299c86b7cefe46c6335557ae9a12d98c,backend+tests,SOURCE_PRESENT_NOT_SEMANTICALLY_OR_RUNTIME_VERIFIED
backend/src/modules/auth/auth.service.ts,46229,0ac72c7f3e1f36ccb749f912ba8af611dcc6f189efeaf824e344d13bcfbf7a00,backend,SOURCE_PRESENT_NOT_SEMANTICALLY_OR_RUNTIME_VERIFIED
backend/src/modules/auth/device-trust.service.ts,4514,81970784c26cac33bf9b7e7a7b222355ae2818576d955372fe3247160cc9d838,backend,SOURCE_PRESENT_NOT_SEMANTICALLY_OR_RUNTIME_VERIFIED
backend/src/modules/auth/passkey.controller.ts,2936,78332dea9a289ad68513ecb99b2084679248cb633143ad05d8b7d94cc5923a72,backend,SOURCE_PRESENT_NOT_SEMANTICALLY_OR_RUNTIME_VERIFIED
backend/src/modules/auth/passkey.service.ts,9732,c9c0aad1281f4b65607e9eeff20351a5d9f42621360244b625e27466d7c3ac30,backend,SOURCE_PRESENT_NOT_SEMANTICALLY_OR_RUNTIME_VERIFIED
backend/src/modules/auth/patient-web-auth.contract.spec.ts,6030,2a4943f890c6b78ef544935acceff3a672bd12064382cab6076c074834fd2a2e,backend+tests,SOURCE_PRESENT_NOT_SEMANTICALLY_OR_RUNTIME_VERIFIED
backend/src/modules/auth/repositories/patientprofile.repository.ts,544,5860ac653f59f200f1a8f32df8f1589b67ddbeabecf3fb9f13ae954d52cf8a9b,backend,SOURCE_PRESENT_NOT_SEMANTICALLY_OR_RUNTIME_VERIFIED
backend/src/modules/auth/repositories/user.repository.ts,473,810663ec29e799517a445a91b1f0910bc5897c86ff1bea728b30feda1d5f6ca7,backend,SOURCE_PRESENT_NOT_SEMANTICALLY_OR_RUNTIME_VERIFIED
backend/src/modules/auth/schemas/passkey-credential.schema.ts,1040,6aa12874841650e1884deb629c508f5742fd13c9bb9f3aac55411238d69443ae,backend,SOURCE_PRESENT_NOT_SEMANTICALLY_OR_RUNTIME_VERIFIED
backend/src/modules/auth/schemas/trusted-device.schema.ts,1221,258c9c9abff5b16d9e4597711863bf287ae033d006112509d483dc0fa7042894,backend,SOURCE_PRESENT_NOT_SEMANTICALLY_OR_RUNTIME_VERIFIED
backend/src/modules/bans/bans.controller.ts,1061,1f11ddd013c050ddfcdec88946e32c5e8dccec44059bc4e0064b087cee9bb16b,backend,SOURCE_PRESENT_NOT_SEMANTICALLY_OR_RUNTIME_VERIFIED
backend/src/modules/bans/bans.middleware.ts,963,258718cd4e03d295e9758e5876d9fcae6f1f7f9c1a898c4ac4da9addc9146a70,backend,SOURCE_PRESENT_NOT_SEMANTICALLY_OR_RUNTIME_VERIFIED
backend/src/modules/bans/bans.module.ts,583,28b7b8af5c99f88e111c8f8340457db04bb1514b63e49754aedfd34596588644,backend,SOURCE_PRESENT_NOT_SEMANTICALLY_OR_RUNTIME_VERIFIED
backend/src/modules/bans/bans.schema.ts,686,40e57f20cb8401fdaec89ca4c6bb288605dd75524f583d26ecc06562080d794f,backend,SOURCE_PRESENT_NOT_SEMANTICALLY_OR_RUNTIME_VERIFIED
backend/src/modules/bans/bans.service.ts,1570,7e62e9b261ed18e652b77c3b64a15d04e2d26d6d0ccc9fd725eae43744f1bcf1,backend,SOURCE_PRESENT_NOT_SEMANTICALLY_OR_RUNTIME_VERIFIED
backend/src/modules/bans/repositories/ban.repository.ts,451,45986326bcb89aefe116c4fe29edb317bf011b55489af4493bc84e4c62d26cfe,backend,SOURCE_PRESENT_NOT_SEMANTICALLY_OR_RUNTIME_VERIFIED
backend/src/modules/billing/billing.module.ts,12008,528248f82ef3cd58735638a1401c24d7434968d6386385dc78c672e7eb4d8b4a,backend,SOURCE_PRESENT_NOT_SEMANTICALLY_OR_RUNTIME_VERIFIED
backend/src/modules/billing/billing.service.ts,2126,e80a7d7b56e18c9599c51bfb0ac5a0ee591bf34584e01248e7321b9bf457c371,backend,SOURCE_PRESENT_NOT_SEMANTICALLY_OR_RUNTIME_VERIFIED
backend/src/modules/billing/tests/billing-zatca.spec.ts,2533,74832af76d02b1c8abf4c61f8f559f76e964d6c096027d1cf5ab7dd87cfa9dc5,backend+tests,SOURCE_PRESENT_NOT_SEMANTICALLY_OR_RUNTIME_VERIFIED
backend/src/modules/booking-flow/booking-flow.module.ts,14059,8a509c96fecc8cf9a17f17e411f0d7b047396452238534cb14c2dc0f421b4856,backend,SOURCE_PRESENT_NOT_SEMANTICALLY_OR_RUNTIME_VERIFIED
backend/src/modules/booking-flow/booking-flow.service.spec.ts,1414,04ee0da72d93371df0a33687f90abcbdac7c3e9b047f4aaab658cfa3b3acc07d,backend+tests,SOURCE_PRESENT_NOT_SEMANTICALLY_OR_RUNTIME_VERIFIED
backend/src/modules/booking-ops/booking-ops.module.ts,11163,71e8233e8912bdbf5f03f6b5541707bd6d7223ef2b90e37365dd99c3f6d15c69,backend,SOURCE_PRESENT_NOT_SEMANTICALLY_OR_RUNTIME_VERIFIED
backend/src/modules/booking-ops/booking-ops.service.spec.ts,2610,d01018e90e13a9120f96481fe23dd62dcfeaa09a2c3ccef4ecc341125c5a5136,backend+tests,SOURCE_PRESENT_NOT_SEMANTICALLY_OR_RUNTIME_VERIFIED
backend/src/modules/business-rules/business-rules.module.ts,9047,60ecf4d829db664bbee5aaae62ac59fe73a9632c1d6042c163b0655fe2d61bd2,backend,SOURCE_PRESENT_NOT_SEMANTICALLY_OR_RUNTIME_VERIFIED
backend/src/modules/care/appointments.controller.ts,2610,21572280834848194a38c821c9e46d4cb4229bcd94f38baa4fdd4791b312495d,backend,SOURCE_PRESENT_NOT_SEMANTICALLY_OR_RUNTIME_VERIFIED
backend/src/modules/care/appointments.dto.ts,1315,c39b01794aa2657beaa8167cb82690913517e7b2fc2a6f3184029e87a902f179,backend,SOURCE_PRESENT_NOT_SEMANTICALLY_OR_RUNTIME_VERIFIED
backend/src/modules/care/appointments.service.ts,23000,ab6da527a71765c8456056f0923572182ce698f860e4db42d26580eb7240ddfe,backend,SOURCE_PRESENT_NOT_SEMANTICALLY_OR_RUNTIME_VERIFIED
backend/src/modules/care/care.controller.ts,3040,e0dc089eb6b8ba4dcf836f53fcb221588fa44388b87c33c3c1bf2455d4fb9ef0,backend,SOURCE_PRESENT_NOT_SEMANTICALLY_OR_RUNTIME_VERIFIED
backend/src/modules/care/care.module.ts,2399,7b6ee969236424a9887b61030f7726f376674a480caefb6006ac1db0a5b8f289,backend,SOURCE_PRESENT_NOT_SEMANTICALLY_OR_RUNTIME_VERIFIED
backend/src/modules/care/care.service.ts,14166,0ceb45f880fbb79d18c62ebdcdad01cce262be7e8ef35218de64662a7fd2e8fd,backend,SOURCE_PRESENT_NOT_SEMANTICALLY_OR_RUNTIME_VERIFIED
backend/src/modules/care/doctor-integration.controller.ts,2542,1c8c92ebf7452dad0468c1ce477428689ae4572e57f62807c93e473ac56f1e54,backend,SOURCE_PRESENT_NOT_SEMANTICALLY_OR_RUNTIME_VERIFIED
backend/src/modules/care/doctor-referrals.controller.ts,5635,aac3f657258cf9ed1cbb3f4b8707d123ea640b8944c1b25d385ef12bff9a1741,backend,SOURCE_PRESENT_NOT_SEMANTICALLY_OR_RUNTIME_VERIFIED
backend/src/modules/care/repositories/appointment.repository.ts,522,825da535301c104bdb0872b80cec3ac3f0087776b924b0c1d06f4856536af7b7,backend,SOURCE_PRESENT_NOT_SEMANTICALLY_OR_RUNTIME_VERIFIED
backend/src/modules/care/repositories/facility.repository.ts,501,0612638081341486e6cd07b80d322af01bd25d4dff98620133c6917131b40199,backend,SOURCE_PRESENT_NOT_SEMANTICALLY_OR_RUNTIME_VERIFIED
backend/src/modules/care/repositories/providerprofile.repository.ts,551,0e689f87af957e6c51b6015e5d9ba0882ea6707b496b4b785dc4313b490f2d82,backend,SOURCE_PRESENT_NOT_SEMANTICALLY_OR_RUNTIME_VERIFIED
backend/src/modules/care/repositories/user.repository.ts,473,810663ec29e799517a445a91b1f0910bc5897c86ff1bea728b30feda1d5f6ca7,backend,SOURCE_PRESENT_NOT_SEMANTICALLY_OR_RUNTIME_VERIFIED
backend/src/modules/care/schemas/doctor-profile-extended.schema.ts,1346,da44dc802e23cc85752db527ed9fe7cfebf710a5a9f69d25381fecbdbcfac98e,backend,SOURCE_PRESENT_NOT_SEMANTICALLY_OR_RUNTIME_VERIFIED
backend/src/modules/care/schemas/encounter-record.schema.ts,1241,ffc838f882b216183abecb862830481138c2fc211243155766d999453c067cc7,backend,SOURCE_PRESENT_NOT_SEMANTICALLY_OR_RUNTIME_VERIFIED
backend/src/modules/care/schemas/encounter-referrals.schema.ts,1453,647bad6abf861649987c0805748e0b66c11cd7ff6d69dc736e655f9d10e055ff,backend,SOURCE_PRESENT_NOT_SEMANTICALLY_OR_RUNTIME_VERIFIED
backend/src/modules/care/slot.service.ts,5025,09ce765fbbf1e0e1206156ef740c961dcc64f2b5f621d627d68cbfff9ffa0b3c,backend,SOURCE_PRESENT_NOT_SEMANTICALLY_OR_RUNTIME_VERIFIED
backend/src/modules/care/tests/appointments-states.spec.ts,9995,4aff184aec159230cdbe4dce552ace04fd7dc5293d27a108a9fa567553bc6791,backend+tests,SOURCE_PRESENT_NOT_SEMANTICALLY_OR_RUNTIME_VERIFIED
backend/src/modules/care/tests/public-discovery.spec.ts,5952,cb5b8fcb567b3c63a9ce8205797c01e65dba934fdffeaa172594ef1680cc8229,backend+tests,SOURCE_PRESENT_NOT_SEMANTICALLY_OR_RUNTIME_VERIFIED
backend/src/modules/cart/cart.contract.spec.ts,3996,a23a17ef32e347ff543a07305b9bec24a109726d47ba7fd68a29b746f4641671,backend+tests,SOURCE_PRESENT_NOT_SEMANTICALLY_OR_RUNTIME_VERIFIED
backend/src/modules/cart/cart.module.ts,11802,e217fe3b2365c3a4eccdf19d18f4abbd30882e9a22fe2c34822083fabc587feb,backend,SOURCE_PRESENT_NOT_SEMANTICALLY_OR_RUNTIME_VERIFIED
backend/src/modules/chat/chat.contract.spec.ts,4665,e68b44afb783a45416b41f3df85f1d23db53b803c40d7de3fb01903a85a12120,backend+tests,SOURCE_PRESENT_NOT_SEMANTICALLY_OR_RUNTIME_VERIFIED
backend/src/modules/chat/chat.gateway.followup.spec.ts,1971,222e92ee07dbd500cd3f4590a1f7416b0fe4be16751c5c6ea95714b200244d99,backend+tests,SOURCE_PRESENT_NOT_SEMANTICALLY_OR_RUNTIME_VERIFIED
backend/src/modules/chat/chat.gateway.ts,8174,b408dfb9e7b29f45f6783eb7b9736697eb05bde49a07382c1dbb728a6054be75,backend,SOURCE_PRESENT_NOT_SEMANTICALLY_OR_RUNTIME_VERIFIED
backend/src/modules/chat/chat.module.ts,9949,0e1d49bb32aef9cd4aa2976eef29f1bc91af330ce827f955257614bb0d461496,backend,SOURCE_PRESENT_NOT_SEMANTICALLY_OR_RUNTIME_VERIFIED
backend/src/modules/chat/chat.schemas.ts,2849,edf9b7854b229aa70a3d5598072a4972ef9b7f6f6840a3f87bacc4eae2abf0c0,backend,SOURCE_PRESENT_NOT_SEMANTICALLY_OR_RUNTIME_VERIFIED
backend/src/modules/chat/chat.service.ts,19800,d9732ab2511d9ddf64e90e8805fd59a8d61be45c86b99ee504590413af8ae202,backend,SOURCE_PRESENT_NOT_SEMANTICALLY_OR_RUNTIME_VERIFIED
backend/src/modules/chat/guards/chat-gateway.guard.ts,2265,ff57104949230d59583c9c6dfe6f78a84506d4509e4e49a1cf38f8f520928ae2,backend,SOURCE_PRESENT_NOT_SEMANTICALLY_OR_RUNTIME_VERIFIED
backend/src/modules/chat/schedulers/chat-lifecycle.scheduler.ts,981,a52e998bf83849e6814a41fd013a19638561bea22f759f72756addd114438ae6,backend,SOURCE_PRESENT_NOT_SEMANTICALLY_OR_RUNTIME_VERIFIED
backend/src/modules/community/community.controller.ts,3303,c327a88dddf78957b916cfad3ec897b8c75cde9ddb5dea281696c0fd9e2e69f4,backend,SOURCE_PRESENT_NOT_SEMANTICALLY_OR_RUNTIME_VERIFIED
backend/src/modules/community/community.module.ts,1098,63a3c8f09841e8ec62e590d439cc8df32629bf0224fe827c12e067f13efeb51a,backend,SOURCE_PRESENT_NOT_SEMANTICALLY_OR_RUNTIME_VERIFIED
backend/src/modules/community/community.service.spec.ts,4452,078d1fc4f3dc2fc7f69e0b74fcc69fa4b2e55eb53285d029c54678fe15062b9e,backend+tests,SOURCE_PRESENT_NOT_SEMANTICALLY_OR_RUNTIME_VERIFIED
backend/src/modules/community/community.service.ts,8645,eadeea6499e8b9379c353fe762debd9d5604102184c5a397951e64f7e7bf8c6e,backend,SOURCE_PRESENT_NOT_SEMANTICALLY_OR_RUNTIME_VERIFIED
backend/src/modules/community/repositories/livesession.repository.ts,468,cfd6403a84e1cd606dc844da3ebc8189e732fedd02173fe4486753da4105aff4,backend,SOURCE_PRESENT_NOT_SEMANTICALLY_OR_RUNTIME_VERIFIED
backend/src/modules/community/repositories/post.repository.ts,447,9593120e6085f24f9c942836788d2adc6ddabb05ee2d897131115f43d208fb65,backend,SOURCE_PRESENT_NOT_SEMANTICALLY_OR_RUNTIME_VERIFIED
backend/src/modules/community/repositories/postcomment.repository.ts,468,da49be196581769e978a99079e676b0ca046c63abaabada8dddb2c6a863f3551,backend,SOURCE_PRESENT_NOT_SEMANTICALLY_OR_RUNTIME_VERIFIED
backend/src/modules/compat/admin-nursing-containment.spec.ts,548,b73431ce733b9789151766cb4bdabd93669432f0bd6cdce4540ad854bee1d6fd,backend+tests,SOURCE_PRESENT_NOT_SEMANTICALLY_OR_RUNTIME_VERIFIED
backend/src/modules/compat/admin-spa.module.ts,64223,1ecb2753b050e7192d84191b7aef420457a5feae6600f9186d22104f5fa09e5e,backend,SOURCE_PRESENT_NOT_SEMANTICALLY_OR_RUNTIME_VERIFIED
backend/src/modules/compat/compat-family-chat.spec.ts,1746,22c321fcce19ce360b45375b19b5881df594496dfb19a1a448055dafeb82299f,backend+tests,SOURCE_PRESENT_NOT_SEMANTICALLY_OR_RUNTIME_VERIFIED
backend/src/modules/compat/compat.module.ts,54779,a2444e4eb9b6b9819dc0869a7f25c0b9751a9af97961d99f82826338db70c980,backend,SOURCE_PRESENT_NOT_SEMANTICALLY_OR_RUNTIME_VERIFIED
backend/src/modules/config/config.controller.ts,536,682f474ca475d96df9a41a9f27ea2d341bc411ad4cc36aee47ea403b555e6e5b,backend,SOURCE_PRESENT_NOT_SEMANTICALLY_OR_RUNTIME_VERIFIED
backend/src/modules/config/config.module.ts,289,2edf191916f5e560cde98f0f122d761646e19243de33c1e07ed952716c0e8662,backend,SOURCE_PRESENT_NOT_SEMANTICALLY_OR_RUNTIME_VERIFIED
backend/src/modules/config/config.service.ts,1386,ce3ed3b99d92d20619954657cc267d67e2249debaf647244d7bc8d02d8454d6e,backend,SOURCE_PRESENT_NOT_SEMANTICALLY_OR_RUNTIME_VERIFIED
backend/src/modules/consistency/consistency.module.ts,10551,755f14d5dda55065b8985eb1bf22e176e63f7735ed45d57c2293e3d60af62fa4,backend,SOURCE_PRESENT_NOT_SEMANTICALLY_OR_RUNTIME_VERIFIED
backend/src/modules/coturn/coturn.controller.ts,538,9ee3ca191c09935d2015c37de8dc85d57fea5fc3bc7bf3adf0bef0652ecb277d,backend,SOURCE_PRESENT_NOT_SEMANTICALLY_OR_RUNTIME_VERIFIED
backend/src/modules/coturn/coturn.module.ts,283,852f1a11f19d469ef13915ed45e081375d98c4441051743095004399ee4aad26,backend,SOURCE_PRESENT_NOT_SEMANTICALLY_OR_RUNTIME_VERIFIED
backend/src/modules/coturn/coturn.service.ts,3317,28ec2d30f4057a4bf19fa939a7dae56a5af0f543d4657ad1f7105af544e65049,backend,SOURCE_PRESENT_NOT_SEMANTICALLY_OR_RUNTIME_VERIFIED
backend/src/modules/custom-services/custom-services.controller.ts,1083,09d9e53f729542408a3d98afbf1df6ee8da179d3c783ea2f3c3152d7ab95f927,backend,SOURCE_PRESENT_NOT_SEMANTICALLY_OR_RUNTIME_VERIFIED
backend/src/modules/custom-services/custom-services.module.ts,753,d3aedfcc53f3b0654d125e84f06d5c6d65c802365ed70337991ecf01432b22df,backend,SOURCE_PRESENT_NOT_SEMANTICALLY_OR_RUNTIME_VERIFIED
backend/src/modules/custom-services/custom-services.service.ts,3290,092110a29e3151898bcf19702f3ed0ef9e8f0667222482ad42883f098f72f21e,backend,SOURCE_PRESENT_NOT_SEMANTICALLY_OR_RUNTIME_VERIFIED
backend/src/modules/custom-services/repositories/customservicerequest.repository.ts,533,4b6fc43868e89edc95917c8571742ba113dce79d118f643e919076d5486ebc9b,backend,SOURCE_PRESENT_NOT_SEMANTICALLY_OR_RUNTIME_VERIFIED
backend/src/modules/device-trust/device-trust.module.ts,6837,ea43e90bb85b9d32b39f1ebfe1b71146ef93f8fc9a7afaf98aba6c5065ae4c03,backend,SOURCE_PRESENT_NOT_SEMANTICALLY_OR_RUNTIME_VERIFIED
backend/src/modules/doctors/doctors.module.ts,19716,b25f3d501388beece5b4bc9b0677b3c98353cb2d1cb5b92f1b74c2edf302c0af,backend,SOURCE_PRESENT_NOT_SEMANTICALLY_OR_RUNTIME_VERIFIED
backend/src/modules/doctors/doctors.schemas.ts,6081,38865b22a1ecd52856f48d248520ef114cf71578a278f0b23c17a3a45d0ecf0d,backend,SOURCE_PRESENT_NOT_SEMANTICALLY_OR_RUNTIME_VERIFIED
backend/src/modules/drivers/drivers.controller.ts,2531,300c0abb6a196595e506affaa17765e55af164cc66eeb99df4174ea537641e9f,backend,SOURCE_PRESENT_NOT_SEMANTICALLY_OR_RUNTIME_VERIFIED
backend/src/modules/drivers/drivers.module.ts,1515,4c8bbc7e2f65abf0f5c5a01f897f32ddba723834c60421cf33f33dd39d27a947,backend,SOURCE_PRESENT_NOT_SEMANTICALLY_OR_RUNTIME_VERIFIED
backend/src/modules/drivers/drivers.service.ts,8374,a545df6f4a9fc30dcd853bbec84349772c0463d6e19a6a1192dcc3e6f0b38dc2,backend,SOURCE_PRESENT_NOT_SEMANTICALLY_OR_RUNTIME_VERIFIED
backend/src/modules/drivers/repositories/delivery.repository.ts,501,67115431cb732cc71b3e4ef36cb4fad8d24ae2849cfcf7da4515be5861fa27b9,backend,SOURCE_PRESENT_NOT_SEMANTICALLY_OR_RUNTIME_VERIFIED
backend/src/modules/drivers/repositories/drivershift.repository.ts,523,8f5a022cbba363511c3e6e29004c0dc07061b723fbf17a6ecbd8239edc297adc,backend,SOURCE_PRESENT_NOT_SEMANTICALLY_OR_RUNTIME_VERIFIED
backend/src/modules/drivers/repositories/order.repository.ts,480,17033cbe1be9edd2efec6aada595c57abd36c931d76a7aac3d19d254da39cec0,backend,SOURCE_PRESENT_NOT_SEMANTICALLY_OR_RUNTIME_VERIFIED
backend/src/modules/drivers/repositories/user.repository.ts,473,810663ec29e799517a445a91b1f0910bc5897c86ff1bea728b30feda1d5f6ca7,backend,SOURCE_PRESENT_NOT_SEMANTICALLY_OR_RUNTIME_VERIFIED
backend/src/modules/emergency/ambulance-fleet.controller.ts,5567,9e608787700b313021ffb1e6ef01efdeb6172f97550377903271d45a6432ac97,backend,SOURCE_PRESENT_NOT_SEMANTICALLY_OR_RUNTIME_VERIFIED
backend/src/modules/emergency/emergency.admin-containment.spec.ts,1020,d93dfca0a14692e9084d506e84e1fcb5b8118e7a944dcaeae20daaf744e717d7,backend+tests,SOURCE_PRESENT_NOT_SEMANTICALLY_OR_RUNTIME_VERIFIED
backend/src/modules/emergency/emergency.controller.ts,3126,3d80b87dea0cfdc8e2cb92eb831a2daf9268ce507be846d3449f79a1fe597f34,backend,SOURCE_PRESENT_NOT_SEMANTICALLY_OR_RUNTIME_VERIFIED
backend/src/modules/emergency/emergency.module.ts,1126,9999697beda92474fb7d865e5829c06caee8e303e624ee4a40a3ff519df0cd62,backend,SOURCE_PRESENT_NOT_SEMANTICALLY_OR_RUNTIME_VERIFIED
backend/src/modules/emergency/emergency.service.ts,16328,e83335608c838a67c51b024152e19196776de4c95d6d4c562b3f8631b154d97a,backend,SOURCE_PRESENT_NOT_SEMANTICALLY_OR_RUNTIME_VERIFIED
backend/src/modules/emergency/emergency.service.vehicle-integrity.spec.ts,2160,fd209b15e3158460ae5d378beee1b04ff34617e5160f98aefda701b7028820dc,backend+tests,SOURCE_PRESENT_NOT_SEMANTICALLY_OR_RUNTIME_VERIFIED
backend/src/modules/emergency/repositories/emergencyrequest.repository.ts,550,578e6f3ba9f059c1630eaecbf803c9633c23724983ec9fdc9a5b291c1382b1e2,backend,SOURCE_PRESENT_NOT_SEMANTICALLY_OR_RUNTIME_VERIFIED
backend/src/modules/event-reliability/event-reliability.module.ts,6152,0d7349e4fa082286ec1555ba99755d819615b52560af9edc7014eb8a2b013624,backend,SOURCE_PRESENT_NOT_SEMANTICALLY_OR_RUNTIME_VERIFIED
backend/src/modules/events/catalog-publication.service.spec.ts,4540,2994dac9f4d7bc2b5c9829ba695421a8424e337eb9e284f0adbc06b1adf00838,backend+tests,SOURCE_PRESENT_NOT_SEMANTICALLY_OR_RUNTIME_VERIFIED
backend/src/modules/events/catalog-publication.service.ts,5750,657d4be7048da776981a5c867c53ab699de69199f1595365cc81596c4d124e54,backend,SOURCE_PRESENT_NOT_SEMANTICALLY_OR_RUNTIME_VERIFIED
backend/src/modules/events/event-bus.service.spec.ts,1144,0b12a0cc89ca3fbb65578175c8d71dffca9428f9cd28ba150f8179e169cf2dba,backend+tests,SOURCE_PRESENT_NOT_SEMANTICALLY_OR_RUNTIME_VERIFIED
backend/src/modules/events/event-bus.service.ts,3439,e1c598558b0e7519598ba057d05531bde4bb9039b14bb049bbf40068a43a2dfa,backend,SOURCE_PRESENT_NOT_SEMANTICALLY_OR_RUNTIME_VERIFIED
backend/src/modules/events/events.controllers.ts,1218,1f78b3d2cc884107160137e6f53fee2d78986c385ddaa06ead0da0f4de1d62a5,backend,SOURCE_PRESENT_NOT_SEMANTICALLY_OR_RUNTIME_VERIFIED
backend/src/modules/events/events.module.ts,817,d0d9854bb46fb28590de5871e30440a6e94f2b2c03f56e812f0b962ded20e3ef,backend,SOURCE_PRESENT_NOT_SEMANTICALLY_OR_RUNTIME_VERIFIED
backend/src/modules/events/repositories/systemevent.repository.ts,470,c773c8e7418c2245ad4e6402b39b3cea2c84aba7ed38f3b59950d8214e79a8ab,backend,SOURCE_PRESENT_NOT_SEMANTICALLY_OR_RUNTIME_VERIFIED
backend/src/modules/events/system-event.schema.ts,1616,83b2eb33076aaf9002752f64762b49ed8ea88cb97408d4cc78e1370a10364261,backend,SOURCE_PRESENT_NOT_SEMANTICALLY_OR_RUNTIME_VERIFIED
backend/src/modules/export/export.controller.ts,1677,cb86f9228ccc3e6f8b1de6a97e54a229274f8ae66b37457245e23bce4f3f9795,backend,SOURCE_PRESENT_NOT_SEMANTICALLY_OR_RUNTIME_VERIFIED
backend/src/modules/export/export.module.ts,283,5fa4a13fa09465ba26ea3851755a05d91733548aa065a86eb9ed7f4827ca05a9,backend,SOURCE_PRESENT_NOT_SEMANTICALLY_OR_RUNTIME_VERIFIED
backend/src/modules/export/export.service.ts,2375,a645e4bda8c3aef8b22534994a1ea97f1a6776af7b202e0442cf66e9e6ee28a4,backend,SOURCE_PRESENT_NOT_SEMANTICALLY_OR_RUNTIME_VERIFIED
backend/src/modules/facility-ops/facility-ops.module.ts,18494,a9a83f43a1749c1ac6743f672302b458148bbbd663893884201b2948098d71a3,backend,SOURCE_PRESENT_NOT_SEMANTICALLY_OR_RUNTIME_VERIFIED
backend/src/modules/facility-ops/facility-ops.service.spec.ts,3266,339f3b30072ba9017e9f964031514bfeb235dbf129f54ad69a6973884176b624,backend+tests,SOURCE_PRESENT_NOT_SEMANTICALLY_OR_RUNTIME_VERIFIED
backend/src/modules/family/family.controller.ts,5613,e6dcd1a678a959f2833fa22ef1d3c9b705282eeaef164f95fce6667faf902b83,backend,SOURCE_PRESENT_NOT_SEMANTICALLY_OR_RUNTIME_VERIFIED
backend/src/modules/family/family.module.ts,1327,cf063b4f1347d928a1f83bc603f74ddb1a58ffa986c098a522fedb43e276df14,backend,SOURCE_PRESENT_NOT_SEMANTICALLY_OR_RUNTIME_VERIFIED
backend/src/modules/family/family.service.spec.ts,9104,99f8f84dce33d16f5d51e7e0e16177785631429c9f8a15d287e065ddffe7ac1a,backend+tests,SOURCE_PRESENT_NOT_SEMANTICALLY_OR_RUNTIME_VERIFIED
backend/src/modules/family/family.service.ts,21988,8ee12cdfe5a775de9fbf315e9a46d9b0204f78ddeff860ced230fea92c3bf957,backend,SOURCE_PRESENT_NOT_SEMANTICALLY_OR_RUNTIME_VERIFIED
backend/src/modules/family/repositories/familygroup.repository.ts,465,941b003ef350a42e0935978ec1c66384a17658448398c147412e340c291d3fec,backend,SOURCE_PRESENT_NOT_SEMANTICALLY_OR_RUNTIME_VERIFIED
backend/src/modules/family/repositories/familypermissionrequest.repository.ts,501,869b1b60a3e06bd2fe3dcd6891daee98e35f08f4a1816912e9c166cf7cfd4fc6,backend,SOURCE_PRESENT_NOT_SEMANTICALLY_OR_RUNTIME_VERIFIED
backend/src/modules/family/repositories/sharedcalendarevent.repository.ts,489,d82be0ec5f92d435d33ea246e5638040dc6bc853af1081d6b2b62f060d382a33,backend,SOURCE_PRESENT_NOT_SEMANTICALLY_OR_RUNTIME_VERIFIED
backend/src/modules/feature-flags/feature-flag.schema.ts,382,e0e7026d6e622dcdd08696f42e25170388bc801732b0c415d4f561096fad5524,backend,SOURCE_PRESENT_NOT_SEMANTICALLY_OR_RUNTIME_VERIFIED
backend/src/modules/feature-flags/feature-flags.controller.ts,1017,db2a40143cdc0c14e849030b328bab4585de09cca2c2439347fd2198219e1758,backend,SOURCE_PRESENT_NOT_SEMANTICALLY_OR_RUNTIME_VERIFIED
backend/src/modules/feature-flags/feature-flags.module.ts,784,b4deb1236068df8fe641d340d7d4ab1833f15944b83a88233546c1983c68217e,backend,SOURCE_PRESENT_NOT_SEMANTICALLY_OR_RUNTIME_VERIFIED
backend/src/modules/feature-flags/feature-flags.service.ts,847,e2ddf7ee4e65ccb9eae8c8de2866134e222c98a820004e578cfd0572ea8710f6,backend,SOURCE_PRESENT_NOT_SEMANTICALLY_OR_RUNTIME_VERIFIED
backend/src/modules/feature-flags/repositories/featureflag.repository.ts,523,8ebb367516ab6b53b294c896fe1d54cdfca693f5d10d0884360edc355a9b7899,backend,SOURCE_PRESENT_NOT_SEMANTICALLY_OR_RUNTIME_VERIFIED
backend/src/modules/finance-engine/finance-engine.module.ts,54188,ab7da8cf00b587fc715fa87357487be70d6862c96984174f1cd11de43a74c5b6,backend,SOURCE_PRESENT_NOT_SEMANTICALLY_OR_RUNTIME_VERIFIED
backend/src/modules/health/health-dashboard.controller.ts,6177,472d9477cd9ebfb4016a4ae4c190d1886a238b911864accf20dc45b9e0dd2067,backend,SOURCE_PRESENT_NOT_SEMANTICALLY_OR_RUNTIME_VERIFIED
backend/src/modules/health/health.controller.ts,5648,1f116fb2d72d4d28e98003eaa9f6e3dd219206e8f410acf20f6849b346a6dafd,backend,SOURCE_PRESENT_NOT_SEMANTICALLY_OR_RUNTIME_VERIFIED
backend/src/modules/health/health.module.ts,1380,f4d0a8dc10da52680083316c376e8d00e5fe6774b45aef7b347654f10a3de157,backend,SOURCE_PRESENT_NOT_SEMANTICALLY_OR_RUNTIME_VERIFIED
backend/src/modules/health/health.service.spec.ts,9313,900d80fd74e0a902aa3ad1a85120bdcbe73ce2785586cf58fbbe63b48da13417,backend+tests,SOURCE_PRESENT_NOT_SEMANTICALLY_OR_RUNTIME_VERIFIED
backend/src/modules/health/health.service.ts,43616,e833a8a966afc8717dbe70ea6672be87e9de7fb2e07b615320064a754843028d,backend,SOURCE_PRESENT_NOT_SEMANTICALLY_OR_RUNTIME_VERIFIED
backend/src/modules/health/repositories/medicationreminder.repository.ts,515,6a485cf0e83b88f559b63ae4e75a57b92f9c401ee16c2106bd064804e68eff75,backend,SOURCE_PRESENT_NOT_SEMANTICALLY_OR_RUNTIME_VERIFIED
backend/src/modules/health/repositories/sleepreading.repository.ts,485,8b1d3794e2ca4cfb182be485f57215b2fb8a6775a89550844c5eda21badc325a,backend,SOURCE_PRESENT_NOT_SEMANTICALLY_OR_RUNTIME_VERIFIED
backend/src/modules/health/repositories/vitalreading.repository.ts,485,20c179bc71293c8890c86e3d4c070e3e446372f7aca69dff3e0d6a0f89dc1f09,backend,SOURCE_PRESENT_NOT_SEMANTICALLY_OR_RUNTIME_VERIFIED
backend/src/modules/home-care-compat/home-care-compat.controller.spec.ts,1783,ad2ac086ec14df8e06f0b0e604bdef589ad34d28a4a5452ddbe73f964c78145d,backend+tests,SOURCE_PRESENT_NOT_SEMANTICALLY_OR_RUNTIME_VERIFIED
backend/src/modules/home-care-compat/home-care-compat.module.ts,20174,84b952d426c350fff0b1b6b15d637f4d055cba0fae7b4bc2314a6572e5ff859e,backend,SOURCE_PRESENT_NOT_SEMANTICALLY_OR_RUNTIME_VERIFIED
backend/src/modules/home-care/controllers/home-care-tracking.controller.spec.ts,2467,d8455ff45437a0d7b8ac67767612cd3dd29ce728e58b2415600176f032aed4f2,backend+tests,SOURCE_PRESENT_NOT_SEMANTICALLY_OR_RUNTIME_VERIFIED
backend/src/modules/home-care/controllers/home-care-tracking.controller.ts,4970,9249781e53e0bfd4da8a30209667d76281913b10c2e27ce200f3877df513af41,backend,SOURCE_PRESENT_NOT_SEMANTICALLY_OR_RUNTIME_VERIFIED
backend/src/modules/home-care/home-care.contract.spec.ts,2238,4030c209393653ddca5327851bde414dc8fd2a0fcd285f61dd2255f9cb5b4ade,backend+tests,SOURCE_PRESENT_NOT_SEMANTICALLY_OR_RUNTIME_VERIFIED
backend/src/modules/home-care/home-care.controller.spec.ts,4256,37d82e0169bdfcef1100c14c0d417f0ec39d0da9f09a86b61ee8fd84bd4ba356,backend+tests,SOURCE_PRESENT_NOT_SEMANTICALLY_OR_RUNTIME_VERIFIED
backend/src/modules/home-care/home-care.controller.ts,19484,3aa7eae42652267c4780474c5f4647af9dd89efc54043e4c59829959c7fb44ad,backend,SOURCE_PRESENT_NOT_SEMANTICALLY_OR_RUNTIME_VERIFIED
backend/src/modules/home-care/home-care.module.ts,3846,9793b40a7f18e321f01b5539311ebb1adaf87dbf2f80771ca796be8d7de1802b,backend,SOURCE_PRESENT_NOT_SEMANTICALLY_OR_RUNTIME_VERIFIED
backend/src/modules/home-care/home-care.seed.ts,7342,9125cfc354c3423a759ac2ff7e33f3cc3c0e81dfcabaa4ddc9ffe093d6f0ea20,backend,SOURCE_PRESENT_NOT_SEMANTICALLY_OR_RUNTIME_VERIFIED
backend/src/modules/home-care/home-care.service.spec.ts,3034,50635cc16f2d45d9d178b427fc3dca95366a09ad15362a0ee170def8b05ae837,backend+tests,SOURCE_PRESENT_NOT_SEMANTICALLY_OR_RUNTIME_VERIFIED
backend/src/modules/home-care/home-care.service.ts,9069,85e5f71bd90f39054e168f9e8ae05d4c2e9660aa6cfb8a9422ea27d5ede392be,backend,SOURCE_PRESENT_NOT_SEMANTICALLY_OR_RUNTIME_VERIFIED
backend/src/modules/home-care/repositories/careplan.repository.ts,468,1369d6fcb014b0d5cd278a3da584d3ec9042d0271ae3d2d5de12e0f8efc297ca,backend,SOURCE_PRESENT_NOT_SEMANTICALLY_OR_RUNTIME_VERIFIED
backend/src/modules/home-care/repositories/homecarebooking.repository.ts,503,a83fea04a6c5b8674768255f4b3dfd6f278f6b4bce915a243b4fd4f99d84809d,backend,SOURCE_PRESENT_NOT_SEMANTICALLY_OR_RUNTIME_VERIFIED
backend/src/modules/home-care/repositories/homecareservice.repository.ts,503,699430dc86b9f6f2f69b02e1228ebcde066d60b8a53ad6256d053438aaba406f,backend,SOURCE_PRESENT_NOT_SEMANTICALLY_OR_RUNTIME_VERIFIED
backend/src/modules/home-care/repositories/medicalsupplyrequest.repository.ts,528,c8e6f271b645ee4c1105af0d2c99ead834c31fbd0a739ac5cb6b5cc85b488b93,backend,SOURCE_PRESENT_NOT_SEMANTICALLY_OR_RUNTIME_VERIFIED
backend/src/modules/home-care/repositories/nursingvisitreport.repository.ts,518,282fba007878c7e9972744802f66624d8f3a661d477f0a8c8a30020c0aae2e63,backend,SOURCE_PRESENT_NOT_SEMANTICALLY_OR_RUNTIME_VERIFIED
backend/src/modules/home-care/schemas/home-care-booking.schema.ts,1567,657eb45cc9b163042216cfbc97c07d3a19158361816b7afdb9729a591fe0403d,backend,SOURCE_PRESENT_NOT_SEMANTICALLY_OR_RUNTIME_VERIFIED
backend/src/modules/home-care/schemas/home-care-nurse.schema.ts,1116,4a27ecb8c1341d6aa02db69cf219ca787dbd1008aa38bb2cfc0311fbfcb76efe,backend,SOURCE_PRESENT_NOT_SEMANTICALLY_OR_RUNTIME_VERIFIED
backend/src/modules/home-care/schemas/medical-supply-request.schema.ts,1032,629fde62f4b3cf55e4370ba1e5b7188a211c3e77fbb8562572fcadfccb1fa38d,backend,SOURCE_PRESENT_NOT_SEMANTICALLY_OR_RUNTIME_VERIFIED
backend/src/modules/home/home.controller.ts,629,18285c7ffbf9dfc0e4e7e6236acd514fd789e45e747dfae82b5b7e9ac5570fad,backend,SOURCE_PRESENT_NOT_SEMANTICALLY_OR_RUNTIME_VERIFIED
backend/src/modules/home/home.module.ts,668,820b691e273c49dda60cdbaafd9ac227e36cc1b48e1ae0b9eeaf8a24c1882e40,backend,SOURCE_PRESENT_NOT_SEMANTICALLY_OR_RUNTIME_VERIFIED
backend/src/modules/home/home.service.ts,11595,4fea499311a0c52c0715f73d5326457915bcd9af0683dd4f1b07e3eeda0dcf7b,backend,SOURCE_PRESENT_NOT_SEMANTICALLY_OR_RUNTIME_VERIFIED
backend/src/modules/hospital-staff/hospital-staff.module.ts,8607,38870510cc18e04d498a4632532c72208c312ec2e0eae784ccfa708106d5cb37,backend,SOURCE_PRESENT_NOT_SEMANTICALLY_OR_RUNTIME_VERIFIED
backend/src/modules/hospital/controllers/hospital.controller.ts,3316,a8c76d724f816a667d45a6a96024d6d00889cfb63d40ec31f6b694af1c7e62c8,backend,SOURCE_PRESENT_NOT_SEMANTICALLY_OR_RUNTIME_VERIFIED
backend/src/modules/hospital/hospital.module.ts,1540,dcc77f79cfb3a806a904e2d90d35051afddd3a4e277ed44dcb4c55813adb8b65,backend,SOURCE_PRESENT_NOT_SEMANTICALLY_OR_RUNTIME_VERIFIED
backend/src/modules/hospital/schemas/hospital-branch.schema.ts,853,4af104655143fb2176f0972504828c340aa20713b15b65fa78fbc0cc5310ae4f,backend,SOURCE_PRESENT_NOT_SEMANTICALLY_OR_RUNTIME_VERIFIED
backend/src/modules/hospital/schemas/hospital-department.schema.ts,816,f9e26fdaa03e7ee7cff602ce40f321cfc557a13e96ba042f389eba90bd1e0ffe,backend,SOURCE_PRESENT_NOT_SEMANTICALLY_OR_RUNTIME_VERIFIED
backend/src/modules/hospital/schemas/hospital-invitation.schema.ts,1451,954aea875a679b75d15c89538c7038fed9050478f40bc7882ef9dc663d0d69c1,backend,SOURCE_PRESENT_NOT_SEMANTICALLY_OR_RUNTIME_VERIFIED
backend/src/modules/hospital/schemas/hospital-staff.schema.ts,901,0bf7b808e69dd3ee5d09c708d96eedbd492ec2377bc861dac7cf17332baf0b04,backend,SOURCE_PRESENT_NOT_SEMANTICALLY_OR_RUNTIME_VERIFIED
backend/src/modules/hospital/services/hospital.service.spec.ts,3045,b7664512722244bfd21324dc19908dd398c8bb35d490ba7b4438b4d985c1f3c8,backend+tests,SOURCE_PRESENT_NOT_SEMANTICALLY_OR_RUNTIME_VERIFIED
backend/src/modules/hospital/services/hospital.service.ts,10609,7870e1a5a54d2d86e650e142a68665340e57c265ec9ceb807c91a5983951e9b1,backend,SOURCE_PRESENT_NOT_SEMANTICALLY_OR_RUNTIME_VERIFIED
backend/src/modules/i18n/i18n.controller.ts,559,c4d64f61bf5f42068a52630f43fb91c6623639100ce57bbdb93bddfbc7896a29,backend,SOURCE_PRESENT_NOT_SEMANTICALLY_OR_RUNTIME_VERIFIED
backend/src/modules/i18n/i18n.module.ts,289,d327039c1280e4d02c4350ee608653f2e7477cbb55081dc4d5f83e4b70a3342b,backend,SOURCE_PRESENT_NOT_SEMANTICALLY_OR_RUNTIME_VERIFIED
backend/src/modules/i18n/i18n.service.ts,73901,0a9f4380a5628006576c214b48da0ca2509061a6bc5c61b77510056430ed4549,backend,SOURCE_PRESENT_NOT_SEMANTICALLY_OR_RUNTIME_VERIFIED
backend/src/modules/insurance-engine/insurance-engine.module.ts,38116,e6072d1e16c29c42b9d98386718a1716b1078846b919d8494a998b82f592feb0,backend,SOURCE_PRESENT_NOT_SEMANTICALLY_OR_RUNTIME_VERIFIED
backend/src/modules/insurance-engine/tests/insurance-flow.spec.ts,13402,ccbf5773bb6766fb1869fb3fb20470c2b4552d03b82ed8ba3638b0e8dc9d548c,backend+tests,SOURCE_PRESENT_NOT_SEMANTICALLY_OR_RUNTIME_VERIFIED
backend/src/modules/insurance/insurance.controller.ts,3963,e94a001d23ea731670c59ac59f9772ef125d12d7284b674920425b3478302b8a,backend,SOURCE_PRESENT_NOT_SEMANTICALLY_OR_RUNTIME_VERIFIED
backend/src/modules/insurance/insurance.module.ts,20599,d1901081a833e5f56c8913c09e1d3cccf9d9a7ba37854808c58930685e0b6561,backend,SOURCE_PRESENT_NOT_SEMANTICALLY_OR_RUNTIME_VERIFIED
backend/src/modules/insurance/insurance.service.spec.ts,10616,c5833b33907c945d68f2657489b7a45aed3153493d1a0cd6fa527e220363b7a3,backend+tests,SOURCE_PRESENT_NOT_SEMANTICALLY_OR_RUNTIME_VERIFIED
backend/src/modules/labs/controllers/labs-engine.controller.ts,5906,0ff46a9458655714e301506e7f00e836e1a9a48f099bd42ba60fe7412d12d6b4,backend,SOURCE_PRESENT_NOT_SEMANTICALLY_OR_RUNTIME_VERIFIED
backend/src/modules/labs/lab-pdf.service.ts,2807,c483430fca8b6f3e86444c8bd0aab8a52b876cf3db4ca18343d5f467ba1a881a,backend,SOURCE_PRESENT_NOT_SEMANTICALLY_OR_RUNTIME_VERIFIED
backend/src/modules/labs/lab-results.controller.ts,816,bbb0c5e52c5ab15abd2089ec6d14b48dfbca4a09c09daa77af7b5721a449a6a2,backend,SOURCE_PRESENT_NOT_SEMANTICALLY_OR_RUNTIME_VERIFIED
backend/src/modules/labs/lab-results.service.spec.ts,4120,9d40f1a1e4a7e02379eef9e9d6cd75e62a3e9aae567819ec4952e7b5915813e0,backend+tests,SOURCE_PRESENT_NOT_SEMANTICALLY_OR_RUNTIME_VERIFIED
backend/src/modules/labs/lab-results.service.ts,7131,e052e73b0314a5380061f14f632f053585b4d1165b509d6dc2da090d33fb732a,backend,SOURCE_PRESENT_NOT_SEMANTICALLY_OR_RUNTIME_VERIFIED
backend/src/modules/labs/labs.controller.ts,6510,7a2e688d92638a5c5e442d99efe8c73690165fecd91faad17ebafb7bf48e798f,backend,SOURCE_PRESENT_NOT_SEMANTICALLY_OR_RUNTIME_VERIFIED
backend/src/modules/labs/labs.module.ts,2252,fd011671368aed0f82685c0cd464ab947bb706c8c6e48aaf23225c6014616897,backend,SOURCE_PRESENT_NOT_SEMANTICALLY_OR_RUNTIME_VERIFIED
backend/src/modules/labs/labs.seed.ts,5674,e853ac7e23158df1e142fa95848ea1d02ee254b246628ad9adda998ad9af3be7,backend,SOURCE_PRESENT_NOT_SEMANTICALLY_OR_RUNTIME_VERIFIED
backend/src/modules/labs/labs.service.spec.ts,10322,661b44fda9175761c5b14f0bd883901d5b95d3260f5ba9d9df2b8ceeab8854e1,backend+tests,SOURCE_PRESENT_NOT_SEMANTICALLY_OR_RUNTIME_VERIFIED
backend/src/modules/labs/labs.service.ts,32644,5793ef77acbdf8a78fbf1a4ad758b2c3ff347c190e06173ec33b32ec03c1acca,backend,SOURCE_PRESENT_NOT_SEMANTICALLY_OR_RUNTIME_VERIFIED
backend/src/modules/labs/repositories/labbooking.repository.ts,472,fc16b721a96ec81f78cac8458ef26cefd8c2359b414d4daf3af63ab58bd39af5,backend,SOURCE_PRESENT_NOT_SEMANTICALLY_OR_RUNTIME_VERIFIED
backend/src/modules/labs/repositories/labresult.repository.ts,474,2badc14774628602487f360c32762f05e84a34ec0d7061e1982729295284f0a6,backend,SOURCE_PRESENT_NOT_SEMANTICALLY_OR_RUNTIME_VERIFIED
backend/src/modules/labs/repositories/labsample.repository.ts,467,1c68fe7953fb3dba69dfa95317e3a208c335ab6d05c8c496088b65aa2a1bc7dc,backend,SOURCE_PRESENT_NOT_SEMANTICALLY_OR_RUNTIME_VERIFIED
backend/src/modules/labs/repositories/labservice.repository.ts,472,3d8f5728ec25b369e2cb3a3801a1f9486d8e82533a5547d70b12ceafca179a1d,backend,SOURCE_PRESENT_NOT_SEMANTICALLY_OR_RUNTIME_VERIFIED
backend/src/modules/labs/schemas/lab-booking.schema.ts,2071,28970de12b4f67dc7251b78069bfd9841012bc5d2a2d1ca90dc68c75dca50f99,backend,SOURCE_PRESENT_NOT_SEMANTICALLY_OR_RUNTIME_VERIFIED
backend/src/modules/labs/schemas/lab-catalog.schema.ts,1200,abd92150fb28cc3fc39d3afab8ce59a9bf9ca8050e55968a1411b77d8ca9bf87,backend,SOURCE_PRESENT_NOT_SEMANTICALLY_OR_RUNTIME_VERIFIED
backend/src/modules/legacy/legacy.module.ts,4387,f597dfc0310bfe4f2b885e925d5c4fcc0a048a4925279b92c611843fb339ad72,backend,SOURCE_PRESENT_NOT_SEMANTICALLY_OR_RUNTIME_VERIFIED
backend/src/modules/legal/legal-enterprise.controller.ts,7932,e08501e10135caae24f6bfce9448885940f2b593146dc9515a3d2b381d3ee092,backend,SOURCE_PRESENT_NOT_SEMANTICALLY_OR_RUNTIME_VERIFIED
backend/src/modules/legal/legal-enterprise.service.excel.spec.ts,1333,96ff86d6d3bfbe5fe9558021b7977a9f3696682539aab410698d2b127384e85d,backend+tests,SOURCE_PRESENT_NOT_SEMANTICALLY_OR_RUNTIME_VERIFIED
backend/src/modules/legal/legal-enterprise.service.ts,20988,e19bdb2d4b0ceade6f66b009e6bedad75f1b583e0d8012b3a04ba19f22df4716,backend,SOURCE_PRESENT_NOT_SEMANTICALLY_OR_RUNTIME_VERIFIED
backend/src/modules/legal/legal.module.ts,9599,4e961292862244d099e9f8fd406550945a632cbf5e0bb5bb81bce98d16854bdf,backend,SOURCE_PRESENT_NOT_SEMANTICALLY_OR_RUNTIME_VERIFIED
backend/src/modules/livekit/livekit.controller.ts,3662,25ff050a54efd5048fa12e848cd70638dc7182a753f8b50b72df3325e8f67ce7,backend,SOURCE_PRESENT_NOT_SEMANTICALLY_OR_RUNTIME_VERIFIED
backend/src/modules/livekit/livekit.followup.spec.ts,6407,35f80ae0896dbebc6cab30f8b1547fbb639d0fce987d51d31aa6f36811edad6e,backend+tests,SOURCE_PRESENT_NOT_SEMANTICALLY_OR_RUNTIME_VERIFIED
backend/src/modules/livekit/livekit.module.ts,543,bca32adefda68bec013cca854dc39b7305d0e0b45b30d2581544b6131b464665,backend,SOURCE_PRESENT_NOT_SEMANTICALLY_OR_RUNTIME_VERIFIED
backend/src/modules/livekit/livekit.service.ts,14773,d9463476f7f9aab1961c73702069ba15529d45d26076a82ba368fd35a754f716,backend,SOURCE_PRESENT_NOT_SEMANTICALLY_OR_RUNTIME_VERIFIED
backend/src/modules/livekit/repositories/callmetric.repository.ts,513,1f2f240e76fe3daa1525bdd39fcb6547bfe2827ca711f96f6e903bcc2a92d52d,backend,SOURCE_PRESENT_NOT_SEMANTICALLY_OR_RUNTIME_VERIFIED
backend/src/modules/livekit/repositories/callsession.repository.ts,520,bec48ce636236a4a2d129d643918048787df750d50f0af9ceb23ea6b0c54a604,backend,SOURCE_PRESENT_NOT_SEMANTICALLY_OR_RUNTIME_VERIFIED
backend/src/modules/loyalty/loyalty.controller.ts,2251,69e6f20438dfe0c6285ef766622d8d65b03f5b24fe4fe7de63d41464bce3ac6c,backend,SOURCE_PRESENT_NOT_SEMANTICALLY_OR_RUNTIME_VERIFIED
backend/src/modules/loyalty/loyalty.module.ts,1956,948963bb3fe94ae31c35e90a2475628e0d9740e8f5f4fe5afb821e4f15fdbba3,backend,SOURCE_PRESENT_NOT_SEMANTICALLY_OR_RUNTIME_VERIFIED
backend/src/modules/loyalty/loyalty.service.spec.ts,5199,aa8855526ce246532c06eedf858e7b7745298122dc7959d5b5f75b007f59d943,backend+tests,SOURCE_PRESENT_NOT_SEMANTICALLY_OR_RUNTIME_VERIFIED
backend/src/modules/loyalty/loyalty.service.ts,14965,3e35e156058cd7d25527cf121aa5f5a8879540c2d28fe7179de70ba289db24d7,backend,SOURCE_PRESENT_NOT_SEMANTICALLY_OR_RUNTIME_VERIFIED
backend/src/modules/loyalty/repositories/challengeprogress.repository.ts,484,d8464f515b9c303b78c056df60ac09a899e6df8f85e4a08a348e7805321e8ed0,backend,SOURCE_PRESENT_NOT_SEMANTICALLY_OR_RUNTIME_VERIFIED
backend/src/modules/loyalty/repositories/loyaltyaccount.repository.ts,475,0585422aef7566d85696dca7e933b32c65e8ee85acb3e95174356c36f45a5d7f,backend,SOURCE_PRESENT_NOT_SEMANTICALLY_OR_RUNTIME_VERIFIED
backend/src/modules/loyalty/repositories/loyaltychallenge.repository.ts,481,9ac5ee94490b901501f1d0c4a904fa8f74d6afbdc480f6d34b8a4573588f29f6,backend,SOURCE_PRESENT_NOT_SEMANTICALLY_OR_RUNTIME_VERIFIED
backend/src/modules/loyalty/repositories/loyaltytransaction.repository.ts,487,27e33cc53f5112f3bb3642ae32dd559e23bca6d0d3d28dd754ee3e9b9a3ec85d,backend,SOURCE_PRESENT_NOT_SEMANTICALLY_OR_RUNTIME_VERIFIED
backend/src/modules/loyalty/repositories/reward.repository.ts,451,2f8a1d828d165d1d0df50188b5837b63e91abee68a5e858a5b6b8fe87e559a7e,backend,SOURCE_PRESENT_NOT_SEMANTICALLY_OR_RUNTIME_VERIFIED
backend/src/modules/loyalty/repositories/rewardclaim.repository.ts,466,1d18732cd5c46c6d2f6e09da12b9d6ee8ef84d19b0ce01ed3744cdc009e4cb6e,backend,SOURCE_PRESENT_NOT_SEMANTICALLY_OR_RUNTIME_VERIFIED
backend/src/modules/mail/mail.module.ts,7237,33b0ce0a0e248b53291ea5687dc316761d0adf534949e87f11f0be1b39aa9d04,backend,SOURCE_PRESENT_NOT_SEMANTICALLY_OR_RUNTIME_VERIFIED
backend/src/modules/maternity/maternity.controller.ts,2442,4aa7ac846c751d8068175f4f2a0f6e5384d599737b8e9ed8cec86ba200377896,backend,SOURCE_PRESENT_NOT_SEMANTICALLY_OR_RUNTIME_VERIFIED
backend/src/modules/maternity/maternity.module.ts,727,3d245e40227bec1df19c84dd9077d232fd74dd6feea99e7623a129e0fcd8b210,backend,SOURCE_PRESENT_NOT_SEMANTICALLY_OR_RUNTIME_VERIFIED
backend/src/modules/maternity/maternity.service.spec.ts,2928,413f29daac4d2652818594d3129e310cd019db2f2c5ff9ab5a68f1c1ab182e92,backend+tests,SOURCE_PRESENT_NOT_SEMANTICALLY_OR_RUNTIME_VERIFIED
backend/src/modules/maternity/maternity.service.ts,8274,b2e5412758325b3c74b13beeb7b7186807ef7d5cbfa24c23b378b0e807a439bb,backend,SOURCE_PRESENT_NOT_SEMANTICALLY_OR_RUNTIME_VERIFIED
backend/src/modules/maternity/repositories/maternityprofile.repository.ts,550,ef008632db5b7871e7200f51efb69f2d8e157dfa1661a976ee0b4cf91b5dc642,backend,SOURCE_PRESENT_NOT_SEMANTICALLY_OR_RUNTIME_VERIFIED
backend/src/modules/media/media.contract.spec.ts,3889,473dcb3b2d535c8351bc9c051820dbea56c4b7721eea7fdf1456ab17f41f8269,backend+tests,SOURCE_PRESENT_NOT_SEMANTICALLY_OR_RUNTIME_VERIFIED
backend/src/modules/media/media.controller.spec.ts,953,832617e2b47d50f7e1d396482004eeb87c5c9f00cf74e7f0fd1cda7ee9caabcc,backend+tests,SOURCE_PRESENT_NOT_SEMANTICALLY_OR_RUNTIME_VERIFIED
backend/src/modules/media/media.controller.ts,7932,52a43b052f30327fb3b2d5e55edec79105e2c5c8ad17d09df021b1fbb107aff1,backend,SOURCE_PRESENT_NOT_SEMANTICALLY_OR_RUNTIME_VERIFIED
backend/src/modules/media/media.module.ts,484,d16d21e570d573439fd258216f04d022589fa9b69924ab9fe76eaf5087603134,backend,SOURCE_PRESENT_NOT_SEMANTICALLY_OR_RUNTIME_VERIFIED
backend/src/modules/media/media.schema.ts,1070,3149ed0fcba905aa2af36e4207d1cafbeda5c978482a100adc50fc1c25609056,backend,SOURCE_PRESENT_NOT_SEMANTICALLY_OR_RUNTIME_VERIFIED
backend/src/modules/media/media.service.ts,4163,662c7853c0997da847bd5b35d3315a29aca94a792079f03b2771bbb6df38ce17,backend,SOURCE_PRESENT_NOT_SEMANTICALLY_OR_RUNTIME_VERIFIED
backend/src/modules/medical-profile/medical-profile.controller.ts,2389,420c4d574c134ba7ccfcdc979e1d235b7f4eb43885e3c85be3fc527622a683fc,backend,SOURCE_PRESENT_NOT_SEMANTICALLY_OR_RUNTIME_VERIFIED
backend/src/modules/medical-profile/medical-profile.module.ts,748,b09164808af4cb944effbc93ccda53ffc08db397baf7c0b0be2e2f2879d55750,backend,SOURCE_PRESENT_NOT_SEMANTICALLY_OR_RUNTIME_VERIFIED
backend/src/modules/medical-profile/medical-profile.service.ts,2739,6af39c4905ed73f748b5c1ecb891330f6b435df388ecdfc4bb9691eb107ffcdd,backend,SOURCE_PRESENT_NOT_SEMANTICALLY_OR_RUNTIME_VERIFIED
backend/src/modules/medical-profile/repositories/medicalprofile.repository.ts,504,1833e0bcc6c04f49805c080ca88c77f84c31b94baac933a9e996b036509b45b2,backend,SOURCE_PRESENT_NOT_SEMANTICALLY_OR_RUNTIME_VERIFIED
backend/src/modules/medical-reports/medical-reports.controller.ts,3753,a3320677756dd2e4389ca3c90779fb68ddfa6fd609bd945e24c24c3500eb06c9,backend,SOURCE_PRESENT_NOT_SEMANTICALLY_OR_RUNTIME_VERIFIED
backend/src/modules/medical-reports/medical-reports.module.ts,740,2fcbd7f1e1adeceddd0f8b1ea3dc0af10140cbea18ec5592cc6e298a428faff6,backend,SOURCE_PRESENT_NOT_SEMANTICALLY_OR_RUNTIME_VERIFIED
backend/src/modules/medical-reports/medical-reports.service.ts,3335,bbc4d477d3ab8482226ce3574c1869dbc6a37f2ad17a7163aa846d9e854ba8df,backend,SOURCE_PRESENT_NOT_SEMANTICALLY_OR_RUNTIME_VERIFIED
backend/src/modules/medical-reports/repositories/medicalreport.repository.ts,498,670fa624d6794c6d202df5aae64cdbc68cd886ada9b06ad426a4c2227d249508,backend,SOURCE_PRESENT_NOT_SEMANTICALLY_OR_RUNTIME_VERIFIED
backend/src/modules/medicines/med-i18n.spec.ts,1790,6e616635f408a462cd8c9393ebf8ff00cd30be1ee38f96261a708569de52c64b,backend+tests,SOURCE_PRESENT_NOT_SEMANTICALLY_OR_RUNTIME_VERIFIED
backend/src/modules/medicines/med-i18n.ts,7416,9742f2ffbae5a319b8c77c2f9d99b76cf4f7479d0b4d8f53e3b23fb913f18efb,backend,SOURCE_PRESENT_NOT_SEMANTICALLY_OR_RUNTIME_VERIFIED
backend/src/modules/medicines/medicines.controller.ts,13024,5cf010c48506955ab7e8e4f9f44cb8948b26d9384a1831d27515cc57f5758c03,backend,SOURCE_PRESENT_NOT_SEMANTICALLY_OR_RUNTIME_VERIFIED
backend/src/modules/medicines/medicines.module.ts,711,a1f2dac65dd81545d79b8fca2938fe319c94edc9adff9be104f548f9fb3164f3,backend,SOURCE_PRESENT_NOT_SEMANTICALLY_OR_RUNTIME_VERIFIED
backend/src/modules/medicines/medicines.public-catalog.contract.spec.ts,2252,e038bccebf506b30fd7034b9a3093190063f9a53355505eafb8829eeb16f09c3,backend+tests,SOURCE_PRESENT_NOT_SEMANTICALLY_OR_RUNTIME_VERIFIED
backend/src/modules/medicines/medicines.service.publication.spec.ts,2400,283e9b63ef156cb2104bb5a742d285239996aed825cafe7d758bb5c1d162a8c4,backend+tests,SOURCE_PRESENT_NOT_SEMANTICALLY_OR_RUNTIME_VERIFIED
backend/src/modules/medicines/medicines.service.ts,73756,e9e7d5c329199fa64f2557500c27b740672b1f5f6126ef965ffecd26faa303e4,backend,SOURCE_PRESENT_NOT_SEMANTICALLY_OR_RUNTIME_VERIFIED
backend/src/modules/medicines/repositories/medicine.repository.ts,501,6c4ad6a42dcb53e5193ff19c7ab023abe9856dac64f22ab3d479b4977e83723f,backend,SOURCE_PRESENT_NOT_SEMANTICALLY_OR_RUNTIME_VERIFIED
backend/src/modules/mental-health/mental-health.controller.ts,4315,dd190dff9767c5c62c9fa8df61840dd132cc7d65cb287171e8770c12af29eef8,backend,SOURCE_PRESENT_NOT_SEMANTICALLY_OR_RUNTIME_VERIFIED
backend/src/modules/mental-health/mental-health.module.ts,1514,4992e635c15a607a911b5dce432a98a371d77752d876d7a85cf627ad24530bb9,backend,SOURCE_PRESENT_NOT_SEMANTICALLY_OR_RUNTIME_VERIFIED
backend/src/modules/mental-health/mental-health.service.spec.ts,4825,582e32b8d6f8ec9984d4bb06fdcefe66ab18ddb456fb82a52bf31985d45b3e6c,backend+tests,SOURCE_PRESENT_NOT_SEMANTICALLY_OR_RUNTIME_VERIFIED
backend/src/modules/mental-health/mental-health.service.ts,12345,1d1156642f06bf01b098422ae1277e40b41fc4090c3584258b7a0658680d7a5c,backend,SOURCE_PRESENT_NOT_SEMANTICALLY_OR_RUNTIME_VERIFIED
backend/src/modules/mental-health/repositories/breathingsession.repository.ts,554,c4f54f3ac7e67549166241f1b8d6fca3edc4a2e65f02b1a3010f67835406a7d6,backend,SOURCE_PRESENT_NOT_SEMANTICALLY_OR_RUNTIME_VERIFIED
backend/src/modules/mental-health/repositories/crisiscontact.repository.ts,536,89baea82a660bba4468710270584a9bba63569e78d7ff6d2a04f4d34d13c7129,backend,SOURCE_PRESENT_NOT_SEMANTICALLY_OR_RUNTIME_VERIFIED
backend/src/modules/mental-health/repositories/meditationsession.repository.ts,560,ed45694e4f3687d26ccf08c1c2f0b21b9b606faeb22afa7d6708fc74fad98081,backend,SOURCE_PRESENT_NOT_SEMANTICALLY_OR_RUNTIME_VERIFIED
backend/src/modules/mental-health/repositories/moodentry.repository.ts,512,c46ffdd3747e55f9080e5cf0690ecac33f280a93037473564926bad2bc6b516a,backend,SOURCE_PRESENT_NOT_SEMANTICALLY_OR_RUNTIME_VERIFIED
backend/src/modules/moyasar/moyasar.module.ts,18948,ebfca4d2b18f2ed41a09ddcdf0004caf45333acfec405d77d365e9431610c7e8,backend,SOURCE_PRESENT_NOT_SEMANTICALLY_OR_RUNTIME_VERIFIED
backend/src/modules/moyasar/moyasar.service.ts,189,5f4492133ecd5c6040776095481731358feae6a70cd4bbc26a584dc6e791c2e6,backend,SOURCE_PRESENT_NOT_SEMANTICALLY_OR_RUNTIME_VERIFIED
backend/src/modules/nabd-extensions/nabd-extensions.controller.ts,8011,85d1abde48a99b117b138c1f1acb3591cb17be580ac9dcc53af88ab8379323d4,backend,SOURCE_PRESENT_NOT_SEMANTICALLY_OR_RUNTIME_VERIFIED
backend/src/modules/nabd-extensions/nabd-extensions.module.ts,5832,c9f5ec47648e1a074ce479f4fc87b4ca40bdbbacea7b3632a09f8f77bc76bc4b,backend,SOURCE_PRESENT_NOT_SEMANTICALLY_OR_RUNTIME_VERIFIED
backend/src/modules/nabd-extensions/nabd-extensions.service.ts,30121,c19e76cf89a788158ba485f6acac270611cf3d4ff12c4b11169a47af32d2b125,backend,SOURCE_PRESENT_NOT_SEMANTICALLY_OR_RUNTIME_VERIFIED
backend/src/modules/nabd-extensions/repositories/adplacement.repository.ts,523,f7d5a32415bbb0889121a6b2251d833082c89e434e8bb57be5e97de3c3c70100,backend,SOURCE_PRESENT_NOT_SEMANTICALLY_OR_RUNTIME_VERIFIED
backend/src/modules/nabd-extensions/repositories/appointment.repository.ts,517,5d1ce676e579ac17a6c9db6147188ed025a4934c005265df7fc784f39c5cf9b3,backend,SOURCE_PRESENT_NOT_SEMANTICALLY_OR_RUNTIME_VERIFIED
backend/src/modules/nabd-extensions/repositories/corporateaccount.repository.ts,558,5216c29a7b85092bfb61fadbfe1a475ad20c071f9c534f3b5fbb2dfaf349b52e,backend,SOURCE_PRESENT_NOT_SEMANTICALLY_OR_RUNTIME_VERIFIED
backend/src/modules/nabd-extensions/repositories/featureflag.repository.ts,523,8ebb367516ab6b53b294c896fe1d54cdfca693f5d10d0884360edc355a9b7899,backend,SOURCE_PRESENT_NOT_SEMANTICALLY_OR_RUNTIME_VERIFIED
backend/src/modules/nabd-extensions/repositories/fraudalert.repository.ts,516,193dfeeccf82e063b689c864830a767ebce00689d49e2d5b187f33eceb6e2ecb,backend,SOURCE_PRESENT_NOT_SEMANTICALLY_OR_RUNTIME_VERIFIED
backend/src/modules/nabd-extensions/repositories/labresult.repository.ts,462,819129c4841bb3d715abde98c21c8618fa2765e087c0c67a0edb9bea6e42c08f,backend,SOURCE_PRESENT_NOT_SEMANTICALLY_OR_RUNTIME_VERIFIED
backend/src/modules/nabd-extensions/repositories/order.repository.ts,480,17033cbe1be9edd2efec6aada595c57abd36c931d76a7aac3d19d254da39cec0,backend,SOURCE_PRESENT_NOT_SEMANTICALLY_OR_RUNTIME_VERIFIED
backend/src/modules/nabd-extensions/repositories/prescription.repository.ts,529,cc9cb2400f933f35db0f12a2d4f19bede3913514013138d79d03131efeb69fa9,backend,SOURCE_PRESENT_NOT_SEMANTICALLY_OR_RUNTIME_VERIFIED
backend/src/modules/nabd-extensions/repositories/providerprofile.repository.ts,551,0e689f87af957e6c51b6015e5d9ba0882ea6707b496b4b785dc4313b490f2d82,backend,SOURCE_PRESENT_NOT_SEMANTICALLY_OR_RUNTIME_VERIFIED
backend/src/modules/nabd-extensions/repositories/referralcode.repository.ts,525,3fc7c92027020479d079197f27de3d07878605b08d6976680c24ba29bc6e16b8,backend,SOURCE_PRESENT_NOT_SEMANTICALLY_OR_RUNTIME_VERIFIED
backend/src/modules/nabd-extensions/repositories/referralreward.repository.ts,537,893c54d4f18ebe00ad942b6b6b00a05b80aca98c46e68322b2c0e93e5f6d7c3c,backend,SOURCE_PRESENT_NOT_SEMANTICALLY_OR_RUNTIME_VERIFIED
backend/src/modules/nabd-extensions/repositories/slalog.repository.ts,488,bf918a30a28437ce1a0941dc1ba3f90b7eba668f2e0e6764f5ba744d15912f7f,backend,SOURCE_PRESENT_NOT_SEMANTICALLY_OR_RUNTIME_VERIFIED
backend/src/modules/nabd-extensions/repositories/treatmentprogram.repository.ts,558,8c5e83d923dac7beca03b55d1ca7567c6ee1b267959d92927a308ba701540501,backend,SOURCE_PRESENT_NOT_SEMANTICALLY_OR_RUNTIME_VERIFIED
backend/src/modules/nabd-extensions/repositories/universalactivity.repository.ts,565,8c9f3127777d8296a68ebe0b17f9c2232e15e293be6b5cfebe0ae2ab77c495c6,backend,SOURCE_PRESENT_NOT_SEMANTICALLY_OR_RUNTIME_VERIFIED
backend/src/modules/nabd-extensions/repositories/user.repository.ts,473,810663ec29e799517a445a91b1f0910bc5897c86ff1bea728b30feda1d5f6ca7,backend,SOURCE_PRESENT_NOT_SEMANTICALLY_OR_RUNTIME_VERIFIED
backend/src/modules/nabd-extensions/repositories/vitalreading.repository.ts,467,e4fa24f76f201083c4d521be533d2699cf301836c3e9092512109b245519c68a,backend,SOURCE_PRESENT_NOT_SEMANTICALLY_OR_RUNTIME_VERIFIED
backend/src/modules/nabd-extensions/repositories/wallet.repository.ts,487,37a40efeb3f95832cad9cad6f7de27a77b610c0665d32c8138f420e8e4762087,backend,SOURCE_PRESENT_NOT_SEMANTICALLY_OR_RUNTIME_VERIFIED
backend/src/modules/nabd-extensions/repositories/wallettransaction.repository.ts,553,a3956d42737a14c4ef6c85ee1293a6f8b73df270225ba9d790bc51d551c4fb03,backend,SOURCE_PRESENT_NOT_SEMANTICALLY_OR_RUNTIME_VERIFIED
backend/src/modules/notification/notification.module.ts,333,14d8949a77857eba16657f29ea8ead136afcbf45d745b59068feccdd0a264e48,backend,SOURCE_PRESENT_NOT_SEMANTICALLY_OR_RUNTIME_VERIFIED
backend/src/modules/notification/notification.service.ts,790,bb177fce50a65eb12d1637119af8e018d190fe3d705ffd448cbc017a1ca38058,backend,SOURCE_PRESENT_NOT_SEMANTICALLY_OR_RUNTIME_VERIFIED
backend/src/modules/notifications/notification-delivery.processor.ts,876,f9afc1afdcf0eb906efa4f748f05798aad75a36111a962e734fe1204334f7d5d,backend,SOURCE_PRESENT_NOT_SEMANTICALLY_OR_RUNTIME_VERIFIED
backend/src/modules/notifications/notifications.controller.ts,2261,bc7eb7532401092f1e926c97328ac8c847bd5a6715449f5377c06285b9a32b7d,backend,SOURCE_PRESENT_NOT_SEMANTICALLY_OR_RUNTIME_VERIFIED
backend/src/modules/notifications/notifications.module.ts,1189,8c2480109a498ddb4265e7c50450a539a8fb705152c5487a7b8f34ad6f003cf6,backend,SOURCE_PRESENT_NOT_SEMANTICALLY_OR_RUNTIME_VERIFIED
backend/src/modules/notifications/notifications.service.spec.ts,1280,8fe8ef59fdd3a8e617041910046184257ddbce29f169999064aea67a3195741a,backend+tests,SOURCE_PRESENT_NOT_SEMANTICALLY_OR_RUNTIME_VERIFIED
backend/src/modules/notifications/notifications.service.ts,38532,8a7e14c6f75dd4fe23965a5eb028ffba26be40c20d24dcca9d8ff985facefddb,backend,SOURCE_PRESENT_NOT_SEMANTICALLY_OR_RUNTIME_VERIFIED
backend/src/modules/notifications/processors/mail.processor.ts,716,1a9ea408853c5c663d8c80ff5a512c82a9204ff8b83b3c612b1d899388606daf,backend,SOURCE_PRESENT_NOT_SEMANTICALLY_OR_RUNTIME_VERIFIED
backend/src/modules/notifications/repositories/notification.repository.ts,529,f6a9c2981c414df2493606d3af9474ef1928e0aba78554bbb1eb13c25ed21e5b,backend,SOURCE_PRESENT_NOT_SEMANTICALLY_OR_RUNTIME_VERIFIED
backend/src/modules/nutrition/nutrition.controller.ts,3692,8ba9a04424636583e03a6fc14c5f2ff6609ad23b7a4716628d2800b37814747f,backend,SOURCE_PRESENT_NOT_SEMANTICALLY_OR_RUNTIME_VERIFIED
backend/src/modules/nutrition/nutrition.module.ts,1368,b6212353ac569c9049363560eb92bd6de16fcaf7f9dea4285204695fca1bb191,backend,SOURCE_PRESENT_NOT_SEMANTICALLY_OR_RUNTIME_VERIFIED
backend/src/modules/nutrition/nutrition.service.spec.ts,3181,ab1a13b7ef03cbb2dd6892efc13bfcc7270fa7d449ddac6468710d3b09cde2df,backend+tests,SOURCE_PRESENT_NOT_SEMANTICALLY_OR_RUNTIME_VERIFIED
backend/src/modules/nutrition/nutrition.service.ts,12823,4d6b202f97de04472f5751a84e03f35277423076a0f7a2ff2e168e62eca950e8,backend,SOURCE_PRESENT_NOT_SEMANTICALLY_OR_RUNTIME_VERIFIED
backend/src/modules/nutrition/repositories/exerciselog.repository.ts,520,61ce96d7e6a2fe332bc8e698e1d52a6dea39b901f93befc3eed0711e58d9a5f6,backend,SOURCE_PRESENT_NOT_SEMANTICALLY_OR_RUNTIME_VERIFIED
backend/src/modules/nutrition/repositories/meallog.repository.ts,496,40787f50f4d9813e2eaff2e408900f1795dbd2f3c6c294b6c821bd27c479d75f,backend,SOURCE_PRESENT_NOT_SEMANTICALLY_OR_RUNTIME_VERIFIED
backend/src/modules/nutrition/repositories/nutritionprofile.repository.ts,550,a25ec66431a58df5b688c10fdfda1e607c860048de749ac53f791c962e31a5f0,backend,SOURCE_PRESENT_NOT_SEMANTICALLY_OR_RUNTIME_VERIFIED
backend/src/modules/nutrition/repositories/waterlog.repository.ts,502,3ad5622ce67f0258101633e85cf172eced36ad965b6174120eb47b910f2a979c,backend,SOURCE_PRESENT_NOT_SEMANTICALLY_OR_RUNTIME_VERIFIED
backend/src/modules/ocr/ocr.service.ts,1132,5942d3932679479d2e56d73bc78afb7fefcc850a4199fa257acd776b917f6da6,backend,SOURCE_PRESENT_NOT_SEMANTICALLY_OR_RUNTIME_VERIFIED
backend/src/modules/operations-safety/operations-safety.module.ts,9001,860706096cee7ed802ba73f8896b43152cc0c71129623166e6052ca6711bb097,backend,SOURCE_PRESENT_NOT_SEMANTICALLY_OR_RUNTIME_VERIFIED
backend/src/modules/ops/metrics.interceptor.ts,2219,a3b1e152a154bfdbeb4f4082058cb50243d1feb75b4cd2d0a9a15725036d5d2c,backend,SOURCE_PRESENT_NOT_SEMANTICALLY_OR_RUNTIME_VERIFIED
backend/src/modules/ops/ops.controller.ts,8712,68ad6e88cc58aa338ac9096d9e3e52a5dc56f370a39dd443f1fc5fb87b8a3e44,backend,SOURCE_PRESENT_NOT_SEMANTICALLY_OR_RUNTIME_VERIFIED
backend/src/modules/ops/ops.module.ts,355,74dae32b235288bd0ade2c49afa85004c041bf0764c4865eb74b63b202db81f2,backend,SOURCE_PRESENT_NOT_SEMANTICALLY_OR_RUNTIME_VERIFIED
backend/src/modules/orders/dispatch.service.ts,8946,d1dc9d5dcac865e6d05ad4da300ceb0f393b055c73020283fd0b6644de9c0816,backend,SOURCE_PRESENT_NOT_SEMANTICALLY_OR_RUNTIME_VERIFIED
backend/src/modules/orders/dto/create-order.dto.ts,1140,c8dfef43744e35c02e94d723ad36c07aeb4f945db153be21558a12595492dfad,backend,SOURCE_PRESENT_NOT_SEMANTICALLY_OR_RUNTIME_VERIFIED
backend/src/modules/orders/orders.controller.ts,6435,8f38d1214e85988e6ef6149bedff7161d82dd162140e22ee99e7a7d6d314b03a,backend,SOURCE_PRESENT_NOT_SEMANTICALLY_OR_RUNTIME_VERIFIED
backend/src/modules/orders/orders.idempotency.contract.spec.ts,609,6cac77fe5ac2b5aebf48624ed268763cb0edfaf275d03035718d4ea6886d8794,backend+tests,SOURCE_PRESENT_NOT_SEMANTICALLY_OR_RUNTIME_VERIFIED
backend/src/modules/orders/orders.module.ts,2380,f1b7703f6a206ec0bf0a1f5b7c76e801b67dcddfb86e8682d5f5dde2b25b75eb,backend,SOURCE_PRESENT_NOT_SEMANTICALLY_OR_RUNTIME_VERIFIED
backend/src/modules/orders/orders.ownership.contract.spec.ts,743,1f93e862b820d6125d5db4e23a1cfe3b9fb09271c17d95184525e62da770b2dd,backend+tests,SOURCE_PRESENT_NOT_SEMANTICALLY_OR_RUNTIME_VERIFIED
backend/src/modules/orders/orders.service.refill-delivery.spec.ts,1742,36c3a242f0039741152b153d6c6be5ec1d82956ef0136298d2419250a37adcc7,backend+tests,SOURCE_PRESENT_NOT_SEMANTICALLY_OR_RUNTIME_VERIFIED
backend/src/modules/orders/orders.service.spec.ts,5400,da90467314bd3c866ebb3e98eb7396ff7cd1499c1d35c4c8290b33828b7129ef,backend+tests,SOURCE_PRESENT_NOT_SEMANTICALLY_OR_RUNTIME_VERIFIED
backend/src/modules/orders/orders.service.ts,39916,18cb23bb64ac4f167bb994d55d7a0153aa84101e778337669e44e5b3318c0b1b,backend,SOURCE_PRESENT_NOT_SEMANTICALLY_OR_RUNTIME_VERIFIED
backend/src/modules/orders/repositories/delivery.repository.ts,501,67115431cb732cc71b3e4ef36cb4fad8d24ae2849cfcf7da4515be5861fa27b9,backend,SOURCE_PRESENT_NOT_SEMANTICALLY_OR_RUNTIME_VERIFIED
backend/src/modules/orders/repositories/medicine.repository.ts,501,6c4ad6a42dcb53e5193ff19c7ab023abe9856dac64f22ab3d479b4977e83723f,backend,SOURCE_PRESENT_NOT_SEMANTICALLY_OR_RUNTIME_VERIFIED
backend/src/modules/orders/repositories/order.repository.ts,480,17033cbe1be9edd2efec6aada595c57abd36c931d76a7aac3d19d254da39cec0,backend,SOURCE_PRESENT_NOT_SEMANTICALLY_OR_RUNTIME_VERIFIED
backend/src/modules/orders/repositories/pharmacybid.repository.ts,463,6946d6e4fd21209e53d4e902779bc19c47ea3d727564ae23fe42fd4534fe9d0c,backend,SOURCE_PRESENT_NOT_SEMANTICALLY_OR_RUNTIME_VERIFIED
backend/src/modules/orders/repositories/pharmacyinventory.repository.ts,556,79beccd917c3a41067cc42c19945ba2164ad94b9eb74c95965c4f85477c24630,backend,SOURCE_PRESENT_NOT_SEMANTICALLY_OR_RUNTIME_VERIFIED
backend/src/modules/orders/repositories/providerprofile.repository.ts,551,0e689f87af957e6c51b6015e5d9ba0882ea6707b496b4b785dc4313b490f2d82,backend,SOURCE_PRESENT_NOT_SEMANTICALLY_OR_RUNTIME_VERIFIED
backend/src/modules/patient-ux/patient-ux.module.ts,15199,d2e1ac0b7be7e5b93ea54141c51937e8aa8fa22242b8d7018566873338e3140a,backend,SOURCE_PRESENT_NOT_SEMANTICALLY_OR_RUNTIME_VERIFIED
backend/src/modules/patient-ux/patient-ux.service.spec.ts,5247,0319b36fe3d78bfd9ec8ee4501349da392d3363f72982497dbb8189e35b47c4e,backend+tests,SOURCE_PRESENT_NOT_SEMANTICALLY_OR_RUNTIME_VERIFIED
backend/src/modules/payments/payments-idor.spec.ts,6500,6e09797fd9f0a8a41163b3c3d115f211255ad950af838280b6f42f97239c04dd,backend+tests,SOURCE_PRESENT_NOT_SEMANTICALLY_OR_RUNTIME_VERIFIED
backend/src/modules/payments/payments.module.ts,25020,c1d30116a9b35d0c028c0b0df7d14445752635ed8167ecf19e6c0ee28ae9ad85,backend,SOURCE_PRESENT_NOT_SEMANTICALLY_OR_RUNTIME_VERIFIED
backend/src/modules/payments/paymob.controller.ts,1000,617316b47134e172891951108b62a8ecf2598cf4292f08c9df1058a91986e34d,backend,SOURCE_PRESENT_NOT_SEMANTICALLY_OR_RUNTIME_VERIFIED
backend/src/modules/payments/paymob.module.ts,324,27fd20e781b4fa4a9e559b5de14a68f6a6c2d2826af7ead324fb5f109a1961df,backend,SOURCE_PRESENT_NOT_SEMANTICALLY_OR_RUNTIME_VERIFIED
backend/src/modules/payments/paymob.service.ts,6557,e05823a0cc894253580b5fcfc70208b01b6a1f8318a643fdfc2df1e960607e1b,backend,SOURCE_PRESENT_NOT_SEMANTICALLY_OR_RUNTIME_VERIFIED
backend/src/modules/payouts/provider-payouts.controller.spec.ts,3456,e33e5c25ecf1070a67f5090a9e69ab2037e9204a0e2f21c461b43f35e2a57c6a,backend+tests,SOURCE_PRESENT_NOT_SEMANTICALLY_OR_RUNTIME_VERIFIED
backend/src/modules/payouts/provider-payouts.controller.ts,6699,ca0b8693f52a38b6995a6a92cd3677298335b3d06b0c600a3c213790437e6242,backend,SOURCE_PRESENT_NOT_SEMANTICALLY_OR_RUNTIME_VERIFIED
backend/src/modules/pharmacy/controllers/admin-procurement.controller.ts,2802,88891628c13786d1a52c3f574063fa98991e2d15d836b7ef8b287b953f819124,backend,SOURCE_PRESENT_NOT_SEMANTICALLY_OR_RUNTIME_VERIFIED
backend/src/modules/pharmacy/controllers/procurement.controller.ts,7097,76b09941fe58e09051fcc31526113b4581977c250efbe17f1e18979d1e4ddd3c,backend,SOURCE_PRESENT_NOT_SEMANTICALLY_OR_RUNTIME_VERIFIED
backend/src/modules/pharmacy/dto/admin-create-quotation.dto.ts,640,e91b8fc8194dff5d02489f011b8cd17ee50efe18f7c24d96202c3b9824be261a,backend,SOURCE_PRESENT_NOT_SEMANTICALLY_OR_RUNTIME_VERIFIED
backend/src/modules/pharmacy/dto/create-procurement-request.dto.ts,561,06653eda3cf0a41ee3fe6cb88fd321b39dbcebc2ab53ed9627999fede84079d9,backend,SOURCE_PRESENT_NOT_SEMANTICALLY_OR_RUNTIME_VERIFIED
backend/src/modules/pharmacy/dto/pharmacy-quotation-feedback.dto.ts,425,1a9dddb501114ba5ec450680bfde3f1f69fb74527825ee82cab74f394f47b075,backend,SOURCE_PRESENT_NOT_SEMANTICALLY_OR_RUNTIME_VERIFIED
backend/src/modules/pharmacy/enums/procurement-status.enum.ts,246,69d484d130e6b88235aca7e0f22c7d2b3fac2c47ce8e02df5576fb43cfb176ed,backend,SOURCE_PRESENT_NOT_SEMANTICALLY_OR_RUNTIME_VERIFIED
backend/src/modules/pharmacy/patient-pharmacy.controller.ts,597,75d71fced8a5f6c0dfbe7c33ec8123518360912c5db3990058b2a5f9ca6b8552,backend,SOURCE_PRESENT_NOT_SEMANTICALLY_OR_RUNTIME_VERIFIED
backend/src/modules/pharmacy/pharmacy.controllers.spec.ts,1795,38688c9b85e41cb60e2e0b724853a2772c6629d1df3ed987c3bc8bdf6a79f17f,backend+tests,SOURCE_PRESENT_NOT_SEMANTICALLY_OR_RUNTIME_VERIFIED
backend/src/modules/pharmacy/pharmacy.controllers.ts,13406,52abc756be7dc62acdb9cb43a1e4201fcce60d572d97a676d7f934cb0f4783b8,backend,SOURCE_PRESENT_NOT_SEMANTICALLY_OR_RUNTIME_VERIFIED
backend/src/modules/pharmacy/pharmacy.module.ts,8427,ee45c85c3a5db9600a5720d8c70f68bf0fe984accc0b79c513314b1a9cd898fc,backend,SOURCE_PRESENT_NOT_SEMANTICALLY_OR_RUNTIME_VERIFIED
backend/src/modules/pharmacy/schemas/pharmacy.schema.ts,22443,9ffb6933d33a2c13c2e4266b890deb9fda8c707996fc084d8f07baef548ac1e5,backend,SOURCE_PRESENT_NOT_SEMANTICALLY_OR_RUNTIME_VERIFIED
backend/src/modules/pharmacy/schemas/procurement-request.schema.ts,1453,eeb4db2d42ba4f59f8de484c001f82977cd009815cac601cdde3c168835efa08,backend,SOURCE_PRESENT_NOT_SEMANTICALLY_OR_RUNTIME_VERIFIED
backend/src/modules/pharmacy/schemas/quotation.schema.ts,1108,e5b010b21e51d967d642a89e83ceedac72f2d00a70d4ae95b2b79746d6da452d,backend,SOURCE_PRESENT_NOT_SEMANTICALLY_OR_RUNTIME_VERIFIED
backend/src/modules/pharmacy/services/pharmacy-allocation.service.ts,19002,6604bbb76ed2ee6067e46474859a318e602206be22fca2edabb4771e33a619e1,backend,SOURCE_PRESENT_NOT_SEMANTICALLY_OR_RUNTIME_VERIFIED
backend/src/modules/pharmacy/services/pharmacy-broadcast.service.ts,40215,7d90fdf0075a63fa3e0dd681b7bdb83ca9d2ef3f61689c33b48260bc4a9010e3,backend,SOURCE_PRESENT_NOT_SEMANTICALLY_OR_RUNTIME_VERIFIED
backend/src/modules/pharmacy/services/pharmacy-chat.service.ts,9640,a2a7c1deed5a91c6632d41bb9d55a6701aa3e6973d0870e008070af2f03a5559,backend,SOURCE_PRESENT_NOT_SEMANTICALLY_OR_RUNTIME_VERIFIED
backend/src/modules/pharmacy/services/pharmacy-inventory-ext.service.ts,3923,f213b6e8ed37af48c7a327e9515c9b24885bc876f1ba3ba61d45b8a1e7ced323,backend,SOURCE_PRESENT_NOT_SEMANTICALLY_OR_RUNTIME_VERIFIED
backend/src/modules/pharmacy/services/pharmacy-notification.service.ts,5429,224866beb88273c19b75334e3a4256344c7d9023abc6825f9e0f6e747c2743e0,backend,SOURCE_PRESENT_NOT_SEMANTICALLY_OR_RUNTIME_VERIFIED
backend/src/modules/pharmacy/services/pharmacy-order.service.ts,13150,00f9fd05f53d65a666d4423e1440b2def2f1c63efda9b3433ac35a02b396c72d,backend,SOURCE_PRESENT_NOT_SEMANTICALLY_OR_RUNTIME_VERIFIED
backend/src/modules/pharmacy/services/pharmacy-orders-provider.service.ts,9327,74e4e7b14e7d7ea78ebce46c2673269d471c483bb3ca00112a81f463d65877cb,backend,SOURCE_PRESENT_NOT_SEMANTICALLY_OR_RUNTIME_VERIFIED
backend/src/modules/pharmacy/services/pharmacy-seed.service.ts,6982,930e067dfa231b6fe6f8bb15c6260a6d59406b421cb218faaa43cf85c7e7e999,backend,SOURCE_PRESENT_NOT_SEMANTICALLY_OR_RUNTIME_VERIFIED
backend/src/modules/pharmacy/services/pharmacy-shortage.service.spec.ts,5688,54437c0fe4018940e518dad9c791c0aaeec014501388f9e36e0f8b354cbec425,backend+tests,SOURCE_PRESENT_NOT_SEMANTICALLY_OR_RUNTIME_VERIFIED
backend/src/modules/pharmacy/services/pharmacy-shortage.service.ts,10285,5956a2fb5a7941d687950570fbf298640e2bca92bcfaa0810a56b9939b85dd0f,backend,SOURCE_PRESENT_NOT_SEMANTICALLY_OR_RUNTIME_VERIFIED
backend/src/modules/pharmacy/services/procurement.service.ts,10002,73418beb5dd674f4d90df5188a5ea785641be50a794bbd859e1155f479912527,backend,SOURCE_PRESENT_NOT_SEMANTICALLY_OR_RUNTIME_VERIFIED
backend/src/modules/pharmacy/services/repositories/drugrejectionlog.repository.ts,565,01ad2ea8c10f14e2b5115309becfcb62caf4b43d2fbea9572aeacbca3e5dd04a,backend,SOURCE_PRESENT_NOT_SEMANTICALLY_OR_RUNTIME_VERIFIED
backend/src/modules/pharmacy/services/repositories/drugshortageflag.repository.ts,505,bc6723dd05cddd8a420486f4a81f96c1772c7609b8371bc0df6311c4f6e73283,backend,SOURCE_PRESENT_NOT_SEMANTICALLY_OR_RUNTIME_VERIFIED
backend/src/modules/pharmacy/services/repositories/medicine.repository.ts,505,35f7a30bdccb0d425cf50765df35661bc8b8668984d597711e11eefd421170b2,backend,SOURCE_PRESENT_NOT_SEMANTICALLY_OR_RUNTIME_VERIFIED
backend/src/modules/pharmacy/services/repositories/pharmacyallocation.repository.ts,515,185129a4d86cc7f24e64d421900df3d771f6e97e8679e8fd144c362b1b603474,backend,SOURCE_PRESENT_NOT_SEMANTICALLY_OR_RUNTIME_VERIFIED
backend/src/modules/pharmacy/services/repositories/pharmacybroadcast.repository.ts,510,ad5e9ff9e6db070cfff1e8063760a10ab8a36fe67e13429e939daafcd47dd5b8,backend,SOURCE_PRESENT_NOT_SEMANTICALLY_OR_RUNTIME_VERIFIED
backend/src/modules/pharmacy/services/repositories/pharmacychatmessage.repository.ts,520,05d8ff878647718570fba38154e2e1be2b0650261e2751d58ca7bfe202205c2d,backend,SOURCE_PRESENT_NOT_SEMANTICALLY_OR_RUNTIME_VERIFIED
backend/src/modules/pharmacy/services/repositories/pharmacychatthread.repository.ts,515,f28e03fdea665aa470c9cd37986d5215ae6f3271de5c157b009070d8df8ee158,backend,SOURCE_PRESENT_NOT_SEMANTICALLY_OR_RUNTIME_VERIFIED
backend/src/modules/pharmacy/services/repositories/pharmacyinventoryitem.repository.ts,546,4b948a5c18a468af9c4ba860635e6d8d53cfc6bbc602186661d39c7295158ac5,backend,SOURCE_PRESENT_NOT_SEMANTICALLY_OR_RUNTIME_VERIFIED
backend/src/modules/pharmacy/services/repositories/pharmacylowstockalert.repository.ts,530,61c88ae94ec19a7c3e2799653376d0987bf75ac65be12488597217ff1a577c15,backend,SOURCE_PRESENT_NOT_SEMANTICALLY_OR_RUNTIME_VERIFIED
backend/src/modules/pharmacy/services/repositories/pharmacyorder.repository.ts,490,aa7d16ec71a95e75fa8368f5aaedbe534fa7f54977e642d11526b460c0b3a0a7,backend,SOURCE_PRESENT_NOT_SEMANTICALLY_OR_RUNTIME_VERIFIED
backend/src/modules/pharmacy/services/repositories/procurementrequest.repository.ts,570,935eff0c9602e6119da4fadafb8e10449c88220011714ebb30951dfb9a615b64,backend,SOURCE_PRESENT_NOT_SEMANTICALLY_OR_RUNTIME_VERIFIED
backend/src/modules/pharmacy/services/repositories/provideraccount.repository.ts,496,cb63a6c1c63c44a102b62851379eb448caf240c05f45534d8ba8b1bc0d1b6d55,backend,SOURCE_PRESENT_NOT_SEMANTICALLY_OR_RUNTIME_VERIFIED
backend/src/modules/pharmacy/services/repositories/provideraccountprofile.repository.ts,507,07db70cad73cc138e8093295f1061993c61008bb140b49075d66e265a3d077d7,backend,SOURCE_PRESENT_NOT_SEMANTICALLY_OR_RUNTIME_VERIFIED
backend/src/modules/pharmacy/services/repositories/provideravailability.repository.ts,644,d69bd834aaa1b3542c9ddb44e5ef08b0e4487027d083a068934ba920087a47d8,backend,SOURCE_PRESENT_NOT_SEMANTICALLY_OR_RUNTIME_VERIFIED
backend/src/modules/pharmacy/services/repositories/providerscoresnapshot.repository.ts,546,633ee0a8f019a12d4a2e90a118fbe49cb6371ecabfafde58477f48eeceaf521d,backend,SOURCE_PRESENT_NOT_SEMANTICALLY_OR_RUNTIME_VERIFIED
backend/src/modules/pharmacy/services/repositories/quotation.repository.ts,468,ad5e2e5f394a09950899defa97518afc10958057ec4ba24e2dad100b2c49c53e,backend,SOURCE_PRESENT_NOT_SEMANTICALLY_OR_RUNTIME_VERIFIED
backend/src/modules/pharmacy/services/repositories/systemconfig.repository.ts,534,31dabd7868882bcb45a186bc9359d85fbe8301fc276393049e04bb375065813f,backend,SOURCE_PRESENT_NOT_SEMANTICALLY_OR_RUNTIME_VERIFIED
backend/src/modules/pharmacy/services/smart-split.service.ts,19658,0a9a63b93d58c2a1f7f7add9bd250f745cf86795fff92dbd490644b00bc26a37,backend,SOURCE_PRESENT_NOT_SEMANTICALLY_OR_RUNTIME_VERIFIED
backend/src/modules/pharmacy/tests/pharmacy-broadcast.service.spec.ts,11495,d89014a16f7e9c8315a19b4280bbe8bf3e382c8545eb6930ddf5c6af48674b50,backend+tests,SOURCE_PRESENT_NOT_SEMANTICALLY_OR_RUNTIME_VERIFIED
backend/src/modules/pharmacy/tests/procurement.service.spec.ts,8589,b8ccf6cde527dd9dfa4d168ec5a608613456ce4983cfd32fa22021fa97ebf97c,backend+tests,SOURCE_PRESENT_NOT_SEMANTICALLY_OR_RUNTIME_VERIFIED
backend/src/modules/pharmacy_ops/pharmacy_ops.controller.ts,7132,f92daee9ca0e4ce3560f90c7e9c6f50c2272e53648db3dbdb9c72a9563c54b46,backend,SOURCE_PRESENT_NOT_SEMANTICALLY_OR_RUNTIME_VERIFIED
backend/src/modules/pharmacy_ops/pharmacy_ops.module.ts,1544,5538673c3392cc155ca0ad526251702c2f35593b699c91c235d82cf6743b1ac6,backend,SOURCE_PRESENT_NOT_SEMANTICALLY_OR_RUNTIME_VERIFIED
backend/src/modules/pharmacy_ops/pharmacy_ops.service.ts,11922,57228f10125786b89eb65e114e02c0023c9a73d5853ae8f82d014bcff83010b8,backend,SOURCE_PRESENT_NOT_SEMANTICALLY_OR_RUNTIME_VERIFIED
backend/src/modules/pharmacy_ops/repositories/medicine.repository.ts,501,6c4ad6a42dcb53e5193ff19c7ab023abe9856dac64f22ab3d479b4977e83723f,backend,SOURCE_PRESENT_NOT_SEMANTICALLY_OR_RUNTIME_VERIFIED
backend/src/modules/pharmacy_ops/repositories/order.repository.ts,480,17033cbe1be9edd2efec6aada595c57abd36c931d76a7aac3d19d254da39cec0,backend,SOURCE_PRESENT_NOT_SEMANTICALLY_OR_RUNTIME_VERIFIED
backend/src/modules/pharmacy_ops/repositories/pharmacyinventory.repository.ts,556,79beccd917c3a41067cc42c19945ba2164ad94b9eb74c95965c4f85477c24630,backend,SOURCE_PRESENT_NOT_SEMANTICALLY_OR_RUNTIME_VERIFIED
backend/src/modules/prescriptions/prescriptions.authorization.spec.ts,14135,3c29dc5c8630ce1a56865d168af77db1178fa4c0f420b01c7cf379ba5084cb3b,backend+tests,SOURCE_PRESENT_NOT_SEMANTICALLY_OR_RUNTIME_VERIFIED
backend/src/modules/prescriptions/prescriptions.controller.ts,2307,c8ac79627dbf11cb15f94b8a22f8f514ac39b1c6e18ecfd8267bc073a03b34fd,backend,SOURCE_PRESENT_NOT_SEMANTICALLY_OR_RUNTIME_VERIFIED
backend/src/modules/prescriptions/prescriptions.module.ts,1125,306f55a9992a1ddbd189a9d2c81d64cb618ad6f37842be48bd01890cd3ef92a4,backend,SOURCE_PRESENT_NOT_SEMANTICALLY_OR_RUNTIME_VERIFIED
backend/src/modules/prescriptions/prescriptions.service.ts,15231,62a52f72c61993ddf95fb89f7db5da6cc8521d6145339d20c09e7559068fd7eb,backend,SOURCE_PRESENT_NOT_SEMANTICALLY_OR_RUNTIME_VERIFIED
backend/src/modules/prescriptions/repositories/prescription.repository.ts,529,cc9cb2400f933f35db0f12a2d4f19bede3913514013138d79d03131efeb69fa9,backend,SOURCE_PRESENT_NOT_SEMANTICALLY_OR_RUNTIME_VERIFIED
backend/src/modules/presence/presence.module.ts,281,18d13f962ca22d8445548979dde750e1533293d377d7cf277be707dedf0660b4,backend,SOURCE_PRESENT_NOT_SEMANTICALLY_OR_RUNTIME_VERIFIED
backend/src/modules/presence/presence.service.ts,2915,ccc120155f3a8627e6e584ff916ca118a771c367f69d39f53f65ec06d9aa9d59,backend,SOURCE_PRESENT_NOT_SEMANTICALLY_OR_RUNTIME_VERIFIED
backend/src/modules/provider-jobs/provider-jobs.module.ts,17468,e8e6342480f89ba8f31cd009ea488908cf5b8af0341601333700c4b618b9cadd,backend,SOURCE_PRESENT_NOT_SEMANTICALLY_OR_RUNTIME_VERIFIED
backend/src/modules/provider-onboarding/contract-pdf.service.ts,11284,a64d40133baaab445692885ce66f8c63db8c194ce4ce1220ece9453c36d763af,backend,SOURCE_PRESENT_NOT_SEMANTICALLY_OR_RUNTIME_VERIFIED
backend/src/modules/provider-onboarding/provider-onboarding.module.ts,24707,c2ff7bad3f093a19d6366af9e0ffcda096e3e019f12c078508d4b1c102c57c13,backend,SOURCE_PRESENT_NOT_SEMANTICALLY_OR_RUNTIME_VERIFIED
backend/src/modules/provider-ops/provider-ops.module.ts,36334,ff60fa2168077cddf3e2ad7a189566a0662c733d2c5dfc1264fea196c1990e4f,backend,SOURCE_PRESENT_NOT_SEMANTICALLY_OR_RUNTIME_VERIFIED
backend/src/modules/provider-production/provider-production.module.ts,26322,b98697d5e1b3f01dfbe367a02d41d335edeffb83900681bb327bddcf2722a8bd,backend,SOURCE_PRESENT_NOT_SEMANTICALLY_OR_RUNTIME_VERIFIED
backend/src/modules/provider/leave-requests.controller.ts,2547,a1e2807cd3bb76553a1eb006e42347717a6476b502d4519fafaf75a641620e7f,backend,SOURCE_PRESENT_NOT_SEMANTICALLY_OR_RUNTIME_VERIFIED
backend/src/modules/provider/provider-requests.doctor-contract.spec.ts,3591,6854a8c982d18e210ff8ff5623f3de7d53e087be178caaea04424cbbcc2d2616,backend+tests,SOURCE_PRESENT_NOT_SEMANTICALLY_OR_RUNTIME_VERIFIED
backend/src/modules/provider/provider.controllers.ts,28611,90f2b6220759a351a2acbefc1a7b09268590d43ac6a705811acd2f54a3001c28,backend,SOURCE_PRESENT_NOT_SEMANTICALLY_OR_RUNTIME_VERIFIED
backend/src/modules/provider/provider.enums.ts,7813,a68011e7579a4c890567ce415243e01da7c6534449e61046b887d643cb6a8773,backend,SOURCE_PRESENT_NOT_SEMANTICALLY_OR_RUNTIME_VERIFIED
backend/src/modules/provider/provider.module.ts,12361,f95e11086a820c0f4152de0738ac96d97355db5ba7d07f03a7b00d9107dfa78f,backend,SOURCE_PRESENT_NOT_SEMANTICALLY_OR_RUNTIME_VERIFIED
backend/src/modules/provider/schemas/capabilities.schema.ts,10259,a12c9d64ae68cea04bc4e10ea894450c13d860d40b68baea6a709705f15dbc3a,backend,SOURCE_PRESENT_NOT_SEMANTICALLY_OR_RUNTIME_VERIFIED
backend/src/modules/provider/schemas/delta.schema.ts,899,4dfaa5f9b3144877bcfcce9ed9513900314928537f82887e8e6a3efa913767c8,backend,SOURCE_PRESENT_NOT_SEMANTICALLY_OR_RUNTIME_VERIFIED
backend/src/modules/provider/schemas/index.ts,11702,c3dbfa07dd0d9157962c356b5d181584a35f1e90f88b6ac091578f52769bfcfd,backend,SOURCE_PRESENT_NOT_SEMANTICALLY_OR_RUNTIME_VERIFIED
backend/src/modules/provider/schemas/requests.schema.ts,6480,37acc8bac959c37e748a53e054f7c58dc262b2351d34be8d32f44e651cb85414,backend,SOURCE_PRESENT_NOT_SEMANTICALLY_OR_RUNTIME_VERIFIED
backend/src/modules/provider/services/assignment-strategy.service.ts,11249,285c3b58de81b202b6a75536022433dfb0e24fbbc72adb741c440d42d218036f,backend,SOURCE_PRESENT_NOT_SEMANTICALLY_OR_RUNTIME_VERIFIED
backend/src/modules/provider/services/geo-engine.service.ts,2052,1eae4a59e8a843db8c1d052c24cba5f09b99e2041e61b3060302ed2029797be7,backend,SOURCE_PRESENT_NOT_SEMANTICALLY_OR_RUNTIME_VERIFIED
backend/src/modules/provider/services/provider-admin.service.ts,10969,1694f07d5bb4e0e1e27cc5afb38f1bf62c9628e810638e666de44e88d3fe1aa2,backend,SOURCE_PRESENT_NOT_SEMANTICALLY_OR_RUNTIME_VERIFIED
backend/src/modules/provider/services/provider-auth.service.ts,12323,058dbe7ae7a347abd3707698bf196b029169287e1445f90c269259fbabbf6226,backend,SOURCE_PRESENT_NOT_SEMANTICALLY_OR_RUNTIME_VERIFIED
backend/src/modules/provider/services/provider-dashboard.service.ts,4909,b338dffaf9f0bb6656e2ae822c3b301a2caec22aceba9fb4311891ae0734f9c8,backend,SOURCE_PRESENT_NOT_SEMANTICALLY_OR_RUNTIME_VERIFIED
backend/src/modules/provider/services/provider-image-processor.service.ts,12222,8b015c4902c11bda40470a9945f68e3d209525fdaf559a02faafaa78673d8415,backend,SOURCE_PRESENT_NOT_SEMANTICALLY_OR_RUNTIME_VERIFIED
backend/src/modules/provider/services/provider-mailer.service.ts,3858,89ed0f554e7bdd2cd7f081f2b401f8845c5a77260f0d804e8cf65b640673d62d,backend,SOURCE_PRESENT_NOT_SEMANTICALLY_OR_RUNTIME_VERIFIED
backend/src/modules/provider/services/provider-matching.service.ts,9166,93e6d97a46e3e4c03ac6d676becfd8fdb33deb4c96ecd867935aefe67412d44e,backend,SOURCE_PRESENT_NOT_SEMANTICALLY_OR_RUNTIME_VERIFIED
backend/src/modules/provider/services/provider-notifications.service.ts,2324,9a64838a33cf582faf59a2b0a5744246499bb8953f32f4165cfff6c16e0ac81d,backend,SOURCE_PRESENT_NOT_SEMANTICALLY_OR_RUNTIME_VERIFIED
backend/src/modules/provider/services/provider-operators.service.ts,6971,d6a3e1d47b241c11d544cc24a6436526fcf81198ac4d4f77110a9a6145f27f15,backend,SOURCE_PRESENT_NOT_SEMANTICALLY_OR_RUNTIME_VERIFIED
backend/src/modules/provider/services/provider-otp.service.ts,6976,339a6cc38e1f1ffdfa3af8b3521316ae8a6f270fa0580b7572494a3b5e00fddc,backend,SOURCE_PRESENT_NOT_SEMANTICALLY_OR_RUNTIME_VERIFIED
backend/src/modules/provider/services/provider-profile.service.ts,14218,cce9d156359264b3985477b9ffeafdc7d8db8ac455d9f6c74e04189edacbcc75,backend,SOURCE_PRESENT_NOT_SEMANTICALLY_OR_RUNTIME_VERIFIED
backend/src/modules/provider/services/provider-request-engine.service.assignment.spec.ts,2157,bafdaeda50c0c8b889f76aa9e3708a72f8d85c653c4990c84695377e6a582753,backend+tests,SOURCE_PRESENT_NOT_SEMANTICALLY_OR_RUNTIME_VERIFIED
backend/src/modules/provider/services/provider-request-engine.service.ts,10886,b5b020ba9e99d712fab67911270b0ea8959f394807619d216f50dde2f04a0b69,backend,SOURCE_PRESENT_NOT_SEMANTICALLY_OR_RUNTIME_VERIFIED
backend/src/modules/provider/services/provider-schedule.service.ts,2368,2644994984a6a9b222a9b7dd6f299145b086fee4fe9d885af95fd2336a4a67f1,backend,SOURCE_PRESENT_NOT_SEMANTICALLY_OR_RUNTIME_VERIFIED
backend/src/modules/provider/services/provider-scoring.service.ts,4892,1b4e47ab657101e39f2a27b5f2e9f5bfb83ec2b75e90249934234b75562a2ef3,backend,SOURCE_PRESENT_NOT_SEMANTICALLY_OR_RUNTIME_VERIFIED
backend/src/modules/provider/services/provider-seed.service.ts,15998,a8e354c1d3224d0f417584a28f7a97003e4f2185b97535c1695f32af970349eb,backend,SOURCE_PRESENT_NOT_SEMANTICALLY_OR_RUNTIME_VERIFIED
backend/src/modules/provider/services/repositories/doctorsessiontype.repository.ts,494,6fcdb62a1d466438dae5182905c42194cf100ba67ce9be2dbeacd696314884c6,backend,SOURCE_PRESENT_NOT_SEMANTICALLY_OR_RUNTIME_VERIFIED
backend/src/modules/provider/services/repositories/homecareservicecatalogitem.repository.ts,539,e8eab7b171855940787cf90db5cbc0f00d6fbe2712fc149ffbb3cd8d470b5702,backend,SOURCE_PRESENT_NOT_SEMANTICALLY_OR_RUNTIME_VERIFIED
backend/src/modules/provider/services/repositories/imageprocessingjob.repository.ts,577,592d5016c4e8ebbca2c44c0ee261366edcdfc9bb06a3ccd5e5185bdbe75a7889,backend,SOURCE_PRESENT_NOT_SEMANTICALLY_OR_RUNTIME_VERIFIED
backend/src/modules/provider/services/repositories/labtestcatalogitem.repository.ts,499,715c38ea2e3183028f3d95e7646e2935f0f111f2edc3ad82544be01475986384,backend,SOURCE_PRESENT_NOT_SEMANTICALLY_OR_RUNTIME_VERIFIED
backend/src/modules/provider/services/repositories/pharmacyinventoryitem.repository.ts,514,b76230305dd9547b3a9b4176101e37410de54e3fc21f623bf797721e18e21e44,backend,SOURCE_PRESENT_NOT_SEMANTICALLY_OR_RUNTIME_VERIFIED
backend/src/modules/provider/services/repositories/profileimageauditlog.repository.ts,592,c727fea60806589401e3a921409b84ecc35c4bd84ea0e4d34d5cac9b558abee8,backend,SOURCE_PRESENT_NOT_SEMANTICALLY_OR_RUNTIME_VERIFIED
backend/src/modules/provider/services/repositories/profileimagemetadata.repository.ts,591,9f0423a07c60062e9c8b8719416821cb682c652ef09e50790f7b716bcfc88f1e,backend,SOURCE_PRESENT_NOT_SEMANTICALLY_OR_RUNTIME_VERIFIED
backend/src/modules/provider/services/repositories/provideraccount.repository.ts,484,184f958e052892c6fdc31344801666ffc090681abcfcbdacbbfef508088001a3,backend,SOURCE_PRESENT_NOT_SEMANTICALLY_OR_RUNTIME_VERIFIED
backend/src/modules/provider/services/repositories/provideraccountprofile.repository.ts,495,41286ae8c55085ed5b35356c5b3066ba3d0665682090188b660c32dd27e17421,backend,SOURCE_PRESENT_NOT_SEMANTICALLY_OR_RUNTIME_VERIFIED
backend/src/modules/provider/services/repositories/providerassignmentattempt.repository.ts,534,ffcdc3950d833b4da08540561c325eb027f8b5eccfecd4962074612fce83ae9f,backend,SOURCE_PRESENT_NOT_SEMANTICALLY_OR_RUNTIME_VERIFIED
backend/src/modules/provider/services/repositories/providerauditlog.repository.ts,464,671c26e264162b67cbe5068f3c3770de82e9c3597b082807c7b0af2944c8514f,backend,SOURCE_PRESENT_NOT_SEMANTICALLY_OR_RUNTIME_VERIFIED
backend/src/modules/provider/services/repositories/provideravailability.repository.ts,630,9c72f84769efb01a47096af4afcdcbe63955ffb3921c0186407d9cdd86ab4399,backend,SOURCE_PRESENT_NOT_SEMANTICALLY_OR_RUNTIME_VERIFIED
backend/src/modules/provider/services/repositories/providerbankaccount.repository.ts,504,dc54d1a0e88c5f50a7bdf20fae9acbca870143d36181267ee03e32b9342623c7,backend,SOURCE_PRESENT_NOT_SEMANTICALLY_OR_RUNTIME_VERIFIED
backend/src/modules/provider/services/repositories/providerdeliveryzone.repository.ts,509,20d55f014ed13e175467f26fd9c90859eedbbcaf5f33f116ff859807510acf00,backend,SOURCE_PRESENT_NOT_SEMANTICALLY_OR_RUNTIME_VERIFIED
backend/src/modules/provider/services/repositories/providerdocument.repository.ts,489,2ac7a0c8a5af8c9357d868488f4186f27a078c254ea3e88a7edd27e0d3a37e73,backend,SOURCE_PRESENT_NOT_SEMANTICALLY_OR_RUNTIME_VERIFIED
backend/src/modules/provider/services/repositories/providernotification.repository.ts,509,85e1a5dec764fb473358cd3ab74e55e8cc85318e3a5c027caac2a07522e3a3c8,backend,SOURCE_PRESENT_NOT_SEMANTICALLY_OR_RUNTIME_VERIFIED
backend/src/modules/provider/services/repositories/provideroperator.repository.ts,489,35c7669211671c2351f48999c0c50eba98af81b3131522d1644ea1d5daeac773,backend,SOURCE_PRESENT_NOT_SEMANTICALLY_OR_RUNTIME_VERIFIED
backend/src/modules/provider/services/repositories/providerotpcode.repository.ts,459,4cbd3023b19e078bca690eb07acf51db02045d38d53faf918032f17dc17c1e92,backend,SOURCE_PRESENT_NOT_SEMANTICALLY_OR_RUNTIME_VERIFIED
backend/src/modules/provider/services/repositories/providerrequest.repository.ts,484,e01c73bb7c4aef2013a83b1362a98de10d9aebf61d817f0e1372188766d3a2ac,backend,SOURCE_PRESENT_NOT_SEMANTICALLY_OR_RUNTIME_VERIFIED
backend/src/modules/provider/services/repositories/providerscheduleslot.repository.ts,509,4ac66d4f8439715155521c397a3cac174e7de3e04deb60e306e738016e820d36,backend,SOURCE_PRESENT_NOT_SEMANTICALLY_OR_RUNTIME_VERIFIED
backend/src/modules/provider/services/repositories/providerscoresnapshot.repository.ts,514,697e6738409c757e9b7aae97c16cabeb8d563bce639d61f1bbbc441a9f97ed21,backend,SOURCE_PRESENT_NOT_SEMANTICALLY_OR_RUNTIME_VERIFIED
backend/src/modules/provider/services/repositories/providersession.repository.ts,459,dc4844985f188ab883f4cc1c921f4366ca29852957b439d0264b2d1cd8e9d542,backend,SOURCE_PRESENT_NOT_SEMANTICALLY_OR_RUNTIME_VERIFIED
backend/src/modules/provider/services/repositories/radiologyservicecatalogitem.repository.ts,544,b591c25dce56222bba5269838b3254b455eb3b8ab17fed8047f1038026770293,backend,SOURCE_PRESENT_NOT_SEMANTICALLY_OR_RUNTIME_VERIFIED
backend/src/modules/provider/services/scheduling-engine.service.ts,5038,60db5db16017d2430cd059cd8bed5a97c08ad4d0d3f499180a6e2726a8694935,backend,SOURCE_PRESENT_NOT_SEMANTICALLY_OR_RUNTIME_VERIFIED
backend/src/modules/provider/services/service-capability.service.ts,10582,0477ed26d5f82a2d2fc44b4a660e586c6e2d27ec29cf1668cd2b132d00b46482,backend,SOURCE_PRESENT_NOT_SEMANTICALLY_OR_RUNTIME_VERIFIED
backend/src/modules/provider/simulated-features.controller.ts,8232,5974531349f1536a5d27d4c98d7d65513b661123993bac61c4df420645f357ce,backend,SOURCE_PRESENT_NOT_SEMANTICALLY_OR_RUNTIME_VERIFIED
backend/src/modules/provider/simulated-features.dto.ts,2096,5f346731ff29848a8d7d10bcf7b5912f0382f7ce9e91dfe91fd20aade1954b02,backend,SOURCE_PRESENT_NOT_SEMANTICALLY_OR_RUNTIME_VERIFIED
backend/src/modules/providers/controllers/hospital-enterprise.controller.ts,5020,9c1ef234fd26dd806bab6ba2e360df470aade6f0e4e74b880cfcd4a6a57701c4,backend,SOURCE_PRESENT_NOT_SEMANTICALLY_OR_RUNTIME_VERIFIED
backend/src/modules/providers/providers.controller.ts,3357,c1f2b6a68ea1181bae4e531ccf6ae7d56ea559132460f6d66220f6ffb63f945c,backend,SOURCE_PRESENT_NOT_SEMANTICALLY_OR_RUNTIME_VERIFIED
backend/src/modules/providers/providers.module.ts,1578,b0555e4f47512e8fce32dc9ec822d974e23b2f5ae56d5f927b6120a5c42c3225,backend,SOURCE_PRESENT_NOT_SEMANTICALLY_OR_RUNTIME_VERIFIED
backend/src/modules/providers/providers.service.spec.ts,2119,b70da226e6c9ece6078874be4a6c1e3b87299d4171eb988ac5c9111a80664687,backend+tests,SOURCE_PRESENT_NOT_SEMANTICALLY_OR_RUNTIME_VERIFIED
backend/src/modules/providers/providers.service.ts,21153,1fb3a962749a25c9d9e1dbcf5d164c86d7bbde5c3b64943fb801599a10319c37,backend,SOURCE_PRESENT_NOT_SEMANTICALLY_OR_RUNTIME_VERIFIED
backend/src/modules/providers/repositories/providerprofile.repository.ts,551,0e689f87af957e6c51b6015e5d9ba0882ea6707b496b4b785dc4313b490f2d82,backend,SOURCE_PRESENT_NOT_SEMANTICALLY_OR_RUNTIME_VERIFIED
backend/src/modules/providers/repositories/user.repository.ts,473,810663ec29e799517a445a91b1f0910bc5897c86ff1bea728b30feda1d5f6ca7,backend,SOURCE_PRESENT_NOT_SEMANTICALLY_OR_RUNTIME_VERIFIED
backend/src/modules/providers/schemas/hospital-sub-entity.schema.ts,1187,f0c8bb54cc28a548047b367dc771400782a118bb307568c91fd247cbb22dcadc,backend,SOURCE_PRESENT_NOT_SEMANTICALLY_OR_RUNTIME_VERIFIED
backend/src/modules/providers/schemas/provider-delta.schema.ts,906,0a5b4935a161d25bb517a3200f67e22d0c6a475860713c27bf77cf22a2d87b93,backend,SOURCE_PRESENT_NOT_SEMANTICALLY_OR_RUNTIME_VERIFIED
backend/src/modules/push/push.module.ts,32027,14ae9d0ca5a4d713c4c50230bbb399dbb3a63d06f2c67a0d021dcf5437664bbd,backend,SOURCE_PRESENT_NOT_SEMANTICALLY_OR_RUNTIME_VERIFIED
backend/src/modules/radiology/controllers/radiology-provider.controller.spec.ts,2962,6647994c4692a595ff3225a094a7a321e8e6a3a379d1e869451e4308bf07d2e1,backend+tests,SOURCE_PRESENT_NOT_SEMANTICALLY_OR_RUNTIME_VERIFIED
backend/src/modules/radiology/controllers/radiology-provider.controller.ts,9651,0ee6d1864d9389da5c308fbd70ee9a94bfcc792a16fe4c3d5af49b2df850bd40,backend,SOURCE_PRESENT_NOT_SEMANTICALLY_OR_RUNTIME_VERIFIED
backend/src/modules/radiology/controllers/radiology.controller.ts,5965,8488bfb06059330417be87942272536ade7d653495c74695f0f04eb3f2492a1f,backend,SOURCE_PRESENT_NOT_SEMANTICALLY_OR_RUNTIME_VERIFIED
backend/src/modules/radiology/cron/radiology-reminder.cron.ts,2350,7d9053787676daad678704f74a7c0b845ca0618dff963ff9f49260bd004a14ea,backend,SOURCE_PRESENT_NOT_SEMANTICALLY_OR_RUNTIME_VERIFIED
backend/src/modules/radiology/listeners/radiology-notification.listener.ts,1997,d61df69ac0400d18ce657a59bad7cf58c34df7c27e6f56d415383fe99fe733ae,backend,SOURCE_PRESENT_NOT_SEMANTICALLY_OR_RUNTIME_VERIFIED
backend/src/modules/radiology/radiology.controller.ts,6895,8889c254ccd50b3ea35be4d109a138379cf60c8f34df1c46414c1a6453d644b6,backend,SOURCE_PRESENT_NOT_SEMANTICALLY_OR_RUNTIME_VERIFIED
backend/src/modules/radiology/radiology.module.ts,3608,47008b9a94b10bf6492a2dae2a882156abf446eb3390202df42f3db110c7f17b,backend,SOURCE_PRESENT_NOT_SEMANTICALLY_OR_RUNTIME_VERIFIED
backend/src/modules/radiology/radiology.seed.ts,3807,4523da2cf6ca076918d7c979c407facc19436dcdb3c48bcd4a007b9de8c325fd,backend,SOURCE_PRESENT_NOT_SEMANTICALLY_OR_RUNTIME_VERIFIED
backend/src/modules/radiology/radiology.service.report-storage.spec.ts,1718,02a1ef718435072de09ed1bf3900b629fe33b1175417fd19c63650871f7397ed,backend+tests,SOURCE_PRESENT_NOT_SEMANTICALLY_OR_RUNTIME_VERIFIED
backend/src/modules/radiology/radiology.service.ts,26480,42cecad19baf87d49d646cd57a8272919e466fd9d211057477e4a1a0437e4bcc,backend,SOURCE_PRESENT_NOT_SEMANTICALLY_OR_RUNTIME_VERIFIED
backend/src/modules/radiology/repositories/labresult.repository.ts,474,2badc14774628602487f360c32762f05e84a34ec0d7061e1982729295284f0a6,backend,SOURCE_PRESENT_NOT_SEMANTICALLY_OR_RUNTIME_VERIFIED
backend/src/modules/radiology/repositories/radiologybooking.repository.ts,508,bcfedfa4dbba8ce5c8c8e720b7c5071581a30f9075fa5fde34fb957fb2eff99c,backend,SOURCE_PRESENT_NOT_SEMANTICALLY_OR_RUNTIME_VERIFIED
backend/src/modules/radiology/repositories/radiologyservice.repository.ts,508,15ac6a2790c5b8f48b785aff3b7c256f416eea032f875e30f73411ba36a6039e,backend,SOURCE_PRESENT_NOT_SEMANTICALLY_OR_RUNTIME_VERIFIED
backend/src/modules/radiology/schemas/radiology-booking.schema.ts,2480,bae56fe7e8bc25de23b499ccca16ee5e708d5ed81da41a588860a84d0698e501,backend,SOURCE_PRESENT_NOT_SEMANTICALLY_OR_RUNTIME_VERIFIED
backend/src/modules/ratings/ratings.module.ts,4594,544b3525d01a87549548d1a9a3e337c1ad8724d9cbfff0ba2beca1f8846f7921,backend,SOURCE_PRESENT_NOT_SEMANTICALLY_OR_RUNTIME_VERIFIED
backend/src/modules/realtime/realtime.gateway.authorization.spec.ts,3329,504859c7a3e6e7c29dc6c168878b2dcd81a90f2d0002d4234b284f3769fa4e3f,backend+tests,SOURCE_PRESENT_NOT_SEMANTICALLY_OR_RUNTIME_VERIFIED
backend/src/modules/realtime/realtime.gateway.ts,20797,3358ba2f59af7699361d2b15775dec23aed687e5098f10d9fc6f1c87023cb1cf,backend,SOURCE_PRESENT_NOT_SEMANTICALLY_OR_RUNTIME_VERIFIED
backend/src/modules/realtime/realtime.module.ts,822,e37b71d19203f4fd8a6ddf484ad0f10524feabf6176bee12e117adaf67485211,backend,SOURCE_PRESENT_NOT_SEMANTICALLY_OR_RUNTIME_VERIFIED
backend/src/modules/realtime/realtime.service.ts,2605,3d61bd67770f2a0d0d4766d1fd5c68c4ec16ee1c59fa611da7d1b9b36d34e378,backend,SOURCE_PRESENT_NOT_SEMANTICALLY_OR_RUNTIME_VERIFIED
backend/src/modules/realtime/realtime.sse.ts,2034,c121fae4245aaebfcf7b0c81a8e32ac31159195151b7864bd2bfc114159f6901,backend,SOURCE_PRESENT_NOT_SEMANTICALLY_OR_RUNTIME_VERIFIED
backend/src/modules/recruitment/recruitment.module.ts,12281,b9ae4faaa2ffae38a0348189d23bd894b15bebdb0a4987177e0305198ca562d8,backend,SOURCE_PRESENT_NOT_SEMANTICALLY_OR_RUNTIME_VERIFIED
backend/src/modules/recruitment/recruitment.service.spec.ts,5455,36074e6b04a446cfd8ed3a18c6466abbcc5a77ed627488dc899d44bdcc8c5196,backend+tests,SOURCE_PRESENT_NOT_SEMANTICALLY_OR_RUNTIME_VERIFIED
backend/src/modules/redis/redis.module.ts,205,d6f35e78d06c0b8ca0f785ca66e3ce40d32e7384e73dac3efec6ed9f71d3e6fa,backend,SOURCE_PRESENT_NOT_SEMANTICALLY_OR_RUNTIME_VERIFIED
backend/src/modules/redis/redis.service.ts,16760,3df733f95c85d82e951ff799d42c1e2af02293cdc818118b3b4a391e75d1afe7,backend,SOURCE_PRESENT_NOT_SEMANTICALLY_OR_RUNTIME_VERIFIED
backend/src/modules/referral/referral.controller.ts,941,3fc315044100f67e418edd51f5a083c1ee998aaa226e019bc6cde3c0395c167c,backend,SOURCE_PRESENT_NOT_SEMANTICALLY_OR_RUNTIME_VERIFIED
backend/src/modules/referral/referral.module.ts,299,c0046c6a6c9bc767b459de4ec0c927c225295f6c919416d6e9e05a55a1c9c3bb,backend,SOURCE_PRESENT_NOT_SEMANTICALLY_OR_RUNTIME_VERIFIED
backend/src/modules/referral/referral.service.ts,6588,3782f85c43c51bb32b49e7369292f6186ea49f670f9b876173ac76890fd452e7,backend,SOURCE_PRESENT_NOT_SEMANTICALLY_OR_RUNTIME_VERIFIED
backend/src/modules/returns/repositories/returnrequest.repository.ts,491,30138a8502e49a4bf7cf0eb7be9c979b6ee7617a9869aeafc281c3e63c098d2a,backend,SOURCE_PRESENT_NOT_SEMANTICALLY_OR_RUNTIME_VERIFIED
backend/src/modules/returns/returns.controller.ts,1518,4487f5cc8371cb33691f5478ef47f0342a52464be5b997480960811ac2ee56f4,backend,SOURCE_PRESENT_NOT_SEMANTICALLY_OR_RUNTIME_VERIFIED
backend/src/modules/returns/returns.module.ts,767,fa49ca42af040b547afabb4af668a841cfe44c08261af7a35f6d827dd33e928e,backend,SOURCE_PRESENT_NOT_SEMANTICALLY_OR_RUNTIME_VERIFIED
backend/src/modules/returns/returns.service.ts,8525,7862cb6cea735c0ea7fabf2b0925f196d211e67c676b32b7f27835a6637bc727,backend,SOURCE_PRESENT_NOT_SEMANTICALLY_OR_RUNTIME_VERIFIED
backend/src/modules/security/security.module.ts,12737,3062e2ee82518bec03e16ddeaf2dd0dcf8be6e69beba33e557370252c3d12cc1,backend,SOURCE_PRESENT_NOT_SEMANTICALLY_OR_RUNTIME_VERIFIED
backend/src/modules/seed/repositories/facility.repository.ts,501,0612638081341486e6cd07b80d322af01bd25d4dff98620133c6917131b40199,backend,SOURCE_PRESENT_NOT_SEMANTICALLY_OR_RUNTIME_VERIFIED
backend/src/modules/seed/repositories/labservice.repository.ts,472,3d8f5728ec25b369e2cb3a3801a1f9486d8e82533a5547d70b12ceafca179a1d,backend,SOURCE_PRESENT_NOT_SEMANTICALLY_OR_RUNTIME_VERIFIED
backend/src/modules/seed/repositories/medicine.repository.ts,501,6c4ad6a42dcb53e5193ff19c7ab023abe9856dac64f22ab3d479b4977e83723f,backend,SOURCE_PRESENT_NOT_SEMANTICALLY_OR_RUNTIME_VERIFIED
backend/src/modules/seed/repositories/patientprofile.repository.ts,544,5860ac653f59f200f1a8f32df8f1589b67ddbeabecf3fb9f13ae954d52cf8a9b,backend,SOURCE_PRESENT_NOT_SEMANTICALLY_OR_RUNTIME_VERIFIED
backend/src/modules/seed/repositories/pharmacyinventory.repository.ts,556,79beccd917c3a41067cc42c19945ba2164ad94b9eb74c95965c4f85477c24630,backend,SOURCE_PRESENT_NOT_SEMANTICALLY_OR_RUNTIME_VERIFIED
backend/src/modules/seed/repositories/providerprofile.repository.ts,551,0e689f87af957e6c51b6015e5d9ba0882ea6707b496b4b785dc4313b490f2d82,backend,SOURCE_PRESENT_NOT_SEMANTICALLY_OR_RUNTIME_VERIFIED
backend/src/modules/seed/repositories/systemconfig.repository.ts,530,d3072d7e5f9e56d7fbc001dd291cca87c5834512471f0a1bc9714f237260d89d,backend,SOURCE_PRESENT_NOT_SEMANTICALLY_OR_RUNTIME_VERIFIED
backend/src/modules/seed/repositories/user.repository.ts,473,810663ec29e799517a445a91b1f0910bc5897c86ff1bea728b30feda1d5f6ca7,backend,SOURCE_PRESENT_NOT_SEMANTICALLY_OR_RUNTIME_VERIFIED
backend/src/modules/seed/seed.data.ts,18940,c4cd558fdf261dc7dda917e2af591079e68fd9025cb7b1969ef361618da60928,backend,SOURCE_PRESENT_NOT_SEMANTICALLY_OR_RUNTIME_VERIFIED
backend/src/modules/seed/seed.facilities.ts,8329,66f45afd7d0f25bfa1cdf74763038f54775637addd1e69d6575d04fe775f226d,backend,SOURCE_PRESENT_NOT_SEMANTICALLY_OR_RUNTIME_VERIFIED
backend/src/modules/seed/seed.module.ts,2616,302c86506a3b09573dda9cc2564c9a7debc76a72bf237c904333224eefa7b801,backend,SOURCE_PRESENT_NOT_SEMANTICALLY_OR_RUNTIME_VERIFIED
backend/src/modules/seed/seed.service.ts,14408,d0a3b157631823c945513c589b25b456f63f0b555833ab4d3d93bbc8aa72bcfc,backend,SOURCE_PRESENT_NOT_SEMANTICALLY_OR_RUNTIME_VERIFIED
backend/src/modules/seo-search/seo-search.module.ts,22804,3fc67013d055a1e19db7dcd251e301f9744dd125d11e3fc485d5995e56470f31,backend,SOURCE_PRESENT_NOT_SEMANTICALLY_OR_RUNTIME_VERIFIED
backend/src/modules/seo/repositories/article.repository.ts,426,63a98ce073889ce92aeea93d542e7b2467d2defbd5a1e0c6522cb1c80bb14d26,backend,SOURCE_PRESENT_NOT_SEMANTICALLY_OR_RUNTIME_VERIFIED
backend/src/modules/seo/repositories/facility.repository.ts,457,c3a753e606ced09ff8d34ae790c31c66281676dcfa87e829c305377b471b714c,backend,SOURCE_PRESENT_NOT_SEMANTICALLY_OR_RUNTIME_VERIFIED
backend/src/modules/seo/repositories/homecareservice.repository.ts,479,d55baf7cab70785ca9bb7dce9a559b26c5b84d0167d371c02649882ba41dd4d5,backend,SOURCE_PRESENT_NOT_SEMANTICALLY_OR_RUNTIME_VERIFIED
backend/src/modules/seo/repositories/labservice.repository.ts,458,ca517a70c7818c4e3ad677441d791fae2eebe08835988a3244be660e71a604a8,backend,SOURCE_PRESENT_NOT_SEMANTICALLY_OR_RUNTIME_VERIFIED
backend/src/modules/seo/repositories/medicine.repository.ts,457,99a00f2c12df2cbce28c8f040b7c8e702636797630944b22c8e8abd2b55c1729,backend,SOURCE_PRESENT_NOT_SEMANTICALLY_OR_RUNTIME_VERIFIED
backend/src/modules/seo/repositories/providerprofile.repository.ts,486,55242172b9bf4e48e9d2f4944a336261ed614ef3cf5a7f58a619858e086fda32,backend,SOURCE_PRESENT_NOT_SEMANTICALLY_OR_RUNTIME_VERIFIED
backend/src/modules/seo/seo-controls.util.ts,1607,a80be52c0af2ea0bac986936a5fa02371a8869b49bbba903bd4517ff5da3a992,backend,SOURCE_PRESENT_NOT_SEMANTICALLY_OR_RUNTIME_VERIFIED
backend/src/modules/seo/seo.controller.ts,2465,73db0b113c43b10b65e1fbf1395d4ed4c4816431835643c255b4bb4563e96c6a,backend,SOURCE_PRESENT_NOT_SEMANTICALLY_OR_RUNTIME_VERIFIED
backend/src/modules/seo/seo.module.ts,1981,ed7208efaad061a2dc20b95f679ddc1d0794a262ee723d556dc2dc48a3870350,backend,SOURCE_PRESENT_NOT_SEMANTICALLY_OR_RUNTIME_VERIFIED
backend/src/modules/seo/seo.service.spec.ts,3841,9fe05a8636a265bd0ab98f8365961727b96e7b48209bd547a5e6e0d1602aa0c6,backend+tests,SOURCE_PRESENT_NOT_SEMANTICALLY_OR_RUNTIME_VERIFIED
backend/src/modules/seo/seo.service.ts,20081,b79ec52cef8d23207c437b3f88c91a2e0b269c35fd3f21167cdc39adb35cc9f5,backend,SOURCE_PRESENT_NOT_SEMANTICALLY_OR_RUNTIME_VERIFIED
backend/src/modules/service-catalog/service-catalog.module.ts,12722,b0179cd499b173bfb979f58b125bdd3684e04a8e2b5bcb92856593fbc6e92813,backend,SOURCE_PRESENT_NOT_SEMANTICALLY_OR_RUNTIME_VERIFIED
backend/src/modules/slot-locks/slot-locks.module.ts,3602,cb5136f0ae9061f0ade9a6ae69afef93c396c01e43d9e3420b8db71ef7b7d529,backend,SOURCE_PRESENT_NOT_SEMANTICALLY_OR_RUNTIME_VERIFIED
backend/src/modules/slot-locks/slot-locks.service.spec.ts,2088,369438feed160419e06d5d3b95d76b3cfcf1371009ef66988b02ef0322586d3e,backend+tests,SOURCE_PRESENT_NOT_SEMANTICALLY_OR_RUNTIME_VERIFIED
backend/src/modules/sms/sms.module.ts,195,63223d28e08dd5a9d3a9d16b6d33ae478046f4e3eb00cc3df4de52aa3c49f7c4,backend,SOURCE_PRESENT_NOT_SEMANTICALLY_OR_RUNTIME_VERIFIED
backend/src/modules/sms/sms.service.ts,2227,d21bddfce3331254314140581ac88122c5777b6af36b33bf9c97f9c1bce07591,backend,SOURCE_PRESENT_NOT_SEMANTICALLY_OR_RUNTIME_VERIFIED
backend/src/modules/socket/socket.gateway.ts,1763,cc49f62e3313012de81e706dde218ed0ac41a88435c1606a213beac9be1cb7f6,backend,SOURCE_PRESENT_NOT_SEMANTICALLY_OR_RUNTIME_VERIFIED
backend/src/modules/storage/storage.module.spec.ts,1821,8f91c14ae2b7fa1a4f526581da7f56675075f11185c17bbf48c172ade577a211,backend+tests,SOURCE_PRESENT_NOT_SEMANTICALLY_OR_RUNTIME_VERIFIED
backend/src/modules/storage/storage.module.ts,20085,8568438fa21ba0875abaa36fb5fe149a8107bac4de1700aad21d1575c96de8d2,backend,SOURCE_PRESENT_NOT_SEMANTICALLY_OR_RUNTIME_VERIFIED
backend/src/modules/support/repositories/patientsettings.repository.ts,501,a1a114f6fe87098c70e1ddc26ab8fa52c4ff52d5c2a47289447bd25e7677b132,backend,SOURCE_PRESENT_NOT_SEMANTICALLY_OR_RUNTIME_VERIFIED
backend/src/modules/support/repositories/supportrequest.repository.ts,496,e32b9b52d6cdb510adef8087011aa2a66fbee5cfb47a13b78ab33649dc193153,backend,SOURCE_PRESENT_NOT_SEMANTICALLY_OR_RUNTIME_VERIFIED
backend/src/modules/support/support.controller.ts,2000,f311fb7ad478f46ff7e516c4092199e270417f9d81e0986a8ea70b0d720d6f52,backend,SOURCE_PRESENT_NOT_SEMANTICALLY_OR_RUNTIME_VERIFIED
backend/src/modules/support/support.module.ts,906,4ec1ef20a418de46fccece2ee29ddf054849f06e3997359bb8b9ba530fa26831,backend,SOURCE_PRESENT_NOT_SEMANTICALLY_OR_RUNTIME_VERIFIED
backend/src/modules/support/support.service.ts,4279,dfc1e659c7eece07ee57d13aeb730726ce57565edfee85d92e42f11a630c3e31,backend,SOURCE_PRESENT_NOT_SEMANTICALLY_OR_RUNTIME_VERIFIED
backend/src/modules/system-health/system-health.controller.ts,1177,7d0c45bac0bf7a40d03810107af17ef63da2123fd6b2ccc9490115a99ad6418e,backend,SOURCE_PRESENT_NOT_SEMANTICALLY_OR_RUNTIME_VERIFIED
backend/src/modules/system-health/system-health.module.ts,346,1b4a870733d40df30e8aad915c51892c3734867a75ec3bc7ba125174efe911c5,backend,SOURCE_PRESENT_NOT_SEMANTICALLY_OR_RUNTIME_VERIFIED
backend/src/modules/timeline/repositories/appointment.repository.ts,464,5399a26880ac80002aad4c40c94b2515d44df8b4eb14d07bcf39aea9dfb66371,backend,SOURCE_PRESENT_NOT_SEMANTICALLY_OR_RUNTIME_VERIFIED
backend/src/modules/timeline/repositories/customservicerequest.repository.ts,499,bf50ff16a188def9321385aaeca4b21a310403ab5eeb54014e0ef7360dd052a6,backend,SOURCE_PRESENT_NOT_SEMANTICALLY_OR_RUNTIME_VERIFIED
backend/src/modules/timeline/repositories/homecarebooking.repository.ts,479,0fe864ceee4547c3d5c4b917636d98e00887fc867b93b816b221d753ec71b067,backend,SOURCE_PRESENT_NOT_SEMANTICALLY_OR_RUNTIME_VERIFIED
backend/src/modules/timeline/repositories/labbooking.repository.ts,458,e8c881989835a2cb11a5fb9cb647e1d6bf553a3d36b40013b5da7baaafe07cb5,backend,SOURCE_PRESENT_NOT_SEMANTICALLY_OR_RUNTIME_VERIFIED
backend/src/modules/timeline/repositories/labresult.repository.ts,462,819129c4841bb3d715abde98c21c8618fa2765e087c0c67a0edb9bea6e42c08f,backend,SOURCE_PRESENT_NOT_SEMANTICALLY_OR_RUNTIME_VERIFIED
backend/src/modules/timeline/repositories/medicalreport.repository.ts,478,a32c8b405709ef34a00981ca6282a533658816f33778593f5750b5decc55be07,backend,SOURCE_PRESENT_NOT_SEMANTICALLY_OR_RUNTIME_VERIFIED
backend/src/modules/timeline/repositories/medicationreminder.repository.ts,485,6b7a4cee32245659b86a9c8cbf5e0bb115ea8d84bc8fa879895488b80b0948e4,backend,SOURCE_PRESENT_NOT_SEMANTICALLY_OR_RUNTIME_VERIFIED
backend/src/modules/timeline/repositories/order.repository.ts,445,aac565ec1dccaee1b000cf6e98de18bfc17d74d6386caf8d9c8cf0d755a57871,backend,SOURCE_PRESENT_NOT_SEMANTICALLY_OR_RUNTIME_VERIFIED
backend/src/modules/timeline/repositories/prescription.repository.ts,473,707ff691b4c7b81154ce7f89856c26a92ef75205352c0dea160835be85acf441,backend,SOURCE_PRESENT_NOT_SEMANTICALLY_OR_RUNTIME_VERIFIED
backend/src/modules/timeline/repositories/radiologybooking.repository.ts,482,58c21524c05c0355fcea187c2f77110367644dd54f4ec1547cbb65e0216b1f35,backend,SOURCE_PRESENT_NOT_SEMANTICALLY_OR_RUNTIME_VERIFIED
backend/src/modules/timeline/repositories/vitalreading.repository.ts,467,e4fa24f76f201083c4d521be533d2699cf301836c3e9092512109b245519c68a,backend,SOURCE_PRESENT_NOT_SEMANTICALLY_OR_RUNTIME_VERIFIED
backend/src/modules/timeline/timeline.controller.ts,1316,12f27fddb9b30a44b0c84bb9b88fb92b7eb017a9f25350227461c7b1ad5bd4cc,backend,SOURCE_PRESENT_NOT_SEMANTICALLY_OR_RUNTIME_VERIFIED
backend/src/modules/timeline/timeline.module.ts,3475,e7a56d6f1d8585c101446f6a1d7f3847d441571c2ac06b6e4164879ff7faa03f,backend,SOURCE_PRESENT_NOT_SEMANTICALLY_OR_RUNTIME_VERIFIED
backend/src/modules/timeline/timeline.service.ts,15887,6219e2c32e96c61c4ae33fc528ceb9b44f48af3dc64cb1cdb0186bd992526d26,backend,SOURCE_PRESENT_NOT_SEMANTICALLY_OR_RUNTIME_VERIFIED
backend/src/modules/tour/tour.controller.ts,614,6420607aae8068829925fabaa24705f086a4458762fb09a71fdb74161d395a46,backend,SOURCE_PRESENT_NOT_SEMANTICALLY_OR_RUNTIME_VERIFIED
backend/src/modules/tour/tour.module.ts,445,908d6cd0575fecf3ff9b194cffbb2716e801fd146a382f5e6313b615a22ea582,backend,SOURCE_PRESENT_NOT_SEMANTICALLY_OR_RUNTIME_VERIFIED
backend/src/modules/tour/tour.service.ts,682,39bb4232a077ab6fccf80cfaf9f73809623f7512ae8bc138a154ffae9a751390,backend,SOURCE_PRESENT_NOT_SEMANTICALLY_OR_RUNTIME_VERIFIED
backend/src/modules/unified-bookings/unified-bookings.contract.spec.ts,4340,772a767df071cfcc1f22e2665b978e9cc3aee343700fe344ddc1d0e3155a370a,backend+tests,SOURCE_PRESENT_NOT_SEMANTICALLY_OR_RUNTIME_VERIFIED
backend/src/modules/unified-bookings/unified-bookings.module.ts,27151,ce3928d31863ba634312ec3656de1b743afa39fde58671e677214e319ef9e1bf,backend,SOURCE_PRESENT_NOT_SEMANTICALLY_OR_RUNTIME_VERIFIED
backend/src/modules/unified-bookings/unified-bookings.service.spec.ts,1052,65047c11773f77fe49bda5aadcc63af98a2033d3921c6692f0ffc05d7c9a14ef,backend+tests,SOURCE_PRESENT_NOT_SEMANTICALLY_OR_RUNTIME_VERIFIED
backend/src/modules/unified-bookings/unified-bookings.service.ts,1691,42a296c17c560e962aaa323d0f751cc8635827945fdafcc7190c80e2f31651c7,backend,SOURCE_PRESENT_NOT_SEMANTICALLY_OR_RUNTIME_VERIFIED
backend/src/modules/users/data-retention.service.ts,1512,36640479a2d0b2cd82ddb6eaff2888752e916fb11620cf7889c48f45cdd1192f,backend,SOURCE_PRESENT_NOT_SEMANTICALLY_OR_RUNTIME_VERIFIED
backend/src/modules/users/repositories/patient-profile.repository.ts,519,60365fb6793ab7ca88787c4400ee51b1f752db940e2ba2ca766769139e8f0568,backend,SOURCE_PRESENT_NOT_SEMANTICALLY_OR_RUNTIME_VERIFIED
backend/src/modules/users/repositories/provider-profile.repository.ts,526,35b5eab07e20757384358dfbcb2e090e4600fb9b3e3b9efb35d7688c06bf27cd,backend,SOURCE_PRESENT_NOT_SEMANTICALLY_OR_RUNTIME_VERIFIED
backend/src/modules/users/repositories/user.repository.ts,448,a559d61e5d2a415161425175672a448d0074f865891d5bdae16800e44bea438e,backend,SOURCE_PRESENT_NOT_SEMANTICALLY_OR_RUNTIME_VERIFIED
backend/src/modules/users/user.insurance.controller.ts,1874,dc0726461cdf37d53cef2ab56708e45ae80fac8e992fb322066f3924efcf4083,backend,SOURCE_PRESENT_NOT_SEMANTICALLY_OR_RUNTIME_VERIFIED
backend/src/modules/users/users.addresses.controller.ts,2077,786dc5ee07121aae8cc2fd885d017d14b6a8638ce5b90c175328d811044a49b4,backend,SOURCE_PRESENT_NOT_SEMANTICALLY_OR_RUNTIME_VERIFIED
backend/src/modules/users/users.contract.spec.ts,3366,1b802022b2c44030ceb506d50ed8259e4c99c08b5b0f8bc0e19a261aa87fad7d,backend+tests,SOURCE_PRESENT_NOT_SEMANTICALLY_OR_RUNTIME_VERIFIED
backend/src/modules/users/users.controller.ts,4357,35bfafd80e77c5c244c63f4a8d81be907d515d8110ec1f7b381e0c873a378cc9,backend,SOURCE_PRESENT_NOT_SEMANTICALLY_OR_RUNTIME_VERIFIED
backend/src/modules/users/users.insurance.controller.ts,3528,af4affaac35302c827a24c34a174f3b3dd14f9b0478a85fb6d5e3d05d1eb1fc6,backend,SOURCE_PRESENT_NOT_SEMANTICALLY_OR_RUNTIME_VERIFIED
backend/src/modules/users/users.module.ts,1675,cc95cd6eb4cda1e23e3235edac5170b4478aa42ef7b9fe149238eb39b8241e22,backend,SOURCE_PRESENT_NOT_SEMANTICALLY_OR_RUNTIME_VERIFIED
backend/src/modules/users/users.service.ts,17878,5f9f012062f55d1a3f31edbf1a738b79a1ccaf9a9dcad51c67e9c61519f64841,backend,SOURCE_PRESENT_NOT_SEMANTICALLY_OR_RUNTIME_VERIFIED
backend/src/modules/wallet/repositories/user.repository.ts,473,810663ec29e799517a445a91b1f0910bc5897c86ff1bea728b30feda1d5f6ca7,backend,SOURCE_PRESENT_NOT_SEMANTICALLY_OR_RUNTIME_VERIFIED
backend/src/modules/wallet/repositories/wallet.repository.ts,487,37a40efeb3f95832cad9cad6f7de27a77b610c0665d32c8138f420e8e4762087,backend,SOURCE_PRESENT_NOT_SEMANTICALLY_OR_RUNTIME_VERIFIED
backend/src/modules/wallet/repositories/wallettransaction.repository.ts,553,a3956d42737a14c4ef6c85ee1293a6f8b73df270225ba9d790bc51d551c4fb03,backend,SOURCE_PRESENT_NOT_SEMANTICALLY_OR_RUNTIME_VERIFIED
backend/src/modules/wallet/wallet.controller.ts,3521,df15f0b6edb4f0735ee00e634fde8bdfe92c7e33eafbbfb775d85ebbf37d615c,backend,SOURCE_PRESENT_NOT_SEMANTICALLY_OR_RUNTIME_VERIFIED
backend/src/modules/wallet/wallet.module.ts,1199,3b2a70bdd5ba796eb01e8eb81ccb66bda3da24708b8abd563242895deaef1144,backend,SOURCE_PRESENT_NOT_SEMANTICALLY_OR_RUNTIME_VERIFIED
backend/src/modules/wallet/wallet.service.ts,15204,150897d1a54befceff4a7730e487afdba0dad06b90c0379b1a563f57606bff78,backend,SOURCE_PRESENT_NOT_SEMANTICALLY_OR_RUNTIME_VERIFIED
backend/src/modules/webhooks/guards/livekit-webhook.guard.ts,1115,ffaae9adf8ee07a626481d66e147c3c0f99d33f1ab8934447154598447a5df73,backend,SOURCE_PRESENT_NOT_SEMANTICALLY_OR_RUNTIME_VERIFIED
backend/src/modules/webhooks/webhooks.controller.ts,1522,310a9179e1c1d42f12ca6c5a82fbfa62c843faa550b0268e8733db9a45bae805,backend,SOURCE_PRESENT_NOT_SEMANTICALLY_OR_RUNTIME_VERIFIED
backend/src/modules/webhooks/webhooks.module.ts,299,b1a5bb306df72eaf3cdef6d7f36b60df26149d7e194ddd5e232c8a0a58c1af3a,backend,SOURCE_PRESENT_NOT_SEMANTICALLY_OR_RUNTIME_VERIFIED
backend/src/modules/webhooks/webhooks.service.spec.ts,3924,08fa06ada5b9235fefc8ab4272107123ed01395cfd874f0a0e6bf44c38509e75,backend+tests,SOURCE_PRESENT_NOT_SEMANTICALLY_OR_RUNTIME_VERIFIED
backend/src/modules/webhooks/webhooks.service.ts,4903,70dbe6ea2b1fc528b65207240476fccae74caa560fd521d7ef85eaacccc723bc,backend,SOURCE_PRESENT_NOT_SEMANTICALLY_OR_RUNTIME_VERIFIED
backend/src/modules/workflow-engine/workflow-engine.module.spec.ts,541,580eb12faadb5b140ec7865f3d362e8e11ff5c40649ecf9835cbb26e72df370e,backend+tests,SOURCE_PRESENT_NOT_SEMANTICALLY_OR_RUNTIME_VERIFIED
backend/src/modules/workflow-engine/workflow-engine.module.ts,25006,cf25b5c1d09cf8bbe652c9c054a1dc54f3fcfb5d2b56d5e35e89dd9edf97862d,backend,SOURCE_PRESENT_NOT_SEMANTICALLY_OR_RUNTIME_VERIFIED
backend/src/schemas/ad-placement.schema.ts,883,a9c41c2bec4d149c838439e62fb509aa53e4bcda17883fc853cbe4995a037f55,backend,SOURCE_PRESENT_NOT_SEMANTICALLY_OR_RUNTIME_VERIFIED
backend/src/schemas/ambulance-vehicle.schema.ts,1979,9b246bbe73b53747a7e18f34b44d4dbcda1f3fbf497a0831149aae12781e2902,backend,SOURCE_PRESENT_NOT_SEMANTICALLY_OR_RUNTIME_VERIFIED
backend/src/schemas/analytics-event.schema.ts,874,a783ed7e02f74d227f4ecca7a4c3276a97d25376f9400431737d68fcf570ffbb,backend,SOURCE_PRESENT_NOT_SEMANTICALLY_OR_RUNTIME_VERIFIED
backend/src/schemas/appointment.schema.ts,5920,bd3e5511ca881222bae424854817f793e04ed13c2136667e0413b6c798a4ce3d,backend,SOURCE_PRESENT_NOT_SEMANTICALLY_OR_RUNTIME_VERIFIED
backend/src/schemas/approval-request.schema.ts,1358,001dd8246756ce21121ffafc07aa04f4a32fc13f699c775e5b93479f94336e53,backend,SOURCE_PRESENT_NOT_SEMANTICALLY_OR_RUNTIME_VERIFIED
backend/src/schemas/article.schema.ts,1375,49ab0bb79af6c2d7191d8ed65ebcfec78889303992686d2af4dbfc45db96bc25,backend,SOURCE_PRESENT_NOT_SEMANTICALLY_OR_RUNTIME_VERIFIED
backend/src/schemas/audit-log.schema.ts,838,88074240b69743e8a80230057be6c9091aa1b23f6548ec69a13e0c1ff80dd57c,backend,SOURCE_PRESENT_NOT_SEMANTICALLY_OR_RUNTIME_VERIFIED
backend/src/schemas/b2b-request.schema.ts,895,bbda9e15ef86e639f7d0d3164436153220e9e13f9a7a0ea574fa906c94a1dfa0,backend,SOURCE_PRESENT_NOT_SEMANTICALLY_OR_RUNTIME_VERIFIED
backend/src/schemas/callmetric.schema.ts,768,31a55530da030953ff00c70fb45160c58ea4c181dc52d8a46589fbbbe37dca14,backend,SOURCE_PRESENT_NOT_SEMANTICALLY_OR_RUNTIME_VERIFIED
backend/src/schemas/callsession.schema.ts,924,02d6c4dc9776e30b350a2fec70c5c3d78d7403a5d4a55b0ac218a636d84b4209,backend,SOURCE_PRESENT_NOT_SEMANTICALLY_OR_RUNTIME_VERIFIED
backend/src/schemas/chat-session.schema.ts,792,f01e69fbd3f96dff2890cd8ce8aeb760857d4a63d6dfc022b1bc3fe8614033dd,backend,SOURCE_PRESENT_NOT_SEMANTICALLY_OR_RUNTIME_VERIFIED
backend/src/schemas/community.schemas.ts,3509,42920900d8cc2720eba94d7f8164b3fea1598e827efa61db787116d115772011,backend,SOURCE_PRESENT_NOT_SEMANTICALLY_OR_RUNTIME_VERIFIED
backend/src/schemas/corporate-account.schema.ts,790,a48911aac7c4ed1c235b16a520ee9191f395f73cd5d73461984d1bc74a202679,backend,SOURCE_PRESENT_NOT_SEMANTICALLY_OR_RUNTIME_VERIFIED
backend/src/schemas/custom-service.schema.ts,2597,9e393a910bb6b036641dc047ce667d9af50db83cbfbf30f16c374523b14dee4b,backend,SOURCE_PRESENT_NOT_SEMANTICALLY_OR_RUNTIME_VERIFIED
backend/src/schemas/delivery.schema.ts,1206,aed2b9ef4040766adca1ef41bb5f3d96356bb47621bf827b0e78e71f2286b453,backend,SOURCE_PRESENT_NOT_SEMANTICALLY_OR_RUNTIME_VERIFIED
backend/src/schemas/driver-shift.schema.ts,1034,a854ff85b47ee7bdbfe5a89c60ba76cd73f22b287245a0e29d5f1b698cbb9a96,backend,SOURCE_PRESENT_NOT_SEMANTICALLY_OR_RUNTIME_VERIFIED
backend/src/schemas/drug-rejection-log.schema.ts,860,0969caaafe828a9be5195e3249001ebbb635d2555a3e3ae0377fb8df1658f0ab,backend,SOURCE_PRESENT_NOT_SEMANTICALLY_OR_RUNTIME_VERIFIED
backend/src/schemas/emergency.schema.ts,1854,e475cde844f087daac65635434c4d794b09813b74cf2e2f99445cfc147b8adf2,backend,SOURCE_PRESENT_NOT_SEMANTICALLY_OR_RUNTIME_VERIFIED
backend/src/schemas/extra.schemas.ts,4000,4e495cdcc1bf749cff9e5a2151bea11bb03c534b38e9dcfbcf8f723c798fe342,backend,SOURCE_PRESENT_NOT_SEMANTICALLY_OR_RUNTIME_VERIFIED
backend/src/schemas/facility.schema.ts,2626,7fbea90ef9c3e95a05083e4072a4dc6189b5710f9179ce7a22bb541e882abc74,backend,SOURCE_PRESENT_NOT_SEMANTICALLY_OR_RUNTIME_VERIFIED
backend/src/schemas/family.schemas.ts,3794,b8b8dc5e3037785786293905ee756dc0a56aae41843cd3d717ecd99e6391f5d1,backend,SOURCE_PRESENT_NOT_SEMANTICALLY_OR_RUNTIME_VERIFIED
backend/src/schemas/feature-flag.schema.ts,600,6d30a92570c4df31deb3187adcc0c0459de3bf8ed0e1ebbb2a62020dd358dab9,backend,SOURCE_PRESENT_NOT_SEMANTICALLY_OR_RUNTIME_VERIFIED
backend/src/schemas/fraud-alert.schema.ts,934,dda996ee1a825bafb22cc55f7c01eff33b010e3faff73dd46b1429eb138f94b2,backend,SOURCE_PRESENT_NOT_SEMANTICALLY_OR_RUNTIME_VERIFIED
backend/src/schemas/health.schema.ts,3712,b61e05809935e15b2292a32aa575904d4218c9b8132853ab89b76bbe39fed4e6,backend,SOURCE_PRESENT_NOT_SEMANTICALLY_OR_RUNTIME_VERIFIED
backend/src/schemas/home-care.schema.ts,10399,33194e8fc258dfdef3d8c2332c73959bcea64259e96981c38ca47eb09d3f7c0d,backend,SOURCE_PRESENT_NOT_SEMANTICALLY_OR_RUNTIME_VERIFIED
backend/src/schemas/hospital-operations.schema.ts,4819,d75839b05e4f6a93d43010319457ac69160861a7b0ee900995a8970906abb252,backend,SOURCE_PRESENT_NOT_SEMANTICALLY_OR_RUNTIME_VERIFIED
backend/src/schemas/image-processing-job.schema.ts,893,4dc09c2e156fe76d9842c01458cfe3dc6622433515c764677c5981bf67503890,backend,SOURCE_PRESENT_NOT_SEMANTICALLY_OR_RUNTIME_VERIFIED
backend/src/schemas/insurance.schema.ts,5514,65ff8ede24ae76df48a6ffd59499f0c46ec326787dbe9f06fbc53d1090062e88,backend,SOURCE_PRESENT_NOT_SEMANTICALLY_OR_RUNTIME_VERIFIED
backend/src/schemas/inventory.schema.ts,880,6e104c97febe3ddb12fd5a26c7b6f3258d47f5520409e866b12547d59a19e3f5,backend,SOURCE_PRESENT_NOT_SEMANTICALLY_OR_RUNTIME_VERIFIED
backend/src/schemas/job-board.schema.ts,3241,b7af264f78ae4fde927d646323571080b4df47ef98e4232263efdf80133d6d93,backend,SOURCE_PRESENT_NOT_SEMANTICALLY_OR_RUNTIME_VERIFIED
backend/src/schemas/lab-result.schema.ts,1964,83fbc1f989b6770cad6bf05c713b6358a7351da5fa75c123c0b4a5098846167b,backend,SOURCE_PRESENT_NOT_SEMANTICALLY_OR_RUNTIME_VERIFIED
backend/src/schemas/lab.schema.ts,8492,9084a012f2c3b188203b3cddbf34ed7a0bca7ff95cb62663b29de747c541b42a,backend,SOURCE_PRESENT_NOT_SEMANTICALLY_OR_RUNTIME_VERIFIED
backend/src/schemas/leave-request.schema.ts,1041,0ea115c2a4e1c47106f80b7f8fd8326da2137a65e958942c54e4e5de0a202d9f,backend,SOURCE_PRESENT_NOT_SEMANTICALLY_OR_RUNTIME_VERIFIED
backend/src/schemas/loyalty.schemas.ts,4950,6d30514a5fbfe3b35876b6bcf5b8e7be287084ff8093d0d9b5a5929551557db3,backend,SOURCE_PRESENT_NOT_SEMANTICALLY_OR_RUNTIME_VERIFIED
backend/src/schemas/maternity.schema.ts,2295,902e3ea9c9bab94e579bff6c3d9d0eee0bf07b214426248bbd5c855bf544b246,backend,SOURCE_PRESENT_NOT_SEMANTICALLY_OR_RUNTIME_VERIFIED
backend/src/schemas/medical-profile.schema.ts,2185,ba8d98d41c968b422a166b95be3134f48bce4d1c6d33250cfb43905bcf00c019,backend,SOURCE_PRESENT_NOT_SEMANTICALLY_OR_RUNTIME_VERIFIED
backend/src/schemas/medical-report.schema.ts,2489,c57c5b5953f0338e7ce62bc8aa29524833237d22786961a18c4788817f70cfd5,backend,SOURCE_PRESENT_NOT_SEMANTICALLY_OR_RUNTIME_VERIFIED
backend/src/schemas/medicine.schema.ts,6075,ccacb7430293c6548dc19409273943f04556ee3ac6a4f3aaf005663d509b55ff,backend,SOURCE_PRESENT_NOT_SEMANTICALLY_OR_RUNTIME_VERIFIED
backend/src/schemas/mental-health.schema.ts,3896,10b5eacb33f4ed47bcd9d9f57281f6b4130a74c64eae3609083772813db4ec30,backend,SOURCE_PRESENT_NOT_SEMANTICALLY_OR_RUNTIME_VERIFIED
backend/src/schemas/notification.schema.ts,1672,06e6d1c06c1a65afadb067fb1879fa2cfdcc167da77bbbfdf1eff7e08bbf4fd4,backend,SOURCE_PRESENT_NOT_SEMANTICALLY_OR_RUNTIME_VERIFIED
backend/src/schemas/nutrition.schema.ts,3102,378783931497ebe8c24a0b848a061d7c1e2e483a7544829760335dfac70d2821,backend,SOURCE_PRESENT_NOT_SEMANTICALLY_OR_RUNTIME_VERIFIED
backend/src/schemas/order.schema.ts,6903,ec85549adb92e82b415171ffcb82963824d91ab5a0436c3eea926154c627f130,backend,SOURCE_PRESENT_NOT_SEMANTICALLY_OR_RUNTIME_VERIFIED
backend/src/schemas/outbound-referral.schema.ts,1060,fd800b94ddc3b12d40bb701005b3fcd606a8fd9f9701cd93c50ec1b054cf3d31,backend,SOURCE_PRESENT_NOT_SEMANTICALLY_OR_RUNTIME_VERIFIED
backend/src/schemas/patient-crm-tag.schema.ts,956,4219087c9ef0a2ec006d24064c116ac68b21f002bbe3bf8f25f737cdc7bbfa64,backend,SOURCE_PRESENT_NOT_SEMANTICALLY_OR_RUNTIME_VERIFIED
backend/src/schemas/patient-profile.schema.ts,2388,e2e0ca9963a203d040ba99d1904a8dbd5b75ed54397d4e89af883a1fdca5bbb7,backend,SOURCE_PRESENT_NOT_SEMANTICALLY_OR_RUNTIME_VERIFIED
backend/src/schemas/pharmacy-chat.schema.ts,1261,12fec2cd5c8fa5537563f4be53d40cdd8c3f88702121f3f4eed40871cad6fad5,backend,SOURCE_PRESENT_NOT_SEMANTICALLY_OR_RUNTIME_VERIFIED
backend/src/schemas/pharmacy-inventory.schema.ts,811,55cb8de34c74c609a4063cd6406c4b0c9f0f78f8ea3c2a3b5842d830e1d908b1,backend,SOURCE_PRESENT_NOT_SEMANTICALLY_OR_RUNTIME_VERIFIED
backend/src/schemas/prescription.schema.ts,2283,2c7f125f9f9feab9e3bdd693c8231a9e073888d6424f18454172a131ccb1c589,backend,SOURCE_PRESENT_NOT_SEMANTICALLY_OR_RUNTIME_VERIFIED
backend/src/schemas/profile-image-audit-log.schema.ts,960,eda2ac4b6d6c24a0ba29855a81898cd429a8e7f837ceb68df240e58c00b7092b,backend,SOURCE_PRESENT_NOT_SEMANTICALLY_OR_RUNTIME_VERIFIED
backend/src/schemas/profile-image-metadata.schema.ts,1133,675a6334594d2642b18e324885b8b80213a80279ee1961ab8e3190e5b70df741,backend,SOURCE_PRESENT_NOT_SEMANTICALLY_OR_RUNTIME_VERIFIED
backend/src/schemas/promotion-campaign.schema.ts,1238,98591239d084364932e5fedfa7e6bea47118f0fb08d7eb1bedd00bd4eef997fe,backend,SOURCE_PRESENT_NOT_SEMANTICALLY_OR_RUNTIME_VERIFIED
backend/src/schemas/provider-availability.schema.ts,907,1c0f43b7d0fb647b117b1d8e7cb20d3571eb77abf639702f072fef9be5268dc3,backend,SOURCE_PRESENT_NOT_SEMANTICALLY_OR_RUNTIME_VERIFIED
backend/src/schemas/provider-branch.schema.ts,955,802c84e66c8cd7578ed2da546a38941268994f5b608090d08911f54030f839ae,backend,SOURCE_PRESENT_NOT_SEMANTICALLY_OR_RUNTIME_VERIFIED
backend/src/schemas/provider-profile.schema.ts,10555,df506cc2de5250a45fb216541e80893f710be86d98b7528fd70d20baa517ac83,backend,SOURCE_PRESENT_NOT_SEMANTICALLY_OR_RUNTIME_VERIFIED
backend/src/schemas/push-token.schema.ts,660,8892b05647d7ae3eff4f79f471af3326b1dcf3d045fcb1ffa918be7967855111,backend,SOURCE_PRESENT_NOT_SEMANTICALLY_OR_RUNTIME_VERIFIED
backend/src/schemas/radiology.schema.ts,11608,328bd5271d838d9868172edd0b00f816e99c46b668d472e26a593ff4d5d3d06e,backend,SOURCE_PRESENT_NOT_SEMANTICALLY_OR_RUNTIME_VERIFIED
backend/src/schemas/referral.schema.ts,1388,542b57ae1ebf71c57b94b282c7417f02a550b85f9bb1db3742c0636e4e5aa688,backend,SOURCE_PRESENT_NOT_SEMANTICALLY_OR_RUNTIME_VERIFIED
backend/src/schemas/refund-request.schema.ts,779,dc9091c131e757d071cdc2a72663d1c98156a3e3252d4d34dc373e59aaae632b,backend,SOURCE_PRESENT_NOT_SEMANTICALLY_OR_RUNTIME_VERIFIED
backend/src/schemas/return-request.schema.ts,819,279f81b4e6cf39ccddced670ae5ace39f0745f00727292180b2abc580a5905d4,backend,SOURCE_PRESENT_NOT_SEMANTICALLY_OR_RUNTIME_VERIFIED
backend/src/schemas/returns.schema.ts,1093,218e9606ee4ea9de565eaa30bb81bf67d34e5aa2e0253f64216f732c8d889ba9,backend,SOURCE_PRESENT_NOT_SEMANTICALLY_OR_RUNTIME_VERIFIED
backend/src/schemas/review.schema.ts,940,40d4fe49417240c6c1360fd5edadaa56939f84e934d539ceb5ba4a332a72fdff,backend,SOURCE_PRESENT_NOT_SEMANTICALLY_OR_RUNTIME_VERIFIED
backend/src/schemas/sla-log.schema.ts,705,af02b8ef5ee5a93651d22cb97e59302591f64cb47a1808f495c4e8bd5dd7f46b,backend,SOURCE_PRESENT_NOT_SEMANTICALLY_OR_RUNTIME_VERIFIED
backend/src/schemas/slot-lock.schema.ts,1207,a26c58876d649052bea9691a23a1629f556f7fbc14295fb8cd2456284864f60d,backend,SOURCE_PRESENT_NOT_SEMANTICALLY_OR_RUNTIME_VERIFIED
backend/src/schemas/support.schema.ts,2401,cd1b0e252e34c619fc453d47aa00af415f8dbef53d88c9c788475826eb8a44de,backend,SOURCE_PRESENT_NOT_SEMANTICALLY_OR_RUNTIME_VERIFIED
backend/src/schemas/system-config.schema.ts,535,1bf59b740b2d49a932fc011f07b80f8002be273381f69416ef5a02911ac93d46,backend,SOURCE_PRESENT_NOT_SEMANTICALLY_OR_RUNTIME_VERIFIED
backend/src/schemas/systemevent.schema.ts,754,865d5da3dd83451c5e18d957413ebda19d6a0035923693add7b70549a0897bf5,backend,SOURCE_PRESENT_NOT_SEMANTICALLY_OR_RUNTIME_VERIFIED
backend/src/schemas/transaction.schema.ts,2377,3c165e175419a0832d57810fc1ce47b1b5ba5a88fe5728e61a63ff8fe5b6c8b2,backend,SOURCE_PRESENT_NOT_SEMANTICALLY_OR_RUNTIME_VERIFIED
backend/src/schemas/treatment-program.schema.ts,1008,56fbc1d7b058309ad46a63ea25633a0a8acc23519b381e32383dbd645163393c,backend,SOURCE_PRESENT_NOT_SEMANTICALLY_OR_RUNTIME_VERIFIED
backend/src/schemas/universal-activity.schema.ts,873,b2ea42ec3ecd5b2b364ad2fb2391a0f30fb4f0ecc4e9d3a5c9a4d86ee9c5f31c,backend,SOURCE_PRESENT_NOT_SEMANTICALLY_OR_RUNTIME_VERIFIED
backend/src/schemas/user.schema.ts,2352,0d5526bf312e6d9cd052e97994a5d9c33b778adc83353d2780293100a8802c38,backend,SOURCE_PRESENT_NOT_SEMANTICALLY_OR_RUNTIME_VERIFIED
backend/src/schemas/wallet.schema.ts,1770,03be67d082a6b24e56620cdb527bbf5accf3212762032fc8187d2930718f8e7a,backend,SOURCE_PRESENT_NOT_SEMANTICALLY_OR_RUNTIME_VERIFIED
backend/src/scripts/seed-admin.ts,2071,c8abda226ee2616dbc3f2694326fb40db61fb482da864b46fe813c54d1467128,backend,SOURCE_PRESENT_NOT_SEMANTICALLY_OR_RUNTIME_VERIFIED
backend/src/scripts/seed-insurance-companies.ts,1801,016bda339f51fcf7e22cda78da4e4404a33da34eba7b2b36cf70d610a47c0c0f,backend,SOURCE_PRESENT_NOT_SEMANTICALLY_OR_RUNTIME_VERIFIED
backend/src/scripts/seed_test.ts,11281,a96f59b382e04230865651bbe1b182bbec76253e6621ff58ff76f18717bb72b5,backend,SOURCE_PRESENT_NOT_SEMANTICALLY_OR_RUNTIME_VERIFIED
backend/src/scripts/seed_test_providers.ts,4757,be28bfbe998c5285f0cda6c5493972c43e96586b730d4bd1abf3800927d738ab,backend,SOURCE_PRESENT_NOT_SEMANTICALLY_OR_RUNTIME_VERIFIED
backend/src/scripts/verify-production.ts,1796,429891ceeb3017920f24c2e88d81f9c7c2f17b867f3a6951f34f99ed7e40a8de,backend,SOURCE_PRESENT_NOT_SEMANTICALLY_OR_RUNTIME_VERIFIED
backend/test/a-enterprise.integration.e2e-spec.ts,26675,b0d8bc963b9da1b77c909fd3f4ec99dc10284ed205c66e80eea8139ffdbe7104,backend+tests,SOURCE_PRESENT_NOT_SEMANTICALLY_OR_RUNTIME_VERIFIED
backend/test/a1-security.spec.ts,3531,0e0a2c04f065529546dd5b1d9120251226aafcddc500ae6f5a37b3747eb99337,backend+tests,SOURCE_PRESENT_NOT_SEMANTICALLY_OR_RUNTIME_VERIFIED
backend/test/a2-finance.spec.ts,2683,2263297de3e0895ec1ac0f3816ce4cd64cfef31afce5185fd548d765e8ecbf90,backend+tests,SOURCE_PRESENT_NOT_SEMANTICALLY_OR_RUNTIME_VERIFIED
backend/test/a3-analytics.spec.ts,2332,bbb6d0b537a4876c898f69cc59e6f4017871877c1a8befe004350350e3872189,backend+tests,SOURCE_PRESENT_NOT_SEMANTICALLY_OR_RUNTIME_VERIFIED
backend/test/a4-segments.spec.ts,2140,c0c12fb0bbe120a11ee88ce4135c1e900282d9badb75c07aecc484c9439df474,backend+tests,SOURCE_PRESENT_NOT_SEMANTICALLY_OR_RUNTIME_VERIFIED
backend/test/a5-coupons.spec.ts,2680,35535ce675d6b445a3e624da6171a2a110754b035ea820fcc5d74496896c7a68,backend+tests,SOURCE_PRESENT_NOT_SEMANTICALLY_OR_RUNTIME_VERIFIED
backend/test/app.boot.e2e-spec.ts,1432,9fed1b4ab5696a326ea0ba83e825fcc09d4946ad6ce501bb2221bec1ded527fe,backend+tests,SOURCE_PRESENT_NOT_SEMANTICALLY_OR_RUNTIME_VERIFIED
backend/test/go3-seo-controls.spec.ts,1337,fc9b9412e7d9f635060be589e06cdcc31dde9f9e9b951d11df747cf24c426ebd,backend+tests,SOURCE_PRESENT_NOT_SEMANTICALLY_OR_RUNTIME_VERIFIED
backend/tsconfig.build.json,119,2364ad8000c31ea809d6b5d4d5fa3349fff28883ed983406bee8d2cd4c831473,backend,SOURCE_PRESENT_NOT_SEMANTICALLY_OR_RUNTIME_VERIFIED
backend/tsconfig.json,723,6a12aea24799485751e9ae2c5296affe5fb570d568e995ec19adb35b7f239063,backend,SOURCE_PRESENT_NOT_SEMANTICALLY_OR_RUNTIME_VERIFIED
packages/shared-contracts/package-lock.json,12519,11955b6640af1041499530473c5a8839c33ea21bc1227687b85c0d88dacd05d0,shared_packages,SOURCE_PRESENT_NOT_SEMANTICALLY_OR_RUNTIME_VERIFIED
packages/shared-contracts/package.json,188,86e28db5d5e91f824fa4c65c13ec82204e651ffde6279684233f40506b539ca8,shared_packages,SOURCE_PRESENT_NOT_SEMANTICALLY_OR_RUNTIME_VERIFIED
packages/shared-contracts/src/__tests__/provider-contracts.spec.ts,6160,f47ea404f0cf7e959f90ad03f838862bf464ad5a889ea2ddcf40c17acc483997,shared_packages+tests,SOURCE_PRESENT_NOT_SEMANTICALLY_OR_RUNTIME_VERIFIED
packages/shared-contracts/src/index.ts,825,e19615912fecd8063d0d5b56654bbb1d1ea6fbe6896f748c9682fa79527308ed,shared_packages,SOURCE_PRESENT_NOT_SEMANTICALLY_OR_RUNTIME_VERIFIED
packages/shared-contracts/src/patient-contracts.ts,10493,0440f49916e022f8f8f6886b5e0c3a1d5663fdf1a433930f1c9113db671cb476,shared_packages,SOURCE_PRESENT_NOT_SEMANTICALLY_OR_RUNTIME_VERIFIED
packages/shared-contracts/src/provider-contracts.ts,15065,5badda2f3c94557c1ff57932e60e756d5dadcefbdf5c70f5b1604ac0270175cf,shared_packages,SOURCE_PRESENT_NOT_SEMANTICALLY_OR_RUNTIME_VERIFIED
packages/shared-contracts/src/state-machines.ts,9671,b987a11c1845ca1d6fa9624fcf4d25d220cbc39f008a8ac9ce4617fd9bd08434,shared_packages,SOURCE_PRESENT_NOT_SEMANTICALLY_OR_RUNTIME_VERIFIED
patient-mobile/.detoxrc.js,2148,687b40c4f96a44201234aca92562c96ea13e4ab264bd81111d2a2b7c1c29f2a4,patient_mobile,SOURCE_PRESENT_NOT_SEMANTICALLY_OR_RUNTIME_VERIFIED
patient-mobile/README.md,1713,62b3c5652d31c99d21000c39b165143e927260af38d25060c1a30ef5130d945b,patient_mobile+documentation,SOURCE_PRESENT_NOT_SEMANTICALLY_OR_RUNTIME_VERIFIED
patient-mobile/app.json,4470,a2b9a86e0c5238e73a8f9d6b1b98b5d7369b3b841146ae2137134e31cfd54b02,patient_mobile,SOURCE_PRESENT_NOT_SEMANTICALLY_OR_RUNTIME_VERIFIED
patient-mobile/app/(auth)/_layout.tsx,453,087f5c5c950ff3a2cc9fa0c78c6e31f7e1d8ea7d31753a061e898cad8a20a516,patient_mobile,SOURCE_PRESENT_NOT_SEMANTICALLY_OR_RUNTIME_VERIFIED
patient-mobile/app/(auth)/forgot-password.tsx,4398,cb286af3fb406bb73ecce2253c1fdddaf9629a04f8ae2131454412e318479ef7,patient_mobile,SOURCE_PRESENT_NOT_SEMANTICALLY_OR_RUNTIME_VERIFIED
patient-mobile/app/(auth)/login.tsx,18544,587c9b5ae250d20b0faadbb94c7562943b62604232f87918a58ab273ef320b5e,patient_mobile,SOURCE_PRESENT_NOT_SEMANTICALLY_OR_RUNTIME_VERIFIED
patient-mobile/app/(auth)/otp.tsx,11277,35d68946370a18c4bc807ed9ebdbbffde570f4d958ca265b300a8cfdea7ee6b8,patient_mobile,SOURCE_PRESENT_NOT_SEMANTICALLY_OR_RUNTIME_VERIFIED
patient-mobile/app/(auth)/privacy.tsx,5762,d4947f42d47c3f066f20486b3bdb0ab50e0d3f960cc30879e060c3c099e691b5,patient_mobile,SOURCE_PRESENT_NOT_SEMANTICALLY_OR_RUNTIME_VERIFIED
patient-mobile/app/(auth)/provider-info.tsx,2762,381b300534513a6a17dd0813d7282e7ed5c3b516ec5434657e14e823736d2b20,patient_mobile,SOURCE_PRESENT_NOT_SEMANTICALLY_OR_RUNTIME_VERIFIED
patient-mobile/app/(auth)/register.tsx,18385,9dcfbb10245c004eb4d7260ac27c55d0b7880fcc8d96ac15d9bc4d1340da6a5d,patient_mobile,SOURCE_PRESENT_NOT_SEMANTICALLY_OR_RUNTIME_VERIFIED
patient-mobile/app/(auth)/reset-password.tsx,4923,59bf083db507abd79d5745e68e62fbb7953920a5cf780b897e86fb16139e7359,patient_mobile,SOURCE_PRESENT_NOT_SEMANTICALLY_OR_RUNTIME_VERIFIED
patient-mobile/app/(auth)/terms.tsx,5497,ebe6881b514da61f2b58c40b7ebb0c094398d55db50f37bf9a12fca737f9aaea,patient_mobile,SOURCE_PRESENT_NOT_SEMANTICALLY_OR_RUNTIME_VERIFIED
patient-mobile/app/(auth)/welcome.tsx,10807,6fd387fc013f5cea23ac402e6f000a1073887f8507d23754a43c06ec5d420179,patient_mobile,SOURCE_PRESENT_NOT_SEMANTICALLY_OR_RUNTIME_VERIFIED
patient-mobile/app/(onboarding)/_layout.tsx,315,c749ff41bda4a9ac43e8231f978e69af965255a5870c113a948cae946c8ff3a5,patient_mobile,SOURCE_PRESENT_NOT_SEMANTICALLY_OR_RUNTIME_VERIFIED
patient-mobile/app/(onboarding)/index.tsx,11600,3255dd8d3c3851a5b8a1cf2814425354b51fde4e13779c2fb68aa93ca5311b4c,patient_mobile,SOURCE_PRESENT_NOT_SEMANTICALLY_OR_RUNTIME_VERIFIED
patient-mobile/app/(onboarding)/language.tsx,3233,9aa06113ba8133da4b19cc32b57bcd1535086abef8cfb1fb8105f25d69578979,patient_mobile,SOURCE_PRESENT_NOT_SEMANTICALLY_OR_RUNTIME_VERIFIED
patient-mobile/app/(onboarding)/permissions.tsx,6440,2d6f2cf481cfda507ab2a3691275ff598f1b0ea443ac74cebd405941906389d5,patient_mobile,SOURCE_PRESENT_NOT_SEMANTICALLY_OR_RUNTIME_VERIFIED
patient-mobile/app/(tabs)/_layout.tsx,741,7f6e60ef5ad8b7bae8fda7e0ffb5921c5e17b3f41dc6c98ebaee75f7711a4f0a,patient_mobile,SOURCE_PRESENT_NOT_SEMANTICALLY_OR_RUNTIME_VERIFIED
patient-mobile/app/(tabs)/consultations/index.tsx,49613,51b28ba195cde72b00245dadc37e7409a83b4ed147181c8cd39c5af71e0fbc19,patient_mobile,SOURCE_PRESENT_NOT_SEMANTICALLY_OR_RUNTIME_VERIFIED
patient-mobile/app/(tabs)/diagnostics.tsx,32590,aece3dbcb0066d8facc28dbb2a30ccacf24ecbf748358500fa077e68efa05420,patient_mobile,SOURCE_PRESENT_NOT_SEMANTICALLY_OR_RUNTIME_VERIFIED
patient-mobile/app/(tabs)/health.tsx,14283,2566ca913a46c198f6264f3d8b43394a81ab2675305fce63f9da2a3222781e05,patient_mobile,SOURCE_PRESENT_NOT_SEMANTICALLY_OR_RUNTIME_VERIFIED
patient-mobile/app/(tabs)/index.tsx,14994,e8aacaa6054fed454843a28ebc482f760efab61ca4bee93a7ebbee89895cb2dc,patient_mobile,SOURCE_PRESENT_NOT_SEMANTICALLY_OR_RUNTIME_VERIFIED
patient-mobile/app/(tabs)/nursing.tsx,22349,3329c1a3e27bc3e55a74c7412b95ffa03e8f0a7ce28216a57734f259fa8de113,patient_mobile,SOURCE_PRESENT_NOT_SEMANTICALLY_OR_RUNTIME_VERIFIED
patient-mobile/app/(tabs)/pharmacy.tsx,33798,644fa36e715a437e734b75e70b2533acc36526965a3d948bb29ea1759c9748d1,patient_mobile,SOURCE_PRESENT_NOT_SEMANTICALLY_OR_RUNTIME_VERIFIED
patient-mobile/app/(tabs)/services.tsx,6569,d481cd70486f95736262df9376562f8cbde45220c0e1303f4f3c72fecab2ef26,patient_mobile,SOURCE_PRESENT_NOT_SEMANTICALLY_OR_RUNTIME_VERIFIED
patient-mobile/app/_layout.tsx,4540,bc287f557d5cf21febc92ce45baf0c551526b179664f71981db4bf98e032ae2b,patient_mobile,SOURCE_PRESENT_NOT_SEMANTICALLY_OR_RUNTIME_VERIFIED
patient-mobile/app/ai-assistant.tsx,6946,d5ec29fd132bbd7fa3fe44103da767388ca4aa8819baf06cbfc7bf2ccdc64f5b,patient_mobile,SOURCE_PRESENT_NOT_SEMANTICALLY_OR_RUNTIME_VERIFIED
patient-mobile/app/ai/chat-doctor.tsx,234,c3d88bd152314fbd0a74a0b364f2484eb5ee0a87a146b68efd5cf21c7c798f3f,patient_mobile,SOURCE_PRESENT_NOT_SEMANTICALLY_OR_RUNTIME_VERIFIED
patient-mobile/app/ai/monthly-report.tsx,15822,74af27b4961e4381e7dbaf371d65da3c1ac80c1c87940317470c2f98d5960c40,patient_mobile,SOURCE_PRESENT_NOT_SEMANTICALLY_OR_RUNTIME_VERIFIED
patient-mobile/app/ai/prescription-translator.tsx,14521,b8ab5a6b7ab87e466e5aa40a1355b7627c77b50e267b18208962762e2cb56f67,patient_mobile,SOURCE_PRESENT_NOT_SEMANTICALLY_OR_RUNTIME_VERIFIED
patient-mobile/app/ai/skin-analysis.tsx,10359,98b4e44c02fd836bc823693531b2e362f6ed8747975379994880f810c15df966,patient_mobile,SOURCE_PRESENT_NOT_SEMANTICALLY_OR_RUNTIME_VERIFIED
patient-mobile/app/ai/symptom-checker.tsx,265,3457203e1fdd0225811eb9a2f579606ecaedc8a32e75fad05bfc5732ce2e8803,patient_mobile,SOURCE_PRESENT_NOT_SEMANTICALLY_OR_RUNTIME_VERIFIED
patient-mobile/app/ai/symptom-timeline.tsx,263,7b9b32e4a32be722c6739045312d735793d567d9859fae3bdd3db4b65a1e9d16,patient_mobile,SOURCE_PRESENT_NOT_SEMANTICALLY_OR_RUNTIME_VERIFIED
patient-mobile/app/ai/triage.tsx,9254,e4351c0c162ea0a8b5396a28726d0601b62a9ec51df304befe83f43251970fcf,patient_mobile,SOURCE_PRESENT_NOT_SEMANTICALLY_OR_RUNTIME_VERIFIED
patient-mobile/app/articles/[slug].tsx,8153,e35a6ae3ba41b44894f68bbf9f1999cfba23f43d77c21b186a9f1844e641e1fb,patient_mobile,SOURCE_PRESENT_NOT_SEMANTICALLY_OR_RUNTIME_VERIFIED
patient-mobile/app/articles/bookmarks.tsx,4599,80f15ba95db7a0c7dedeb35274267e9e62d58cd45048515a7c6b574fbec8787a,patient_mobile,SOURCE_PRESENT_NOT_SEMANTICALLY_OR_RUNTIME_VERIFIED
patient-mobile/app/articles/index.tsx,8299,d8c8a8004295468bf49b392951ff83db0063df167470f69ac960e3632068aa99,patient_mobile,SOURCE_PRESENT_NOT_SEMANTICALLY_OR_RUNTIME_VERIFIED
patient-mobile/app/authGuestPolicy.test.ts,601,ec4c298c50893080e50ac11c2499425751b75e3cd0302a7bc847125c45269bc4,patient_mobile+tests,SOURCE_PRESENT_NOT_SEMANTICALLY_OR_RUNTIME_VERIFIED
patient-mobile/app/community/hub.tsx,11380,4cfbdd96ccfa0337517d045ba3afb357d0dd177aab6eb08e1e5b3ec0f0e6d491,patient_mobile,SOURCE_PRESENT_NOT_SEMANTICALLY_OR_RUNTIME_VERIFIED
patient-mobile/app/community/post-detail.tsx,11124,6ab5a01586714384cbb518eda3d18cfc8c7a102e8c9d42637f58c467bdf7b68c,patient_mobile,SOURCE_PRESENT_NOT_SEMANTICALLY_OR_RUNTIME_VERIFIED
patient-mobile/app/consultations/appointment-detail.tsx,17334,11c1bdd694b610cca1385e483a052518db3882940c50209d9b7d865c65bc0c70,patient_mobile,SOURCE_PRESENT_NOT_SEMANTICALLY_OR_RUNTIME_VERIFIED
patient-mobile/app/consultations/appointments.tsx,14264,c6144066411f0eff564346557570aadc78c5eaa7740a48c296bb8ac639fa51b6,patient_mobile,SOURCE_PRESENT_NOT_SEMANTICALLY_OR_RUNTIME_VERIFIED
patient-mobile/app/consultations/book/[id].tsx,17702,cdc084345b7fb456716faba3cd583ab70a924a6359ca9d2ac8835d4bcba40d31,patient_mobile,SOURCE_PRESENT_NOT_SEMANTICALLY_OR_RUNTIME_VERIFIED
patient-mobile/app/consultations/booking-confirm.tsx,25316,7c47744bd49e27de445602514a33f1cdaffb2d54373b3f9879484a647c83a686,patient_mobile,SOURCE_PRESENT_NOT_SEMANTICALLY_OR_RUNTIME_VERIFIED
patient-mobile/app/consultations/booking-pending.tsx,11069,ec8a97de6bfb93c5ee2b7cb451915e8e4a834754e627a768eac021edec8a7a19,patient_mobile,SOURCE_PRESENT_NOT_SEMANTICALLY_OR_RUNTIME_VERIFIED
patient-mobile/app/consultations/booking-success.tsx,10292,53a9136da667815163a044bb02e7cbff71f9fb832a4a7707282b9baa7ce86124,patient_mobile,SOURCE_PRESENT_NOT_SEMANTICALLY_OR_RUNTIME_VERIFIED
patient-mobile/app/consultations/call-history.tsx,9701,acf319e53b7eedb3359d1c3d94864b67a3124ea9403f705c577f93732c022f4c,patient_mobile,SOURCE_PRESENT_NOT_SEMANTICALLY_OR_RUNTIME_VERIFIED
patient-mobile/app/consultations/cancel-reschedule.tsx,16946,bd00d43ece07dc3afc6919b7f70372e585c7498fc392b4fb97262624e89676c2,patient_mobile,SOURCE_PRESENT_NOT_SEMANTICALLY_OR_RUNTIME_VERIFIED
patient-mobile/app/consultations/chat-with-doctor.tsx,11660,6795062ac122a38d40b2386a2f24863db9ca8bbc3160afa01460e6f26573878f,patient_mobile,SOURCE_PRESENT_NOT_SEMANTICALLY_OR_RUNTIME_VERIFIED
patient-mobile/app/consultations/clinic-confirm.tsx,11125,f12f8de2650cd84d925e48e7f66de91cc596548a3fa8e93f324468ac824e2acd,patient_mobile,SOURCE_PRESENT_NOT_SEMANTICALLY_OR_RUNTIME_VERIFIED
patient-mobile/app/consultations/clinic-location.tsx,5354,2c01120da741f0e7d9ee9941f92c3f3132acf7f545036422d7ac9d8cca889df4,patient_mobile,SOURCE_PRESENT_NOT_SEMANTICALLY_OR_RUNTIME_VERIFIED
patient-mobile/app/consultations/clinic/[id].tsx,7333,f9297f4d7a5e73637c42ad8747ff6ce9cf5fc9ac1a86a2ebfea80ac4029425d8,patient_mobile,SOURCE_PRESENT_NOT_SEMANTICALLY_OR_RUNTIME_VERIFIED
patient-mobile/app/consultations/doctor-profile.tsx,1348,733368cdc728552c33ceb88ccd57ebec9279c407b6b451c07e502e0f4aa5dd7f,patient_mobile,SOURCE_PRESENT_NOT_SEMANTICALLY_OR_RUNTIME_VERIFIED
patient-mobile/app/consultations/doctor-search.tsx,7483,7306994dbce3ae1443f7fd9d3cba515436b05fc9b8695abdf3fdfe8905378d77,patient_mobile,SOURCE_PRESENT_NOT_SEMANTICALLY_OR_RUNTIME_VERIFIED
patient-mobile/app/consultations/doctor/[id].tsx,37768,3cca7a66d0e3bde604349b28a100f85587660867f9b0fe9668f7349d626b23dd,patient_mobile,SOURCE_PRESENT_NOT_SEMANTICALLY_OR_RUNTIME_VERIFIED
patient-mobile/app/consultations/follow-up.tsx,9846,b70c204551cc70c4b0c8c5603252815c9db1bd09be581f93707a2982a9b72b77,patient_mobile,SOURCE_PRESENT_NOT_SEMANTICALLY_OR_RUNTIME_VERIFIED
patient-mobile/app/consultations/home-visit-tracking.tsx,7820,ff6376027519af5abed1e210859a3f44a66489964f9d35702fa21913ee56220c,patient_mobile,SOURCE_PRESENT_NOT_SEMANTICALLY_OR_RUNTIME_VERIFIED
patient-mobile/app/consultations/incoming-call.tsx,4788,886853a264f20abe032edda938b7f636680c6246c2111e083e2a7c1284a0795e,patient_mobile,SOURCE_PRESENT_NOT_SEMANTICALLY_OR_RUNTIME_VERIFIED
patient-mobile/app/consultations/offer/[id].tsx,634,c5b964f782a7b227134183a14c9197ebfa1475c3dfe2cd05eeeee13260800673,patient_mobile,SOURCE_PRESENT_NOT_SEMANTICALLY_OR_RUNTIME_VERIFIED
patient-mobile/app/consultations/post-call-rating.tsx,7152,86e59042c612168ae4784076ddb66c7a956ebd5dacb75a8acc76adb940dbf70c,patient_mobile,SOURCE_PRESENT_NOT_SEMANTICALLY_OR_RUNTIME_VERIFIED
patient-mobile/app/consultations/prescription-from-doctor.tsx,13064,9856162dc1912802c4804c7c8ace6e34daa574300f8a54d684675b021295ad56,patient_mobile,SOURCE_PRESENT_NOT_SEMANTICALLY_OR_RUNTIME_VERIFIED
patient-mobile/app/consultations/share-report.tsx,8332,267fa4146750d47dcf9b96ca468edba8e6e5e8d30d2f5789f0626ef9098a0a6b,patient_mobile,SOURCE_PRESENT_NOT_SEMANTICALLY_OR_RUNTIME_VERIFIED
patient-mobile/app/consultations/specialty-select.tsx,4363,cf4c31f5c0af14199dcb0b04e55056ad977d3e951780585906f5f502bf9603b8,patient_mobile,SOURCE_PRESENT_NOT_SEMANTICALLY_OR_RUNTIME_VERIFIED
patient-mobile/app/consultations/summary.tsx,8687,751ea051db706a26f8b4b78665cfe7a74c0c15f3899901d4a9ce1da61f942df8,patient_mobile,SOURCE_PRESENT_NOT_SEMANTICALLY_OR_RUNTIME_VERIFIED
patient-mobile/app/consultations/video-call.tsx,9134,9be0057af1c131f2217ea22acec8e2159dd15e629d235901267389ba9fae8a3e,patient_mobile,SOURCE_PRESENT_NOT_SEMANTICALLY_OR_RUNTIME_VERIFIED
patient-mobile/app/consultations/video/[id].tsx,405,bd03b73e7e3ee293f5bf096ec35b33f488fdf4e75d16b76e46caf6f2574faf60,patient_mobile,SOURCE_PRESENT_NOT_SEMANTICALLY_OR_RUNTIME_VERIFIED
patient-mobile/app/consultations/virtual-waiting-room.tsx,6871,05666fdd4d35d42e8f15760158df9e42a2aed36a95ac43dda9616dbeaebc842e,patient_mobile,SOURCE_PRESENT_NOT_SEMANTICALLY_OR_RUNTIME_VERIFIED
patient-mobile/app/consultations/waiting-room.tsx,9089,10526793f7fdf30c2fd0ae1d410d1e6c83ce48187ac2124e05f7d3dc6f8a5335,patient_mobile,SOURCE_PRESENT_NOT_SEMANTICALLY_OR_RUNTIME_VERIFIED
patient-mobile/app/delivery/address-select.tsx,7607,dcec21979ba59558dadac7f7e1039c433ada9069d95d3d69364c7cd180f7ec79,patient_mobile,SOURCE_PRESENT_NOT_SEMANTICALLY_OR_RUNTIME_VERIFIED
patient-mobile/app/diagnostics/book-sample.tsx,3450,91b3e24e3f399b743a132571996129ebae210791c7da598d29315b8c97fe59fc,patient_mobile,SOURCE_PRESENT_NOT_SEMANTICALLY_OR_RUNTIME_VERIFIED
patient-mobile/app/diagnostics/book.tsx,9142,84932c10172ef3d696dc4221d0816e9facc1456f5f963fb33a66c3c7483c4122,patient_mobile,SOURCE_PRESENT_NOT_SEMANTICALLY_OR_RUNTIME_VERIFIED
patient-mobile/app/diagnostics/booking-confirm.tsx,278,3d5459f0d8ea8ad79516c632a20a1ec186b1a42011dbfd4a59b5f46a22988ae3,patient_mobile,SOURCE_PRESENT_NOT_SEMANTICALLY_OR_RUNTIME_VERIFIED
patient-mobile/app/diagnostics/booking-success.tsx,6029,1ff1bac23e34ee88aaaf59f644a67412d086866390303bd8af402a7386628c98,patient_mobile,SOURCE_PRESENT_NOT_SEMANTICALLY_OR_RUNTIME_VERIFIED
patient-mobile/app/diagnostics/cart.tsx,14481,0c4812e364542484aa98ce0f0f7a323500ba84fa2323eb39da11048761f7c3ed,patient_mobile,SOURCE_PRESENT_NOT_SEMANTICALLY_OR_RUNTIME_VERIFIED
patient-mobile/app/diagnostics/checkout.tsx,260,0442d363b5d78c6ee6bb92148b2909a07e64d71db551e5c78596a577c7986d6d,patient_mobile,SOURCE_PRESENT_NOT_SEMANTICALLY_OR_RUNTIME_VERIFIED
patient-mobile/app/diagnostics/insurance-approval.tsx,15236,3317ed2fb333ffcfb1b768f43701c87efd054762a151b06ee14c692f67fa694e,patient_mobile,SOURCE_PRESENT_NOT_SEMANTICALLY_OR_RUNTIME_VERIFIED
patient-mobile/app/diagnostics/insurance-upload.tsx,24629,fea1029240afa878585e6cd6362341880827c6b80df633c38bdeedfc3d558a2a,patient_mobile,SOURCE_PRESENT_NOT_SEMANTICALLY_OR_RUNTIME_VERIFIED
patient-mobile/app/diagnostics/lab-comparison.tsx,8703,be6969d1332218956a3c235675a57a4a3e45b14afee04e991b3263e9a299699f,patient_mobile,SOURCE_PRESENT_NOT_SEMANTICALLY_OR_RUNTIME_VERIFIED
patient-mobile/app/diagnostics/lab/[id].tsx,10466,74e9c7dcb803136279a4ef8f944de8afbe7fe0a033939d75d543312f5b919adb,patient_mobile,SOURCE_PRESENT_NOT_SEMANTICALLY_OR_RUNTIME_VERIFIED
patient-mobile/app/diagnostics/my-results.tsx,7394,83e331a3961dc9ffaf03da4f219516f9fa92ef83f43d648e71dacb2260bbbaf2,patient_mobile,SOURCE_PRESENT_NOT_SEMANTICALLY_OR_RUNTIME_VERIFIED
patient-mobile/app/diagnostics/order/[id].tsx,17564,72d16403e4e370024f2460b78f2007cade087a961e351a8736d3501724c30e98,patient_mobile,SOURCE_PRESENT_NOT_SEMANTICALLY_OR_RUNTIME_VERIFIED
patient-mobile/app/diagnostics/orders.tsx,11225,5af2776c75b457e5175c7bb1089dbf64de21f89234725c0cd7489ef686029271,patient_mobile,SOURCE_PRESENT_NOT_SEMANTICALLY_OR_RUNTIME_VERIFIED
patient-mobile/app/diagnostics/package-detail.tsx,11156,a435fe5678a07ab463e4e5bc84b1a858e65551aeaf5f9b4d354cc11af63d4719,patient_mobile,SOURCE_PRESENT_NOT_SEMANTICALLY_OR_RUNTIME_VERIFIED
patient-mobile/app/diagnostics/packages.tsx,7409,c72bf81b33f14036eda674aacf1aef078b68b1e46ea7d41b2d84390d2ccd1ba2,patient_mobile,SOURCE_PRESENT_NOT_SEMANTICALLY_OR_RUNTIME_VERIFIED
patient-mobile/app/diagnostics/results-history.tsx,6228,94e6d5156c5aa1c0b6da91e3a4b087ca2c9be746a6afaa5a80798e5636a14890,patient_mobile,SOURCE_PRESENT_NOT_SEMANTICALLY_OR_RUNTIME_VERIFIED
patient-mobile/app/diagnostics/sample-tracking.tsx,252,23f4db8d0810ee3924f4922c3c5a8844b16744f29e8bf592481234055fbc3d56,patient_mobile,SOURCE_PRESENT_NOT_SEMANTICALLY_OR_RUNTIME_VERIFIED
patient-mobile/app/diagnostics/search.tsx,4439,8e7e8928ad02df3e8dca95ca5d41c4c07c3331fb2611a07d7e35baf8c97cae11,patient_mobile,SOURCE_PRESENT_NOT_SEMANTICALLY_OR_RUNTIME_VERIFIED
patient-mobile/app/diagnostics/technician-tracking.tsx,243,4cd99908d596baf9e1625e10b6ae545b1d372e207bf95ac5ae71c7002b2dcd4d,patient_mobile,SOURCE_PRESENT_NOT_SEMANTICALLY_OR_RUNTIME_VERIFIED
patient-mobile/app/diagnostics/test-detail.tsx,11892,5fb863467c0b0c11afe6fd633e40b2574be8bab820d88bb99231af2775ca6b2f,patient_mobile,SOURCE_PRESENT_NOT_SEMANTICALLY_OR_RUNTIME_VERIFIED
patient-mobile/app/diagnostics/upload-rx.tsx,299,1bf443704c5aa1480f8a9bb1e196c82a3a42ed8b181d62df7a4c20bc18149fa2,patient_mobile,SOURCE_PRESENT_NOT_SEMANTICALLY_OR_RUNTIME_VERIFIED
patient-mobile/app/drug-scanner/index.tsx,14954,86ebd18fa847d396f1c5f64839d86f187c9613c290442b4764db4d0cceef3839,patient_mobile,SOURCE_PRESENT_NOT_SEMANTICALLY_OR_RUNTIME_VERIFIED
patient-mobile/app/emergency/index.tsx,132,ee21ec71bc132939651f26c6ab0035ca8ba0979a3962eef6092e7ad4c6301136,patient_mobile,SOURCE_PRESENT_NOT_SEMANTICALLY_OR_RUNTIME_VERIFIED
patient-mobile/app/emergency/sos-active.tsx,11416,a2295e0840ae95f46a7879e96b65ad4cada043a4138c35de97722b8d55f52d58,patient_mobile,SOURCE_PRESENT_NOT_SEMANTICALLY_OR_RUNTIME_VERIFIED
patient-mobile/app/emergency/sos.tsx,9668,e3cabb52b1e19a80f2743eb818dbe28979b35070b173c4fa477ae5b87b00f382,patient_mobile,SOURCE_PRESENT_NOT_SEMANTICALLY_OR_RUNTIME_VERIFIED
patient-mobile/app/emergency/tracking.tsx,7876,d0725354447c85244ebc40d469df997a63b4f3c003ec1df91a6457131d97debe,patient_mobile,SOURCE_PRESENT_NOT_SEMANTICALLY_OR_RUNTIME_VERIFIED
patient-mobile/app/family/calendar.tsx,12399,aa3821a40e010dfb9d35b3081d74f7d8d8ca37afbdfcc32fbd4ae640b981d6bf,patient_mobile,SOURCE_PRESENT_NOT_SEMANTICALLY_OR_RUNTIME_VERIFIED
patient-mobile/app/family/chat.tsx,8054,1d7866e83313b504b2c3e7ecaedb058620d01c13eae206175752ebba8b7ea62f,patient_mobile,SOURCE_PRESENT_NOT_SEMANTICALLY_OR_RUNTIME_VERIFIED
patient-mobile/app/family/emergency-contacts.tsx,6988,76ba00687856038f9fdcafd5619202bc00e74afb8fe4799d73a767359826f722,patient_mobile,SOURCE_PRESENT_NOT_SEMANTICALLY_OR_RUNTIME_VERIFIED
patient-mobile/app/family/hub.tsx,7634,ba85062b5b7f0885a99d6c283baa445ae96385b2162ac1ec5a399c3a00368e65,patient_mobile,SOURCE_PRESENT_NOT_SEMANTICALLY_OR_RUNTIME_VERIFIED
patient-mobile/app/family/index.tsx,136,ea3630f578f8498d9f3ef6aca5699265051d46a3c4760a25d1f5535102ac897d,patient_mobile,SOURCE_PRESENT_NOT_SEMANTICALLY_OR_RUNTIME_VERIFIED
patient-mobile/app/family/invite.tsx,8234,4ba35458d0a31cd7cf159647e6c4c1c67e2f828cae8b316217e7b04aecd6a276,patient_mobile,SOURCE_PRESENT_NOT_SEMANTICALLY_OR_RUNTIME_VERIFIED
patient-mobile/app/family/join.tsx,7904,5ac39d837d45443013f6c2a06b081b4e754186d0482e09a8a09ad10e3c66a714,patient_mobile,SOURCE_PRESENT_NOT_SEMANTICALLY_OR_RUNTIME_VERIFIED
patient-mobile/app/family/member-health.tsx,9535,318a6f6962ad969de2bdf13871b94baa5e93e68bd2f0cb654263b94f0ab0dc99,patient_mobile,SOURCE_PRESENT_NOT_SEMANTICALLY_OR_RUNTIME_VERIFIED
patient-mobile/app/family/permission-request.tsx,8512,648b8d83c6f210f1c592d83fb14371a89e0ab65adc7ac26ba2a5f9c7bc92a817,patient_mobile,SOURCE_PRESENT_NOT_SEMANTICALLY_OR_RUNTIME_VERIFIED
patient-mobile/app/family/permissions.tsx,11330,d3887b57c0f5bb4d90901ce747760699111b5b3870815d99913d24dd06843a39,patient_mobile,SOURCE_PRESENT_NOT_SEMANTICALLY_OR_RUNTIME_VERIFIED
patient-mobile/app/family/scan.tsx,4294,e6391edd94c1d70b2f0e72cccd5a118632de845df4df932c6ceec016bde058b7,patient_mobile,SOURCE_PRESENT_NOT_SEMANTICALLY_OR_RUNTIME_VERIFIED
patient-mobile/app/family/shared-calendar.tsx,256,5ee6fdfbbbc8b0cd7c9ff4e99a219405d8f6461b8eb254434782468517e83919,patient_mobile,SOURCE_PRESENT_NOT_SEMANTICALLY_OR_RUNTIME_VERIFIED
patient-mobile/app/health/actionable-order.tsx,8138,449ee980c3106eea0b9402b004e069c4873e85ea0f25a5193936e6946f7786ac,patient_mobile,SOURCE_PRESENT_NOT_SEMANTICALLY_OR_RUNTIME_VERIFIED
patient-mobile/app/health/add-family-member.tsx,199,69716690afd154c68e623e5aa6a5d0601feff85301e0b8ee6ce89a85c2a02911,patient_mobile,SOURCE_PRESENT_NOT_SEMANTICALLY_OR_RUNTIME_VERIFIED
patient-mobile/app/health/chronic-disease.tsx,12258,2e5d37000b3ac504569b42a1da40ff05d43a7da2199806296f64104283205765,patient_mobile,SOURCE_PRESENT_NOT_SEMANTICALLY_OR_RUNTIME_VERIFIED
patient-mobile/app/health/chronic-medications.tsx,8918,242f7c413ac96d189e7338a0603c0fa4522fc5258c87f2eef94bf0254776aa98,patient_mobile,SOURCE_PRESENT_NOT_SEMANTICALLY_OR_RUNTIME_VERIFIED
patient-mobile/app/health/conditions-allergies.tsx,6425,d70f0c111035eaa026c7e11e36671e7faf57d6029a01f6f33f2bf7472463f9d3,patient_mobile,SOURCE_PRESENT_NOT_SEMANTICALLY_OR_RUNTIME_VERIFIED
patient-mobile/app/health/edit-profile.tsx,9422,920cb8b9dc2234f4bc12dc292e98f9de311caf45e1429d92fadc902653758927,patient_mobile,SOURCE_PRESENT_NOT_SEMANTICALLY_OR_RUNTIME_VERIFIED
patient-mobile/app/health/emergency-contacts.tsx,9585,9b025b3e7088176b64534a8c1bded963ff299af540ec495f34f4d8b00f44f2fe,patient_mobile,SOURCE_PRESENT_NOT_SEMANTICALLY_OR_RUNTIME_VERIFIED
patient-mobile/app/health/family-calendar.tsx,209,63488ba6ac5a338926abe399617d46782644470ea317a5890eb0fa0861924307,patient_mobile,SOURCE_PRESENT_NOT_SEMANTICALLY_OR_RUNTIME_VERIFIED
patient-mobile/app/health/family-chat.tsx,190,fbe7857fbf0f9ea4e42dee542c2dff6335acfcd91b747cafa6d266a5a411d8b1,patient_mobile,SOURCE_PRESENT_NOT_SEMANTICALLY_OR_RUNTIME_VERIFIED
patient-mobile/app/health/family-hub.tsx,9775,a3909cdc8ff722429053f57d0a6f51e5cc0ea11d31507b8d5c8bf7bab9733b85,patient_mobile,SOURCE_PRESENT_NOT_SEMANTICALLY_OR_RUNTIME_VERIFIED
patient-mobile/app/health/family-member-detail.tsx,216,f21dc80e027271dee8cc50e3bc333269f8692bb078c228654de9eb2c27eaad76,patient_mobile,SOURCE_PRESENT_NOT_SEMANTICALLY_OR_RUNTIME_VERIFIED
patient-mobile/app/health/health-id.tsx,15931,1d0cfcbe85f1375d9ff9d77ba18ce6435acb60041e4d167825b2d61dc34027d3,patient_mobile,SOURCE_PRESENT_NOT_SEMANTICALLY_OR_RUNTIME_VERIFIED
patient-mobile/app/health/medication-reminder-add.tsx,12590,81075056982b888ce5d0276024781cbfa4e6e3f483e812040a8db8c4f7001520,patient_mobile,SOURCE_PRESENT_NOT_SEMANTICALLY_OR_RUNTIME_VERIFIED
patient-mobile/app/health/medication-reminder-list.tsx,12291,99997b0eae6b6a4e252a5f7deae8097bb33dcbc63ef43832a7047426f52d0481,patient_mobile,SOURCE_PRESENT_NOT_SEMANTICALLY_OR_RUNTIME_VERIFIED
patient-mobile/app/health/medications.tsx,7224,e0defff9a005743d3728283015d5de0448c7367cb40db590a8c457dcbee2be06,patient_mobile,SOURCE_PRESENT_NOT_SEMANTICALLY_OR_RUNTIME_VERIFIED
patient-mobile/app/health/prescriptions.tsx,8140,9ef8d4e8641ff68859c2dc281b7d259708f294c3ef0437dff9fdb9f846d701a7,patient_mobile,SOURCE_PRESENT_NOT_SEMANTICALLY_OR_RUNTIME_VERIFIED
patient-mobile/app/health/refills.tsx,10759,3dcadb43d62d56716943b81dfb8a44c50c062d1924fbcb98fdac4259cc8c3dfa,patient_mobile,SOURCE_PRESENT_NOT_SEMANTICALLY_OR_RUNTIME_VERIFIED
patient-mobile/app/health/reminders.tsx,271,18d77cf12a8a534811105b570d41e37d53d9ae1ced8eee16f228cb1d5dbd2a3a,patient_mobile,SOURCE_PRESENT_NOT_SEMANTICALLY_OR_RUNTIME_VERIFIED
patient-mobile/app/health/reports.tsx,4233,6574f0052e1e3dd7fa7e927ee524ef8cd31dbea8f3b30996a6cc46270ea91652,patient_mobile,SOURCE_PRESENT_NOT_SEMANTICALLY_OR_RUNTIME_VERIFIED
patient-mobile/app/health/sleep-score.tsx,9301,0b972641a26c3a5ca94341b9a5764cc34625da62628e7739d3cfe98586ff9987,patient_mobile,SOURCE_PRESENT_NOT_SEMANTICALLY_OR_RUNTIME_VERIFIED
patient-mobile/app/health/sleep-tracker.tsx,11806,4fc1144907762ea4811675a71091f2c7167c0fc27b5701506a48256b034b4c9e,patient_mobile,SOURCE_PRESENT_NOT_SEMANTICALLY_OR_RUNTIME_VERIFIED
patient-mobile/app/health/smart-reminders.tsx,271,5232e24ffb7747c479108f278c6b2fde025ee77083589e06c3b68d92345a7e27,patient_mobile,SOURCE_PRESENT_NOT_SEMANTICALLY_OR_RUNTIME_VERIFIED
patient-mobile/app/health/trends.tsx,21246,a08673281a04cd407c8df123d835fc51b3ddea7a9bba44c272c56d154fa76a44,patient_mobile,SOURCE_PRESENT_NOT_SEMANTICALLY_OR_RUNTIME_VERIFIED
patient-mobile/app/health/vitals-log.tsx,8428,bbc0288d2d3bf15d89464a704fa44cea962fa66ad974c58e9eeab43162407d56,patient_mobile,SOURCE_PRESENT_NOT_SEMANTICALLY_OR_RUNTIME_VERIFIED
patient-mobile/app/health/vitals.tsx,5415,e28f1ae977a28b4ed32fe284f675054eff9ee0668f8ada3e0d001d205f0ac050,patient_mobile,SOURCE_PRESENT_NOT_SEMANTICALLY_OR_RUNTIME_VERIFIED
patient-mobile/app/health/wearables.tsx,12726,bdbf4af9ffcd414caba71dea8ffba9ef98ffef020f8c4bda89c6172f7a19b28f,patient_mobile,SOURCE_PRESENT_NOT_SEMANTICALLY_OR_RUNTIME_VERIFIED
patient-mobile/app/index.tsx,2154,e7ef3b39ab55d2eb22f6b8ef9c44f740e18a1e5475aa56554bf44edb0e9915a6,patient_mobile,SOURCE_PRESENT_NOT_SEMANTICALLY_OR_RUNTIME_VERIFIED
patient-mobile/app/insurance/add-policy.tsx,10688,57c84ef784eb079668c10c913919e60152163f8586a9b3d92f645032759fa24a,patient_mobile,SOURCE_PRESENT_NOT_SEMANTICALLY_OR_RUNTIME_VERIFIED
patient-mobile/app/insurance/approval-pending.tsx,10407,b48b1921bf72a7c6658dff4c17549310ea83e990963d054e875d839b55301229,patient_mobile,SOURCE_PRESENT_NOT_SEMANTICALLY_OR_RUNTIME_VERIFIED
patient-mobile/app/insurance/benefits-summary.tsx,8791,f5f31213f8f5a8aba005d0245afce88e7d665377660ca08e3b047543ba43f904,patient_mobile,SOURCE_PRESENT_NOT_SEMANTICALLY_OR_RUNTIME_VERIFIED
patient-mobile/app/insurance/claim-tracking.tsx,8462,a79760f4d4912737820feed13aee9ee42789ad87c8e0f440617d08481a3988de,patient_mobile,SOURCE_PRESENT_NOT_SEMANTICALLY_OR_RUNTIME_VERIFIED
patient-mobile/app/insurance/copay.tsx,6908,7ff35a2661d65523f577e5f01561f6d34bf1c5070dd9e3366186e808dc92fe10,patient_mobile,SOURCE_PRESENT_NOT_SEMANTICALLY_OR_RUNTIME_VERIFIED
patient-mobile/app/insurance/coverage-check.tsx,14969,578916a6df5d131848343f79b4c7256df5d04e91430bec06d9502b9baa46c7d8,patient_mobile,SOURCE_PRESENT_NOT_SEMANTICALLY_OR_RUNTIME_VERIFIED
patient-mobile/app/insurance/hub.tsx,28521,53f8e884394bdf0308e180e4d245b9564e48d84367ec4c627a1d069a6e659a70,patient_mobile,SOURCE_PRESENT_NOT_SEMANTICALLY_OR_RUNTIME_VERIFIED
patient-mobile/app/insurance/index.tsx,164,14545ca352e5a30fb45ea67efcad9ee601caf4c62f325e58a0e2432c6e9ec279,patient_mobile,SOURCE_PRESENT_NOT_SEMANTICALLY_OR_RUNTIME_VERIFIED
patient-mobile/app/insurance/network-providers.tsx,11526,c4839e5baf194593122eb7919e1f5b1143204d68711f6f3a4f03d9f53f8ef249,patient_mobile,SOURCE_PRESENT_NOT_SEMANTICALLY_OR_RUNTIME_VERIFIED
patient-mobile/app/insurance/payment-split.tsx,7347,77234a94abb1ec6afe1b168c279b854e3a7adebcb7a7d1ec628096844768d2da,patient_mobile,SOURCE_PRESENT_NOT_SEMANTICALLY_OR_RUNTIME_VERIFIED
patient-mobile/app/insurance/policy-detail.tsx,5864,4ae02f4acd367d41f60605d380fd69249605f0ceadb40d1572d198acceffb5b0,patient_mobile,SOURCE_PRESENT_NOT_SEMANTICALLY_OR_RUNTIME_VERIFIED
patient-mobile/app/insurance/refund-status.tsx,4819,dc86528f1844c45dc362e785f252ef0a69e014880ed9d0d19933e7ed4b359bde,patient_mobile,SOURCE_PRESENT_NOT_SEMANTICALLY_OR_RUNTIME_VERIFIED
patient-mobile/app/insurance/submit-claim.tsx,6023,10394928e5bf67cd556b30b943ca91097ca0fa57aabe835abf17a89976265025,patient_mobile,SOURCE_PRESENT_NOT_SEMANTICALLY_OR_RUNTIME_VERIFIED
patient-mobile/app/loyalty/challenges.tsx,9602,fdc5a0846da4b64a7db06d9547ee70a71a7fa7e8d9daa91401659c17802e7aa7,patient_mobile,SOURCE_PRESENT_NOT_SEMANTICALLY_OR_RUNTIME_VERIFIED
patient-mobile/app/loyalty/hub.tsx,22841,8ffee0c60c11cc9b788089525e77ebe8628efe5a88b369acd586a60c3daa9878,patient_mobile,SOURCE_PRESENT_NOT_SEMANTICALLY_OR_RUNTIME_VERIFIED
patient-mobile/app/loyalty/leaderboard.tsx,8779,337510aae0d6d2c49f26c78adffe3326fc025ab31295cb3eac1cd302c1001340,patient_mobile,SOURCE_PRESENT_NOT_SEMANTICALLY_OR_RUNTIME_VERIFIED
patient-mobile/app/loyalty/referrals.tsx,12099,2ff46639a54bd3c7893368414cdc1e41a31a8f860661cdc0ae5fc5aaf4bed20f,patient_mobile,SOURCE_PRESENT_NOT_SEMANTICALLY_OR_RUNTIME_VERIFIED
patient-mobile/app/loyalty/rewards.tsx,6827,c5f536dd500febb91bc42829a5a207b40a7b16d1a4bd055850f1b374ddf8e2e7,patient_mobile,SOURCE_PRESENT_NOT_SEMANTICALLY_OR_RUNTIME_VERIFIED
patient-mobile/app/map/index.tsx,34657,1cea88a14f50d5529fa085dc846dc5d72f1e0b658948e72f585c39d13aa95791,patient_mobile,SOURCE_PRESENT_NOT_SEMANTICALLY_OR_RUNTIME_VERIFIED
patient-mobile/app/maternity/baby-development.tsx,223,7665fd8bcc2b2ad856a115473b0bcb10cfc9dabbd4f6494144f955f5de708a83,patient_mobile,SOURCE_PRESENT_NOT_SEMANTICALLY_OR_RUNTIME_VERIFIED
patient-mobile/app/maternity/baby-growth.tsx,233,8ec294db2f5a168388e21578bbfcf443ab856e6202be77bb8c6a3c502af0c235,patient_mobile,SOURCE_PRESENT_NOT_SEMANTICALLY_OR_RUNTIME_VERIFIED
patient-mobile/app/maternity/fetus-data.ts,12164,def8d25461322e3b90e6d2087394a6ff565357e0e40e920c62aac5fdcc4256f0,patient_mobile,SOURCE_PRESENT_NOT_SEMANTICALLY_OR_RUNTIME_VERIFIED
patient-mobile/app/maternity/hub.tsx,7672,cba131a48ea91b43bad1661bfdbdc2ba34cc9a8e7f22c78832ccb84381f77e6f,patient_mobile,SOURCE_PRESENT_NOT_SEMANTICALLY_OR_RUNTIME_VERIFIED
patient-mobile/app/maternity/maternity-setup.tsx,4624,e0aa4f39e9f62d77644b087517e001b2d2ae2ec56dc8e69834e7ac4fe0055e59,patient_mobile,SOURCE_PRESENT_NOT_SEMANTICALLY_OR_RUNTIME_VERIFIED
patient-mobile/app/maternity/ovulation-tracker.tsx,237,3499b763ecc9f5da37ff87f6ddf8be551cc11b52bfbf5283559bacfba4f23642,patient_mobile,SOURCE_PRESENT_NOT_SEMANTICALLY_OR_RUNTIME_VERIFIED
patient-mobile/app/maternity/pregnancy-tracker.tsx,222,fc8ae6098620a6ce9e10b537ff427cb9eff0a32274da9ec0ab2883701857ce21,patient_mobile,SOURCE_PRESENT_NOT_SEMANTICALLY_OR_RUNTIME_VERIFIED
patient-mobile/app/mental-health/breathing.tsx,256,9da58e476a9f23a3d9fa17d7bc6b71859ffc766f04a85565e8d24059f68c685a,patient_mobile,SOURCE_PRESENT_NOT_SEMANTICALLY_OR_RUNTIME_VERIFIED
patient-mobile/app/mental-health/crisis-support.tsx,10752,bc22c54da4f5276c3f4a76782861caa73bc160874b0dfebd129883a13877c358,patient_mobile,SOURCE_PRESENT_NOT_SEMANTICALLY_OR_RUNTIME_VERIFIED
patient-mobile/app/mental-health/hub.tsx,4361,96fc93d538263877285a915572939d0e8b0fce7e337f4d11989f31fcaed1862d,patient_mobile,SOURCE_PRESENT_NOT_SEMANTICALLY_OR_RUNTIME_VERIFIED
patient-mobile/app/mental-health/index.tsx,168,b467c2aada7990454331798bfaa8b4bc7b424c93549e14ad2790b6154f1c418c,patient_mobile,SOURCE_PRESENT_NOT_SEMANTICALLY_OR_RUNTIME_VERIFIED
patient-mobile/app/mental-health/meditation.tsx,274,98f11b145564e23271bb11d784d5ef6ef47e19036edae5ccb033dbbfed8263ea,patient_mobile,SOURCE_PRESENT_NOT_SEMANTICALLY_OR_RUNTIME_VERIFIED
patient-mobile/app/mental-health/mood-journal.tsx,12350,1844cf68b1c3bf6623e58db2d9e5d0dccadb11a039353a432d75ab19306bd784,patient_mobile,SOURCE_PRESENT_NOT_SEMANTICALLY_OR_RUNTIME_VERIFIED
patient-mobile/app/mental-health/self-assessment.tsx,264,a28e85a73d3a4f2a8a890cc6b6a44e2e78fd26c1a05399435481e99ad456d678,patient_mobile,SOURCE_PRESENT_NOT_SEMANTICALLY_OR_RUNTIME_VERIFIED
patient-mobile/app/mental-health/therapist-match.tsx,272,1725c8a5e7e15367f0fe4d3ef388f207c5f31d52512fbce0c685ee0ad4b881e3,patient_mobile,SOURCE_PRESENT_NOT_SEMANTICALLY_OR_RUNTIME_VERIFIED
patient-mobile/app/notifications/index.tsx,10979,2c5b00004df30ba4319c5e2457c1e356d3a65294643f354aba0291106874f8b0,patient_mobile,SOURCE_PRESENT_NOT_SEMANTICALLY_OR_RUNTIME_VERIFIED
patient-mobile/app/nursing/live-tracking.tsx,15315,cd94c389753d95787efbfef4fd30fb9c161cb09f30a1928f800434d5951ada30,patient_mobile,SOURCE_PRESENT_NOT_SEMANTICALLY_OR_RUNTIME_VERIFIED
patient-mobile/app/nursing/nurse-profile.tsx,27382,c6b8f00e50de9aa82d79ba76fdb474b1a606d595c1f2511607b4bb2e04e9d6c0,patient_mobile,SOURCE_PRESENT_NOT_SEMANTICALLY_OR_RUNTIME_VERIFIED
patient-mobile/app/nursing/service-details.tsx,18910,dde79b00f2c7dba8fa139eed7978945fea09e3d31b54b4522a38972f30127d5b,patient_mobile,SOURCE_PRESENT_NOT_SEMANTICALLY_OR_RUNTIME_VERIFIED
patient-mobile/app/nursing/service-info.tsx,9024,0bc04aeb999508e95ab4289f192cdf031533fcd735ba1ccf400be3d1df4f71eb,patient_mobile,SOURCE_PRESENT_NOT_SEMANTICALLY_OR_RUNTIME_VERIFIED
patient-mobile/app/nutrition/ai-meal-planner.tsx,350,658c25c9c94092cba157e02faab0c7033dc960d8b1cb2e575436ba8d6240b934,patient_mobile,SOURCE_PRESENT_NOT_SEMANTICALLY_OR_RUNTIME_VERIFIED
patient-mobile/app/nutrition/ai-plan-builder.tsx,225,f9eeccb49726ce5a4a16103e44717ceac987b987bf09d8708bd14b4dfd29d9be,patient_mobile,SOURCE_PRESENT_NOT_SEMANTICALLY_OR_RUNTIME_VERIFIED
patient-mobile/app/nutrition/body-composition.tsx,238,0b989702477157a1c011e6ec9996c24e4f963fbc88619a8dbceb4fe457f16c62,patient_mobile,SOURCE_PRESENT_NOT_SEMANTICALLY_OR_RUNTIME_VERIFIED
patient-mobile/app/nutrition/body-target.tsx,7601,0d7a415ec0049763cf91e2aa3093ebd02d43863452e236ca5070df9e968f5bc3,patient_mobile,SOURCE_PRESENT_NOT_SEMANTICALLY_OR_RUNTIME_VERIFIED
patient-mobile/app/nutrition/calorie-analyzer.tsx,226,6ad5406d95673c260515cbe23fd0d8fe20043d5db250160eecb56530e0529f10,patient_mobile,SOURCE_PRESENT_NOT_SEMANTICALLY_OR_RUNTIME_VERIFIED
patient-mobile/app/nutrition/daily-tracker.tsx,9356,bc760f670a54aee4098835ffb43889c08120dde98bca2d70769a106081c00c0b,patient_mobile,SOURCE_PRESENT_NOT_SEMANTICALLY_OR_RUNTIME_VERIFIED
patient-mobile/app/nutrition/exercise-plan.tsx,243,a1ce179b3d8bdabab9f3ebb2461a22c04f06ca344369ebe126927b951c2332c8,patient_mobile,SOURCE_PRESENT_NOT_SEMANTICALLY_OR_RUNTIME_VERIFIED
patient-mobile/app/nutrition/food-scanner.tsx,239,350a6804492a5a00d7d858f7a8b600770cb88d745248ef17348995f58558845b,patient_mobile,SOURCE_PRESENT_NOT_SEMANTICALLY_OR_RUNTIME_VERIFIED
patient-mobile/app/nutrition/hub.tsx,6219,4c8f095c34463ce1f580e2ebc75d7d4a7a094261b1842c66f73c997c833bbaf0,patient_mobile,SOURCE_PRESENT_NOT_SEMANTICALLY_OR_RUNTIME_VERIFIED
patient-mobile/app/nutrition/index.tsx,164,8cb5a3bba461468aac397d1960e06415c4def7a88bc95300455ff4196cb72ace,patient_mobile,SOURCE_PRESENT_NOT_SEMANTICALLY_OR_RUNTIME_VERIFIED
patient-mobile/app/nutrition/log-meal.tsx,6327,a165d65228d897d2de9fa8b53b30bc1474b901c1fe9c0e91ea89fd91cdb2d2af,patient_mobile,SOURCE_PRESENT_NOT_SEMANTICALLY_OR_RUNTIME_VERIFIED
patient-mobile/app/nutrition/nutrition-plan.tsx,329,7c075daa4f22238e075da58491633abb63cc344dcffcdae4a5dedd5767d2d45d,patient_mobile,SOURCE_PRESENT_NOT_SEMANTICALLY_OR_RUNTIME_VERIFIED
patient-mobile/app/nutrition/water-tracker.tsx,229,f7dbf23f9c9cb405ae14be5f8819db9365e3895a95a2133b1c9f010d7183dd99,patient_mobile,SOURCE_PRESENT_NOT_SEMANTICALLY_OR_RUNTIME_VERIFIED
patient-mobile/app/offers/[id].tsx,11754,3661ad59748d4e438acceaf0673554b3ff8fdc7526644ed10d63cb544ab0fda8,patient_mobile,SOURCE_PRESENT_NOT_SEMANTICALLY_OR_RUNTIME_VERIFIED
patient-mobile/app/offers/index.tsx,4826,871f6b5c12f74085f1a0d910807cf54752e02e4f16fb390a4f56342d076d437e,patient_mobile,SOURCE_PRESENT_NOT_SEMANTICALLY_OR_RUNTIME_VERIFIED
patient-mobile/app/orders/index.tsx,14185,fe4853360b1a19fe3a20d1423dbcbd7daecaad66c0a0fff515066b67c34baf61,patient_mobile,SOURCE_PRESENT_NOT_SEMANTICALLY_OR_RUNTIME_VERIFIED
patient-mobile/app/payments/failed.tsx,4523,1858c4beb96f631fda1c14696db4bc195322f6bae6d9e3610cb4f2e6de442ade,patient_mobile,SOURCE_PRESENT_NOT_SEMANTICALLY_OR_RUNTIME_VERIFIED
patient-mobile/app/payments/failure.tsx,3259,f71575e839c6550c8f0a51538ac6f7e24564678c79c04eb34919fb5b4d1a5503,patient_mobile,SOURCE_PRESENT_NOT_SEMANTICALLY_OR_RUNTIME_VERIFIED
patient-mobile/app/payments/processing.tsx,16192,638feb10324c8adb6c975416f575290b9a2e7bca545df46a8ee49b6718522d5f,patient_mobile,SOURCE_PRESENT_NOT_SEMANTICALLY_OR_RUNTIME_VERIFIED
patient-mobile/app/payments/success.tsx,9065,9383624696efce62eae91617b384d88d4a9ae29f8b575ee8f5a085e46a65f16c,patient_mobile,SOURCE_PRESENT_NOT_SEMANTICALLY_OR_RUNTIME_VERIFIED
patient-mobile/app/pharmacy/barcode-scanner.tsx,11930,061cde61ee72280fff16ae0bd2dc30e8fee5c0a4f349ff30ab3875ac59fe687d,patient_mobile,SOURCE_PRESENT_NOT_SEMANTICALLY_OR_RUNTIME_VERIFIED
patient-mobile/app/pharmacy/broadcast-status.tsx,5783,c4ed4e617646a2a3e8066fc98df6436927fa334d1c156b5c817529ea72635027,patient_mobile,SOURCE_PRESENT_NOT_SEMANTICALLY_OR_RUNTIME_VERIFIED
patient-mobile/app/pharmacy/cart.tsx,16805,3aabb16d4603e817318611d58771fdd7b74a22b3dafbb393010674740c1983b7,patient_mobile,SOURCE_PRESENT_NOT_SEMANTICALLY_OR_RUNTIME_VERIFIED
patient-mobile/app/pharmacy/chat-with-pharmacist.tsx,19755,3f8ed490c5795c997eb8864840f032fc645b34747ccc87bc9733bb3a602e4712,patient_mobile,SOURCE_PRESENT_NOT_SEMANTICALLY_OR_RUNTIME_VERIFIED
patient-mobile/app/pharmacy/checkout.tsx,25750,3036ce270b515cb7a52d29464e02e608eb4c8a46ec23b143359d3fcf286ac31a,patient_mobile,SOURCE_PRESENT_NOT_SEMANTICALLY_OR_RUNTIME_VERIFIED
patient-mobile/app/pharmacy/custom-item.tsx,12285,d181b681d23b2a0ce8ed4e31ad448e24cec7d1ad879dfa404e803e767b2b597a,patient_mobile,SOURCE_PRESENT_NOT_SEMANTICALLY_OR_RUNTIME_VERIFIED
patient-mobile/app/pharmacy/drug-not-found.tsx,8294,5362dfe3eabbe537a53897748876428ab5dd598ec89306a5c2d39d52494b5af3,patient_mobile,SOURCE_PRESENT_NOT_SEMANTICALLY_OR_RUNTIME_VERIFIED
patient-mobile/app/pharmacy/filters.tsx,17634,8e40f1cbd8dab5ac2df8c2e541a7410639729b4c9ab01c86eab60d5b55419ff4,patient_mobile,SOURCE_PRESENT_NOT_SEMANTICALLY_OR_RUNTIME_VERIFIED
patient-mobile/app/pharmacy/manual-order.tsx,7780,9d2f1f8a8fcbeeae52a0f45c51bcd58b77ea6ee45a39e2d2757a32a7888886e8,patient_mobile,SOURCE_PRESENT_NOT_SEMANTICALLY_OR_RUNTIME_VERIFIED
patient-mobile/app/pharmacy/medicine-compare.tsx,7207,04d486c9fc00314543f00b43212bb0e9d57e3926dd1b7c7c28f43af1538ed419,patient_mobile,SOURCE_PRESENT_NOT_SEMANTICALLY_OR_RUNTIME_VERIFIED
patient-mobile/app/pharmacy/offers.tsx,6399,9dfec12a117da4e715c31a2e9d524369b43badb3469a0150ba7d0fa915f4ce00,patient_mobile,SOURCE_PRESENT_NOT_SEMANTICALLY_OR_RUNTIME_VERIFIED
patient-mobile/app/pharmacy/order-confirm.tsx,12749,9f086041c0174ab84abb1e11c8e2725bfe86ef1efd5996912caed2a22bba0322,patient_mobile,SOURCE_PRESENT_NOT_SEMANTICALLY_OR_RUNTIME_VERIFIED
patient-mobile/app/pharmacy/order-history.tsx,11191,031c7b56c87d31562da6621a73bd7249274985c8f0b3d52f2f061daad492e0b6,patient_mobile,SOURCE_PRESENT_NOT_SEMANTICALLY_OR_RUNTIME_VERIFIED
patient-mobile/app/pharmacy/order-tracking.tsx,14508,dbc97efdff695a5df2e8bab953037aa712bf6566478206d234ff26c23c37c27b,patient_mobile,SOURCE_PRESENT_NOT_SEMANTICALLY_OR_RUNTIME_VERIFIED
patient-mobile/app/pharmacy/payment.tsx,15302,db2a72b222b0bfce1aab059955808cca352aa1ecfc9fffe47b6ee95856224cfb,patient_mobile,SOURCE_PRESENT_NOT_SEMANTICALLY_OR_RUNTIME_VERIFIED
patient-mobile/app/pharmacy/pharmacist-chat.tsx,13428,d952395aa04b4bb1dc823815e98f40e8c2f08975c5aad49fb70dface12e3a6bb,patient_mobile,SOURCE_PRESENT_NOT_SEMANTICALLY_OR_RUNTIME_VERIFIED
patient-mobile/app/pharmacy/product-detail.tsx,40946,802cf1459cdb0cb7b70519063a0ff2bddbfbb3bd021fe81fa7cfdfd1b0f80001,patient_mobile,SOURCE_PRESENT_NOT_SEMANTICALLY_OR_RUNTIME_VERIFIED
patient-mobile/app/pharmacy/product-search.tsx,125,0005041059b8770eece65b4964eb543bcb1d58a5746c5b16e377a17f2991edb0,patient_mobile,SOURCE_PRESENT_NOT_SEMANTICALLY_OR_RUNTIME_VERIFIED
patient-mobile/app/pharmacy/reorder.tsx,8215,4b591796241f9ed827cd3b34a69ad652919f87148911d91158279f98e92a1e32,patient_mobile,SOURCE_PRESENT_NOT_SEMANTICALLY_OR_RUNTIME_VERIFIED
patient-mobile/app/pharmacy/rx-order.tsx,7084,3cc1d5f9ce284fb3f5cca5d3b0cf349ccc307686d3a0d0a664563fbd400777a7,patient_mobile,SOURCE_PRESENT_NOT_SEMANTICALLY_OR_RUNTIME_VERIFIED
patient-mobile/app/pharmacy/scan-prescription.tsx,11770,a4f7cf9619f28dedac29e3e22e2a643e149f679db300a0a88bd7f8b5989bcdbb,patient_mobile,SOURCE_PRESENT_NOT_SEMANTICALLY_OR_RUNTIME_VERIFIED
patient-mobile/app/pharmacy/waiting-for-pharmacy.tsx,10186,b9f7c19a3e588432eac96448849b4fd5562bac907c5eb94367a54ef6c3b30d1b,patient_mobile,SOURCE_PRESENT_NOT_SEMANTICALLY_OR_RUNTIME_VERIFIED
patient-mobile/app/pharmacy/wishlist.tsx,7595,64c686f15d84d4219dccf4ed686ace5e91d4d856f38c94ecc423647c506d0fc2,patient_mobile,SOURCE_PRESENT_NOT_SEMANTICALLY_OR_RUNTIME_VERIFIED
patient-mobile/app/profile/addresses.tsx,5521,73cf41a063ff135357f00b6d68326d5981644a7ef70b46a37e0bb0e30c511208,patient_mobile,SOURCE_PRESENT_NOT_SEMANTICALLY_OR_RUNTIME_VERIFIED
patient-mobile/app/profile/edit.tsx,138,a9362180e311599edf0d8ea49abd4c0e7ea746d111b3d97f2368d9aeb579e807,patient_mobile,SOURCE_PRESENT_NOT_SEMANTICALLY_OR_RUNTIME_VERIFIED
patient-mobile/app/profile/index.tsx,7230,78b896329c7f52dbf8561e8c23744fc001b56344515c0d8f2326222b51ad5708,patient_mobile,SOURCE_PRESENT_NOT_SEMANTICALLY_OR_RUNTIME_VERIFIED
patient-mobile/app/profile/insurance.tsx,11273,91c5eebbcf8f98b014f8f2d38bb38b7b9bd45e17a71e276ba1bbb6db2a5fe27c,patient_mobile,SOURCE_PRESENT_NOT_SEMANTICALLY_OR_RUNTIME_VERIFIED
patient-mobile/app/programs/active.tsx,10685,7fb2f438eba2f5abfc89ab038e37328fcecb5b03b2e5e8f08117ae502e6aeb3f,patient_mobile,SOURCE_PRESENT_NOT_SEMANTICALLY_OR_RUNTIME_VERIFIED
patient-mobile/app/reports/ai-analysis.tsx,257,2e4396588baa2889dfa59df09ad58836c844e37b886f8c93e92abaabb69e6d1c,patient_mobile,SOURCE_PRESENT_NOT_SEMANTICALLY_OR_RUNTIME_VERIFIED
patient-mobile/app/reports/hub.tsx,9183,1c530e071267b80b77603e77049f71aab6241c1dfdd2fc2e542e140e461a6efc,patient_mobile,SOURCE_PRESENT_NOT_SEMANTICALLY_OR_RUNTIME_VERIFIED
patient-mobile/app/reports/passport.tsx,11188,c2c95e9dbf2ddbf6b88127c89aee1f01b6b79f63d60c27e684c0a720b955de18,patient_mobile,SOURCE_PRESENT_NOT_SEMANTICALLY_OR_RUNTIME_VERIFIED
patient-mobile/app/reports/timeline.tsx,8939,46a74fd6b9dab336e5b45e3bbffdc6e69e5d929f4a86f8f1c17e763c32ae480a,patient_mobile,SOURCE_PRESENT_NOT_SEMANTICALLY_OR_RUNTIME_VERIFIED
patient-mobile/app/reports/view-report.tsx,9338,cdac162971c521b8119b84e2f92254926d1d3f30fef7d784ad1099b775e4d862,patient_mobile,SOURCE_PRESENT_NOT_SEMANTICALLY_OR_RUNTIME_VERIFIED
patient-mobile/app/returns/detail.tsx,8614,b55465cf207aa9cdaf3cef9692c060809e806d993541cb1a017a83e8c13b5de4,patient_mobile,SOURCE_PRESENT_NOT_SEMANTICALLY_OR_RUNTIME_VERIFIED
patient-mobile/app/returns/hub.tsx,12300,5455f0c80d089b77004efcb360c08568879bfdad2ce981fd8e0866b78c2ef9d8,patient_mobile,SOURCE_PRESENT_NOT_SEMANTICALLY_OR_RUNTIME_VERIFIED
patient-mobile/app/returns/new-request.tsx,20061,508c731a6db9082334dded5e4a0774c02dc62d7000c5f15dc9f365e2c1d2225e,patient_mobile,SOURCE_PRESENT_NOT_SEMANTICALLY_OR_RUNTIME_VERIFIED
patient-mobile/app/reviews/index.tsx,10270,58497e2a9618db032f00b99080c92b1fadd4777afc88e6724afd6e8da64d6c0c,patient_mobile,SOURCE_PRESENT_NOT_SEMANTICALLY_OR_RUNTIME_VERIFIED
patient-mobile/app/rn_screens.json,13740,507daa94eef666924f9f9e581418549bb126220e5d71989172ed18033f2d05e1,patient_mobile,SOURCE_PRESENT_NOT_SEMANTICALLY_OR_RUNTIME_VERIFIED
patient-mobile/app/room/[id].tsx,9125,fd8546f51586a25fe7be54e6ec20c14eac36a8de36d868929c3e5728759caf44,patient_mobile,SOURCE_PRESENT_NOT_SEMANTICALLY_OR_RUNTIME_VERIFIED
patient-mobile/app/s/[type]/[slug].tsx,2203,b300425b6ad43cde9589a9cbb210bb98b50a477470c0145449e86e7e5831fdc2,patient_mobile,SOURCE_PRESENT_NOT_SEMANTICALLY_OR_RUNTIME_VERIFIED
patient-mobile/app/search/index.tsx,12019,80389867a6260b6c5fff35bcf2c54e35373050af11d3cb850f74f1ed63af8935,patient_mobile,SOURCE_PRESENT_NOT_SEMANTICALLY_OR_RUNTIME_VERIFIED
patient-mobile/app/services/index.tsx,6808,1666c84c16682a096130eebef871ed7ed92c083bfd568203ab5b54989070a5bf,patient_mobile,SOURCE_PRESENT_NOT_SEMANTICALLY_OR_RUNTIME_VERIFIED
patient-mobile/app/settings/about.tsx,11681,1330ae41b08a18f7d8503249f8e572209b5104c9ebfb55d8c6b1651f344db403,patient_mobile,SOURCE_PRESENT_NOT_SEMANTICALLY_OR_RUNTIME_VERIFIED
patient-mobile/app/settings/data.tsx,7936,1b0eeb6f2494182a169abf3c0a6cf0e4e1c2be7a12c6432ecc53d2e28e924441,patient_mobile,SOURCE_PRESENT_NOT_SEMANTICALLY_OR_RUNTIME_VERIFIED
patient-mobile/app/settings/feedback.tsx,6911,1d1cedad8fc7e2ef06528b46392b6373fa0d24ddede93ff8048808f017943331,patient_mobile,SOURCE_PRESENT_NOT_SEMANTICALLY_OR_RUNTIME_VERIFIED
patient-mobile/app/settings/help.tsx,9559,c99fd09f18b5312eb8f0d88fcae4bada665d965ff88017e16143dd50bf3dbe3e,patient_mobile,SOURCE_PRESENT_NOT_SEMANTICALLY_OR_RUNTIME_VERIFIED
patient-mobile/app/settings/index.tsx,8326,b7fb55ded676d48fd8f25eb0109cf0eec356b56f859b3df7e486af6d2f8d6957,patient_mobile,SOURCE_PRESENT_NOT_SEMANTICALLY_OR_RUNTIME_VERIFIED
patient-mobile/app/settings/language.tsx,3098,a50f4e891637009c732f408f2ae0b8f5163cd505d33c513b434abefa77b3c792,patient_mobile,SOURCE_PRESENT_NOT_SEMANTICALLY_OR_RUNTIME_VERIFIED
patient-mobile/app/settings/notifications-settings.tsx,9889,769171a9bf784d0f0397e3feea673c5e845e9fe53ef74773431148849c4955b3,patient_mobile,SOURCE_PRESENT_NOT_SEMANTICALLY_OR_RUNTIME_VERIFIED
patient-mobile/app/settings/notifications.tsx,393,99dd68e29559d361663d6303f43406e629d545695175d8fec60ff4da9e9fbe4b,patient_mobile,SOURCE_PRESENT_NOT_SEMANTICALLY_OR_RUNTIME_VERIFIED
patient-mobile/app/settings/privacy.tsx,7429,6b675764d848138498d6f73c76e836da38fef810e9072cabd808e1fefe930abb,patient_mobile,SOURCE_PRESENT_NOT_SEMANTICALLY_OR_RUNTIME_VERIFIED
patient-mobile/app/settings/security.tsx,14442,886b8c82d9cea839d7c83c36cd006f074735c86ada1d1a3d2cc29434fcc7edf1,patient_mobile,SOURCE_PRESENT_NOT_SEMANTICALLY_OR_RUNTIME_VERIFIED
patient-mobile/app/settings/support-chat.tsx,131,0fd0f3a07b50e5563254eef515a33f73929d482bf2affa2d44cf7b9d97b558ae,patient_mobile,SOURCE_PRESENT_NOT_SEMANTICALLY_OR_RUNTIME_VERIFIED
patient-mobile/app/settings/terms.tsx,9678,80b467688976e2c7c11c5190aa7dd3e52142e3781ede56b0b2260309e12bceea,patient_mobile,SOURCE_PRESENT_NOT_SEMANTICALLY_OR_RUNTIME_VERIFIED
patient-mobile/app/shared/location-picker.tsx,27781,1e0157c50ebd0c70fe29732d03a9cb07e3fb52fba39b72247aa7bc1594512557,patient_mobile,SOURCE_PRESENT_NOT_SEMANTICALLY_OR_RUNTIME_VERIFIED
patient-mobile/app/support/chat.tsx,12096,7269f2404e7b47cb671a77bc064f8c3cc0b340d68e82796756690f8d1c8d3877,patient_mobile,SOURCE_PRESENT_NOT_SEMANTICALLY_OR_RUNTIME_VERIFIED
patient-mobile/app/support/ticket.tsx,4825,2bb4a007efe26968918a27154d26702fdf9903e630233e843f160581dad4e40e,patient_mobile,SOURCE_PRESENT_NOT_SEMANTICALLY_OR_RUNTIME_VERIFIED
patient-mobile/app/voice/index.tsx,4578,66fee3147af7b2e95d48845b350e23b4c9d7415db7de39e92f3064d93b59539e,patient_mobile,SOURCE_PRESENT_NOT_SEMANTICALLY_OR_RUNTIME_VERIFIED
patient-mobile/app/wallet/cards.tsx,14058,57a035c92154ea2463a9e9d40658c153aec70ea344a99d9f4ea5dea5c535ec94,patient_mobile,SOURCE_PRESENT_NOT_SEMANTICALLY_OR_RUNTIME_VERIFIED
patient-mobile/app/wallet/hub.tsx,23435,ab7d3f0514b46c93e616fbc92e477dd1f6fa5fa5894744fc30271a3c4d754373,patient_mobile,SOURCE_PRESENT_NOT_SEMANTICALLY_OR_RUNTIME_VERIFIED
patient-mobile/app/wallet/topup.tsx,8477,1a30494132fc450df28200e370b711527682c5fd3e0a08848b0a189b5262d127,patient_mobile,SOURCE_PRESENT_NOT_SEMANTICALLY_OR_RUNTIME_VERIFIED
patient-mobile/app/wallet/transactions.tsx,6841,2c72048b63d178b902dfe8d02ea41da06db67a2b52ccbe3856f312ced752a67d,patient_mobile,SOURCE_PRESENT_NOT_SEMANTICALLY_OR_RUNTIME_VERIFIED
patient-mobile/app/wallet/transfer.tsx,6775,23db9eeab19a6c00eab740e2d587e71fb1ae5de372c036645ca85d36ab5aeb28,patient_mobile,SOURCE_PRESENT_NOT_SEMANTICALLY_OR_RUNTIME_VERIFIED
patient-mobile/app/wearables/hub.tsx,8497,3f924a0d33e01e499f005922c920987175640c5404da4c4b0fe20cb3760afcd8,patient_mobile,SOURCE_PRESENT_NOT_SEMANTICALLY_OR_RUNTIME_VERIFIED
patient-mobile/babel.config.js,1391,52198d6a01f6e9638726bbe3325449cb24f5df9f129fb2d4dbd4138e5dcabeb3,patient_mobile,SOURCE_PRESENT_NOT_SEMANTICALLY_OR_RUNTIME_VERIFIED
patient-mobile/docker-compose.yml,184,ba01b9639b87d1a3bc780d0bb1e53527d6328d2cd861580d83637af5fe82935a,patient_mobile+delivery_ops,SOURCE_PRESENT_NOT_SEMANTICALLY_OR_RUNTIME_VERIFIED
patient-mobile/e2e/firstTest.e2e.js,659,e5aacf3efa52fe1c56741eafde448dc3bfaf2e3f8f3a821b480a72dcb1d52129,patient_mobile,SOURCE_PRESENT_NOT_SEMANTICALLY_OR_RUNTIME_VERIFIED
patient-mobile/e2e/jest.config.js,406,44247be01aa50dc4f7d69cd4139a497ad33913ebb26c86d89a04954d342174c8,patient_mobile,SOURCE_PRESENT_NOT_SEMANTICALLY_OR_RUNTIME_VERIFIED
patient-mobile/eas.json,264,0851db62ba80a96c80c3aa4dc7908668d1ceb9738a21683bf3f482c9d6642320,patient_mobile,SOURCE_PRESENT_NOT_SEMANTICALLY_OR_RUNTIME_VERIFIED
patient-mobile/eslint.config.js,236,6ea734f0e3f5b7c3c5720b3c467695516b14935724a78386b8534abc2959da12,patient_mobile,SOURCE_PRESENT_NOT_SEMANTICALLY_OR_RUNTIME_VERIFIED
patient-mobile/google-services.json,1129,ea2baa5de1def95c7ccf94bd22e473a2ba81cb48f48750a7679b2a1664a97ec7,patient_mobile,SOURCE_PRESENT_NOT_SEMANTICALLY_OR_RUNTIME_VERIFIED
patient-mobile/jest.config.js,618,49caf8bc82dd50b07366bbf06ca86faaf0b3d70db596929bffb0b964ac6a6ef1,patient_mobile,SOURCE_PRESENT_NOT_SEMANTICALLY_OR_RUNTIME_VERIFIED
patient-mobile/metro.config.js,288,ae93e256280600d3e1c87242f247a8d6d65e61e25d9d9c017cd7cdc9d0d47502,patient_mobile,SOURCE_PRESENT_NOT_SEMANTICALLY_OR_RUNTIME_VERIFIED
patient-mobile/package-lock.json,742268,b09fa6041a478d2f37f13b89a20ac71eedc89604b3bdb4d8dbb9dd1947d5911c,patient_mobile,SOURCE_PRESENT_NOT_SEMANTICALLY_OR_RUNTIME_VERIFIED
patient-mobile/package.json,4427,e52b8f6bcce400bee37ef689a664a0a8b956c4bd2a414054dc2e151661ec2d4d,patient_mobile,SOURCE_PRESENT_NOT_SEMANTICALLY_OR_RUNTIME_VERIFIED
patient-mobile/scripts/ci-e2e.sh,301,05ee9e122167b3ca8119c0ca10933d5aa38560e33e74b6ddba94558c5bde38d7,patient_mobile,SOURCE_PRESENT_NOT_SEMANTICALLY_OR_RUNTIME_VERIFIED
patient-mobile/src/__tests__/auth/AccountLockoutService.test.ts,1116,9427b915b2a53aee6437731fc89a6f7381d6c19d9d505833af0be591304e78d2,patient_mobile+tests,SOURCE_PRESENT_NOT_SEMANTICALLY_OR_RUNTIME_VERIFIED
patient-mobile/src/__tests__/auth/PasswordPolicyService.test.ts,809,c6f91e8bd10244cf0b1a6264dac7e87a5746f40249458f67ae3d2b766aa3dc04,patient_mobile+tests,SOURCE_PRESENT_NOT_SEMANTICALLY_OR_RUNTIME_VERIFIED
patient-mobile/src/__tests__/auth/SessionManager.test.ts,2508,55743efcf677eb7e07f1886db09b71e4600f95e8968e1437ffcc94a30d8d4ce1,patient_mobile+tests,SOURCE_PRESENT_NOT_SEMANTICALLY_OR_RUNTIME_VERIFIED
patient-mobile/src/__tests__/mocks/MockDataSources.ts,2674,5c6f9f3332c7e5f607c78bebcfd77accb75ae894256111e1b02cf13ba6fcbf58,patient_mobile+tests,SOURCE_PRESENT_NOT_SEMANTICALLY_OR_RUNTIME_VERIFIED
patient-mobile/src/__tests__/utils/testUtils.ts,6704,3afd364633ff7499c1e5f0c0059b5a484479f3aee58a4479fd4eb304dea20908,patient_mobile+tests,SOURCE_PRESENT_NOT_SEMANTICALLY_OR_RUNTIME_VERIFIED
patient-mobile/src/components/BodyMap3D.tsx,8644,96c09d84e4ebf976c29d3b82e681c960a26080befcc3f8b5cf38cbc2ec0e2f04,patient_mobile,SOURCE_PRESENT_NOT_SEMANTICALLY_OR_RUNTIME_VERIFIED
patient-mobile/src/components/BottomNavBar.tsx,5817,af48ca5d99e729816ceba7e61cfe90a44f81127639b9d0495f899ef7de2d2398,patient_mobile,SOURCE_PRESENT_NOT_SEMANTICALLY_OR_RUNTIME_VERIFIED
patient-mobile/src/components/Header.tsx,9176,7fa84355053d44be077ea9db11aae9cc763b07c798d244fac23502c9c81199ef,patient_mobile,SOURCE_PRESENT_NOT_SEMANTICALLY_OR_RUNTIME_VERIFIED
patient-mobile/src/components/HeartbeatLogo.tsx,2602,25522d8ecae994d8bf6ee2b72bd877c1c42bb4ffd31cb15abd96884539089831,patient_mobile,SOURCE_PRESENT_NOT_SEMANTICALLY_OR_RUNTIME_VERIFIED
patient-mobile/src/components/Icon.tsx,7707,d65396255f099de87336379c418b910bac4cc3adab75f8e5c65a567ed11c4a60,patient_mobile,SOURCE_PRESENT_NOT_SEMANTICALLY_OR_RUNTIME_VERIFIED
patient-mobile/src/components/LocalizedAlert.ts,751,7c68bca0549af320f09de34eaa9da1ad9b6a672e98e547b3fbce4ddfbf4a8b9e,patient_mobile,SOURCE_PRESENT_NOT_SEMANTICALLY_OR_RUNTIME_VERIFIED
patient-mobile/src/components/LocalizedText.tsx,695,789936414a36a59debe6b279f37db637775e66d54fdadfafb3ba3b92f75d0260,patient_mobile,SOURCE_PRESENT_NOT_SEMANTICALLY_OR_RUNTIME_VERIFIED
patient-mobile/src/components/MapPrimitives.native.tsx,120,36e452979d932071e6226e082b2b9d8e55721e5d6a1db593001064d977ff5f33,patient_mobile,SOURCE_PRESENT_NOT_SEMANTICALLY_OR_RUNTIME_VERIFIED
patient-mobile/src/components/MapPrimitives.web.tsx,1686,09d03b25f69d8ff6c57da5b62ff389df9dea56f144a6db73eb1ffd83599658c9,patient_mobile,SOURCE_PRESENT_NOT_SEMANTICALLY_OR_RUNTIME_VERIFIED
patient-mobile/src/components/NabdahLogo.tsx,2666,f858ac05f33c3c4d35cd2012d55f444a1e80c12064dc41e2f8a8ce91c72deb96,patient_mobile,SOURCE_PRESENT_NOT_SEMANTICALLY_OR_RUNTIME_VERIFIED
patient-mobile/src/components/NotificationHandler.tsx,7092,a0134cfc29c2cc0b5a93a285876a5f2e6e86f5e09fd9d5c7ee59248da9553256,patient_mobile,SOURCE_PRESENT_NOT_SEMANTICALLY_OR_RUNTIME_VERIFIED
patient-mobile/src/components/OfflineBanner.tsx,1848,6cb19b221d886adce5a9ad6aba5cf165d8dbe7cda807f20a43b163c846eba1c9,patient_mobile,SOURCE_PRESENT_NOT_SEMANTICALLY_OR_RUNTIME_VERIFIED
patient-mobile/src/components/ProductImage.tsx,1853,77bc0bb06f1fe386b0bc99fb7d08f5f0b3766e709a5d26bb669992c2a5b93dd4,patient_mobile,SOURCE_PRESENT_NOT_SEMANTICALLY_OR_RUNTIME_VERIFIED
patient-mobile/src/components/RotatingCardImage.tsx,1757,0faa6abb2579e526036da41b37e4ffd786737f6895752c3f8e931cf0da3313ee,patient_mobile,SOURCE_PRESENT_NOT_SEMANTICALLY_OR_RUNTIME_VERIFIED
patient-mobile/src/components/ScreenStates.tsx,3770,310b06ce9b5faa89469ddf36bb3e9d2f1e2edd98b7d53502dd783ade789ba808,patient_mobile,SOURCE_PRESENT_NOT_SEMANTICALLY_OR_RUNTIME_VERIFIED
patient-mobile/src/components/__tests__/bottomNavLocale.test.ts,840,6c06ffceb5d8b588045bf67fe825034c73b996373e80cd0c9f6fd71ac92c5872,patient_mobile+tests,SOURCE_PRESENT_NOT_SEMANTICALLY_OR_RUNTIME_VERIFIED
patient-mobile/src/components/__tests__/ui-accessibility.test.ts,622,d4e7b64c575e7f7a3e6794bb788f9e7cdff6e17de2b234f63cc8d6dfcbbf9af0,patient_mobile+tests,SOURCE_PRESENT_NOT_SEMANTICALLY_OR_RUNTIME_VERIFIED
patient-mobile/src/components/animations.tsx,5748,f7f6f0fd4d0faadcf8291ca5a73331944acdea24b46ba8f85fcbe46bb6053f53,patient_mobile,SOURCE_PRESENT_NOT_SEMANTICALLY_OR_RUNTIME_VERIFIED
patient-mobile/src/components/bottomNavLocale.ts,1348,fab596b0ca00e96443127ab47c91a03c0c551ec89dece7f2d7194736d01d6b7b,patient_mobile,SOURCE_PRESENT_NOT_SEMANTICALLY_OR_RUNTIME_VERIFIED
patient-mobile/src/components/livekit-view.tsx,5899,2d7d42ccbb7f55af991f4ce834f181ca9b30787487e70d845d359b339d470acc,patient_mobile,SOURCE_PRESENT_NOT_SEMANTICALLY_OR_RUNTIME_VERIFIED
patient-mobile/src/components/ui.tsx,29221,3af22e58dc1ae29c96b42fd7bfe1751208bfa946a6d58aeb8787520e8e5f52b8,patient_mobile,SOURCE_PRESENT_NOT_SEMANTICALLY_OR_RUNTIME_VERIFIED
patient-mobile/src/config/chatSecurity.ts,4129,d917d679a39c6338352adaca55c9d68a768f0e4c8761277ef90e80c53b952787,patient_mobile,SOURCE_PRESENT_NOT_SEMANTICALLY_OR_RUNTIME_VERIFIED
patient-mobile/src/config/deepLinks.ts,7960,037bc3166fa96bba7f0762a4020121997606175233607237aedc84e86b50844a,patient_mobile,SOURCE_PRESENT_NOT_SEMANTICALLY_OR_RUNTIME_VERIFIED
patient-mobile/src/config/seo.ts,6081,96c6a44788b9372305d990d557deb74a7086d8ee8e5bb83e326d2295f5ba1ecf,patient_mobile,SOURCE_PRESENT_NOT_SEMANTICALLY_OR_RUNTIME_VERIFIED
patient-mobile/src/constants/index.ts,13313,6d24960799f3542110f9c350d9cb1b37a132c8c07a9fba6bce017abfc29b3ba0,patient_mobile,SOURCE_PRESENT_NOT_SEMANTICALLY_OR_RUNTIME_VERIFIED
patient-mobile/src/constants/specialties.ts,25501,7816414d7db3b05526fb1f9468b40c4f2e32f60bf01f1da97c73eac47aaf4374,patient_mobile,SOURCE_PRESENT_NOT_SEMANTICALLY_OR_RUNTIME_VERIFIED
patient-mobile/src/context/AppContext.tsx,5985,2ea646c4c009a2736244c00dc901b0cccdd97e59cbf7c84228d4d53797735c1e,patient_mobile,SOURCE_PRESENT_NOT_SEMANTICALLY_OR_RUNTIME_VERIFIED
patient-mobile/src/context/CartContext.tsx,6112,fe25d508eecb5532cc8410072b56abe3b5ca07571a596f1f5e6af2f2c3f12b59,patient_mobile,SOURCE_PRESENT_NOT_SEMANTICALLY_OR_RUNTIME_VERIFIED
patient-mobile/src/context/ConsultationsContext.tsx,2328,00edc5e621e87da0926dc77fb8d0d4502b18bf951e4848767c20819c0f239f9b,patient_mobile,SOURCE_PRESENT_NOT_SEMANTICALLY_OR_RUNTIME_VERIFIED
patient-mobile/src/context/DiagnosticsCartContext.tsx,5282,4f1cec9e1680dc302805d1ea4be83a397587bf553bd73610ec86c79abbf886df,patient_mobile,SOURCE_PRESENT_NOT_SEMANTICALLY_OR_RUNTIME_VERIFIED
patient-mobile/src/context/SocketContext.tsx,6918,2853fe908eafc79610af4ee3607e8ad0f75987c8ac63d553e9cd4942955248b3,patient_mobile,SOURCE_PRESENT_NOT_SEMANTICALLY_OR_RUNTIME_VERIFIED
patient-mobile/src/core/config/ConfigManager.ts,12878,93c0d6529b2e8a890d9f8ff1ab80ae6277888f48bc16ceb2963512c681d70ac7,patient_mobile,SOURCE_PRESENT_NOT_SEMANTICALLY_OR_RUNTIME_VERIFIED
patient-mobile/src/core/config/index.ts,200,7c39172529ed7df9da8fb94d17c2cec6a1108d829a65110d864c924e3bb131f5,patient_mobile,SOURCE_PRESENT_NOT_SEMANTICALLY_OR_RUNTIME_VERIFIED
patient-mobile/src/core/data/AsyncStorageDataSource.ts,3013,3260dca994aa33499603795cad2b2695f842c284b51ae0891aa3d27e8b377609,patient_mobile,SOURCE_PRESENT_NOT_SEMANTICALLY_OR_RUNTIME_VERIFIED
patient-mobile/src/core/data/BaseRepository.ts,2079,03e5deb2b127da9a490c5ab54bebe0dca59d5945b95d5710830706381c6deaf8,patient_mobile,SOURCE_PRESENT_NOT_SEMANTICALLY_OR_RUNTIME_VERIFIED
patient-mobile/src/core/data/HttpRemoteDataSource.ts,3102,9cbb53d2e6925755a4307a37ac122a3ba3c6dbbc8204728bd7fa02185d036523,patient_mobile,SOURCE_PRESENT_NOT_SEMANTICALLY_OR_RUNTIME_VERIFIED
patient-mobile/src/core/data/IRepository.ts,865,f63e4bd523101748df4e551fb549d772a85c6ce5363baaedb1e379fa3a252fb2,patient_mobile,SOURCE_PRESENT_NOT_SEMANTICALLY_OR_RUNTIME_VERIFIED
patient-mobile/src/core/data/Interfaces.ts,1208,cf5418cbe918eb0fca70a90d513e6360c3b41f446db3eaba6bd8a1b891fef269,patient_mobile,SOURCE_PRESENT_NOT_SEMANTICALLY_OR_RUNTIME_VERIFIED
patient-mobile/src/core/data/Repository.ts,9611,bc2d65d04648050f34bdd976f924d5b159658964b3668f90a23e8da4711fc9c2,patient_mobile,SOURCE_PRESENT_NOT_SEMANTICALLY_OR_RUNTIME_VERIFIED
patient-mobile/src/core/data/UserRepository.ts,1823,d86211278e4e9784657c9ab448642c6c58d399be3409360fad9e82690a063840,patient_mobile,SOURCE_PRESENT_NOT_SEMANTICALLY_OR_RUNTIME_VERIFIED
patient-mobile/src/core/data/index.ts,430,655eb0c5c21d395874e3d134d1b706821e4f026f09035bda6f44cebe1e0f0617,patient_mobile,SOURCE_PRESENT_NOT_SEMANTICALLY_OR_RUNTIME_VERIFIED
patient-mobile/src/core/di/Container.ts,6254,0c79bc3bf92ffa5c45b72902f5c8b30c0570c62ece2ef9d62464a4cc5556fb63,patient_mobile,SOURCE_PRESENT_NOT_SEMANTICALLY_OR_RUNTIME_VERIFIED
patient-mobile/src/core/domain/Result.ts,1200,fab6229935207f01e48a8df57ea5c8de9dd73a189c0c71b47a37cad212939e58,patient_mobile,SOURCE_PRESENT_NOT_SEMANTICALLY_OR_RUNTIME_VERIFIED
patient-mobile/src/core/domain/dtos/index.ts,381,612db9a0d982a13a3ec31e4fdff2da763a786ac604f9a1bc2d24b1a6e18d8982,patient_mobile,SOURCE_PRESENT_NOT_SEMANTICALLY_OR_RUNTIME_VERIFIED
patient-mobile/src/core/domain/entities/Clinical.ts,1210,214653779f0536483be58dc1a19896240d16834c3ede77e7d899cdba35aaed41,patient_mobile,SOURCE_PRESENT_NOT_SEMANTICALLY_OR_RUNTIME_VERIFIED
patient-mobile/src/core/domain/entities/Commerce.ts,2443,dd2a15058ad8dfedba673d5b38a75ddf61facda669333bb3ac5823098ea5c902,patient_mobile,SOURCE_PRESENT_NOT_SEMANTICALLY_OR_RUNTIME_VERIFIED
patient-mobile/src/core/domain/entities/Users.ts,1956,5f125bccbc2eb6aa0e7be583f671b6b918ece9820f4ea2a825a2fbd52d3dc2a3,patient_mobile,SOURCE_PRESENT_NOT_SEMANTICALLY_OR_RUNTIME_VERIFIED
patient-mobile/src/core/domain/entities/index.ts,81,c6df63e0b6a5ef9260d99e5a41973b8a64f91c65a952859fcc29308e2f187cc4,patient_mobile,SOURCE_PRESENT_NOT_SEMANTICALLY_OR_RUNTIME_VERIFIED
patient-mobile/src/core/domain/errors/index.ts,1094,18254049e8ebee34cf1e49dff3918f3c003cea619008feaac9bfc93e3ae91aa9,patient_mobile,SOURCE_PRESENT_NOT_SEMANTICALLY_OR_RUNTIME_VERIFIED
patient-mobile/src/core/domain/mappers/BaseMapper.ts,621,d8af0bfe1658dd33508e78d3c1d4709f7efb2bc7cf193416fa4447032212c76e,patient_mobile,SOURCE_PRESENT_NOT_SEMANTICALLY_OR_RUNTIME_VERIFIED
patient-mobile/src/core/domain/pagination/index.ts,556,a172b1e8eddcbe9966d329192d253f00a264e73fa387e0eb2eaeb44fb00736aa,patient_mobile,SOURCE_PRESENT_NOT_SEMANTICALLY_OR_RUNTIME_VERIFIED
patient-mobile/src/core/domain/specifications/index.ts,1406,8d6b2224afd5bc082a1bd8f74cbf4666541697a445ff87ad7eaeeba109af2de3,patient_mobile,SOURCE_PRESENT_NOT_SEMANTICALLY_OR_RUNTIME_VERIFIED
patient-mobile/src/core/domain/value-objects/index.ts,1041,83fc0dd0c03ba027e8eef144468777757e5a097fa9c69042915b05b858cd6f6b,patient_mobile,SOURCE_PRESENT_NOT_SEMANTICALLY_OR_RUNTIME_VERIFIED
patient-mobile/src/core/events/AuditManager.ts,1817,3a3f343646e6cca632bdd38f0999ade8b9b53018118038f3af1d2e0ffd49015e,patient_mobile,SOURCE_PRESENT_NOT_SEMANTICALLY_OR_RUNTIME_VERIFIED
patient-mobile/src/core/events/EventBus.ts,1602,99cf832ddcae38dc957da787f6a03093f5d46873a4f170fe8651c2e5c590874a,patient_mobile,SOURCE_PRESENT_NOT_SEMANTICALLY_OR_RUNTIME_VERIFIED
patient-mobile/src/core/platform/auth/AccountLockoutService.ts,1786,6a502ff2e26567b70fca0cf3dc9bf5de0ab2c926890ff3d6dfd19775ed88b6de,patient_mobile,SOURCE_PRESENT_NOT_SEMANTICALLY_OR_RUNTIME_VERIFIED
patient-mobile/src/core/platform/auth/AppLockService.ts,1616,6a8e6758594ba4d1bd41cbdeaf15c52e8f92bac8aa69fb032e7b2cf5eee551c2,patient_mobile,SOURCE_PRESENT_NOT_SEMANTICALLY_OR_RUNTIME_VERIFIED
patient-mobile/src/core/platform/auth/AuthAuditLogger.ts,1429,d62e50f6791b2a182139cc0004ba6e00ca375263718e0e9fec60dbd40cfe38ce,patient_mobile,SOURCE_PRESENT_NOT_SEMANTICALLY_OR_RUNTIME_VERIFIED
patient-mobile/src/core/platform/auth/AuthProviders.ts,3602,520bd1a5712af6bcdf86f5b088592dd198d2311330d7656edccf16f2eb221229,patient_mobile,SOURCE_PRESENT_NOT_SEMANTICALLY_OR_RUNTIME_VERIFIED
patient-mobile/src/core/platform/auth/AuthStateMachine.ts,1155,296f40a1b17a5ab7db05b7c145f716c832dcdb4cbc25e1b575753866d3f0b646,patient_mobile,SOURCE_PRESENT_NOT_SEMANTICALLY_OR_RUNTIME_VERIFIED
patient-mobile/src/core/platform/auth/BiometricService.ts,2572,dc91a24d38207bc3302feb5541fd8fee32c6b1fb25ede3fbe99d5901260a41d8,patient_mobile,SOURCE_PRESENT_NOT_SEMANTICALLY_OR_RUNTIME_VERIFIED
patient-mobile/src/core/platform/auth/DeviceTracker.ts,1235,86eb986a2678cbc01d614a1c32027fc5ec77e2ef6c29fc8f47b8b56f9c847422,patient_mobile,SOURCE_PRESENT_NOT_SEMANTICALLY_OR_RUNTIME_VERIFIED
patient-mobile/src/core/platform/auth/PasswordPolicyService.ts,1954,ee70f5be4ea4302690118e1343a4397bd31beb88f6abaf1ff1777cab9011905a,patient_mobile,SOURCE_PRESENT_NOT_SEMANTICALLY_OR_RUNTIME_VERIFIED
patient-mobile/src/core/platform/auth/SecureStorageService.ts,1311,46cc63e30f3564432c3bc5b0fed10f1f5a7179365d18c7f534810efaca0a9d3f,patient_mobile,SOURCE_PRESENT_NOT_SEMANTICALLY_OR_RUNTIME_VERIFIED
patient-mobile/src/core/platform/auth/SessionManager.ts,4850,19aa77f627dd9157db9bc93210d9b0864e0da2159b38743d3ae3fe7032713bb3,patient_mobile,SOURCE_PRESENT_NOT_SEMANTICALLY_OR_RUNTIME_VERIFIED
patient-mobile/src/core/platform/business/FavoritesManager.ts,946,14855e3ac04256d04c3d89bbb0b551bd7dae913d0f6588be48dd32d55e87bb21,patient_mobile,SOURCE_PRESENT_NOT_SEMANTICALLY_OR_RUNTIME_VERIFIED
patient-mobile/src/core/platform/business/LoyaltyManager.ts,1121,7f5d765da85344d277382b6f0aa0262137d77f8a7cade51d77023e3e6ce5c430,patient_mobile,SOURCE_PRESENT_NOT_SEMANTICALLY_OR_RUNTIME_VERIFIED
patient-mobile/src/core/platform/business/ReviewManager.ts,975,99255eda9dfe9f6feb53e8a3fc1841e684362f71d6cc5a8b3e7ef3884de2da73,patient_mobile,SOURCE_PRESENT_NOT_SEMANTICALLY_OR_RUNTIME_VERIFIED
patient-mobile/src/core/platform/cache/CacheManager.ts,1714,98c3e811ee838503a44ae995055ccc4cda485686b0bf6e985ed31e18ff95cd6d,patient_mobile,SOURCE_PRESENT_NOT_SEMANTICALLY_OR_RUNTIME_VERIFIED
patient-mobile/src/core/platform/commerce/CartManager.ts,4015,fd921a02d67794fe5c8aa40d08b93ffd38f8cfc90874775886d7620a4dba4e0f,patient_mobile,SOURCE_PRESENT_NOT_SEMANTICALLY_OR_RUNTIME_VERIFIED
patient-mobile/src/core/platform/communication/MessagingService.ts,926,6b04c736781276c7aef4c004e3c97b1e2e0233ea6143b57cd50edef6a7bf5d4e,patient_mobile,SOURCE_PRESENT_NOT_SEMANTICALLY_OR_RUNTIME_VERIFIED
patient-mobile/src/core/platform/communication/NotificationCenterManager.ts,2589,e6f3574f8371b1e9a0699bfa9ebe4223466489950ce1d7db8ad36558742beb47,patient_mobile,SOURCE_PRESENT_NOT_SEMANTICALLY_OR_RUNTIME_VERIFIED
patient-mobile/src/core/platform/id/IdGenerator.ts,468,2885064d94be3f9b438c848e2acb9fcf2708e67b0b1b5a34ff5699e3af7e7d53,patient_mobile,SOURCE_PRESENT_NOT_SEMANTICALLY_OR_RUNTIME_VERIFIED
patient-mobile/src/core/platform/integration/Adapters.ts,1368,b5f93b9b09cb6e66df40ebbd8cc3ee29bee777cf0d03db4b1d818c65ef4ce006,patient_mobile,SOURCE_PRESENT_NOT_SEMANTICALLY_OR_RUNTIME_VERIFIED
patient-mobile/src/core/platform/jobs/JobManager.ts,1558,d5dc20dc8dd42e0df15654facd3b0e3844fb6517188417765383a2c36bcd0b01,patient_mobile,SOURCE_PRESENT_NOT_SEMANTICALLY_OR_RUNTIME_VERIFIED
patient-mobile/src/core/platform/location/LocationService.ts,2041,5e9f1f0dcef0a8ba4b1c0e45bae4f23aae61ad5a20404cb08e62e86c6a60844f,patient_mobile,SOURCE_PRESENT_NOT_SEMANTICALLY_OR_RUNTIME_VERIFIED
patient-mobile/src/core/platform/media/MediaManager.ts,1598,e14a5b06fb8fc9aff6d95ecf3a5b6f512821d75de5a006591eedc7a17d476d92,patient_mobile,SOURCE_PRESENT_NOT_SEMANTICALLY_OR_RUNTIME_VERIFIED
patient-mobile/src/core/platform/payment/PaymentProvider.ts,1243,d441c148da41bdc1d479deac7c346987120d2ef5741ebfba6ae9b282ee8b6dfd,patient_mobile,SOURCE_PRESENT_NOT_SEMANTICALLY_OR_RUNTIME_VERIFIED
patient-mobile/src/core/platform/realtime/RealtimeClient.ts,3405,921b7efdcba0ebe0b4a68f9f9782a879ee279be15c095fada2aedf0192763254,patient_mobile,SOURCE_PRESENT_NOT_SEMANTICALLY_OR_RUNTIME_VERIFIED
patient-mobile/src/core/platform/scheduling/QueueEngine.ts,1193,bd4a38c8f71459cb054f0bc5b8a6beddcffd8370be5533b975daf5321775fbbd,patient_mobile,SOURCE_PRESENT_NOT_SEMANTICALLY_OR_RUNTIME_VERIFIED
patient-mobile/src/core/platform/scheduling/ScheduleManager.ts,3221,2ecd9f50a5c4c78a333d99c8949e5a62fd099248e21e959aa5817866b32decd1,patient_mobile,SOURCE_PRESENT_NOT_SEMANTICALLY_OR_RUNTIME_VERIFIED
patient-mobile/src/core/platform/search/SearchEngine.ts,1559,370e48686079a122679c2f7b32b5eae070ae1f9a8c8b0211a18e059400649c04,patient_mobile,SOURCE_PRESENT_NOT_SEMANTICALLY_OR_RUNTIME_VERIFIED
patient-mobile/src/core/platform/time/TimeService.ts,1018,535317f6cada8abfeac8b8a498d4c6f51d3484686bc5276d7236251c6d927468,patient_mobile,SOURCE_PRESENT_NOT_SEMANTICALLY_OR_RUNTIME_VERIFIED
patient-mobile/src/core/platform/user/RoleManager.ts,1689,d39b417812be8433fc53befbd0a56433e9920124202fc5ba8895431d831bc30f,patient_mobile,SOURCE_PRESENT_NOT_SEMANTICALLY_OR_RUNTIME_VERIFIED
patient-mobile/src/core/platform/user/UserProfileService.ts,1392,846699b1141edd90334ce8da4edd06d112ea7a2e65da7707ca1e12bbcd16374b,patient_mobile,SOURCE_PRESENT_NOT_SEMANTICALLY_OR_RUNTIME_VERIFIED
patient-mobile/src/core/platform/user/index.ts,69,4e3c0667de8e6e459adaa9999061549aac4d14341ae8245bad6a4bed74d3a6b2,patient_mobile,SOURCE_PRESENT_NOT_SEMANTICALLY_OR_RUNTIME_VERIFIED
patient-mobile/src/data/database/core/ConnectionPool.ts,1118,13688fbbb63ac8139a9c8ac0ff8e71f13a5a608d971ff6e1cabfdf5554a9b452,patient_mobile,SOURCE_PRESENT_NOT_SEMANTICALLY_OR_RUNTIME_VERIFIED
patient-mobile/src/data/database/core/DatabaseHealthChecker.ts,1323,877fff3ec04932fb338769bcd99dba058d5ac64e15446598883eb35227b3d079,patient_mobile,SOURCE_PRESENT_NOT_SEMANTICALLY_OR_RUNTIME_VERIFIED
patient-mobile/src/data/database/core/DatabaseManager.ts,2060,ba88b820801e444a54888bc9ebf9578f1bf0c3895bf59e207f502ae71165b1f3,patient_mobile,SOURCE_PRESENT_NOT_SEMANTICALLY_OR_RUNTIME_VERIFIED
patient-mobile/src/data/database/core/DatabaseProvider.native.ts,1205,4146b6a20a2a2498464bc5af10a3040e9869e8e1fa08139ddcce3b1671733f04,patient_mobile,SOURCE_PRESENT_NOT_SEMANTICALLY_OR_RUNTIME_VERIFIED
patient-mobile/src/data/database/core/DatabaseProvider.ts,301,16b5107ca5f1936aacfc208c75a5766de130f0c0204d096d0a272079159d8e4d,patient_mobile,SOURCE_PRESENT_NOT_SEMANTICALLY_OR_RUNTIME_VERIFIED
patient-mobile/src/data/database/core/DatabaseProvider.web.ts,1402,21ae683711e7a96e915df2acfc9b699b8764c2085bbf1f77bb10363e397e810c,patient_mobile,SOURCE_PRESENT_NOT_SEMANTICALLY_OR_RUNTIME_VERIFIED
patient-mobile/src/data/database/core/TransactionManager.ts,1570,caa4c179e23150dd76642b64c7ed9aceac16437b13139be25107a1e611a40d84,patient_mobile,SOURCE_PRESENT_NOT_SEMANTICALLY_OR_RUNTIME_VERIFIED
patient-mobile/src/data/database/drivers/IDatabaseDriver.ts,788,899a6f3649dd4e0cd676889e07de7a2648bb2087bb20f8c8ab8c12feb30fe7a9,patient_mobile,SOURCE_PRESENT_NOT_SEMANTICALLY_OR_RUNTIME_VERIFIED
patient-mobile/src/data/database/drivers/SQLiteDriver.ts,4705,716f7d2cb03f454fc911c20da298b00e84a8fdf818c3e20023ef7227cd53fff3,patient_mobile,SOURCE_PRESENT_NOT_SEMANTICALLY_OR_RUNTIME_VERIFIED
patient-mobile/src/data/database/monitoring/DatabaseLogger.ts,1053,89342d70906d015061c60eaca0f6ca4bd1e2eda6518b9054296828d706166db5,patient_mobile,SOURCE_PRESENT_NOT_SEMANTICALLY_OR_RUNTIME_VERIFIED
patient-mobile/src/data/database/monitoring/SyncLogger.ts,1030,0956e0ecccce43f5c71d4c651d5cf3bfc4c59ab068fd46a33cdda7e2c61ba246,patient_mobile,SOURCE_PRESENT_NOT_SEMANTICALLY_OR_RUNTIME_VERIFIED
patient-mobile/src/data/database/schema/MigrationRunner.ts,3584,6a3c29aed51b2ebe62bf4a86989286623caaa28b1c340f977fcbaaf2cf752ecd,patient_mobile,SOURCE_PRESENT_NOT_SEMANTICALLY_OR_RUNTIME_VERIFIED
patient-mobile/src/data/database/schema/indexes.ts,941,40cabab544dfff1ff01d57819b2920b2324e9c9b33f36f5520c26b072fdaad62,patient_mobile,SOURCE_PRESENT_NOT_SEMANTICALLY_OR_RUNTIME_VERIFIED
patient-mobile/src/data/database/schema/tables.ts,10728,c269987c1211ca2b9147e680f44e1ab4c3c0c2e1b311f36c975dcd4e5345454c,patient_mobile,SOURCE_PRESENT_NOT_SEMANTICALLY_OR_RUNTIME_VERIFIED
patient-mobile/src/data/mockData.js,39,aaf32a37539bf85e0a7d3f6d6e9aacb2753d9ff46698a10b5270002b1c1d6347,patient_mobile,SOURCE_PRESENT_NOT_SEMANTICALLY_OR_RUNTIME_VERIFIED
patient-mobile/src/data/repositories/RepositoryCoordinator.ts,2168,c057eea6ee0e2d1dad9d510c84ccf2a451b412e5079a9f3b457ac07e959ddd42,patient_mobile,SOURCE_PRESENT_NOT_SEMANTICALLY_OR_RUNTIME_VERIFIED
patient-mobile/src/data/repositories/RepositoryFactory.ts,860,e82400986165b9fd2dfde173f60b9840dedab319cbf1dfce9dd42c3ec37ca794,patient_mobile,SOURCE_PRESENT_NOT_SEMANTICALLY_OR_RUNTIME_VERIFIED
patient-mobile/src/data/repositories/RepositoryRegistry.ts,769,95d6e9c303b12c6d5a91c266be21de3b1a3f470f19cb6af2426c0a8a3ff03d0b,patient_mobile,SOURCE_PRESENT_NOT_SEMANTICALLY_OR_RUNTIME_VERIFIED
patient-mobile/src/data/repositories/UsersRepository.ts,649,46bf9fc592dce1518806764c3cad1b70927d65d0c4932bcd8b05f1ca8122f6b4,patient_mobile,SOURCE_PRESENT_NOT_SEMANTICALLY_OR_RUNTIME_VERIFIED
patient-mobile/src/data/repositories/core/BaseRepository.ts,2667,9ca95e7e06a1089802c1b77bcee4765d9ac9a129652f9e334df828d4d1abfaf6,patient_mobile,SOURCE_PRESENT_NOT_SEMANTICALLY_OR_RUNTIME_VERIFIED
patient-mobile/src/data/repositories/core/CompositeRepository.ts,2725,2a02668bec83d558950ed3f19c01fec76be34873c9f6dffd8e105c738fc4afe6,patient_mobile,SOURCE_PRESENT_NOT_SEMANTICALLY_OR_RUNTIME_VERIFIED
patient-mobile/src/data/repositories/core/QuerySpecification.ts,1273,b80ad329928f39a9f1ced0906fa6132b4fb934555036f8cccb23692c4372ebb0,patient_mobile,SOURCE_PRESENT_NOT_SEMANTICALLY_OR_RUNTIME_VERIFIED
patient-mobile/src/data/repositories/core/UnitOfWork.ts,1037,ab99fc873f1015465aeead043f6aa365116bfaecaebc6035c7caa69b0b095d1f,patient_mobile,SOURCE_PRESENT_NOT_SEMANTICALLY_OR_RUNTIME_VERIFIED
patient-mobile/src/data/repositories/interfaces/ILocalDataSource.ts,941,e919c49149f75c0417fcd8659a3c44ca28078fd4d3eb76e47968bd0bfa0fc713,patient_mobile,SOURCE_PRESENT_NOT_SEMANTICALLY_OR_RUNTIME_VERIFIED
patient-mobile/src/data/repositories/interfaces/IRemoteDataSource.ts,366,1724b2717607f2ad561355a53ca1450e265e1ba7dd3c587c7c6d7ae66a7d3ff4,patient_mobile,SOURCE_PRESENT_NOT_SEMANTICALLY_OR_RUNTIME_VERIFIED
patient-mobile/src/data/repositories/interfaces/IRepository.ts,1007,57f069c4508e25773e62b98d8ef1342eeb0c0e5953e2bcf8948aef5e2e74b9d2,patient_mobile,SOURCE_PRESENT_NOT_SEMANTICALLY_OR_RUNTIME_VERIFIED
patient-mobile/src/data/repositories/sources/RemoteDataSource.ts,1936,bfea1d6923c909d20c39b34a7574a70a38cb4b3a76aa9abc639f711e8220777e,patient_mobile,SOURCE_PRESENT_NOT_SEMANTICALLY_OR_RUNTIME_VERIFIED
patient-mobile/src/data/repositories/sources/SQLiteDataSource.ts,5300,d20ca3d791904c0f29fa60d4b009ab3711f1c0e7ba88a74210e17e8efbc57b8f,patient_mobile,SOURCE_PRESENT_NOT_SEMANTICALLY_OR_RUNTIME_VERIFIED
patient-mobile/src/data/repositories/sources/SecureDatabaseProxy.ts,4258,d2882899f5f3c19fdbefd4e6f666adfbad94dbf94e9324d56eea37c8f0c73f7c,patient_mobile,SOURCE_PRESENT_NOT_SEMANTICALLY_OR_RUNTIME_VERIFIED
patient-mobile/src/data/sync/BackgroundSynchronizer.ts,2171,6fc55fb775b42b713b43b2279f1c943b101ec157f6a15e29478fee0bafe8b583,patient_mobile,SOURCE_PRESENT_NOT_SEMANTICALLY_OR_RUNTIME_VERIFIED
patient-mobile/src/data/sync/ConflictResolver.ts,2436,3a12d816633964d72539c788b8e6749573495502d6cbba0338c020ed0eba10ad,patient_mobile,SOURCE_PRESENT_NOT_SEMANTICALLY_OR_RUNTIME_VERIFIED
patient-mobile/src/data/sync/QueueProcessor.ts,2403,42938e9b7537ef6ba470d9a478b3ffbf63831d2c84da7510c25c708e183aee56,patient_mobile,SOURCE_PRESENT_NOT_SEMANTICALLY_OR_RUNTIME_VERIFIED
patient-mobile/src/data/sync/RetryScheduler.ts,1062,c97b1b0c75693cd8f46c402559f90c64703934a3824324a2400cd05075fbda7b,patient_mobile,SOURCE_PRESENT_NOT_SEMANTICALLY_OR_RUNTIME_VERIFIED
patient-mobile/src/data/sync/SyncManager.ts,2438,b835b298d9a84b6084c5b5422118eb4d6f1bbbc99b572d1eb62961862c6c7adf,patient_mobile,SOURCE_PRESENT_NOT_SEMANTICALLY_OR_RUNTIME_VERIFIED
patient-mobile/src/data/sync/SyncWorker.ts,2079,f0fee7bb184a9d775e30c80f3d60f96050779b6d9ea4aae036fc4f843c6c7978,patient_mobile,SOURCE_PRESENT_NOT_SEMANTICALLY_OR_RUNTIME_VERIFIED
patient-mobile/src/design-system/Icon.ts,278,ffa5cb5407fe0f780d62807f8f9c04d808cc82ddf1c41c7063596c077966455a,patient_mobile,SOURCE_PRESENT_NOT_SEMANTICALLY_OR_RUNTIME_VERIFIED
patient-mobile/src/design-system/components/Avatar.tsx,8223,46481be6b347c6eb3e96b21eb903aef07452c0d7920d7c6daed353d607994fd3,patient_mobile,SOURCE_PRESENT_NOT_SEMANTICALLY_OR_RUNTIME_VERIFIED
patient-mobile/src/design-system/components/Badge.tsx,7932,7806fd038cf6e123f6e5cb1cf3476b4c7f8ef2c3cd6566ef0af7e58ce9e6e209,patient_mobile,SOURCE_PRESENT_NOT_SEMANTICALLY_OR_RUNTIME_VERIFIED
patient-mobile/src/design-system/components/BottomSheet.tsx,7700,6d745a30db24b79308a2b5c6639eb916ee4d7a51a40f22f685d7141c45594f18,patient_mobile,SOURCE_PRESENT_NOT_SEMANTICALLY_OR_RUNTIME_VERIFIED
patient-mobile/src/design-system/components/Button.tsx,9139,d022c43f8464d126b90b3884c9a84c79c35390d38cf08e07ea25bfbffdc7f9f2,patient_mobile,SOURCE_PRESENT_NOT_SEMANTICALLY_OR_RUNTIME_VERIFIED
patient-mobile/src/design-system/components/Card.tsx,5764,7b976066e250cd1cc92e64c367ca32fdf7e4d0e0f9e6ec45b18ae197d2b61267,patient_mobile,SOURCE_PRESENT_NOT_SEMANTICALLY_OR_RUNTIME_VERIFIED
patient-mobile/src/design-system/components/Input.tsx,8358,80f18ec738de71a1d8907da2e68f4707e829f7f2a15fb50a4871cb1497e7c7e2,patient_mobile,SOURCE_PRESENT_NOT_SEMANTICALLY_OR_RUNTIME_VERIFIED
patient-mobile/src/design-system/components/Loading.tsx,7306,56305af5efcf192544ef69132c759c169f0b42b14badb152797bed994d0f7905,patient_mobile,SOURCE_PRESENT_NOT_SEMANTICALLY_OR_RUNTIME_VERIFIED
patient-mobile/src/design-system/components/OTPInput.tsx,6793,93c710b45b1e1d9dea3e54f71a3c0b506b7fe314d4128c904f070ba976495a63,patient_mobile,SOURCE_PRESENT_NOT_SEMANTICALLY_OR_RUNTIME_VERIFIED
patient-mobile/src/design-system/components/Progress.tsx,8554,807d8a4f462b57cef77869a1e33d63e81c82aa53c925045e218b0e33d6bf4cf7,patient_mobile,SOURCE_PRESENT_NOT_SEMANTICALLY_OR_RUNTIME_VERIFIED
patient-mobile/src/design-system/components/SearchBar.tsx,8594,4be4dd2c12be6e1e76493b2a1670a66f4083b07af6044b1b663f8f02410e8213,patient_mobile,SOURCE_PRESENT_NOT_SEMANTICALLY_OR_RUNTIME_VERIFIED
patient-mobile/src/design-system/components/States.tsx,7484,6a1b30de8593cba853ed9df9c35b0829b8a85926d8fa9fa86fe4b689ba15b837,patient_mobile,SOURCE_PRESENT_NOT_SEMANTICALLY_OR_RUNTIME_VERIFIED
patient-mobile/src/design-system/components/Text.tsx,3137,0d4470939ffc1ac9ea3c543282dc2a2a964e759662b1de7bd25cea338e060c69,patient_mobile,SOURCE_PRESENT_NOT_SEMANTICALLY_OR_RUNTIME_VERIFIED
patient-mobile/src/design-system/components/Toast.tsx,11465,9b58046ecd21442f26f977767d7bf78187996141c067ed0183b506147e61e063,patient_mobile,SOURCE_PRESENT_NOT_SEMANTICALLY_OR_RUNTIME_VERIFIED
patient-mobile/src/design-system/index.ts,5374,883cbd6d379397d8a343463ae6481031b2b85103ee3791aabf4b363ff9dc1382,patient_mobile,SOURCE_PRESENT_NOT_SEMANTICALLY_OR_RUNTIME_VERIFIED
patient-mobile/src/design-system/tokens.ts,5705,3d90eee7e7bb6996feaa215529b1ef48aae4ea22b34b011a4efd2f0f6355faae,patient_mobile,SOURCE_PRESENT_NOT_SEMANTICALLY_OR_RUNTIME_VERIFIED
patient-mobile/src/features/consultation/InsuranceCopayScreen.tsx,1669,72559f2049f107f476e90e589c9517ab3040233e245035356a486087bec938b1,patient_mobile,SOURCE_PRESENT_NOT_SEMANTICALLY_OR_RUNTIME_VERIFIED
patient-mobile/src/features/medical-orders/ActionableOrderScreen.tsx,1952,8cafd407c9fac39505452d6973a9d57dfa7bd3af580c0efec9f84c93326cf6f6,patient_mobile,SOURCE_PRESENT_NOT_SEMANTICALLY_OR_RUNTIME_VERIFIED
patient-mobile/src/guided-tour/core/TargetResolver.ts,325,9a86975dcf860fd0f3c3b4868235755bcaaf095d91aa39af281a0dafc5a85a8a,patient_mobile,SOURCE_PRESENT_NOT_SEMANTICALLY_OR_RUNTIME_VERIFIED
patient-mobile/src/guided-tour/core/TourEngine.ts,1178,0b9dbc46c51ee69865f6d1b968f38438901e67dbae594e28595d3205a6942d7e,patient_mobile,SOURCE_PRESENT_NOT_SEMANTICALLY_OR_RUNTIME_VERIFIED
patient-mobile/src/guided-tour/core/TourRegistry.ts,380,84487d5aa833b811f86c447aefc5c77eec73633bf6df16e6f12366de1a09be40,patient_mobile,SOURCE_PRESENT_NOT_SEMANTICALLY_OR_RUNTIME_VERIFIED
patient-mobile/src/guided-tour/engines/AnalyticsCollector.ts,699,2bb5f245e619a78d3f287839b75f7bc79be6c9939d6b88b251798889c05afdde,patient_mobile,SOURCE_PRESENT_NOT_SEMANTICALLY_OR_RUNTIME_VERIFIED
patient-mobile/src/guided-tour/engines/CooldownManager.ts,579,51a8e8200c9c5f2a9c8a0bd0b1db04f48bdf78b7e7fef69518077217346bcfa9,patient_mobile,SOURCE_PRESENT_NOT_SEMANTICALLY_OR_RUNTIME_VERIFIED
patient-mobile/src/guided-tour/index.ts,358,dab40ff07e53bb3379a7a84a15ca4fd082f133cf48d2c9a79b4612bade2bc80b,patient_mobile,SOURCE_PRESENT_NOT_SEMANTICALLY_OR_RUNTIME_VERIFIED
patient-mobile/src/guided-tour/providers/ContentProvider.ts,837,a7b106e8726ae9addae1f38b61429b5d82137b7827ffc36409375d6e9fbc04e0,patient_mobile,SOURCE_PRESENT_NOT_SEMANTICALLY_OR_RUNTIME_VERIFIED
patient-mobile/src/guided-tour/providers/PersistenceManager.ts,539,8be8dba9bbd149e095c405f775c7cb8c6b92ba6da6e2459a30150b99367c5e9e,patient_mobile,SOURCE_PRESENT_NOT_SEMANTICALLY_OR_RUNTIME_VERIFIED
patient-mobile/src/guided-tour/types/index.ts,1416,7e2262a79b6f2fd89a4367f5ce9b62cc5e0b6f091107681c11df2c5b50ada6fb,patient_mobile,SOURCE_PRESENT_NOT_SEMANTICALLY_OR_RUNTIME_VERIFIED
patient-mobile/src/guided-tour/ui/SpotlightRenderer.tsx,1904,ab508891565bd578638f426c15b8d5b897441510094339e3cdcf1f13298e7e44,patient_mobile,SOURCE_PRESENT_NOT_SEMANTICALLY_OR_RUNTIME_VERIFIED
patient-mobile/src/hooks/useBiometricAuth.ts,2725,301588f29f5c74d0ef409f5dbfb1be18063b6aa7aa03059df212e700fd7912e8,patient_mobile,SOURCE_PRESENT_NOT_SEMANTICALLY_OR_RUNTIME_VERIFIED
patient-mobile/src/hooks/useGuestGuard.tsx,2747,e366b5f95c6bd500ce63ef493cbb1d50851ec6eed1f3c9f4f52ea8fbbee1388d,patient_mobile,SOURCE_PRESENT_NOT_SEMANTICALLY_OR_RUNTIME_VERIFIED
patient-mobile/src/hooks/useOfflineData.ts,2947,dbaba91c2e55de06d07553756e1b57205b57f2a9b4cbdef437d1ba949a80d144,patient_mobile,SOURCE_PRESENT_NOT_SEMANTICALLY_OR_RUNTIME_VERIFIED
patient-mobile/src/hooks/usePushNotifications.ts,11850,11b246c02c7aef7e5a3f5d1be9cb9673aede90383d677c769351d40d6c5631e5,patient_mobile,SOURCE_PRESENT_NOT_SEMANTICALLY_OR_RUNTIME_VERIFIED
patient-mobile/src/hooks/useTheme.ts,845,594273b1ba0b0691e6c486f71c3491370d6d0cd355144ce976f57a8f16d13314,patient_mobile,SOURCE_PRESENT_NOT_SEMANTICALLY_OR_RUNTIME_VERIFIED
patient-mobile/src/i18n/LanguageManager.ts,2520,9d4447180b3bff950b9bd3b851289e01f4ac8bf77cda74f62db6a3381e84d1bd,patient_mobile,SOURCE_PRESENT_NOT_SEMANTICALLY_OR_RUNTIME_VERIFIED
patient-mobile/src/i18n/autoTranslationsPhase5.json,619358,66b0db8057e960c26327cf7d00ac7d4b9b92ada4e34f70df72ecddc3401d1cb1,patient_mobile,SOURCE_PRESENT_NOT_SEMANTICALLY_OR_RUNTIME_VERIFIED
patient-mobile/src/i18n/guided-care.test.ts,724,b588b2847bb939377a3e2f0ef3fb846cab9bc49cab847dd4dd9e2a66f220ddf2,patient_mobile+tests,SOURCE_PRESENT_NOT_SEMANTICALLY_OR_RUNTIME_VERIFIED
patient-mobile/src/i18n/guided-care.ts,24744,fad4d4ab0c7abb3385e1e8f96ce5983976b27470e3829c4aa56618b63fcb4ba6,patient_mobile,SOURCE_PRESENT_NOT_SEMANTICALLY_OR_RUNTIME_VERIFIED
patient-mobile/src/i18n/health-day.test.ts,727,26031e08228f222bc07936fde8f2abb520b84c3cbe16eaac99b6be0c308a25ae,patient_mobile+tests,SOURCE_PRESENT_NOT_SEMANTICALLY_OR_RUNTIME_VERIFIED
patient-mobile/src/i18n/health-day.ts,14537,1e4613c6b9acd7b058bb3d928306842235b57697066bbfc3d8df697ea79d150f,patient_mobile,SOURCE_PRESENT_NOT_SEMANTICALLY_OR_RUNTIME_VERIFIED
patient-mobile/src/i18n/index.test.ts,966,37958f728789d4c157a90fff77e1a464bf72d7811436870fa5d9ac2409eff450,patient_mobile+tests,SOURCE_PRESENT_NOT_SEMANTICALLY_OR_RUNTIME_VERIFIED
patient-mobile/src/i18n/index.ts,45692,fb6c6938d4694f95187252c00c74f6b442262d0806969330d07346456afc6d32,patient_mobile,SOURCE_PRESENT_NOT_SEMANTICALLY_OR_RUNTIME_VERIFIED
patient-mobile/src/i18n/locales/ar.json,15128,ae2bbb0fef3d151b6f019bb5e46a569fd7b1336312e8d42caf0a239b3cbd681a,patient_mobile,SOURCE_PRESENT_NOT_SEMANTICALLY_OR_RUNTIME_VERIFIED
patient-mobile/src/i18n/locales/bn.json,295,ffb0450e4a7813de4812cdd29b620ba7cc6b6f7e9f9ce37110f15a45a93f689a,patient_mobile,SOURCE_PRESENT_NOT_SEMANTICALLY_OR_RUNTIME_VERIFIED
patient-mobile/src/i18n/locales/en.json,14561,76f1197e2f5bc80539977d4dd237ea8f9fe08e88d39db08c86c43b62ce20a06f,patient_mobile,SOURCE_PRESENT_NOT_SEMANTICALLY_OR_RUNTIME_VERIFIED
patient-mobile/src/i18n/locales/hi.json,321,fde57546bf5d46d6530c3f60064afd259ff2aaadde185adc4225feb4e72038ae,patient_mobile,SOURCE_PRESENT_NOT_SEMANTICALLY_OR_RUNTIME_VERIFIED
patient-mobile/src/i18n/locales/tl.json,212,7429a5787488591d8c08c71ec94bdcd9e3ea194a66241dfa3875219fb3fb1f65,patient_mobile,SOURCE_PRESENT_NOT_SEMANTICALLY_OR_RUNTIME_VERIFIED
patient-mobile/src/i18n/locales/ur.json,277,ffaa18385a6445c56b9a36a14cc5c841c6800958fa2cbf68c50cc3cfec53d380,patient_mobile,SOURCE_PRESENT_NOT_SEMANTICALLY_OR_RUNTIME_VERIFIED
patient-mobile/src/i18n/maternity.test.ts,553,548b162e54e2d83a5e4f026e08c469293aab5c4d44d6391c15547556560c6277,patient_mobile+tests,SOURCE_PRESENT_NOT_SEMANTICALLY_OR_RUNTIME_VERIFIED
patient-mobile/src/i18n/maternity.ts,15725,d895490e81ef219aa4385880bcea1c704d707c53a39de77ef808bad914f3b222,patient_mobile,SOURCE_PRESENT_NOT_SEMANTICALLY_OR_RUNTIME_VERIFIED
patient-mobile/src/i18n/medications.test.ts,893,735e4138fa8480e837325f1f8727e4c9ec8ecf9b8b5c745d299fb75e95487b17,patient_mobile+tests,SOURCE_PRESENT_NOT_SEMANTICALLY_OR_RUNTIME_VERIFIED
patient-mobile/src/i18n/medications.ts,40932,facd70fec7528ba5478455095d7dbbb3eb85a92b74e67fb17d6ffd9862e771da,patient_mobile,SOURCE_PRESENT_NOT_SEMANTICALLY_OR_RUNTIME_VERIFIED
patient-mobile/src/i18n/mental-health.test.ts,698,de857764bda40302427349af5fa3a0c2547279189d11f13c379df57768ba92b9,patient_mobile+tests,SOURCE_PRESENT_NOT_SEMANTICALLY_OR_RUNTIME_VERIFIED
patient-mobile/src/i18n/mental-health.ts,21232,29b838815e470e567d4ffae8a5db263426395429a8389969684151598694dcb1,patient_mobile,SOURCE_PRESENT_NOT_SEMANTICALLY_OR_RUNTIME_VERIFIED
patient-mobile/src/i18n/nutrition.test.ts,723,ce34fa753931fcd5df88fe8c34afaad6a6ff4d0357275e55fd967ade8918746d,patient_mobile+tests,SOURCE_PRESENT_NOT_SEMANTICALLY_OR_RUNTIME_VERIFIED
patient-mobile/src/i18n/nutrition.ts,22427,9a67a06678a8a482b68813fa1f7e4ce4e34f26ce019872360daa5b17d04d33bd,patient_mobile,SOURCE_PRESENT_NOT_SEMANTICALLY_OR_RUNTIME_VERIFIED
patient-mobile/src/navigation/DeepLinking.ts,1954,83edaa75bfd400ba46887b20e2e79da24da6089bfe5369a71083f8e47f400129,patient_mobile,SOURCE_PRESENT_NOT_SEMANTICALLY_OR_RUNTIME_VERIFIED
patient-mobile/src/navigation/RouterConfig.ts,756,2395aa4a6b73dfd4dc4d90a55dda3defaf8376457748ec322ae397d7428cb5f5,patient_mobile,SOURCE_PRESENT_NOT_SEMANTICALLY_OR_RUNTIME_VERIFIED
patient-mobile/src/navigation/guards/AdminGuard.tsx,1340,1762a995472414974c703ed4bd59f21dbeba7f0de7bf1fd4299abdf133cd71be,patient_mobile,SOURCE_PRESENT_NOT_SEMANTICALLY_OR_RUNTIME_VERIFIED
patient-mobile/src/navigation/guards/AuthGuard.tsx,1498,3e3f47eeddae7c97cdd48d78c092c437df0b093d2081f30a7b4d8de9b31ba94b,patient_mobile,SOURCE_PRESENT_NOT_SEMANTICALLY_OR_RUNTIME_VERIFIED
patient-mobile/src/navigation/index.ts,136,3bea7fd163e961ecd961a137436a78d83d0d1a179f548d57c499a62d29e22909,patient_mobile,SOURCE_PRESENT_NOT_SEMANTICALLY_OR_RUNTIME_VERIFIED
patient-mobile/src/polyfills.ts,476,6a6422d41181cbac522352bb5408d1428620feb9a7c765bc6d3e2d31ea5da2b5,patient_mobile,SOURCE_PRESENT_NOT_SEMANTICALLY_OR_RUNTIME_VERIFIED
patient-mobile/src/services/Analytics.ts,6062,a8757bf161a96219298483e5950ac790d06907fab0e6e20e4b816e9c66e7b32b,patient_mobile,SOURCE_PRESENT_NOT_SEMANTICALLY_OR_RUNTIME_VERIFIED
patient-mobile/src/services/ErrorHandler.tsx,8386,1f91909dc2c2aca4fc09d13e1c119bf5a70dcc057e52c15d73c55aad15ad20b0,patient_mobile,SOURCE_PRESENT_NOT_SEMANTICALLY_OR_RUNTIME_VERIFIED
patient-mobile/src/services/EventBus.ts,980,b89ed0a59cfc21baec4eac3267e3f7ae29861f81c2bbb4d32c26f4a6cd67f417,patient_mobile,SOURCE_PRESENT_NOT_SEMANTICALLY_OR_RUNTIME_VERIFIED
patient-mobile/src/services/FeatureFlags.ts,7964,9bb70c5a8ef711723542756508952333250fc0d1397dffb2897a25adb294dc97,patient_mobile,SOURCE_PRESENT_NOT_SEMANTICALLY_OR_RUNTIME_VERIFIED
patient-mobile/src/services/FileManager.ts,3892,1c082aaea233145dac7533a42c76c6a1d3afb1fe575e2f2aea843c11380565f5,patient_mobile,SOURCE_PRESENT_NOT_SEMANTICALLY_OR_RUNTIME_VERIFIED
patient-mobile/src/services/HttpClient.offline.test.ts,556,ca6d156bfb0db9ebde258cfc9f1a6a10625e317ce24d3b3b6b1ba43905f8ab2b,patient_mobile+tests,SOURCE_PRESENT_NOT_SEMANTICALLY_OR_RUNTIME_VERIFIED
patient-mobile/src/services/HttpClient.ts,2820,48cd527414460cdb45cb2927f7207b1da736a242023450784bfe257ad7772830,patient_mobile,SOURCE_PRESENT_NOT_SEMANTICALLY_OR_RUNTIME_VERIFIED
patient-mobile/src/services/Logger.ts,5935,3fb03340017146ebdd5504f7e0abe6112e2cbab467eb359fce3274f4af35b26a,patient_mobile,SOURCE_PRESENT_NOT_SEMANTICALLY_OR_RUNTIME_VERIFIED
patient-mobile/src/services/Notifications.ts,4167,28550054de90144b5d3adf15a8c46335e8cf836383e3c80c33ce98a7571f899f,patient_mobile,SOURCE_PRESENT_NOT_SEMANTICALLY_OR_RUNTIME_VERIFIED
patient-mobile/src/services/PermissionsManager.ts,7459,a85ef81ad3b05b23b4571d410ccf8a8a7748b148de57943af39da06d3ea6f5d6,patient_mobile,SOURCE_PRESENT_NOT_SEMANTICALLY_OR_RUNTIME_VERIFIED
patient-mobile/src/services/SyncManager.offline.test.ts,540,6374ed9f79eac7029f2cdafe00abd15cdedd7597cc28dc71eb1ed2c166658dd8,patient_mobile+tests,SOURCE_PRESENT_NOT_SEMANTICALLY_OR_RUNTIME_VERIFIED
patient-mobile/src/services/SyncManager.ts,1026,8dbc75be79dc960ea871b185684ff097c23e870281d08b1da0de6f4e933675d6,patient_mobile,SOURCE_PRESENT_NOT_SEMANTICALLY_OR_RUNTIME_VERIFIED
patient-mobile/src/services/auth/AuthInterceptor.ts,1274,1904a1df3b3657952399dc41f590129d54bf33c0c7da65bb5b799f31e584b2c3,patient_mobile,SOURCE_PRESENT_NOT_SEMANTICALLY_OR_RUNTIME_VERIFIED
patient-mobile/src/services/auth/AuthManager.ts,3122,bf25d0ac452a92439600a64945bff45253afa35e2575c598bc8d0048012b4c9f,patient_mobile,SOURCE_PRESENT_NOT_SEMANTICALLY_OR_RUNTIME_VERIFIED
patient-mobile/src/services/auth/RegistrationTransaction.test.ts,714,61b7f2bfd63d6379d7fde579677af1883dab91e2aafbdecc870a8042a3e090b0,patient_mobile+tests,SOURCE_PRESENT_NOT_SEMANTICALLY_OR_RUNTIME_VERIFIED
patient-mobile/src/services/auth/RegistrationTransaction.ts,1307,5b6ebf2a5042a7340dbd754af565136b6cf10e574129c47fe20c279119fba0ca,patient_mobile,SOURCE_PRESENT_NOT_SEMANTICALLY_OR_RUNTIME_VERIFIED
patient-mobile/src/services/auth/index.ts,138,119fb0caf63a9ef5071b9cdf28d20576675c0e33088bc5c2231a4d5b62f422fa,patient_mobile,SOURCE_PRESENT_NOT_SEMANTICALLY_OR_RUNTIME_VERIFIED
patient-mobile/src/services/auth/providers/EmailAuthProvider.ts,1222,323edd1a3c39db0a556107bf623d63386ddb4153fcbf5f05f26d6a82c8bedfa8,patient_mobile,SOURCE_PRESENT_NOT_SEMANTICALLY_OR_RUNTIME_VERIFIED
patient-mobile/src/services/auth/types.ts,574,1809c52116f74978f1642d6e9a131776cd744575d5b9b25105f00158e951baed,patient_mobile,SOURCE_PRESENT_NOT_SEMANTICALLY_OR_RUNTIME_VERIFIED
patient-mobile/src/services/index.ts,1361,da2027f7d42048f5c6cda0f8b3ccf2ea2c784d5433925508934cb2f081ce9a5d,patient_mobile,SOURCE_PRESENT_NOT_SEMANTICALLY_OR_RUNTIME_VERIFIED
patient-mobile/src/services/security/EncryptionService.ts,1674,88c074e289a0319be9552c79550e5402085975545654c4a0c405ca23d39a24eb,patient_mobile,SOURCE_PRESENT_NOT_SEMANTICALLY_OR_RUNTIME_VERIFIED
patient-mobile/src/store/FeatureRegistry.ts,1623,e7a3787d107f2952d376806402afd368220bf5128f8cbf966f9474cc9f830628,patient_mobile,SOURCE_PRESENT_NOT_SEMANTICALLY_OR_RUNTIME_VERIFIED
patient-mobile/src/store/ReducerManager.ts,1808,d47675915b4df726f204e9474f0db1596911a11d0fc17975c078e7b1486cebfb,patient_mobile,SOURCE_PRESENT_NOT_SEMANTICALLY_OR_RUNTIME_VERIFIED
patient-mobile/src/store/__tests__/ReducerManager.test.ts,1909,905e8e5276071e542db1e5dd7d9841f049bf17680af26b7db55f3ba8466e33b7,patient_mobile+tests,SOURCE_PRESENT_NOT_SEMANTICALLY_OR_RUNTIME_VERIFIED
patient-mobile/src/store/__tests__/SecureStorageAdapter.test.ts,1946,8be2d653226ef00bedc477cad9593a6aef5ecd1927ab22e9a05ce81f63eb414e,patient_mobile+tests,SOURCE_PRESENT_NOT_SEMANTICALLY_OR_RUNTIME_VERIFIED
patient-mobile/src/store/__tests__/StoreVersionManager.test.ts,994,d8944a899f897f34a1f1b68b4b2cc0b6f133833362e3f1c255a630038ea4557d,patient_mobile+tests,SOURCE_PRESENT_NOT_SEMANTICALLY_OR_RUNTIME_VERIFIED
patient-mobile/src/store/__tests__/recovery.test.ts,253,313be5390256766e8d8ecf7185deedec8665502ebdacfaae83b6cdc1f06f844e,patient_mobile+tests,SOURCE_PRESENT_NOT_SEMANTICALLY_OR_RUNTIME_VERIFIED
patient-mobile/src/store/actions/recovery.ts,562,42089ecb636b17ff8a480c809648164c144f1b0adb7e5fe373eac86efe883afc,patient_mobile,SOURCE_PRESENT_NOT_SEMANTICALLY_OR_RUNTIME_VERIFIED
patient-mobile/src/store/api/baseApi.ts,1537,d2470e8f2001564b8a1c2d702d5168745b75e119eb95dd75f8fd7e290a5bc0bf,patient_mobile,SOURCE_PRESENT_NOT_SEMANTICALLY_OR_RUNTIME_VERIFIED
patient-mobile/src/store/api/offlineHelpers.ts,914,9fc3fdac61ccc20e5bd84e218e77bee292c1913bcb49ab45a42fabfbd5b22a8e,patient_mobile,SOURCE_PRESENT_NOT_SEMANTICALLY_OR_RUNTIME_VERIFIED
patient-mobile/src/store/api/paginationHelpers.ts,550,b0a372346889612e47f2d619e1881a38ad9d423dd9612eb9514416060a695455,patient_mobile,SOURCE_PRESENT_NOT_SEMANTICALLY_OR_RUNTIME_VERIFIED
patient-mobile/src/store/api/tags.ts,999,2f4815adae5c73d149cd91dd59e13b3020c3ee9b42032df399e38a2c11ed31c1,patient_mobile,SOURCE_PRESENT_NOT_SEMANTICALLY_OR_RUNTIME_VERIFIED
patient-mobile/src/store/hooks.ts,349,524417ad3b6eca9449d98570e24ffc9805cb5d8bbd7bf150651fd5894cda66c0,patient_mobile,SOURCE_PRESENT_NOT_SEMANTICALLY_OR_RUNTIME_VERIFIED
patient-mobile/src/store/index.ts,3762,33a2c29915d95aed76079d0d52b191fd82a188b431dc4e3ae42b651cebc103b3,patient_mobile,SOURCE_PRESENT_NOT_SEMANTICALLY_OR_RUNTIME_VERIFIED
patient-mobile/src/store/integration/EventBusIntegrator.ts,1953,4e9cdc5b2455a633ec4b8ed5c731741029dd227caa6ae78de15021f5a6955e65,patient_mobile,SOURCE_PRESENT_NOT_SEMANTICALLY_OR_RUNTIME_VERIFIED
patient-mobile/src/store/middleware/backgroundUpdater.ts,905,ed241a986ef0b68b609f27dd48db2be8ae92d68d36d0a3bcb3835cee2be075d7,patient_mobile,SOURCE_PRESENT_NOT_SEMANTICALLY_OR_RUNTIME_VERIFIED
patient-mobile/src/store/middleware/listenerMiddleware.ts,486,7ae9a61eeaedc6306f53cd995cd8ed7b93b0b5bf868f0be838beb6ab9f8e8482,patient_mobile,SOURCE_PRESENT_NOT_SEMANTICALLY_OR_RUNTIME_VERIFIED
patient-mobile/src/store/middleware/memoryManager.ts,1416,545cc92e2fdcceed376c18ac4f7f80a59cf6894cb71408ad7ed2d4b6a6908aa4,patient_mobile,SOURCE_PRESENT_NOT_SEMANTICALLY_OR_RUNTIME_VERIFIED
patient-mobile/src/store/middleware/observability.ts,1405,42781719c18d7bec2450f40dca0e0b7e709df40649ff1e04befa91feb8bba08e,patient_mobile,SOURCE_PRESENT_NOT_SEMANTICALLY_OR_RUNTIME_VERIFIED
patient-mobile/src/store/persistence/SecureStorageAdapter.test.ts,1061,168e02a90a1baeeb32df31e5d2974b9f575477c5cfbb1d6c07fe7625a2da1ae1,patient_mobile+tests,SOURCE_PRESENT_NOT_SEMANTICALLY_OR_RUNTIME_VERIFIED
patient-mobile/src/store/persistence/SecureStorageAdapter.ts,3945,1e74418d1ce444a62b0be5dd066f48c2285226fe6deb3d6b76cbfcaf1485101e,patient_mobile,SOURCE_PRESENT_NOT_SEMANTICALLY_OR_RUNTIME_VERIFIED
patient-mobile/src/store/persistence/StoreVersionManager.ts,1121,75c897596bc58cc98e3b0303fffdd1dd3a8c5d493781f52953d44cba9c3e4647,patient_mobile,SOURCE_PRESENT_NOT_SEMANTICALLY_OR_RUNTIME_VERIFIED
patient-mobile/src/store/persistence/config.ts,684,230235e43a9477c195343e5700dd9f9ba133c3862d17c345ec309ae9069092f8,patient_mobile,SOURCE_PRESENT_NOT_SEMANTICALLY_OR_RUNTIME_VERIFIED
patient-mobile/src/store/selectors.ts,1006,31c4bb0731f82fcec8abb230bda6b3157369d1970a2d5383af8605c1060a7bb2,patient_mobile,SOURCE_PRESENT_NOT_SEMANTICALLY_OR_RUNTIME_VERIFIED
patient-mobile/src/store/slices/adminSlice.ts,571,1af39767edd19ea1dee87c8a3544f28572f40d8fef0378b457a3d2f85dd7e40a,patient_mobile,SOURCE_PRESENT_NOT_SEMANTICALLY_OR_RUNTIME_VERIFIED
patient-mobile/src/store/slices/analyticsSlice.ts,595,7d0262776c3969d54478a406c1ce82a3623b42300d5b0b7eebba28e5c7a9d6a0,patient_mobile,SOURCE_PRESENT_NOT_SEMANTICALLY_OR_RUNTIME_VERIFIED
patient-mobile/src/store/slices/appConfigSlice.ts,595,4f2772c1b58815a61af629cf11fd72b446d1856ebc83ae36195d3ecbfbc05af1,patient_mobile,SOURCE_PRESENT_NOT_SEMANTICALLY_OR_RUNTIME_VERIFIED
patient-mobile/src/store/slices/appointmentsSlice.ts,1252,d319b11c384d5e27b61d0686f3f958ce46be0bb5d19c69cefd00430a3b81a46f,patient_mobile,SOURCE_PRESENT_NOT_SEMANTICALLY_OR_RUNTIME_VERIFIED
patient-mobile/src/store/slices/authSlice.ts,4690,9253c4ff0e0fd2203ded45d4b29c61f374fb15740684fbd1792d1f0d2b725ebc,patient_mobile,SOURCE_PRESENT_NOT_SEMANTICALLY_OR_RUNTIME_VERIFIED
patient-mobile/src/store/slices/cartSlice.ts,1545,c6d9372d85473388ee07e9a05a49a43fc9b8dadd67484fbe0fcc5e597dc2e906,patient_mobile,SOURCE_PRESENT_NOT_SEMANTICALLY_OR_RUNTIME_VERIFIED
patient-mobile/src/store/slices/connectivitySlice.ts,613,0c6edece85d04c3a73e93f42576701442e0a2ec981dad25e2bf494df4c73d1bc,patient_mobile,SOURCE_PRESENT_NOT_SEMANTICALLY_OR_RUNTIME_VERIFIED
patient-mobile/src/store/slices/deviceSlice.ts,577,636574db00798ac758b62efb857a19fa7b26c0e4be3072ce626d74a0c6741b39,patient_mobile,SOURCE_PRESENT_NOT_SEMANTICALLY_OR_RUNTIME_VERIFIED
patient-mobile/src/store/slices/favoritesSlice.ts,595,4761c7ca7fa8a6a5b7b4ac66c1075e8e6f4891bee64f49f5fdcee589de4415cd,patient_mobile,SOURCE_PRESENT_NOT_SEMANTICALLY_OR_RUNTIME_VERIFIED
patient-mobile/src/store/slices/featureFlagsSlice.ts,613,5ab8dc59ae5b8aa3f09c65b202423b5e8ff033eb8fab022093aa7ea518a4af1b,patient_mobile,SOURCE_PRESENT_NOT_SEMANTICALLY_OR_RUNTIME_VERIFIED
patient-mobile/src/store/slices/localizationSlice.ts,613,8f6de44237a59e472549fd39b683536a00d1898d46baa4e15118fb71ffb0e6d0,patient_mobile,SOURCE_PRESENT_NOT_SEMANTICALLY_OR_RUNTIME_VERIFIED
patient-mobile/src/store/slices/loyaltySlice.ts,583,947b6fe84ddf96c9f15dcc36205a3cea5b47aeef4dcdf5bcdbef2c73b0c3726a,patient_mobile,SOURCE_PRESENT_NOT_SEMANTICALLY_OR_RUNTIME_VERIFIED
patient-mobile/src/store/slices/notificationsSlice.ts,1347,a8812223db6216df04b9a47afeffb4d2461b752349acc0a8a8d2b0d74f5b488a,patient_mobile,SOURCE_PRESENT_NOT_SEMANTICALLY_OR_RUNTIME_VERIFIED
patient-mobile/src/store/slices/ordersSlice.ts,577,36f8416ded4531b459da4909b058489b710978b9b6946d6284a2de6111dfca98,patient_mobile,SOURCE_PRESENT_NOT_SEMANTICALLY_OR_RUNTIME_VERIFIED
patient-mobile/src/store/slices/otherSlices.ts,127,391ffb09b3fceefec9b42e79f8b4785a2f4739fa3f83dd98ff702402f12aff72,patient_mobile,SOURCE_PRESENT_NOT_SEMANTICALLY_OR_RUNTIME_VERIFIED
patient-mobile/src/store/slices/permissionsSlice.ts,607,af2357fd35a50cf6d28e1e8e44fe88030ae01cb685f475b8caed8f87f7f9e030,patient_mobile,SOURCE_PRESENT_NOT_SEMANTICALLY_OR_RUNTIME_VERIFIED
patient-mobile/src/store/slices/searchSlice.ts,577,8a27f61bead91eb87152487976cb9b563b1fec61605d434700d0f8ca1bcba77d,patient_mobile,SOURCE_PRESENT_NOT_SEMANTICALLY_OR_RUNTIME_VERIFIED
patient-mobile/src/store/slices/sessionSlice.ts,583,494d71ac196cd435ea976f591dd5c4d2ea310d650bb03ca5a4e88da6ce48b41a,patient_mobile,SOURCE_PRESENT_NOT_SEMANTICALLY_OR_RUNTIME_VERIFIED
patient-mobile/src/store/slices/settingsSlice.ts,589,6a2c2acb1cb45eff25c7a794762ab19b0b2ba1811d785a6ecc441ffb28905b13,patient_mobile,SOURCE_PRESENT_NOT_SEMANTICALLY_OR_RUNTIME_VERIFIED
patient-mobile/src/store/slices/syncSlice.ts,1242,a390a5386f4b0a5f51df191920ffe70a09a6e039acf01cb42ac43ee5da2eec3d,patient_mobile,SOURCE_PRESENT_NOT_SEMANTICALLY_OR_RUNTIME_VERIFIED
patient-mobile/src/store/slices/themeSlice.ts,620,c97ae81035d66fafcdac3f572ac28660ff5f38179506db290e0e9bcb19cc36ea,patient_mobile,SOURCE_PRESENT_NOT_SEMANTICALLY_OR_RUNTIME_VERIFIED
patient-mobile/src/store/slices/userSlice.ts,1387,d5df211e8b453dae74a80d1d043c06e1b93e38d5970475d5f90e989109cc3cf0,patient_mobile,SOURCE_PRESENT_NOT_SEMANTICALLY_OR_RUNTIME_VERIFIED
patient-mobile/src/store/slices/walletSlice.ts,577,fe5324527a8328a612f2241aa63da02e6fe50eaa9af7e9cc73e7e7b1fefeea2e,patient_mobile,SOURCE_PRESENT_NOT_SEMANTICALLY_OR_RUNTIME_VERIFIED
patient-mobile/src/store/types.ts,1335,0a929c0930280a0f9f212c2ae0587ec17424759d86937afc3add4e8ffdbfa11f,patient_mobile,SOURCE_PRESENT_NOT_SEMANTICALLY_OR_RUNTIME_VERIFIED
patient-mobile/src/store/utils/testUtils.tsx,1189,b86240fb579c9a722d89dfd043f88d99ed1892255bbf0bd7772976e6e6049fc5,patient_mobile,SOURCE_PRESENT_NOT_SEMANTICALLY_OR_RUNTIME_VERIFIED
patient-mobile/src/theme/ThemeEngine.ts,4717,beb14a9bb669a62294b8359040bcb93b284988d08816bacac6b93e121400e86c,patient_mobile,SOURCE_PRESENT_NOT_SEMANTICALLY_OR_RUNTIME_VERIFIED
patient-mobile/src/theme/colors.ts,1977,de998a6c1954fb4e2a4b561ff5bbaff9481dc3b9418707f9fe2038173275b1f4,patient_mobile,SOURCE_PRESENT_NOT_SEMANTICALLY_OR_RUNTIME_VERIFIED
patient-mobile/src/theme/index.ts,9678,dd7f68807cd4d0a0a5123d4d1a8cce8772167509e49cdf98871fee24394b582b,patient_mobile,SOURCE_PRESENT_NOT_SEMANTICALLY_OR_RUNTIME_VERIFIED
patient-mobile/src/types/contracts.ts,7756,3d76b74179e8ec557438a03de203845acd46a8165f5476f26a5fe641027b8ce3,patient_mobile,SOURCE_PRESENT_NOT_SEMANTICALLY_OR_RUNTIME_VERIFIED
patient-mobile/src/types/index.ts,16136,f70070987d331c94a343b5330fb23c31ff0ca8020e654b0a53dbab1743073358,patient_mobile,SOURCE_PRESENT_NOT_SEMANTICALLY_OR_RUNTIME_VERIFIED
patient-mobile/src/utils/api.security.test.ts,2019,eca1d2c3434464684b3cfc1a2a657bd176a90edbec5cd10a0b39050abefe486e,patient_mobile+tests,SOURCE_PRESENT_NOT_SEMANTICALLY_OR_RUNTIME_VERIFIED
patient-mobile/src/utils/api.ts,5762,c79f631414707877045eddfa05baf1cba3eadba66b1529670a432cc02b9b9095,patient_mobile,SOURCE_PRESENT_NOT_SEMANTICALLY_OR_RUNTIME_VERIFIED
patient-mobile/src/utils/callkeep.ts,3706,48bfa79d449fcf70ef0041086bb450704bb9968fe488b37c0daed9584c262845,patient_mobile,SOURCE_PRESENT_NOT_SEMANTICALLY_OR_RUNTIME_VERIFIED
patient-mobile/src/utils/chronic-refill-contract.test.ts,633,f0eac86d0d70fc5810ccfc892f482e088b5b4f46091f2d1533ae7141f4ebafd1,patient_mobile+tests,SOURCE_PRESENT_NOT_SEMANTICALLY_OR_RUNTIME_VERIFIED
patient-mobile/src/utils/chronic-refill-contract.ts,532,8c387151925db9e016d0cd1c90e0135e65b35873326160428970bb34992c318f,patient_mobile,SOURCE_PRESENT_NOT_SEMANTICALLY_OR_RUNTIME_VERIFIED
patient-mobile/src/utils/dates.ts,2336,d8c0949028a0cb084604bdf5c235a679359fe4a70809ee7486dbf69b82a9c7cf,patient_mobile,SOURCE_PRESENT_NOT_SEMANTICALLY_OR_RUNTIME_VERIFIED
patient-mobile/src/utils/deviceId.ts,1147,4dacc2d18c57fb380c41edf8a83f918fb2774c6ec2a093300a1f13a36e8b8039,patient_mobile,SOURCE_PRESENT_NOT_SEMANTICALLY_OR_RUNTIME_VERIFIED
patient-mobile/src/utils/family-calendar-contract.test.ts,1158,24b2a91dc5001a671de1ede08df47ebf6b0fcf66faadcdc3c444a95196d28622,patient_mobile+tests,SOURCE_PRESENT_NOT_SEMANTICALLY_OR_RUNTIME_VERIFIED
patient-mobile/src/utils/family-calendar-contract.ts,1377,6898074fbb5273edda5d1915033b7340b9155092c9d3933e7ed3c971673d02c3,patient_mobile,SOURCE_PRESENT_NOT_SEMANTICALLY_OR_RUNTIME_VERIFIED
patient-mobile/src/utils/imageUrl.ts,1337,872dcabcf5ebc6a75087eee05ba0d9a5109336541ede997f49dd64a893d666a4,patient_mobile,SOURCE_PRESENT_NOT_SEMANTICALLY_OR_RUNTIME_VERIFIED
patient-mobile/src/utils/insurance-catalog-contract.test.ts,2116,a54e362a6f8a71ab628537f00a4edb42cc50a9d5249883852fc11bd497d4367a,patient_mobile+tests,SOURCE_PRESENT_NOT_SEMANTICALLY_OR_RUNTIME_VERIFIED
patient-mobile/src/utils/insurance-copay-contract.test.ts,1050,dd2c89831c31a589242af0beb0b82e473a12dfb63d5ad4e575a5f22f06002962,patient_mobile+tests,SOURCE_PRESENT_NOT_SEMANTICALLY_OR_RUNTIME_VERIFIED
patient-mobile/src/utils/insurance-copay-contract.ts,2075,fbad51878503ba4d876475d3a01bcad0d6322ec70405a08c2d7c42a1003af1fb,patient_mobile,SOURCE_PRESENT_NOT_SEMANTICALLY_OR_RUNTIME_VERIFIED
patient-mobile/src/utils/jwt.ts,1018,a586e4e8bfed6268c084ed788881b7dedac8a076e0ea5e768948ce222f387307,patient_mobile,SOURCE_PRESENT_NOT_SEMANTICALLY_OR_RUNTIME_VERIFIED
patient-mobile/src/utils/labMappers.ts,2450,9796875e890cf4084df201ee21cc9b0a43fee73a814c6fe8d9562c7393c13407,patient_mobile,SOURCE_PRESENT_NOT_SEMANTICALLY_OR_RUNTIME_VERIFIED
patient-mobile/src/utils/localize.ts,3115,79ae7052482df02713223226368d50228a8b74de9e8ff5c2471d2e312493983c,patient_mobile,SOURCE_PRESENT_NOT_SEMANTICALLY_OR_RUNTIME_VERIFIED
patient-mobile/src/utils/medication-notifications.test.ts,1441,0fe6e634a6bedddffcdf49759c6b1e4f0fba392d977159fb09d5a5b82e54b7f9,patient_mobile+tests,SOURCE_PRESENT_NOT_SEMANTICALLY_OR_RUNTIME_VERIFIED
patient-mobile/src/utils/medication-notifications.ts,14624,0899eb2483664c25d7026549f57ce49f5dc179610da033cbe985c66a8991c527,patient_mobile,SOURCE_PRESENT_NOT_SEMANTICALLY_OR_RUNTIME_VERIFIED
patient-mobile/src/utils/monthly-health-report-contract.test.ts,839,96a31e14e6d071c95eb1d53d90902d8a55043d63ccb69b6828c35c3bc5f40ffd,patient_mobile+tests,SOURCE_PRESENT_NOT_SEMANTICALLY_OR_RUNTIME_VERIFIED
patient-mobile/src/utils/monthly-health-report-contract.ts,864,4ad68c109bd006cae94022d02569e749da92358241491df99f1743e6dd000b59,patient_mobile,SOURCE_PRESENT_NOT_SEMANTICALLY_OR_RUNTIME_VERIFIED
patient-mobile/src/utils/mood-journal-contract.test.ts,1446,b7e6b4ef6c01465345cc9db5860d9f41e0c39bbb0ff9c26a0069446b85dc7c6a,patient_mobile+tests,SOURCE_PRESENT_NOT_SEMANTICALLY_OR_RUNTIME_VERIFIED
patient-mobile/src/utils/mood-journal-contract.ts,4585,52f709e95ddd4f4e9cbc17890636b4205a37c002a9313e89d5afc1ab34e891f2,patient_mobile,SOURCE_PRESENT_NOT_SEMANTICALLY_OR_RUNTIME_VERIFIED
patient-mobile/src/utils/notifications.ts,4042,dcc1647c7cc88cdb9b48ffd707f247040d93d6fa8ee6b5ca57861d70456d1293,patient_mobile,SOURCE_PRESENT_NOT_SEMANTICALLY_OR_RUNTIME_VERIFIED
patient-mobile/src/utils/offlineQueue.security.test.ts,862,b25b04a8ba1aefc0e855703137fceed676485b83d88e8f842b4dac157d34e916,patient_mobile+tests,SOURCE_PRESENT_NOT_SEMANTICALLY_OR_RUNTIME_VERIFIED
patient-mobile/src/utils/offlineQueue.ts,1156,69adc7bbc60806fa780023f1b28af1eb9ec4a1c56d62de8191120ae37108229a,patient_mobile,SOURCE_PRESENT_NOT_SEMANTICALLY_OR_RUNTIME_VERIFIED
patient-mobile/src/utils/payment-idempotency.ts,466,42140e8ab5025ede3c63645fe89ab02863063d4201c8dfc648d3292c0c99756e,patient_mobile,SOURCE_PRESENT_NOT_SEMANTICALLY_OR_RUNTIME_VERIFIED
patient-mobile/src/utils/performance.tsx,4169,91d2ce95d592780ca1414e1d287111517b95de4c3a190a16c8ed4a50da4793a5,patient_mobile,SOURCE_PRESENT_NOT_SEMANTICALLY_OR_RUNTIME_VERIFIED
patient-mobile/src/utils/prefetch.ts,2587,8ff84f13b559adf83b8db47cf1a07a9e25ddc841c5194ca98300ed783cd4df37,patient_mobile,SOURCE_PRESENT_NOT_SEMANTICALLY_OR_RUNTIME_VERIFIED
patient-mobile/src/utils/productNav.ts,446,a73ed7e645e055a8f8a905c12aa21b517cf71349018d125082ae3b14975ce8be,patient_mobile,SOURCE_PRESENT_NOT_SEMANTICALLY_OR_RUNTIME_VERIFIED
patient-mobile/src/utils/security.storage.test.ts,1313,e65da540d504221cf283d2fcacc548896f36a4cc547f2d94626bc713a5b6df65,patient_mobile+tests,SOURCE_PRESENT_NOT_SEMANTICALLY_OR_RUNTIME_VERIFIED
patient-mobile/src/utils/security.ts,5016,4079f56a207b6c84715ee58b423746b152ed579af84952f1bf6335132a112a00,patient_mobile,SOURCE_PRESENT_NOT_SEMANTICALLY_OR_RUNTIME_VERIFIED
patient-mobile/src/utils/selectedAddress.ts,1900,5db9ae8db469bdebcc00f72e32e026ca464f7c236174afb736041b3289f8361a,patient_mobile,SOURCE_PRESENT_NOT_SEMANTICALLY_OR_RUNTIME_VERIFIED
patient-mobile/src/utils/sentry.ts,1567,370685fdfd726015f148a10e467c5446c8836b4dc83c213a8cfc1d6c1ab656aa,patient_mobile,SOURCE_PRESENT_NOT_SEMANTICALLY_OR_RUNTIME_VERIFIED
patient-mobile/tsconfig.json,1542,4a51595b5af784b2c435f97fdf2dfb6b2d6a992eeb85e6a58ed07bef99e6e7ed,patient_mobile,SOURCE_PRESENT_NOT_SEMANTICALLY_OR_RUNTIME_VERIFIED
patient-mobile/utils/api.security.test.ts,797,0f1712d001a72265fad5bba098f67adbb7bb8dae692c0c7855cb587ff3238f7d,patient_mobile+tests,SOURCE_PRESENT_NOT_SEMANTICALLY_OR_RUNTIME_VERIFIED
patient-mobile/utils/api.ts,4499,edb0a03ae75895681de9bac2e33373f34be9a6595058c35ca040cac4571cbb90,patient_mobile,SOURCE_PRESENT_NOT_SEMANTICALLY_OR_RUNTIME_VERIFIED
patient-web/app/[locale]/ai/page.tsx,1076,4242170b3c2f92479e5aff3a5c81ca231dc0ef0a81150e252fe1b101cb967dc8,patient_web,SOURCE_PRESENT_NOT_SEMANTICALLY_OR_RUNTIME_VERIFIED
patient-web/app/[locale]/appointments/[appointmentId]/appointment-detail.module.css,3788,26207776f9441c3b46ae0ef7dd2f233cecb18041231c75e837bb377fdf40b01c,patient_web,SOURCE_PRESENT_NOT_SEMANTICALLY_OR_RUNTIME_VERIFIED
patient-web/app/[locale]/appointments/[appointmentId]/page.tsx,4810,418eb47b4de91c87fb91106f4170d4e4ff88199ef3a397308bd35731fa718051,patient_web,SOURCE_PRESENT_NOT_SEMANTICALLY_OR_RUNTIME_VERIFIED
patient-web/app/[locale]/appointments/appointments-ssr.test.ts,3389,a5906aaf05ce865d3cae10c0c115f63859512d37932a1f8cd441531088b71692,patient_web+tests,SOURCE_PRESENT_NOT_SEMANTICALLY_OR_RUNTIME_VERIFIED
patient-web/app/[locale]/appointments/appointments.module.css,5617,5d3df816447d22c923608d15b630f7b9e3fa168f2063de09fab8d88be6ecaaad,patient_web,SOURCE_PRESENT_NOT_SEMANTICALLY_OR_RUNTIME_VERIFIED
patient-web/app/[locale]/appointments/page.tsx,5555,7b1a09373e4445d94dcc58467056cc4ca3601c7cc30266c4c24a4bc8b38a2792,patient_web,SOURCE_PRESENT_NOT_SEMANTICALLY_OR_RUNTIME_VERIFIED
patient-web/app/[locale]/articles/[slug]/page.tsx,1814,6891bdb73512bc1d5ef6cddc24113ab95930d6fee771bc28ba4ec53f713b59ca,patient_web,SOURCE_PRESENT_NOT_SEMANTICALLY_OR_RUNTIME_VERIFIED
patient-web/app/[locale]/articles/articles.module.css,4829,e03d921a0f2bb599bdb39c7df7bc9780b301273dcc85ca8173f0fbc094e8cb96,patient_web,SOURCE_PRESENT_NOT_SEMANTICALLY_OR_RUNTIME_VERIFIED
patient-web/app/[locale]/articles/bookmarks/page.tsx,2451,661b44e7c0da0025083be561409c4d8698d9d817aac24e3987b047047b7b6fa4,patient_web,SOURCE_PRESENT_NOT_SEMANTICALLY_OR_RUNTIME_VERIFIED
patient-web/app/[locale]/articles/page.tsx,3013,c079fdde4ec96f25eb5264fbdff7b2b665a466f9baf58be80048613d8da7b06e,patient_web,SOURCE_PRESENT_NOT_SEMANTICALLY_OR_RUNTIME_VERIFIED
patient-web/app/[locale]/cart/cart-ssr.test.ts,3373,afbaf747d83841fbbd13d9ece3c1053704490241e702ae93175ec5f5654845b9,patient_web+tests,SOURCE_PRESENT_NOT_SEMANTICALLY_OR_RUNTIME_VERIFIED
patient-web/app/[locale]/cart/cart.module.css,4076,a1465e28fd18b73edf10d0cc0057ba78e26d31e63068902540d732585c64bfa2,patient_web,SOURCE_PRESENT_NOT_SEMANTICALLY_OR_RUNTIME_VERIFIED
patient-web/app/[locale]/cart/checkout/page.tsx,2577,1da01825d6868b6471d09c2b07d91ca12351f655a01cdd42e7bbb5d599ad5e1a,patient_web,SOURCE_PRESENT_NOT_SEMANTICALLY_OR_RUNTIME_VERIFIED
patient-web/app/[locale]/cart/page.tsx,3358,836c660d9ad8a9895eb8f7c2f454ccdafd277ee571098c025cd98124cd1b27c0,patient_web,SOURCE_PRESENT_NOT_SEMANTICALLY_OR_RUNTIME_VERIFIED
patient-web/app/[locale]/cart/prescription/page.tsx,2669,08a637335b65f084562babf5cf2bbfc5d193401816c55f157358f2a9d6ef2da5,patient_web,SOURCE_PRESENT_NOT_SEMANTICALLY_OR_RUNTIME_VERIFIED
patient-web/app/[locale]/chat/[threadId]/page.tsx,3985,a999455f1a869fcc95dd029e25e105f367201f24a1aa438bb76f66e5aabeb67c,patient_web,SOURCE_PRESENT_NOT_SEMANTICALLY_OR_RUNTIME_VERIFIED
patient-web/app/[locale]/chat/chat-ssr.test.ts,2064,6ca2a8b1e0b7512af5fd3bc84f819a1115ceafd1af0cbb1c40b66c10155c9e72,patient_web+tests,SOURCE_PRESENT_NOT_SEMANTICALLY_OR_RUNTIME_VERIFIED
patient-web/app/[locale]/chat/chat.module.css,2913,20114c0f28995eefabd1498ad8934e3cd48336889dc2fc2902c6318566bdd02d,patient_web,SOURCE_PRESENT_NOT_SEMANTICALLY_OR_RUNTIME_VERIFIED
patient-web/app/[locale]/chat/page.tsx,2637,71de2d8368ad8c221403b1f8e0ad77ddc5f94f342bba3f197a88e0767991eed8,patient_web,SOURCE_PRESENT_NOT_SEMANTICALLY_OR_RUNTIME_VERIFIED
patient-web/app/[locale]/community/page.tsx,2238,3d9ce593c05e451e5f5426f02b3e7dc4373baf619ccfde1aa95f7f13a7ebd9f1,patient_web,SOURCE_PRESENT_NOT_SEMANTICALLY_OR_RUNTIME_VERIFIED
patient-web/app/[locale]/consultations/doctors/[doctorId]/page.tsx,4335,f4bd02360d591462dafb7e3c57708564e4bdccc46dc9bd928c761e1aa9454cbd,patient_web,SOURCE_PRESENT_NOT_SEMANTICALLY_OR_RUNTIME_VERIFIED
patient-web/app/[locale]/consultations/doctors/doctors-ssr.test.ts,915,2e27b50dac3932db5029a9f3f737397c2125d9644263418476f05246ecb9b31f,patient_web+tests,SOURCE_PRESENT_NOT_SEMANTICALLY_OR_RUNTIME_VERIFIED
patient-web/app/[locale]/consultations/doctors/doctors.module.css,6206,10e1f58bbde1aac3efb84517e148a3e908dedb8dedcc29e7c6982de25430859b,patient_web,SOURCE_PRESENT_NOT_SEMANTICALLY_OR_RUNTIME_VERIFIED
patient-web/app/[locale]/consultations/doctors/page.tsx,3470,f7e6036268412347512966c7aad748a72b21c57c2cb4ab2bac5a7bea1a300010,patient_web,SOURCE_PRESENT_NOT_SEMANTICALLY_OR_RUNTIME_VERIFIED
patient-web/app/[locale]/consultations/specialties/page.tsx,3466,9f80b2a2a3911aea7cd930c82ec8d38fab6e536d98a941e35c28347f41c0bdd2,patient_web,SOURCE_PRESENT_NOT_SEMANTICALLY_OR_RUNTIME_VERIFIED
patient-web/app/[locale]/consultations/specialties/specialties-ssr.test.ts,1680,277e407ee4af45c60e7b74f8f1151f1e7f0de6530c2fe9e85cdcd0fe15d43548,patient_web+tests,SOURCE_PRESENT_NOT_SEMANTICALLY_OR_RUNTIME_VERIFIED
patient-web/app/[locale]/consultations/specialties/specialties.module.css,3576,1b7c9667a1cdd67acdbbf64fc41d158e2c24e412dccedb01f0cd9cf8fd15f25c,patient_web,SOURCE_PRESENT_NOT_SEMANTICALLY_OR_RUNTIME_VERIFIED
patient-web/app/[locale]/dashboard/dashboard-page.test.ts,1184,932f07c6fc824edb3a0a822ae63a49d639223daaf51d43d04bea2dd8215e01fc,patient_web+tests,SOURCE_PRESENT_NOT_SEMANTICALLY_OR_RUNTIME_VERIFIED
patient-web/app/[locale]/dashboard/dashboard-ssr.test.ts,2088,aaabe406218d6c2265a472e273f0124e848ed7bf1395f848226ee866f2d30159,patient_web+tests,SOURCE_PRESENT_NOT_SEMANTICALLY_OR_RUNTIME_VERIFIED
patient-web/app/[locale]/dashboard/dashboard.module.css,6952,4dad3d924fd9b2be0e5b1945e0e04615476bb9d1402f8ac7666dea02b006279a,patient_web,SOURCE_PRESENT_NOT_SEMANTICALLY_OR_RUNTIME_VERIFIED
patient-web/app/[locale]/dashboard/loading.tsx,364,7e96483ce2656f2817a1feabaf76238549024d789b001215b473bee3de335d2d,patient_web,SOURCE_PRESENT_NOT_SEMANTICALLY_OR_RUNTIME_VERIFIED
patient-web/app/[locale]/dashboard/page.tsx,6850,06015f1009086723ad4f7f5c8aaeb5148d4b6a07e093ac0e215b8f5d63b27c85,patient_web,SOURCE_PRESENT_NOT_SEMANTICALLY_OR_RUNTIME_VERIFIED
patient-web/app/[locale]/diagnostics/[domain]/[bookingId]/diagnostic-detail.module.css,3788,26207776f9441c3b46ae0ef7dd2f233cecb18041231c75e837bb377fdf40b01c,patient_web,SOURCE_PRESENT_NOT_SEMANTICALLY_OR_RUNTIME_VERIFIED
patient-web/app/[locale]/diagnostics/[domain]/[bookingId]/page.tsx,3584,a31a1a0ab65c00d86242f96d1816948cff4aeca754f208e852ede28ef4f1c815,patient_web,SOURCE_PRESENT_NOT_SEMANTICALLY_OR_RUNTIME_VERIFIED
patient-web/app/[locale]/diagnostics/diagnostics-ssr.test.ts,3087,32f350c714335c345a5489683346309fa382c81235dd5ad13ddb9a01eb78269b,patient_web+tests,SOURCE_PRESENT_NOT_SEMANTICALLY_OR_RUNTIME_VERIFIED
patient-web/app/[locale]/diagnostics/diagnostics.module.css,4007,8feeba76cd1f75e3e75107d75268bd4ab808ea5f98d6307a401bf7d3b1dc370b,patient_web,SOURCE_PRESENT_NOT_SEMANTICALLY_OR_RUNTIME_VERIFIED
patient-web/app/[locale]/diagnostics/labs/labs-ssr.test.ts,1815,ed81c3752ab452d5f1e5e25ef09808da46d2d86a3fe080f9145c6eb1a52b1430,patient_web+tests,SOURCE_PRESENT_NOT_SEMANTICALLY_OR_RUNTIME_VERIFIED
patient-web/app/[locale]/diagnostics/labs/labs.module.css,5878,d62cfe9ca8903265889a54e3ed68100cdbb41b0fcd083eecf74a0fe4d5e98dac,patient_web,SOURCE_PRESENT_NOT_SEMANTICALLY_OR_RUNTIME_VERIFIED
patient-web/app/[locale]/diagnostics/labs/page.tsx,3685,f82abd97031612cb0c5d72440288963539dcc1587baa9857e7f2d21c7418cc0d,patient_web,SOURCE_PRESENT_NOT_SEMANTICALLY_OR_RUNTIME_VERIFIED
patient-web/app/[locale]/diagnostics/packages/[packageId]/page.tsx,4520,12614ddcbf0c039f8c61141c539cf8166e31b62f34402f01c1af991a990a2322,patient_web,SOURCE_PRESENT_NOT_SEMANTICALLY_OR_RUNTIME_VERIFIED
patient-web/app/[locale]/diagnostics/packages/labs-packages-ssr.test.ts,2493,875645bdea0e39a2fbabfbfafdcc4dd75f30c9cc9cc31c4c721355aca5ad6ab4,patient_web+tests,SOURCE_PRESENT_NOT_SEMANTICALLY_OR_RUNTIME_VERIFIED
patient-web/app/[locale]/diagnostics/packages/page.tsx,3807,cc9dc294fb33b4ddc6dc2ce86294eedb785c317a27167af198415b4b72bc4658,patient_web,SOURCE_PRESENT_NOT_SEMANTICALLY_OR_RUNTIME_VERIFIED
patient-web/app/[locale]/diagnostics/page.tsx,3684,6269a4a7fae430aca15dcd785f9a9ea10a3c1dafe6693ba3261a2d250dc8b8aa,patient_web,SOURCE_PRESENT_NOT_SEMANTICALLY_OR_RUNTIME_VERIFIED
patient-web/app/[locale]/diagnostics/radiology/page.tsx,5525,bb165d0e9c70608913104eac2be5cecc5f18cfc1778063e9ec78d29474a49857,patient_web,SOURCE_PRESENT_NOT_SEMANTICALLY_OR_RUNTIME_VERIFIED
patient-web/app/[locale]/diagnostics/radiology/radiology-ssr.test.ts,2045,2ce96baa60859acb228e364a99149b7c0e8569a5d17aac1816f024f45ac8e8ad,patient_web+tests,SOURCE_PRESENT_NOT_SEMANTICALLY_OR_RUNTIME_VERIFIED
patient-web/app/[locale]/drug-scanner/page.tsx,1077,25fb88bc775bf31997fa8a8c4e0905a2f3f9bb428af4acbd3716b5274b3b240e,patient_web,SOURCE_PRESENT_NOT_SEMANTICALLY_OR_RUNTIME_VERIFIED
patient-web/app/[locale]/drug-search/page.tsx,4726,a38d2f6d6a6d1f0efed0b41c2da4bf729ca2648dcc6a6eaf033ada31f45771aa,patient_web,SOURCE_PRESENT_NOT_SEMANTICALLY_OR_RUNTIME_VERIFIED
patient-web/app/[locale]/emergency/page.tsx,1776,c05208c3b19e7e0a718baf13e3c1822290fc3d1e060bc5befcf7c71a9260d135,patient_web,SOURCE_PRESENT_NOT_SEMANTICALLY_OR_RUNTIME_VERIFIED
patient-web/app/[locale]/error.tsx,695,d6c82a56d9a56e932d9cbd83cd5a0e3255195c0db5fbda4c8117976e168535e4,patient_web,SOURCE_PRESENT_NOT_SEMANTICALLY_OR_RUNTIME_VERIFIED
patient-web/app/[locale]/family/family-ssr.test.ts,1789,a98646b618a52cd810bd72da55527384400c6945e09b923a37f7ffd408fd2b8c,patient_web+tests,SOURCE_PRESENT_NOT_SEMANTICALLY_OR_RUNTIME_VERIFIED
patient-web/app/[locale]/family/family.module.css,3738,dd5e2063b9b00c15774198c570bf06697806c5fa6890aabc3f149d3c8d4b05f4,patient_web,SOURCE_PRESENT_NOT_SEMANTICALLY_OR_RUNTIME_VERIFIED
patient-web/app/[locale]/family/page.tsx,3201,45cc52caf2abba40f1674a13e690f4f35bd4440f4f1d31b7a820f93b639d5426,patient_web,SOURCE_PRESENT_NOT_SEMANTICALLY_OR_RUNTIME_VERIFIED
patient-web/app/[locale]/health/chronic-diseases/page.tsx,2565,a21440787cee24f1ad27cf1adc8d426774d9822443726d7b10bfde0a50270a18,patient_web,SOURCE_PRESENT_NOT_SEMANTICALLY_OR_RUNTIME_VERIFIED
patient-web/app/[locale]/health/chronic-medications/page.tsx,3007,7a2714110230c55ef22e47ad2e5663033b7f2c7be310ea964b7e3cfa46ab74a9,patient_web,SOURCE_PRESENT_NOT_SEMANTICALLY_OR_RUNTIME_VERIFIED
patient-web/app/[locale]/health/emergency-contacts/page.tsx,2693,24e166a5d90ab661194fd0ec71f3d313fb113434a2ea86687877ee201ce7fe1c,patient_web,SOURCE_PRESENT_NOT_SEMANTICALLY_OR_RUNTIME_VERIFIED
patient-web/app/[locale]/health/health-ssr.test.ts,2416,dad4c31000f77325cd410e28c2f67bf68f87cea34b6e3e481da006628fb6143b,patient_web+tests,SOURCE_PRESENT_NOT_SEMANTICALLY_OR_RUNTIME_VERIFIED
patient-web/app/[locale]/health/health.module.css,4915,c718b0e1347448e11df7b4057930595d91016ab28cc5202bf2ab45c726cc5447,patient_web,SOURCE_PRESENT_NOT_SEMANTICALLY_OR_RUNTIME_VERIFIED
patient-web/app/[locale]/health/monthly-report/page.tsx,4751,4c3925837102ce84477bc4834634c4d0a6fca0313c195fcadf8a4b6e355aa67e,patient_web,SOURCE_PRESENT_NOT_SEMANTICALLY_OR_RUNTIME_VERIFIED
patient-web/app/[locale]/health/page.tsx,6146,f3281a1adfd1d4a6a8028ecc12a72c6e3c75ef5c7e1021c751fed292fcfce9df,patient_web,SOURCE_PRESENT_NOT_SEMANTICALLY_OR_RUNTIME_VERIFIED
patient-web/app/[locale]/health/reports/page.tsx,2059,58b3159bf40d8a1ebc1c7496bbe3ad243ad5464161c800051f0be69de19690ca,patient_web,SOURCE_PRESENT_NOT_SEMANTICALLY_OR_RUNTIME_VERIFIED
patient-web/app/[locale]/health/score/page.tsx,2154,01b68a1605e04c22a592aac9978c3f78435410854275fcf1e59aac7fc21a3824,patient_web,SOURCE_PRESENT_NOT_SEMANTICALLY_OR_RUNTIME_VERIFIED
patient-web/app/[locale]/health/sleep/page.tsx,3022,5c8262d5c9cb3def933c0571c1ce96203fde6ef9e51f349c36c3e6fd72185c17,patient_web,SOURCE_PRESENT_NOT_SEMANTICALLY_OR_RUNTIME_VERIFIED
patient-web/app/[locale]/health/trends/page.tsx,3669,1fc2f31e156e06bc23d3c37582a2dcc622fab203f15d830f1ca019bea5971ca5,patient_web,SOURCE_PRESENT_NOT_SEMANTICALLY_OR_RUNTIME_VERIFIED
patient-web/app/[locale]/health/vitals/page.tsx,2747,48f78d058bd9bade567b621c98e4e4fe30123c2e9cbd0702ccd0f97d0bd83b37,patient_web,SOURCE_PRESENT_NOT_SEMANTICALLY_OR_RUNTIME_VERIFIED
patient-web/app/[locale]/home-care/book/page.tsx,633,4fc76109caa7662ad14bf18ef18581d6712cc9805ac69b13dbe462743d3d39a0,patient_web,SOURCE_PRESENT_NOT_SEMANTICALLY_OR_RUNTIME_VERIFIED
patient-web/app/[locale]/home-care/home-care-ssr.test.ts,1966,69a807921c1f955f0fc6c20d5a4b0216eef9aa57518d679b8b82ac950a9f053f,patient_web+tests,SOURCE_PRESENT_NOT_SEMANTICALLY_OR_RUNTIME_VERIFIED
patient-web/app/[locale]/home-care/home-care.module.css,3651,6379a06ddff234d1b4d38630c77bbd9a1e9c882b9c59dc69c9cd0cb7a14f6580,patient_web,SOURCE_PRESENT_NOT_SEMANTICALLY_OR_RUNTIME_VERIFIED
patient-web/app/[locale]/home-care/page.tsx,3296,3a0fc2d03e52b58d35a8947143e2ca268560709a3cb0e97a3241270648a9383a,patient_web,SOURCE_PRESENT_NOT_SEMANTICALLY_OR_RUNTIME_VERIFIED
patient-web/app/[locale]/home-care/services/[serviceId]/page.tsx,2626,1e83c4bc3b8de9afd44f592838704b87ee96f70683dafdd2c71e9193e95e616d,patient_web,SOURCE_PRESENT_NOT_SEMANTICALLY_OR_RUNTIME_VERIFIED
patient-web/app/[locale]/home-care/services/page.tsx,3352,f89f85c8d5f2b8d2e27d1c013adc3306b71cac2bc73bd3c731c9e59b04d4f672,patient_web,SOURCE_PRESENT_NOT_SEMANTICALLY_OR_RUNTIME_VERIFIED
patient-web/app/[locale]/home-care/services/services-ssr.test.ts,1822,a282039caa459d895ffbda4cc87ee86807b1acb931f6c1a1dc6ed1e531433889,patient_web+tests,SOURCE_PRESENT_NOT_SEMANTICALLY_OR_RUNTIME_VERIFIED
patient-web/app/[locale]/home-care/services/services.module.css,4169,957ea028ca6fb129dfcc481788ff8bdf84a4726fbd1b0678db947bbfd955c371,patient_web,SOURCE_PRESENT_NOT_SEMANTICALLY_OR_RUNTIME_VERIFIED
patient-web/app/[locale]/insurance/insurance.module.css,2910,96b7a9564333ffd06e7ee8367192c2b28f3f546340fa1698dbcd9ff98ea9a12a,patient_web,SOURCE_PRESENT_NOT_SEMANTICALLY_OR_RUNTIME_VERIFIED
patient-web/app/[locale]/insurance/page.tsx,3591,7cb3921ffe3a3950b2cce4927c1927165817c0b4d07942dc921a50c7f0d93a53,patient_web,SOURCE_PRESENT_NOT_SEMANTICALLY_OR_RUNTIME_VERIFIED
patient-web/app/[locale]/insurance/requests/[requestId]/page.tsx,4974,a6b681e2966ae5e0dfd1b1b483b6225de18ddf50451ff6bcbf471c07a6bf4012,patient_web,SOURCE_PRESENT_NOT_SEMANTICALLY_OR_RUNTIME_VERIFIED
patient-web/app/[locale]/labs/book/page.tsx,755,884235334246d300577025bed4f6108881bc4783f4ee861a59d5dc8824709546,patient_web,SOURCE_PRESENT_NOT_SEMANTICALLY_OR_RUNTIME_VERIFIED
patient-web/app/[locale]/layout.tsx,2646,bc30470308c5a43c7e8c134080b2c8ec9718aed4d008438dfee0c11488408c2e,patient_web,SOURCE_PRESENT_NOT_SEMANTICALLY_OR_RUNTIME_VERIFIED
patient-web/app/[locale]/loading.tsx,458,022237cf837a09b648bf3ce1afbbaa48414b078827cfa412a9a790135385852d,patient_web,SOURCE_PRESENT_NOT_SEMANTICALLY_OR_RUNTIME_VERIFIED
patient-web/app/[locale]/login/login.module.css,1890,cb9ce232b0d6cf894736462c18200023c247e58015b8513efc31720e5622fdb7,patient_web,SOURCE_PRESENT_NOT_SEMANTICALLY_OR_RUNTIME_VERIFIED
patient-web/app/[locale]/login/page.tsx,1315,4f25597af542bfd065e8038efaf4730a4344fae6dbaaee56466064f467a8a1f2,patient_web,SOURCE_PRESENT_NOT_SEMANTICALLY_OR_RUNTIME_VERIFIED
patient-web/app/[locale]/loyalty/page.tsx,4086,e5f2aad1b9a75121662cba260220e3d24920081a281e57bda36957012d981e4c,patient_web,SOURCE_PRESENT_NOT_SEMANTICALLY_OR_RUNTIME_VERIFIED
patient-web/app/[locale]/maternity/page.tsx,2255,f8c7f924dc733488ee09d90a19012691e6b9dcf9c33816ef03d7a5a3c33cd647,patient_web,SOURCE_PRESENT_NOT_SEMANTICALLY_OR_RUNTIME_VERIFIED
patient-web/app/[locale]/medicine-catalog/medicine-catalog-ssr.test.ts,3060,80e9d6a2b1154cbfcd63b400d49e9f3b69abbff9727080bd521a7a9648fe623e,patient_web+tests,SOURCE_PRESENT_NOT_SEMANTICALLY_OR_RUNTIME_VERIFIED
patient-web/app/[locale]/medicine-catalog/medicine-catalog.module.css,5232,2884e09eb0cbc34eda9d868fed19b92170c86297e6f892e83b399dc3546b825c,patient_web,SOURCE_PRESENT_NOT_SEMANTICALLY_OR_RUNTIME_VERIFIED
patient-web/app/[locale]/medicine-catalog/page.tsx,5260,baa9d8fd6e2a31507e6471e5db22654e5264805efe15aef2f0e7d57e09599838,patient_web,SOURCE_PRESENT_NOT_SEMANTICALLY_OR_RUNTIME_VERIFIED
patient-web/app/[locale]/medicines/[medicineId]/medicine-detail-public-ssr.test.ts,2939,e54b757d1846f5d74fe9a1ba8754ed6abd2bbf05173a5967b9714f694da4c413,patient_web+tests,SOURCE_PRESENT_NOT_SEMANTICALLY_OR_RUNTIME_VERIFIED
patient-web/app/[locale]/medicines/[medicineId]/medicine-detail.module.css,3453,b1cf0b639e0801ccc89d73da3c947e96e3e0a0cc744ef39db1c105f9fbae0a4e,patient_web,SOURCE_PRESENT_NOT_SEMANTICALLY_OR_RUNTIME_VERIFIED
patient-web/app/[locale]/medicines/[medicineId]/page.tsx,4470,fb1e417c5df26436443807f5d1687e107fdc0600ddb84597c1fec7ce66ab5500,patient_web,SOURCE_PRESENT_NOT_SEMANTICALLY_OR_RUNTIME_VERIFIED
patient-web/app/[locale]/medicines/medicines-ssr.test.ts,2719,db885246617595884c44e6f6c4cfdb495c45de62c2d627192cef08e909dfeeb7,patient_web+tests,SOURCE_PRESENT_NOT_SEMANTICALLY_OR_RUNTIME_VERIFIED
patient-web/app/[locale]/medicines/page.tsx,3896,9791aadc7b7bb46bccc524f4ced9676679f47aa6e82cfdb74549bcce5c319b11,patient_web,SOURCE_PRESENT_NOT_SEMANTICALLY_OR_RUNTIME_VERIFIED
patient-web/app/[locale]/mental-health/breathing/page.tsx,2581,18d245399f8c8b6a5aaca7c893554a6c4603fe7538cdce69f4b9455b2eba5da2,patient_web,SOURCE_PRESENT_NOT_SEMANTICALLY_OR_RUNTIME_VERIFIED
patient-web/app/[locale]/mental-health/crisis-contacts/page.tsx,2179,9a60a97c9f322528a9ef8ca43d3d53904d38a0ca31bfd5f7ca66ddc565b90bca,patient_web,SOURCE_PRESENT_NOT_SEMANTICALLY_OR_RUNTIME_VERIFIED
patient-web/app/[locale]/mental-health/meditation/page.tsx,2621,27845246663e842ef59fc4230318ebdd475e340cd2762bbed16ad14dcbb34e76,patient_web,SOURCE_PRESENT_NOT_SEMANTICALLY_OR_RUNTIME_VERIFIED
patient-web/app/[locale]/mental-health/mental-health.module.css,2738,99b16f733358dc02067689f53cd94849fc37b454879e1b07141a6da84da38a39,patient_web,SOURCE_PRESENT_NOT_SEMANTICALLY_OR_RUNTIME_VERIFIED
patient-web/app/[locale]/mental-health/mood/page.tsx,2561,85e7aeca177b76e68128d56bb68cb9f606dccb863c26f2c3f567c66ec9071b15,patient_web,SOURCE_PRESENT_NOT_SEMANTICALLY_OR_RUNTIME_VERIFIED
patient-web/app/[locale]/mental-health/page.tsx,2783,1c4ad91b59aa1028cb974de85574513a252e7808ee25539333f231a8757132dc,patient_web,SOURCE_PRESENT_NOT_SEMANTICALLY_OR_RUNTIME_VERIFIED
patient-web/app/[locale]/metadata-indexing.test.ts,1031,93517f7533f32c1ecf50dd6f95c0a8d7ad0d500074a165448dd47773d79d852b,patient_web+tests,SOURCE_PRESENT_NOT_SEMANTICALLY_OR_RUNTIME_VERIFIED
patient-web/app/[locale]/not-found.test.tsx,1672,e06e848c619be0bd11dbe9e8a6b032ed90cae3488df32e1087143f33cdd08780,patient_web+tests,SOURCE_PRESENT_NOT_SEMANTICALLY_OR_RUNTIME_VERIFIED
patient-web/app/[locale]/not-found.tsx,752,fb9e03f2b81a7e5530ab97607840d7e122ae1f2e0a35ff1d8ac98b0e1e23058e,patient_web,SOURCE_PRESENT_NOT_SEMANTICALLY_OR_RUNTIME_VERIFIED
patient-web/app/[locale]/notifications/notifications-ssr.test.ts,2132,d5079f3a1cef945d081d7d7ff701825ee06e37d421404308119c2064c22fdff0,patient_web+tests,SOURCE_PRESENT_NOT_SEMANTICALLY_OR_RUNTIME_VERIFIED
patient-web/app/[locale]/notifications/notifications.module.css,4231,29b5a5cce10461019ce463b4e57810ea6f9ee27cfc493f59b56fe5c066eca525,patient_web,SOURCE_PRESENT_NOT_SEMANTICALLY_OR_RUNTIME_VERIFIED
patient-web/app/[locale]/notifications/page.tsx,3315,5ae9b51e27b202216c48cb3e834fd5fabd56dba3377a468ebf8d73e1c6477b8d,patient_web,SOURCE_PRESENT_NOT_SEMANTICALLY_OR_RUNTIME_VERIFIED
patient-web/app/[locale]/notifications/settings/page.tsx,3042,d4c0b0234e6ad8c6b97b558685d8c8d4b731f5691bcddeec4892cc5092ea2bcf,patient_web,SOURCE_PRESENT_NOT_SEMANTICALLY_OR_RUNTIME_VERIFIED
patient-web/app/[locale]/notifications/settings/settings.module.css,3007,eb8d8a4833e9957e11e6534f47cfcbdeb99abaf295850f9f3dd3ee95815f7ac3,patient_web,SOURCE_PRESENT_NOT_SEMANTICALLY_OR_RUNTIME_VERIFIED
patient-web/app/[locale]/nutrition/page.tsx,2327,8508dc70617160bf3d871ab5f7e5ee05d8f5243baf4e2fbc6e059c50ca261c2e,patient_web,SOURCE_PRESENT_NOT_SEMANTICALLY_OR_RUNTIME_VERIFIED
patient-web/app/[locale]/offers/[offerId]/page.tsx,3214,37334e1dc1f61e4b3403d7db257e9da8aea7f6de6c28883ab74cc96be6f0f794,patient_web,SOURCE_PRESENT_NOT_SEMANTICALLY_OR_RUNTIME_VERIFIED
patient-web/app/[locale]/offers/page.tsx,2280,10dc9078924cc98101e55e0e9509627079d00bdfc96c5c20404a90738fcca758,patient_web,SOURCE_PRESENT_NOT_SEMANTICALLY_OR_RUNTIME_VERIFIED
patient-web/app/[locale]/orders/[orderId]/order-detail.module.css,3788,26207776f9441c3b46ae0ef7dd2f233cecb18041231c75e837bb377fdf40b01c,patient_web,SOURCE_PRESENT_NOT_SEMANTICALLY_OR_RUNTIME_VERIFIED
patient-web/app/[locale]/orders/[orderId]/page.tsx,3017,1d90c3b4f7c7e3ca4ba89d8fea0c5c6d548a0751c804d47298cf99b7a31dd9bd,patient_web,SOURCE_PRESENT_NOT_SEMANTICALLY_OR_RUNTIME_VERIFIED
patient-web/app/[locale]/orders/[orderId]/tracking/page.tsx,3415,36151e2f5485cb3bbb5c4eb3075e53c8fdc43ef042fe6dee444d338e07eb824b,patient_web,SOURCE_PRESENT_NOT_SEMANTICALLY_OR_RUNTIME_VERIFIED
patient-web/app/[locale]/orders/orders-ssr.test.ts,3730,86254d2f00f79c73517f63d7ddf72b66e1dcf0d54aab2cedae9a68cc5f912a9e,patient_web+tests,SOURCE_PRESENT_NOT_SEMANTICALLY_OR_RUNTIME_VERIFIED
patient-web/app/[locale]/orders/orders.module.css,4908,1bf363d5612133e350145ab460b0fb50cc7a9be4fb349606d76a1d66599540ac,patient_web,SOURCE_PRESENT_NOT_SEMANTICALLY_OR_RUNTIME_VERIFIED
patient-web/app/[locale]/orders/page.tsx,4554,7ee0d21d7058dd02be070a1e698059f6caed554ee6b76139a46fa8c8ab3974b6,patient_web,SOURCE_PRESENT_NOT_SEMANTICALLY_OR_RUNTIME_VERIFIED
patient-web/app/[locale]/page.metadata.test.ts,1052,b1242449239ca165dc8501ab73e3458de1223dd35c8a4852e0dc0a3489707b71,patient_web+tests,SOURCE_PRESENT_NOT_SEMANTICALLY_OR_RUNTIME_VERIFIED
patient-web/app/[locale]/page.tsx,3067,7a97ff0734319af803e9640c64ff82caa8228bb0a376a94e496be25b919eaa82,patient_web,SOURCE_PRESENT_NOT_SEMANTICALLY_OR_RUNTIME_VERIFIED
patient-web/app/[locale]/pharmacy/offers/page.tsx,3716,e17a2bb8e4f8122db7306f4ea05cb8a8059a9a8eb8194797daa6b1de4a31163e,patient_web,SOURCE_PRESENT_NOT_SEMANTICALLY_OR_RUNTIME_VERIFIED
patient-web/app/[locale]/pharmacy/pay/page.tsx,5084,c8e8f4ca77aa0e21808853336102d4a53d5e56dafdc23952f1718d806f8c39c7,patient_web,SOURCE_PRESENT_NOT_SEMANTICALLY_OR_RUNTIME_VERIFIED
patient-web/app/[locale]/pharmacy/select/page.tsx,1662,f1be7ecfc6c7460e274c5545b3e261a238693c5077d294a0c7c0d7e34c575fd4,patient_web,SOURCE_PRESENT_NOT_SEMANTICALLY_OR_RUNTIME_VERIFIED
patient-web/app/[locale]/prescriptions/[prescriptionId]/page.tsx,1075,a5ca4b7cfd0dc99ac5ba410adb297bdf61bfecdd3676433ca7995d44edc64c6d,patient_web,SOURCE_PRESENT_NOT_SEMANTICALLY_OR_RUNTIME_VERIFIED
patient-web/app/[locale]/prescriptions/page.tsx,2974,d4ed3d36bd529b0c331e085c07abc4df0ac475e0615363b80a1d99fb95b6a833,patient_web,SOURCE_PRESENT_NOT_SEMANTICALLY_OR_RUNTIME_VERIFIED
patient-web/app/[locale]/prescriptions/prescriptions-ssr.test.ts,3058,602043a3d8c038d7f19c8d6d03acef0e108bef01f72dd9f42e887c81882d7728,patient_web+tests,SOURCE_PRESENT_NOT_SEMANTICALLY_OR_RUNTIME_VERIFIED
patient-web/app/[locale]/prescriptions/prescriptions.module.css,3790,7dc04af09ff07cbddfdeea5f9ae6c5ede6505e668dacffcff90355788d982c75,patient_web,SOURCE_PRESENT_NOT_SEMANTICALLY_OR_RUNTIME_VERIFIED
patient-web/app/[locale]/profile/page.tsx,6069,8b7244ec55a20d0d14625edc4b787b9e539607ebfbb6c2154c8d6fcbfb82ef9e,patient_web,SOURCE_PRESENT_NOT_SEMANTICALLY_OR_RUNTIME_VERIFIED
patient-web/app/[locale]/profile/profile-page-ssr.test.ts,2211,52fabe86443fd2279ab426d6e51fe85d98245e828f9fbc894902ea75ae190da9,patient_web+tests,SOURCE_PRESENT_NOT_SEMANTICALLY_OR_RUNTIME_VERIFIED
patient-web/app/[locale]/profile/profile.module.css,4725,87f12f80c172566acd0b49a8372a7fce83f0b89a5f87876802b576be33db4d71,patient_web,SOURCE_PRESENT_NOT_SEMANTICALLY_OR_RUNTIME_VERIFIED
patient-web/app/[locale]/programs/page.tsx,2545,0901db75c2a378a11ea219a5fa732d4bc99b241d78e54bd5fcdf6efbcfd97af6,patient_web,SOURCE_PRESENT_NOT_SEMANTICALLY_OR_RUNTIME_VERIFIED
patient-web/app/[locale]/providers-map/page.tsx,4658,aef8436d0c36753862e17556eab220827801b5c0096242f3fb023a79ae257c0b,patient_web,SOURCE_PRESENT_NOT_SEMANTICALLY_OR_RUNTIME_VERIFIED
patient-web/app/[locale]/reminders/page.tsx,3532,41037ce2c21801e73671edbca6ed3ee4264ce0c00149892eb94baaedf78ee952,patient_web,SOURCE_PRESENT_NOT_SEMANTICALLY_OR_RUNTIME_VERIFIED
patient-web/app/[locale]/reminders/reminders-ssr.test.ts,2667,3381130ec513a8e0564a5276882d9a71e6472e4cd3a487fe67c5a9639366e2ad,patient_web+tests,SOURCE_PRESENT_NOT_SEMANTICALLY_OR_RUNTIME_VERIFIED
patient-web/app/[locale]/reminders/reminders.module.css,4731,479264ca1014b7683ab8204e40d53dd6632295d23a54973a975e215f722d0493,patient_web,SOURCE_PRESENT_NOT_SEMANTICALLY_OR_RUNTIME_VERIFIED
patient-web/app/[locale]/returns/page.tsx,2680,93040671dc11189cffd6fbca305f0f3d1b1c352f3248f0658db014c7ce31368f,patient_web,SOURCE_PRESENT_NOT_SEMANTICALLY_OR_RUNTIME_VERIFIED
patient-web/app/[locale]/reviews/page.tsx,1216,6ff43613c769c89de5ebecf26c021195a39b34d11868d82be51d61b8e5c8fb06,patient_web,SOURCE_PRESENT_NOT_SEMANTICALLY_OR_RUNTIME_VERIFIED
patient-web/app/[locale]/route-state-ssr.test.tsx,989,611d51d00d29f9f92f45099a63da81cff0f9f45cdc069f5ebe0869128dfb9f75,patient_web+tests,SOURCE_PRESENT_NOT_SEMANTICALLY_OR_RUNTIME_VERIFIED
patient-web/app/[locale]/settings/edit/page.tsx,2214,89feb78530163b60a5480ad803d24171d80aa4c98c5081553b2c4180eb4a157d,patient_web,SOURCE_PRESENT_NOT_SEMANTICALLY_OR_RUNTIME_VERIFIED
patient-web/app/[locale]/settings/page.tsx,4385,aa3a2339987d213456cb564571fd38d6d2703865f769d3453dfc2ec9e2a5784b,patient_web,SOURCE_PRESENT_NOT_SEMANTICALLY_OR_RUNTIME_VERIFIED
patient-web/app/[locale]/settings/security/page.tsx,1387,c5aed1a72e8025ad9eeb9c78dc7eedc74370c3b10c940fbd9b706743efbbc9fd,patient_web,SOURCE_PRESENT_NOT_SEMANTICALLY_OR_RUNTIME_VERIFIED
patient-web/app/[locale]/settings/settings.module.css,3189,0375ab6489c2940c389cfc0f8a6b4f192606c3f420155a13bad461e5a77d054b,patient_web,SOURCE_PRESENT_NOT_SEMANTICALLY_OR_RUNTIME_VERIFIED
patient-web/app/[locale]/support/[ticketId]/page.tsx,2148,31f95b1b7c51f6dcf2516e35e9831a119e64cb1ff9fc56aeb5bfc16364adeca6,patient_web,SOURCE_PRESENT_NOT_SEMANTICALLY_OR_RUNTIME_VERIFIED
patient-web/app/[locale]/support/page.tsx,2120,93d305068c00fb85d9702952fad5789eeb1ed62e7039a5df7fe1fb9f442d2ed1,patient_web,SOURCE_PRESENT_NOT_SEMANTICALLY_OR_RUNTIME_VERIFIED
patient-web/app/[locale]/wearables/page.tsx,2268,aff8ce7e7696bdb19d4801af184d3e1331bfc4a3f5577b9ae8e07a7782e559ce,patient_web,SOURCE_PRESENT_NOT_SEMANTICALLY_OR_RUNTIME_VERIFIED
patient-web/app/[locale]/wishlist/page.tsx,2783,bbf92adbd36edd713878784a05c9294b53d7eb51cdd56994d1055342f77b099a,patient_web,SOURCE_PRESENT_NOT_SEMANTICALLY_OR_RUNTIME_VERIFIED
patient-web/app/[locale]/wishlist/wishlist.module.css,2125,ea38e30b78b93d9fa76029ee955e8e1e0b4760c540995a4f63441a7b710b24ed,patient_web,SOURCE_PRESENT_NOT_SEMANTICALLY_OR_RUNTIME_VERIFIED
patient-web/app/api/ai/route.ts,3089,0332ac6a86af2c97dcacbd8cc293a0019bf41a2f65c1b4b3e6221e0a759f36f5,patient_web,SOURCE_PRESENT_NOT_SEMANTICALLY_OR_RUNTIME_VERIFIED
patient-web/app/api/appointments/[appointmentId]/call-token/route.test.ts,1738,a06078c2e4c46ee0db7e61345bdef66d059460be0e74e8efec47d3a3448ae705,patient_web+tests,SOURCE_PRESENT_NOT_SEMANTICALLY_OR_RUNTIME_VERIFIED
patient-web/app/api/appointments/[appointmentId]/call-token/route.ts,1563,46bee85e27f1d8894e6c0a230d14fd3cbf2e7300b8b56e8595e4b464fba300c7,patient_web,SOURCE_PRESENT_NOT_SEMANTICALLY_OR_RUNTIME_VERIFIED
patient-web/app/api/appointments/[appointmentId]/cancel/route.test.ts,1906,418eb4d66109cc700b4bf0cb5adbcaf52ad1e9e33e0dfb2398e2461b413ff3fe,patient_web+tests,SOURCE_PRESENT_NOT_SEMANTICALLY_OR_RUNTIME_VERIFIED
patient-web/app/api/appointments/[appointmentId]/cancel/route.ts,1848,6654fa97c34e9bc2b06dcc1e365e242b8091a246fe228a3328206afb59d146d0,patient_web,SOURCE_PRESENT_NOT_SEMANTICALLY_OR_RUNTIME_VERIFIED
patient-web/app/api/appointments/[appointmentId]/payment-intent/route.test.ts,2713,020dddc1f77e5fee8902d37fdd26cf55af6bc63b34afca26aee3697c3ac80104,patient_web+tests,SOURCE_PRESENT_NOT_SEMANTICALLY_OR_RUNTIME_VERIFIED
patient-web/app/api/appointments/[appointmentId]/payment-intent/route.ts,1792,b45943ed57393449774adcaa8df4444de354ebba5a6e6e2b57342d4947a01e85,patient_web,SOURCE_PRESENT_NOT_SEMANTICALLY_OR_RUNTIME_VERIFIED
patient-web/app/api/appointments/[appointmentId]/reschedule/route.test.ts,2039,82ff6d2a4e78713531b0f5143fcd38d725ab94bd4e9af66b76686fcde578d641,patient_web+tests,SOURCE_PRESENT_NOT_SEMANTICALLY_OR_RUNTIME_VERIFIED
patient-web/app/api/appointments/[appointmentId]/reschedule/route.ts,2079,adfc227e1a11deb52aac3ee74231960287028a6534850a313dc5b1af50cd3a6e,patient_web,SOURCE_PRESENT_NOT_SEMANTICALLY_OR_RUNTIME_VERIFIED
patient-web/app/api/appointments/book/route.test.ts,3959,444bef90a11e212ef2597bb389fe8386088f3b8c2f3e1259f63ca112f05732c7,patient_web+tests,SOURCE_PRESENT_NOT_SEMANTICALLY_OR_RUNTIME_VERIFIED
patient-web/app/api/appointments/book/route.ts,4270,94dab86b56ba2b62a33b3a219a44bdd94dbea2f1d982149a88182383f9ca67f7,patient_web,SOURCE_PRESENT_NOT_SEMANTICALLY_OR_RUNTIME_VERIFIED
patient-web/app/api/auth/login/route.ts,1677,9d0c288172408cd71a30a2547be27e2b11cec0e382ee249df35b823a994c0634,patient_web,SOURCE_PRESENT_NOT_SEMANTICALLY_OR_RUNTIME_VERIFIED
patient-web/app/api/auth/logout/route.ts,697,7d7ac1ebab4684df8d77c34558ec7aa439a4858b5b7651c4d3cd29a3d69ee772,patient_web,SOURCE_PRESENT_NOT_SEMANTICALLY_OR_RUNTIME_VERIFIED
patient-web/app/api/auth/otp/otp-routes.test.ts,3370,67b018b62bcedea20638bd82c04c594cb5143f3483cdc3fc71c0c78306c350e1,patient_web+tests,SOURCE_PRESENT_NOT_SEMANTICALLY_OR_RUNTIME_VERIFIED
patient-web/app/api/auth/otp/request/route.ts,873,e5f92fc3ff73c4c0c4d9a3b80a7109dbff956be15f5ad607ceb5c26052808ef5,patient_web,SOURCE_PRESENT_NOT_SEMANTICALLY_OR_RUNTIME_VERIFIED
patient-web/app/api/auth/otp/verify/route.ts,1456,56b46da63304fc7b1aeed3d15c6a8cd57db0b3b8409e40ee04bc3f6560ceb3cc,patient_web,SOURCE_PRESENT_NOT_SEMANTICALLY_OR_RUNTIME_VERIFIED
patient-web/app/api/auth/session/exchange/route.ts,1527,2bcffc63134bedff2d70bb73dba8ad6535d903d0682d3b169518cf6f948d3227,patient_web,SOURCE_PRESENT_NOT_SEMANTICALLY_OR_RUNTIME_VERIFIED
patient-web/app/api/auth/session/route.ts,1432,592ba3b96aea86256ae3651bed6709b069f9fdf3d1ca23a2db5b42facad85e79,patient_web,SOURCE_PRESENT_NOT_SEMANTICALLY_OR_RUNTIME_VERIFIED
patient-web/app/api/auth/verify-2fa/route.ts,1543,399a3cdef4c9873e350d655876e1b8d11a1a6183607330baa762650f93a7ab7b,patient_web,SOURCE_PRESENT_NOT_SEMANTICALLY_OR_RUNTIME_VERIFIED
patient-web/app/api/bookings/[kind]/route.ts,4393,7916ed29ad0813076ea000cccf805c3f9c885962f1ee67b9baf8bcbcaeb50b60,patient_web,SOURCE_PRESENT_NOT_SEMANTICALLY_OR_RUNTIME_VERIFIED
patient-web/app/api/chat/threads/[threadId]/media/route.ts,2268,78722a6d3515ef168b1a1c29168611c1ead3756fd994cadd4dbd038d292e4c7c,patient_web,SOURCE_PRESENT_NOT_SEMANTICALLY_OR_RUNTIME_VERIFIED
patient-web/app/api/chat/threads/[threadId]/messages/route.ts,2644,ffad5bef85a489ad4b38dcb1f8c4958def698fbdf9d3eaf60e1880c1a94a5ea6,patient_web,SOURCE_PRESENT_NOT_SEMANTICALLY_OR_RUNTIME_VERIFIED
patient-web/app/api/chat/threads/[threadId]/read/route.ts,1711,b1fc932fa283c4c2c96c1034f278cebb8b8e3e0bc4353605e6f0fc293e20c80d,patient_web,SOURCE_PRESENT_NOT_SEMANTICALLY_OR_RUNTIME_VERIFIED
patient-web/app/api/chat/threads/[threadId]/rt-token/route.ts,1494,23c24720c1239229991aaba328ea519d4464118655533f81997759a0cdd7558a,patient_web,SOURCE_PRESENT_NOT_SEMANTICALLY_OR_RUNTIME_VERIFIED
patient-web/app/api/community/[action]/route.ts,3866,755bb890271e58a97ae22927c377910161169704a20268f10eb6ec68ec3647ba,patient_web,SOURCE_PRESENT_NOT_SEMANTICALLY_OR_RUNTIME_VERIFIED
patient-web/app/api/drug-scanner/route.ts,2143,8621a22846d07f0f58b5961107c43600f867e6c3ab67c42306a20507ff7997c6,patient_web,SOURCE_PRESENT_NOT_SEMANTICALLY_OR_RUNTIME_VERIFIED
patient-web/app/api/emergency/[action]/route.ts,3007,88b15b61c50d1a179942c88e7ffb51481700bb353d2630fd9a0e92c5f0e251ff,patient_web,SOURCE_PRESENT_NOT_SEMANTICALLY_OR_RUNTIME_VERIFIED
patient-web/app/api/family/create/route.ts,1577,2c5ef6a35a94f115435c4fc2126f8c965d7688717cdc0995c0f20878f765bc9b,patient_web,SOURCE_PRESENT_NOT_SEMANTICALLY_OR_RUNTIME_VERIFIED
patient-web/app/api/family/invite/route.ts,1667,0c30f5bfa3fa56748c164916e4bee3fb8642f002b25154c73220eca77b865b5f,patient_web,SOURCE_PRESENT_NOT_SEMANTICALLY_OR_RUNTIME_VERIFIED
patient-web/app/api/family/join/route.ts,1679,e7e6c83e02c4b0f8035af82e33ceb072f8be3e91cef1c1e05a9a4345c811f18f,patient_web,SOURCE_PRESENT_NOT_SEMANTICALLY_OR_RUNTIME_VERIFIED
patient-web/app/api/family/leave/route.ts,1279,59b71b0e64dcc3af26fd405a98f9ce714ca121c298ac0d288c37ac2056fc2055,patient_web,SOURCE_PRESENT_NOT_SEMANTICALLY_OR_RUNTIME_VERIFIED
patient-web/app/api/family/members/[memberId]/permissions/route.ts,1761,fee8bd6c78e83a89ae31149d75da76265549cf5413ccf967f508425b317d4984,patient_web,SOURCE_PRESENT_NOT_SEMANTICALLY_OR_RUNTIME_VERIFIED
patient-web/app/api/family/members/[memberId]/route.ts,1432,f59d53bc64e6f888f1c99be0d560b40d31c545ee6b8fbf4f67400de8d5eb82f3,patient_web,SOURCE_PRESENT_NOT_SEMANTICALLY_OR_RUNTIME_VERIFIED
patient-web/app/api/family/members/route.ts,843,663237f93d18e972ae79d799bf306766ecebd1bea8f5515613bea6a43128ed7c,patient_web,SOURCE_PRESENT_NOT_SEMANTICALLY_OR_RUNTIME_VERIFIED
patient-web/app/api/health/sleep/route.ts,1762,b56407e1238f2ee7b20a2af9a4b6b4dad2973eb77a0d69505dffa629912679b8,patient_web,SOURCE_PRESENT_NOT_SEMANTICALLY_OR_RUNTIME_VERIFIED
patient-web/app/api/health/vitals/route.ts,2094,f8f0c2fab788110529e0e72394738cc25c3a3dcbb30ae303acd24497c9bc0b2a,patient_web,SOURCE_PRESENT_NOT_SEMANTICALLY_OR_RUNTIME_VERIFIED
patient-web/app/api/insurance/requests/[requestId]/pay-copay/route.ts,1925,ab5445665747104d6b7ea1bc6f4638c27cb2c597dcc78a220b735593e60df960,patient_web,SOURCE_PRESENT_NOT_SEMANTICALLY_OR_RUNTIME_VERIFIED
patient-web/app/api/insurance/requests/[requestId]/payment-intent/route.ts,2005,442d4e60144d265c78c8ab00aa0f57b6697cb1b51f517964fff66575c9b97596,patient_web,SOURCE_PRESENT_NOT_SEMANTICALLY_OR_RUNTIME_VERIFIED
patient-web/app/api/loyalty/route.ts,2218,709b99efd8a0e6b369e354d07ab055798d800d50f060ef7781b618d25d8c1c5a,patient_web,SOURCE_PRESENT_NOT_SEMANTICALLY_OR_RUNTIME_VERIFIED
patient-web/app/api/maternity/logs/route.ts,2432,187763719c26d3ac5e932f63426db7be81f81c1d290f95cd8dc17786ea931bba,patient_web,SOURCE_PRESENT_NOT_SEMANTICALLY_OR_RUNTIME_VERIFIED
patient-web/app/api/maternity/profile/route.ts,1780,1ef6173674ea933466a99319c6184c17a0c89c3cc7d391c1bdd4e101f1a57079,patient_web,SOURCE_PRESENT_NOT_SEMANTICALLY_OR_RUNTIME_VERIFIED
patient-web/app/api/media/[mediaId]/url/route.ts,1263,72c6fd27d61504fc302167c2b2cc308ce96856ee573d7e15d31f98fb838602f9,patient_web,SOURCE_PRESENT_NOT_SEMANTICALLY_OR_RUNTIME_VERIFIED
patient-web/app/api/medicines/compare/route.ts,1211,259aca3926c8ff8eafc7bce956fc187204f152462feaaac7a73a201a53b007e0,patient_web,SOURCE_PRESENT_NOT_SEMANTICALLY_OR_RUNTIME_VERIFIED
patient-web/app/api/mental-health/mood/route.ts,1821,8c349bed498ab3dd24c531b706b1f6e9e914710a965d29e539024e4b11f1f729,patient_web,SOURCE_PRESENT_NOT_SEMANTICALLY_OR_RUNTIME_VERIFIED
patient-web/app/api/mental-health/sessions/route.ts,2226,5f7574da95784f1e3ae5bb533aec3bc23a7c752559aa43d0a86aedb109aebb3f,patient_web,SOURCE_PRESENT_NOT_SEMANTICALLY_OR_RUNTIME_VERIFIED
patient-web/app/api/nutrition/logs/route.ts,2632,6bde47f84ca6854d503cbf2d17f2b224765d6cb12ba9bd6c66f2e5943dd3f619,patient_web,SOURCE_PRESENT_NOT_SEMANTICALLY_OR_RUNTIME_VERIFIED
patient-web/app/api/patient/[...path]/route.test.ts,4212,4472373e769b4065019e7ed2981933a77ef056c3ddc6c3bc6363e334f2214148,patient_web+tests,SOURCE_PRESENT_NOT_SEMANTICALLY_OR_RUNTIME_VERIFIED
patient-web/app/api/patient/[...path]/route.ts,2377,740115708afe90d926aa10b548683b7a5139dc146e069f26133e5f8cf36d269a,patient_web,SOURCE_PRESENT_NOT_SEMANTICALLY_OR_RUNTIME_VERIFIED
patient-web/app/api/pharmacy/orders/[orderId]/cod/route.ts,468,e0c3d15ab39a0a1c455e863b88552e237f1ba364cdef90f948224572bcb01a33,patient_web,SOURCE_PRESENT_NOT_SEMANTICALLY_OR_RUNTIME_VERIFIED
patient-web/app/api/pharmacy/orders/[orderId]/offers/route.ts,463,0cf1e71fc95936fd83adf8fcdc5ee677994643720d2ebcf916c6ee2fce98b1db,patient_web,SOURCE_PRESENT_NOT_SEMANTICALLY_OR_RUNTIME_VERIFIED
patient-web/app/api/pharmacy/orders/[orderId]/pay-wallet/route.ts,2287,34e8bbd7c9b809df87194521549ba36c35def4f84f56b2bdb0f42b6cc4a07188,patient_web,SOURCE_PRESENT_NOT_SEMANTICALLY_OR_RUNTIME_VERIFIED
patient-web/app/api/pharmacy/orders/[orderId]/payment-intent/route.ts,1849,41ce710ea18ee1182726d8ae18c1d7e104b0e8583a74f0f6ba046c5068aab8be,patient_web,SOURCE_PRESENT_NOT_SEMANTICALLY_OR_RUNTIME_VERIFIED
patient-web/app/api/pharmacy/orders/[orderId]/select-offer/route.ts,601,3144a77cf14bf44e69215d607396ed0c57bdbb1a23fd84fb22f28742b0082a35,patient_web,SOURCE_PRESENT_NOT_SEMANTICALLY_OR_RUNTIME_VERIFIED
patient-web/app/api/pharmacy/orders/route.ts,321,7aac9f1f2a40ea8c64fdc0fe6babb7b86059fd5e27cc6dbdc106694096f34118,patient_web,SOURCE_PRESENT_NOT_SEMANTICALLY_OR_RUNTIME_VERIFIED
patient-web/app/api/programs/route.ts,2155,dc5d0e0bc884cf886a1b149d450ea50ed776d903c3613df942a9b553970d74fb,patient_web,SOURCE_PRESENT_NOT_SEMANTICALLY_OR_RUNTIME_VERIFIED
patient-web/app/api/push/subscribe/route.ts,1600,e26c62112249351fbfef481e12499933ded891d9e2a05f3ba4b23bfe409ec16e,patient_web,SOURCE_PRESENT_NOT_SEMANTICALLY_OR_RUNTIME_VERIFIED
patient-web/app/api/push/unsubscribe/route.ts,1303,478c1c12d9aa911884e4ab677b018a4603ab947af1110fdd67303b4d8f10c368,patient_web,SOURCE_PRESENT_NOT_SEMANTICALLY_OR_RUNTIME_VERIFIED
patient-web/app/api/push/vapid-key/route.ts,836,ca25004f630cce4546cbe233a478585f819a204917641f7f7bfe39631ccb338b,patient_web,SOURCE_PRESENT_NOT_SEMANTICALLY_OR_RUNTIME_VERIFIED
patient-web/app/api/ratings/route.ts,1889,7c6e0d9094bb697a514b0ea8869ef36c055fcff8c1341442b208db09c8b688d5,patient_web,SOURCE_PRESENT_NOT_SEMANTICALLY_OR_RUNTIME_VERIFIED
patient-web/app/api/refunds/route.ts,1932,63992e0b9db1cae48ba1dc8bf41154d62ebcaea5926969ed74af94d0b18957a9,patient_web,SOURCE_PRESENT_NOT_SEMANTICALLY_OR_RUNTIME_VERIFIED
patient-web/app/api/settings/route.ts,2613,1f596ace3f30e9d0a04976900351e4faccc9c21d4b304a81a44bf23d87e811fa,patient_web,SOURCE_PRESENT_NOT_SEMANTICALLY_OR_RUNTIME_VERIFIED
patient-web/app/api/settings/security/route.ts,2187,1d30c1b0e30a2fda5d7672eb144394597507c51636a869a71d97f4b8dea2b783,patient_web,SOURCE_PRESENT_NOT_SEMANTICALLY_OR_RUNTIME_VERIFIED
patient-web/app/api/support/[action]/route.ts,2999,6393192578507e3e071ebfeb6f9bc23c63391273cd11789b986de0ca3dc3cd6c,patient_web,SOURCE_PRESENT_NOT_SEMANTICALLY_OR_RUNTIME_VERIFIED
patient-web/app/api/wearables/route.ts,1858,aa0173f620861db68e96e50a9de4e00da8c6a26d6c208775e116ba4839743e45,patient_web,SOURCE_PRESENT_NOT_SEMANTICALLY_OR_RUNTIME_VERIFIED
patient-web/app/favicon.ico/route.test.ts,584,eaa084f50d1e74178183fe383021140e51692d38aae2932de215e6e740db5da7,patient_web+tests,SOURCE_PRESENT_NOT_SEMANTICALLY_OR_RUNTIME_VERIFIED
patient-web/app/favicon.ico/route.ts,749,ccec85807d89b5de049a299efb0ad7e259889a5bc4e605b3635c604688ef3d9f,patient_web,SOURCE_PRESENT_NOT_SEMANTICALLY_OR_RUNTIME_VERIFIED
patient-web/app/global-not-found.tsx,600,bab61c181a056b6194789b7a1a66dd0dbfede14bedcb2812b50ce1464ac45834,patient_web,SOURCE_PRESENT_NOT_SEMANTICALLY_OR_RUNTIME_VERIFIED
patient-web/app/globals.css,26170,5e440d8353d689e70c31cf64aa46efd4cf26101d4fa4d5f037e9a31418233eb2,patient_web,SOURCE_PRESENT_NOT_SEMANTICALLY_OR_RUNTIME_VERIFIED
patient-web/app/layout.tsx,757,0e27dcd5d7cd00c4e85308bb1d55c447c51e1d3e48ab1b51e39d0774447ae8b9,patient_web,SOURCE_PRESENT_NOT_SEMANTICALLY_OR_RUNTIME_VERIFIED
patient-web/app/llms.txt/route.test.ts,680,6c2d14b404140143eb968c3a4cde68b635cf2296d6434124d5d813fde4875b80,patient_web+tests,SOURCE_PRESENT_NOT_SEMANTICALLY_OR_RUNTIME_VERIFIED
patient-web/app/llms.txt/route.ts,1434,cef8743549b72232864cb47a61dea0650ca3533792cc3d9ccb9ae8471c47c546,patient_web,SOURCE_PRESENT_NOT_SEMANTICALLY_OR_RUNTIME_VERIFIED
patient-web/app/manifest.test.ts,547,d3d54b1cc40e453d9dc12c9f25b7c470febe421893b195a9a7ff35f4a5771f1e,patient_web+tests,SOURCE_PRESENT_NOT_SEMANTICALLY_OR_RUNTIME_VERIFIED
patient-web/app/manifest.ts,431,c8596f567caf999fae6da4606db3cac1b6e59d7aa01c08aedf600316f241d401,patient_web,SOURCE_PRESENT_NOT_SEMANTICALLY_OR_RUNTIME_VERIFIED
patient-web/app/robots.ts,810,25484d212a9057386d445ccfd4725283e09f56bdaafb66be552fbe33544d7789,patient_web,SOURCE_PRESENT_NOT_SEMANTICALLY_OR_RUNTIME_VERIFIED
patient-web/app/seo.test.ts,1406,094c3673f79debbaf138ed1e08683c1a3ac712dd7e8092c1d1f5cea25516335e,patient_web+tests,SOURCE_PRESENT_NOT_SEMANTICALLY_OR_RUNTIME_VERIFIED
patient-web/app/sitemap.ts,660,7ee2b9990eb516906573605507429ad5fdf070456021e077c8b3439b764698ea,patient_web,SOURCE_PRESENT_NOT_SEMANTICALLY_OR_RUNTIME_VERIFIED
patient-web/components-next/ai-tools.tsx,8745,d1ee761b9a8a6b72f839a33e647eeb170a3f6892b6f53347e9b5bdf91f38634a,patient_web,SOURCE_PRESENT_NOT_SEMANTICALLY_OR_RUNTIME_VERIFIED
patient-web/components-next/appointment-actions.module.css,1890,a77ee63279a195f6a6c9f77f0508d35e01c4ba4bf6757989f390898a40cac17e,patient_web,SOURCE_PRESENT_NOT_SEMANTICALLY_OR_RUNTIME_VERIFIED
patient-web/components-next/appointment-actions.tsx,2470,865a7eeebb43730b3d166723316a08798d70352fa2c0c85aedc4a93b1e22e787,patient_web,SOURCE_PRESENT_NOT_SEMANTICALLY_OR_RUNTIME_VERIFIED
patient-web/components-next/appointment-booking-form.module.css,3117,71f2af97d79e25acbef5f95620dd9264ec69d92efd64c7da615988aad5fa28db,patient_web,SOURCE_PRESENT_NOT_SEMANTICALLY_OR_RUNTIME_VERIFIED
patient-web/components-next/appointment-booking-form.tsx,4608,1af9e3e372677e51e564748371b01ceb431eb20e3cf91525c63f2864d161a2fd,patient_web,SOURCE_PRESENT_NOT_SEMANTICALLY_OR_RUNTIME_VERIFIED
patient-web/components-next/appointment-reschedule-form.module.css,1750,e12f4acc03e53042fdb49ed3bb37633382296e23dd3ab1567b91109e89f8e215,patient_web,SOURCE_PRESENT_NOT_SEMANTICALLY_OR_RUNTIME_VERIFIED
patient-web/components-next/appointment-reschedule-form.tsx,2574,da015ddbca7e7d995a4b16c616db7b4888ce81ae81cc37148f7f334a3f73c0ff,patient_web,SOURCE_PRESENT_NOT_SEMANTICALLY_OR_RUNTIME_VERIFIED
patient-web/components-next/call-token-launcher.module.css,1503,99692b6d0f2a374116ab81185d96e6974a8776155d97d3c999b447bdfed94a8b,patient_web,SOURCE_PRESENT_NOT_SEMANTICALLY_OR_RUNTIME_VERIFIED
patient-web/components-next/call-token-launcher.tsx,2072,7b46e2762c9169b66427ade010a451ffa8b34d8b7a4799b6789639ad15988733,patient_web,SOURCE_PRESENT_NOT_SEMANTICALLY_OR_RUNTIME_VERIFIED
patient-web/components-next/chat-composer.tsx,5775,7b93264c7c9b9ba4c9953687de8635a4c414c3db86d63a9b2d023453b588aece,patient_web+delivery_ops,SOURCE_PRESENT_NOT_SEMANTICALLY_OR_RUNTIME_VERIFIED
patient-web/components-next/chat-realtime.tsx,3270,65be9a0fa31662b4836ec04eb6ffc69f08c5065d013e1d9fdccfceb8edfbbded,patient_web,SOURCE_PRESENT_NOT_SEMANTICALLY_OR_RUNTIME_VERIFIED
patient-web/components-next/community-composer.tsx,6144,e8bb1676f9a246cf578e61ff5192bba6b1e3d82622df753685d4e52f0dc077e6,patient_web+delivery_ops,SOURCE_PRESENT_NOT_SEMANTICALLY_OR_RUNTIME_VERIFIED
patient-web/components-next/drug-compare.tsx,3491,ae31ca5a8b7085908b8b3d7ea99607edb40fae78e4526dc55198075d3361bf26,patient_web,SOURCE_PRESENT_NOT_SEMANTICALLY_OR_RUNTIME_VERIFIED
patient-web/components-next/drug-scanner-tools.tsx,4337,f40d30a36394c4abf56101c6066e2429a1af7dc122b80f2d247a5031fe159dfe,patient_web,SOURCE_PRESENT_NOT_SEMANTICALLY_OR_RUNTIME_VERIFIED
patient-web/components-next/family-manage-panel.tsx,9152,0e5b715305c0526583e13cc725e1b936c174a9e98d25d6c6dde142304bd5649f,patient_web,SOURCE_PRESENT_NOT_SEMANTICALLY_OR_RUNTIME_VERIFIED
patient-web/components-next/health-log-form.tsx,6126,25962ab41e3fb4783291c93215d3f79ee6a096be4fa35c260136364adb371643,patient_web,SOURCE_PRESENT_NOT_SEMANTICALLY_OR_RUNTIME_VERIFIED
patient-web/components-next/insurance-copay-actions.tsx,3692,bed3a49ec5e7c0f107ea73557ad7c8ceac78415b26b13a49881b5c008052d2b9,patient_web,SOURCE_PRESENT_NOT_SEMANTICALLY_OR_RUNTIME_VERIFIED
patient-web/components-next/json-ld.tsx,293,27376419e763235419c42c864bf3e3c46e079d3589a9cab44ca0efb8bafe052f,patient_web,SOURCE_PRESENT_NOT_SEMANTICALLY_OR_RUNTIME_VERIFIED
patient-web/components-next/locale-selector.test.tsx,576,f4bb760a7e6b79ba750004a310cde82eff919c0b7c486ebc0814db60ea24c96e,patient_web+tests,SOURCE_PRESENT_NOT_SEMANTICALLY_OR_RUNTIME_VERIFIED
patient-web/components-next/locale-selector.tsx,518,b6e9f167c1fd13c90e4d33ac68a198c2b8befbca282558369b6a843d479a47a7,patient_web,SOURCE_PRESENT_NOT_SEMANTICALLY_OR_RUNTIME_VERIFIED
patient-web/components-next/login-form.module.css,2955,fd5893f424d3d51fc4212b61dfcee1aa19189f550f2a87665ed3874b1ba937aa,patient_web,SOURCE_PRESENT_NOT_SEMANTICALLY_OR_RUNTIME_VERIFIED
patient-web/components-next/login-form.tsx,5172,b68bd3ed09439483cbfc1db0ecf7aaa52f4cfb5d79792dfbb6bd13560434d768,patient_web,SOURCE_PRESENT_NOT_SEMANTICALLY_OR_RUNTIME_VERIFIED
patient-web/components-next/loyalty-actions.tsx,2446,d2177acc0fec70536919e00d427f5ec5ac73841a779ba4379178208edc5e1c80,patient_web,SOURCE_PRESENT_NOT_SEMANTICALLY_OR_RUNTIME_VERIFIED
patient-web/components-next/maternity-forms.tsx,7152,c830339276b0a03c72bcc87fc5999104f7cee22491443657860f1d6265739735,patient_web,SOURCE_PRESENT_NOT_SEMANTICALLY_OR_RUNTIME_VERIFIED
patient-web/components-next/nutrition-forms.tsx,5218,de6ba9822f2f54b266c9f30fe24475ae6ce00f7aa0bfe867f0203d0b9b451d50,patient_web,SOURCE_PRESENT_NOT_SEMANTICALLY_OR_RUNTIME_VERIFIED
patient-web/components-next/offer-select-button.tsx,1819,56f33656d72658b3a128857e9a40f8a30b8c4aad2024136cb9280a98038bedfb,patient_web,SOURCE_PRESENT_NOT_SEMANTICALLY_OR_RUNTIME_VERIFIED
patient-web/components-next/premium-health-illustration.tsx,1418,ea7d09c2cc25b7ed5a2de42703d6942f3a4e914e309780d67acd3fd747fc6d6b,patient_web,SOURCE_PRESENT_NOT_SEMANTICALLY_OR_RUNTIME_VERIFIED
patient-web/components-next/program-actions.tsx,3127,d0825c6f86e6568a09d7e33ee2a9be6677d0dfb623e1eb1b11362ef82930d808,patient_web,SOURCE_PRESENT_NOT_SEMANTICALLY_OR_RUNTIME_VERIFIED
patient-web/components-next/pulse-shield-mark.tsx,634,13c5c63e2a9a9f5b375ba8cff689d2a9b2b87ad665dd64a35102d8ee05bdbe37,patient_web,SOURCE_PRESENT_NOT_SEMANTICALLY_OR_RUNTIME_VERIFIED
patient-web/components-next/push-enable.tsx,5138,f71266b6ecbc439d27fd4a11efdac0349f1bf07cc4414fc40a3b0b5f815f4de8,patient_web,SOURCE_PRESENT_NOT_SEMANTICALLY_OR_RUNTIME_VERIFIED
patient-web/components-next/refund-request-form.tsx,3170,371c0b8c6fa049291d35b85736a53e3696e4d92ace69bdb4ba40ab6851f52b41,patient_web,SOURCE_PRESENT_NOT_SEMANTICALLY_OR_RUNTIME_VERIFIED
patient-web/components-next/retry-button.test.tsx,662,53377a14a07f01c7a3c222897eb6ded615af39454a070537bd9e94c43564f926,patient_web+tests,SOURCE_PRESENT_NOT_SEMANTICALLY_OR_RUNTIME_VERIFIED
patient-web/components-next/retry-button.tsx,336,31467cd3cc2cd3bd3a183d01f05a4e7fabbb7dc723c2aaa3d80f71fc3c28a2f5,patient_web,SOURCE_PRESENT_NOT_SEMANTICALLY_OR_RUNTIME_VERIFIED
patient-web/components-next/review-form.tsx,4193,eab8782e2f846af22f73a6d5cf427ee621f7d5ade7168d52be1aa1313c29324b,patient_web,SOURCE_PRESENT_NOT_SEMANTICALLY_OR_RUNTIME_VERIFIED
patient-web/components-next/security-forms.tsx,4500,fe5058946c1f57e48bcd1f7959b5ffcf34d5097088a431aadf91edb1fca511df,patient_web,SOURCE_PRESENT_NOT_SEMANTICALLY_OR_RUNTIME_VERIFIED
patient-web/components-next/service-booking-form.tsx,4988,91aa79d8e46eb8e5d90d5e5c6414f32a2e0cfd7082e61858d177716307132872,patient_web,SOURCE_PRESENT_NOT_SEMANTICALLY_OR_RUNTIME_VERIFIED
patient-web/components-next/session-actions.tsx,1058,5e12a5999040154bb62f6db05a019483a21cef0b83a7d28000b3fdd12e724822,patient_web,SOURCE_PRESENT_NOT_SEMANTICALLY_OR_RUNTIME_VERIFIED
patient-web/components-next/session-log-form.tsx,4788,d7a3210f3310e2688aedf2388e4715aa011cbbfe41d99c51d97a39acddd05308,patient_web,SOURCE_PRESENT_NOT_SEMANTICALLY_OR_RUNTIME_VERIFIED
patient-web/components-next/settings-forms.tsx,6642,4eb7829ab81993354ee94b462de9d96462328e77ceea1446bffea5bbf5f83efa,patient_web,SOURCE_PRESENT_NOT_SEMANTICALLY_OR_RUNTIME_VERIFIED
patient-web/components-next/sos-controls.tsx,4655,0b08cf536ae45d96174a402332ab7d1f947a2ed2e2b822f43e9b087f841a603e,patient_web,SOURCE_PRESENT_NOT_SEMANTICALLY_OR_RUNTIME_VERIFIED
patient-web/components-next/support-forms.tsx,3814,899846ae1099b586f1e385feee6495d7cd7d1f6ddef8f43c9c29e44ec33657a1,patient_web,SOURCE_PRESENT_NOT_SEMANTICALLY_OR_RUNTIME_VERIFIED
patient-web/components-next/vital-glyph.tsx,518,9463fd21fd28e872d1a2057e55a93829d2f57ca12130fd161b736f29bd244a8b,patient_web,SOURCE_PRESENT_NOT_SEMANTICALLY_OR_RUNTIME_VERIFIED
patient-web/components-next/wearable-manual-form.tsx,3109,9b8571c8c1e1dc3bf731e66b87386d3a1a94ac265074c93fba24a05207fbe61d,patient_web,SOURCE_PRESENT_NOT_SEMANTICALLY_OR_RUNTIME_VERIFIED
patient-web/components.json,388,8be0e54515838be398164884e96319b52bcfcbd52b2e63171d51df4131cfcb03,patient_web,SOURCE_PRESENT_NOT_SEMANTICALLY_OR_RUNTIME_VERIFIED
patient-web/drizzle.config.ts,353,9610673b3fe7b6b950a8e7e54cb1e91f9dd25f87d7ae6a41d2f6ada957065d01,patient_web,SOURCE_PRESENT_NOT_SEMANTICALLY_OR_RUNTIME_VERIFIED
patient-web/i18n/request.ts,792,974a1e9a6f3d34bf70bb8baaedd5c54b60e55efcc7f53f6923e91f875a97a517,patient_web,SOURCE_PRESENT_NOT_SEMANTICALLY_OR_RUNTIME_VERIFIED
patient-web/i18n/routing.ts,187,78c4bfe44089c870d089c9291953737b9d35946d5d25b48739bfc029ea8a4a84,patient_web,SOURCE_PRESENT_NOT_SEMANTICALLY_OR_RUNTIME_VERIFIED
patient-web/lib/api/appointments-server.test.ts,1369,7caa69a8707c5fce3d38d0e22e805ce2bf40297e3809bdbfd79ca0051be76157,patient_web+tests,SOURCE_PRESENT_NOT_SEMANTICALLY_OR_RUNTIME_VERIFIED
patient-web/lib/api/appointments-server.ts,601,7ff0cb35b31432bf3e615e1944c7ce07806042157d15d7b19b78853a8b639788,patient_web,SOURCE_PRESENT_NOT_SEMANTICALLY_OR_RUNTIME_VERIFIED
patient-web/lib/api/appointments.test.ts,1227,0a01f28b518d88f0997b2d61ee91767f4f28a4f693fb035a18a0979b020c18f9,patient_web+tests,SOURCE_PRESENT_NOT_SEMANTICALLY_OR_RUNTIME_VERIFIED
patient-web/lib/api/appointments.ts,2027,4252faaa8b5b68ebb0c4a3917f69c82981517e4bd92bd627aa5a9ccb6115c637,patient_web,SOURCE_PRESENT_NOT_SEMANTICALLY_OR_RUNTIME_VERIFIED
patient-web/lib/api/articles-server.ts,1213,b269ba474ea30521dc9c5923a08f2c99da40765fd887634298cc5fff980df561,patient_web,SOURCE_PRESENT_NOT_SEMANTICALLY_OR_RUNTIME_VERIFIED
patient-web/lib/api/articles.test.ts,1242,1b8c981a890a76fc390fb025c4b402d669ce0ff8527940772a3abe58ca3c5c60,patient_web+tests,SOURCE_PRESENT_NOT_SEMANTICALLY_OR_RUNTIME_VERIFIED
patient-web/lib/api/articles.ts,2723,2a81d9510c8abb1f12f1baca7675100b947b3f6f926b7de88eb1087258ebd3f9,patient_web,SOURCE_PRESENT_NOT_SEMANTICALLY_OR_RUNTIME_VERIFIED
patient-web/lib/api/breathing-server.ts,183,a4466e9e8b06aea0ace2e12815156addddc199becb1a16af4b22f208428e9583,patient_web,SOURCE_PRESENT_NOT_SEMANTICALLY_OR_RUNTIME_VERIFIED
patient-web/lib/api/breathing.test.ts,532,76fdac74a506efb55ed497c4bb6518ad42e17ef22173a387b867ba95a1f1045f,patient_web+tests,SOURCE_PRESENT_NOT_SEMANTICALLY_OR_RUNTIME_VERIFIED
patient-web/lib/api/breathing.ts,914,088d54becc8c2f49395e9fdbeb870d00bca46ff67b55c85529fec240f10f38f5,patient_web,SOURCE_PRESENT_NOT_SEMANTICALLY_OR_RUNTIME_VERIFIED
patient-web/lib/api/cart.test.ts,1278,aaffe29fa4c83f522b4202e7dae2dff32e233508e9be04997ef133e4c4941a2b,patient_web+tests,SOURCE_PRESENT_NOT_SEMANTICALLY_OR_RUNTIME_VERIFIED
patient-web/lib/api/cart.ts,2791,28328c65884429ee38cfa49376d65687d069a13010701a6d7502694375d174f8,patient_web,SOURCE_PRESENT_NOT_SEMANTICALLY_OR_RUNTIME_VERIFIED
patient-web/lib/api/chat-server.test.ts,655,75c10aeee5bf817e4db22440fba540b6a16e64e5e9663e0842d3052667bc2044,patient_web+tests,SOURCE_PRESENT_NOT_SEMANTICALLY_OR_RUNTIME_VERIFIED
patient-web/lib/api/chat-server.ts,744,255e0bfbb560e904df29aa006ebecbf09e6b802593c45d33be4b529ba4329e66,patient_web,SOURCE_PRESENT_NOT_SEMANTICALLY_OR_RUNTIME_VERIFIED
patient-web/lib/api/chat.test.ts,1315,4569ec5a04ac9e6b131373f4ccc971f7b26cba024eeb8aadced43850affd4391,patient_web+tests,SOURCE_PRESENT_NOT_SEMANTICALLY_OR_RUNTIME_VERIFIED
patient-web/lib/api/chat.ts,3342,fd35a8a55ba960fe56584b00f691c572e0585f0fb8b8000066478af08e6e59b3,patient_web,SOURCE_PRESENT_NOT_SEMANTICALLY_OR_RUNTIME_VERIFIED
patient-web/lib/api/chronic-meds-server.ts,181,c0ea6964c6de342cbeab8fc490cdd9e0f9645ef949c77aca9fad07ee71830b03,patient_web,SOURCE_PRESENT_NOT_SEMANTICALLY_OR_RUNTIME_VERIFIED
patient-web/lib/api/chronic-meds.test.ts,850,d1a03a2fbf039e2c3fd9e1ec2784f775894d35790d2a40faf23c03dfc6d3bb57,patient_web+tests,SOURCE_PRESENT_NOT_SEMANTICALLY_OR_RUNTIME_VERIFIED
patient-web/lib/api/chronic-meds.ts,1572,d032a277132335b4c8bd4ece99d9510d2afdc1af0e0afec1c175e7cfb351f5e4,patient_web,SOURCE_PRESENT_NOT_SEMANTICALLY_OR_RUNTIME_VERIFIED
patient-web/lib/api/chronic-server.ts,182,6a0bfccda5ee087391e329d064d95ce41bfc4bd3fb84beb77df30a8bc1de55d4,patient_web,SOURCE_PRESENT_NOT_SEMANTICALLY_OR_RUNTIME_VERIFIED
patient-web/lib/api/chronic.test.ts,472,e2e7b5441ffbf3a0d723da1f9edcdcc14645528b740c3a358a0fe75d71156cb8,patient_web+tests,SOURCE_PRESENT_NOT_SEMANTICALLY_OR_RUNTIME_VERIFIED
patient-web/lib/api/chronic.ts,651,5b73347a768d03515d026dc9ed3fdf9ba19014af4d4c6269d9e58dd3ce66828b,patient_web,SOURCE_PRESENT_NOT_SEMANTICALLY_OR_RUNTIME_VERIFIED
patient-web/lib/api/claims-server.ts,175,7e7ed04a17e69db08ef403408d1017618b0ef4feb23d81cec75f1d6945eb31a2,patient_web,SOURCE_PRESENT_NOT_SEMANTICALLY_OR_RUNTIME_VERIFIED
patient-web/lib/api/claims.test.ts,640,0ca10f77b9b801d7e71bbb2d7a65fe78c2137f13d01695788c9735ad77e4d306,patient_web+tests,SOURCE_PRESENT_NOT_SEMANTICALLY_OR_RUNTIME_VERIFIED
patient-web/lib/api/claims.ts,1056,ce36de5b245e85152af32e2c2a59e1c9cddb00fb594ed7117a45011a55e14b04,patient_web,SOURCE_PRESENT_NOT_SEMANTICALLY_OR_RUNTIME_VERIFIED
patient-web/lib/api/crisis-contacts-server.ts,187,595916587b21f9a32752dd9a21223703ed23f77bc408742ebd076513d229ba65,patient_web,SOURCE_PRESENT_NOT_SEMANTICALLY_OR_RUNTIME_VERIFIED
patient-web/lib/api/crisis-contacts.test.ts,550,3deb5c742b6996551ea0599614c1f77f9e5d62f43fecbaa1c1fd8b101d61d9b6,patient_web+tests,SOURCE_PRESENT_NOT_SEMANTICALLY_OR_RUNTIME_VERIFIED
patient-web/lib/api/crisis-contacts.ts,1055,3af866168572b50fec7248dc7c008a2549ae7dba439d9bbb6e1610557a06825c,patient_web,SOURCE_PRESENT_NOT_SEMANTICALLY_OR_RUNTIME_VERIFIED
patient-web/lib/api/csrf.ts,1621,0bfe8904547200bca87260e4c0c16315a2d01c370481e32cb16dfbbd7fb8a87b,patient_web,SOURCE_PRESENT_NOT_SEMANTICALLY_OR_RUNTIME_VERIFIED
patient-web/lib/api/dashboard-server.ts,425,c583a7b4afebfb4df7bbcc436cb95ec042fcef23dd9298b0d6988a8fe8b83ab3,patient_web,SOURCE_PRESENT_NOT_SEMANTICALLY_OR_RUNTIME_VERIFIED
patient-web/lib/api/dashboard.test.ts,949,c2a6a9a938e4f15537ed1c8a413e8d421b9fc712c574de604ca0e026b0cb0f08,patient_web+tests,SOURCE_PRESENT_NOT_SEMANTICALLY_OR_RUNTIME_VERIFIED
patient-web/lib/api/dashboard.ts,1278,1fca8368c2bde2be781fee4e1111250cd28efd438d2912eb1b9451c967cb168a,patient_web,SOURCE_PRESENT_NOT_SEMANTICALLY_OR_RUNTIME_VERIFIED
patient-web/lib/api/diagnostics-report.test.ts,475,f5cc7ad94f0c997fb0bdae3a6bd806a6b3410a16edf4afa02734b764a887924f,patient_web+tests,SOURCE_PRESENT_NOT_SEMANTICALLY_OR_RUNTIME_VERIFIED
patient-web/lib/api/diagnostics-server.test.ts,952,d115689371f5137d77381eabde6fd8178dc8f979f5b86b3c4f86a71f79772348,patient_web+tests,SOURCE_PRESENT_NOT_SEMANTICALLY_OR_RUNTIME_VERIFIED
patient-web/lib/api/diagnostics-server.ts,539,1d4bf09d773825bb76aa6b8a885902f37019afa3bff393209a17bfd0b742448d,patient_web,SOURCE_PRESENT_NOT_SEMANTICALLY_OR_RUNTIME_VERIFIED
patient-web/lib/api/diagnostics.test.ts,1323,6fce2197af13b6a239c52a0c2192f7894fd74784a395abb2071c7564693d9b99,patient_web+tests,SOURCE_PRESENT_NOT_SEMANTICALLY_OR_RUNTIME_VERIFIED
patient-web/lib/api/diagnostics.ts,2531,dd4c98e54571ee2eb3fa86e4d5cfa539cff3af0542b03b6456508346159c8128,patient_web,SOURCE_PRESENT_NOT_SEMANTICALLY_OR_RUNTIME_VERIFIED
patient-web/lib/api/doctors-detail-server.test.ts,637,9c7c9086f223e5f3729abcb6e2bc49f7102eb0bde2fa3226721a310526036ca7,patient_web+tests,SOURCE_PRESENT_NOT_SEMANTICALLY_OR_RUNTIME_VERIFIED
patient-web/lib/api/doctors-detail.test.ts,419,6594b57f7480520396f71219eb30069b8ff7298faddd4c41c997939496f94ae4,patient_web+tests,SOURCE_PRESENT_NOT_SEMANTICALLY_OR_RUNTIME_VERIFIED
patient-web/lib/api/doctors-server.test.ts,733,d1030b26c9160c535e7064e83c500c104b513c3bcb7bf1084e15789f7e6d96c4,patient_web+tests,SOURCE_PRESENT_NOT_SEMANTICALLY_OR_RUNTIME_VERIFIED
patient-web/lib/api/doctors-server.ts,1206,e8f17f0393cc1df9db7d87a64dca54c18eae7d982b867af3167122ddecf11c96,patient_web,SOURCE_PRESENT_NOT_SEMANTICALLY_OR_RUNTIME_VERIFIED
patient-web/lib/api/doctors-slots-server.test.ts,772,17b774263ff2d647e2416eb82fd23a293689e11622efd35b1bf4311830323496,patient_web+tests,SOURCE_PRESENT_NOT_SEMANTICALLY_OR_RUNTIME_VERIFIED
patient-web/lib/api/doctors-slots.test.ts,749,3c9ba7f00e6ed8de2ea66b22956f640587c77b9792c3f0a94a13c92d9e15fbdb,patient_web+tests,SOURCE_PRESENT_NOT_SEMANTICALLY_OR_RUNTIME_VERIFIED
patient-web/lib/api/doctors.test.ts,731,7d4bc9a28069fd08f5be776b2355040ede36f2146e4e023ae9bd2c3bff25d1b1,patient_web+tests,SOURCE_PRESENT_NOT_SEMANTICALLY_OR_RUNTIME_VERIFIED
patient-web/lib/api/doctors.ts,4726,356475d61a5c6e24b6cda0ed09bcac86416a8fe1b5a3d6bdc8031ffe1a3fbece,patient_web,SOURCE_PRESENT_NOT_SEMANTICALLY_OR_RUNTIME_VERIFIED
patient-web/lib/api/emergency-contacts-server.ts,186,efb759f65ee5d292cf15a0dfed4f0fac9dd77c7175b4fd6375a1211eeebbef41,patient_web,SOURCE_PRESENT_NOT_SEMANTICALLY_OR_RUNTIME_VERIFIED
patient-web/lib/api/emergency-contacts.test.ts,538,0b1dcb5a4467893bc295135ab9e2f7ab797eeb67145fff53137bbd368bb8d1af,patient_web+tests,SOURCE_PRESENT_NOT_SEMANTICALLY_OR_RUNTIME_VERIFIED
patient-web/lib/api/emergency-contacts.ts,1045,f0739caa0e81c9247366c9d61713a1bedd9ce555f2f2ad2f0c309ab658dc0924,patient_web,SOURCE_PRESENT_NOT_SEMANTICALLY_OR_RUNTIME_VERIFIED
patient-web/lib/api/family-group-server.ts,170,3f20e7950f3438b238ffd139f6d6ef839122112eda6314f828373a36389b89d5,patient_web,SOURCE_PRESENT_NOT_SEMANTICALLY_OR_RUNTIME_VERIFIED
patient-web/lib/api/family-group.test.ts,506,61790f440ea3e68dac60e4fcbf01bc70b23d5d61d01f0fe35480f89d2decfa66,patient_web+tests,SOURCE_PRESENT_NOT_SEMANTICALLY_OR_RUNTIME_VERIFIED
patient-web/lib/api/family-group.ts,792,267539e1877f806c55ef3b5448f6281b1296db92a0c9b020f28b7e8445b423c1,patient_web,SOURCE_PRESENT_NOT_SEMANTICALLY_OR_RUNTIME_VERIFIED
patient-web/lib/api/family-server.test.ts,660,efb690050d8cac410d7c4f2c87f73de4a7a5dbbe47f232837c56990c87ff5068,patient_web+tests,SOURCE_PRESENT_NOT_SEMANTICALLY_OR_RUNTIME_VERIFIED
patient-web/lib/api/family-server.ts,258,350a4ec1901efca2fdce94be65592580fa1c3acc6d5e948c602fe6ca577ce396,patient_web,SOURCE_PRESENT_NOT_SEMANTICALLY_OR_RUNTIME_VERIFIED
patient-web/lib/api/family.test.ts,661,e3a742e743406d30d8f51e29df4c4d790d0ba4ba646dfbafe901f65526381c21,patient_web+tests,SOURCE_PRESENT_NOT_SEMANTICALLY_OR_RUNTIME_VERIFIED
patient-web/lib/api/family.ts,1595,fbd708ece9c38a92c94646dd8a89b5708ac3f3345bf722e1bb15694474fceff2,patient_web,SOURCE_PRESENT_NOT_SEMANTICALLY_OR_RUNTIME_VERIFIED
patient-web/lib/api/health-score.test.ts,920,a47011e2f64ae8a49846d5968e938a8ce588810f9e89ff23f2ebf06b0cc93c98,patient_web+tests,SOURCE_PRESENT_NOT_SEMANTICALLY_OR_RUNTIME_VERIFIED
patient-web/lib/api/health-score.ts,918,a2fded619d5ca6d0ec62b853bfb17ebcb7bd6ec897c5b52c44581dc407f7e1e2,patient_web,SOURCE_PRESENT_NOT_SEMANTICALLY_OR_RUNTIME_VERIFIED
patient-web/lib/api/home-care-server.test.ts,675,e1f2750537dcd38ee06ea21cc99bb276b19f0dfa011bda2567fbb3ddfd3c7c8f,patient_web+tests,SOURCE_PRESENT_NOT_SEMANTICALLY_OR_RUNTIME_VERIFIED
patient-web/lib/api/home-care-server.ts,259,0d160cc88b30bfa865bcd522ccc5bb3fef765099ab2f3165675063b8aa27c34b,patient_web,SOURCE_PRESENT_NOT_SEMANTICALLY_OR_RUNTIME_VERIFIED
patient-web/lib/api/home-care-services-server.test.ts,1057,028479dc09f0d31f3e4f2b16814f6516b9e8a14480b644decbe5ac56daef33dd,patient_web+tests,SOURCE_PRESENT_NOT_SEMANTICALLY_OR_RUNTIME_VERIFIED
patient-web/lib/api/home-care-services-server.ts,1094,82fba1ce94de8528cfc2b74e8373e21e1f3b82ea41d7a47011cbf70d6be3a0a0,patient_web,SOURCE_PRESENT_NOT_SEMANTICALLY_OR_RUNTIME_VERIFIED
patient-web/lib/api/home-care-services.test.ts,1049,874b28906f43559c4146d7cf7b9a2cca75c425d0bff5dbbe13f4e3e1b8f17c94,patient_web+tests,SOURCE_PRESENT_NOT_SEMANTICALLY_OR_RUNTIME_VERIFIED
patient-web/lib/api/home-care-services.ts,2569,e930203816788db7eab4aca680a343e618ba976b73b839e1d8c826a15f2245f2,patient_web,SOURCE_PRESENT_NOT_SEMANTICALLY_OR_RUNTIME_VERIFIED
patient-web/lib/api/home-care.test.ts,788,38d1cfa21bb2034e7fb8b6730264662c899db8ead6f10a16f76b0cfd975c6e1c,patient_web+tests,SOURCE_PRESENT_NOT_SEMANTICALLY_OR_RUNTIME_VERIFIED
patient-web/lib/api/home-care.ts,1685,f28ef1b562645b87350cbc7c375096285738d0a62da24b090ea636560ec40ab8,patient_web,SOURCE_PRESENT_NOT_SEMANTICALLY_OR_RUNTIME_VERIFIED
patient-web/lib/api/insurance-server.ts,324,365f06727a5a9224d3079d51c951ae9e5cdffed3121af8b9d7f64e4d5a79b76d,patient_web,SOURCE_PRESENT_NOT_SEMANTICALLY_OR_RUNTIME_VERIFIED
patient-web/lib/api/insurance.test.ts,669,7691314effcebd303e765dfd50ee2f9a653277a82679ec1e55eb10dbaa71d2d1,patient_web+tests,SOURCE_PRESENT_NOT_SEMANTICALLY_OR_RUNTIME_VERIFIED
patient-web/lib/api/insurance.ts,755,a3e744c45895d8541efc9032d226886d280005f6d15328b819e470b15e50e978,patient_web,SOURCE_PRESENT_NOT_SEMANTICALLY_OR_RUNTIME_VERIFIED
patient-web/lib/api/labs-server.test.ts,917,a67559c93be7782371c7b18723efe0414dde43528bcdf0f12da9c26a8d027e81,patient_web+tests,SOURCE_PRESENT_NOT_SEMANTICALLY_OR_RUNTIME_VERIFIED
patient-web/lib/api/labs-server.ts,1662,ec947e13bd323822224238a37fabf32de6d8fb97017c6ea9c95165748543cea7,patient_web,SOURCE_PRESENT_NOT_SEMANTICALLY_OR_RUNTIME_VERIFIED
patient-web/lib/api/labs.test.ts,854,2e5a39df03818eaa4dbc30d28b80ec71adfba9937134f3555a34387596a5110f,patient_web+tests,SOURCE_PRESENT_NOT_SEMANTICALLY_OR_RUNTIME_VERIFIED
patient-web/lib/api/labs.ts,4357,b9f41ce3fb703623ba481d0c14a42119f5269780ae39ce0ed44681203dadc96f,patient_web,SOURCE_PRESENT_NOT_SEMANTICALLY_OR_RUNTIME_VERIFIED
patient-web/lib/api/medicines-server.test.ts,954,4a497a7552c6d190b1542a08050dab0d6c9048730c9a056d6c46ea4f871b222a,patient_web+tests,SOURCE_PRESENT_NOT_SEMANTICALLY_OR_RUNTIME_VERIFIED
patient-web/lib/api/medicines-server.ts,516,54432ee58affd721ec04017f46e27527d74e1b27c3de41500f90b43f57a9d3bf,patient_web,SOURCE_PRESENT_NOT_SEMANTICALLY_OR_RUNTIME_VERIFIED
patient-web/lib/api/medicines.test.ts,1509,c57b863b382d8909286974f039f400879e81f34a4c902a1554db1d0d9464a436,patient_web+tests,SOURCE_PRESENT_NOT_SEMANTICALLY_OR_RUNTIME_VERIFIED
patient-web/lib/api/medicines.ts,2691,972905bc14176eccf2977744ef0f27661c6393dd969cd492babe6c84d8aabbcc,patient_web,SOURCE_PRESENT_NOT_SEMANTICALLY_OR_RUNTIME_VERIFIED
patient-web/lib/api/meditation-server.ts,185,0f02422b4bb9d694b4230aa0264b8e8cbd5a30bb047f828f4fec169763947f50,patient_web,SOURCE_PRESENT_NOT_SEMANTICALLY_OR_RUNTIME_VERIFIED
patient-web/lib/api/meditation.test.ts,477,5ac66939db5d6b742747f97ae9e8cdf7198682ed1d0720b10e15f16a0811c1ef,patient_web+tests,SOURCE_PRESENT_NOT_SEMANTICALLY_OR_RUNTIME_VERIFIED
patient-web/lib/api/meditation.ts,913,9d1aee531c94c97243263f42fb58e63d1b1b0909bea39f7f68f849db474d91f8,patient_web,SOURCE_PRESENT_NOT_SEMANTICALLY_OR_RUNTIME_VERIFIED
patient-web/lib/api/mental-health-server.ts,191,3e73208aee456af660c59e14230b6ce4e736715016ed46ff5954b6646519c309,patient_web,SOURCE_PRESENT_NOT_SEMANTICALLY_OR_RUNTIME_VERIFIED
patient-web/lib/api/mental-health.test.ts,976,b9e6e3de85ea7d77447b4fcd3bd94f96cfd3c1bf38d9449e4f082361d6bdc4f6,patient_web+tests,SOURCE_PRESENT_NOT_SEMANTICALLY_OR_RUNTIME_VERIFIED
patient-web/lib/api/mental-health.ts,1349,c46cd38374b12bf04d4933e40f2e3ff93c74f400ce94bbd362ca01dda2e3b76e,patient_web,SOURCE_PRESENT_NOT_SEMANTICALLY_OR_RUNTIME_VERIFIED
patient-web/lib/api/mood-server.ts,181,acd4cf2c7bd515c702dfa9a3d07511e29bd30f375ebdd4caf293b9c70ea08a4c,patient_web,SOURCE_PRESENT_NOT_SEMANTICALLY_OR_RUNTIME_VERIFIED
patient-web/lib/api/mood.test.ts,550,b5b10e143961e81da1b197408087fdfc7c379b660166bb840fe79a92d2d67fd2,patient_web+tests,SOURCE_PRESENT_NOT_SEMANTICALLY_OR_RUNTIME_VERIFIED
patient-web/lib/api/mood.ts,947,46d3de46222bad130a45226932e886790d5e14f0653e969c24fd755faecd9ec3,patient_web,SOURCE_PRESENT_NOT_SEMANTICALLY_OR_RUNTIME_VERIFIED
patient-web/lib/api/notification-settings-server.ts,291,7edfa7bd8e7ab7a48fd04b125ed1db26968939366a3e515a32be38f9f8929a5e,patient_web,SOURCE_PRESENT_NOT_SEMANTICALLY_OR_RUNTIME_VERIFIED
patient-web/lib/api/notification-settings.test.ts,508,1835df64fe4b7b2c2c34b5f94bef3b0f9db5e5f959d7b2d166270de8265c7e55,patient_web+tests,SOURCE_PRESENT_NOT_SEMANTICALLY_OR_RUNTIME_VERIFIED
patient-web/lib/api/notification-settings.ts,731,796181b3c0c96ac114ddaef033f8f0918591ff7773e00afd97a68e66f2e0c4f7,patient_web,SOURCE_PRESENT_NOT_SEMANTICALLY_OR_RUNTIME_VERIFIED
patient-web/lib/api/notifications-server.test.ts,664,7826917e635ae06c35025751f8028024fd82ebda7f7fd046aef594114dc1d854,patient_web+tests,SOURCE_PRESENT_NOT_SEMANTICALLY_OR_RUNTIME_VERIFIED
patient-web/lib/api/notifications-server.ts,246,d5e1faeb9257e5e41b69145d3b794d9180fcae9cd3b19d159a06b9aba897e0e5,patient_web,SOURCE_PRESENT_NOT_SEMANTICALLY_OR_RUNTIME_VERIFIED
patient-web/lib/api/notifications.test.ts,1204,47374d20bf4d5be4f2be74692bbf4c19efba43f6e13d730e83af66a8d048448e,patient_web+tests,SOURCE_PRESENT_NOT_SEMANTICALLY_OR_RUNTIME_VERIFIED
patient-web/lib/api/notifications.ts,1743,0deb77ad221289c0a134832d8389037670b655600a7b0856cf045a03a43cb7fd,patient_web,SOURCE_PRESENT_NOT_SEMANTICALLY_OR_RUNTIME_VERIFIED
patient-web/lib/api/orders.test.ts,1890,7b71e84b067188a98c40bc64909033864d3e2ddaa97002137cca737bbb928cc0,patient_web+tests,SOURCE_PRESENT_NOT_SEMANTICALLY_OR_RUNTIME_VERIFIED
patient-web/lib/api/orders.ts,3254,3a14a1c3e1ae31bc94b40acb346f31ff8a3550abe178ec8cc6979b9ebdd38243,patient_web,SOURCE_PRESENT_NOT_SEMANTICALLY_OR_RUNTIME_VERIFIED
patient-web/lib/api/patient-allowlist.test.ts,3655,6e207070b200d3db21eef32f3dd1695c5f53e8449ef4396546b7c6f006fdd99e,patient_web+tests,SOURCE_PRESENT_NOT_SEMANTICALLY_OR_RUNTIME_VERIFIED
patient-web/lib/api/patient-allowlist.ts,1973,756fa2b1ecf461416c21bb46aca27361715016ac039e54483f2c94cb8cdc1755,patient_web,SOURCE_PRESENT_NOT_SEMANTICALLY_OR_RUNTIME_VERIFIED
patient-web/lib/api/payments-server.ts,547,85750e9bd9f2fcd7e88250183f17632c9a6811024bf98799fb343fc44e3804f5,patient_web,SOURCE_PRESENT_NOT_SEMANTICALLY_OR_RUNTIME_VERIFIED
patient-web/lib/api/payments.ts,1592,fd07e9ceb3b4355890702d6c03edb43a25e716563d0f83c7e04a2909ec08a783,patient_web,SOURCE_PRESENT_NOT_SEMANTICALLY_OR_RUNTIME_VERIFIED
patient-web/lib/api/pharmacy-flow.ts,4039,d2d5ab21e5533f3947b06c813b9e6ddf6379d3b168fb9bf51b5077672e609ffb,patient_web,SOURCE_PRESENT_NOT_SEMANTICALLY_OR_RUNTIME_VERIFIED
patient-web/lib/api/prescriptions-server.test.ts,684,72838c48e29ac97b5847c6122835099de40e38ac7c028610a703b7d3cfa5515d,patient_web+tests,SOURCE_PRESENT_NOT_SEMANTICALLY_OR_RUNTIME_VERIFIED
patient-web/lib/api/prescriptions-server.ts,269,e977f176b28a3a93f6cf6d5d6777191847450613d6c66fa36ddd2ca4b0558e13,patient_web,SOURCE_PRESENT_NOT_SEMANTICALLY_OR_RUNTIME_VERIFIED
patient-web/lib/api/prescriptions.test.ts,954,992dddfd47ed2df32543cf240a51de56e4f0440febdae198c0e564a2c647ba60,patient_web+tests,SOURCE_PRESENT_NOT_SEMANTICALLY_OR_RUNTIME_VERIFIED
patient-web/lib/api/prescriptions.ts,3008,6a7d0c3075af972558b92e8cf55963ae39e807140d52413382e1b8b2ac5035a4,patient_web,SOURCE_PRESENT_NOT_SEMANTICALLY_OR_RUNTIME_VERIFIED
patient-web/lib/api/profile-security.test.ts,686,2f0b88cd09d4a4cf30fb953a7b0a5936f7e0cea3201c6497f6b264df5b29a6fe,patient_web+tests,SOURCE_PRESENT_NOT_SEMANTICALLY_OR_RUNTIME_VERIFIED
patient-web/lib/api/profile.test.ts,1269,1df287e9b5a3d326af57bdb60b0fcf0fff88a726b93585d3c9575a8eb54f8e75,patient_web+tests,SOURCE_PRESENT_NOT_SEMANTICALLY_OR_RUNTIME_VERIFIED
patient-web/lib/api/profile.ts,1171,e83cece99666fee90e0d161f4cdf5d312c6996bdd23b999541882c16e3a7381c,patient_web,SOURCE_PRESENT_NOT_SEMANTICALLY_OR_RUNTIME_VERIFIED
patient-web/lib/api/public-medicines-server.test.ts,463,18ab578e98ccc03fb0866848e3b9ca7ad0c0a688b79cc4cd6718561b600ea339,patient_web+tests,SOURCE_PRESENT_NOT_SEMANTICALLY_OR_RUNTIME_VERIFIED
patient-web/lib/api/public-medicines-server.ts,1244,f24cf2219f11b18804967a006a8bde8a7817206a3c251e8494610a8a8bdfe022,patient_web,SOURCE_PRESENT_NOT_SEMANTICALLY_OR_RUNTIME_VERIFIED
patient-web/lib/api/radiology-server.test.ts,915,acf2e2d354290140cb357676b27a8f8f881fc906980684fcc8a33cf6c33ce2dd,patient_web+tests,SOURCE_PRESENT_NOT_SEMANTICALLY_OR_RUNTIME_VERIFIED
patient-web/lib/api/radiology-server.ts,1347,a4efc7805ae7e072c722b906ba795edafc2886a20f03d9fecfbb7c228f5ddfee,patient_web,SOURCE_PRESENT_NOT_SEMANTICALLY_OR_RUNTIME_VERIFIED
patient-web/lib/api/radiology.test.ts,978,3f0be5a898f21250a2b80c8e0a1d2b53c9276b1b8c8217c4fac1846e78cd8ec3,patient_web+tests,SOURCE_PRESENT_NOT_SEMANTICALLY_OR_RUNTIME_VERIFIED
patient-web/lib/api/radiology.ts,2919,d6a4d898a8a3980bbba0da9d05e70dd54f8d259f632465244de595fe674e2cc8,patient_web,SOURCE_PRESENT_NOT_SEMANTICALLY_OR_RUNTIME_VERIFIED
patient-web/lib/api/reminders-server.test.ts,683,06ed5f10b5c2cc92db9fc2bb5eeb3f3bc59eee36a6b5c1a36e22f49dfd7d40cb,patient_web+tests,SOURCE_PRESENT_NOT_SEMANTICALLY_OR_RUNTIME_VERIFIED
patient-web/lib/api/reminders-server.ts,253,e5fc76a3188ad2afc5cab5ec3d07561d3b68758b9d3369f2b45ee49437907d14,patient_web,SOURCE_PRESENT_NOT_SEMANTICALLY_OR_RUNTIME_VERIFIED
patient-web/lib/api/reminders.test.ts,940,e26c57c2331efdaf227ac748faaf40f8fe1d956b068ead829fa4faa3681e4087,patient_web+tests,SOURCE_PRESENT_NOT_SEMANTICALLY_OR_RUNTIME_VERIFIED
patient-web/lib/api/reminders.ts,2405,209bf00c1bfd5d160893715cf9c6ee72c8d57c725103426c18cf10901bc8710f,patient_web,SOURCE_PRESENT_NOT_SEMANTICALLY_OR_RUNTIME_VERIFIED
patient-web/lib/api/reports.test.ts,784,489ebe5bbcfac0ae2d6a141ef7a9e82acca848aeeed0fab2a695a0d67c3984ac,patient_web+tests,SOURCE_PRESENT_NOT_SEMANTICALLY_OR_RUNTIME_VERIFIED
patient-web/lib/api/reports.ts,1178,cc46e6fca1482682a83f04dee28dbaed0aa194ffc0265bfd0e08e199f2ef3418,patient_web,SOURCE_PRESENT_NOT_SEMANTICALLY_OR_RUNTIME_VERIFIED
patient-web/lib/api/response.ts,363,1e156951fa7be33a4f66cccd94bdd8bcac820a539506eafe203f1039b09b5af4,patient_web,SOURCE_PRESENT_NOT_SEMANTICALLY_OR_RUNTIME_VERIFIED
patient-web/lib/api/sandbox-appointments-contracts.test.ts,2979,ee59f51d32a1dfee46e6e8dd6b60cd5d3469f618f08a79c9d3d60df105727160,patient_web+tests,SOURCE_PRESENT_NOT_SEMANTICALLY_OR_RUNTIME_VERIFIED
patient-web/lib/api/sandbox-chat-contract.test.ts,2170,01f2cd0b9fabea828b1416f1b15d0918f20c59c442ca3cbeba3c02dfe11f7144,patient_web+tests,SOURCE_PRESENT_NOT_SEMANTICALLY_OR_RUNTIME_VERIFIED
patient-web/lib/api/sandbox-diagnostics-contracts.test.ts,3088,f2c679ce8c7ad99d214247c7b92fe389ee05c06cfd2345479a808f0fd8f2738f,patient_web+tests,SOURCE_PRESENT_NOT_SEMANTICALLY_OR_RUNTIME_VERIFIED
patient-web/lib/api/sandbox-family-contract.test.ts,2138,7232c8cf4458e1afa7cff4a6199c171c5eb2b520538ae6440800dd70764a1642,patient_web+tests,SOURCE_PRESENT_NOT_SEMANTICALLY_OR_RUNTIME_VERIFIED
patient-web/lib/api/sandbox-home-care-contract.test.ts,2981,2cf053e36b88995e473b6835088071d394c76b520b8a1fd9c24bf488ba750996,patient_web+tests,SOURCE_PRESENT_NOT_SEMANTICALLY_OR_RUNTIME_VERIFIED
patient-web/lib/api/sandbox-medicines-contract.test.ts,1760,2a0911d8fd9e57cea3cac42597dc78b36385eac01601e4170ad2bcecdcc9ba7a,patient_web+tests,SOURCE_PRESENT_NOT_SEMANTICALLY_OR_RUNTIME_VERIFIED
patient-web/lib/api/sandbox-notifications-contract.test.ts,2465,ff89791efd818ae95e2dbb502733ba4d597adc2a8dc3b847561d2db11608deb0,patient_web+tests,SOURCE_PRESENT_NOT_SEMANTICALLY_OR_RUNTIME_VERIFIED
patient-web/lib/api/sandbox-order-ownership.test.ts,2003,cba04d959851ee0f1a632c349579e4b2722cc1f3137dc6ab9d1038a38554750f,patient_web+tests,SOURCE_PRESENT_NOT_SEMANTICALLY_OR_RUNTIME_VERIFIED
patient-web/lib/api/sandbox-prescriptions-contract.test.ts,2189,9d69aac27c04a6d1d97a1b0d149b7f541a1cd68e5bd0e4a51beec3c206a9de12,patient_web+tests,SOURCE_PRESENT_NOT_SEMANTICALLY_OR_RUNTIME_VERIFIED
patient-web/lib/api/sandbox-profile-contracts.test.ts,5449,c469825873dfb495438883b3bf44c0b0574e994065b6c65af9262f4ffdb3376c,patient_web+tests,SOURCE_PRESENT_NOT_SEMANTICALLY_OR_RUNTIME_VERIFIED
patient-web/lib/api/sandbox-reminders-contract.test.ts,2195,a563c053ffbcfa5a0b7acf165237c0033dbf5b0d4038a64498b3a507c1eb9fba,patient_web+tests,SOURCE_PRESENT_NOT_SEMANTICALLY_OR_RUNTIME_VERIFIED
patient-web/lib/api/sandbox-secrets.test.ts,1403,195cbc31eaa16f3e8d11a0bc13cd379e4e59479e40e97ed4e4fd839ee6929138,patient_web+tests,SOURCE_PRESENT_NOT_SEMANTICALLY_OR_RUNTIME_VERIFIED
patient-web/lib/api/sandbox-specialty-provider-count.test.ts,2634,a9115c0d68b5e10f0eac2545388cabf46f04fd30bd38bb03e17ef40808e60241,patient_web+tests,SOURCE_PRESENT_NOT_SEMANTICALLY_OR_RUNTIME_VERIFIED
patient-web/lib/api/sandbox-vitals-contract.test.ts,2184,4c69f011ffa653580a9d416e2fe36c3f6e775df02c39ccc483b7e5acb37e68ac,patient_web+tests,SOURCE_PRESENT_NOT_SEMANTICALLY_OR_RUNTIME_VERIFIED
patient-web/lib/api/settings-server.ts,583,55c43e803d5ba82591e9c8bc62e76248acfa2be0c56cead203368bb070978a96,patient_web,SOURCE_PRESENT_NOT_SEMANTICALLY_OR_RUNTIME_VERIFIED
patient-web/lib/api/settings.test.ts,1160,49d74405969cb4dfee9156a5fb1f3197ae3e53c6078134d9a7d458927fb28f95,patient_web+tests,SOURCE_PRESENT_NOT_SEMANTICALLY_OR_RUNTIME_VERIFIED
patient-web/lib/api/settings.ts,2859,54db00e7c52912085ad99384b44c85336a2ed4f1ea4800da12fd6d2773cc00ff,patient_web,SOURCE_PRESENT_NOT_SEMANTICALLY_OR_RUNTIME_VERIFIED
patient-web/lib/api/sleep-server.ts,179,29b55d6c295d0896f7f1c997b451fe7b8de9ea2c27cfdbe96a807eec46442466,patient_web,SOURCE_PRESENT_NOT_SEMANTICALLY_OR_RUNTIME_VERIFIED
patient-web/lib/api/sleep.test.ts,535,b0b9c50b7a301edfa695d046d77a55772b0c8c381d0e82c1d03f71e8205e4c0f,patient_web+tests,SOURCE_PRESENT_NOT_SEMANTICALLY_OR_RUNTIME_VERIFIED
patient-web/lib/api/sleep.ts,981,0d9b9d778c605a3b9917f335289c3159da2dad5d3f2dd20eb50e497b7b15ea78,patient_web,SOURCE_PRESENT_NOT_SEMANTICALLY_OR_RUNTIME_VERIFIED
patient-web/lib/api/specialties-server.test.ts,888,307c981e4d83699e47616fb777d28342819668c4390ac4cea365657b7dc4b785,patient_web+tests,SOURCE_PRESENT_NOT_SEMANTICALLY_OR_RUNTIME_VERIFIED
patient-web/lib/api/specialties-server.ts,561,89f7fce8f79f5d12e9adaab720556617c51a8dd11e6ecbb63839ef53cb825dc3,patient_web,SOURCE_PRESENT_NOT_SEMANTICALLY_OR_RUNTIME_VERIFIED
patient-web/lib/api/specialties.test.ts,719,8522605874a489096f141f1db84632f3830de57ac335cbbfc36a610f7ebcdc47,patient_web+tests,SOURCE_PRESENT_NOT_SEMANTICALLY_OR_RUNTIME_VERIFIED
patient-web/lib/api/specialties.ts,1371,124c9d429d39fd26a73dbf9d7b8ae679edb7bf9eb03fea03be602479ce08630d,patient_web,SOURCE_PRESENT_NOT_SEMANTICALLY_OR_RUNTIME_VERIFIED
patient-web/lib/api/trends-server.ts,169,6f319c1cdf22e91f57be18d7fbddea3ee99e9a49f244240aef8af3fa6f4c45a3,patient_web,SOURCE_PRESENT_NOT_SEMANTICALLY_OR_RUNTIME_VERIFIED
patient-web/lib/api/trends.test.ts,631,47471d2e5aa68005ff449ee41fdea34c858b62e8e2a84cad2f4362f1c98802a1,patient_web+tests,SOURCE_PRESENT_NOT_SEMANTICALLY_OR_RUNTIME_VERIFIED
patient-web/lib/api/trends.ts,1043,2fa04656b888863a603e203e087e40d6b3e6bbee7f99028fa76562827186c650,patient_web,SOURCE_PRESENT_NOT_SEMANTICALLY_OR_RUNTIME_VERIFIED
patient-web/lib/api/upstream.test.ts,853,ca39563a2bbc3075af1462b470b4f6bcd72ba9ce494113492d4042e3d75c3467,patient_web+tests,SOURCE_PRESENT_NOT_SEMANTICALLY_OR_RUNTIME_VERIFIED
patient-web/lib/api/upstream.ts,750,d0eb1da677b41af8d1a1edce71aea1cb312a2bc95ef58cb037e5fd2cf7a01f7f,patient_web,SOURCE_PRESENT_NOT_SEMANTICALLY_OR_RUNTIME_VERIFIED
patient-web/lib/api/vitals-history.test.ts,485,49866aed5c8b5426d429bdf462d1a47de3f3e1a4c7f752ba79ded60f4dd36f2f,patient_web+tests,SOURCE_PRESENT_NOT_SEMANTICALLY_OR_RUNTIME_VERIFIED
patient-web/lib/api/vitals-server.test.ts,652,6c45b68c73ccd15e42e8cff817b090c719cf2b9549d56595e98c335f703799ac,patient_web+tests,SOURCE_PRESENT_NOT_SEMANTICALLY_OR_RUNTIME_VERIFIED
patient-web/lib/api/vitals-server.ts,648,a3995d28e02a178f91fa618dc7a507d4bcba2a79aaba30707e6acffce34ccb6b,patient_web,SOURCE_PRESENT_NOT_SEMANTICALLY_OR_RUNTIME_VERIFIED
patient-web/lib/api/vitals.test.ts,700,4e61723f8a5e9f3e969652d72e49b54680ca30456af37b524bc8d21cb5680149,patient_web+tests,SOURCE_PRESENT_NOT_SEMANTICALLY_OR_RUNTIME_VERIFIED
patient-web/lib/api/vitals.ts,2052,da5cbf0d2d65cd9c481891e55f5d6b47c002e7aadb19f4c5906a3cb1e3ccedf5,patient_web,SOURCE_PRESENT_NOT_SEMANTICALLY_OR_RUNTIME_VERIFIED
patient-web/lib/api/wishlist-server.test.ts,594,93064dee0bf94e2cf9aa804e680aba40f960b2d2c647792d1beeb0e0a9269551,patient_web+tests,SOURCE_PRESENT_NOT_SEMANTICALLY_OR_RUNTIME_VERIFIED
patient-web/lib/api/wishlist-server.ts,178,5ae0c91c385b6c6e34c7a0a61e9b31d7e273cd62f35ee0587695f1ca5705735a,patient_web,SOURCE_PRESENT_NOT_SEMANTICALLY_OR_RUNTIME_VERIFIED
patient-web/lib/api/wishlist.test.ts,668,bf4d69a8584da4481d612d5fbe46445f626b1d6c9ad6aca111e43d38aa087f3d,patient_web+tests,SOURCE_PRESENT_NOT_SEMANTICALLY_OR_RUNTIME_VERIFIED
patient-web/lib/api/wishlist.ts,1787,13ff5c5e7522a552d14d8fcd7e2a510c7ec80447f3886e89ee51feb4e684fb05,patient_web,SOURCE_PRESENT_NOT_SEMANTICALLY_OR_RUNTIME_VERIFIED
patient-web/lib/auth/cookies.ts,957,e88ca88ece7f0cadbaaf4ee343a5f7d171304e70f0321da3815667dc53d36490,patient_web,SOURCE_PRESENT_NOT_SEMANTICALLY_OR_RUNTIME_VERIFIED
patient-web/lib/auth/refresh.test.ts,586,d6957133b2952afb80724357b44aad5a734752a1b24eb420d5e27c19c6f778d1,patient_web+tests,SOURCE_PRESENT_NOT_SEMANTICALLY_OR_RUNTIME_VERIFIED
patient-web/lib/auth/refresh.ts,408,5b78d1fbab647fd5c0f4f891935e6c898591420df35e9c1774983a75791b326a,patient_web,SOURCE_PRESENT_NOT_SEMANTICALLY_OR_RUNTIME_VERIFIED
patient-web/lib/auth/session.ts,341,dc31f542f08afcfd02502b42dcbef94cc546d59438cef3fe1bcbc30bf602baf2,patient_web,SOURCE_PRESENT_NOT_SEMANTICALLY_OR_RUNTIME_VERIFIED
patient-web/lib/i18n.test.ts,883,1a7d7dd1aeb82bbebcc8ff8d6f83c7abb4def878df35db967fac13c637bc6a08,patient_web+tests,SOURCE_PRESENT_NOT_SEMANTICALLY_OR_RUNTIME_VERIFIED
patient-web/lib/i18n.ts,519,b5f96db475e31818bbf432abd040aa4529cf056687632819c40724005501228a,patient_web,SOURCE_PRESENT_NOT_SEMANTICALLY_OR_RUNTIME_VERIFIED
patient-web/lib/i18n/global-notfound.ts,271,e484e9ce6ac8d65dacc6cc74533aec9b4d96485d60de0012d9ecc4d85efa80a1,patient_web,SOURCE_PRESENT_NOT_SEMANTICALLY_OR_RUNTIME_VERIFIED
patient-web/lib/i18n/messages.test.ts,2968,e31936d2394acb1410209eabc1026b9633ce819653a946b1989d0bb06f6a7051,patient_web+tests,SOURCE_PRESENT_NOT_SEMANTICALLY_OR_RUNTIME_VERIFIED
patient-web/lib/seo.ts,352,a69b257ffd5c6cf0770e4732e32fc3f92ca481e38523a57aa49c20e9d3886d87,patient_web,SOURCE_PRESENT_NOT_SEMANTICALLY_OR_RUNTIME_VERIFIED
patient-web/messages/ar.json,48664,3d80b81e44f9b506dbd47eb62d703357f06b880ee5a638f3a8748f5ec6db6bc8,patient_web,SOURCE_PRESENT_NOT_SEMANTICALLY_OR_RUNTIME_VERIFIED
patient-web/messages/bn.json,66214,70c695a1a711d22e51b4fb888f3ae05290274e4ab8d9195dddb3f74a233f496e,patient_web,SOURCE_PRESENT_NOT_SEMANTICALLY_OR_RUNTIME_VERIFIED
patient-web/messages/en.json,37498,08114eae33752a26916c3ab37733f38ff5295fd8377692fee399dc2d598f00be,patient_web,SOURCE_PRESENT_NOT_SEMANTICALLY_OR_RUNTIME_VERIFIED
patient-web/messages/fil.json,40411,053782b69fa023191b406c490331a45fc09d5cafeafb5a8e5d7ecb01fa1378a3,patient_web,SOURCE_PRESENT_NOT_SEMANTICALLY_OR_RUNTIME_VERIFIED
patient-web/messages/hi.json,64795,c74399e4b16164e8a637f77ca99aa9e1f02d5e637a4230dd3b139978e49e599d,patient_web,SOURCE_PRESENT_NOT_SEMANTICALLY_OR_RUNTIME_VERIFIED
patient-web/messages/ur.json,49918,9879f69c64b61d14cfe2f8678caeeaa35bfa4ba61c9dd083a456de0aff1f92b4,patient_web,SOURCE_PRESENT_NOT_SEMANTICALLY_OR_RUNTIME_VERIFIED
patient-web/next-env.d.ts,288,1862ac4bbbc5192d4bf562161df66ea547ed3e67173100656ab606ae9797db2b,patient_web,SOURCE_PRESENT_NOT_SEMANTICALLY_OR_RUNTIME_VERIFIED
patient-web/next.config.ts,1131,486ee48576c4a8e4c4a94d1095b8b5a92feb82c666d65fededbd599eadb0f32c,patient_web,SOURCE_PRESENT_NOT_SEMANTICALLY_OR_RUNTIME_VERIFIED
patient-web/package.json,3869,7f4bb4ef0debfcc128317d8dd3a9e62127e915c103b5254219992515e044e1b0,patient_web,SOURCE_PRESENT_NOT_SEMANTICALLY_OR_RUNTIME_VERIFIED
patient-web/pnpm-lock.yaml,243545,07c7468dff0ed0c414b0ea886e06213d545071bb66a69de827b1c54c9123f73b,patient_web,SOURCE_PRESENT_NOT_SEMANTICALLY_OR_RUNTIME_VERIFIED
patient-web/proxy.ts,2837,27eb10e339d699293dfbeb6ab19fc006595b4c8ea319a491d6ad9f321fa217ed,patient_web,SOURCE_PRESENT_NOT_SEMANTICALLY_OR_RUNTIME_VERIFIED
patient-web/public/sw.js,1253,a880b0fdfa1f475bf8689ec5b074f6139aff494db2bcb32f8715dc06602bdaa7,patient_web,SOURCE_PRESENT_NOT_SEMANTICALLY_OR_RUNTIME_VERIFIED
patient-web/scripts/run-sandbox-contracts.sh,1336,4538c535459412d8d29c7e8a6d8876ce3785cdb2db5cd728c058fee64e8ee72e,patient_web,SOURCE_PRESENT_NOT_SEMANTICALLY_OR_RUNTIME_VERIFIED
patient-web/scripts/verify-core-routes.sh,1415,cf688c734e10a48a8bcd608d4fcbc0661ac5fa4d9ea58ba9e38c657f4ea56fbe,patient_web,SOURCE_PRESENT_NOT_SEMANTICALLY_OR_RUNTIME_VERIFIED
patient-web/scripts/verify-sandbox-web-appointments.sh,1228,b62c8e3cfa372c903ff2fba66fe933d534d28b2c2bdc7ff364c7137d4b8b7c2b,patient_web,SOURCE_PRESENT_NOT_SEMANTICALLY_OR_RUNTIME_VERIFIED
patient-web/scripts/verify-sandbox-web-chat.sh,926,b5ae347d6af758a640b2a32f84959a610dc186f01a8fefecf6c351844ae835d6,patient_web,SOURCE_PRESENT_NOT_SEMANTICALLY_OR_RUNTIME_VERIFIED
patient-web/scripts/verify-sandbox-web-diagnostics.sh,1744,b7c3177f1c8ae6c07ef82cfcc5260bd2dfd6186a6050dd70de4cc69dff14fd5d,patient_web,SOURCE_PRESENT_NOT_SEMANTICALLY_OR_RUNTIME_VERIFIED
patient-web/scripts/verify-sandbox-web-family.sh,957,b1f6bc1c0f462ba811eb0acfb0b09023a59195e5d1fda772ea7c1892212cec85,patient_web,SOURCE_PRESENT_NOT_SEMANTICALLY_OR_RUNTIME_VERIFIED
patient-web/scripts/verify-sandbox-web-home-care.sh,966,3b6411a3097141dd6ad544033db83f7a03aae3e2dc0794a06a511c2954b75232,patient_web,SOURCE_PRESENT_NOT_SEMANTICALLY_OR_RUNTIME_VERIFIED
patient-web/scripts/verify-sandbox-web-medicines.sh,1934,6611380c16463900241eefd78c5e195e4718873095d01a7f8c7812836e2738b3,patient_web,SOURCE_PRESENT_NOT_SEMANTICALLY_OR_RUNTIME_VERIFIED
patient-web/scripts/verify-sandbox-web-notifications.sh,953,268230c77a21e70eb60438efe27cd76780853ecaf7434206b5c23713daa7344d,patient_web,SOURCE_PRESENT_NOT_SEMANTICALLY_OR_RUNTIME_VERIFIED
patient-web/scripts/verify-sandbox-web-order.sh,1823,772da7022b3b430db8c797bae20fba3b21fa1ac70816ba57862ab47c1e27bb00,patient_web,SOURCE_PRESENT_NOT_SEMANTICALLY_OR_RUNTIME_VERIFIED
patient-web/scripts/verify-sandbox-web-prescriptions.sh,967,2fc98d551f2a8323944f004e710ce4ec0dfad208c4eb2c0fdfbedcb8de626806,patient_web,SOURCE_PRESENT_NOT_SEMANTICALLY_OR_RUNTIME_VERIFIED
patient-web/scripts/verify-sandbox-web-profile.sh,2283,e6038de61cc9b4935fecf48c250c228e84d60dfbe03761dfbabc199c58717f0a,patient_web,SOURCE_PRESENT_NOT_SEMANTICALLY_OR_RUNTIME_VERIFIED
patient-web/scripts/verify-sandbox-web-reminders.sh,949,8f082b38850b70000172b910278d91b688962ef001b5386d7626a298a9ab5183,patient_web,SOURCE_PRESENT_NOT_SEMANTICALLY_OR_RUNTIME_VERIFIED
patient-web/scripts/verify-sandbox-web-vitals.sh,929,c77f513028c476d7de672fd55e74d584e720e18e627e962b657470c4af13c758,patient_web,SOURCE_PRESENT_NOT_SEMANTICALLY_OR_RUNTIME_VERIFIED
patient-web/template.json,15359,850fbd4ca13a5636867453db0dc99fc5f722953b37a9c3f5ee4c2d7ff1781736,patient_web,SOURCE_PRESENT_NOT_SEMANTICALLY_OR_RUNTIME_VERIFIED
patient-web/tests/appointments-design.test.ts,780,c41fc531ae1559aa77facfef426cacfd7c752e431a358094c07bafc602b04e79,patient_web+tests,SOURCE_PRESENT_NOT_SEMANTICALLY_OR_RUNTIME_VERIFIED
patient-web/tests/articles-design.test.ts,1135,c70dfe0960e5d9e13d8ebcefe49ef6ad9de4fb894b67bf27ea086466dcfb5c32,patient_web+tests,SOURCE_PRESENT_NOT_SEMANTICALLY_OR_RUNTIME_VERIFIED
patient-web/tests/care-detail-design.test.ts,1023,e06b8efe47f54d90ce1bf33f39b3fe77e6a60fd107dad2fba1f787538e508722,patient_web+tests,SOURCE_PRESENT_NOT_SEMANTICALLY_OR_RUNTIME_VERIFIED
patient-web/tests/design-system.test.ts,847,4ddde8b640117c49ff2624750b97e0a327377487366bfbca3b3dd10e62704991,patient_web+tests,SOURCE_PRESENT_NOT_SEMANTICALLY_OR_RUNTIME_VERIFIED
patient-web/tests/diagnostics-design.test.ts,796,a4c6a706459cedb3375c3e4c43ee16b3e04a31ca49d7eb0ee5e01acdad947d10,patient_web+tests,SOURCE_PRESENT_NOT_SEMANTICALLY_OR_RUNTIME_VERIFIED
patient-web/tests/family-design.test.ts,763,868531a6b2154d9f24a6fb2e28f45c2f19c3ef7337c3e946f79527138d18e16f,patient_web+tests,SOURCE_PRESENT_NOT_SEMANTICALLY_OR_RUNTIME_VERIFIED
patient-web/tests/health-design.test.ts,780,269df5d85ea939b59a596cf8980280d55b055a9a4e856473e4cda3a9f1c28358,patient_web+tests,SOURCE_PRESENT_NOT_SEMANTICALLY_OR_RUNTIME_VERIFIED
patient-web/tests/home-care-design.test.ts,768,599f148589a01cd616412f19656e18cd685f0241161d7cfc0f02722830c31593,patient_web+tests,SOURCE_PRESENT_NOT_SEMANTICALLY_OR_RUNTIME_VERIFIED
patient-web/tests/insurance-design.test.ts,740,194439ef0ee2084b8081c990d3560b9f5f1842808f0b973e4c33cc6eaa80c8d9,patient_web+tests,SOURCE_PRESENT_NOT_SEMANTICALLY_OR_RUNTIME_VERIFIED
patient-web/tests/login-design.test.ts,937,aaf9250d172c8afdad43f8b1f8e687c0c6d79213a869042a59e0dcc7d6fd4265,patient_web+tests,SOURCE_PRESENT_NOT_SEMANTICALLY_OR_RUNTIME_VERIFIED
patient-web/tests/login-form.test.tsx,1231,3882bb79f2bfb6bd513a344792e0fd00fbb2d61d0c86adc1d335bbbd516ed7aa,patient_web+tests,SOURCE_PRESENT_NOT_SEMANTICALLY_OR_RUNTIME_VERIFIED
patient-web/tests/medicine-catalog-design.test.ts,801,4484abfff06adb18ccfa4968cf1bdb42b5f3649bd5a3b8f87903ed8b363158d9,patient_web+tests,SOURCE_PRESENT_NOT_SEMANTICALLY_OR_RUNTIME_VERIFIED
patient-web/tests/medicine-detail-design.test.ts,821,8c05fd0537a4bc200df1233e46080195fe82129bdedd41914007a2406623fccc,patient_web+tests,SOURCE_PRESENT_NOT_SEMANTICALLY_OR_RUNTIME_VERIFIED
patient-web/tests/mental-health-design.test.ts,790,5a45473dad9c99cf9d3f6ba61cfc4327601ac52bc331cb2e0a494f99fc6d07a7,patient_web+tests,SOURCE_PRESENT_NOT_SEMANTICALLY_OR_RUNTIME_VERIFIED
patient-web/tests/notification-settings-design.test.ts,715,366d4be884acb3921b4557fe7a6d08895625793815625650a3e93664cbbf8a43,patient_web+tests,SOURCE_PRESENT_NOT_SEMANTICALLY_OR_RUNTIME_VERIFIED
patient-web/tests/notifications-design.test.ts,898,f92c490e4f313bde1c6e3e550665e79e5bfcc9f79a6bb998a2951fbb3fcd261d,patient_web+tests,SOURCE_PRESENT_NOT_SEMANTICALLY_OR_RUNTIME_VERIFIED
patient-web/tests/order-detail-design.test.ts,795,262a99be5352b4ece2db38785e26885572e0bc4c6372099429e4eb0985d16838,patient_web+tests,SOURCE_PRESENT_NOT_SEMANTICALLY_OR_RUNTIME_VERIFIED
patient-web/tests/orders-design.test.ts,744,fb298bdeee581cb6ebe61b7d45ecb8ade29e0efd353cd2d0a0194013a40b53cd,patient_web+tests,SOURCE_PRESENT_NOT_SEMANTICALLY_OR_RUNTIME_VERIFIED
patient-web/tests/premium-brand.test.ts,1300,607e159eec122cb6d48a22267cd7716a151e1dc3b92d6f2efe4a4eb3bbd5bf2f,patient_web+tests,SOURCE_PRESENT_NOT_SEMANTICALLY_OR_RUNTIME_VERIFIED
patient-web/tests/premium-motion.test.ts,1591,7beb89341dfa18f5f8d563934bfbb17cf6196ff663eef9070045bdf76d057819,patient_web+tests,SOURCE_PRESENT_NOT_SEMANTICALLY_OR_RUNTIME_VERIFIED
patient-web/tests/prescriptions-design.test.ts,773,67fc0680752ed11a4fe5febe04ef72e262fea284ed8ab1cdd2d35d8c3d738609,patient_web+tests,SOURCE_PRESENT_NOT_SEMANTICALLY_OR_RUNTIME_VERIFIED
patient-web/tests/profile-design.test.ts,771,76f1ea0579b298c84ecab6df88b5ac7b9784010138999cf02c94f24623acf345,patient_web+tests,SOURCE_PRESENT_NOT_SEMANTICALLY_OR_RUNTIME_VERIFIED
patient-web/tests/proxy.test.ts,1951,e3c90e57b8636a4c4d606524afd4113a1c3558a5d749037abd13a258021fba38,patient_web+tests,SOURCE_PRESENT_NOT_SEMANTICALLY_OR_RUNTIME_VERIFIED
patient-web/tests/reminders-design.test.ts,774,3ac17862accd6040ee9f37f8c50e08e207c5bcb4eb5e4ce89a44bb5b6ba0a5d0,patient_web+tests,SOURCE_PRESENT_NOT_SEMANTICALLY_OR_RUNTIME_VERIFIED
patient-web/tests/settings-design.test.ts,997,2b7eb2ef1d7fbe697330790ecd30472b9f7074e73900fab70656ad3a58240d4a,patient_web+tests,SOURCE_PRESENT_NOT_SEMANTICALLY_OR_RUNTIME_VERIFIED
patient-web/tests/translation-key-parity.test.ts,1161,b8224dd4da70ac04aac0e4b00bcc0b97854cd8191ccf3b7147668e8ba744d234,patient_web+tests,SOURCE_PRESENT_NOT_SEMANTICALLY_OR_RUNTIME_VERIFIED
patient-web/tsconfig.json,1085,58fa60897c1885d208bb750587cbbdc8a0cf617a5c1973a52dd76a51e96c6bb1,patient_web,SOURCE_PRESENT_NOT_SEMANTICALLY_OR_RUNTIME_VERIFIED
patient-web/vite.config.ts,5765,1b4f11ec05e426ffb9b020cf18ed5bb979b7f042ad43bfd5d9043b569843afab,patient_web,SOURCE_PRESENT_NOT_SEMANTICALLY_OR_RUNTIME_VERIFIED
patient-web/vitest.config.ts,739,122138b5ac4a9dc759403a3146fce8c6074776602c9fc3439f8d9f3803828956,patient_web,SOURCE_PRESENT_NOT_SEMANTICALLY_OR_RUNTIME_VERIFIED
