path,group,comparison_status,main_kind,workstation_kind,static_boundary
.github/workflows/ci.yml,delivery_ops,WORKSTATION_ONLY,,blob,"Path/blob comparison only; it does not prove functional equivalence, security, or runtime behavior."
.gitignore,root_or_other,DIFFERENT_BLOB,blob,blob,"Path/blob comparison only; it does not prove functional equivalence, security, or runtime behavior."
ADMIN_ENTERPRISE_PLAN.md,root_or_other,WORKSTATION_ONLY,,blob,"Path/blob comparison only; it does not prove functional equivalence, security, or runtime behavior."
DECISIONS_LOCKED.md,root_or_other,WORKSTATION_ONLY,,blob,"Path/blob comparison only; it does not prove functional equivalence, security, or runtime behavior."
HANDOFF.md,root_or_other,WORKSTATION_ONLY,,blob,"Path/blob comparison only; it does not prove functional equivalence, security, or runtime behavior."
NABDAH_PROJECT_REFERENCE.md,root_or_other,MAIN_ONLY,blob,,"Path/blob comparison only; it does not prove functional equivalence, security, or runtime behavior."
NabdProvider-provider.zip,root_or_other,MAIN_ONLY,blob,,"Path/blob comparison only; it does not prove functional equivalence, security, or runtime behavior."
PROVIDER_PRODUCTION_PLAN.md,root_or_other,WORKSTATION_ONLY,,blob,"Path/blob comparison only; it does not prove functional equivalence, security, or runtime behavior."
README.md,root_or_other,WORKSTATION_ONLY,,blob,"Path/blob comparison only; it does not prove functional equivalence, security, or runtime behavior."
REVIEW_VERDICT.md,root_or_other,WORKSTATION_ONLY,,blob,"Path/blob comparison only; it does not prove functional equivalence, security, or runtime behavior."
REVIEW_VERDICT_ADMIN.md,root_or_other,WORKSTATION_ONLY,,blob,"Path/blob comparison only; it does not prove functional equivalence, security, or runtime behavior."
SESSION_KICKOFF_MESSAGES.md,root_or_other,WORKSTATION_ONLY,,blob,"Path/blob comparison only; it does not prove functional equivalence, security, or runtime behavior."
audit-artifacts/ADMIN_DISPUTES_SOURCE_SCOPE_BLOCKER_20260818.md,root_or_other,MAIN_ONLY,blob,,"Path/blob comparison only; it does not prove functional equivalence, security, or runtime behavior."
audit-artifacts/ADMIN_QA_ROUTE_BUTTON_INVENTORY_20260818.txt,root_or_other,MAIN_ONLY,blob,,"Path/blob comparison only; it does not prove functional equivalence, security, or runtime behavior."
audit-artifacts/ADMIN_SOURCE_INVENTORY_20260818.txt,root_or_other,MAIN_ONLY,blob,,"Path/blob comparison only; it does not prove functional equivalence, security, or runtime behavior."
audit-artifacts/AUDIT_REPORT_BUILD_GATE_20260818.md,root_or_other,MAIN_ONLY,blob,,"Path/blob comparison only; it does not prove functional equivalence, security, or runtime behavior."
audit-artifacts/AUTHORITATIVE_SOURCE_HASH_SNAPSHOT_20260818.txt,root_or_other,MAIN_ONLY,blob,,"Path/blob comparison only; it does not prove functional equivalence, security, or runtime behavior."
audit-artifacts/AUTHORITATIVE_SOURCE_REGISTER_20260818.md,root_or_other,MAIN_ONLY,blob,,"Path/blob comparison only; it does not prove functional equivalence, security, or runtime behavior."
audit-artifacts/COMMUNICATIONS_IMPLEMENTATION_VERIFICATION_20260817.md,root_or_other,MAIN_ONLY,blob,,"Path/blob comparison only; it does not prove functional equivalence, security, or runtime behavior."
audit-artifacts/COMMUNICATIONS_SOURCE_TRACE_20260817.txt,root_or_other,MAIN_ONLY,blob,,"Path/blob comparison only; it does not prove functional equivalence, security, or runtime behavior."
audit-artifacts/COMPREHENSIVE_SERVICE_SCENARIO_MATRIX_20260818.md,root_or_other,MAIN_ONLY,blob,,"Path/blob comparison only; it does not prove functional equivalence, security, or runtime behavior."
audit-artifacts/CONSENT_CONTRACT_REVIEW_DRAFT_20260817.md,root_or_other,MAIN_ONLY,blob,,"Path/blob comparison only; it does not prove functional equivalence, security, or runtime behavior."
audit-artifacts/CONSULTATION_BACKEND_APP_CONTRACT_MAP_20260818.txt,root_or_other,MAIN_ONLY,blob,,"Path/blob comparison only; it does not prove functional equivalence, security, or runtime behavior."
audit-artifacts/DEPLOYMENT_AND_POST_DEPLOY_GATE_20260818.md,root_or_other,MAIN_ONLY,blob,,"Path/blob comparison only; it does not prove functional equivalence, security, or runtime behavior."
audit-artifacts/DEVICE_AUTOMATED_BUILD_RESULTS_20260817.md,root_or_other,MAIN_ONLY,blob,,"Path/blob comparison only; it does not prove functional equivalence, security, or runtime behavior."
audit-artifacts/DEVICE_FARM_BLOCKER_20260817.md,root_or_other,MAIN_ONLY,blob,,"Path/blob comparison only; it does not prove functional equivalence, security, or runtime behavior."
audit-artifacts/DEVICE_NabdProvider-android-build.out,root_or_other,MAIN_ONLY,blob,,"Path/blob comparison only; it does not prove functional equivalence, security, or runtime behavior."
audit-artifacts/DEVICE_NabdProvider-eas-build.out,root_or_other,MAIN_ONLY,blob,,"Path/blob comparison only; it does not prove functional equivalence, security, or runtime behavior."
audit-artifacts/DEVICE_NabdProvider-expo-config.json,root_or_other,MAIN_ONLY,blob,,"Path/blob comparison only; it does not prove functional equivalence, security, or runtime behavior."
audit-artifacts/DEVICE_NabdProvider-prebuild.out,root_or_other,MAIN_ONLY,blob,,"Path/blob comparison only; it does not prove functional equivalence, security, or runtime behavior."
audit-artifacts/DEVICE_NabdProvider-web-export.out,root_or_other,MAIN_ONLY,blob,,"Path/blob comparison only; it does not prove functional equivalence, security, or runtime behavior."
audit-artifacts/DEVICE_READINESS_REPORT_20260817.md,root_or_other,MAIN_ONLY,blob,,"Path/blob comparison only; it does not prove functional equivalence, security, or runtime behavior."
audit-artifacts/DEVICE_SCREEN_ROUTE_INVENTORY_20260817.md,root_or_other,MAIN_ONLY,blob,,"Path/blob comparison only; it does not prove functional equivalence, security, or runtime behavior."
audit-artifacts/DEVICE_VALIDATION_INVENTORY_20260817.md,root_or_other,MAIN_ONLY,blob,,"Path/blob comparison only; it does not prove functional equivalence, security, or runtime behavior."
audit-artifacts/DEVICE_nabd_plus-android-build.out,root_or_other,MAIN_ONLY,blob,,"Path/blob comparison only; it does not prove functional equivalence, security, or runtime behavior."
audit-artifacts/DEVICE_nabd_plus-eas-build.out,root_or_other,MAIN_ONLY,blob,,"Path/blob comparison only; it does not prove functional equivalence, security, or runtime behavior."
audit-artifacts/DEVICE_nabd_plus-expo-config.json,root_or_other,MAIN_ONLY,blob,,"Path/blob comparison only; it does not prove functional equivalence, security, or runtime behavior."
audit-artifacts/DEVICE_nabd_plus-prebuild.out,root_or_other,MAIN_ONLY,blob,,"Path/blob comparison only; it does not prove functional equivalence, security, or runtime behavior."
audit-artifacts/DEVICE_nabd_plus-web-export.out,root_or_other,MAIN_ONLY,blob,,"Path/blob comparison only; it does not prove functional equivalence, security, or runtime behavior."
audit-artifacts/EMERGENCY_LOCATION_POLICY_REVIEW_DRAFT_20260817.md,root_or_other,MAIN_ONLY,blob,,"Path/blob comparison only; it does not prove functional equivalence, security, or runtime behavior."
audit-artifacts/ERROR_CODE_REGISTRY_REVIEW_DRAFT_20260817.md,root_or_other,MAIN_ONLY,blob,,"Path/blob comparison only; it does not prove functional equivalence, security, or runtime behavior."
audit-artifacts/EXECUTION_COMPLETION_MATRIX_20260816.md,root_or_other,MAIN_ONLY,blob,,"Path/blob comparison only; it does not prove functional equivalence, security, or runtime behavior."
audit-artifacts/FULL_CLOSURE_BASELINE_20260818.md,root_or_other,MAIN_ONLY,blob,,"Path/blob comparison only; it does not prove functional equivalence, security, or runtime behavior."
audit-artifacts/FULL_E2E_BACKEND_ROUTE_CONTRACTS_20260817.md,root_or_other,MAIN_ONLY,blob,,"Path/blob comparison only; it does not prove functional equivalence, security, or runtime behavior."
audit-artifacts/FULL_PLAN_RECONCILIATION_WORKING_NOTES_20260817.md,root_or_other,MAIN_ONLY,blob,,"Path/blob comparison only; it does not prove functional equivalence, security, or runtime behavior."
audit-artifacts/FULL_PRODUCTION_E2E_TRACEABILITY_20260817.md,root_or_other,MAIN_ONLY,blob,,"Path/blob comparison only; it does not prove functional equivalence, security, or runtime behavior."
audit-artifacts/FULL_SYSTEMATIC_QA_EXECUTION_REGISTER_20260818.md,root_or_other,MAIN_ONLY,blob,,"Path/blob comparison only; it does not prove functional equivalence, security, or runtime behavior."
audit-artifacts/FULL_SYSTEMATIC_QA_FINAL_REPORT_20260818.md,root_or_other,MAIN_ONLY,blob,,"Path/blob comparison only; it does not prove functional equivalence, security, or runtime behavior."
audit-artifacts/INSURANCE_NETWORK_PROVENANCE_AUDIT_20260820.md,root_or_other,MAIN_ONLY,blob,,"Path/blob comparison only; it does not prove functional equivalence, security, or runtime behavior."
audit-artifacts/INSURANCE_OFFICIAL_SOURCE_FINDINGS_20260820.md,root_or_other,MAIN_ONLY,blob,,"Path/blob comparison only; it does not prove functional equivalence, security, or runtime behavior."
audit-artifacts/LABS_ENGINE_LEGACY_AUTH_DRIFT_20260818.md,root_or_other,MAIN_ONLY,blob,,"Path/blob comparison only; it does not prove functional equivalence, security, or runtime behavior."
audit-artifacts/LAB_CONTRACT_RECONCILIATION_BLOCKER_20260818.md,root_or_other,MAIN_ONLY,blob,,"Path/blob comparison only; it does not prove functional equivalence, security, or runtime behavior."
audit-artifacts/LAB_INBOX_ELIGIBILITY_SUMMARY_20260818.json,root_or_other,MAIN_ONLY,blob,,"Path/blob comparison only; it does not prove functional equivalence, security, or runtime behavior."
audit-artifacts/NABDAH_ACTUAL_API_CALLS_20260818.tsv,root_or_other,MAIN_ONLY,blob,,"Path/blob comparison only; it does not prove functional equivalence, security, or runtime behavior."
audit-artifacts/NABDAH_ACTUAL_API_RECONCILIATION_20260818.md,root_or_other,MAIN_ONLY,blob,,"Path/blob comparison only; it does not prove functional equivalence, security, or runtime behavior."
audit-artifacts/NABDAH_ACTUAL_API_ROUTE_MATCH_20260818.tsv,root_or_other,MAIN_ONLY,blob,,"Path/blob comparison only; it does not prove functional equivalence, security, or runtime behavior."
audit-artifacts/NABDAH_AGENT_TRANSITION_OPEN_WORK_AND_REMAINING_PHASES_20260819.md,root_or_other,MAIN_ONLY,blob,,"Path/blob comparison only; it does not prove functional equivalence, security, or runtime behavior."
audit-artifacts/NABDAH_BACKEND_COMPILED_ROUTES_20260818.tsv,root_or_other,MAIN_ONLY,blob,,"Path/blob comparison only; it does not prove functional equivalence, security, or runtime behavior."
audit-artifacts/NABDAH_BACKEND_DEPENDENCY_MIGRATION_20260819.md,root_or_other,MAIN_ONLY,blob,,"Path/blob comparison only; it does not prove functional equivalence, security, or runtime behavior."
audit-artifacts/NABDAH_BRANCH_COMPONENT_MAP_20260818.md,root_or_other,MAIN_ONLY,blob,,"Path/blob comparison only; it does not prove functional equivalence, security, or runtime behavior."
audit-artifacts/NABDAH_BRANCH_HISTORY_AND_APP_SCOPE_VERIFICATION_20260818.md,root_or_other,MAIN_ONLY,blob,,"Path/blob comparison only; it does not prove functional equivalence, security, or runtime behavior."
audit-artifacts/NABDAH_BUILD_ENVIRONMENT_GATE_20260818.md,root_or_other,MAIN_ONLY,blob,,"Path/blob comparison only; it does not prove functional equivalence, security, or runtime behavior."
audit-artifacts/NABDAH_CATALOG_GOVERNANCE_PUBLICATION_HARDENING_20260820.md,root_or_other,MAIN_ONLY,blob,,"Path/blob comparison only; it does not prove functional equivalence, security, or runtime behavior."
audit-artifacts/NABDAH_DEPENDENCY_REMEDIATION_FINAL_DOUBLE_CHECK_20260819.md,root_or_other,MAIN_ONLY,blob,,"Path/blob comparison only; it does not prove functional equivalence, security, or runtime behavior."
audit-artifacts/NABDAH_DIRECT_BACKEND_BUILD_ENV_BLOCKER_20260818.md,root_or_other,MAIN_ONLY,blob,,"Path/blob comparison only; it does not prove functional equivalence, security, or runtime behavior."
audit-artifacts/NABDAH_DIRECT_COMPONENT_INVENTORY_20260818.txt,root_or_other,MAIN_ONLY,blob,,"Path/blob comparison only; it does not prove functional equivalence, security, or runtime behavior."
audit-artifacts/NABDAH_DIRECT_SOURCE_BRANCH_EVIDENCE_20260818.md,root_or_other,MAIN_ONLY,blob,,"Path/blob comparison only; it does not prove functional equivalence, security, or runtime behavior."
audit-artifacts/NABDAH_ENDPOINT_CONTROLLER_MATCH_20260818.tsv,root_or_other,MAIN_ONLY,blob,,"Path/blob comparison only; it does not prove functional equivalence, security, or runtime behavior."
audit-artifacts/NABDAH_ENDPOINT_CONTROLLER_RECONCILIATION_20260818.md,root_or_other,MAIN_ONLY,blob,,"Path/blob comparison only; it does not prove functional equivalence, security, or runtime behavior."
audit-artifacts/NABDAH_ENDPOINT_CONTROLLER_RECONCILIATION_20260818.tsv,root_or_other,MAIN_ONLY,blob,,"Path/blob comparison only; it does not prove functional equivalence, security, or runtime behavior."
audit-artifacts/NABDAH_EXPANDED_FULL_SYSTEMATIC_QA_MATRIX_20260818.md,root_or_other,MAIN_ONLY,blob,,"Path/blob comparison only; it does not prove functional equivalence, security, or runtime behavior."
audit-artifacts/NABDAH_EXPO_MIGRATION_METHOD_20260819.md,root_or_other,MAIN_ONLY,blob,,"Path/blob comparison only; it does not prove functional equivalence, security, or runtime behavior."
audit-artifacts/NABDAH_FINAL_PHASED_EXECUTION_PLAN_20260818.md,root_or_other,MAIN_ONLY,blob,,"Path/blob comparison only; it does not prove functional equivalence, security, or runtime behavior."
audit-artifacts/NABDAH_FINAL_REMEDIATION_AND_RELEASE_READINESS_20260815.md,root_or_other,MAIN_ONLY,blob,,"Path/blob comparison only; it does not prove functional equivalence, security, or runtime behavior."
audit-artifacts/NABDAH_FULL_PLAN_STATUS_20260817.md,root_or_other,MAIN_ONLY,blob,,"Path/blob comparison only; it does not prove functional equivalence, security, or runtime behavior."
audit-artifacts/NABDAH_GATEKEEPER_REMEDIATION_REPORT_20260817.md,root_or_other,MAIN_ONLY,blob,,"Path/blob comparison only; it does not prove functional equivalence, security, or runtime behavior."
audit-artifacts/NABDAH_HARDENING_BASELINE_AND_SAFE_CHANGE_POLICY_20260820.md,root_or_other,MAIN_ONLY,blob,,"Path/blob comparison only; it does not prove functional equivalence, security, or runtime behavior."
audit-artifacts/NABDAH_LIVE_RECONCILIATION_REGISTER_20260815.md,root_or_other,MAIN_ONLY,blob,,"Path/blob comparison only; it does not prove functional equivalence, security, or runtime behavior."
audit-artifacts/NABDAH_LOCALE_AND_MONGOOSE_INDEX_HARDENING_20260820.md,root_or_other,MAIN_ONLY,blob,,"Path/blob comparison only; it does not prove functional equivalence, security, or runtime behavior."
audit-artifacts/NABDAH_MAIN_VS_RECONCILIATION_COMPLETENESS_REPORT_20260818.md,root_or_other,MAIN_ONLY,blob,,"Path/blob comparison only; it does not prove functional equivalence, security, or runtime behavior."
audit-artifacts/NABDAH_MASTER_FULL_SYSTEMATIC_QA_AND_REMEDIATION_PLAN_20260818.md,root_or_other,MAIN_ONLY,blob,,"Path/blob comparison only; it does not prove functional equivalence, security, or runtime behavior."
audit-artifacts/NABDAH_MOBILE_DEPENDENCY_REMEDIATION_STATUS_20260820.md,root_or_other,MAIN_ONLY,blob,,"Path/blob comparison only; it does not prove functional equivalence, security, or runtime behavior."
audit-artifacts/NABDAH_NEW_REPOSITORY_BRANCH_INDEX_20260818.txt,root_or_other,MAIN_ONLY,blob,,"Path/blob comparison only; it does not prove functional equivalence, security, or runtime behavior."
audit-artifacts/NABDAH_OPENAPI_INSURANCE_CONTRACT_HARDENING_20260820.md,root_or_other,MAIN_ONLY,blob,,"Path/blob comparison only; it does not prove functional equivalence, security, or runtime behavior."
audit-artifacts/NABDAH_OWNER_REVIEWER_NEXT_ACTIONS_20260820.md,root_or_other,MAIN_ONLY,blob,,"Path/blob comparison only; it does not prove functional equivalence, security, or runtime behavior."
audit-artifacts/NABDAH_PASTED_CONTENT_17_REQUIREMENTS_ANALYSIS_20260818.md,root_or_other,MAIN_ONLY,blob,,"Path/blob comparison only; it does not prove functional equivalence, security, or runtime behavior."
audit-artifacts/NABDAH_PATIENT_EXPO_SDK57_MIGRATION_20260819.md,root_or_other,MAIN_ONLY,blob,,"Path/blob comparison only; it does not prove functional equivalence, security, or runtime behavior."
audit-artifacts/NABDAH_PHASE10_ADMIN_DEPENDENCY_AUDIT_REMEDIATION_20260819.md,root_or_other,MAIN_ONLY,blob,,"Path/blob comparison only; it does not prove functional equivalence, security, or runtime behavior."
audit-artifacts/NABDAH_PHASE10_DEPENDENCY_RISK_TRIAGE_20260819.md,root_or_other,MAIN_ONLY,blob,,"Path/blob comparison only; it does not prove functional equivalence, security, or runtime behavior."
audit-artifacts/NABDAH_PHASE10_FINAL_DOUBLE_CHECK_20260819.md,root_or_other,MAIN_ONLY,blob,,"Path/blob comparison only; it does not prove functional equivalence, security, or runtime behavior."
audit-artifacts/NABDAH_PHASE10_RELEASE_GATE_RECHECK_20260819.md,root_or_other,MAIN_ONLY,blob,,"Path/blob comparison only; it does not prove functional equivalence, security, or runtime behavior."
audit-artifacts/NABDAH_PHASE11_FINAL_DOUBLE_CHECK_20260819.md,root_or_other,MAIN_ONLY,blob,,"Path/blob comparison only; it does not prove functional equivalence, security, or runtime behavior."
audit-artifacts/NABDAH_PHASE11_PRESCRIPTIONS_AUTHORIZATION_REMEDIATION_20260819.md,root_or_other,MAIN_ONLY,blob,,"Path/blob comparison only; it does not prove functional equivalence, security, or runtime behavior."
audit-artifacts/NABDAH_PHASE11_SANDBOX_ACCEPTANCE_BOUNDARY_20260819.md,root_or_other,MAIN_ONLY,blob,,"Path/blob comparison only; it does not prove functional equivalence, security, or runtime behavior."
audit-artifacts/NABDAH_PHASE11_SANDBOX_READONLY_AUTHORIZATION_WAVE1_20260819.md,root_or_other,MAIN_ONLY,blob,,"Path/blob comparison only; it does not prove functional equivalence, security, or runtime behavior."
audit-artifacts/NABDAH_PHASE11_SANDBOX_READONLY_AUTHORIZATION_WAVE2_20260819.md,root_or_other,MAIN_ONLY,blob,,"Path/blob comparison only; it does not prove functional equivalence, security, or runtime behavior."
audit-artifacts/NABDAH_PHASE12_FINAL_PRODUCTION_READINESS_REPORT_20260819.md,root_or_other,MAIN_ONLY,blob,,"Path/blob comparison only; it does not prove functional equivalence, security, or runtime behavior."
audit-artifacts/NABDAH_PHASE13_CONTRACT_CLASSIFICATION_20260819.md,root_or_other,MAIN_ONLY,blob,,"Path/blob comparison only; it does not prove functional equivalence, security, or runtime behavior."
audit-artifacts/NABDAH_PHASE13_CONTRACT_INVENTORY_V4_20260819.json,root_or_other,MAIN_ONLY,blob,,"Path/blob comparison only; it does not prove functional equivalence, security, or runtime behavior."
audit-artifacts/NABDAH_PHASE13_CONTRACT_INVENTORY_V4_SUMMARY_20260819.md,root_or_other,MAIN_ONLY,blob,,"Path/blob comparison only; it does not prove functional equivalence, security, or runtime behavior."
audit-artifacts/NABDAH_PHASE13_EXIT_CRITERIA_REVIEW_20260819.md,root_or_other,MAIN_ONLY,blob,,"Path/blob comparison only; it does not prove functional equivalence, security, or runtime behavior."
audit-artifacts/NABDAH_PHASE13_UI_ACTION_INVENTORY_V2_20260819.json,root_or_other,MAIN_ONLY,blob,,"Path/blob comparison only; it does not prove functional equivalence, security, or runtime behavior."
audit-artifacts/NABDAH_PHASE13_UI_ACTION_INVENTORY_V2_SUMMARY_20260819.md,root_or_other,MAIN_ONLY,blob,,"Path/blob comparison only; it does not prove functional equivalence, security, or runtime behavior."
audit-artifacts/NABDAH_PHASE14_EXIT_CRITERIA_REVIEW_20260819.md,root_or_other,MAIN_ONLY,blob,,"Path/blob comparison only; it does not prove functional equivalence, security, or runtime behavior."
audit-artifacts/NABDAH_PHASE14_PROVIDER_CONTRACT_REMEDIATION_20260819.md,root_or_other,MAIN_ONLY,blob,,"Path/blob comparison only; it does not prove functional equivalence, security, or runtime behavior."
audit-artifacts/NABDAH_PHASE15_EXIT_CRITERIA_REVIEW_20260819.md,root_or_other,MAIN_ONLY,blob,,"Path/blob comparison only; it does not prove functional equivalence, security, or runtime behavior."
audit-artifacts/NABDAH_PHASE15_MIGRATION_INDEX_PREFLIGHT_20260819.md,root_or_other,MAIN_ONLY,blob,,"Path/blob comparison only; it does not prove functional equivalence, security, or runtime behavior."
audit-artifacts/NABDAH_PHASE15_REVIEWER_DEPLOYMENT_CANDIDATE_20260819.md,root_or_other,MAIN_ONLY,blob,,"Path/blob comparison only; it does not prove functional equivalence, security, or runtime behavior."
audit-artifacts/NABDAH_PHASE16_CONSULTATION_CASH_AUTOCONFIRM_P0_REMEDIATION_20260819.md,root_or_other,MAIN_ONLY,blob,,"Path/blob comparison only; it does not prove functional equivalence, security, or runtime behavior."
audit-artifacts/NABDAH_PHASE16_HOSPITAL_PROVIDER_ROLE_REMEDIATION_20260819.md,root_or_other,MAIN_ONLY,blob,,"Path/blob comparison only; it does not prove functional equivalence, security, or runtime behavior."
audit-artifacts/NABDAH_PHASE16_LAB_EMBEDDED_REPORT_CONTRACT_REMEDIATION_20260819.md,root_or_other,MAIN_ONLY,blob,,"Path/blob comparison only; it does not prove functional equivalence, security, or runtime behavior."
audit-artifacts/NABDAH_PHASE16_NURSING_AUTHORIZATION_P0_REMEDIATION_20260819.md,root_or_other,MAIN_ONLY,blob,,"Path/blob comparison only; it does not prove functional equivalence, security, or runtime behavior."
audit-artifacts/NABDAH_PHASE16_PRESCRIPTION_CONTRACT_AND_BOLA_REMEDIATION_20260819.md,root_or_other,MAIN_ONLY,blob,,"Path/blob comparison only; it does not prove functional equivalence, security, or runtime behavior."
audit-artifacts/NABDAH_PHASE16_PRESCRIPTION_DOCTOR_IDENTITY_P0_REMEDIATION_20260820.md,root_or_other,MAIN_ONLY,blob,,"Path/blob comparison only; it does not prove functional equivalence, security, or runtime behavior."
audit-artifacts/NABDAH_PHASE16_PROVIDER_SELF_PROFILE_IDENTITY_REMEDIATION_20260820.md,root_or_other,MAIN_ONLY,blob,,"Path/blob comparison only; it does not prove functional equivalence, security, or runtime behavior."
audit-artifacts/NABDAH_PHASE16_SANDBOX_EXECUTION_REGISTER_20260819.md,root_or_other,MAIN_ONLY,blob,,"Path/blob comparison only; it does not prove functional equivalence, security, or runtime behavior."
audit-artifacts/NABDAH_PHASE17_NATIVE_BUILD_AND_DEVICE_BLOCKERS_20260819.md,root_or_other,MAIN_ONLY,blob,,"Path/blob comparison only; it does not prove functional equivalence, security, or runtime behavior."
audit-artifacts/NABDAH_PHASE18_LOCALE_ACCESSIBILITY_TECHNICAL_ACCEPTANCE_20260819.md,root_or_other,MAIN_ONLY,blob,,"Path/blob comparison only; it does not prove functional equivalence, security, or runtime behavior."
audit-artifacts/NABDAH_PHASE19_FINAL_READINESS_VERDICT_20260819.md,root_or_other,MAIN_ONLY,blob,,"Path/blob comparison only; it does not prove functional equivalence, security, or runtime behavior."
audit-artifacts/NABDAH_PHASE19_RERUN_STATUS_AND_EXECUTABLE_BLOCKERS_20260820.md,root_or_other,MAIN_ONLY,blob,,"Path/blob comparison only; it does not prove functional equivalence, security, or runtime behavior."
audit-artifacts/NABDAH_PHASE1_MAIN_SOURCE_BASELINE_20260818.md,root_or_other,MAIN_ONLY,blob,,"Path/blob comparison only; it does not prove functional equivalence, security, or runtime behavior."
audit-artifacts/NABDAH_PHASE2_ADDRESS_CREATE_REMEDIATION_TESTS_20260818.md,root_or_other,MAIN_ONLY,blob,,"Path/blob comparison only; it does not prove functional equivalence, security, or runtime behavior."
audit-artifacts/NABDAH_PHASE2_CHRONIC_REFILL_CONTRACT_GAP_20260819.md,root_or_other,MAIN_ONLY,blob,,"Path/blob comparison only; it does not prove functional equivalence, security, or runtime behavior."
audit-artifacts/NABDAH_PHASE2_CLOSURE_MATRIX_20260818.tsv,root_or_other,MAIN_ONLY,blob,,"Path/blob comparison only; it does not prove functional equivalence, security, or runtime behavior."
audit-artifacts/NABDAH_PHASE2_CONSULTATION_INSURANCE_FINANCIAL_GAP_20260819.md,root_or_other,MAIN_ONLY,blob,,"Path/blob comparison only; it does not prove functional equivalence, security, or runtime behavior."
audit-artifacts/NABDAH_PHASE2_DIAGNOSTICS_BOOKING_CONTRACT_GAP_20260819.md,root_or_other,MAIN_ONLY,blob,,"Path/blob comparison only; it does not prove functional equivalence, security, or runtime behavior."
audit-artifacts/NABDAH_PHASE2_DIAGNOSTICS_LAB_RADIOLOGY_WORKFLOW_GAPS_20260819.md,root_or_other,MAIN_ONLY,blob,,"Path/blob comparison only; it does not prove functional equivalence, security, or runtime behavior."
audit-artifacts/NABDAH_PHASE2_FAMILY_CALENDAR_CONTRACT_GAP_20260819.md,root_or_other,MAIN_ONLY,blob,,"Path/blob comparison only; it does not prove functional equivalence, security, or runtime behavior."
audit-artifacts/NABDAH_PHASE2_FAMILY_CHAT_MEMBERSHIP_CONTRACT_GAP_20260819.md,root_or_other,MAIN_ONLY,blob,,"Path/blob comparison only; it does not prove functional equivalence, security, or runtime behavior."
audit-artifacts/NABDAH_PHASE2_FAMILY_PERMISSIONS_CONTRACT_GAP_20260819.md,root_or_other,MAIN_ONLY,blob,,"Path/blob comparison only; it does not prove functional equivalence, security, or runtime behavior."
audit-artifacts/NABDAH_PHASE2_FINAL_CLOSURE_DOUBLE_CHECK_20260819.md,root_or_other,MAIN_ONLY,blob,,"Path/blob comparison only; it does not prove functional equivalence, security, or runtime behavior."
audit-artifacts/NABDAH_PHASE2_HOME_CARE_NURSING_WORKFLOW_CONTRACT_GAPS_20260819.md,root_or_other,MAIN_ONLY,blob,,"Path/blob comparison only; it does not prove functional equivalence, security, or runtime behavior."
audit-artifacts/NABDAH_PHASE2_INSURANCE_APPROVAL_PAYMENT_HANDOFF_GAP_20260819.md,root_or_other,MAIN_ONLY,blob,,"Path/blob comparison only; it does not prove functional equivalence, security, or runtime behavior."
audit-artifacts/NABDAH_PHASE2_INSURANCE_PAYMENT_SPLIT_MISSING_ROUTE_20260819.md,root_or_other,MAIN_ONLY,blob,,"Path/blob comparison only; it does not prove functional equivalence, security, or runtime behavior."
audit-artifacts/NABDAH_PHASE2_LOYALTY_REWARD_CONTRACT_GAPS_20260819.md,root_or_other,MAIN_ONLY,blob,,"Path/blob comparison only; it does not prove functional equivalence, security, or runtime behavior."
audit-artifacts/NABDAH_PHASE2_MAIN_PATIENT_INVENTORY_AND_VERSION_DECISIONS_20260818.md,root_or_other,MAIN_ONLY,blob,,"Path/blob comparison only; it does not prove functional equivalence, security, or runtime behavior."
audit-artifacts/NABDAH_PHASE2_MANUAL_FINDINGS_BATCH_01_20260818.md,root_or_other,MAIN_ONLY,blob,,"Path/blob comparison only; it does not prove functional equivalence, security, or runtime behavior."
audit-artifacts/NABDAH_PHASE2_MATERNITY_CLINICAL_STATE_GAP_20260819.md,root_or_other,MAIN_ONLY,blob,,"Path/blob comparison only; it does not prove functional equivalence, security, or runtime behavior."
audit-artifacts/NABDAH_PHASE2_MEDICAL_DATA_RISK_REVIEW_20260819.md,root_or_other,MAIN_ONLY,blob,,"Path/blob comparison only; it does not prove functional equivalence, security, or runtime behavior."
audit-artifacts/NABDAH_PHASE2_MEDICAL_REPORT_VIEWER_AND_AI_CONTRACT_GAPS_20260819.md,root_or_other,MAIN_ONLY,blob,,"Path/blob comparison only; it does not prove functional equivalence, security, or runtime behavior."
audit-artifacts/NABDAH_PHASE2_MEDICATION_REMINDER_CONTRACT_GAP_20260819.md,root_or_other,MAIN_ONLY,blob,,"Path/blob comparison only; it does not prove functional equivalence, security, or runtime behavior."
audit-artifacts/NABDAH_PHASE2_MONTHLY_REPORT_DATA_LOCALIZATION_GAP_20260819.md,root_or_other,MAIN_ONLY,blob,,"Path/blob comparison only; it does not prove functional equivalence, security, or runtime behavior."
audit-artifacts/NABDAH_PHASE2_MOOD_JOURNAL_CONTRACT_GAP_20260819.md,root_or_other,MAIN_ONLY,blob,,"Path/blob comparison only; it does not prove functional equivalence, security, or runtime behavior."
audit-artifacts/NABDAH_PHASE2_NO_EXACT_ROUTE_REVIEW_20260819.md,root_or_other,MAIN_ONLY,blob,,"Path/blob comparison only; it does not prove functional equivalence, security, or runtime behavior."
audit-artifacts/NABDAH_PHASE2_NUTRITION_AI_PLAN_CONTRACT_GAP_20260819.md,root_or_other,MAIN_ONLY,blob,,"Path/blob comparison only; it does not prove functional equivalence, security, or runtime behavior."
audit-artifacts/NABDAH_PHASE2_PATIENT_FEATURE_DECISION_SUMMARY_20260818.md,root_or_other,MAIN_ONLY,blob,,"Path/blob comparison only; it does not prove functional equivalence, security, or runtime behavior."
audit-artifacts/NABDAH_PHASE2_PATIENT_FULL_TREE_SOURCE_COMPARISON_20260819.md,root_or_other,MAIN_ONLY,blob,,"Path/blob comparison only; it does not prove functional equivalence, security, or runtime behavior."
audit-artifacts/NABDAH_PHASE2_PATIENT_MAIN_RISK_MARKERS_20260818.tsv,root_or_other,MAIN_ONLY,blob,,"Path/blob comparison only; it does not prove functional equivalence, security, or runtime behavior."
audit-artifacts/NABDAH_PHASE2_PATIENT_MAIN_RISK_REVIEW_20260818.md,root_or_other,MAIN_ONLY,blob,,"Path/blob comparison only; it does not prove functional equivalence, security, or runtime behavior."
audit-artifacts/NABDAH_PHASE2_PATIENT_METHOD_MISMATCH_REMEDIATION_QUEUE_20260818.tsv,root_or_other,MAIN_ONLY,blob,,"Path/blob comparison only; it does not prove functional equivalence, security, or runtime behavior."
audit-artifacts/NABDAH_PHASE2_PATIENT_OPEN_CONTRACT_CLASSIFICATION_20260818.tsv,root_or_other,MAIN_ONLY,blob,,"Path/blob comparison only; it does not prove functional equivalence, security, or runtime behavior."
audit-artifacts/NABDAH_PHASE2_PATIENT_OPEN_CONTRACT_CLASSIFICATION_FINAL_20260818.tsv,root_or_other,MAIN_ONLY,blob,,"Path/blob comparison only; it does not prove functional equivalence, security, or runtime behavior."
audit-artifacts/NABDAH_PHASE2_PATIENT_PLACEHOLDER_TRIAGE_20260819.md,root_or_other,MAIN_ONLY,blob,,"Path/blob comparison only; it does not prove functional equivalence, security, or runtime behavior."
audit-artifacts/NABDAH_PHASE2_PATIENT_UIUX_LOCALIZATION_BASELINE_20260819.md,root_or_other,MAIN_ONLY,blob,,"Path/blob comparison only; it does not prove functional equivalence, security, or runtime behavior."
audit-artifacts/NABDAH_PHASE2_PLAN_DOUBLE_CHECK_20260818.md,root_or_other,MAIN_ONLY,blob,,"Path/blob comparison only; it does not prove functional equivalence, security, or runtime behavior."
audit-artifacts/NABDAH_PHASE2_PRESCRIPTION_TRANSLATOR_CONTRACT_SAFETY_GAPS_20260819.md,root_or_other,MAIN_ONLY,blob,,"Path/blob comparison only; it does not prove functional equivalence, security, or runtime behavior."
audit-artifacts/NABDAH_PHASE2_PROFILE_NOTIFICATION_SETTINGS_GAPS_20260819.md,root_or_other,MAIN_ONLY,blob,,"Path/blob comparison only; it does not prove functional equivalence, security, or runtime behavior."
audit-artifacts/NABDAH_PHASE2_SENSITIVE_CANDIDATE_IDENTICAL_REVIEW_20260819.md,root_or_other,MAIN_ONLY,blob,,"Path/blob comparison only; it does not prove functional equivalence, security, or runtime behavior."
audit-artifacts/NABDAH_PHASE2_SENSITIVE_PATIENT_DECISION_MATRIX_20260818.tsv,root_or_other,MAIN_ONLY,blob,,"Path/blob comparison only; it does not prove functional equivalence, security, or runtime behavior."
audit-artifacts/NABDAH_PHASE2_SKIN_ANALYSIS_SAFETY_PRIVACY_GAPS_20260819.md,root_or_other,MAIN_ONLY,blob,,"Path/blob comparison only; it does not prove functional equivalence, security, or runtime behavior."
audit-artifacts/NABDAH_PHASE2_SUPPORT_CHAT_TICKET_CONTRACT_GAPS_20260819.md,root_or_other,MAIN_ONLY,blob,,"Path/blob comparison only; it does not prove functional equivalence, security, or runtime behavior."
audit-artifacts/NABDAH_PHASE2_TRIAGE_DRUG_INTERACTION_SAFETY_GAPS_20260819.md,root_or_other,MAIN_ONLY,blob,,"Path/blob comparison only; it does not prove functional equivalence, security, or runtime behavior."
audit-artifacts/NABDAH_PHASE2_VITALS_CONTRACT_CLINICAL_SAFETY_GAP_20260819.md,root_or_other,MAIN_ONLY,blob,,"Path/blob comparison only; it does not prove functional equivalence, security, or runtime behavior."
audit-artifacts/NABDAH_PHASE2_WALLET_TRANSFER_CARD_CONTRACT_GAPS_20260819.md,root_or_other,MAIN_ONLY,blob,,"Path/blob comparison only; it does not prove functional equivalence, security, or runtime behavior."
audit-artifacts/NABDAH_PHASE3_DOCTOR_PROVIDER_CONFIGURATION_GAPS_20260819.md,root_or_other,MAIN_ONLY,blob,,"Path/blob comparison only; it does not prove functional equivalence, security, or runtime behavior."
audit-artifacts/NABDAH_PHASE3_DOCTOR_REGISTRATION_KYC_GAPS_20260819.md,root_or_other,MAIN_ONLY,blob,,"Path/blob comparison only; it does not prove functional equivalence, security, or runtime behavior."
audit-artifacts/NABDAH_PHASE3_FINAL_CLOSURE_DOUBLE_CHECK_20260819.md,root_or_other,MAIN_ONLY,blob,,"Path/blob comparison only; it does not prove functional equivalence, security, or runtime behavior."
audit-artifacts/NABDAH_PHASE3_PROVIDER_AMBULANCE_EMERGENCY_GAPS_20260819.md,root_or_other,MAIN_ONLY,blob,,"Path/blob comparison only; it does not prove functional equivalence, security, or runtime behavior."
audit-artifacts/NABDAH_PHASE3_PROVIDER_DOCTOR_CLINICAL_WORKFLOW_GAPS_20260819.md,root_or_other,MAIN_ONLY,blob,,"Path/blob comparison only; it does not prove functional equivalence, security, or runtime behavior."
audit-artifacts/NABDAH_PHASE3_PROVIDER_DOCTOR_RECEPTION_GAPS_20260819.md,root_or_other,MAIN_ONLY,blob,,"Path/blob comparison only; it does not prove functional equivalence, security, or runtime behavior."
audit-artifacts/NABDAH_PHASE3_PROVIDER_FACILITY_OPERATIONS_GAPS_20260819.md,root_or_other,MAIN_ONLY,blob,,"Path/blob comparison only; it does not prove functional equivalence, security, or runtime behavior."
audit-artifacts/NABDAH_PHASE3_PROVIDER_LAB_OPERATIONS_GAPS_20260819.md,root_or_other,MAIN_ONLY,blob,,"Path/blob comparison only; it does not prove functional equivalence, security, or runtime behavior."
audit-artifacts/NABDAH_PHASE3_PROVIDER_NETWORK_ONBOARDING_BASELINE_20260819.md,root_or_other,MAIN_ONLY,blob,,"Path/blob comparison only; it does not prove functional equivalence, security, or runtime behavior."
audit-artifacts/NABDAH_PHASE3_PROVIDER_NURSING_OPERATIONS_GAPS_20260819.md,root_or_other,MAIN_ONLY,blob,,"Path/blob comparison only; it does not prove functional equivalence, security, or runtime behavior."
audit-artifacts/NABDAH_PHASE3_PROVIDER_PAYOUT_WALLET_GAPS_20260819.md,root_or_other,MAIN_ONLY,blob,,"Path/blob comparison only; it does not prove functional equivalence, security, or runtime behavior."
audit-artifacts/NABDAH_PHASE3_PROVIDER_PHARMACY_BROADCAST_GAPS_20260819.md,root_or_other,MAIN_ONLY,blob,,"Path/blob comparison only; it does not prove functional equivalence, security, or runtime behavior."
audit-artifacts/NABDAH_PHASE3_PROVIDER_RADIOLOGY_OPERATIONS_GAPS_20260819.md,root_or_other,MAIN_ONLY,blob,,"Path/blob comparison only; it does not prove functional equivalence, security, or runtime behavior."
audit-artifacts/NABDAH_PHASE3_PROVIDER_SHARED_COMMUNICATION_SUPPORT_GAPS_20260819.md,root_or_other,MAIN_ONLY,blob,,"Path/blob comparison only; it does not prove functional equivalence, security, or runtime behavior."
audit-artifacts/NABDAH_PHASE3_PROVIDER_SHARED_SECURITY_ANALYTICS_GAPS_20260819.md,root_or_other,MAIN_ONLY,blob,,"Path/blob comparison only; it does not prove functional equivalence, security, or runtime behavior."
audit-artifacts/NABDAH_PHASE4_ADMIN_AI_GATEWAY_GAPS_20260819.md,root_or_other,MAIN_ONLY,blob,,"Path/blob comparison only; it does not prove functional equivalence, security, or runtime behavior."
audit-artifacts/NABDAH_PHASE4_ADMIN_AUDIT_LOG_GAPS_20260819.md,root_or_other,MAIN_ONLY,blob,,"Path/blob comparison only; it does not prove functional equivalence, security, or runtime behavior."
audit-artifacts/NABDAH_PHASE4_ADMIN_AUTHORIZATION_SHELL_BASELINE_20260819.md,root_or_other,MAIN_ONLY,blob,,"Path/blob comparison only; it does not prove functional equivalence, security, or runtime behavior."
audit-artifacts/NABDAH_PHASE4_ADMIN_COMMAND_CENTER_GAPS_20260819.md,root_or_other,MAIN_ONLY,blob,,"Path/blob comparison only; it does not prove functional equivalence, security, or runtime behavior."
audit-artifacts/NABDAH_PHASE4_ADMIN_CONFIG_MAINTENANCE_GAPS_20260819.md,root_or_other,MAIN_ONLY,blob,,"Path/blob comparison only; it does not prove functional equivalence, security, or runtime behavior."
audit-artifacts/NABDAH_PHASE4_ADMIN_DISPUTE_RESOLUTION_GAPS_20260819.md,root_or_other,MAIN_ONLY,blob,,"Path/blob comparison only; it does not prove functional equivalence, security, or runtime behavior."
audit-artifacts/NABDAH_PHASE4_ADMIN_FINANCIAL_LEDGER_WAREHOUSE_GAPS_20260819.md,root_or_other,MAIN_ONLY,blob,,"Path/blob comparison only; it does not prove functional equivalence, security, or runtime behavior."
audit-artifacts/NABDAH_PHASE4_ADMIN_INSURANCE_REFUND_GAPS_20260819.md,root_or_other,MAIN_ONLY,blob,,"Path/blob comparison only; it does not prove functional equivalence, security, or runtime behavior."
audit-artifacts/NABDAH_PHASE4_ADMIN_MEDICINE_CATALOG_GAPS_20260819.md,root_or_other,MAIN_ONLY,blob,,"Path/blob comparison only; it does not prove functional equivalence, security, or runtime behavior."
audit-artifacts/NABDAH_PHASE4_ADMIN_NOTIFICATION_CAMPAIGN_GAPS_20260819.md,root_or_other,MAIN_ONLY,blob,,"Path/blob comparison only; it does not prove functional equivalence, security, or runtime behavior."
audit-artifacts/NABDAH_PHASE4_ADMIN_NURSING_OPERATIONS_GAPS_20260819.md,root_or_other,MAIN_ONLY,blob,,"Path/blob comparison only; it does not prove functional equivalence, security, or runtime behavior."
audit-artifacts/NABDAH_PHASE4_ADMIN_PAYOUT_FINANCE_GAPS_20260819.md,root_or_other,MAIN_ONLY,blob,,"Path/blob comparison only; it does not prove functional equivalence, security, or runtime behavior."
audit-artifacts/NABDAH_PHASE4_ADMIN_PROVIDER_MODERATION_GAPS_20260819.md,root_or_other,MAIN_ONLY,blob,,"Path/blob comparison only; it does not prove functional equivalence, security, or runtime behavior."
audit-artifacts/NABDAH_PHASE4_ADMIN_RBAC_MATRIX_GAPS_20260819.md,root_or_other,MAIN_ONLY,blob,,"Path/blob comparison only; it does not prove functional equivalence, security, or runtime behavior."
audit-artifacts/NABDAH_PHASE4_ADMIN_SERVICE_CATALOG_GAPS_20260819.md,root_or_other,MAIN_ONLY,blob,,"Path/blob comparison only; it does not prove functional equivalence, security, or runtime behavior."
audit-artifacts/NABDAH_PHASE4_ADMIN_SOS_EMERGENCY_GOVERNANCE_GAPS_20260819.md,root_or_other,MAIN_ONLY,blob,,"Path/blob comparison only; it does not prove functional equivalence, security, or runtime behavior."
audit-artifacts/NABDAH_PHASE4_ADMIN_SUPPORT_TICKETS_GAPS_20260819.md,root_or_other,MAIN_ONLY,blob,,"Path/blob comparison only; it does not prove functional equivalence, security, or runtime behavior."
audit-artifacts/NABDAH_PHASE4_ADMIN_USER_MANAGEMENT_GAPS_20260819.md,root_or_other,MAIN_ONLY,blob,,"Path/blob comparison only; it does not prove functional equivalence, security, or runtime behavior."
audit-artifacts/NABDAH_PHASE4_FINAL_CLOSURE_DOUBLE_CHECK_20260819.md,root_or_other,MAIN_ONLY,blob,,"Path/blob comparison only; it does not prove functional equivalence, security, or runtime behavior."
audit-artifacts/NABDAH_PHASE5_AUTHORIZATION_GUARD_GAPS_20260819.md,root_or_other,MAIN_ONLY,blob,,"Path/blob comparison only; it does not prove functional equivalence, security, or runtime behavior."
audit-artifacts/NABDAH_PHASE5_CONSISTENCY_RECONCILIATION_GAPS_20260819.md,root_or_other,MAIN_ONLY,blob,,"Path/blob comparison only; it does not prove functional equivalence, security, or runtime behavior."
audit-artifacts/NABDAH_PHASE5_EVENT_BUS_OUTBOX_GAPS_20260819.md,root_or_other,MAIN_ONLY,blob,,"Path/blob comparison only; it does not prove functional equivalence, security, or runtime behavior."
audit-artifacts/NABDAH_PHASE5_FINAL_CLOSURE_DOUBLE_CHECK_20260819.md,root_or_other,MAIN_ONLY,blob,,"Path/blob comparison only; it does not prove functional equivalence, security, or runtime behavior."
audit-artifacts/NABDAH_PHASE5_INSURANCE_QUOTE_CONTRACT_GAPS_20260819.md,root_or_other,MAIN_ONLY,blob,,"Path/blob comparison only; it does not prove functional equivalence, security, or runtime behavior."
audit-artifacts/NABDAH_PHASE5_LEGACY_CANONICAL_DATA_SOURCE_GAPS_20260819.md,root_or_other,MAIN_ONLY,blob,,"Path/blob comparison only; it does not prove functional equivalence, security, or runtime behavior."
audit-artifacts/NABDAH_PHASE5_PAYMENT_ENGINE_CONTRACT_GAPS_20260819.md,root_or_other,MAIN_ONLY,blob,,"Path/blob comparison only; it does not prove functional equivalence, security, or runtime behavior."
audit-artifacts/NABDAH_PHASE5_REALTIME_WEBSOCKET_SECURITY_GAPS_20260819.md,root_or_other,MAIN_ONLY,blob,,"Path/blob comparison only; it does not prove functional equivalence, security, or runtime behavior."
audit-artifacts/NABDAH_PHASE5_STORAGE_MEDIA_PRIVACY_GAPS_20260819.md,root_or_other,MAIN_ONLY,blob,,"Path/blob comparison only; it does not prove functional equivalence, security, or runtime behavior."
audit-artifacts/NABDAH_PHASE5_TRANSACTION_SCHEMA_DATA_GAPS_20260819.md,root_or_other,MAIN_ONLY,blob,,"Path/blob comparison only; it does not prove functional equivalence, security, or runtime behavior."
audit-artifacts/NABDAH_PHASE5_WORKFLOW_ENGINE_CONTRACT_GAPS_20260819.md,root_or_other,MAIN_ONLY,blob,,"Path/blob comparison only; it does not prove functional equivalence, security, or runtime behavior."
audit-artifacts/NABDAH_PHASE6_FINAL_CLOSURE_DOUBLE_CHECK_20260819.md,root_or_other,MAIN_ONLY,blob,,"Path/blob comparison only; it does not prove functional equivalence, security, or runtime behavior."
audit-artifacts/NABDAH_PHASE6_PUBLIC_CARE_DISCOVERY_PRIVACY_GAPS_20260819.md,root_or_other,MAIN_ONLY,blob,,"Path/blob comparison only; it does not prove functional equivalence, security, or runtime behavior."
audit-artifacts/NABDAH_PHASE6_SECURITY_OWNERSHIP_PRIVACY_MATRIX_20260819.md,root_or_other,MAIN_ONLY,blob,,"Path/blob comparison only; it does not prove functional equivalence, security, or runtime behavior."
audit-artifacts/NABDAH_PHASE7_COMPETITOR_UX_BENCHMARK_20260819.md,root_or_other,MAIN_ONLY,blob,,"Path/blob comparison only; it does not prove functional equivalence, security, or runtime behavior."
audit-artifacts/NABDAH_PHASE7_FINAL_CLOSURE_DOUBLE_CHECK_20260819.md,root_or_other,MAIN_ONLY,blob,,"Path/blob comparison only; it does not prove functional equivalence, security, or runtime behavior."
audit-artifacts/NABDAH_PHASE8_BATCH_AA_PROVIDER_PAYOUT_RESERVATION_INTEGRITY_20260819.md,root_or_other,MAIN_ONLY,blob,,"Path/blob comparison only; it does not prove functional equivalence, security, or runtime behavior."
audit-artifacts/NABDAH_PHASE8_BATCH_AB_PROVIDER_NURSING_QUEUE_CONTRACT_20260819.md,root_or_other,MAIN_ONLY,blob,,"Path/blob comparison only; it does not prove functional equivalence, security, or runtime behavior."
audit-artifacts/NABDAH_PHASE8_BATCH_AC_FACILITY_STAFF_ASSIGNMENT_INTEGRITY_20260819.md,root_or_other,MAIN_ONLY,blob,,"Path/blob comparison only; it does not prove functional equivalence, security, or runtime behavior."
audit-artifacts/NABDAH_PHASE8_BATCH_AD_ADMIN_REFUND_DECISION_INTEGRITY_20260819.md,root_or_other,MAIN_ONLY,blob,,"Path/blob comparison only; it does not prove functional equivalence, security, or runtime behavior."
audit-artifacts/NABDAH_PHASE8_BATCH_AE_AMBULANCE_EMERGENCY_RECORD_INTEGRITY_20260819.md,root_or_other,MAIN_ONLY,blob,,"Path/blob comparison only; it does not prove functional equivalence, security, or runtime behavior."
audit-artifacts/NABDAH_PHASE8_BATCH_AF_DOCTOR_CLINICAL_RECORD_INTEGRITY_20260819.md,root_or_other,MAIN_ONLY,blob,,"Path/blob comparison only; it does not prove functional equivalence, security, or runtime behavior."
audit-artifacts/NABDAH_PHASE8_BATCH_AG_ADMIN_GOVERNANCE_MAINTENANCE_INTEGRITY_20260819.md,root_or_other,MAIN_ONLY,blob,,"Path/blob comparison only; it does not prove functional equivalence, security, or runtime behavior."
audit-artifacts/NABDAH_PHASE8_BATCH_AH_ADMIN_CAMPAIGN_DELIVERY_GOVERNANCE_20260819.md,root_or_other,MAIN_ONLY,blob,,"Path/blob comparison only; it does not prove functional equivalence, security, or runtime behavior."
audit-artifacts/NABDAH_PHASE8_BATCH_AI_ADMIN_SOS_PRIVACY_DISPATCH_CONTAINMENT_20260819.md,root_or_other,MAIN_ONLY,blob,,"Path/blob comparison only; it does not prove functional equivalence, security, or runtime behavior."
audit-artifacts/NABDAH_PHASE8_BATCH_AJ_PATIENT_LOCALE_TECHNICAL_KEY_CONTAINMENT_20260819.md,root_or_other,MAIN_ONLY,blob,,"Path/blob comparison only; it does not prove functional equivalence, security, or runtime behavior."
audit-artifacts/NABDAH_PHASE8_BATCH_AK_ADMIN_AI_PHI_GOVERNANCE_CONTAINMENT_20260819.md,root_or_other,MAIN_ONLY,blob,,"Path/blob comparison only; it does not prove functional equivalence, security, or runtime behavior."
audit-artifacts/NABDAH_PHASE8_BATCH_AL_PROVIDER_SHARED_UI_ACCESSIBILITY_RTL_20260819.md,root_or_other,MAIN_ONLY,blob,,"Path/blob comparison only; it does not prove functional equivalence, security, or runtime behavior."
audit-artifacts/NABDAH_PHASE8_BATCH_AM_PATIENT_SHARED_UI_ACCESSIBILITY_RTL_20260819.md,root_or_other,MAIN_ONLY,blob,,"Path/blob comparison only; it does not prove functional equivalence, security, or runtime behavior."
audit-artifacts/NABDAH_PHASE8_BATCH_AN_ADMIN_NURSING_PRIVACY_ASSIGNMENT_CONTAINMENT_20260819.md,root_or_other,MAIN_ONLY,blob,,"Path/blob comparison only; it does not prove functional equivalence, security, or runtime behavior."
audit-artifacts/NABDAH_PHASE8_BATCH_AO_ADMIN_DISPUTE_FINANCIAL_CONTAINMENT_20260819.md,root_or_other,MAIN_ONLY,blob,,"Path/blob comparison only; it does not prove functional equivalence, security, or runtime behavior."
audit-artifacts/NABDAH_PHASE8_BATCH_AP_ADMIN_SERVICE_CATALOG_PUBLICATION_CONTAINMENT_20260819.md,root_or_other,MAIN_ONLY,blob,,"Path/blob comparison only; it does not prove functional equivalence, security, or runtime behavior."
audit-artifacts/NABDAH_PHASE8_BATCH_A_PUBLIC_CARE_DISCOVERY_REMEDIATION_20260819.md,root_or_other,MAIN_ONLY,blob,,"Path/blob comparison only; it does not prove functional equivalence, security, or runtime behavior."
audit-artifacts/NABDAH_PHASE8_BATCH_B_REALTIME_ROOM_AUTHORIZATION_20260819.md,root_or_other,MAIN_ONLY,blob,,"Path/blob comparison only; it does not prove functional equivalence, security, or runtime behavior."
audit-artifacts/NABDAH_PHASE8_BATCH_C_PAYMENT_AUTHORIZATION_WEBHOOKS_20260819.md,root_or_other,MAIN_ONLY,blob,,"Path/blob comparison only; it does not prove functional equivalence, security, or runtime behavior."
audit-artifacts/NABDAH_PHASE8_BATCH_D_PRIVILEGED_JWT_IMPERSONATION_20260819.md,root_or_other,MAIN_ONLY,blob,,"Path/blob comparison only; it does not prove functional equivalence, security, or runtime behavior."
audit-artifacts/NABDAH_PHASE8_BATCH_E_PATIENT_LOCALE_NAVIGATION_20260819.md,root_or_other,MAIN_ONLY,blob,,"Path/blob comparison only; it does not prove functional equivalence, security, or runtime behavior."
audit-artifacts/NABDAH_PHASE8_BATCH_F_FAMILY_OWNERSHIP_CONTRACTS_20260819.md,root_or_other,MAIN_ONLY,blob,,"Path/blob comparison only; it does not prove functional equivalence, security, or runtime behavior."
audit-artifacts/NABDAH_PHASE8_BATCH_G_CLINICAL_VITALS_CONTRACT_20260819.md,root_or_other,MAIN_ONLY,blob,,"Path/blob comparison only; it does not prove functional equivalence, security, or runtime behavior."
audit-artifacts/NABDAH_PHASE8_BATCH_H_MATERNITY_CLINICAL_STATE_REVALIDATION_20260819.md,root_or_other,MAIN_ONLY,blob,,"Path/blob comparison only; it does not prove functional equivalence, security, or runtime behavior."
audit-artifacts/NABDAH_PHASE8_BATCH_I_NUTRITION_PLAN_TRUTHFULNESS_REVALIDATION_20260819.md,root_or_other,MAIN_ONLY,blob,,"Path/blob comparison only; it does not prove functional equivalence, security, or runtime behavior."
audit-artifacts/NABDAH_PHASE8_BATCH_J_MEDICATION_REMINDER_FIDELITY_20260819.md,root_or_other,MAIN_ONLY,blob,,"Path/blob comparison only; it does not prove functional equivalence, security, or runtime behavior."
audit-artifacts/NABDAH_PHASE8_BATCH_K_PAYMENT_INTENT_IDEMPOTENCY_20260819.md,root_or_other,MAIN_ONLY,blob,,"Path/blob comparison only; it does not prove functional equivalence, security, or runtime behavior."
audit-artifacts/NABDAH_PHASE8_BATCH_L_INSURANCE_COPAY_INTEGRITY_20260819.md,root_or_other,MAIN_ONLY,blob,,"Path/blob comparison only; it does not prove functional equivalence, security, or runtime behavior."
audit-artifacts/NABDAH_PHASE8_BATCH_M_PROTECTED_MEDIA_STORAGE_20260819.md,root_or_other,MAIN_ONLY,blob,,"Path/blob comparison only; it does not prove functional equivalence, security, or runtime behavior."
audit-artifacts/NABDAH_PHASE8_BATCH_N_WORKFLOW_EVENT_INTEGRITY_20260819.md,root_or_other,MAIN_ONLY,blob,,"Path/blob comparison only; it does not prove functional equivalence, security, or runtime behavior."
audit-artifacts/NABDAH_PHASE8_BATCH_O_DIAGNOSTICS_TRUTHFULNESS_20260819.md,root_or_other,MAIN_ONLY,blob,,"Path/blob comparison only; it does not prove functional equivalence, security, or runtime behavior."
audit-artifacts/NABDAH_PHASE8_BATCH_P_PROVIDER_DIAGNOSTIC_REPORT_INTEGRITY_20260819.md,root_or_other,MAIN_ONLY,blob,,"Path/blob comparison only; it does not prove functional equivalence, security, or runtime behavior."
audit-artifacts/NABDAH_PHASE8_BATCH_Q_MOOD_JOURNAL_TRUTHFULNESS_20260819.md,root_or_other,MAIN_ONLY,blob,,"Path/blob comparison only; it does not prove functional equivalence, security, or runtime behavior."
audit-artifacts/NABDAH_PHASE8_BATCH_R_CHRONIC_REFILL_INTEGRITY_20260819.md,root_or_other,MAIN_ONLY,blob,,"Path/blob comparison only; it does not prove functional equivalence, security, or runtime behavior."
audit-artifacts/NABDAH_PHASE8_BATCH_S_FAMILY_CALENDAR_CONTRACT_20260819.md,root_or_other,MAIN_ONLY,blob,,"Path/blob comparison only; it does not prove functional equivalence, security, or runtime behavior."
audit-artifacts/NABDAH_PHASE8_BATCH_T_INSURANCE_COPAY_INTEGRITY_20260819.md,root_or_other,MAIN_ONLY,blob,,"Path/blob comparison only; it does not prove functional equivalence, security, or runtime behavior."
audit-artifacts/NABDAH_PHASE8_BATCH_U_MONTHLY_HEALTH_REPORT_TEMPORAL_INTEGRITY_20260819.md,root_or_other,MAIN_ONLY,blob,,"Path/blob comparison only; it does not prove functional equivalence, security, or runtime behavior."
audit-artifacts/NABDAH_PHASE8_BATCH_V_PROVIDER_NETWORK_CONFIGURATION_INTEGRITY_20260819.md,root_or_other,MAIN_ONLY,blob,,"Path/blob comparison only; it does not prove functional equivalence, security, or runtime behavior."
audit-artifacts/NABDAH_PHASE8_BATCH_W_PROVIDER_KYC_STATE_GATE_20260819.md,root_or_other,MAIN_ONLY,blob,,"Path/blob comparison only; it does not prove functional equivalence, security, or runtime behavior."
audit-artifacts/NABDAH_PHASE8_BATCH_X_PROVIDER_PHARMACY_BROADCAST_CONTRACT_20260819.md,root_or_other,MAIN_ONLY,blob,,"Path/blob comparison only; it does not prove functional equivalence, security, or runtime behavior."
audit-artifacts/NABDAH_PHASE8_BATCH_Y_LABORATORY_WORKFLOW_INTEGRITY_20260819.md,root_or_other,MAIN_ONLY,blob,,"Path/blob comparison only; it does not prove functional equivalence, security, or runtime behavior."
audit-artifacts/NABDAH_PHASE8_BATCH_Z_ADMIN_SESSION_GOVERNANCE_INTEGRITY_20260819.md,root_or_other,MAIN_ONLY,blob,,"Path/blob comparison only; it does not prove functional equivalence, security, or runtime behavior."
audit-artifacts/NABDAH_PHASE8_FINAL_CLOSURE_DOUBLE_CHECK_20260819.md,root_or_other,MAIN_ONLY,blob,,"Path/blob comparison only; it does not prove functional equivalence, security, or runtime behavior."
audit-artifacts/NABDAH_PHASE8_POST_AE_REMEDIATION_INVENTORY_20260819.md,root_or_other,MAIN_ONLY,blob,,"Path/blob comparison only; it does not prove functional equivalence, security, or runtime behavior."
audit-artifacts/NABDAH_PHASE9_BACKEND_DEPENDENCY_LOCK_INTEGRITY_20260819.md,root_or_other,MAIN_ONLY,blob,,"Path/blob comparison only; it does not prove functional equivalence, security, or runtime behavior."
audit-artifacts/NABDAH_PHASE9_BUILD_GATE_BASELINE_20260819.md,root_or_other,MAIN_ONLY,blob,,"Path/blob comparison only; it does not prove functional equivalence, security, or runtime behavior."
audit-artifacts/NABDAH_PHASE9_FINAL_DOUBLE_CHECK_20260819.md,root_or_other,MAIN_ONLY,blob,,"Path/blob comparison only; it does not prove functional equivalence, security, or runtime behavior."
audit-artifacts/NABDAH_PHASE9_PROVIDER_DEPENDENCY_LOCK_INTEGRITY_20260819.md,root_or_other,MAIN_ONLY,blob,,"Path/blob comparison only; it does not prove functional equivalence, security, or runtime behavior."
audit-artifacts/NABDAH_PHASE9_RELEASE_CANDIDATE_AND_ROLLBACK_PLAN_20260819.md,root_or_other,MAIN_ONLY,blob,,"Path/blob comparison only; it does not prove functional equivalence, security, or runtime behavior."
audit-artifacts/NABDAH_PLAN_COMPLETENESS_GAP_REVIEW_20260818.md,root_or_other,MAIN_ONLY,blob,,"Path/blob comparison only; it does not prove functional equivalence, security, or runtime behavior."
audit-artifacts/NABDAH_PREPHASE13_DOCTOR_PRESCRIPTION_REMEDIATION_20260819.md,root_or_other,MAIN_ONLY,blob,,"Path/blob comparison only; it does not prove functional equivalence, security, or runtime behavior."
audit-artifacts/NABDAH_PROVIDER_AGREEMENT_FAIL_CLOSED_20260819.md,root_or_other,MAIN_ONLY,blob,,"Path/blob comparison only; it does not prove functional equivalence, security, or runtime behavior."
audit-artifacts/NABDAH_PROVIDER_CHAT_TRUTHFULNESS_20260819.md,root_or_other,MAIN_ONLY,blob,,"Path/blob comparison only; it does not prove functional equivalence, security, or runtime behavior."
audit-artifacts/NABDAH_PROVIDER_DOCTOR_TRUTHFULNESS_20260819.md,root_or_other,MAIN_ONLY,blob,,"Path/blob comparison only; it does not prove functional equivalence, security, or runtime behavior."
audit-artifacts/NABDAH_PROVIDER_EXPO_SDK57_MIGRATION_20260819.md,root_or_other,MAIN_ONLY,blob,,"Path/blob comparison only; it does not prove functional equivalence, security, or runtime behavior."
audit-artifacts/NABDAH_PROVIDER_FULL_LOCALE_STATIC_TEXT_MIGRATION_20260819.md,root_or_other,MAIN_ONLY,blob,,"Path/blob comparison only; it does not prove functional equivalence, security, or runtime behavior."
audit-artifacts/NABDAH_PROVIDER_LAB_TRUTHFULNESS_20260819.md,root_or_other,MAIN_ONLY,blob,,"Path/blob comparison only; it does not prove functional equivalence, security, or runtime behavior."
audit-artifacts/NABDAH_PROVIDER_LOCALIZATION_INVENTORY_20260819.md,root_or_other,MAIN_ONLY,blob,,"Path/blob comparison only; it does not prove functional equivalence, security, or runtime behavior."
audit-artifacts/NABDAH_PROVIDER_SHARED_OPERATION_TRUTHFULNESS_20260819.md,root_or_other,MAIN_ONLY,blob,,"Path/blob comparison only; it does not prove functional equivalence, security, or runtime behavior."
audit-artifacts/NABDAH_PROVIDER_SIX_LOCALE_FOUNDATION_20260819.md,root_or_other,MAIN_ONLY,blob,,"Path/blob comparison only; it does not prove functional equivalence, security, or runtime behavior."
audit-artifacts/NABDAH_PROVIDER_TEMPLATE_LOCALE_MIGRATION_20260819.md,root_or_other,MAIN_ONLY,blob,,"Path/blob comparison only; it does not prove functional equivalence, security, or runtime behavior."
audit-artifacts/NABDAH_READINESS_RESUMPTION_BLOCKER_RECONCILIATION_20260819.md,root_or_other,MAIN_ONLY,blob,,"Path/blob comparison only; it does not prove functional equivalence, security, or runtime behavior."
audit-artifacts/NABDAH_RECONCILIATION_ACTUAL_API_CALLS_20260818.tsv,root_or_other,MAIN_ONLY,blob,,"Path/blob comparison only; it does not prove functional equivalence, security, or runtime behavior."
audit-artifacts/NABDAH_RECONCILIATION_API_ROUTE_MATCH_20260818.tsv,root_or_other,MAIN_ONLY,blob,,"Path/blob comparison only; it does not prove functional equivalence, security, or runtime behavior."
audit-artifacts/NABDAH_RECONCILIATION_BACKEND_ROUTES_20260818.tsv,root_or_other,MAIN_ONLY,blob,,"Path/blob comparison only; it does not prove functional equivalence, security, or runtime behavior."
audit-artifacts/NABDAH_RECONCILIATION_CURRENT_SOURCE_QA_20260818.md,root_or_other,MAIN_ONLY,blob,,"Path/blob comparison only; it does not prove functional equivalence, security, or runtime behavior."
audit-artifacts/NABDAH_RECONCILIATION_SOURCE_UI_MARKERS_20260818.tsv,root_or_other,MAIN_ONLY,blob,,"Path/blob comparison only; it does not prove functional equivalence, security, or runtime behavior."
audit-artifacts/NABDAH_REVIEW_HANDOVER_CURRENT_STATE_20260819.md,root_or_other,MAIN_ONLY,blob,,"Path/blob comparison only; it does not prove functional equivalence, security, or runtime behavior."
audit-artifacts/NABDAH_ROUTE_MATCH_RECONCILIATION_20260818.md,root_or_other,MAIN_ONLY,blob,,"Path/blob comparison only; it does not prove functional equivalence, security, or runtime behavior."
audit-artifacts/NABDAH_SCREEN_BUTTON_CONTRACT_INVENTORY_20260818.tsv,root_or_other,MAIN_ONLY,blob,,"Path/blob comparison only; it does not prove functional equivalence, security, or runtime behavior."
audit-artifacts/NABDAH_SCREEN_BUTTON_CONTRACT_UNIQUE_20260818.tsv,root_or_other,MAIN_ONLY,blob,,"Path/blob comparison only; it does not prove functional equivalence, security, or runtime behavior."
audit-artifacts/NABDAH_SMART_CATALOG_BACKFILL_REVIEWER_RUNBOOK_20260820.md,root_or_other,MAIN_ONLY,blob,,"Path/blob comparison only; it does not prove functional equivalence, security, or runtime behavior."
audit-artifacts/NABDAH_SOURCE_AUTHORITY_CORRECTION_20260818.md,root_or_other,MAIN_ONLY,blob,,"Path/blob comparison only; it does not prove functional equivalence, security, or runtime behavior."
audit-artifacts/NABDAH_SOURCE_AUTHORITY_VERIFICATION_20260818.md,root_or_other,MAIN_ONLY,blob,,"Path/blob comparison only; it does not prove functional equivalence, security, or runtime behavior."
audit-artifacts/NABDAH_SOURCE_MERGE_TRIAL_20260818.md,root_or_other,MAIN_ONLY,blob,,"Path/blob comparison only; it does not prove functional equivalence, security, or runtime behavior."
audit-artifacts/NABDAH_UNMATCHED_API_REVIEW_20260818.tsv,root_or_other,MAIN_ONLY,blob,,"Path/blob comparison only; it does not prove functional equivalence, security, or runtime behavior."
audit-artifacts/NEW_TRACK_SOURCE_INVENTORY_20260817.txt,root_or_other,MAIN_ONLY,blob,,"Path/blob comparison only; it does not prove functional equivalence, security, or runtime behavior."
audit-artifacts/PATIENT1_SELECTED_ORDER_20260818.json,root_or_other,MAIN_ONLY,blob,,"Path/blob comparison only; it does not prove functional equivalence, security, or runtime behavior."
audit-artifacts/PATIENT2_BOLA_CANCEL_BEFORE_AFTER_20260818.json,root_or_other,MAIN_ONLY,blob,,"Path/blob comparison only; it does not prove functional equivalence, security, or runtime behavior."
audit-artifacts/PATIENT2_BOLA_READ_20260818.json,root_or_other,MAIN_ONLY,blob,,"Path/blob comparison only; it does not prove functional equivalence, security, or runtime behavior."
audit-artifacts/PATIENT2_BOLA_REPORT_RECHECK_20260818.json,root_or_other,MAIN_ONLY,blob,,"Path/blob comparison only; it does not prove functional equivalence, security, or runtime behavior."
audit-artifacts/PATIENT_404_CONTRACT_CLASSIFICATION_20260818.md,root_or_other,MAIN_ONLY,blob,,"Path/blob comparison only; it does not prove functional equivalence, security, or runtime behavior."
audit-artifacts/PATIENT_CONSULTATION_CONSUMER_MAP_20260818.txt,root_or_other,MAIN_ONLY,blob,,"Path/blob comparison only; it does not prove functional equivalence, security, or runtime behavior."
audit-artifacts/PATIENT_CONSUMER_BACKEND_ROUTE_MAP_20260818.txt,root_or_other,MAIN_ONLY,blob,,"Path/blob comparison only; it does not prove functional equivalence, security, or runtime behavior."
audit-artifacts/PATIENT_EXACT_READ_PROBE_20260818.md,root_or_other,MAIN_ONLY,blob,,"Path/blob comparison only; it does not prove functional equivalence, security, or runtime behavior."
audit-artifacts/PATIENT_EXACT_READ_RETRY_20260818.json,root_or_other,MAIN_ONLY,blob,,"Path/blob comparison only; it does not prove functional equivalence, security, or runtime behavior."
audit-artifacts/PATIENT_EXACT_READ_ROUTE_CONTRACTS_20260818.md,root_or_other,MAIN_ONLY,blob,,"Path/blob comparison only; it does not prove functional equivalence, security, or runtime behavior."
audit-artifacts/PATIENT_QA_ROUTE_BUTTON_INVENTORY_20260818.txt,root_or_other,MAIN_ONLY,blob,,"Path/blob comparison only; it does not prove functional equivalence, security, or runtime behavior."
audit-artifacts/PATIENT_READONLY_LIVE_MATRIX_20260818.json,root_or_other,MAIN_ONLY,blob,,"Path/blob comparison only; it does not prove functional equivalence, security, or runtime behavior."
audit-artifacts/PATIENT_ROUTE_CONTRACT_RECONCILIATION_20260818.md,root_or_other,MAIN_ONLY,blob,,"Path/blob comparison only; it does not prove functional equivalence, security, or runtime behavior."
audit-artifacts/PATIENT_SINGLE_LOGIN_RETRY_20260818.json,root_or_other,MAIN_ONLY,blob,,"Path/blob comparison only; it does not prove functional equivalence, security, or runtime behavior."
audit-artifacts/PATIENT_SOURCE_INVENTORY_20260818.txt,root_or_other,MAIN_ONLY,blob,,"Path/blob comparison only; it does not prove functional equivalence, security, or runtime behavior."
audit-artifacts/PATIENT_WEB_BUILD_GUIDE.md,root_or_other,MAIN_ONLY,blob,,"Path/blob comparison only; it does not prove functional equivalence, security, or runtime behavior."
audit-artifacts/PATIENT_WEB_CONTRACT_PACK_V1.md,root_or_other,MAIN_ONLY,blob,,"Path/blob comparison only; it does not prove functional equivalence, security, or runtime behavior."
audit-artifacts/PHASE5_REVALIDATION_SUMMARY_20260818.md,root_or_other,MAIN_ONLY,blob,,"Path/blob comparison only; it does not prove functional equivalence, security, or runtime behavior."
audit-artifacts/PHASE6_STAGING_E2E_MATRIX_20260817.md,root_or_other,MAIN_ONLY,blob,,"Path/blob comparison only; it does not prove functional equivalence, security, or runtime behavior."
audit-artifacts/PLACEHOLDER_APP_ONLY_SCAN_20260818.txt,root_or_other,MAIN_ONLY,blob,,"Path/blob comparison only; it does not prove functional equivalence, security, or runtime behavior."
audit-artifacts/PLACEHOLDER_SUSPICIOUS_FINDINGS_20260818.md,root_or_other,MAIN_ONLY,blob,,"Path/blob comparison only; it does not prove functional equivalence, security, or runtime behavior."
audit-artifacts/POST_REMEDIATION_E2E_EXECUTION_PLAN.md,root_or_other,MAIN_ONLY,blob,,"Path/blob comparison only; it does not prove functional equivalence, security, or runtime behavior."
audit-artifacts/PRODUCTION_HEALTH_GATE_20260818.json,root_or_other,MAIN_ONLY,blob,,"Path/blob comparison only; it does not prove functional equivalence, security, or runtime behavior."
audit-artifacts/PROVIDER_ANDROID_EXPORT_METADATA_20260818.json,root_or_other,MAIN_ONLY,blob,,"Path/blob comparison only; it does not prove functional equivalence, security, or runtime behavior."
audit-artifacts/PROVIDER_API_CONSUMER_CALLS_20260818.txt,root_or_other,MAIN_ONLY,blob,,"Path/blob comparison only; it does not prove functional equivalence, security, or runtime behavior."
audit-artifacts/PROVIDER_API_CONSUMER_FINDINGS_20260818.md,root_or_other,MAIN_ONLY,blob,,"Path/blob comparison only; it does not prove functional equivalence, security, or runtime behavior."
audit-artifacts/PROVIDER_AUTH_CONTRACT_DRIFT_20260818.md,root_or_other,MAIN_ONLY,blob,,"Path/blob comparison only; it does not prove functional equivalence, security, or runtime behavior."
audit-artifacts/PROVIDER_AUTH_CONTROLLER_SOURCE_20260818.txt,root_or_other,MAIN_ONLY,blob,,"Path/blob comparison only; it does not prove functional equivalence, security, or runtime behavior."
audit-artifacts/PROVIDER_DOCTOR_EXACT_READ_20260818.json,root_or_other,MAIN_ONLY,blob,,"Path/blob comparison only; it does not prove functional equivalence, security, or runtime behavior."
audit-artifacts/PROVIDER_DOCTOR_SINGLE_LOGIN_20260818.json,root_or_other,MAIN_ONLY,blob,,"Path/blob comparison only; it does not prove functional equivalence, security, or runtime behavior."
audit-artifacts/PROVIDER_ENTRYPOINT_CANDIDATE_COMPARISON_20260818.md,root_or_other,MAIN_ONLY,blob,,"Path/blob comparison only; it does not prove functional equivalence, security, or runtime behavior."
audit-artifacts/PROVIDER_EXPO_BUILD_BLOCKER_20260818.md,root_or_other,MAIN_ONLY,blob,,"Path/blob comparison only; it does not prove functional equivalence, security, or runtime behavior."
audit-artifacts/PROVIDER_FAKE_ACTION_FINDINGS_20260818.md,root_or_other,MAIN_ONLY,blob,,"Path/blob comparison only; it does not prove functional equivalence, security, or runtime behavior."
audit-artifacts/PROVIDER_HARDCODED_BUSINESS_DATA_20260818.txt,root_or_other,MAIN_ONLY,blob,,"Path/blob comparison only; it does not prove functional equivalence, security, or runtime behavior."
audit-artifacts/PROVIDER_HOSPITAL_EXACT_READ_20260818.json,root_or_other,MAIN_ONLY,blob,,"Path/blob comparison only; it does not prove functional equivalence, security, or runtime behavior."
audit-artifacts/PROVIDER_HOSPITAL_SINGLE_LOGIN_20260818.json,root_or_other,MAIN_ONLY,blob,,"Path/blob comparison only; it does not prove functional equivalence, security, or runtime behavior."
audit-artifacts/PROVIDER_INTAKE_BACKEND_ROUTE_MAP_20260818.txt,root_or_other,MAIN_ONLY,blob,,"Path/blob comparison only; it does not prove functional equivalence, security, or runtime behavior."
audit-artifacts/PROVIDER_INTAKE_CONSUMER_MAP_20260818.txt,root_or_other,MAIN_ONLY,blob,,"Path/blob comparison only; it does not prove functional equivalence, security, or runtime behavior."
audit-artifacts/PROVIDER_LAB_EXACT_READ_20260818.json,root_or_other,MAIN_ONLY,blob,,"Path/blob comparison only; it does not prove functional equivalence, security, or runtime behavior."
audit-artifacts/PROVIDER_LAB_SINGLE_LOGIN_20260818.json,root_or_other,MAIN_ONLY,blob,,"Path/blob comparison only; it does not prove functional equivalence, security, or runtime behavior."
audit-artifacts/PROVIDER_MY_PROFILE_SOURCE_DRIFT_20260818.md,root_or_other,MAIN_ONLY,blob,,"Path/blob comparison only; it does not prove functional equivalence, security, or runtime behavior."
audit-artifacts/PROVIDER_NATIVE_PREBUILD_20260818.md,root_or_other,MAIN_ONLY,blob,,"Path/blob comparison only; it does not prove functional equivalence, security, or runtime behavior."
audit-artifacts/PROVIDER_NURSING_EXACT_READ_20260818.json,root_or_other,MAIN_ONLY,blob,,"Path/blob comparison only; it does not prove functional equivalence, security, or runtime behavior."
audit-artifacts/PROVIDER_NURSING_SINGLE_LOGIN_20260818.json,root_or_other,MAIN_ONLY,blob,,"Path/blob comparison only; it does not prove functional equivalence, security, or runtime behavior."
audit-artifacts/PROVIDER_OPERATIONAL_ROUTE_CATALOG_20260818.md,root_or_other,MAIN_ONLY,blob,,"Path/blob comparison only; it does not prove functional equivalence, security, or runtime behavior."
audit-artifacts/PROVIDER_PHARMACY_CORRECT_BROADCAST_READ_20260818.json,root_or_other,MAIN_ONLY,blob,,"Path/blob comparison only; it does not prove functional equivalence, security, or runtime behavior."
audit-artifacts/PROVIDER_PHARMACY_EXACT_READ_20260818.json,root_or_other,MAIN_ONLY,blob,,"Path/blob comparison only; it does not prove functional equivalence, security, or runtime behavior."
audit-artifacts/PROVIDER_PHARMACY_HISTORY_LIVE_RECHECK_20260818.json,root_or_other,MAIN_ONLY,blob,,"Path/blob comparison only; it does not prove functional equivalence, security, or runtime behavior."
audit-artifacts/PROVIDER_PHARMACY_SINGLE_LOGIN_20260818.json,root_or_other,MAIN_ONLY,blob,,"Path/blob comparison only; it does not prove functional equivalence, security, or runtime behavior."
audit-artifacts/PROVIDER_RADIOLOGY_EXACT_READ_20260818.json,root_or_other,MAIN_ONLY,blob,,"Path/blob comparison only; it does not prove functional equivalence, security, or runtime behavior."
audit-artifacts/PROVIDER_RADIOLOGY_SINGLE_LOGIN_20260818.json,root_or_other,MAIN_ONLY,blob,,"Path/blob comparison only; it does not prove functional equivalence, security, or runtime behavior."
audit-artifacts/PROVIDER_READONLY_FINDINGS_20260818.md,root_or_other,MAIN_ONLY,blob,,"Path/blob comparison only; it does not prove functional equivalence, security, or runtime behavior."
audit-artifacts/PROVIDER_READONLY_LIVE_MATRIX_20260818.json,root_or_other,MAIN_ONLY,blob,,"Path/blob comparison only; it does not prove functional equivalence, security, or runtime behavior."
audit-artifacts/PROVIDER_REGISTRATION_DEFAULTS_POSTFIX_SCAN_20260818.txt,root_or_other,MAIN_ONLY,blob,,"Path/blob comparison only; it does not prove functional equivalence, security, or runtime behavior."
audit-artifacts/PROVIDER_REGISTRATION_DEFAULTS_SCAN_20260818.txt,root_or_other,MAIN_ONLY,blob,,"Path/blob comparison only; it does not prove functional equivalence, security, or runtime behavior."
audit-artifacts/PROVIDER_REGISTRATION_VALIDATION_AUDIT_20260818.md,root_or_other,MAIN_ONLY,blob,,"Path/blob comparison only; it does not prove functional equivalence, security, or runtime behavior."
audit-artifacts/PROVIDER_SCREEN_CONTROLLER_INVENTORY_20260818.md,root_or_other,MAIN_ONLY,blob,,"Path/blob comparison only; it does not prove functional equivalence, security, or runtime behavior."
audit-artifacts/PROVIDER_SOURCE_INVENTORY_20260818.txt,root_or_other,MAIN_ONLY,blob,,"Path/blob comparison only; it does not prove functional equivalence, security, or runtime behavior."
audit-artifacts/PROVIDER_SPECIALTY_CONTRACT_MAP_20260818.md,root_or_other,MAIN_ONLY,blob,,"Path/blob comparison only; it does not prove functional equivalence, security, or runtime behavior."
audit-artifacts/QR_VERIFIER_CONTRACT_REVIEW_DRAFT_20260817.md,root_or_other,MAIN_ONLY,blob,,"Path/blob comparison only; it does not prove functional equivalence, security, or runtime behavior."
audit-artifacts/REAL_DEVICE_CHECKLIST.md,root_or_other,MAIN_ONLY,blob,,"Path/blob comparison only; it does not prove functional equivalence, security, or runtime behavior."
audit-artifacts/UNIFIED_INSURANCE_CATALOG_CONSUMER_AUDIT_20260820.md,root_or_other,MAIN_ONLY,blob,,"Path/blob comparison only; it does not prove functional equivalence, security, or runtime behavior."
audit-artifacts/insurance_catalog_api_consumers_20260820.txt,root_or_other,MAIN_ONLY,blob,,"Path/blob comparison only; it does not prove functional equivalence, security, or runtime behavior."
audit-artifacts/insurance_catalog_consumers_raw_20260820.txt,root_or_other,MAIN_ONLY,blob,,"Path/blob comparison only; it does not prove functional equivalence, security, or runtime behavior."
audit-artifacts/insurance_catalog_final_operational_static_scan_20260820.txt,root_or_other,MAIN_ONLY,blob,,"Path/blob comparison only; it does not prove functional equivalence, security, or runtime behavior."
audit-artifacts/insurance_catalog_final_operational_static_scan_20260820.txt.filtered,root_or_other,MAIN_ONLY,blob,,"Path/blob comparison only; it does not prove functional equivalence, security, or runtime behavior."
audit-artifacts/insurance_catalog_onboarding_profile_excerpt_20260820.txt,root_or_other,MAIN_ONLY,blob,,"Path/blob comparison only; it does not prove functional equivalence, security, or runtime behavior."
audit-artifacts/insurance_catalog_postfix_static_scan_20260820.txt,root_or_other,MAIN_ONLY,blob,,"Path/blob comparison only; it does not prove functional equivalence, security, or runtime behavior."
audit-artifacts/insurance_catalog_static_or_mock_candidates_20260820.txt,root_or_other,MAIN_ONLY,blob,,"Path/blob comparison only; it does not prove functional equivalence, security, or runtime behavior."
audit-artifacts/nabd-patient-api-openapi.json,root_or_other,MAIN_ONLY,blob,,"Path/blob comparison only; it does not prove functional equivalence, security, or runtime behavior."
audit-artifacts/patient_insurance_screen_source_classification_20260820.txt,root_or_other,MAIN_ONLY,blob,,"Path/blob comparison only; it does not prove functional equivalence, security, or runtime behavior."
audit-artifacts/patient_service_insurance_static_audit_20260820.txt,root_or_other,MAIN_ONLY,blob,,"Path/blob comparison only; it does not prove functional equivalence, security, or runtime behavior."
audit-artifacts/provider_admin_insurance_screen_source_classification_20260820.txt,root_or_other,MAIN_ONLY,blob,,"Path/blob comparison only; it does not prove functional equivalence, security, or runtime behavior."
audit-artifacts/provider_dashboard_insurance_static_audit_20260820.txt,root_or_other,MAIN_ONLY,blob,,"Path/blob comparison only; it does not prove functional equivalence, security, or runtime behavior."
backend/Dockerfile,backend,WORKSTATION_ONLY,,blob,"Path/blob comparison only; it does not prove functional equivalence, security, or runtime behavior."
backend/Dockerfile.production,backend,WORKSTATION_ONLY,,blob,"Path/blob comparison only; it does not prove functional equivalence, security, or runtime behavior."
backend/ENVIRONMENT.md,backend,WORKSTATION_ONLY,,blob,"Path/blob comparison only; it does not prove functional equivalence, security, or runtime behavior."
backend/assets/insurance-logos/README.md,backend,WORKSTATION_ONLY,,blob,"Path/blob comparison only; it does not prove functional equivalence, security, or runtime behavior."
backend/assets/insurance-logos/acig.webp,backend,WORKSTATION_ONLY,,blob,"Path/blob comparison only; it does not prove functional equivalence, security, or runtime behavior."
backend/assets/insurance-logos/al_rajhi_takaful.webp,backend,WORKSTATION_ONLY,,blob,"Path/blob comparison only; it does not prove functional equivalence, security, or runtime behavior."
backend/assets/insurance-logos/al_sagr.webp,backend,WORKSTATION_ONLY,,blob,"Path/blob comparison only; it does not prove functional equivalence, security, or runtime behavior."
backend/assets/insurance-logos/aljazira_takaful.webp,backend,WORKSTATION_ONLY,,blob,"Path/blob comparison only; it does not prove functional equivalence, security, or runtime behavior."
backend/assets/insurance-logos/amana.webp,backend,WORKSTATION_ONLY,,blob,"Path/blob comparison only; it does not prove functional equivalence, security, or runtime behavior."
backend/assets/insurance-logos/arabia_insurance.webp,backend,WORKSTATION_ONLY,,blob,"Path/blob comparison only; it does not prove functional equivalence, security, or runtime behavior."
backend/assets/insurance-logos/arabian_shield.webp,backend,WORKSTATION_ONLY,,blob,"Path/blob comparison only; it does not prove functional equivalence, security, or runtime behavior."
backend/assets/insurance-logos/bupa.webp,backend,WORKSTATION_ONLY,,blob,"Path/blob comparison only; it does not prove functional equivalence, security, or runtime behavior."
backend/assets/insurance-logos/chubb_arabia.webp,backend,WORKSTATION_ONLY,,blob,"Path/blob comparison only; it does not prove functional equivalence, security, or runtime behavior."
backend/assets/insurance-logos/cigna.webp,backend,WORKSTATION_ONLY,,blob,"Path/blob comparison only; it does not prove functional equivalence, security, or runtime behavior."
backend/assets/insurance-logos/gig_gulf.webp,backend,WORKSTATION_ONLY,,blob,"Path/blob comparison only; it does not prove functional equivalence, security, or runtime behavior."
backend/assets/insurance-logos/gulf_general.webp,backend,WORKSTATION_ONLY,,blob,"Path/blob comparison only; it does not prove functional equivalence, security, or runtime behavior."
backend/assets/insurance-logos/liva.webp,backend,WORKSTATION_ONLY,,blob,"Path/blob comparison only; it does not prove functional equivalence, security, or runtime behavior."
backend/assets/insurance-logos/manifest.json,backend,WORKSTATION_ONLY,,blob,"Path/blob comparison only; it does not prove functional equivalence, security, or runtime behavior."
backend/assets/insurance-logos/medgulf.webp,backend,WORKSTATION_ONLY,,blob,"Path/blob comparison only; it does not prove functional equivalence, security, or runtime behavior."
backend/assets/insurance-logos/saico.webp,backend,WORKSTATION_ONLY,,blob,"Path/blob comparison only; it does not prove functional equivalence, security, or runtime behavior."
backend/assets/insurance-logos/salama.webp,backend,WORKSTATION_ONLY,,blob,"Path/blob comparison only; it does not prove functional equivalence, security, or runtime behavior."
backend/assets/insurance-logos/saudi_enaya.webp,backend,WORKSTATION_ONLY,,blob,"Path/blob comparison only; it does not prove functional equivalence, security, or runtime behavior."
backend/assets/insurance-logos/tawuniya.webp,backend,WORKSTATION_ONLY,,blob,"Path/blob comparison only; it does not prove functional equivalence, security, or runtime behavior."
backend/assets/insurance-logos/walaa.webp,backend,WORKSTATION_ONLY,,blob,"Path/blob comparison only; it does not prove functional equivalence, security, or runtime behavior."
backend/docker-compose.prod.yml,backend,WORKSTATION_ONLY,,blob,"Path/blob comparison only; it does not prove functional equivalence, security, or runtime behavior."
backend/docker-compose.yml,backend,WORKSTATION_ONLY,,blob,"Path/blob comparison only; it does not prove functional equivalence, security, or runtime behavior."
backend/e2e/README.md,backend,WORKSTATION_ONLY,,blob,"Path/blob comparison only; it does not prove functional equivalence, security, or runtime behavior."
backend/e2e/a1-security-pentest.js,backend,WORKSTATION_ONLY,,blob,"Path/blob comparison only; it does not prove functional equivalence, security, or runtime behavior."
backend/e2e/boot.js,backend,WORKSTATION_ONLY,,blob,"Path/blob comparison only; it does not prove functional equivalence, security, or runtime behavior."
backend/e2e/governing-rules.js,backend,WORKSTATION_ONLY,,blob,"Path/blob comparison only; it does not prove functional equivalence, security, or runtime behavior."
backend/e2e/matrix.js,backend,WORKSTATION_ONLY,,blob,"Path/blob comparison only; it does not prove functional equivalence, security, or runtime behavior."
backend/e2e/matrix2.js,backend,WORKSTATION_ONLY,,blob,"Path/blob comparison only; it does not prove functional equivalence, security, or runtime behavior."
backend/e2e/package-lock.json,backend,WORKSTATION_ONLY,,blob,"Path/blob comparison only; it does not prove functional equivalence, security, or runtime behavior."
backend/e2e/package.json,backend,WORKSTATION_ONLY,,blob,"Path/blob comparison only; it does not prove functional equivalence, security, or runtime behavior."
backend/e2e/pharmacy-scenarios.js,backend,WORKSTATION_ONLY,,blob,"Path/blob comparison only; it does not prove functional equivalence, security, or runtime behavior."
backend/e2e/provider-production.js,backend,WORKSTATION_ONLY,,blob,"Path/blob comparison only; it does not prove functional equivalence, security, or runtime behavior."
backend/e2e/provider-verticals.js,backend,WORKSTATION_ONLY,,blob,"Path/blob comparison only; it does not prove functional equivalence, security, or runtime behavior."
backend/e2e/run-all-gates.js,backend,WORKSTATION_ONLY,,blob,"Path/blob comparison only; it does not prove functional equivalence, security, or runtime behavior."
backend/infra/docker-compose.infra.yml,backend,WORKSTATION_ONLY,,blob,"Path/blob comparison only; it does not prove functional equivalence, security, or runtime behavior."
backend/infra/fastapi/ai_routes.py,backend,WORKSTATION_ONLY,,blob,"Path/blob comparison only; it does not prove functional equivalence, security, or runtime behavior."
backend/infra/fastapi/ai_service.py,backend,WORKSTATION_ONLY,,blob,"Path/blob comparison only; it does not prove functional equivalence, security, or runtime behavior."
backend/infra/fastapi/import_etl_products.py,backend,WORKSTATION_ONLY,,blob,"Path/blob comparison only; it does not prove functional equivalence, security, or runtime behavior."
backend/infra/fastapi/nestjs_proxy.py,backend,WORKSTATION_ONLY,,blob,"Path/blob comparison only; it does not prove functional equivalence, security, or runtime behavior."
backend/infra/fastapi/requirements.txt,backend,WORKSTATION_ONLY,,blob,"Path/blob comparison only; it does not prove functional equivalence, security, or runtime behavior."
backend/infra/fastapi/seed_dev.py,backend,WORKSTATION_ONLY,,blob,"Path/blob comparison only; it does not prove functional equivalence, security, or runtime behavior."
backend/infra/fastapi/server.py,backend,WORKSTATION_ONLY,,blob,"Path/blob comparison only; it does not prove functional equivalence, security, or runtime behavior."
backend/infra/fastapi/setup_server.sh,backend,WORKSTATION_ONLY,,blob,"Path/blob comparison only; it does not prove functional equivalence, security, or runtime behavior."
backend/infra/fastapi/tests/conftest.py,backend,WORKSTATION_ONLY,,blob,"Path/blob comparison only; it does not prove functional equivalence, security, or runtime behavior."
backend/infra/fastapi/tests/test_nabd_backend.py,backend,WORKSTATION_ONLY,,blob,"Path/blob comparison only; it does not prove functional equivalence, security, or runtime behavior."
backend/infra/livekit.yaml,backend,WORKSTATION_ONLY,,blob,"Path/blob comparison only; it does not prove functional equivalence, security, or runtime behavior."
backend/infra/turnserver.conf,backend,WORKSTATION_ONLY,,blob,"Path/blob comparison only; it does not prove functional equivalence, security, or runtime behavior."
backend/jest.boot.config.js,backend,WORKSTATION_ONLY,,blob,"Path/blob comparison only; it does not prove functional equivalence, security, or runtime behavior."
backend/nest-cli.json,backend,WORKSTATION_ONLY,,blob,"Path/blob comparison only; it does not prove functional equivalence, security, or runtime behavior."
backend/ocr_worker.py,backend,WORKSTATION_ONLY,,blob,"Path/blob comparison only; it does not prove functional equivalence, security, or runtime behavior."
backend/package-lock.json,backend,WORKSTATION_ONLY,,blob,"Path/blob comparison only; it does not prove functional equivalence, security, or runtime behavior."
backend/package.json,backend,WORKSTATION_ONLY,,blob,"Path/blob comparison only; it does not prove functional equivalence, security, or runtime behavior."
backend/scripts/backfill-catalog-governance.ts,backend,WORKSTATION_ONLY,,blob,"Path/blob comparison only; it does not prove functional equivalence, security, or runtime behavior."
backend/scripts/db-backup-restore.sh,backend,WORKSTATION_ONLY,,blob,"Path/blob comparison only; it does not prove functional equivalence, security, or runtime behavior."
backend/scripts/deploy.sh,backend,WORKSTATION_ONLY,,blob,"Path/blob comparison only; it does not prove functional equivalence, security, or runtime behavior."
backend/scripts/mail-smoke.js,backend,WORKSTATION_ONLY,,blob,"Path/blob comparison only; it does not prove functional equivalence, security, or runtime behavior."
backend/scripts/publish-insurance-logo-assets.ts,backend,WORKSTATION_ONLY,,blob,"Path/blob comparison only; it does not prove functional equivalence, security, or runtime behavior."
backend/scripts/reconcile-insurance-catalog.ts,backend,WORKSTATION_ONLY,,blob,"Path/blob comparison only; it does not prove functional equivalence, security, or runtime behavior."
backend/scripts/seed-articles.ts,backend,WORKSTATION_ONLY,,blob,"Path/blob comparison only; it does not prove functional equivalence, security, or runtime behavior."
backend/scripts/seed-insurance-companies.ts,backend,WORKSTATION_ONLY,,blob,"Path/blob comparison only; it does not prove functional equivalence, security, or runtime behavior."
backend/scripts/seed-loyalty.ts,backend,WORKSTATION_ONLY,,blob,"Path/blob comparison only; it does not prove functional equivalence, security, or runtime behavior."
backend/scripts/seed-medicines.js,backend,WORKSTATION_ONLY,,blob,"Path/blob comparison only; it does not prove functional equivalence, security, or runtime behavior."
backend/scripts/seed_test_providers.js,backend,WORKSTATION_ONLY,,blob,"Path/blob comparison only; it does not prove functional equivalence, security, or runtime behavior."
backend/scripts/seed_test_providers.ts.bak,backend,WORKSTATION_ONLY,,blob,"Path/blob comparison only; it does not prove functional equivalence, security, or runtime behavior."
backend/scripts/test-extensions.ts,backend,WORKSTATION_ONLY,,blob,"Path/blob comparison only; it does not prove functional equivalence, security, or runtime behavior."
backend/scripts/test-flow.js,backend,WORKSTATION_ONLY,,blob,"Path/blob comparison only; it does not prove functional equivalence, security, or runtime behavior."
backend/src/app.module.ts,backend,WORKSTATION_ONLY,,blob,"Path/blob comparison only; it does not prove functional equivalence, security, or runtime behavior."
backend/src/assets/fonts/Amiri-Regular.ttf,backend,WORKSTATION_ONLY,,blob,"Path/blob comparison only; it does not prove functional equivalence, security, or runtime behavior."
backend/src/assets/fonts/NotoNaskhArabic-Bold.ttf,backend,WORKSTATION_ONLY,,blob,"Path/blob comparison only; it does not prove functional equivalence, security, or runtime behavior."
backend/src/assets/fonts/NotoNaskhArabic-Regular.ttf,backend,WORKSTATION_ONLY,,blob,"Path/blob comparison only; it does not prove functional equivalence, security, or runtime behavior."
backend/src/common/audit-log.interceptor.spec.ts,backend,WORKSTATION_ONLY,,blob,"Path/blob comparison only; it does not prove functional equivalence, security, or runtime behavior."
backend/src/common/audit-log.interceptor.ts,backend,WORKSTATION_ONLY,,blob,"Path/blob comparison only; it does not prove functional equivalence, security, or runtime behavior."
backend/src/common/auth.guard.spec.ts,backend,WORKSTATION_ONLY,,blob,"Path/blob comparison only; it does not prove functional equivalence, security, or runtime behavior."
backend/src/common/auth.guard.ts,backend,WORKSTATION_ONLY,,blob,"Path/blob comparison only; it does not prove functional equivalence, security, or runtime behavior."
backend/src/common/correlation.middleware.ts,backend,WORKSTATION_ONLY,,blob,"Path/blob comparison only; it does not prove functional equivalence, security, or runtime behavior."
backend/src/common/database/audit.plugin.ts,backend,WORKSTATION_ONLY,,blob,"Path/blob comparison only; it does not prove functional equivalence, security, or runtime behavior."
backend/src/common/database/base.repository.ts,backend,WORKSTATION_ONLY,,blob,"Path/blob comparison only; it does not prove functional equivalence, security, or runtime behavior."
backend/src/common/database/mongo.repository.ts,backend,WORKSTATION_ONLY,,blob,"Path/blob comparison only; it does not prove functional equivalence, security, or runtime behavior."
backend/src/common/enums.ts,backend,WORKSTATION_ONLY,,blob,"Path/blob comparison only; it does not prove functional equivalence, security, or runtime behavior."
backend/src/common/events.ts,backend,WORKSTATION_ONLY,,blob,"Path/blob comparison only; it does not prove functional equivalence, security, or runtime behavior."
backend/src/common/guards/device-limit.guard.ts,backend,WORKSTATION_ONLY,,blob,"Path/blob comparison only; it does not prove functional equivalence, security, or runtime behavior."
backend/src/common/guards/velocity.guard.ts,backend,WORKSTATION_ONLY,,blob,"Path/blob comparison only; it does not prove functional equivalence, security, or runtime behavior."
backend/src/common/idempotency.interceptor.spec.ts,backend,WORKSTATION_ONLY,,blob,"Path/blob comparison only; it does not prove functional equivalence, security, or runtime behavior."
backend/src/common/idempotency.interceptor.ts,backend,WORKSTATION_ONLY,,blob,"Path/blob comparison only; it does not prove functional equivalence, security, or runtime behavior."
backend/src/common/permissions.ts,backend,WORKSTATION_ONLY,,blob,"Path/blob comparison only; it does not prove functional equivalence, security, or runtime behavior."
backend/src/common/rbac.ts,backend,WORKSTATION_ONLY,,blob,"Path/blob comparison only; it does not prove functional equivalence, security, or runtime behavior."
backend/src/common/redis-cache.interceptor.ts,backend,WORKSTATION_ONLY,,blob,"Path/blob comparison only; it does not prove functional equivalence, security, or runtime behavior."
backend/src/common/sentry.filter.ts,backend,WORKSTATION_ONLY,,blob,"Path/blob comparison only; it does not prove functional equivalence, security, or runtime behavior."
backend/src/common/slug.util.ts,backend,WORKSTATION_ONLY,,blob,"Path/blob comparison only; it does not prove functional equivalence, security, or runtime behavior."
backend/src/common/tracking.ts,backend,WORKSTATION_ONLY,,blob,"Path/blob comparison only; it does not prove functional equivalence, security, or runtime behavior."
backend/src/common/validators/iqama.validator.ts,backend,WORKSTATION_ONLY,,blob,"Path/blob comparison only; it does not prove functional equivalence, security, or runtime behavior."
backend/src/common/validators/password.validator.ts,backend,WORKSTATION_ONLY,,blob,"Path/blob comparison only; it does not prove functional equivalence, security, or runtime behavior."
backend/src/common/validators/saudi-phone.validator.ts,backend,WORKSTATION_ONLY,,blob,"Path/blob comparison only; it does not prove functional equivalence, security, or runtime behavior."
backend/src/config/configured-io.adapter.ts,backend,WORKSTATION_ONLY,,blob,"Path/blob comparison only; it does not prove functional equivalence, security, or runtime behavior."
backend/src/config/env.validation.ts,backend,WORKSTATION_ONLY,,blob,"Path/blob comparison only; it does not prove functional equivalence, security, or runtime behavior."
backend/src/config/openapi.config.ts,backend,WORKSTATION_ONLY,,blob,"Path/blob comparison only; it does not prove functional equivalence, security, or runtime behavior."
backend/src/config/websocket-cors.spec.ts,backend,WORKSTATION_ONLY,,blob,"Path/blob comparison only; it does not prove functional equivalence, security, or runtime behavior."
backend/src/config/websocket-cors.ts,backend,WORKSTATION_ONLY,,blob,"Path/blob comparison only; it does not prove functional equivalence, security, or runtime behavior."
backend/src/contracts/catalog-governance-backfill.contract.spec.ts,backend,WORKSTATION_ONLY,,blob,"Path/blob comparison only; it does not prove functional equivalence, security, or runtime behavior."
backend/src/contracts/insurance-openapi.contract.spec.ts,backend,WORKSTATION_ONLY,,blob,"Path/blob comparison only; it does not prove functional equivalence, security, or runtime behavior."
backend/src/contracts/mongoose-indexes.contract.spec.ts,backend,WORKSTATION_ONLY,,blob,"Path/blob comparison only; it does not prove functional equivalence, security, or runtime behavior."
backend/src/contracts/ownership-controllers.spec.ts,backend,WORKSTATION_ONLY,,blob,"Path/blob comparison only; it does not prove functional equivalence, security, or runtime behavior."
backend/src/contracts/phase6-contracts.spec.ts,backend,WORKSTATION_ONLY,,blob,"Path/blob comparison only; it does not prove functional equivalence, security, or runtime behavior."
backend/src/contracts/phase6-contracts.ts,backend,WORKSTATION_ONLY,,blob,"Path/blob comparison only; it does not prove functional equivalence, security, or runtime behavior."
backend/src/contracts/provider-availability.contract.spec.ts,backend,WORKSTATION_ONLY,,blob,"Path/blob comparison only; it does not prove functional equivalence, security, or runtime behavior."
backend/src/health.controller.ts,backend,WORKSTATION_ONLY,,blob,"Path/blob comparison only; it does not prove functional equivalence, security, or runtime behavior."
backend/src/main.ts,backend,WORKSTATION_ONLY,,blob,"Path/blob comparison only; it does not prove functional equivalence, security, or runtime behavior."
backend/src/modules/admin-authority/admin-authority.module.ts,backend,WORKSTATION_ONLY,,blob,"Path/blob comparison only; it does not prove functional equivalence, security, or runtime behavior."
backend/src/modules/admin-command-center/admin-command-center.module.ts,backend,WORKSTATION_ONLY,,blob,"Path/blob comparison only; it does not prove functional equivalence, security, or runtime behavior."
backend/src/modules/admin-enterprise/admin-analytics.controller.ts,backend,WORKSTATION_ONLY,,blob,"Path/blob comparison only; it does not prove functional equivalence, security, or runtime behavior."
backend/src/modules/admin-enterprise/admin-cms.controller.ts,backend,WORKSTATION_ONLY,,blob,"Path/blob comparison only; it does not prove functional equivalence, security, or runtime behavior."
backend/src/modules/admin-enterprise/admin-coupons.controller.ts,backend,WORKSTATION_ONLY,,blob,"Path/blob comparison only; it does not prove functional equivalence, security, or runtime behavior."
backend/src/modules/admin-enterprise/admin-crm.controller.ts,backend,WORKSTATION_ONLY,,blob,"Path/blob comparison only; it does not prove functional equivalence, security, or runtime behavior."
backend/src/modules/admin-enterprise/admin-disputes.controller.ts,backend,WORKSTATION_ONLY,,blob,"Path/blob comparison only; it does not prove functional equivalence, security, or runtime behavior."
backend/src/modules/admin-enterprise/admin-enterprise.module.ts,backend,WORKSTATION_ONLY,,blob,"Path/blob comparison only; it does not prove functional equivalence, security, or runtime behavior."
backend/src/modules/admin-enterprise/admin-finance.controller.ts,backend,WORKSTATION_ONLY,,blob,"Path/blob comparison only; it does not prove functional equivalence, security, or runtime behavior."
backend/src/modules/admin-enterprise/admin-ops.controller.ts,backend,WORKSTATION_ONLY,,blob,"Path/blob comparison only; it does not prove functional equivalence, security, or runtime behavior."
backend/src/modules/admin-enterprise/admin-orders.controller.ts,backend,WORKSTATION_ONLY,,blob,"Path/blob comparison only; it does not prove functional equivalence, security, or runtime behavior."
backend/src/modules/admin-enterprise/admin-security.controller.ts,backend,WORKSTATION_ONLY,,blob,"Path/blob comparison only; it does not prove functional equivalence, security, or runtime behavior."
backend/src/modules/admin-enterprise/admin-segments.controller.ts,backend,WORKSTATION_ONLY,,blob,"Path/blob comparison only; it does not prove functional equivalence, security, or runtime behavior."
backend/src/modules/admin-enterprise/analytics-suite.service.ts,backend,WORKSTATION_ONLY,,blob,"Path/blob comparison only; it does not prove functional equivalence, security, or runtime behavior."
backend/src/modules/admin-enterprise/audit.service.ts,backend,WORKSTATION_ONLY,,blob,"Path/blob comparison only; it does not prove functional equivalence, security, or runtime behavior."
backend/src/modules/admin-enterprise/command-center-v2.controller.ts,backend,WORKSTATION_ONLY,,blob,"Path/blob comparison only; it does not prove functional equivalence, security, or runtime behavior."
backend/src/modules/admin-enterprise/finance-suite.service.ts,backend,WORKSTATION_ONLY,,blob,"Path/blob comparison only; it does not prove functional equivalence, security, or runtime behavior."
backend/src/modules/admin-enterprise/orders-console.service.ts,backend,WORKSTATION_ONLY,,blob,"Path/blob comparison only; it does not prove functional equivalence, security, or runtime behavior."
backend/src/modules/admin-enterprise/patient-gdpr.controller.ts,backend,WORKSTATION_ONLY,,blob,"Path/blob comparison only; it does not prove functional equivalence, security, or runtime behavior."
backend/src/modules/admin-enterprise/scheduled-reports.runner.ts,backend,WORKSTATION_ONLY,,blob,"Path/blob comparison only; it does not prove functional equivalence, security, or runtime behavior."
backend/src/modules/admin-enterprise/segments.engine.ts,backend,WORKSTATION_ONLY,,blob,"Path/blob comparison only; it does not prove functional equivalence, security, or runtime behavior."
backend/src/modules/admin-governance/admin-governance.module.ts,backend,WORKSTATION_ONLY,,blob,"Path/blob comparison only; it does not prove functional equivalence, security, or runtime behavior."
backend/src/modules/admin-governance/b2b.controller.ts,backend,WORKSTATION_ONLY,,blob,"Path/blob comparison only; it does not prove functional equivalence, security, or runtime behavior."
backend/src/modules/admin-governance/system-config.controller.ts,backend,WORKSTATION_ONLY,,blob,"Path/blob comparison only; it does not prove functional equivalence, security, or runtime behavior."
backend/src/modules/admin-notification-center/admin-notification-center.contract.spec.ts,backend,WORKSTATION_ONLY,,blob,"Path/blob comparison only; it does not prove functional equivalence, security, or runtime behavior."
backend/src/modules/admin-notification-center/admin-notification-center.module.ts,backend,WORKSTATION_ONLY,,blob,"Path/blob comparison only; it does not prove functional equivalence, security, or runtime behavior."
backend/src/modules/admin-web-core/admin-web-core.module.ts,backend,WORKSTATION_ONLY,,blob,"Path/blob comparison only; it does not prove functional equivalence, security, or runtime behavior."
backend/src/modules/admin-web-core/controllers/admin-config.controller.ts,backend,WORKSTATION_ONLY,,blob,"Path/blob comparison only; it does not prove functional equivalence, security, or runtime behavior."
backend/src/modules/admin-web-core/controllers/admin-extended-operations.controller.ts,backend,WORKSTATION_ONLY,,blob,"Path/blob comparison only; it does not prove functional equivalence, security, or runtime behavior."
backend/src/modules/admin-web-core/controllers/admin-governance.controller.spec.ts,backend,WORKSTATION_ONLY,,blob,"Path/blob comparison only; it does not prove functional equivalence, security, or runtime behavior."
backend/src/modules/admin-web-core/controllers/admin-governance.controller.ts,backend,WORKSTATION_ONLY,,blob,"Path/blob comparison only; it does not prove functional equivalence, security, or runtime behavior."
backend/src/modules/admin-web-core/controllers/analytics.controller.ts,backend,WORKSTATION_ONLY,,blob,"Path/blob comparison only; it does not prove functional equivalence, security, or runtime behavior."
backend/src/modules/admin-web-core/controllers/finance.controller.ts,backend,WORKSTATION_ONLY,,blob,"Path/blob comparison only; it does not prove functional equivalence, security, or runtime behavior."
backend/src/modules/admin-web-core/controllers/provider-moderation.controller.ts,backend,WORKSTATION_ONLY,,blob,"Path/blob comparison only; it does not prove functional equivalence, security, or runtime behavior."
backend/src/modules/admin-web-core/controllers/system-health.controller.ts,backend,WORKSTATION_ONLY,,blob,"Path/blob comparison only; it does not prove functional equivalence, security, or runtime behavior."
backend/src/modules/admin-web-core/guards/roles.guard.ts,backend,WORKSTATION_ONLY,,blob,"Path/blob comparison only; it does not prove functional equivalence, security, or runtime behavior."
backend/src/modules/admin-web-core/schemas/audit-log.schema.ts,backend,WORKSTATION_ONLY,,blob,"Path/blob comparison only; it does not prove functional equivalence, security, or runtime behavior."
backend/src/modules/admin-web-core/schemas/commission-ledger.schema.ts,backend,WORKSTATION_ONLY,,blob,"Path/blob comparison only; it does not prove functional equivalence, security, or runtime behavior."
backend/src/modules/admin-web-core/schemas/fraud-alert.schema.ts,backend,WORKSTATION_ONLY,,blob,"Path/blob comparison only; it does not prove functional equivalence, security, or runtime behavior."
backend/src/modules/admin-web-core/schemas/heatmap-data.schema.ts,backend,WORKSTATION_ONLY,,blob,"Path/blob comparison only; it does not prove functional equivalence, security, or runtime behavior."
backend/src/modules/admin-web-core/schemas/procurement-request.schema.ts,backend,WORKSTATION_ONLY,,blob,"Path/blob comparison only; it does not prove functional equivalence, security, or runtime behavior."
backend/src/modules/admin-web-core/schemas/provider-delta.schema.ts,backend,WORKSTATION_ONLY,,blob,"Path/blob comparison only; it does not prove functional equivalence, security, or runtime behavior."
backend/src/modules/admin-web-core/schemas/provider.schema.ts,backend,WORKSTATION_ONLY,,blob,"Path/blob comparison only; it does not prove functional equivalence, security, or runtime behavior."
backend/src/modules/admin-web-core/schemas/system-config-extended.schema.ts,backend,WORKSTATION_ONLY,,blob,"Path/blob comparison only; it does not prove functional equivalence, security, or runtime behavior."
backend/src/modules/admin-web-core/schemas/withdrawal-request.schema.ts,backend,WORKSTATION_ONLY,,blob,"Path/blob comparison only; it does not prove functional equivalence, security, or runtime behavior."
backend/src/modules/admin/admin.controller.ts,backend,WORKSTATION_ONLY,,blob,"Path/blob comparison only; it does not prove functional equivalence, security, or runtime behavior."
backend/src/modules/admin/admin.module.ts,backend,WORKSTATION_ONLY,,blob,"Path/blob comparison only; it does not prove functional equivalence, security, or runtime behavior."
backend/src/modules/ai/ai-gateway.service.ts,backend,WORKSTATION_ONLY,,blob,"Path/blob comparison only; it does not prove functional equivalence, security, or runtime behavior."
backend/src/modules/ai/ai-provider.service.ts,backend,WORKSTATION_ONLY,,blob,"Path/blob comparison only; it does not prove functional equivalence, security, or runtime behavior."
backend/src/modules/ai/ai.admin-containment.spec.ts,backend,WORKSTATION_ONLY,,blob,"Path/blob comparison only; it does not prove functional equivalence, security, or runtime behavior."
backend/src/modules/ai/ai.controller.ts,backend,WORKSTATION_ONLY,,blob,"Path/blob comparison only; it does not prove functional equivalence, security, or runtime behavior."
backend/src/modules/ai/ai.module.ts,backend,WORKSTATION_ONLY,,blob,"Path/blob comparison only; it does not prove functional equivalence, security, or runtime behavior."
backend/src/modules/ai/ai.service.excel.spec.ts,backend,WORKSTATION_ONLY,,blob,"Path/blob comparison only; it does not prove functional equivalence, security, or runtime behavior."
backend/src/modules/ai/ai.service.spec.ts,backend,WORKSTATION_ONLY,,blob,"Path/blob comparison only; it does not prove functional equivalence, security, or runtime behavior."
backend/src/modules/ai/ai.service.ts,backend,WORKSTATION_ONLY,,blob,"Path/blob comparison only; it does not prove functional equivalence, security, or runtime behavior."
backend/src/modules/analytics/analytics.module.ts,backend,WORKSTATION_ONLY,,blob,"Path/blob comparison only; it does not prove functional equivalence, security, or runtime behavior."
backend/src/modules/api-security/api-security.module.ts,backend,WORKSTATION_ONLY,,blob,"Path/blob comparison only; it does not prove functional equivalence, security, or runtime behavior."
backend/src/modules/approval-workflow/approval-workflow.module.ts,backend,WORKSTATION_ONLY,,blob,"Path/blob comparison only; it does not prove functional equivalence, security, or runtime behavior."
backend/src/modules/approval-workflow/approval-workflow.service.spec.ts,backend,WORKSTATION_ONLY,,blob,"Path/blob comparison only; it does not prove functional equivalence, security, or runtime behavior."
backend/src/modules/articles/articles.contract.spec.ts,backend,WORKSTATION_ONLY,,blob,"Path/blob comparison only; it does not prove functional equivalence, security, or runtime behavior."
backend/src/modules/articles/articles.module.ts,backend,WORKSTATION_ONLY,,blob,"Path/blob comparison only; it does not prove functional equivalence, security, or runtime behavior."
backend/src/modules/articles/seo.controller.ts,backend,WORKSTATION_ONLY,,blob,"Path/blob comparison only; it does not prove functional equivalence, security, or runtime behavior."
backend/src/modules/auth/auth.controller.ts,backend,WORKSTATION_ONLY,,blob,"Path/blob comparison only; it does not prove functional equivalence, security, or runtime behavior."
backend/src/modules/auth/auth.module.ts,backend,WORKSTATION_ONLY,,blob,"Path/blob comparison only; it does not prove functional equivalence, security, or runtime behavior."
backend/src/modules/auth/auth.service.spec.ts,backend,WORKSTATION_ONLY,,blob,"Path/blob comparison only; it does not prove functional equivalence, security, or runtime behavior."
backend/src/modules/auth/auth.service.ts,backend,WORKSTATION_ONLY,,blob,"Path/blob comparison only; it does not prove functional equivalence, security, or runtime behavior."
backend/src/modules/auth/device-trust.service.ts,backend,WORKSTATION_ONLY,,blob,"Path/blob comparison only; it does not prove functional equivalence, security, or runtime behavior."
backend/src/modules/auth/passkey.controller.ts,backend,WORKSTATION_ONLY,,blob,"Path/blob comparison only; it does not prove functional equivalence, security, or runtime behavior."
backend/src/modules/auth/passkey.service.ts,backend,WORKSTATION_ONLY,,blob,"Path/blob comparison only; it does not prove functional equivalence, security, or runtime behavior."
backend/src/modules/auth/patient-web-auth.contract.spec.ts,backend,WORKSTATION_ONLY,,blob,"Path/blob comparison only; it does not prove functional equivalence, security, or runtime behavior."
backend/src/modules/auth/repositories/patientprofile.repository.ts,backend,WORKSTATION_ONLY,,blob,"Path/blob comparison only; it does not prove functional equivalence, security, or runtime behavior."
backend/src/modules/auth/repositories/user.repository.ts,backend,WORKSTATION_ONLY,,blob,"Path/blob comparison only; it does not prove functional equivalence, security, or runtime behavior."
backend/src/modules/auth/schemas/passkey-credential.schema.ts,backend,WORKSTATION_ONLY,,blob,"Path/blob comparison only; it does not prove functional equivalence, security, or runtime behavior."
backend/src/modules/auth/schemas/trusted-device.schema.ts,backend,WORKSTATION_ONLY,,blob,"Path/blob comparison only; it does not prove functional equivalence, security, or runtime behavior."
backend/src/modules/bans/bans.controller.ts,backend,WORKSTATION_ONLY,,blob,"Path/blob comparison only; it does not prove functional equivalence, security, or runtime behavior."
backend/src/modules/bans/bans.middleware.ts,backend,WORKSTATION_ONLY,,blob,"Path/blob comparison only; it does not prove functional equivalence, security, or runtime behavior."
backend/src/modules/bans/bans.module.ts,backend,WORKSTATION_ONLY,,blob,"Path/blob comparison only; it does not prove functional equivalence, security, or runtime behavior."
backend/src/modules/bans/bans.schema.ts,backend,WORKSTATION_ONLY,,blob,"Path/blob comparison only; it does not prove functional equivalence, security, or runtime behavior."
backend/src/modules/bans/bans.service.ts,backend,WORKSTATION_ONLY,,blob,"Path/blob comparison only; it does not prove functional equivalence, security, or runtime behavior."
backend/src/modules/bans/repositories/ban.repository.ts,backend,WORKSTATION_ONLY,,blob,"Path/blob comparison only; it does not prove functional equivalence, security, or runtime behavior."
backend/src/modules/billing/billing.module.ts,backend,WORKSTATION_ONLY,,blob,"Path/blob comparison only; it does not prove functional equivalence, security, or runtime behavior."
backend/src/modules/billing/billing.service.ts,backend,WORKSTATION_ONLY,,blob,"Path/blob comparison only; it does not prove functional equivalence, security, or runtime behavior."
backend/src/modules/billing/tests/billing-zatca.spec.ts,backend,WORKSTATION_ONLY,,blob,"Path/blob comparison only; it does not prove functional equivalence, security, or runtime behavior."
backend/src/modules/booking-flow/booking-flow.module.ts,backend,WORKSTATION_ONLY,,blob,"Path/blob comparison only; it does not prove functional equivalence, security, or runtime behavior."
backend/src/modules/booking-flow/booking-flow.service.spec.ts,backend,WORKSTATION_ONLY,,blob,"Path/blob comparison only; it does not prove functional equivalence, security, or runtime behavior."
backend/src/modules/booking-ops/booking-ops.module.ts,backend,WORKSTATION_ONLY,,blob,"Path/blob comparison only; it does not prove functional equivalence, security, or runtime behavior."
backend/src/modules/booking-ops/booking-ops.service.spec.ts,backend,WORKSTATION_ONLY,,blob,"Path/blob comparison only; it does not prove functional equivalence, security, or runtime behavior."
backend/src/modules/business-rules/business-rules.module.ts,backend,WORKSTATION_ONLY,,blob,"Path/blob comparison only; it does not prove functional equivalence, security, or runtime behavior."
backend/src/modules/care/appointments.controller.ts,backend,WORKSTATION_ONLY,,blob,"Path/blob comparison only; it does not prove functional equivalence, security, or runtime behavior."
backend/src/modules/care/appointments.dto.ts,backend,WORKSTATION_ONLY,,blob,"Path/blob comparison only; it does not prove functional equivalence, security, or runtime behavior."
backend/src/modules/care/appointments.service.ts,backend,WORKSTATION_ONLY,,blob,"Path/blob comparison only; it does not prove functional equivalence, security, or runtime behavior."
backend/src/modules/care/care.controller.ts,backend,WORKSTATION_ONLY,,blob,"Path/blob comparison only; it does not prove functional equivalence, security, or runtime behavior."
backend/src/modules/care/care.module.ts,backend,WORKSTATION_ONLY,,blob,"Path/blob comparison only; it does not prove functional equivalence, security, or runtime behavior."
backend/src/modules/care/care.service.ts,backend,WORKSTATION_ONLY,,blob,"Path/blob comparison only; it does not prove functional equivalence, security, or runtime behavior."
backend/src/modules/care/doctor-integration.controller.ts,backend,WORKSTATION_ONLY,,blob,"Path/blob comparison only; it does not prove functional equivalence, security, or runtime behavior."
backend/src/modules/care/doctor-referrals.controller.ts,backend,WORKSTATION_ONLY,,blob,"Path/blob comparison only; it does not prove functional equivalence, security, or runtime behavior."
backend/src/modules/care/repositories/appointment.repository.ts,backend,WORKSTATION_ONLY,,blob,"Path/blob comparison only; it does not prove functional equivalence, security, or runtime behavior."
backend/src/modules/care/repositories/facility.repository.ts,backend,WORKSTATION_ONLY,,blob,"Path/blob comparison only; it does not prove functional equivalence, security, or runtime behavior."
backend/src/modules/care/repositories/providerprofile.repository.ts,backend,WORKSTATION_ONLY,,blob,"Path/blob comparison only; it does not prove functional equivalence, security, or runtime behavior."
backend/src/modules/care/repositories/user.repository.ts,backend,WORKSTATION_ONLY,,blob,"Path/blob comparison only; it does not prove functional equivalence, security, or runtime behavior."
backend/src/modules/care/schemas/doctor-profile-extended.schema.ts,backend,WORKSTATION_ONLY,,blob,"Path/blob comparison only; it does not prove functional equivalence, security, or runtime behavior."
backend/src/modules/care/schemas/encounter-record.schema.ts,backend,WORKSTATION_ONLY,,blob,"Path/blob comparison only; it does not prove functional equivalence, security, or runtime behavior."
backend/src/modules/care/schemas/encounter-referrals.schema.ts,backend,WORKSTATION_ONLY,,blob,"Path/blob comparison only; it does not prove functional equivalence, security, or runtime behavior."
backend/src/modules/care/slot.service.ts,backend,WORKSTATION_ONLY,,blob,"Path/blob comparison only; it does not prove functional equivalence, security, or runtime behavior."
backend/src/modules/care/tests/appointments-states.spec.ts,backend,WORKSTATION_ONLY,,blob,"Path/blob comparison only; it does not prove functional equivalence, security, or runtime behavior."
backend/src/modules/care/tests/public-discovery.spec.ts,backend,WORKSTATION_ONLY,,blob,"Path/blob comparison only; it does not prove functional equivalence, security, or runtime behavior."
backend/src/modules/cart/cart.contract.spec.ts,backend,WORKSTATION_ONLY,,blob,"Path/blob comparison only; it does not prove functional equivalence, security, or runtime behavior."
backend/src/modules/cart/cart.module.ts,backend,WORKSTATION_ONLY,,blob,"Path/blob comparison only; it does not prove functional equivalence, security, or runtime behavior."
backend/src/modules/chat/chat.contract.spec.ts,backend,WORKSTATION_ONLY,,blob,"Path/blob comparison only; it does not prove functional equivalence, security, or runtime behavior."
backend/src/modules/chat/chat.gateway.followup.spec.ts,backend,WORKSTATION_ONLY,,blob,"Path/blob comparison only; it does not prove functional equivalence, security, or runtime behavior."
backend/src/modules/chat/chat.gateway.ts,backend,WORKSTATION_ONLY,,blob,"Path/blob comparison only; it does not prove functional equivalence, security, or runtime behavior."
backend/src/modules/chat/chat.module.ts,backend,WORKSTATION_ONLY,,blob,"Path/blob comparison only; it does not prove functional equivalence, security, or runtime behavior."
backend/src/modules/chat/chat.schemas.ts,backend,WORKSTATION_ONLY,,blob,"Path/blob comparison only; it does not prove functional equivalence, security, or runtime behavior."
backend/src/modules/chat/chat.service.ts,backend,WORKSTATION_ONLY,,blob,"Path/blob comparison only; it does not prove functional equivalence, security, or runtime behavior."
backend/src/modules/chat/guards/chat-gateway.guard.ts,backend,WORKSTATION_ONLY,,blob,"Path/blob comparison only; it does not prove functional equivalence, security, or runtime behavior."
backend/src/modules/chat/schedulers/chat-lifecycle.scheduler.ts,backend,WORKSTATION_ONLY,,blob,"Path/blob comparison only; it does not prove functional equivalence, security, or runtime behavior."
backend/src/modules/community/community.controller.ts,backend,WORKSTATION_ONLY,,blob,"Path/blob comparison only; it does not prove functional equivalence, security, or runtime behavior."
backend/src/modules/community/community.module.ts,backend,WORKSTATION_ONLY,,blob,"Path/blob comparison only; it does not prove functional equivalence, security, or runtime behavior."
backend/src/modules/community/community.service.spec.ts,backend,WORKSTATION_ONLY,,blob,"Path/blob comparison only; it does not prove functional equivalence, security, or runtime behavior."
backend/src/modules/community/community.service.ts,backend,WORKSTATION_ONLY,,blob,"Path/blob comparison only; it does not prove functional equivalence, security, or runtime behavior."
backend/src/modules/community/repositories/livesession.repository.ts,backend,WORKSTATION_ONLY,,blob,"Path/blob comparison only; it does not prove functional equivalence, security, or runtime behavior."
backend/src/modules/community/repositories/post.repository.ts,backend,WORKSTATION_ONLY,,blob,"Path/blob comparison only; it does not prove functional equivalence, security, or runtime behavior."
backend/src/modules/community/repositories/postcomment.repository.ts,backend,WORKSTATION_ONLY,,blob,"Path/blob comparison only; it does not prove functional equivalence, security, or runtime behavior."
backend/src/modules/compat/admin-nursing-containment.spec.ts,backend,WORKSTATION_ONLY,,blob,"Path/blob comparison only; it does not prove functional equivalence, security, or runtime behavior."
backend/src/modules/compat/admin-spa.module.ts,backend,WORKSTATION_ONLY,,blob,"Path/blob comparison only; it does not prove functional equivalence, security, or runtime behavior."
backend/src/modules/compat/compat-family-chat.spec.ts,backend,WORKSTATION_ONLY,,blob,"Path/blob comparison only; it does not prove functional equivalence, security, or runtime behavior."
backend/src/modules/compat/compat.module.ts,backend,WORKSTATION_ONLY,,blob,"Path/blob comparison only; it does not prove functional equivalence, security, or runtime behavior."
backend/src/modules/config/config.controller.ts,backend,WORKSTATION_ONLY,,blob,"Path/blob comparison only; it does not prove functional equivalence, security, or runtime behavior."
backend/src/modules/config/config.module.ts,backend,WORKSTATION_ONLY,,blob,"Path/blob comparison only; it does not prove functional equivalence, security, or runtime behavior."
backend/src/modules/config/config.service.ts,backend,WORKSTATION_ONLY,,blob,"Path/blob comparison only; it does not prove functional equivalence, security, or runtime behavior."
backend/src/modules/consistency/consistency.module.ts,backend,WORKSTATION_ONLY,,blob,"Path/blob comparison only; it does not prove functional equivalence, security, or runtime behavior."
backend/src/modules/coturn/coturn.controller.ts,backend,WORKSTATION_ONLY,,blob,"Path/blob comparison only; it does not prove functional equivalence, security, or runtime behavior."
backend/src/modules/coturn/coturn.module.ts,backend,WORKSTATION_ONLY,,blob,"Path/blob comparison only; it does not prove functional equivalence, security, or runtime behavior."
backend/src/modules/coturn/coturn.service.ts,backend,WORKSTATION_ONLY,,blob,"Path/blob comparison only; it does not prove functional equivalence, security, or runtime behavior."
backend/src/modules/custom-services/custom-services.controller.ts,backend,WORKSTATION_ONLY,,blob,"Path/blob comparison only; it does not prove functional equivalence, security, or runtime behavior."
backend/src/modules/custom-services/custom-services.module.ts,backend,WORKSTATION_ONLY,,blob,"Path/blob comparison only; it does not prove functional equivalence, security, or runtime behavior."
backend/src/modules/custom-services/custom-services.service.ts,backend,WORKSTATION_ONLY,,blob,"Path/blob comparison only; it does not prove functional equivalence, security, or runtime behavior."
backend/src/modules/custom-services/repositories/customservicerequest.repository.ts,backend,WORKSTATION_ONLY,,blob,"Path/blob comparison only; it does not prove functional equivalence, security, or runtime behavior."
backend/src/modules/device-trust/device-trust.module.ts,backend,WORKSTATION_ONLY,,blob,"Path/blob comparison only; it does not prove functional equivalence, security, or runtime behavior."
backend/src/modules/doctors/doctors.module.ts,backend,WORKSTATION_ONLY,,blob,"Path/blob comparison only; it does not prove functional equivalence, security, or runtime behavior."
backend/src/modules/doctors/doctors.schemas.ts,backend,WORKSTATION_ONLY,,blob,"Path/blob comparison only; it does not prove functional equivalence, security, or runtime behavior."
backend/src/modules/drivers/drivers.controller.ts,backend,WORKSTATION_ONLY,,blob,"Path/blob comparison only; it does not prove functional equivalence, security, or runtime behavior."
backend/src/modules/drivers/drivers.module.ts,backend,WORKSTATION_ONLY,,blob,"Path/blob comparison only; it does not prove functional equivalence, security, or runtime behavior."
backend/src/modules/drivers/drivers.service.ts,backend,WORKSTATION_ONLY,,blob,"Path/blob comparison only; it does not prove functional equivalence, security, or runtime behavior."
backend/src/modules/drivers/repositories/delivery.repository.ts,backend,WORKSTATION_ONLY,,blob,"Path/blob comparison only; it does not prove functional equivalence, security, or runtime behavior."
backend/src/modules/drivers/repositories/drivershift.repository.ts,backend,WORKSTATION_ONLY,,blob,"Path/blob comparison only; it does not prove functional equivalence, security, or runtime behavior."
backend/src/modules/drivers/repositories/order.repository.ts,backend,WORKSTATION_ONLY,,blob,"Path/blob comparison only; it does not prove functional equivalence, security, or runtime behavior."
backend/src/modules/drivers/repositories/user.repository.ts,backend,WORKSTATION_ONLY,,blob,"Path/blob comparison only; it does not prove functional equivalence, security, or runtime behavior."
backend/src/modules/emergency/ambulance-fleet.controller.ts,backend,WORKSTATION_ONLY,,blob,"Path/blob comparison only; it does not prove functional equivalence, security, or runtime behavior."
backend/src/modules/emergency/emergency.admin-containment.spec.ts,backend,WORKSTATION_ONLY,,blob,"Path/blob comparison only; it does not prove functional equivalence, security, or runtime behavior."
backend/src/modules/emergency/emergency.controller.ts,backend,WORKSTATION_ONLY,,blob,"Path/blob comparison only; it does not prove functional equivalence, security, or runtime behavior."
backend/src/modules/emergency/emergency.module.ts,backend,WORKSTATION_ONLY,,blob,"Path/blob comparison only; it does not prove functional equivalence, security, or runtime behavior."
backend/src/modules/emergency/emergency.service.ts,backend,WORKSTATION_ONLY,,blob,"Path/blob comparison only; it does not prove functional equivalence, security, or runtime behavior."
backend/src/modules/emergency/emergency.service.vehicle-integrity.spec.ts,backend,WORKSTATION_ONLY,,blob,"Path/blob comparison only; it does not prove functional equivalence, security, or runtime behavior."
backend/src/modules/emergency/repositories/emergencyrequest.repository.ts,backend,WORKSTATION_ONLY,,blob,"Path/blob comparison only; it does not prove functional equivalence, security, or runtime behavior."
backend/src/modules/event-reliability/event-reliability.module.ts,backend,WORKSTATION_ONLY,,blob,"Path/blob comparison only; it does not prove functional equivalence, security, or runtime behavior."
backend/src/modules/events/catalog-publication.service.spec.ts,backend,WORKSTATION_ONLY,,blob,"Path/blob comparison only; it does not prove functional equivalence, security, or runtime behavior."
backend/src/modules/events/catalog-publication.service.ts,backend,WORKSTATION_ONLY,,blob,"Path/blob comparison only; it does not prove functional equivalence, security, or runtime behavior."
backend/src/modules/events/event-bus.service.spec.ts,backend,WORKSTATION_ONLY,,blob,"Path/blob comparison only; it does not prove functional equivalence, security, or runtime behavior."
backend/src/modules/events/event-bus.service.ts,backend,WORKSTATION_ONLY,,blob,"Path/blob comparison only; it does not prove functional equivalence, security, or runtime behavior."
backend/src/modules/events/events.controllers.ts,backend,WORKSTATION_ONLY,,blob,"Path/blob comparison only; it does not prove functional equivalence, security, or runtime behavior."
backend/src/modules/events/events.module.ts,backend,WORKSTATION_ONLY,,blob,"Path/blob comparison only; it does not prove functional equivalence, security, or runtime behavior."
backend/src/modules/events/repositories/systemevent.repository.ts,backend,WORKSTATION_ONLY,,blob,"Path/blob comparison only; it does not prove functional equivalence, security, or runtime behavior."
backend/src/modules/events/system-event.schema.ts,backend,WORKSTATION_ONLY,,blob,"Path/blob comparison only; it does not prove functional equivalence, security, or runtime behavior."
backend/src/modules/export/export.controller.ts,backend,WORKSTATION_ONLY,,blob,"Path/blob comparison only; it does not prove functional equivalence, security, or runtime behavior."
backend/src/modules/export/export.module.ts,backend,WORKSTATION_ONLY,,blob,"Path/blob comparison only; it does not prove functional equivalence, security, or runtime behavior."
backend/src/modules/export/export.service.ts,backend,WORKSTATION_ONLY,,blob,"Path/blob comparison only; it does not prove functional equivalence, security, or runtime behavior."
backend/src/modules/facility-ops/facility-ops.module.ts,backend,WORKSTATION_ONLY,,blob,"Path/blob comparison only; it does not prove functional equivalence, security, or runtime behavior."
backend/src/modules/facility-ops/facility-ops.service.spec.ts,backend,WORKSTATION_ONLY,,blob,"Path/blob comparison only; it does not prove functional equivalence, security, or runtime behavior."
backend/src/modules/family/family.controller.ts,backend,WORKSTATION_ONLY,,blob,"Path/blob comparison only; it does not prove functional equivalence, security, or runtime behavior."
backend/src/modules/family/family.module.ts,backend,WORKSTATION_ONLY,,blob,"Path/blob comparison only; it does not prove functional equivalence, security, or runtime behavior."
backend/src/modules/family/family.service.spec.ts,backend,WORKSTATION_ONLY,,blob,"Path/blob comparison only; it does not prove functional equivalence, security, or runtime behavior."
backend/src/modules/family/family.service.ts,backend,WORKSTATION_ONLY,,blob,"Path/blob comparison only; it does not prove functional equivalence, security, or runtime behavior."
backend/src/modules/family/repositories/familygroup.repository.ts,backend,WORKSTATION_ONLY,,blob,"Path/blob comparison only; it does not prove functional equivalence, security, or runtime behavior."
backend/src/modules/family/repositories/familypermissionrequest.repository.ts,backend,WORKSTATION_ONLY,,blob,"Path/blob comparison only; it does not prove functional equivalence, security, or runtime behavior."
backend/src/modules/family/repositories/sharedcalendarevent.repository.ts,backend,WORKSTATION_ONLY,,blob,"Path/blob comparison only; it does not prove functional equivalence, security, or runtime behavior."
backend/src/modules/feature-flags/feature-flag.schema.ts,backend,WORKSTATION_ONLY,,blob,"Path/blob comparison only; it does not prove functional equivalence, security, or runtime behavior."
backend/src/modules/feature-flags/feature-flags.controller.ts,backend,WORKSTATION_ONLY,,blob,"Path/blob comparison only; it does not prove functional equivalence, security, or runtime behavior."
backend/src/modules/feature-flags/feature-flags.module.ts,backend,WORKSTATION_ONLY,,blob,"Path/blob comparison only; it does not prove functional equivalence, security, or runtime behavior."
backend/src/modules/feature-flags/feature-flags.service.ts,backend,WORKSTATION_ONLY,,blob,"Path/blob comparison only; it does not prove functional equivalence, security, or runtime behavior."
backend/src/modules/feature-flags/repositories/featureflag.repository.ts,backend,WORKSTATION_ONLY,,blob,"Path/blob comparison only; it does not prove functional equivalence, security, or runtime behavior."
backend/src/modules/finance-engine/finance-engine.module.ts,backend,WORKSTATION_ONLY,,blob,"Path/blob comparison only; it does not prove functional equivalence, security, or runtime behavior."
backend/src/modules/health/health-dashboard.controller.ts,backend,WORKSTATION_ONLY,,blob,"Path/blob comparison only; it does not prove functional equivalence, security, or runtime behavior."
backend/src/modules/health/health.controller.ts,backend,WORKSTATION_ONLY,,blob,"Path/blob comparison only; it does not prove functional equivalence, security, or runtime behavior."
backend/src/modules/health/health.module.ts,backend,WORKSTATION_ONLY,,blob,"Path/blob comparison only; it does not prove functional equivalence, security, or runtime behavior."
backend/src/modules/health/health.service.spec.ts,backend,WORKSTATION_ONLY,,blob,"Path/blob comparison only; it does not prove functional equivalence, security, or runtime behavior."
backend/src/modules/health/health.service.ts,backend,WORKSTATION_ONLY,,blob,"Path/blob comparison only; it does not prove functional equivalence, security, or runtime behavior."
backend/src/modules/health/repositories/medicationreminder.repository.ts,backend,WORKSTATION_ONLY,,blob,"Path/blob comparison only; it does not prove functional equivalence, security, or runtime behavior."
backend/src/modules/health/repositories/sleepreading.repository.ts,backend,WORKSTATION_ONLY,,blob,"Path/blob comparison only; it does not prove functional equivalence, security, or runtime behavior."
backend/src/modules/health/repositories/vitalreading.repository.ts,backend,WORKSTATION_ONLY,,blob,"Path/blob comparison only; it does not prove functional equivalence, security, or runtime behavior."
backend/src/modules/home-care-compat/home-care-compat.controller.spec.ts,backend,WORKSTATION_ONLY,,blob,"Path/blob comparison only; it does not prove functional equivalence, security, or runtime behavior."
backend/src/modules/home-care-compat/home-care-compat.module.ts,backend,WORKSTATION_ONLY,,blob,"Path/blob comparison only; it does not prove functional equivalence, security, or runtime behavior."
backend/src/modules/home-care/controllers/home-care-tracking.controller.spec.ts,backend,WORKSTATION_ONLY,,blob,"Path/blob comparison only; it does not prove functional equivalence, security, or runtime behavior."
backend/src/modules/home-care/controllers/home-care-tracking.controller.ts,backend,WORKSTATION_ONLY,,blob,"Path/blob comparison only; it does not prove functional equivalence, security, or runtime behavior."
backend/src/modules/home-care/home-care.contract.spec.ts,backend,WORKSTATION_ONLY,,blob,"Path/blob comparison only; it does not prove functional equivalence, security, or runtime behavior."
backend/src/modules/home-care/home-care.controller.spec.ts,backend,WORKSTATION_ONLY,,blob,"Path/blob comparison only; it does not prove functional equivalence, security, or runtime behavior."
backend/src/modules/home-care/home-care.controller.ts,backend,WORKSTATION_ONLY,,blob,"Path/blob comparison only; it does not prove functional equivalence, security, or runtime behavior."
backend/src/modules/home-care/home-care.module.ts,backend,WORKSTATION_ONLY,,blob,"Path/blob comparison only; it does not prove functional equivalence, security, or runtime behavior."
backend/src/modules/home-care/home-care.seed.ts,backend,WORKSTATION_ONLY,,blob,"Path/blob comparison only; it does not prove functional equivalence, security, or runtime behavior."
backend/src/modules/home-care/home-care.service.spec.ts,backend,WORKSTATION_ONLY,,blob,"Path/blob comparison only; it does not prove functional equivalence, security, or runtime behavior."
backend/src/modules/home-care/home-care.service.ts,backend,WORKSTATION_ONLY,,blob,"Path/blob comparison only; it does not prove functional equivalence, security, or runtime behavior."
backend/src/modules/home-care/repositories/careplan.repository.ts,backend,WORKSTATION_ONLY,,blob,"Path/blob comparison only; it does not prove functional equivalence, security, or runtime behavior."
backend/src/modules/home-care/repositories/homecarebooking.repository.ts,backend,WORKSTATION_ONLY,,blob,"Path/blob comparison only; it does not prove functional equivalence, security, or runtime behavior."
backend/src/modules/home-care/repositories/homecareservice.repository.ts,backend,WORKSTATION_ONLY,,blob,"Path/blob comparison only; it does not prove functional equivalence, security, or runtime behavior."
backend/src/modules/home-care/repositories/medicalsupplyrequest.repository.ts,backend,WORKSTATION_ONLY,,blob,"Path/blob comparison only; it does not prove functional equivalence, security, or runtime behavior."
backend/src/modules/home-care/repositories/nursingvisitreport.repository.ts,backend,WORKSTATION_ONLY,,blob,"Path/blob comparison only; it does not prove functional equivalence, security, or runtime behavior."
backend/src/modules/home-care/schemas/home-care-booking.schema.ts,backend,WORKSTATION_ONLY,,blob,"Path/blob comparison only; it does not prove functional equivalence, security, or runtime behavior."
backend/src/modules/home-care/schemas/home-care-nurse.schema.ts,backend,WORKSTATION_ONLY,,blob,"Path/blob comparison only; it does not prove functional equivalence, security, or runtime behavior."
backend/src/modules/home-care/schemas/medical-supply-request.schema.ts,backend,WORKSTATION_ONLY,,blob,"Path/blob comparison only; it does not prove functional equivalence, security, or runtime behavior."
backend/src/modules/home/home.controller.ts,backend,WORKSTATION_ONLY,,blob,"Path/blob comparison only; it does not prove functional equivalence, security, or runtime behavior."
backend/src/modules/home/home.module.ts,backend,WORKSTATION_ONLY,,blob,"Path/blob comparison only; it does not prove functional equivalence, security, or runtime behavior."
backend/src/modules/home/home.service.ts,backend,WORKSTATION_ONLY,,blob,"Path/blob comparison only; it does not prove functional equivalence, security, or runtime behavior."
backend/src/modules/hospital-staff/hospital-staff.module.ts,backend,WORKSTATION_ONLY,,blob,"Path/blob comparison only; it does not prove functional equivalence, security, or runtime behavior."
backend/src/modules/hospital/controllers/hospital.controller.ts,backend,WORKSTATION_ONLY,,blob,"Path/blob comparison only; it does not prove functional equivalence, security, or runtime behavior."
backend/src/modules/hospital/hospital.module.ts,backend,WORKSTATION_ONLY,,blob,"Path/blob comparison only; it does not prove functional equivalence, security, or runtime behavior."
backend/src/modules/hospital/schemas/hospital-branch.schema.ts,backend,WORKSTATION_ONLY,,blob,"Path/blob comparison only; it does not prove functional equivalence, security, or runtime behavior."
backend/src/modules/hospital/schemas/hospital-department.schema.ts,backend,WORKSTATION_ONLY,,blob,"Path/blob comparison only; it does not prove functional equivalence, security, or runtime behavior."
backend/src/modules/hospital/schemas/hospital-invitation.schema.ts,backend,WORKSTATION_ONLY,,blob,"Path/blob comparison only; it does not prove functional equivalence, security, or runtime behavior."
backend/src/modules/hospital/schemas/hospital-staff.schema.ts,backend,WORKSTATION_ONLY,,blob,"Path/blob comparison only; it does not prove functional equivalence, security, or runtime behavior."
backend/src/modules/hospital/services/hospital.service.spec.ts,backend,WORKSTATION_ONLY,,blob,"Path/blob comparison only; it does not prove functional equivalence, security, or runtime behavior."
backend/src/modules/hospital/services/hospital.service.ts,backend,WORKSTATION_ONLY,,blob,"Path/blob comparison only; it does not prove functional equivalence, security, or runtime behavior."
backend/src/modules/i18n/i18n.controller.ts,backend,WORKSTATION_ONLY,,blob,"Path/blob comparison only; it does not prove functional equivalence, security, or runtime behavior."
backend/src/modules/i18n/i18n.module.ts,backend,WORKSTATION_ONLY,,blob,"Path/blob comparison only; it does not prove functional equivalence, security, or runtime behavior."
backend/src/modules/i18n/i18n.service.ts,backend,WORKSTATION_ONLY,,blob,"Path/blob comparison only; it does not prove functional equivalence, security, or runtime behavior."
backend/src/modules/insurance-engine/insurance-engine.module.ts,backend,WORKSTATION_ONLY,,blob,"Path/blob comparison only; it does not prove functional equivalence, security, or runtime behavior."
backend/src/modules/insurance-engine/tests/insurance-flow.spec.ts,backend,WORKSTATION_ONLY,,blob,"Path/blob comparison only; it does not prove functional equivalence, security, or runtime behavior."
backend/src/modules/insurance/insurance.controller.ts,backend,WORKSTATION_ONLY,,blob,"Path/blob comparison only; it does not prove functional equivalence, security, or runtime behavior."
backend/src/modules/insurance/insurance.module.ts,backend,WORKSTATION_ONLY,,blob,"Path/blob comparison only; it does not prove functional equivalence, security, or runtime behavior."
backend/src/modules/insurance/insurance.service.spec.ts,backend,WORKSTATION_ONLY,,blob,"Path/blob comparison only; it does not prove functional equivalence, security, or runtime behavior."
backend/src/modules/labs/controllers/labs-engine.controller.ts,backend,WORKSTATION_ONLY,,blob,"Path/blob comparison only; it does not prove functional equivalence, security, or runtime behavior."
backend/src/modules/labs/lab-pdf.service.ts,backend,WORKSTATION_ONLY,,blob,"Path/blob comparison only; it does not prove functional equivalence, security, or runtime behavior."
backend/src/modules/labs/lab-results.controller.ts,backend,WORKSTATION_ONLY,,blob,"Path/blob comparison only; it does not prove functional equivalence, security, or runtime behavior."
backend/src/modules/labs/lab-results.service.spec.ts,backend,WORKSTATION_ONLY,,blob,"Path/blob comparison only; it does not prove functional equivalence, security, or runtime behavior."
backend/src/modules/labs/lab-results.service.ts,backend,WORKSTATION_ONLY,,blob,"Path/blob comparison only; it does not prove functional equivalence, security, or runtime behavior."
backend/src/modules/labs/labs.controller.ts,backend,WORKSTATION_ONLY,,blob,"Path/blob comparison only; it does not prove functional equivalence, security, or runtime behavior."
backend/src/modules/labs/labs.module.ts,backend,WORKSTATION_ONLY,,blob,"Path/blob comparison only; it does not prove functional equivalence, security, or runtime behavior."
backend/src/modules/labs/labs.seed.ts,backend,WORKSTATION_ONLY,,blob,"Path/blob comparison only; it does not prove functional equivalence, security, or runtime behavior."
backend/src/modules/labs/labs.service.spec.ts,backend,WORKSTATION_ONLY,,blob,"Path/blob comparison only; it does not prove functional equivalence, security, or runtime behavior."
backend/src/modules/labs/labs.service.ts,backend,WORKSTATION_ONLY,,blob,"Path/blob comparison only; it does not prove functional equivalence, security, or runtime behavior."
backend/src/modules/labs/repositories/labbooking.repository.ts,backend,WORKSTATION_ONLY,,blob,"Path/blob comparison only; it does not prove functional equivalence, security, or runtime behavior."
backend/src/modules/labs/repositories/labresult.repository.ts,backend,WORKSTATION_ONLY,,blob,"Path/blob comparison only; it does not prove functional equivalence, security, or runtime behavior."
backend/src/modules/labs/repositories/labsample.repository.ts,backend,WORKSTATION_ONLY,,blob,"Path/blob comparison only; it does not prove functional equivalence, security, or runtime behavior."
backend/src/modules/labs/repositories/labservice.repository.ts,backend,WORKSTATION_ONLY,,blob,"Path/blob comparison only; it does not prove functional equivalence, security, or runtime behavior."
backend/src/modules/labs/schemas/lab-booking.schema.ts,backend,WORKSTATION_ONLY,,blob,"Path/blob comparison only; it does not prove functional equivalence, security, or runtime behavior."
backend/src/modules/labs/schemas/lab-catalog.schema.ts,backend,WORKSTATION_ONLY,,blob,"Path/blob comparison only; it does not prove functional equivalence, security, or runtime behavior."
backend/src/modules/legacy/legacy.module.ts,backend,WORKSTATION_ONLY,,blob,"Path/blob comparison only; it does not prove functional equivalence, security, or runtime behavior."
backend/src/modules/legal/legal-enterprise.controller.ts,backend,WORKSTATION_ONLY,,blob,"Path/blob comparison only; it does not prove functional equivalence, security, or runtime behavior."
backend/src/modules/legal/legal-enterprise.service.excel.spec.ts,backend,WORKSTATION_ONLY,,blob,"Path/blob comparison only; it does not prove functional equivalence, security, or runtime behavior."
backend/src/modules/legal/legal-enterprise.service.ts,backend,WORKSTATION_ONLY,,blob,"Path/blob comparison only; it does not prove functional equivalence, security, or runtime behavior."
backend/src/modules/legal/legal.module.ts,backend,WORKSTATION_ONLY,,blob,"Path/blob comparison only; it does not prove functional equivalence, security, or runtime behavior."
backend/src/modules/livekit/livekit.controller.ts,backend,WORKSTATION_ONLY,,blob,"Path/blob comparison only; it does not prove functional equivalence, security, or runtime behavior."
backend/src/modules/livekit/livekit.followup.spec.ts,backend,WORKSTATION_ONLY,,blob,"Path/blob comparison only; it does not prove functional equivalence, security, or runtime behavior."
backend/src/modules/livekit/livekit.module.ts,backend,WORKSTATION_ONLY,,blob,"Path/blob comparison only; it does not prove functional equivalence, security, or runtime behavior."
backend/src/modules/livekit/livekit.service.ts,backend,WORKSTATION_ONLY,,blob,"Path/blob comparison only; it does not prove functional equivalence, security, or runtime behavior."
backend/src/modules/livekit/repositories/callmetric.repository.ts,backend,WORKSTATION_ONLY,,blob,"Path/blob comparison only; it does not prove functional equivalence, security, or runtime behavior."
backend/src/modules/livekit/repositories/callsession.repository.ts,backend,WORKSTATION_ONLY,,blob,"Path/blob comparison only; it does not prove functional equivalence, security, or runtime behavior."
backend/src/modules/loyalty/loyalty.controller.ts,backend,WORKSTATION_ONLY,,blob,"Path/blob comparison only; it does not prove functional equivalence, security, or runtime behavior."
backend/src/modules/loyalty/loyalty.module.ts,backend,WORKSTATION_ONLY,,blob,"Path/blob comparison only; it does not prove functional equivalence, security, or runtime behavior."
backend/src/modules/loyalty/loyalty.service.spec.ts,backend,WORKSTATION_ONLY,,blob,"Path/blob comparison only; it does not prove functional equivalence, security, or runtime behavior."
backend/src/modules/loyalty/loyalty.service.ts,backend,WORKSTATION_ONLY,,blob,"Path/blob comparison only; it does not prove functional equivalence, security, or runtime behavior."
backend/src/modules/loyalty/repositories/challengeprogress.repository.ts,backend,WORKSTATION_ONLY,,blob,"Path/blob comparison only; it does not prove functional equivalence, security, or runtime behavior."
backend/src/modules/loyalty/repositories/loyaltyaccount.repository.ts,backend,WORKSTATION_ONLY,,blob,"Path/blob comparison only; it does not prove functional equivalence, security, or runtime behavior."
backend/src/modules/loyalty/repositories/loyaltychallenge.repository.ts,backend,WORKSTATION_ONLY,,blob,"Path/blob comparison only; it does not prove functional equivalence, security, or runtime behavior."
backend/src/modules/loyalty/repositories/loyaltytransaction.repository.ts,backend,WORKSTATION_ONLY,,blob,"Path/blob comparison only; it does not prove functional equivalence, security, or runtime behavior."
backend/src/modules/loyalty/repositories/reward.repository.ts,backend,WORKSTATION_ONLY,,blob,"Path/blob comparison only; it does not prove functional equivalence, security, or runtime behavior."
backend/src/modules/loyalty/repositories/rewardclaim.repository.ts,backend,WORKSTATION_ONLY,,blob,"Path/blob comparison only; it does not prove functional equivalence, security, or runtime behavior."
backend/src/modules/mail/mail.module.ts,backend,WORKSTATION_ONLY,,blob,"Path/blob comparison only; it does not prove functional equivalence, security, or runtime behavior."
backend/src/modules/maternity/maternity.controller.ts,backend,WORKSTATION_ONLY,,blob,"Path/blob comparison only; it does not prove functional equivalence, security, or runtime behavior."
backend/src/modules/maternity/maternity.module.ts,backend,WORKSTATION_ONLY,,blob,"Path/blob comparison only; it does not prove functional equivalence, security, or runtime behavior."
backend/src/modules/maternity/maternity.service.spec.ts,backend,WORKSTATION_ONLY,,blob,"Path/blob comparison only; it does not prove functional equivalence, security, or runtime behavior."
backend/src/modules/maternity/maternity.service.ts,backend,WORKSTATION_ONLY,,blob,"Path/blob comparison only; it does not prove functional equivalence, security, or runtime behavior."
backend/src/modules/maternity/repositories/maternityprofile.repository.ts,backend,WORKSTATION_ONLY,,blob,"Path/blob comparison only; it does not prove functional equivalence, security, or runtime behavior."
backend/src/modules/media/media.contract.spec.ts,backend,WORKSTATION_ONLY,,blob,"Path/blob comparison only; it does not prove functional equivalence, security, or runtime behavior."
backend/src/modules/media/media.controller.spec.ts,backend,WORKSTATION_ONLY,,blob,"Path/blob comparison only; it does not prove functional equivalence, security, or runtime behavior."
backend/src/modules/media/media.controller.ts,backend,WORKSTATION_ONLY,,blob,"Path/blob comparison only; it does not prove functional equivalence, security, or runtime behavior."
backend/src/modules/media/media.module.ts,backend,WORKSTATION_ONLY,,blob,"Path/blob comparison only; it does not prove functional equivalence, security, or runtime behavior."
backend/src/modules/media/media.schema.ts,backend,WORKSTATION_ONLY,,blob,"Path/blob comparison only; it does not prove functional equivalence, security, or runtime behavior."
backend/src/modules/media/media.service.ts,backend,WORKSTATION_ONLY,,blob,"Path/blob comparison only; it does not prove functional equivalence, security, or runtime behavior."
backend/src/modules/medical-profile/medical-profile.controller.ts,backend,WORKSTATION_ONLY,,blob,"Path/blob comparison only; it does not prove functional equivalence, security, or runtime behavior."
backend/src/modules/medical-profile/medical-profile.module.ts,backend,WORKSTATION_ONLY,,blob,"Path/blob comparison only; it does not prove functional equivalence, security, or runtime behavior."
backend/src/modules/medical-profile/medical-profile.service.ts,backend,WORKSTATION_ONLY,,blob,"Path/blob comparison only; it does not prove functional equivalence, security, or runtime behavior."
backend/src/modules/medical-profile/repositories/medicalprofile.repository.ts,backend,WORKSTATION_ONLY,,blob,"Path/blob comparison only; it does not prove functional equivalence, security, or runtime behavior."
backend/src/modules/medical-reports/medical-reports.controller.ts,backend,WORKSTATION_ONLY,,blob,"Path/blob comparison only; it does not prove functional equivalence, security, or runtime behavior."
backend/src/modules/medical-reports/medical-reports.module.ts,backend,WORKSTATION_ONLY,,blob,"Path/blob comparison only; it does not prove functional equivalence, security, or runtime behavior."
backend/src/modules/medical-reports/medical-reports.service.ts,backend,WORKSTATION_ONLY,,blob,"Path/blob comparison only; it does not prove functional equivalence, security, or runtime behavior."
backend/src/modules/medical-reports/repositories/medicalreport.repository.ts,backend,WORKSTATION_ONLY,,blob,"Path/blob comparison only; it does not prove functional equivalence, security, or runtime behavior."
backend/src/modules/medicines/med-i18n.spec.ts,backend,WORKSTATION_ONLY,,blob,"Path/blob comparison only; it does not prove functional equivalence, security, or runtime behavior."
backend/src/modules/medicines/med-i18n.ts,backend,WORKSTATION_ONLY,,blob,"Path/blob comparison only; it does not prove functional equivalence, security, or runtime behavior."
backend/src/modules/medicines/medicines.controller.ts,backend,WORKSTATION_ONLY,,blob,"Path/blob comparison only; it does not prove functional equivalence, security, or runtime behavior."
backend/src/modules/medicines/medicines.module.ts,backend,WORKSTATION_ONLY,,blob,"Path/blob comparison only; it does not prove functional equivalence, security, or runtime behavior."
backend/src/modules/medicines/medicines.public-catalog.contract.spec.ts,backend,WORKSTATION_ONLY,,blob,"Path/blob comparison only; it does not prove functional equivalence, security, or runtime behavior."
backend/src/modules/medicines/medicines.service.publication.spec.ts,backend,WORKSTATION_ONLY,,blob,"Path/blob comparison only; it does not prove functional equivalence, security, or runtime behavior."
backend/src/modules/medicines/medicines.service.ts,backend,WORKSTATION_ONLY,,blob,"Path/blob comparison only; it does not prove functional equivalence, security, or runtime behavior."
backend/src/modules/medicines/repositories/medicine.repository.ts,backend,WORKSTATION_ONLY,,blob,"Path/blob comparison only; it does not prove functional equivalence, security, or runtime behavior."
backend/src/modules/mental-health/mental-health.controller.ts,backend,WORKSTATION_ONLY,,blob,"Path/blob comparison only; it does not prove functional equivalence, security, or runtime behavior."
backend/src/modules/mental-health/mental-health.module.ts,backend,WORKSTATION_ONLY,,blob,"Path/blob comparison only; it does not prove functional equivalence, security, or runtime behavior."
backend/src/modules/mental-health/mental-health.service.spec.ts,backend,WORKSTATION_ONLY,,blob,"Path/blob comparison only; it does not prove functional equivalence, security, or runtime behavior."
backend/src/modules/mental-health/mental-health.service.ts,backend,WORKSTATION_ONLY,,blob,"Path/blob comparison only; it does not prove functional equivalence, security, or runtime behavior."
backend/src/modules/mental-health/repositories/breathingsession.repository.ts,backend,WORKSTATION_ONLY,,blob,"Path/blob comparison only; it does not prove functional equivalence, security, or runtime behavior."
backend/src/modules/mental-health/repositories/crisiscontact.repository.ts,backend,WORKSTATION_ONLY,,blob,"Path/blob comparison only; it does not prove functional equivalence, security, or runtime behavior."
backend/src/modules/mental-health/repositories/meditationsession.repository.ts,backend,WORKSTATION_ONLY,,blob,"Path/blob comparison only; it does not prove functional equivalence, security, or runtime behavior."
backend/src/modules/mental-health/repositories/moodentry.repository.ts,backend,WORKSTATION_ONLY,,blob,"Path/blob comparison only; it does not prove functional equivalence, security, or runtime behavior."
backend/src/modules/moyasar/moyasar.module.ts,backend,WORKSTATION_ONLY,,blob,"Path/blob comparison only; it does not prove functional equivalence, security, or runtime behavior."
backend/src/modules/moyasar/moyasar.service.ts,backend,WORKSTATION_ONLY,,blob,"Path/blob comparison only; it does not prove functional equivalence, security, or runtime behavior."
backend/src/modules/nabd-extensions/nabd-extensions.controller.ts,backend,WORKSTATION_ONLY,,blob,"Path/blob comparison only; it does not prove functional equivalence, security, or runtime behavior."
backend/src/modules/nabd-extensions/nabd-extensions.module.ts,backend,WORKSTATION_ONLY,,blob,"Path/blob comparison only; it does not prove functional equivalence, security, or runtime behavior."
backend/src/modules/nabd-extensions/nabd-extensions.service.ts,backend,WORKSTATION_ONLY,,blob,"Path/blob comparison only; it does not prove functional equivalence, security, or runtime behavior."
backend/src/modules/nabd-extensions/repositories/adplacement.repository.ts,backend,WORKSTATION_ONLY,,blob,"Path/blob comparison only; it does not prove functional equivalence, security, or runtime behavior."
backend/src/modules/nabd-extensions/repositories/appointment.repository.ts,backend,WORKSTATION_ONLY,,blob,"Path/blob comparison only; it does not prove functional equivalence, security, or runtime behavior."
backend/src/modules/nabd-extensions/repositories/corporateaccount.repository.ts,backend,WORKSTATION_ONLY,,blob,"Path/blob comparison only; it does not prove functional equivalence, security, or runtime behavior."
backend/src/modules/nabd-extensions/repositories/featureflag.repository.ts,backend,WORKSTATION_ONLY,,blob,"Path/blob comparison only; it does not prove functional equivalence, security, or runtime behavior."
backend/src/modules/nabd-extensions/repositories/fraudalert.repository.ts,backend,WORKSTATION_ONLY,,blob,"Path/blob comparison only; it does not prove functional equivalence, security, or runtime behavior."
backend/src/modules/nabd-extensions/repositories/labresult.repository.ts,backend,WORKSTATION_ONLY,,blob,"Path/blob comparison only; it does not prove functional equivalence, security, or runtime behavior."
backend/src/modules/nabd-extensions/repositories/order.repository.ts,backend,WORKSTATION_ONLY,,blob,"Path/blob comparison only; it does not prove functional equivalence, security, or runtime behavior."
backend/src/modules/nabd-extensions/repositories/prescription.repository.ts,backend,WORKSTATION_ONLY,,blob,"Path/blob comparison only; it does not prove functional equivalence, security, or runtime behavior."
backend/src/modules/nabd-extensions/repositories/providerprofile.repository.ts,backend,WORKSTATION_ONLY,,blob,"Path/blob comparison only; it does not prove functional equivalence, security, or runtime behavior."
backend/src/modules/nabd-extensions/repositories/referralcode.repository.ts,backend,WORKSTATION_ONLY,,blob,"Path/blob comparison only; it does not prove functional equivalence, security, or runtime behavior."
backend/src/modules/nabd-extensions/repositories/referralreward.repository.ts,backend,WORKSTATION_ONLY,,blob,"Path/blob comparison only; it does not prove functional equivalence, security, or runtime behavior."
backend/src/modules/nabd-extensions/repositories/slalog.repository.ts,backend,WORKSTATION_ONLY,,blob,"Path/blob comparison only; it does not prove functional equivalence, security, or runtime behavior."
backend/src/modules/nabd-extensions/repositories/treatmentprogram.repository.ts,backend,WORKSTATION_ONLY,,blob,"Path/blob comparison only; it does not prove functional equivalence, security, or runtime behavior."
backend/src/modules/nabd-extensions/repositories/universalactivity.repository.ts,backend,WORKSTATION_ONLY,,blob,"Path/blob comparison only; it does not prove functional equivalence, security, or runtime behavior."
backend/src/modules/nabd-extensions/repositories/user.repository.ts,backend,WORKSTATION_ONLY,,blob,"Path/blob comparison only; it does not prove functional equivalence, security, or runtime behavior."
backend/src/modules/nabd-extensions/repositories/vitalreading.repository.ts,backend,WORKSTATION_ONLY,,blob,"Path/blob comparison only; it does not prove functional equivalence, security, or runtime behavior."
backend/src/modules/nabd-extensions/repositories/wallet.repository.ts,backend,WORKSTATION_ONLY,,blob,"Path/blob comparison only; it does not prove functional equivalence, security, or runtime behavior."
backend/src/modules/nabd-extensions/repositories/wallettransaction.repository.ts,backend,WORKSTATION_ONLY,,blob,"Path/blob comparison only; it does not prove functional equivalence, security, or runtime behavior."
backend/src/modules/notification/notification.module.ts,backend,WORKSTATION_ONLY,,blob,"Path/blob comparison only; it does not prove functional equivalence, security, or runtime behavior."
backend/src/modules/notification/notification.service.ts,backend,WORKSTATION_ONLY,,blob,"Path/blob comparison only; it does not prove functional equivalence, security, or runtime behavior."
backend/src/modules/notifications/notification-delivery.processor.ts,backend,WORKSTATION_ONLY,,blob,"Path/blob comparison only; it does not prove functional equivalence, security, or runtime behavior."
backend/src/modules/notifications/notifications.controller.ts,backend,WORKSTATION_ONLY,,blob,"Path/blob comparison only; it does not prove functional equivalence, security, or runtime behavior."
backend/src/modules/notifications/notifications.module.ts,backend,WORKSTATION_ONLY,,blob,"Path/blob comparison only; it does not prove functional equivalence, security, or runtime behavior."
backend/src/modules/notifications/notifications.service.spec.ts,backend,WORKSTATION_ONLY,,blob,"Path/blob comparison only; it does not prove functional equivalence, security, or runtime behavior."
backend/src/modules/notifications/notifications.service.ts,backend,WORKSTATION_ONLY,,blob,"Path/blob comparison only; it does not prove functional equivalence, security, or runtime behavior."
backend/src/modules/notifications/processors/mail.processor.ts,backend,WORKSTATION_ONLY,,blob,"Path/blob comparison only; it does not prove functional equivalence, security, or runtime behavior."
backend/src/modules/notifications/repositories/notification.repository.ts,backend,WORKSTATION_ONLY,,blob,"Path/blob comparison only; it does not prove functional equivalence, security, or runtime behavior."
backend/src/modules/nutrition/nutrition.controller.ts,backend,WORKSTATION_ONLY,,blob,"Path/blob comparison only; it does not prove functional equivalence, security, or runtime behavior."
backend/src/modules/nutrition/nutrition.module.ts,backend,WORKSTATION_ONLY,,blob,"Path/blob comparison only; it does not prove functional equivalence, security, or runtime behavior."
backend/src/modules/nutrition/nutrition.service.spec.ts,backend,WORKSTATION_ONLY,,blob,"Path/blob comparison only; it does not prove functional equivalence, security, or runtime behavior."
backend/src/modules/nutrition/nutrition.service.ts,backend,WORKSTATION_ONLY,,blob,"Path/blob comparison only; it does not prove functional equivalence, security, or runtime behavior."
backend/src/modules/nutrition/repositories/exerciselog.repository.ts,backend,WORKSTATION_ONLY,,blob,"Path/blob comparison only; it does not prove functional equivalence, security, or runtime behavior."
backend/src/modules/nutrition/repositories/meallog.repository.ts,backend,WORKSTATION_ONLY,,blob,"Path/blob comparison only; it does not prove functional equivalence, security, or runtime behavior."
backend/src/modules/nutrition/repositories/nutritionprofile.repository.ts,backend,WORKSTATION_ONLY,,blob,"Path/blob comparison only; it does not prove functional equivalence, security, or runtime behavior."
backend/src/modules/nutrition/repositories/waterlog.repository.ts,backend,WORKSTATION_ONLY,,blob,"Path/blob comparison only; it does not prove functional equivalence, security, or runtime behavior."
backend/src/modules/ocr/ocr.service.ts,backend,WORKSTATION_ONLY,,blob,"Path/blob comparison only; it does not prove functional equivalence, security, or runtime behavior."
backend/src/modules/operations-safety/operations-safety.module.ts,backend,WORKSTATION_ONLY,,blob,"Path/blob comparison only; it does not prove functional equivalence, security, or runtime behavior."
backend/src/modules/ops/metrics.interceptor.ts,backend,WORKSTATION_ONLY,,blob,"Path/blob comparison only; it does not prove functional equivalence, security, or runtime behavior."
backend/src/modules/ops/ops.controller.ts,backend,WORKSTATION_ONLY,,blob,"Path/blob comparison only; it does not prove functional equivalence, security, or runtime behavior."
backend/src/modules/ops/ops.module.ts,backend,WORKSTATION_ONLY,,blob,"Path/blob comparison only; it does not prove functional equivalence, security, or runtime behavior."
backend/src/modules/orders/dispatch.service.ts,backend,WORKSTATION_ONLY,,blob,"Path/blob comparison only; it does not prove functional equivalence, security, or runtime behavior."
backend/src/modules/orders/dto/create-order.dto.ts,backend,WORKSTATION_ONLY,,blob,"Path/blob comparison only; it does not prove functional equivalence, security, or runtime behavior."
backend/src/modules/orders/orders.controller.ts,backend,WORKSTATION_ONLY,,blob,"Path/blob comparison only; it does not prove functional equivalence, security, or runtime behavior."
backend/src/modules/orders/orders.idempotency.contract.spec.ts,backend,WORKSTATION_ONLY,,blob,"Path/blob comparison only; it does not prove functional equivalence, security, or runtime behavior."
backend/src/modules/orders/orders.module.ts,backend,WORKSTATION_ONLY,,blob,"Path/blob comparison only; it does not prove functional equivalence, security, or runtime behavior."
backend/src/modules/orders/orders.ownership.contract.spec.ts,backend,WORKSTATION_ONLY,,blob,"Path/blob comparison only; it does not prove functional equivalence, security, or runtime behavior."
backend/src/modules/orders/orders.service.refill-delivery.spec.ts,backend,WORKSTATION_ONLY,,blob,"Path/blob comparison only; it does not prove functional equivalence, security, or runtime behavior."
backend/src/modules/orders/orders.service.spec.ts,backend,WORKSTATION_ONLY,,blob,"Path/blob comparison only; it does not prove functional equivalence, security, or runtime behavior."
backend/src/modules/orders/orders.service.ts,backend,WORKSTATION_ONLY,,blob,"Path/blob comparison only; it does not prove functional equivalence, security, or runtime behavior."
backend/src/modules/orders/repositories/delivery.repository.ts,backend,WORKSTATION_ONLY,,blob,"Path/blob comparison only; it does not prove functional equivalence, security, or runtime behavior."
backend/src/modules/orders/repositories/medicine.repository.ts,backend,WORKSTATION_ONLY,,blob,"Path/blob comparison only; it does not prove functional equivalence, security, or runtime behavior."
backend/src/modules/orders/repositories/order.repository.ts,backend,WORKSTATION_ONLY,,blob,"Path/blob comparison only; it does not prove functional equivalence, security, or runtime behavior."
backend/src/modules/orders/repositories/pharmacybid.repository.ts,backend,WORKSTATION_ONLY,,blob,"Path/blob comparison only; it does not prove functional equivalence, security, or runtime behavior."
backend/src/modules/orders/repositories/pharmacyinventory.repository.ts,backend,WORKSTATION_ONLY,,blob,"Path/blob comparison only; it does not prove functional equivalence, security, or runtime behavior."
backend/src/modules/orders/repositories/providerprofile.repository.ts,backend,WORKSTATION_ONLY,,blob,"Path/blob comparison only; it does not prove functional equivalence, security, or runtime behavior."
backend/src/modules/patient-ux/patient-ux.module.ts,backend,WORKSTATION_ONLY,,blob,"Path/blob comparison only; it does not prove functional equivalence, security, or runtime behavior."
backend/src/modules/patient-ux/patient-ux.service.spec.ts,backend,WORKSTATION_ONLY,,blob,"Path/blob comparison only; it does not prove functional equivalence, security, or runtime behavior."
backend/src/modules/payments/payments-idor.spec.ts,backend,WORKSTATION_ONLY,,blob,"Path/blob comparison only; it does not prove functional equivalence, security, or runtime behavior."
backend/src/modules/payments/payments.module.ts,backend,WORKSTATION_ONLY,,blob,"Path/blob comparison only; it does not prove functional equivalence, security, or runtime behavior."
backend/src/modules/payments/paymob.controller.ts,backend,WORKSTATION_ONLY,,blob,"Path/blob comparison only; it does not prove functional equivalence, security, or runtime behavior."
backend/src/modules/payments/paymob.module.ts,backend,WORKSTATION_ONLY,,blob,"Path/blob comparison only; it does not prove functional equivalence, security, or runtime behavior."
backend/src/modules/payments/paymob.service.ts,backend,WORKSTATION_ONLY,,blob,"Path/blob comparison only; it does not prove functional equivalence, security, or runtime behavior."
backend/src/modules/payouts/provider-payouts.controller.spec.ts,backend,WORKSTATION_ONLY,,blob,"Path/blob comparison only; it does not prove functional equivalence, security, or runtime behavior."
backend/src/modules/payouts/provider-payouts.controller.ts,backend,WORKSTATION_ONLY,,blob,"Path/blob comparison only; it does not prove functional equivalence, security, or runtime behavior."
backend/src/modules/pharmacy/controllers/admin-procurement.controller.ts,backend,WORKSTATION_ONLY,,blob,"Path/blob comparison only; it does not prove functional equivalence, security, or runtime behavior."
backend/src/modules/pharmacy/controllers/procurement.controller.ts,backend,WORKSTATION_ONLY,,blob,"Path/blob comparison only; it does not prove functional equivalence, security, or runtime behavior."
backend/src/modules/pharmacy/dto/admin-create-quotation.dto.ts,backend,WORKSTATION_ONLY,,blob,"Path/blob comparison only; it does not prove functional equivalence, security, or runtime behavior."
backend/src/modules/pharmacy/dto/create-procurement-request.dto.ts,backend,WORKSTATION_ONLY,,blob,"Path/blob comparison only; it does not prove functional equivalence, security, or runtime behavior."
backend/src/modules/pharmacy/dto/pharmacy-quotation-feedback.dto.ts,backend,WORKSTATION_ONLY,,blob,"Path/blob comparison only; it does not prove functional equivalence, security, or runtime behavior."
backend/src/modules/pharmacy/enums/procurement-status.enum.ts,backend,WORKSTATION_ONLY,,blob,"Path/blob comparison only; it does not prove functional equivalence, security, or runtime behavior."
backend/src/modules/pharmacy/patient-pharmacy.controller.ts,backend,WORKSTATION_ONLY,,blob,"Path/blob comparison only; it does not prove functional equivalence, security, or runtime behavior."
backend/src/modules/pharmacy/pharmacy.controllers.spec.ts,backend,WORKSTATION_ONLY,,blob,"Path/blob comparison only; it does not prove functional equivalence, security, or runtime behavior."
backend/src/modules/pharmacy/pharmacy.controllers.ts,backend,WORKSTATION_ONLY,,blob,"Path/blob comparison only; it does not prove functional equivalence, security, or runtime behavior."
backend/src/modules/pharmacy/pharmacy.module.ts,backend,WORKSTATION_ONLY,,blob,"Path/blob comparison only; it does not prove functional equivalence, security, or runtime behavior."
backend/src/modules/pharmacy/schemas/pharmacy.schema.ts,backend,WORKSTATION_ONLY,,blob,"Path/blob comparison only; it does not prove functional equivalence, security, or runtime behavior."
backend/src/modules/pharmacy/schemas/procurement-request.schema.ts,backend,WORKSTATION_ONLY,,blob,"Path/blob comparison only; it does not prove functional equivalence, security, or runtime behavior."
backend/src/modules/pharmacy/schemas/quotation.schema.ts,backend,WORKSTATION_ONLY,,blob,"Path/blob comparison only; it does not prove functional equivalence, security, or runtime behavior."
backend/src/modules/pharmacy/services/pharmacy-allocation.service.ts,backend,WORKSTATION_ONLY,,blob,"Path/blob comparison only; it does not prove functional equivalence, security, or runtime behavior."
backend/src/modules/pharmacy/services/pharmacy-broadcast.service.ts,backend,WORKSTATION_ONLY,,blob,"Path/blob comparison only; it does not prove functional equivalence, security, or runtime behavior."
backend/src/modules/pharmacy/services/pharmacy-chat.service.ts,backend,WORKSTATION_ONLY,,blob,"Path/blob comparison only; it does not prove functional equivalence, security, or runtime behavior."
backend/src/modules/pharmacy/services/pharmacy-inventory-ext.service.ts,backend,WORKSTATION_ONLY,,blob,"Path/blob comparison only; it does not prove functional equivalence, security, or runtime behavior."
backend/src/modules/pharmacy/services/pharmacy-notification.service.ts,backend,WORKSTATION_ONLY,,blob,"Path/blob comparison only; it does not prove functional equivalence, security, or runtime behavior."
backend/src/modules/pharmacy/services/pharmacy-order.service.ts,backend,WORKSTATION_ONLY,,blob,"Path/blob comparison only; it does not prove functional equivalence, security, or runtime behavior."
backend/src/modules/pharmacy/services/pharmacy-orders-provider.service.ts,backend,WORKSTATION_ONLY,,blob,"Path/blob comparison only; it does not prove functional equivalence, security, or runtime behavior."
backend/src/modules/pharmacy/services/pharmacy-seed.service.ts,backend,WORKSTATION_ONLY,,blob,"Path/blob comparison only; it does not prove functional equivalence, security, or runtime behavior."
backend/src/modules/pharmacy/services/pharmacy-shortage.service.spec.ts,backend,WORKSTATION_ONLY,,blob,"Path/blob comparison only; it does not prove functional equivalence, security, or runtime behavior."
backend/src/modules/pharmacy/services/pharmacy-shortage.service.ts,backend,WORKSTATION_ONLY,,blob,"Path/blob comparison only; it does not prove functional equivalence, security, or runtime behavior."
backend/src/modules/pharmacy/services/procurement.service.ts,backend,WORKSTATION_ONLY,,blob,"Path/blob comparison only; it does not prove functional equivalence, security, or runtime behavior."
backend/src/modules/pharmacy/services/repositories/drugrejectionlog.repository.ts,backend,WORKSTATION_ONLY,,blob,"Path/blob comparison only; it does not prove functional equivalence, security, or runtime behavior."
backend/src/modules/pharmacy/services/repositories/drugshortageflag.repository.ts,backend,WORKSTATION_ONLY,,blob,"Path/blob comparison only; it does not prove functional equivalence, security, or runtime behavior."
backend/src/modules/pharmacy/services/repositories/medicine.repository.ts,backend,WORKSTATION_ONLY,,blob,"Path/blob comparison only; it does not prove functional equivalence, security, or runtime behavior."
backend/src/modules/pharmacy/services/repositories/pharmacyallocation.repository.ts,backend,WORKSTATION_ONLY,,blob,"Path/blob comparison only; it does not prove functional equivalence, security, or runtime behavior."
backend/src/modules/pharmacy/services/repositories/pharmacybroadcast.repository.ts,backend,WORKSTATION_ONLY,,blob,"Path/blob comparison only; it does not prove functional equivalence, security, or runtime behavior."
backend/src/modules/pharmacy/services/repositories/pharmacychatmessage.repository.ts,backend,WORKSTATION_ONLY,,blob,"Path/blob comparison only; it does not prove functional equivalence, security, or runtime behavior."
backend/src/modules/pharmacy/services/repositories/pharmacychatthread.repository.ts,backend,WORKSTATION_ONLY,,blob,"Path/blob comparison only; it does not prove functional equivalence, security, or runtime behavior."
backend/src/modules/pharmacy/services/repositories/pharmacyinventoryitem.repository.ts,backend,WORKSTATION_ONLY,,blob,"Path/blob comparison only; it does not prove functional equivalence, security, or runtime behavior."
backend/src/modules/pharmacy/services/repositories/pharmacylowstockalert.repository.ts,backend,WORKSTATION_ONLY,,blob,"Path/blob comparison only; it does not prove functional equivalence, security, or runtime behavior."
backend/src/modules/pharmacy/services/repositories/pharmacyorder.repository.ts,backend,WORKSTATION_ONLY,,blob,"Path/blob comparison only; it does not prove functional equivalence, security, or runtime behavior."
backend/src/modules/pharmacy/services/repositories/procurementrequest.repository.ts,backend,WORKSTATION_ONLY,,blob,"Path/blob comparison only; it does not prove functional equivalence, security, or runtime behavior."
backend/src/modules/pharmacy/services/repositories/provideraccount.repository.ts,backend,WORKSTATION_ONLY,,blob,"Path/blob comparison only; it does not prove functional equivalence, security, or runtime behavior."
backend/src/modules/pharmacy/services/repositories/provideraccountprofile.repository.ts,backend,WORKSTATION_ONLY,,blob,"Path/blob comparison only; it does not prove functional equivalence, security, or runtime behavior."
backend/src/modules/pharmacy/services/repositories/provideravailability.repository.ts,backend,WORKSTATION_ONLY,,blob,"Path/blob comparison only; it does not prove functional equivalence, security, or runtime behavior."
backend/src/modules/pharmacy/services/repositories/providerscoresnapshot.repository.ts,backend,WORKSTATION_ONLY,,blob,"Path/blob comparison only; it does not prove functional equivalence, security, or runtime behavior."
backend/src/modules/pharmacy/services/repositories/quotation.repository.ts,backend,WORKSTATION_ONLY,,blob,"Path/blob comparison only; it does not prove functional equivalence, security, or runtime behavior."
backend/src/modules/pharmacy/services/repositories/systemconfig.repository.ts,backend,WORKSTATION_ONLY,,blob,"Path/blob comparison only; it does not prove functional equivalence, security, or runtime behavior."
backend/src/modules/pharmacy/services/smart-split.service.ts,backend,WORKSTATION_ONLY,,blob,"Path/blob comparison only; it does not prove functional equivalence, security, or runtime behavior."
backend/src/modules/pharmacy/tests/pharmacy-broadcast.service.spec.ts,backend,WORKSTATION_ONLY,,blob,"Path/blob comparison only; it does not prove functional equivalence, security, or runtime behavior."
backend/src/modules/pharmacy/tests/procurement.service.spec.ts,backend,WORKSTATION_ONLY,,blob,"Path/blob comparison only; it does not prove functional equivalence, security, or runtime behavior."
backend/src/modules/pharmacy_ops/pharmacy_ops.controller.ts,backend,WORKSTATION_ONLY,,blob,"Path/blob comparison only; it does not prove functional equivalence, security, or runtime behavior."
backend/src/modules/pharmacy_ops/pharmacy_ops.module.ts,backend,WORKSTATION_ONLY,,blob,"Path/blob comparison only; it does not prove functional equivalence, security, or runtime behavior."
backend/src/modules/pharmacy_ops/pharmacy_ops.service.ts,backend,WORKSTATION_ONLY,,blob,"Path/blob comparison only; it does not prove functional equivalence, security, or runtime behavior."
backend/src/modules/pharmacy_ops/repositories/medicine.repository.ts,backend,WORKSTATION_ONLY,,blob,"Path/blob comparison only; it does not prove functional equivalence, security, or runtime behavior."
backend/src/modules/pharmacy_ops/repositories/order.repository.ts,backend,WORKSTATION_ONLY,,blob,"Path/blob comparison only; it does not prove functional equivalence, security, or runtime behavior."
backend/src/modules/pharmacy_ops/repositories/pharmacyinventory.repository.ts,backend,WORKSTATION_ONLY,,blob,"Path/blob comparison only; it does not prove functional equivalence, security, or runtime behavior."
backend/src/modules/prescriptions/prescriptions.authorization.spec.ts,backend,WORKSTATION_ONLY,,blob,"Path/blob comparison only; it does not prove functional equivalence, security, or runtime behavior."
backend/src/modules/prescriptions/prescriptions.controller.ts,backend,WORKSTATION_ONLY,,blob,"Path/blob comparison only; it does not prove functional equivalence, security, or runtime behavior."
backend/src/modules/prescriptions/prescriptions.module.ts,backend,WORKSTATION_ONLY,,blob,"Path/blob comparison only; it does not prove functional equivalence, security, or runtime behavior."
backend/src/modules/prescriptions/prescriptions.service.ts,backend,WORKSTATION_ONLY,,blob,"Path/blob comparison only; it does not prove functional equivalence, security, or runtime behavior."
backend/src/modules/prescriptions/repositories/prescription.repository.ts,backend,WORKSTATION_ONLY,,blob,"Path/blob comparison only; it does not prove functional equivalence, security, or runtime behavior."
backend/src/modules/presence/presence.module.ts,backend,WORKSTATION_ONLY,,blob,"Path/blob comparison only; it does not prove functional equivalence, security, or runtime behavior."
backend/src/modules/presence/presence.service.ts,backend,WORKSTATION_ONLY,,blob,"Path/blob comparison only; it does not prove functional equivalence, security, or runtime behavior."
backend/src/modules/provider-jobs/provider-jobs.module.ts,backend,WORKSTATION_ONLY,,blob,"Path/blob comparison only; it does not prove functional equivalence, security, or runtime behavior."
backend/src/modules/provider-onboarding/contract-pdf.service.ts,backend,WORKSTATION_ONLY,,blob,"Path/blob comparison only; it does not prove functional equivalence, security, or runtime behavior."
backend/src/modules/provider-onboarding/provider-onboarding.module.ts,backend,WORKSTATION_ONLY,,blob,"Path/blob comparison only; it does not prove functional equivalence, security, or runtime behavior."
backend/src/modules/provider-ops/provider-ops.module.ts,backend,WORKSTATION_ONLY,,blob,"Path/blob comparison only; it does not prove functional equivalence, security, or runtime behavior."
backend/src/modules/provider-production/provider-production.module.ts,backend,WORKSTATION_ONLY,,blob,"Path/blob comparison only; it does not prove functional equivalence, security, or runtime behavior."
backend/src/modules/provider/leave-requests.controller.ts,backend,WORKSTATION_ONLY,,blob,"Path/blob comparison only; it does not prove functional equivalence, security, or runtime behavior."
backend/src/modules/provider/provider-requests.doctor-contract.spec.ts,backend,WORKSTATION_ONLY,,blob,"Path/blob comparison only; it does not prove functional equivalence, security, or runtime behavior."
backend/src/modules/provider/provider.controllers.ts,backend,WORKSTATION_ONLY,,blob,"Path/blob comparison only; it does not prove functional equivalence, security, or runtime behavior."
backend/src/modules/provider/provider.enums.ts,backend,WORKSTATION_ONLY,,blob,"Path/blob comparison only; it does not prove functional equivalence, security, or runtime behavior."
backend/src/modules/provider/provider.module.ts,backend,WORKSTATION_ONLY,,blob,"Path/blob comparison only; it does not prove functional equivalence, security, or runtime behavior."
backend/src/modules/provider/schemas/capabilities.schema.ts,backend,WORKSTATION_ONLY,,blob,"Path/blob comparison only; it does not prove functional equivalence, security, or runtime behavior."
backend/src/modules/provider/schemas/delta.schema.ts,backend,WORKSTATION_ONLY,,blob,"Path/blob comparison only; it does not prove functional equivalence, security, or runtime behavior."
backend/src/modules/provider/schemas/index.ts,backend,WORKSTATION_ONLY,,blob,"Path/blob comparison only; it does not prove functional equivalence, security, or runtime behavior."
backend/src/modules/provider/schemas/requests.schema.ts,backend,WORKSTATION_ONLY,,blob,"Path/blob comparison only; it does not prove functional equivalence, security, or runtime behavior."
backend/src/modules/provider/services/assignment-strategy.service.ts,backend,WORKSTATION_ONLY,,blob,"Path/blob comparison only; it does not prove functional equivalence, security, or runtime behavior."
backend/src/modules/provider/services/geo-engine.service.ts,backend,WORKSTATION_ONLY,,blob,"Path/blob comparison only; it does not prove functional equivalence, security, or runtime behavior."
backend/src/modules/provider/services/provider-admin.service.ts,backend,WORKSTATION_ONLY,,blob,"Path/blob comparison only; it does not prove functional equivalence, security, or runtime behavior."
backend/src/modules/provider/services/provider-auth.service.ts,backend,WORKSTATION_ONLY,,blob,"Path/blob comparison only; it does not prove functional equivalence, security, or runtime behavior."
backend/src/modules/provider/services/provider-dashboard.service.ts,backend,WORKSTATION_ONLY,,blob,"Path/blob comparison only; it does not prove functional equivalence, security, or runtime behavior."
backend/src/modules/provider/services/provider-image-processor.service.ts,backend,WORKSTATION_ONLY,,blob,"Path/blob comparison only; it does not prove functional equivalence, security, or runtime behavior."
backend/src/modules/provider/services/provider-mailer.service.ts,backend,WORKSTATION_ONLY,,blob,"Path/blob comparison only; it does not prove functional equivalence, security, or runtime behavior."
backend/src/modules/provider/services/provider-matching.service.ts,backend,WORKSTATION_ONLY,,blob,"Path/blob comparison only; it does not prove functional equivalence, security, or runtime behavior."
backend/src/modules/provider/services/provider-notifications.service.ts,backend,WORKSTATION_ONLY,,blob,"Path/blob comparison only; it does not prove functional equivalence, security, or runtime behavior."
backend/src/modules/provider/services/provider-operators.service.ts,backend,WORKSTATION_ONLY,,blob,"Path/blob comparison only; it does not prove functional equivalence, security, or runtime behavior."
backend/src/modules/provider/services/provider-otp.service.ts,backend,WORKSTATION_ONLY,,blob,"Path/blob comparison only; it does not prove functional equivalence, security, or runtime behavior."
backend/src/modules/provider/services/provider-profile.service.ts,backend,WORKSTATION_ONLY,,blob,"Path/blob comparison only; it does not prove functional equivalence, security, or runtime behavior."
backend/src/modules/provider/services/provider-request-engine.service.assignment.spec.ts,backend,WORKSTATION_ONLY,,blob,"Path/blob comparison only; it does not prove functional equivalence, security, or runtime behavior."
backend/src/modules/provider/services/provider-request-engine.service.ts,backend,WORKSTATION_ONLY,,blob,"Path/blob comparison only; it does not prove functional equivalence, security, or runtime behavior."
backend/src/modules/provider/services/provider-schedule.service.ts,backend,WORKSTATION_ONLY,,blob,"Path/blob comparison only; it does not prove functional equivalence, security, or runtime behavior."
backend/src/modules/provider/services/provider-scoring.service.ts,backend,WORKSTATION_ONLY,,blob,"Path/blob comparison only; it does not prove functional equivalence, security, or runtime behavior."
backend/src/modules/provider/services/provider-seed.service.ts,backend,WORKSTATION_ONLY,,blob,"Path/blob comparison only; it does not prove functional equivalence, security, or runtime behavior."
backend/src/modules/provider/services/repositories/doctorsessiontype.repository.ts,backend,WORKSTATION_ONLY,,blob,"Path/blob comparison only; it does not prove functional equivalence, security, or runtime behavior."
backend/src/modules/provider/services/repositories/homecareservicecatalogitem.repository.ts,backend,WORKSTATION_ONLY,,blob,"Path/blob comparison only; it does not prove functional equivalence, security, or runtime behavior."
backend/src/modules/provider/services/repositories/imageprocessingjob.repository.ts,backend,WORKSTATION_ONLY,,blob,"Path/blob comparison only; it does not prove functional equivalence, security, or runtime behavior."
backend/src/modules/provider/services/repositories/labtestcatalogitem.repository.ts,backend,WORKSTATION_ONLY,,blob,"Path/blob comparison only; it does not prove functional equivalence, security, or runtime behavior."
backend/src/modules/provider/services/repositories/pharmacyinventoryitem.repository.ts,backend,WORKSTATION_ONLY,,blob,"Path/blob comparison only; it does not prove functional equivalence, security, or runtime behavior."
backend/src/modules/provider/services/repositories/profileimageauditlog.repository.ts,backend,WORKSTATION_ONLY,,blob,"Path/blob comparison only; it does not prove functional equivalence, security, or runtime behavior."
backend/src/modules/provider/services/repositories/profileimagemetadata.repository.ts,backend,WORKSTATION_ONLY,,blob,"Path/blob comparison only; it does not prove functional equivalence, security, or runtime behavior."
backend/src/modules/provider/services/repositories/provideraccount.repository.ts,backend,WORKSTATION_ONLY,,blob,"Path/blob comparison only; it does not prove functional equivalence, security, or runtime behavior."
backend/src/modules/provider/services/repositories/provideraccountprofile.repository.ts,backend,WORKSTATION_ONLY,,blob,"Path/blob comparison only; it does not prove functional equivalence, security, or runtime behavior."
backend/src/modules/provider/services/repositories/providerassignmentattempt.repository.ts,backend,WORKSTATION_ONLY,,blob,"Path/blob comparison only; it does not prove functional equivalence, security, or runtime behavior."
backend/src/modules/provider/services/repositories/providerauditlog.repository.ts,backend,WORKSTATION_ONLY,,blob,"Path/blob comparison only; it does not prove functional equivalence, security, or runtime behavior."
backend/src/modules/provider/services/repositories/provideravailability.repository.ts,backend,WORKSTATION_ONLY,,blob,"Path/blob comparison only; it does not prove functional equivalence, security, or runtime behavior."
backend/src/modules/provider/services/repositories/providerbankaccount.repository.ts,backend,WORKSTATION_ONLY,,blob,"Path/blob comparison only; it does not prove functional equivalence, security, or runtime behavior."
backend/src/modules/provider/services/repositories/providerdeliveryzone.repository.ts,backend,WORKSTATION_ONLY,,blob,"Path/blob comparison only; it does not prove functional equivalence, security, or runtime behavior."
backend/src/modules/provider/services/repositories/providerdocument.repository.ts,backend,WORKSTATION_ONLY,,blob,"Path/blob comparison only; it does not prove functional equivalence, security, or runtime behavior."
backend/src/modules/provider/services/repositories/providernotification.repository.ts,backend,WORKSTATION_ONLY,,blob,"Path/blob comparison only; it does not prove functional equivalence, security, or runtime behavior."
backend/src/modules/provider/services/repositories/provideroperator.repository.ts,backend,WORKSTATION_ONLY,,blob,"Path/blob comparison only; it does not prove functional equivalence, security, or runtime behavior."
backend/src/modules/provider/services/repositories/providerotpcode.repository.ts,backend,WORKSTATION_ONLY,,blob,"Path/blob comparison only; it does not prove functional equivalence, security, or runtime behavior."
backend/src/modules/provider/services/repositories/providerrequest.repository.ts,backend,WORKSTATION_ONLY,,blob,"Path/blob comparison only; it does not prove functional equivalence, security, or runtime behavior."
backend/src/modules/provider/services/repositories/providerscheduleslot.repository.ts,backend,WORKSTATION_ONLY,,blob,"Path/blob comparison only; it does not prove functional equivalence, security, or runtime behavior."
backend/src/modules/provider/services/repositories/providerscoresnapshot.repository.ts,backend,WORKSTATION_ONLY,,blob,"Path/blob comparison only; it does not prove functional equivalence, security, or runtime behavior."
backend/src/modules/provider/services/repositories/providersession.repository.ts,backend,WORKSTATION_ONLY,,blob,"Path/blob comparison only; it does not prove functional equivalence, security, or runtime behavior."
backend/src/modules/provider/services/repositories/radiologyservicecatalogitem.repository.ts,backend,WORKSTATION_ONLY,,blob,"Path/blob comparison only; it does not prove functional equivalence, security, or runtime behavior."
backend/src/modules/provider/services/scheduling-engine.service.ts,backend,WORKSTATION_ONLY,,blob,"Path/blob comparison only; it does not prove functional equivalence, security, or runtime behavior."
backend/src/modules/provider/services/service-capability.service.ts,backend,WORKSTATION_ONLY,,blob,"Path/blob comparison only; it does not prove functional equivalence, security, or runtime behavior."
backend/src/modules/provider/simulated-features.controller.ts,backend,WORKSTATION_ONLY,,blob,"Path/blob comparison only; it does not prove functional equivalence, security, or runtime behavior."
backend/src/modules/provider/simulated-features.dto.ts,backend,WORKSTATION_ONLY,,blob,"Path/blob comparison only; it does not prove functional equivalence, security, or runtime behavior."
backend/src/modules/providers/controllers/hospital-enterprise.controller.ts,backend,WORKSTATION_ONLY,,blob,"Path/blob comparison only; it does not prove functional equivalence, security, or runtime behavior."
backend/src/modules/providers/providers.controller.ts,backend,WORKSTATION_ONLY,,blob,"Path/blob comparison only; it does not prove functional equivalence, security, or runtime behavior."
backend/src/modules/providers/providers.module.ts,backend,WORKSTATION_ONLY,,blob,"Path/blob comparison only; it does not prove functional equivalence, security, or runtime behavior."
backend/src/modules/providers/providers.service.spec.ts,backend,WORKSTATION_ONLY,,blob,"Path/blob comparison only; it does not prove functional equivalence, security, or runtime behavior."
backend/src/modules/providers/providers.service.ts,backend,WORKSTATION_ONLY,,blob,"Path/blob comparison only; it does not prove functional equivalence, security, or runtime behavior."
backend/src/modules/providers/repositories/providerprofile.repository.ts,backend,WORKSTATION_ONLY,,blob,"Path/blob comparison only; it does not prove functional equivalence, security, or runtime behavior."
backend/src/modules/providers/repositories/user.repository.ts,backend,WORKSTATION_ONLY,,blob,"Path/blob comparison only; it does not prove functional equivalence, security, or runtime behavior."
backend/src/modules/providers/schemas/hospital-sub-entity.schema.ts,backend,WORKSTATION_ONLY,,blob,"Path/blob comparison only; it does not prove functional equivalence, security, or runtime behavior."
backend/src/modules/providers/schemas/provider-delta.schema.ts,backend,WORKSTATION_ONLY,,blob,"Path/blob comparison only; it does not prove functional equivalence, security, or runtime behavior."
backend/src/modules/push/push.module.ts,backend,WORKSTATION_ONLY,,blob,"Path/blob comparison only; it does not prove functional equivalence, security, or runtime behavior."
backend/src/modules/radiology/controllers/radiology-provider.controller.spec.ts,backend,WORKSTATION_ONLY,,blob,"Path/blob comparison only; it does not prove functional equivalence, security, or runtime behavior."
backend/src/modules/radiology/controllers/radiology-provider.controller.ts,backend,WORKSTATION_ONLY,,blob,"Path/blob comparison only; it does not prove functional equivalence, security, or runtime behavior."
backend/src/modules/radiology/controllers/radiology.controller.ts,backend,WORKSTATION_ONLY,,blob,"Path/blob comparison only; it does not prove functional equivalence, security, or runtime behavior."
backend/src/modules/radiology/cron/radiology-reminder.cron.ts,backend,WORKSTATION_ONLY,,blob,"Path/blob comparison only; it does not prove functional equivalence, security, or runtime behavior."
backend/src/modules/radiology/listeners/radiology-notification.listener.ts,backend,WORKSTATION_ONLY,,blob,"Path/blob comparison only; it does not prove functional equivalence, security, or runtime behavior."
backend/src/modules/radiology/radiology.controller.ts,backend,WORKSTATION_ONLY,,blob,"Path/blob comparison only; it does not prove functional equivalence, security, or runtime behavior."
backend/src/modules/radiology/radiology.module.ts,backend,WORKSTATION_ONLY,,blob,"Path/blob comparison only; it does not prove functional equivalence, security, or runtime behavior."
backend/src/modules/radiology/radiology.seed.ts,backend,WORKSTATION_ONLY,,blob,"Path/blob comparison only; it does not prove functional equivalence, security, or runtime behavior."
backend/src/modules/radiology/radiology.service.report-storage.spec.ts,backend,WORKSTATION_ONLY,,blob,"Path/blob comparison only; it does not prove functional equivalence, security, or runtime behavior."
backend/src/modules/radiology/radiology.service.ts,backend,WORKSTATION_ONLY,,blob,"Path/blob comparison only; it does not prove functional equivalence, security, or runtime behavior."
backend/src/modules/radiology/repositories/labresult.repository.ts,backend,WORKSTATION_ONLY,,blob,"Path/blob comparison only; it does not prove functional equivalence, security, or runtime behavior."
backend/src/modules/radiology/repositories/radiologybooking.repository.ts,backend,WORKSTATION_ONLY,,blob,"Path/blob comparison only; it does not prove functional equivalence, security, or runtime behavior."
backend/src/modules/radiology/repositories/radiologyservice.repository.ts,backend,WORKSTATION_ONLY,,blob,"Path/blob comparison only; it does not prove functional equivalence, security, or runtime behavior."
backend/src/modules/radiology/schemas/radiology-booking.schema.ts,backend,WORKSTATION_ONLY,,blob,"Path/blob comparison only; it does not prove functional equivalence, security, or runtime behavior."
backend/src/modules/ratings/ratings.module.ts,backend,WORKSTATION_ONLY,,blob,"Path/blob comparison only; it does not prove functional equivalence, security, or runtime behavior."
backend/src/modules/realtime/realtime.gateway.authorization.spec.ts,backend,WORKSTATION_ONLY,,blob,"Path/blob comparison only; it does not prove functional equivalence, security, or runtime behavior."
backend/src/modules/realtime/realtime.gateway.ts,backend,WORKSTATION_ONLY,,blob,"Path/blob comparison only; it does not prove functional equivalence, security, or runtime behavior."
backend/src/modules/realtime/realtime.module.ts,backend,WORKSTATION_ONLY,,blob,"Path/blob comparison only; it does not prove functional equivalence, security, or runtime behavior."
backend/src/modules/realtime/realtime.service.ts,backend,WORKSTATION_ONLY,,blob,"Path/blob comparison only; it does not prove functional equivalence, security, or runtime behavior."
backend/src/modules/realtime/realtime.sse.ts,backend,WORKSTATION_ONLY,,blob,"Path/blob comparison only; it does not prove functional equivalence, security, or runtime behavior."
backend/src/modules/recruitment/recruitment.module.ts,backend,WORKSTATION_ONLY,,blob,"Path/blob comparison only; it does not prove functional equivalence, security, or runtime behavior."
backend/src/modules/recruitment/recruitment.service.spec.ts,backend,WORKSTATION_ONLY,,blob,"Path/blob comparison only; it does not prove functional equivalence, security, or runtime behavior."
backend/src/modules/redis/redis.module.ts,backend,WORKSTATION_ONLY,,blob,"Path/blob comparison only; it does not prove functional equivalence, security, or runtime behavior."
backend/src/modules/redis/redis.service.ts,backend,WORKSTATION_ONLY,,blob,"Path/blob comparison only; it does not prove functional equivalence, security, or runtime behavior."
backend/src/modules/referral/referral.controller.ts,backend,WORKSTATION_ONLY,,blob,"Path/blob comparison only; it does not prove functional equivalence, security, or runtime behavior."
backend/src/modules/referral/referral.module.ts,backend,WORKSTATION_ONLY,,blob,"Path/blob comparison only; it does not prove functional equivalence, security, or runtime behavior."
backend/src/modules/referral/referral.service.ts,backend,WORKSTATION_ONLY,,blob,"Path/blob comparison only; it does not prove functional equivalence, security, or runtime behavior."
backend/src/modules/returns/repositories/returnrequest.repository.ts,backend,WORKSTATION_ONLY,,blob,"Path/blob comparison only; it does not prove functional equivalence, security, or runtime behavior."
backend/src/modules/returns/returns.controller.ts,backend,WORKSTATION_ONLY,,blob,"Path/blob comparison only; it does not prove functional equivalence, security, or runtime behavior."
backend/src/modules/returns/returns.module.ts,backend,WORKSTATION_ONLY,,blob,"Path/blob comparison only; it does not prove functional equivalence, security, or runtime behavior."
backend/src/modules/returns/returns.service.ts,backend,WORKSTATION_ONLY,,blob,"Path/blob comparison only; it does not prove functional equivalence, security, or runtime behavior."
backend/src/modules/security/security.module.ts,backend,WORKSTATION_ONLY,,blob,"Path/blob comparison only; it does not prove functional equivalence, security, or runtime behavior."
backend/src/modules/seed/repositories/facility.repository.ts,backend,WORKSTATION_ONLY,,blob,"Path/blob comparison only; it does not prove functional equivalence, security, or runtime behavior."
backend/src/modules/seed/repositories/labservice.repository.ts,backend,WORKSTATION_ONLY,,blob,"Path/blob comparison only; it does not prove functional equivalence, security, or runtime behavior."
backend/src/modules/seed/repositories/medicine.repository.ts,backend,WORKSTATION_ONLY,,blob,"Path/blob comparison only; it does not prove functional equivalence, security, or runtime behavior."
backend/src/modules/seed/repositories/patientprofile.repository.ts,backend,WORKSTATION_ONLY,,blob,"Path/blob comparison only; it does not prove functional equivalence, security, or runtime behavior."
backend/src/modules/seed/repositories/pharmacyinventory.repository.ts,backend,WORKSTATION_ONLY,,blob,"Path/blob comparison only; it does not prove functional equivalence, security, or runtime behavior."
backend/src/modules/seed/repositories/providerprofile.repository.ts,backend,WORKSTATION_ONLY,,blob,"Path/blob comparison only; it does not prove functional equivalence, security, or runtime behavior."
backend/src/modules/seed/repositories/systemconfig.repository.ts,backend,WORKSTATION_ONLY,,blob,"Path/blob comparison only; it does not prove functional equivalence, security, or runtime behavior."
backend/src/modules/seed/repositories/user.repository.ts,backend,WORKSTATION_ONLY,,blob,"Path/blob comparison only; it does not prove functional equivalence, security, or runtime behavior."
backend/src/modules/seed/seed.data.ts,backend,WORKSTATION_ONLY,,blob,"Path/blob comparison only; it does not prove functional equivalence, security, or runtime behavior."
backend/src/modules/seed/seed.facilities.ts,backend,WORKSTATION_ONLY,,blob,"Path/blob comparison only; it does not prove functional equivalence, security, or runtime behavior."
backend/src/modules/seed/seed.module.ts,backend,WORKSTATION_ONLY,,blob,"Path/blob comparison only; it does not prove functional equivalence, security, or runtime behavior."
backend/src/modules/seed/seed.service.ts,backend,WORKSTATION_ONLY,,blob,"Path/blob comparison only; it does not prove functional equivalence, security, or runtime behavior."
backend/src/modules/seo-search/seo-search.module.ts,backend,WORKSTATION_ONLY,,blob,"Path/blob comparison only; it does not prove functional equivalence, security, or runtime behavior."
backend/src/modules/seo/repositories/article.repository.ts,backend,WORKSTATION_ONLY,,blob,"Path/blob comparison only; it does not prove functional equivalence, security, or runtime behavior."
backend/src/modules/seo/repositories/facility.repository.ts,backend,WORKSTATION_ONLY,,blob,"Path/blob comparison only; it does not prove functional equivalence, security, or runtime behavior."
backend/src/modules/seo/repositories/homecareservice.repository.ts,backend,WORKSTATION_ONLY,,blob,"Path/blob comparison only; it does not prove functional equivalence, security, or runtime behavior."
backend/src/modules/seo/repositories/labservice.repository.ts,backend,WORKSTATION_ONLY,,blob,"Path/blob comparison only; it does not prove functional equivalence, security, or runtime behavior."
backend/src/modules/seo/repositories/medicine.repository.ts,backend,WORKSTATION_ONLY,,blob,"Path/blob comparison only; it does not prove functional equivalence, security, or runtime behavior."
backend/src/modules/seo/repositories/providerprofile.repository.ts,backend,WORKSTATION_ONLY,,blob,"Path/blob comparison only; it does not prove functional equivalence, security, or runtime behavior."
backend/src/modules/seo/seo-controls.util.ts,backend,WORKSTATION_ONLY,,blob,"Path/blob comparison only; it does not prove functional equivalence, security, or runtime behavior."
backend/src/modules/seo/seo.controller.ts,backend,WORKSTATION_ONLY,,blob,"Path/blob comparison only; it does not prove functional equivalence, security, or runtime behavior."
backend/src/modules/seo/seo.module.ts,backend,WORKSTATION_ONLY,,blob,"Path/blob comparison only; it does not prove functional equivalence, security, or runtime behavior."
backend/src/modules/seo/seo.service.spec.ts,backend,WORKSTATION_ONLY,,blob,"Path/blob comparison only; it does not prove functional equivalence, security, or runtime behavior."
backend/src/modules/seo/seo.service.ts,backend,WORKSTATION_ONLY,,blob,"Path/blob comparison only; it does not prove functional equivalence, security, or runtime behavior."
backend/src/modules/service-catalog/service-catalog.module.ts,backend,WORKSTATION_ONLY,,blob,"Path/blob comparison only; it does not prove functional equivalence, security, or runtime behavior."
backend/src/modules/slot-locks/slot-locks.module.ts,backend,WORKSTATION_ONLY,,blob,"Path/blob comparison only; it does not prove functional equivalence, security, or runtime behavior."
backend/src/modules/slot-locks/slot-locks.service.spec.ts,backend,WORKSTATION_ONLY,,blob,"Path/blob comparison only; it does not prove functional equivalence, security, or runtime behavior."
backend/src/modules/sms/sms.module.ts,backend,WORKSTATION_ONLY,,blob,"Path/blob comparison only; it does not prove functional equivalence, security, or runtime behavior."
backend/src/modules/sms/sms.service.ts,backend,WORKSTATION_ONLY,,blob,"Path/blob comparison only; it does not prove functional equivalence, security, or runtime behavior."
backend/src/modules/socket/socket.gateway.ts,backend,WORKSTATION_ONLY,,blob,"Path/blob comparison only; it does not prove functional equivalence, security, or runtime behavior."
backend/src/modules/storage/storage.module.spec.ts,backend,WORKSTATION_ONLY,,blob,"Path/blob comparison only; it does not prove functional equivalence, security, or runtime behavior."
backend/src/modules/storage/storage.module.ts,backend,WORKSTATION_ONLY,,blob,"Path/blob comparison only; it does not prove functional equivalence, security, or runtime behavior."
backend/src/modules/support/repositories/patientsettings.repository.ts,backend,WORKSTATION_ONLY,,blob,"Path/blob comparison only; it does not prove functional equivalence, security, or runtime behavior."
backend/src/modules/support/repositories/supportrequest.repository.ts,backend,WORKSTATION_ONLY,,blob,"Path/blob comparison only; it does not prove functional equivalence, security, or runtime behavior."
backend/src/modules/support/support.controller.ts,backend,WORKSTATION_ONLY,,blob,"Path/blob comparison only; it does not prove functional equivalence, security, or runtime behavior."
backend/src/modules/support/support.module.ts,backend,WORKSTATION_ONLY,,blob,"Path/blob comparison only; it does not prove functional equivalence, security, or runtime behavior."
backend/src/modules/support/support.service.ts,backend,WORKSTATION_ONLY,,blob,"Path/blob comparison only; it does not prove functional equivalence, security, or runtime behavior."
backend/src/modules/system-health/system-health.controller.ts,backend,WORKSTATION_ONLY,,blob,"Path/blob comparison only; it does not prove functional equivalence, security, or runtime behavior."
backend/src/modules/system-health/system-health.module.ts,backend,WORKSTATION_ONLY,,blob,"Path/blob comparison only; it does not prove functional equivalence, security, or runtime behavior."
backend/src/modules/timeline/repositories/appointment.repository.ts,backend,WORKSTATION_ONLY,,blob,"Path/blob comparison only; it does not prove functional equivalence, security, or runtime behavior."
backend/src/modules/timeline/repositories/customservicerequest.repository.ts,backend,WORKSTATION_ONLY,,blob,"Path/blob comparison only; it does not prove functional equivalence, security, or runtime behavior."
backend/src/modules/timeline/repositories/homecarebooking.repository.ts,backend,WORKSTATION_ONLY,,blob,"Path/blob comparison only; it does not prove functional equivalence, security, or runtime behavior."
backend/src/modules/timeline/repositories/labbooking.repository.ts,backend,WORKSTATION_ONLY,,blob,"Path/blob comparison only; it does not prove functional equivalence, security, or runtime behavior."
backend/src/modules/timeline/repositories/labresult.repository.ts,backend,WORKSTATION_ONLY,,blob,"Path/blob comparison only; it does not prove functional equivalence, security, or runtime behavior."
backend/src/modules/timeline/repositories/medicalreport.repository.ts,backend,WORKSTATION_ONLY,,blob,"Path/blob comparison only; it does not prove functional equivalence, security, or runtime behavior."
backend/src/modules/timeline/repositories/medicationreminder.repository.ts,backend,WORKSTATION_ONLY,,blob,"Path/blob comparison only; it does not prove functional equivalence, security, or runtime behavior."
backend/src/modules/timeline/repositories/order.repository.ts,backend,WORKSTATION_ONLY,,blob,"Path/blob comparison only; it does not prove functional equivalence, security, or runtime behavior."
backend/src/modules/timeline/repositories/prescription.repository.ts,backend,WORKSTATION_ONLY,,blob,"Path/blob comparison only; it does not prove functional equivalence, security, or runtime behavior."
backend/src/modules/timeline/repositories/radiologybooking.repository.ts,backend,WORKSTATION_ONLY,,blob,"Path/blob comparison only; it does not prove functional equivalence, security, or runtime behavior."
backend/src/modules/timeline/repositories/vitalreading.repository.ts,backend,WORKSTATION_ONLY,,blob,"Path/blob comparison only; it does not prove functional equivalence, security, or runtime behavior."
backend/src/modules/timeline/timeline.controller.ts,backend,WORKSTATION_ONLY,,blob,"Path/blob comparison only; it does not prove functional equivalence, security, or runtime behavior."
backend/src/modules/timeline/timeline.module.ts,backend,WORKSTATION_ONLY,,blob,"Path/blob comparison only; it does not prove functional equivalence, security, or runtime behavior."
backend/src/modules/timeline/timeline.service.ts,backend,WORKSTATION_ONLY,,blob,"Path/blob comparison only; it does not prove functional equivalence, security, or runtime behavior."
backend/src/modules/tour/tour.controller.ts,backend,WORKSTATION_ONLY,,blob,"Path/blob comparison only; it does not prove functional equivalence, security, or runtime behavior."
backend/src/modules/tour/tour.module.ts,backend,WORKSTATION_ONLY,,blob,"Path/blob comparison only; it does not prove functional equivalence, security, or runtime behavior."
backend/src/modules/tour/tour.service.ts,backend,WORKSTATION_ONLY,,blob,"Path/blob comparison only; it does not prove functional equivalence, security, or runtime behavior."
backend/src/modules/unified-bookings/unified-bookings.contract.spec.ts,backend,WORKSTATION_ONLY,,blob,"Path/blob comparison only; it does not prove functional equivalence, security, or runtime behavior."
backend/src/modules/unified-bookings/unified-bookings.module.ts,backend,WORKSTATION_ONLY,,blob,"Path/blob comparison only; it does not prove functional equivalence, security, or runtime behavior."
backend/src/modules/unified-bookings/unified-bookings.service.spec.ts,backend,WORKSTATION_ONLY,,blob,"Path/blob comparison only; it does not prove functional equivalence, security, or runtime behavior."
backend/src/modules/unified-bookings/unified-bookings.service.ts,backend,WORKSTATION_ONLY,,blob,"Path/blob comparison only; it does not prove functional equivalence, security, or runtime behavior."
backend/src/modules/users/data-retention.service.ts,backend,WORKSTATION_ONLY,,blob,"Path/blob comparison only; it does not prove functional equivalence, security, or runtime behavior."
backend/src/modules/users/repositories/patient-profile.repository.ts,backend,WORKSTATION_ONLY,,blob,"Path/blob comparison only; it does not prove functional equivalence, security, or runtime behavior."
backend/src/modules/users/repositories/provider-profile.repository.ts,backend,WORKSTATION_ONLY,,blob,"Path/blob comparison only; it does not prove functional equivalence, security, or runtime behavior."
backend/src/modules/users/repositories/user.repository.ts,backend,WORKSTATION_ONLY,,blob,"Path/blob comparison only; it does not prove functional equivalence, security, or runtime behavior."
backend/src/modules/users/user.insurance.controller.ts,backend,WORKSTATION_ONLY,,blob,"Path/blob comparison only; it does not prove functional equivalence, security, or runtime behavior."
backend/src/modules/users/users.addresses.controller.ts,backend,WORKSTATION_ONLY,,blob,"Path/blob comparison only; it does not prove functional equivalence, security, or runtime behavior."
backend/src/modules/users/users.contract.spec.ts,backend,WORKSTATION_ONLY,,blob,"Path/blob comparison only; it does not prove functional equivalence, security, or runtime behavior."
backend/src/modules/users/users.controller.ts,backend,WORKSTATION_ONLY,,blob,"Path/blob comparison only; it does not prove functional equivalence, security, or runtime behavior."
backend/src/modules/users/users.insurance.controller.ts,backend,WORKSTATION_ONLY,,blob,"Path/blob comparison only; it does not prove functional equivalence, security, or runtime behavior."
backend/src/modules/users/users.module.ts,backend,WORKSTATION_ONLY,,blob,"Path/blob comparison only; it does not prove functional equivalence, security, or runtime behavior."
backend/src/modules/users/users.service.ts,backend,WORKSTATION_ONLY,,blob,"Path/blob comparison only; it does not prove functional equivalence, security, or runtime behavior."
backend/src/modules/wallet/repositories/user.repository.ts,backend,WORKSTATION_ONLY,,blob,"Path/blob comparison only; it does not prove functional equivalence, security, or runtime behavior."
backend/src/modules/wallet/repositories/wallet.repository.ts,backend,WORKSTATION_ONLY,,blob,"Path/blob comparison only; it does not prove functional equivalence, security, or runtime behavior."
backend/src/modules/wallet/repositories/wallettransaction.repository.ts,backend,WORKSTATION_ONLY,,blob,"Path/blob comparison only; it does not prove functional equivalence, security, or runtime behavior."
backend/src/modules/wallet/wallet.controller.ts,backend,WORKSTATION_ONLY,,blob,"Path/blob comparison only; it does not prove functional equivalence, security, or runtime behavior."
backend/src/modules/wallet/wallet.module.ts,backend,WORKSTATION_ONLY,,blob,"Path/blob comparison only; it does not prove functional equivalence, security, or runtime behavior."
backend/src/modules/wallet/wallet.service.ts,backend,WORKSTATION_ONLY,,blob,"Path/blob comparison only; it does not prove functional equivalence, security, or runtime behavior."
backend/src/modules/webhooks/guards/livekit-webhook.guard.ts,backend,WORKSTATION_ONLY,,blob,"Path/blob comparison only; it does not prove functional equivalence, security, or runtime behavior."
backend/src/modules/webhooks/webhooks.controller.ts,backend,WORKSTATION_ONLY,,blob,"Path/blob comparison only; it does not prove functional equivalence, security, or runtime behavior."
backend/src/modules/webhooks/webhooks.module.ts,backend,WORKSTATION_ONLY,,blob,"Path/blob comparison only; it does not prove functional equivalence, security, or runtime behavior."
backend/src/modules/webhooks/webhooks.service.spec.ts,backend,WORKSTATION_ONLY,,blob,"Path/blob comparison only; it does not prove functional equivalence, security, or runtime behavior."
backend/src/modules/webhooks/webhooks.service.ts,backend,WORKSTATION_ONLY,,blob,"Path/blob comparison only; it does not prove functional equivalence, security, or runtime behavior."
backend/src/modules/workflow-engine/workflow-engine.module.spec.ts,backend,WORKSTATION_ONLY,,blob,"Path/blob comparison only; it does not prove functional equivalence, security, or runtime behavior."
backend/src/modules/workflow-engine/workflow-engine.module.ts,backend,WORKSTATION_ONLY,,blob,"Path/blob comparison only; it does not prove functional equivalence, security, or runtime behavior."
backend/src/schemas/ad-placement.schema.ts,backend,WORKSTATION_ONLY,,blob,"Path/blob comparison only; it does not prove functional equivalence, security, or runtime behavior."
backend/src/schemas/ambulance-vehicle.schema.ts,backend,WORKSTATION_ONLY,,blob,"Path/blob comparison only; it does not prove functional equivalence, security, or runtime behavior."
backend/src/schemas/analytics-event.schema.ts,backend,WORKSTATION_ONLY,,blob,"Path/blob comparison only; it does not prove functional equivalence, security, or runtime behavior."
backend/src/schemas/appointment.schema.ts,backend,WORKSTATION_ONLY,,blob,"Path/blob comparison only; it does not prove functional equivalence, security, or runtime behavior."
backend/src/schemas/approval-request.schema.ts,backend,WORKSTATION_ONLY,,blob,"Path/blob comparison only; it does not prove functional equivalence, security, or runtime behavior."
backend/src/schemas/article.schema.ts,backend,WORKSTATION_ONLY,,blob,"Path/blob comparison only; it does not prove functional equivalence, security, or runtime behavior."
backend/src/schemas/audit-log.schema.ts,backend,WORKSTATION_ONLY,,blob,"Path/blob comparison only; it does not prove functional equivalence, security, or runtime behavior."
backend/src/schemas/b2b-request.schema.ts,backend,WORKSTATION_ONLY,,blob,"Path/blob comparison only; it does not prove functional equivalence, security, or runtime behavior."
backend/src/schemas/callmetric.schema.ts,backend,WORKSTATION_ONLY,,blob,"Path/blob comparison only; it does not prove functional equivalence, security, or runtime behavior."
backend/src/schemas/callsession.schema.ts,backend,WORKSTATION_ONLY,,blob,"Path/blob comparison only; it does not prove functional equivalence, security, or runtime behavior."
backend/src/schemas/chat-session.schema.ts,backend,WORKSTATION_ONLY,,blob,"Path/blob comparison only; it does not prove functional equivalence, security, or runtime behavior."
backend/src/schemas/community.schemas.ts,backend,WORKSTATION_ONLY,,blob,"Path/blob comparison only; it does not prove functional equivalence, security, or runtime behavior."
backend/src/schemas/corporate-account.schema.ts,backend,WORKSTATION_ONLY,,blob,"Path/blob comparison only; it does not prove functional equivalence, security, or runtime behavior."
backend/src/schemas/custom-service.schema.ts,backend,WORKSTATION_ONLY,,blob,"Path/blob comparison only; it does not prove functional equivalence, security, or runtime behavior."
backend/src/schemas/delivery.schema.ts,backend,WORKSTATION_ONLY,,blob,"Path/blob comparison only; it does not prove functional equivalence, security, or runtime behavior."
backend/src/schemas/driver-shift.schema.ts,backend,WORKSTATION_ONLY,,blob,"Path/blob comparison only; it does not prove functional equivalence, security, or runtime behavior."
backend/src/schemas/drug-rejection-log.schema.ts,backend,WORKSTATION_ONLY,,blob,"Path/blob comparison only; it does not prove functional equivalence, security, or runtime behavior."
backend/src/schemas/emergency.schema.ts,backend,WORKSTATION_ONLY,,blob,"Path/blob comparison only; it does not prove functional equivalence, security, or runtime behavior."
backend/src/schemas/extra.schemas.ts,backend,WORKSTATION_ONLY,,blob,"Path/blob comparison only; it does not prove functional equivalence, security, or runtime behavior."
backend/src/schemas/facility.schema.ts,backend,WORKSTATION_ONLY,,blob,"Path/blob comparison only; it does not prove functional equivalence, security, or runtime behavior."
backend/src/schemas/family.schemas.ts,backend,WORKSTATION_ONLY,,blob,"Path/blob comparison only; it does not prove functional equivalence, security, or runtime behavior."
backend/src/schemas/feature-flag.schema.ts,backend,WORKSTATION_ONLY,,blob,"Path/blob comparison only; it does not prove functional equivalence, security, or runtime behavior."
backend/src/schemas/fraud-alert.schema.ts,backend,WORKSTATION_ONLY,,blob,"Path/blob comparison only; it does not prove functional equivalence, security, or runtime behavior."
backend/src/schemas/health.schema.ts,backend,WORKSTATION_ONLY,,blob,"Path/blob comparison only; it does not prove functional equivalence, security, or runtime behavior."
backend/src/schemas/home-care.schema.ts,backend,WORKSTATION_ONLY,,blob,"Path/blob comparison only; it does not prove functional equivalence, security, or runtime behavior."
backend/src/schemas/hospital-operations.schema.ts,backend,WORKSTATION_ONLY,,blob,"Path/blob comparison only; it does not prove functional equivalence, security, or runtime behavior."
backend/src/schemas/image-processing-job.schema.ts,backend,WORKSTATION_ONLY,,blob,"Path/blob comparison only; it does not prove functional equivalence, security, or runtime behavior."
backend/src/schemas/insurance.schema.ts,backend,WORKSTATION_ONLY,,blob,"Path/blob comparison only; it does not prove functional equivalence, security, or runtime behavior."
backend/src/schemas/inventory.schema.ts,backend,WORKSTATION_ONLY,,blob,"Path/blob comparison only; it does not prove functional equivalence, security, or runtime behavior."
backend/src/schemas/job-board.schema.ts,backend,WORKSTATION_ONLY,,blob,"Path/blob comparison only; it does not prove functional equivalence, security, or runtime behavior."
backend/src/schemas/lab-result.schema.ts,backend,WORKSTATION_ONLY,,blob,"Path/blob comparison only; it does not prove functional equivalence, security, or runtime behavior."
backend/src/schemas/lab.schema.ts,backend,WORKSTATION_ONLY,,blob,"Path/blob comparison only; it does not prove functional equivalence, security, or runtime behavior."
backend/src/schemas/leave-request.schema.ts,backend,WORKSTATION_ONLY,,blob,"Path/blob comparison only; it does not prove functional equivalence, security, or runtime behavior."
backend/src/schemas/loyalty.schemas.ts,backend,WORKSTATION_ONLY,,blob,"Path/blob comparison only; it does not prove functional equivalence, security, or runtime behavior."
backend/src/schemas/maternity.schema.ts,backend,WORKSTATION_ONLY,,blob,"Path/blob comparison only; it does not prove functional equivalence, security, or runtime behavior."
backend/src/schemas/medical-profile.schema.ts,backend,WORKSTATION_ONLY,,blob,"Path/blob comparison only; it does not prove functional equivalence, security, or runtime behavior."
backend/src/schemas/medical-report.schema.ts,backend,WORKSTATION_ONLY,,blob,"Path/blob comparison only; it does not prove functional equivalence, security, or runtime behavior."
backend/src/schemas/medicine.schema.ts,backend,WORKSTATION_ONLY,,blob,"Path/blob comparison only; it does not prove functional equivalence, security, or runtime behavior."
backend/src/schemas/mental-health.schema.ts,backend,WORKSTATION_ONLY,,blob,"Path/blob comparison only; it does not prove functional equivalence, security, or runtime behavior."
backend/src/schemas/notification.schema.ts,backend,WORKSTATION_ONLY,,blob,"Path/blob comparison only; it does not prove functional equivalence, security, or runtime behavior."
backend/src/schemas/nutrition.schema.ts,backend,WORKSTATION_ONLY,,blob,"Path/blob comparison only; it does not prove functional equivalence, security, or runtime behavior."
backend/src/schemas/order.schema.ts,backend,WORKSTATION_ONLY,,blob,"Path/blob comparison only; it does not prove functional equivalence, security, or runtime behavior."
backend/src/schemas/outbound-referral.schema.ts,backend,WORKSTATION_ONLY,,blob,"Path/blob comparison only; it does not prove functional equivalence, security, or runtime behavior."
backend/src/schemas/patient-crm-tag.schema.ts,backend,WORKSTATION_ONLY,,blob,"Path/blob comparison only; it does not prove functional equivalence, security, or runtime behavior."
backend/src/schemas/patient-profile.schema.ts,backend,WORKSTATION_ONLY,,blob,"Path/blob comparison only; it does not prove functional equivalence, security, or runtime behavior."
backend/src/schemas/pharmacy-chat.schema.ts,backend,WORKSTATION_ONLY,,blob,"Path/blob comparison only; it does not prove functional equivalence, security, or runtime behavior."
backend/src/schemas/pharmacy-inventory.schema.ts,backend,WORKSTATION_ONLY,,blob,"Path/blob comparison only; it does not prove functional equivalence, security, or runtime behavior."
backend/src/schemas/prescription.schema.ts,backend,WORKSTATION_ONLY,,blob,"Path/blob comparison only; it does not prove functional equivalence, security, or runtime behavior."
backend/src/schemas/profile-image-audit-log.schema.ts,backend,WORKSTATION_ONLY,,blob,"Path/blob comparison only; it does not prove functional equivalence, security, or runtime behavior."
backend/src/schemas/profile-image-metadata.schema.ts,backend,WORKSTATION_ONLY,,blob,"Path/blob comparison only; it does not prove functional equivalence, security, or runtime behavior."
backend/src/schemas/promotion-campaign.schema.ts,backend,WORKSTATION_ONLY,,blob,"Path/blob comparison only; it does not prove functional equivalence, security, or runtime behavior."
backend/src/schemas/provider-availability.schema.ts,backend,WORKSTATION_ONLY,,blob,"Path/blob comparison only; it does not prove functional equivalence, security, or runtime behavior."
backend/src/schemas/provider-branch.schema.ts,backend,WORKSTATION_ONLY,,blob,"Path/blob comparison only; it does not prove functional equivalence, security, or runtime behavior."
backend/src/schemas/provider-profile.schema.ts,backend,WORKSTATION_ONLY,,blob,"Path/blob comparison only; it does not prove functional equivalence, security, or runtime behavior."
backend/src/schemas/push-token.schema.ts,backend,WORKSTATION_ONLY,,blob,"Path/blob comparison only; it does not prove functional equivalence, security, or runtime behavior."
backend/src/schemas/radiology.schema.ts,backend,WORKSTATION_ONLY,,blob,"Path/blob comparison only; it does not prove functional equivalence, security, or runtime behavior."
backend/src/schemas/referral.schema.ts,backend,WORKSTATION_ONLY,,blob,"Path/blob comparison only; it does not prove functional equivalence, security, or runtime behavior."
backend/src/schemas/refund-request.schema.ts,backend,WORKSTATION_ONLY,,blob,"Path/blob comparison only; it does not prove functional equivalence, security, or runtime behavior."
backend/src/schemas/return-request.schema.ts,backend,WORKSTATION_ONLY,,blob,"Path/blob comparison only; it does not prove functional equivalence, security, or runtime behavior."
backend/src/schemas/returns.schema.ts,backend,WORKSTATION_ONLY,,blob,"Path/blob comparison only; it does not prove functional equivalence, security, or runtime behavior."
backend/src/schemas/review.schema.ts,backend,WORKSTATION_ONLY,,blob,"Path/blob comparison only; it does not prove functional equivalence, security, or runtime behavior."
backend/src/schemas/sla-log.schema.ts,backend,WORKSTATION_ONLY,,blob,"Path/blob comparison only; it does not prove functional equivalence, security, or runtime behavior."
backend/src/schemas/slot-lock.schema.ts,backend,WORKSTATION_ONLY,,blob,"Path/blob comparison only; it does not prove functional equivalence, security, or runtime behavior."
backend/src/schemas/support.schema.ts,backend,WORKSTATION_ONLY,,blob,"Path/blob comparison only; it does not prove functional equivalence, security, or runtime behavior."
backend/src/schemas/system-config.schema.ts,backend,WORKSTATION_ONLY,,blob,"Path/blob comparison only; it does not prove functional equivalence, security, or runtime behavior."
backend/src/schemas/systemevent.schema.ts,backend,WORKSTATION_ONLY,,blob,"Path/blob comparison only; it does not prove functional equivalence, security, or runtime behavior."
backend/src/schemas/transaction.schema.ts,backend,WORKSTATION_ONLY,,blob,"Path/blob comparison only; it does not prove functional equivalence, security, or runtime behavior."
backend/src/schemas/treatment-program.schema.ts,backend,WORKSTATION_ONLY,,blob,"Path/blob comparison only; it does not prove functional equivalence, security, or runtime behavior."
backend/src/schemas/universal-activity.schema.ts,backend,WORKSTATION_ONLY,,blob,"Path/blob comparison only; it does not prove functional equivalence, security, or runtime behavior."
backend/src/schemas/user.schema.ts,backend,WORKSTATION_ONLY,,blob,"Path/blob comparison only; it does not prove functional equivalence, security, or runtime behavior."
backend/src/schemas/wallet.schema.ts,backend,WORKSTATION_ONLY,,blob,"Path/blob comparison only; it does not prove functional equivalence, security, or runtime behavior."
backend/src/scripts/seed-admin.ts,backend,WORKSTATION_ONLY,,blob,"Path/blob comparison only; it does not prove functional equivalence, security, or runtime behavior."
backend/src/scripts/seed-insurance-companies.ts,backend,WORKSTATION_ONLY,,blob,"Path/blob comparison only; it does not prove functional equivalence, security, or runtime behavior."
backend/src/scripts/seed_test.ts,backend,WORKSTATION_ONLY,,blob,"Path/blob comparison only; it does not prove functional equivalence, security, or runtime behavior."
backend/src/scripts/seed_test_providers.ts,backend,WORKSTATION_ONLY,,blob,"Path/blob comparison only; it does not prove functional equivalence, security, or runtime behavior."
backend/src/scripts/verify-production.ts,backend,WORKSTATION_ONLY,,blob,"Path/blob comparison only; it does not prove functional equivalence, security, or runtime behavior."
backend/test/a-enterprise.integration.e2e-spec.ts,backend,WORKSTATION_ONLY,,blob,"Path/blob comparison only; it does not prove functional equivalence, security, or runtime behavior."
backend/test/a1-security.spec.ts,backend,WORKSTATION_ONLY,,blob,"Path/blob comparison only; it does not prove functional equivalence, security, or runtime behavior."
backend/test/a2-finance.spec.ts,backend,WORKSTATION_ONLY,,blob,"Path/blob comparison only; it does not prove functional equivalence, security, or runtime behavior."
backend/test/a3-analytics.spec.ts,backend,WORKSTATION_ONLY,,blob,"Path/blob comparison only; it does not prove functional equivalence, security, or runtime behavior."
backend/test/a4-segments.spec.ts,backend,WORKSTATION_ONLY,,blob,"Path/blob comparison only; it does not prove functional equivalence, security, or runtime behavior."
backend/test/a5-coupons.spec.ts,backend,WORKSTATION_ONLY,,blob,"Path/blob comparison only; it does not prove functional equivalence, security, or runtime behavior."
backend/test/app.boot.e2e-spec.ts,backend,WORKSTATION_ONLY,,blob,"Path/blob comparison only; it does not prove functional equivalence, security, or runtime behavior."
backend/test/go3-seo-controls.spec.ts,backend,WORKSTATION_ONLY,,blob,"Path/blob comparison only; it does not prove functional equivalence, security, or runtime behavior."
backend/tsconfig.build.json,backend,WORKSTATION_ONLY,,blob,"Path/blob comparison only; it does not prove functional equivalence, security, or runtime behavior."
backend/tsconfig.json,backend,WORKSTATION_ONLY,,blob,"Path/blob comparison only; it does not prove functional equivalence, security, or runtime behavior."
nabd-patient-web.zip,root_or_other,MAIN_ONLY,blob,,"Path/blob comparison only; it does not prove functional equivalence, security, or runtime behavior."
nabd_plus_patient_app.zip,root_or_other,MAIN_ONLY,blob,,"Path/blob comparison only; it does not prove functional equivalence, security, or runtime behavior."
nabdah-backend.zip,root_or_other,MAIN_ONLY,blob,,"Path/blob comparison only; it does not prove functional equivalence, security, or runtime behavior."
packages/shared-contracts/package.json,shared_packages,WORKSTATION_ONLY,,blob,"Path/blob comparison only; it does not prove functional equivalence, security, or runtime behavior."
packages/shared-contracts/src/__tests__/provider-contracts.spec.ts,shared_packages,WORKSTATION_ONLY,,blob,"Path/blob comparison only; it does not prove functional equivalence, security, or runtime behavior."
packages/shared-contracts/src/index.ts,shared_packages,WORKSTATION_ONLY,,blob,"Path/blob comparison only; it does not prove functional equivalence, security, or runtime behavior."
packages/shared-contracts/src/provider-contracts.ts,shared_packages,WORKSTATION_ONLY,,blob,"Path/blob comparison only; it does not prove functional equivalence, security, or runtime behavior."
packages/shared-contracts/src/state-machines.ts,shared_packages,WORKSTATION_ONLY,,blob,"Path/blob comparison only; it does not prove functional equivalence, security, or runtime behavior."
patient-mobile/.detoxrc.js,patient_mobile,WORKSTATION_ONLY,,blob,"Path/blob comparison only; it does not prove functional equivalence, security, or runtime behavior."
patient-mobile/.gitignore,patient_mobile,WORKSTATION_ONLY,,blob,"Path/blob comparison only; it does not prove functional equivalence, security, or runtime behavior."
patient-mobile/.npmrc,patient_mobile,WORKSTATION_ONLY,,blob,"Path/blob comparison only; it does not prove functional equivalence, security, or runtime behavior."
patient-mobile/Dockerfile,patient_mobile,WORKSTATION_ONLY,,blob,"Path/blob comparison only; it does not prove functional equivalence, security, or runtime behavior."
patient-mobile/GoogleService-Info.plist,patient_mobile,WORKSTATION_ONLY,,blob,"Path/blob comparison only; it does not prove functional equivalence, security, or runtime behavior."
patient-mobile/README.md,patient_mobile,WORKSTATION_ONLY,,blob,"Path/blob comparison only; it does not prove functional equivalence, security, or runtime behavior."
patient-mobile/app.json,patient_mobile,WORKSTATION_ONLY,,blob,"Path/blob comparison only; it does not prove functional equivalence, security, or runtime behavior."
patient-mobile/app/(auth)/_layout.tsx,patient_mobile,WORKSTATION_ONLY,,blob,"Path/blob comparison only; it does not prove functional equivalence, security, or runtime behavior."
patient-mobile/app/(auth)/forgot-password.tsx,patient_mobile,WORKSTATION_ONLY,,blob,"Path/blob comparison only; it does not prove functional equivalence, security, or runtime behavior."
patient-mobile/app/(auth)/login.tsx,patient_mobile,WORKSTATION_ONLY,,blob,"Path/blob comparison only; it does not prove functional equivalence, security, or runtime behavior."
patient-mobile/app/(auth)/otp.tsx,patient_mobile,WORKSTATION_ONLY,,blob,"Path/blob comparison only; it does not prove functional equivalence, security, or runtime behavior."
patient-mobile/app/(auth)/privacy.tsx,patient_mobile,WORKSTATION_ONLY,,blob,"Path/blob comparison only; it does not prove functional equivalence, security, or runtime behavior."
patient-mobile/app/(auth)/provider-info.tsx,patient_mobile,WORKSTATION_ONLY,,blob,"Path/blob comparison only; it does not prove functional equivalence, security, or runtime behavior."
patient-mobile/app/(auth)/register.tsx,patient_mobile,WORKSTATION_ONLY,,blob,"Path/blob comparison only; it does not prove functional equivalence, security, or runtime behavior."
patient-mobile/app/(auth)/reset-password.tsx,patient_mobile,WORKSTATION_ONLY,,blob,"Path/blob comparison only; it does not prove functional equivalence, security, or runtime behavior."
patient-mobile/app/(auth)/terms.tsx,patient_mobile,WORKSTATION_ONLY,,blob,"Path/blob comparison only; it does not prove functional equivalence, security, or runtime behavior."
patient-mobile/app/(auth)/welcome.tsx,patient_mobile,WORKSTATION_ONLY,,blob,"Path/blob comparison only; it does not prove functional equivalence, security, or runtime behavior."
patient-mobile/app/(onboarding)/_layout.tsx,patient_mobile,WORKSTATION_ONLY,,blob,"Path/blob comparison only; it does not prove functional equivalence, security, or runtime behavior."
patient-mobile/app/(onboarding)/index.tsx,patient_mobile,WORKSTATION_ONLY,,blob,"Path/blob comparison only; it does not prove functional equivalence, security, or runtime behavior."
patient-mobile/app/(onboarding)/language.tsx,patient_mobile,WORKSTATION_ONLY,,blob,"Path/blob comparison only; it does not prove functional equivalence, security, or runtime behavior."
patient-mobile/app/(onboarding)/permissions.tsx,patient_mobile,WORKSTATION_ONLY,,blob,"Path/blob comparison only; it does not prove functional equivalence, security, or runtime behavior."
patient-mobile/app/(tabs)/_layout.tsx,patient_mobile,WORKSTATION_ONLY,,blob,"Path/blob comparison only; it does not prove functional equivalence, security, or runtime behavior."
patient-mobile/app/(tabs)/consultations/index.tsx,patient_mobile,WORKSTATION_ONLY,,blob,"Path/blob comparison only; it does not prove functional equivalence, security, or runtime behavior."
patient-mobile/app/(tabs)/diagnostics.tsx,patient_mobile,WORKSTATION_ONLY,,blob,"Path/blob comparison only; it does not prove functional equivalence, security, or runtime behavior."
patient-mobile/app/(tabs)/health.tsx,patient_mobile,WORKSTATION_ONLY,,blob,"Path/blob comparison only; it does not prove functional equivalence, security, or runtime behavior."
patient-mobile/app/(tabs)/index.tsx,patient_mobile,WORKSTATION_ONLY,,blob,"Path/blob comparison only; it does not prove functional equivalence, security, or runtime behavior."
patient-mobile/app/(tabs)/nursing.tsx,patient_mobile,WORKSTATION_ONLY,,blob,"Path/blob comparison only; it does not prove functional equivalence, security, or runtime behavior."
patient-mobile/app/(tabs)/pharmacy.tsx,patient_mobile,WORKSTATION_ONLY,,blob,"Path/blob comparison only; it does not prove functional equivalence, security, or runtime behavior."
patient-mobile/app/(tabs)/services.tsx,patient_mobile,WORKSTATION_ONLY,,blob,"Path/blob comparison only; it does not prove functional equivalence, security, or runtime behavior."
patient-mobile/app/_layout.tsx,patient_mobile,WORKSTATION_ONLY,,blob,"Path/blob comparison only; it does not prove functional equivalence, security, or runtime behavior."
patient-mobile/app/ai-assistant.tsx,patient_mobile,WORKSTATION_ONLY,,blob,"Path/blob comparison only; it does not prove functional equivalence, security, or runtime behavior."
patient-mobile/app/ai/chat-doctor.tsx,patient_mobile,WORKSTATION_ONLY,,blob,"Path/blob comparison only; it does not prove functional equivalence, security, or runtime behavior."
patient-mobile/app/ai/monthly-report.tsx,patient_mobile,WORKSTATION_ONLY,,blob,"Path/blob comparison only; it does not prove functional equivalence, security, or runtime behavior."
patient-mobile/app/ai/prescription-translator.tsx,patient_mobile,WORKSTATION_ONLY,,blob,"Path/blob comparison only; it does not prove functional equivalence, security, or runtime behavior."
patient-mobile/app/ai/skin-analysis.tsx,patient_mobile,WORKSTATION_ONLY,,blob,"Path/blob comparison only; it does not prove functional equivalence, security, or runtime behavior."
patient-mobile/app/ai/symptom-checker.tsx,patient_mobile,WORKSTATION_ONLY,,blob,"Path/blob comparison only; it does not prove functional equivalence, security, or runtime behavior."
patient-mobile/app/ai/symptom-timeline.tsx,patient_mobile,WORKSTATION_ONLY,,blob,"Path/blob comparison only; it does not prove functional equivalence, security, or runtime behavior."
patient-mobile/app/ai/triage.tsx,patient_mobile,WORKSTATION_ONLY,,blob,"Path/blob comparison only; it does not prove functional equivalence, security, or runtime behavior."
patient-mobile/app/articles/[slug].tsx,patient_mobile,WORKSTATION_ONLY,,blob,"Path/blob comparison only; it does not prove functional equivalence, security, or runtime behavior."
patient-mobile/app/articles/bookmarks.tsx,patient_mobile,WORKSTATION_ONLY,,blob,"Path/blob comparison only; it does not prove functional equivalence, security, or runtime behavior."
patient-mobile/app/articles/index.tsx,patient_mobile,WORKSTATION_ONLY,,blob,"Path/blob comparison only; it does not prove functional equivalence, security, or runtime behavior."
patient-mobile/app/authGuestPolicy.test.ts,patient_mobile,WORKSTATION_ONLY,,blob,"Path/blob comparison only; it does not prove functional equivalence, security, or runtime behavior."
patient-mobile/app/community/hub.tsx,patient_mobile,WORKSTATION_ONLY,,blob,"Path/blob comparison only; it does not prove functional equivalence, security, or runtime behavior."
patient-mobile/app/community/post-detail.tsx,patient_mobile,WORKSTATION_ONLY,,blob,"Path/blob comparison only; it does not prove functional equivalence, security, or runtime behavior."
patient-mobile/app/consultations/appointment-detail.tsx,patient_mobile,WORKSTATION_ONLY,,blob,"Path/blob comparison only; it does not prove functional equivalence, security, or runtime behavior."
patient-mobile/app/consultations/appointments.tsx,patient_mobile,WORKSTATION_ONLY,,blob,"Path/blob comparison only; it does not prove functional equivalence, security, or runtime behavior."
patient-mobile/app/consultations/book/[id].tsx,patient_mobile,WORKSTATION_ONLY,,blob,"Path/blob comparison only; it does not prove functional equivalence, security, or runtime behavior."
patient-mobile/app/consultations/booking-confirm.tsx,patient_mobile,WORKSTATION_ONLY,,blob,"Path/blob comparison only; it does not prove functional equivalence, security, or runtime behavior."
patient-mobile/app/consultations/booking-pending.tsx,patient_mobile,WORKSTATION_ONLY,,blob,"Path/blob comparison only; it does not prove functional equivalence, security, or runtime behavior."
patient-mobile/app/consultations/booking-success.tsx,patient_mobile,WORKSTATION_ONLY,,blob,"Path/blob comparison only; it does not prove functional equivalence, security, or runtime behavior."
patient-mobile/app/consultations/call-history.tsx,patient_mobile,WORKSTATION_ONLY,,blob,"Path/blob comparison only; it does not prove functional equivalence, security, or runtime behavior."
patient-mobile/app/consultations/cancel-reschedule.tsx,patient_mobile,WORKSTATION_ONLY,,blob,"Path/blob comparison only; it does not prove functional equivalence, security, or runtime behavior."
patient-mobile/app/consultations/chat-with-doctor.tsx,patient_mobile,WORKSTATION_ONLY,,blob,"Path/blob comparison only; it does not prove functional equivalence, security, or runtime behavior."
patient-mobile/app/consultations/clinic-confirm.tsx,patient_mobile,WORKSTATION_ONLY,,blob,"Path/blob comparison only; it does not prove functional equivalence, security, or runtime behavior."
patient-mobile/app/consultations/clinic-location.tsx,patient_mobile,WORKSTATION_ONLY,,blob,"Path/blob comparison only; it does not prove functional equivalence, security, or runtime behavior."
patient-mobile/app/consultations/clinic/[id].tsx,patient_mobile,WORKSTATION_ONLY,,blob,"Path/blob comparison only; it does not prove functional equivalence, security, or runtime behavior."
patient-mobile/app/consultations/doctor-profile.tsx,patient_mobile,WORKSTATION_ONLY,,blob,"Path/blob comparison only; it does not prove functional equivalence, security, or runtime behavior."
patient-mobile/app/consultations/doctor-search.tsx,patient_mobile,WORKSTATION_ONLY,,blob,"Path/blob comparison only; it does not prove functional equivalence, security, or runtime behavior."
patient-mobile/app/consultations/doctor/[id].tsx,patient_mobile,WORKSTATION_ONLY,,blob,"Path/blob comparison only; it does not prove functional equivalence, security, or runtime behavior."
patient-mobile/app/consultations/follow-up.tsx,patient_mobile,WORKSTATION_ONLY,,blob,"Path/blob comparison only; it does not prove functional equivalence, security, or runtime behavior."
patient-mobile/app/consultations/home-visit-tracking.tsx,patient_mobile,WORKSTATION_ONLY,,blob,"Path/blob comparison only; it does not prove functional equivalence, security, or runtime behavior."
patient-mobile/app/consultations/incoming-call.tsx,patient_mobile,WORKSTATION_ONLY,,blob,"Path/blob comparison only; it does not prove functional equivalence, security, or runtime behavior."
patient-mobile/app/consultations/offer/[id].tsx,patient_mobile,WORKSTATION_ONLY,,blob,"Path/blob comparison only; it does not prove functional equivalence, security, or runtime behavior."
patient-mobile/app/consultations/post-call-rating.tsx,patient_mobile,WORKSTATION_ONLY,,blob,"Path/blob comparison only; it does not prove functional equivalence, security, or runtime behavior."
patient-mobile/app/consultations/prescription-from-doctor.tsx,patient_mobile,WORKSTATION_ONLY,,blob,"Path/blob comparison only; it does not prove functional equivalence, security, or runtime behavior."
patient-mobile/app/consultations/share-report.tsx,patient_mobile,WORKSTATION_ONLY,,blob,"Path/blob comparison only; it does not prove functional equivalence, security, or runtime behavior."
patient-mobile/app/consultations/specialty-select.tsx,patient_mobile,WORKSTATION_ONLY,,blob,"Path/blob comparison only; it does not prove functional equivalence, security, or runtime behavior."
patient-mobile/app/consultations/summary.tsx,patient_mobile,WORKSTATION_ONLY,,blob,"Path/blob comparison only; it does not prove functional equivalence, security, or runtime behavior."
patient-mobile/app/consultations/video-call.tsx,patient_mobile,WORKSTATION_ONLY,,blob,"Path/blob comparison only; it does not prove functional equivalence, security, or runtime behavior."
patient-mobile/app/consultations/video/[id].tsx,patient_mobile,WORKSTATION_ONLY,,blob,"Path/blob comparison only; it does not prove functional equivalence, security, or runtime behavior."
patient-mobile/app/consultations/virtual-waiting-room.tsx,patient_mobile,WORKSTATION_ONLY,,blob,"Path/blob comparison only; it does not prove functional equivalence, security, or runtime behavior."
patient-mobile/app/consultations/waiting-room.tsx,patient_mobile,WORKSTATION_ONLY,,blob,"Path/blob comparison only; it does not prove functional equivalence, security, or runtime behavior."
patient-mobile/app/delivery/address-select.tsx,patient_mobile,WORKSTATION_ONLY,,blob,"Path/blob comparison only; it does not prove functional equivalence, security, or runtime behavior."
patient-mobile/app/diagnostics/book-sample.tsx,patient_mobile,WORKSTATION_ONLY,,blob,"Path/blob comparison only; it does not prove functional equivalence, security, or runtime behavior."
patient-mobile/app/diagnostics/book.tsx,patient_mobile,WORKSTATION_ONLY,,blob,"Path/blob comparison only; it does not prove functional equivalence, security, or runtime behavior."
patient-mobile/app/diagnostics/booking-confirm.tsx,patient_mobile,WORKSTATION_ONLY,,blob,"Path/blob comparison only; it does not prove functional equivalence, security, or runtime behavior."
patient-mobile/app/diagnostics/booking-success.tsx,patient_mobile,WORKSTATION_ONLY,,blob,"Path/blob comparison only; it does not prove functional equivalence, security, or runtime behavior."
patient-mobile/app/diagnostics/cart.tsx,patient_mobile,WORKSTATION_ONLY,,blob,"Path/blob comparison only; it does not prove functional equivalence, security, or runtime behavior."
patient-mobile/app/diagnostics/checkout.tsx,patient_mobile,WORKSTATION_ONLY,,blob,"Path/blob comparison only; it does not prove functional equivalence, security, or runtime behavior."
patient-mobile/app/diagnostics/insurance-approval.tsx,patient_mobile,WORKSTATION_ONLY,,blob,"Path/blob comparison only; it does not prove functional equivalence, security, or runtime behavior."
patient-mobile/app/diagnostics/insurance-upload.tsx,patient_mobile,WORKSTATION_ONLY,,blob,"Path/blob comparison only; it does not prove functional equivalence, security, or runtime behavior."
patient-mobile/app/diagnostics/lab-comparison.tsx,patient_mobile,WORKSTATION_ONLY,,blob,"Path/blob comparison only; it does not prove functional equivalence, security, or runtime behavior."
patient-mobile/app/diagnostics/lab/[id].tsx,patient_mobile,WORKSTATION_ONLY,,blob,"Path/blob comparison only; it does not prove functional equivalence, security, or runtime behavior."
patient-mobile/app/diagnostics/my-results.tsx,patient_mobile,WORKSTATION_ONLY,,blob,"Path/blob comparison only; it does not prove functional equivalence, security, or runtime behavior."
patient-mobile/app/diagnostics/order/[id].tsx,patient_mobile,WORKSTATION_ONLY,,blob,"Path/blob comparison only; it does not prove functional equivalence, security, or runtime behavior."
patient-mobile/app/diagnostics/orders.tsx,patient_mobile,WORKSTATION_ONLY,,blob,"Path/blob comparison only; it does not prove functional equivalence, security, or runtime behavior."
patient-mobile/app/diagnostics/package-detail.tsx,patient_mobile,WORKSTATION_ONLY,,blob,"Path/blob comparison only; it does not prove functional equivalence, security, or runtime behavior."
patient-mobile/app/diagnostics/packages.tsx,patient_mobile,WORKSTATION_ONLY,,blob,"Path/blob comparison only; it does not prove functional equivalence, security, or runtime behavior."
patient-mobile/app/diagnostics/results-history.tsx,patient_mobile,WORKSTATION_ONLY,,blob,"Path/blob comparison only; it does not prove functional equivalence, security, or runtime behavior."
patient-mobile/app/diagnostics/sample-tracking.tsx,patient_mobile,WORKSTATION_ONLY,,blob,"Path/blob comparison only; it does not prove functional equivalence, security, or runtime behavior."
patient-mobile/app/diagnostics/search.tsx,patient_mobile,WORKSTATION_ONLY,,blob,"Path/blob comparison only; it does not prove functional equivalence, security, or runtime behavior."
patient-mobile/app/diagnostics/technician-tracking.tsx,patient_mobile,WORKSTATION_ONLY,,blob,"Path/blob comparison only; it does not prove functional equivalence, security, or runtime behavior."
patient-mobile/app/diagnostics/test-detail.tsx,patient_mobile,WORKSTATION_ONLY,,blob,"Path/blob comparison only; it does not prove functional equivalence, security, or runtime behavior."
patient-mobile/app/diagnostics/upload-rx.tsx,patient_mobile,WORKSTATION_ONLY,,blob,"Path/blob comparison only; it does not prove functional equivalence, security, or runtime behavior."
patient-mobile/app/drug-scanner/index.tsx,patient_mobile,WORKSTATION_ONLY,,blob,"Path/blob comparison only; it does not prove functional equivalence, security, or runtime behavior."
patient-mobile/app/emergency/index.tsx,patient_mobile,WORKSTATION_ONLY,,blob,"Path/blob comparison only; it does not prove functional equivalence, security, or runtime behavior."
patient-mobile/app/emergency/sos-active.tsx,patient_mobile,WORKSTATION_ONLY,,blob,"Path/blob comparison only; it does not prove functional equivalence, security, or runtime behavior."
patient-mobile/app/emergency/sos.tsx,patient_mobile,WORKSTATION_ONLY,,blob,"Path/blob comparison only; it does not prove functional equivalence, security, or runtime behavior."
patient-mobile/app/emergency/tracking.tsx,patient_mobile,WORKSTATION_ONLY,,blob,"Path/blob comparison only; it does not prove functional equivalence, security, or runtime behavior."
patient-mobile/app/family/calendar.tsx,patient_mobile,WORKSTATION_ONLY,,blob,"Path/blob comparison only; it does not prove functional equivalence, security, or runtime behavior."
patient-mobile/app/family/chat.tsx,patient_mobile,WORKSTATION_ONLY,,blob,"Path/blob comparison only; it does not prove functional equivalence, security, or runtime behavior."
patient-mobile/app/family/emergency-contacts.tsx,patient_mobile,WORKSTATION_ONLY,,blob,"Path/blob comparison only; it does not prove functional equivalence, security, or runtime behavior."
patient-mobile/app/family/hub.tsx,patient_mobile,WORKSTATION_ONLY,,blob,"Path/blob comparison only; it does not prove functional equivalence, security, or runtime behavior."
patient-mobile/app/family/index.tsx,patient_mobile,WORKSTATION_ONLY,,blob,"Path/blob comparison only; it does not prove functional equivalence, security, or runtime behavior."
patient-mobile/app/family/invite.tsx,patient_mobile,WORKSTATION_ONLY,,blob,"Path/blob comparison only; it does not prove functional equivalence, security, or runtime behavior."
patient-mobile/app/family/join.tsx,patient_mobile,WORKSTATION_ONLY,,blob,"Path/blob comparison only; it does not prove functional equivalence, security, or runtime behavior."
patient-mobile/app/family/member-health.tsx,patient_mobile,WORKSTATION_ONLY,,blob,"Path/blob comparison only; it does not prove functional equivalence, security, or runtime behavior."
patient-mobile/app/family/permission-request.tsx,patient_mobile,WORKSTATION_ONLY,,blob,"Path/blob comparison only; it does not prove functional equivalence, security, or runtime behavior."
patient-mobile/app/family/permissions.tsx,patient_mobile,WORKSTATION_ONLY,,blob,"Path/blob comparison only; it does not prove functional equivalence, security, or runtime behavior."
patient-mobile/app/family/scan.tsx,patient_mobile,WORKSTATION_ONLY,,blob,"Path/blob comparison only; it does not prove functional equivalence, security, or runtime behavior."
patient-mobile/app/family/shared-calendar.tsx,patient_mobile,WORKSTATION_ONLY,,blob,"Path/blob comparison only; it does not prove functional equivalence, security, or runtime behavior."
patient-mobile/app/health/actionable-order.tsx,patient_mobile,WORKSTATION_ONLY,,blob,"Path/blob comparison only; it does not prove functional equivalence, security, or runtime behavior."
patient-mobile/app/health/add-family-member.tsx,patient_mobile,WORKSTATION_ONLY,,blob,"Path/blob comparison only; it does not prove functional equivalence, security, or runtime behavior."
patient-mobile/app/health/chronic-disease.tsx,patient_mobile,WORKSTATION_ONLY,,blob,"Path/blob comparison only; it does not prove functional equivalence, security, or runtime behavior."
patient-mobile/app/health/chronic-medications.tsx,patient_mobile,WORKSTATION_ONLY,,blob,"Path/blob comparison only; it does not prove functional equivalence, security, or runtime behavior."
patient-mobile/app/health/conditions-allergies.tsx,patient_mobile,WORKSTATION_ONLY,,blob,"Path/blob comparison only; it does not prove functional equivalence, security, or runtime behavior."
patient-mobile/app/health/edit-profile.tsx,patient_mobile,WORKSTATION_ONLY,,blob,"Path/blob comparison only; it does not prove functional equivalence, security, or runtime behavior."
patient-mobile/app/health/emergency-contacts.tsx,patient_mobile,WORKSTATION_ONLY,,blob,"Path/blob comparison only; it does not prove functional equivalence, security, or runtime behavior."
patient-mobile/app/health/family-calendar.tsx,patient_mobile,WORKSTATION_ONLY,,blob,"Path/blob comparison only; it does not prove functional equivalence, security, or runtime behavior."
patient-mobile/app/health/family-chat.tsx,patient_mobile,WORKSTATION_ONLY,,blob,"Path/blob comparison only; it does not prove functional equivalence, security, or runtime behavior."
patient-mobile/app/health/family-hub.tsx,patient_mobile,WORKSTATION_ONLY,,blob,"Path/blob comparison only; it does not prove functional equivalence, security, or runtime behavior."
patient-mobile/app/health/family-member-detail.tsx,patient_mobile,WORKSTATION_ONLY,,blob,"Path/blob comparison only; it does not prove functional equivalence, security, or runtime behavior."
patient-mobile/app/health/health-id.tsx,patient_mobile,WORKSTATION_ONLY,,blob,"Path/blob comparison only; it does not prove functional equivalence, security, or runtime behavior."
patient-mobile/app/health/medication-reminder-add.tsx,patient_mobile,WORKSTATION_ONLY,,blob,"Path/blob comparison only; it does not prove functional equivalence, security, or runtime behavior."
patient-mobile/app/health/medication-reminder-list.tsx,patient_mobile,WORKSTATION_ONLY,,blob,"Path/blob comparison only; it does not prove functional equivalence, security, or runtime behavior."
patient-mobile/app/health/medications.tsx,patient_mobile,WORKSTATION_ONLY,,blob,"Path/blob comparison only; it does not prove functional equivalence, security, or runtime behavior."
patient-mobile/app/health/prescriptions.tsx,patient_mobile,WORKSTATION_ONLY,,blob,"Path/blob comparison only; it does not prove functional equivalence, security, or runtime behavior."
patient-mobile/app/health/refills.tsx,patient_mobile,WORKSTATION_ONLY,,blob,"Path/blob comparison only; it does not prove functional equivalence, security, or runtime behavior."
patient-mobile/app/health/reminders.tsx,patient_mobile,WORKSTATION_ONLY,,blob,"Path/blob comparison only; it does not prove functional equivalence, security, or runtime behavior."
patient-mobile/app/health/reports.tsx,patient_mobile,WORKSTATION_ONLY,,blob,"Path/blob comparison only; it does not prove functional equivalence, security, or runtime behavior."
patient-mobile/app/health/sleep-score.tsx,patient_mobile,WORKSTATION_ONLY,,blob,"Path/blob comparison only; it does not prove functional equivalence, security, or runtime behavior."
patient-mobile/app/health/sleep-tracker.tsx,patient_mobile,WORKSTATION_ONLY,,blob,"Path/blob comparison only; it does not prove functional equivalence, security, or runtime behavior."
patient-mobile/app/health/smart-reminders.tsx,patient_mobile,WORKSTATION_ONLY,,blob,"Path/blob comparison only; it does not prove functional equivalence, security, or runtime behavior."
patient-mobile/app/health/trends.tsx,patient_mobile,WORKSTATION_ONLY,,blob,"Path/blob comparison only; it does not prove functional equivalence, security, or runtime behavior."
patient-mobile/app/health/vitals-log.tsx,patient_mobile,WORKSTATION_ONLY,,blob,"Path/blob comparison only; it does not prove functional equivalence, security, or runtime behavior."
patient-mobile/app/health/vitals.tsx,patient_mobile,WORKSTATION_ONLY,,blob,"Path/blob comparison only; it does not prove functional equivalence, security, or runtime behavior."
patient-mobile/app/health/wearables.tsx,patient_mobile,WORKSTATION_ONLY,,blob,"Path/blob comparison only; it does not prove functional equivalence, security, or runtime behavior."
patient-mobile/app/index.tsx,patient_mobile,WORKSTATION_ONLY,,blob,"Path/blob comparison only; it does not prove functional equivalence, security, or runtime behavior."
patient-mobile/app/insurance/add-policy.tsx,patient_mobile,WORKSTATION_ONLY,,blob,"Path/blob comparison only; it does not prove functional equivalence, security, or runtime behavior."
patient-mobile/app/insurance/approval-pending.tsx,patient_mobile,WORKSTATION_ONLY,,blob,"Path/blob comparison only; it does not prove functional equivalence, security, or runtime behavior."
patient-mobile/app/insurance/benefits-summary.tsx,patient_mobile,WORKSTATION_ONLY,,blob,"Path/blob comparison only; it does not prove functional equivalence, security, or runtime behavior."
patient-mobile/app/insurance/claim-tracking.tsx,patient_mobile,WORKSTATION_ONLY,,blob,"Path/blob comparison only; it does not prove functional equivalence, security, or runtime behavior."
patient-mobile/app/insurance/copay.tsx,patient_mobile,WORKSTATION_ONLY,,blob,"Path/blob comparison only; it does not prove functional equivalence, security, or runtime behavior."
patient-mobile/app/insurance/coverage-check.tsx,patient_mobile,WORKSTATION_ONLY,,blob,"Path/blob comparison only; it does not prove functional equivalence, security, or runtime behavior."
patient-mobile/app/insurance/hub.tsx,patient_mobile,WORKSTATION_ONLY,,blob,"Path/blob comparison only; it does not prove functional equivalence, security, or runtime behavior."
patient-mobile/app/insurance/index.tsx,patient_mobile,WORKSTATION_ONLY,,blob,"Path/blob comparison only; it does not prove functional equivalence, security, or runtime behavior."
patient-mobile/app/insurance/network-providers.tsx,patient_mobile,WORKSTATION_ONLY,,blob,"Path/blob comparison only; it does not prove functional equivalence, security, or runtime behavior."
patient-mobile/app/insurance/payment-split.tsx,patient_mobile,WORKSTATION_ONLY,,blob,"Path/blob comparison only; it does not prove functional equivalence, security, or runtime behavior."
patient-mobile/app/insurance/policy-detail.tsx,patient_mobile,WORKSTATION_ONLY,,blob,"Path/blob comparison only; it does not prove functional equivalence, security, or runtime behavior."
patient-mobile/app/insurance/refund-status.tsx,patient_mobile,WORKSTATION_ONLY,,blob,"Path/blob comparison only; it does not prove functional equivalence, security, or runtime behavior."
patient-mobile/app/insurance/submit-claim.tsx,patient_mobile,WORKSTATION_ONLY,,blob,"Path/blob comparison only; it does not prove functional equivalence, security, or runtime behavior."
patient-mobile/app/loyalty/challenges.tsx,patient_mobile,WORKSTATION_ONLY,,blob,"Path/blob comparison only; it does not prove functional equivalence, security, or runtime behavior."
patient-mobile/app/loyalty/hub.tsx,patient_mobile,WORKSTATION_ONLY,,blob,"Path/blob comparison only; it does not prove functional equivalence, security, or runtime behavior."
patient-mobile/app/loyalty/leaderboard.tsx,patient_mobile,WORKSTATION_ONLY,,blob,"Path/blob comparison only; it does not prove functional equivalence, security, or runtime behavior."
patient-mobile/app/loyalty/referrals.tsx,patient_mobile,WORKSTATION_ONLY,,blob,"Path/blob comparison only; it does not prove functional equivalence, security, or runtime behavior."
patient-mobile/app/loyalty/rewards.tsx,patient_mobile,WORKSTATION_ONLY,,blob,"Path/blob comparison only; it does not prove functional equivalence, security, or runtime behavior."
patient-mobile/app/map/index.tsx,patient_mobile,WORKSTATION_ONLY,,blob,"Path/blob comparison only; it does not prove functional equivalence, security, or runtime behavior."
patient-mobile/app/maternity/baby-development.tsx,patient_mobile,WORKSTATION_ONLY,,blob,"Path/blob comparison only; it does not prove functional equivalence, security, or runtime behavior."
patient-mobile/app/maternity/baby-growth.tsx,patient_mobile,WORKSTATION_ONLY,,blob,"Path/blob comparison only; it does not prove functional equivalence, security, or runtime behavior."
patient-mobile/app/maternity/fetus-data.ts,patient_mobile,WORKSTATION_ONLY,,blob,"Path/blob comparison only; it does not prove functional equivalence, security, or runtime behavior."
patient-mobile/app/maternity/hub.tsx,patient_mobile,WORKSTATION_ONLY,,blob,"Path/blob comparison only; it does not prove functional equivalence, security, or runtime behavior."
patient-mobile/app/maternity/maternity-setup.tsx,patient_mobile,WORKSTATION_ONLY,,blob,"Path/blob comparison only; it does not prove functional equivalence, security, or runtime behavior."
patient-mobile/app/maternity/ovulation-tracker.tsx,patient_mobile,WORKSTATION_ONLY,,blob,"Path/blob comparison only; it does not prove functional equivalence, security, or runtime behavior."
patient-mobile/app/maternity/pregnancy-tracker.tsx,patient_mobile,WORKSTATION_ONLY,,blob,"Path/blob comparison only; it does not prove functional equivalence, security, or runtime behavior."
patient-mobile/app/mental-health/breathing.tsx,patient_mobile,WORKSTATION_ONLY,,blob,"Path/blob comparison only; it does not prove functional equivalence, security, or runtime behavior."
patient-mobile/app/mental-health/crisis-support.tsx,patient_mobile,WORKSTATION_ONLY,,blob,"Path/blob comparison only; it does not prove functional equivalence, security, or runtime behavior."
patient-mobile/app/mental-health/hub.tsx,patient_mobile,WORKSTATION_ONLY,,blob,"Path/blob comparison only; it does not prove functional equivalence, security, or runtime behavior."
patient-mobile/app/mental-health/index.tsx,patient_mobile,WORKSTATION_ONLY,,blob,"Path/blob comparison only; it does not prove functional equivalence, security, or runtime behavior."
patient-mobile/app/mental-health/meditation.tsx,patient_mobile,WORKSTATION_ONLY,,blob,"Path/blob comparison only; it does not prove functional equivalence, security, or runtime behavior."
patient-mobile/app/mental-health/mood-journal.tsx,patient_mobile,WORKSTATION_ONLY,,blob,"Path/blob comparison only; it does not prove functional equivalence, security, or runtime behavior."
patient-mobile/app/mental-health/self-assessment.tsx,patient_mobile,WORKSTATION_ONLY,,blob,"Path/blob comparison only; it does not prove functional equivalence, security, or runtime behavior."
patient-mobile/app/mental-health/therapist-match.tsx,patient_mobile,WORKSTATION_ONLY,,blob,"Path/blob comparison only; it does not prove functional equivalence, security, or runtime behavior."
patient-mobile/app/notifications/index.tsx,patient_mobile,WORKSTATION_ONLY,,blob,"Path/blob comparison only; it does not prove functional equivalence, security, or runtime behavior."
patient-mobile/app/nursing/live-tracking.tsx,patient_mobile,WORKSTATION_ONLY,,blob,"Path/blob comparison only; it does not prove functional equivalence, security, or runtime behavior."
patient-mobile/app/nursing/nurse-profile.tsx,patient_mobile,WORKSTATION_ONLY,,blob,"Path/blob comparison only; it does not prove functional equivalence, security, or runtime behavior."
patient-mobile/app/nursing/service-details.tsx,patient_mobile,WORKSTATION_ONLY,,blob,"Path/blob comparison only; it does not prove functional equivalence, security, or runtime behavior."
patient-mobile/app/nursing/service-info.tsx,patient_mobile,WORKSTATION_ONLY,,blob,"Path/blob comparison only; it does not prove functional equivalence, security, or runtime behavior."
patient-mobile/app/nutrition/ai-meal-planner.tsx,patient_mobile,WORKSTATION_ONLY,,blob,"Path/blob comparison only; it does not prove functional equivalence, security, or runtime behavior."
patient-mobile/app/nutrition/ai-plan-builder.tsx,patient_mobile,WORKSTATION_ONLY,,blob,"Path/blob comparison only; it does not prove functional equivalence, security, or runtime behavior."
patient-mobile/app/nutrition/body-composition.tsx,patient_mobile,WORKSTATION_ONLY,,blob,"Path/blob comparison only; it does not prove functional equivalence, security, or runtime behavior."
patient-mobile/app/nutrition/body-target.tsx,patient_mobile,WORKSTATION_ONLY,,blob,"Path/blob comparison only; it does not prove functional equivalence, security, or runtime behavior."
patient-mobile/app/nutrition/calorie-analyzer.tsx,patient_mobile,WORKSTATION_ONLY,,blob,"Path/blob comparison only; it does not prove functional equivalence, security, or runtime behavior."
patient-mobile/app/nutrition/daily-tracker.tsx,patient_mobile,WORKSTATION_ONLY,,blob,"Path/blob comparison only; it does not prove functional equivalence, security, or runtime behavior."
patient-mobile/app/nutrition/exercise-plan.tsx,patient_mobile,WORKSTATION_ONLY,,blob,"Path/blob comparison only; it does not prove functional equivalence, security, or runtime behavior."
patient-mobile/app/nutrition/food-scanner.tsx,patient_mobile,WORKSTATION_ONLY,,blob,"Path/blob comparison only; it does not prove functional equivalence, security, or runtime behavior."
patient-mobile/app/nutrition/hub.tsx,patient_mobile,WORKSTATION_ONLY,,blob,"Path/blob comparison only; it does not prove functional equivalence, security, or runtime behavior."
patient-mobile/app/nutrition/index.tsx,patient_mobile,WORKSTATION_ONLY,,blob,"Path/blob comparison only; it does not prove functional equivalence, security, or runtime behavior."
patient-mobile/app/nutrition/log-meal.tsx,patient_mobile,WORKSTATION_ONLY,,blob,"Path/blob comparison only; it does not prove functional equivalence, security, or runtime behavior."
patient-mobile/app/nutrition/nutrition-plan.tsx,patient_mobile,WORKSTATION_ONLY,,blob,"Path/blob comparison only; it does not prove functional equivalence, security, or runtime behavior."
patient-mobile/app/nutrition/water-tracker.tsx,patient_mobile,WORKSTATION_ONLY,,blob,"Path/blob comparison only; it does not prove functional equivalence, security, or runtime behavior."
patient-mobile/app/offers/[id].tsx,patient_mobile,WORKSTATION_ONLY,,blob,"Path/blob comparison only; it does not prove functional equivalence, security, or runtime behavior."
patient-mobile/app/offers/index.tsx,patient_mobile,WORKSTATION_ONLY,,blob,"Path/blob comparison only; it does not prove functional equivalence, security, or runtime behavior."
patient-mobile/app/orders/index.tsx,patient_mobile,WORKSTATION_ONLY,,blob,"Path/blob comparison only; it does not prove functional equivalence, security, or runtime behavior."
patient-mobile/app/payments/failed.tsx,patient_mobile,WORKSTATION_ONLY,,blob,"Path/blob comparison only; it does not prove functional equivalence, security, or runtime behavior."
patient-mobile/app/payments/failure.tsx,patient_mobile,WORKSTATION_ONLY,,blob,"Path/blob comparison only; it does not prove functional equivalence, security, or runtime behavior."
patient-mobile/app/payments/processing.tsx,patient_mobile,WORKSTATION_ONLY,,blob,"Path/blob comparison only; it does not prove functional equivalence, security, or runtime behavior."
patient-mobile/app/payments/success.tsx,patient_mobile,WORKSTATION_ONLY,,blob,"Path/blob comparison only; it does not prove functional equivalence, security, or runtime behavior."
patient-mobile/app/pharmacy/barcode-scanner.tsx,patient_mobile,WORKSTATION_ONLY,,blob,"Path/blob comparison only; it does not prove functional equivalence, security, or runtime behavior."
patient-mobile/app/pharmacy/broadcast-status.tsx,patient_mobile,WORKSTATION_ONLY,,blob,"Path/blob comparison only; it does not prove functional equivalence, security, or runtime behavior."
patient-mobile/app/pharmacy/cart.tsx,patient_mobile,WORKSTATION_ONLY,,blob,"Path/blob comparison only; it does not prove functional equivalence, security, or runtime behavior."
patient-mobile/app/pharmacy/chat-with-pharmacist.tsx,patient_mobile,WORKSTATION_ONLY,,blob,"Path/blob comparison only; it does not prove functional equivalence, security, or runtime behavior."
patient-mobile/app/pharmacy/checkout.tsx,patient_mobile,WORKSTATION_ONLY,,blob,"Path/blob comparison only; it does not prove functional equivalence, security, or runtime behavior."
patient-mobile/app/pharmacy/custom-item.tsx,patient_mobile,WORKSTATION_ONLY,,blob,"Path/blob comparison only; it does not prove functional equivalence, security, or runtime behavior."
patient-mobile/app/pharmacy/drug-not-found.tsx,patient_mobile,WORKSTATION_ONLY,,blob,"Path/blob comparison only; it does not prove functional equivalence, security, or runtime behavior."
patient-mobile/app/pharmacy/filters.tsx,patient_mobile,WORKSTATION_ONLY,,blob,"Path/blob comparison only; it does not prove functional equivalence, security, or runtime behavior."
patient-mobile/app/pharmacy/manual-order.tsx,patient_mobile,WORKSTATION_ONLY,,blob,"Path/blob comparison only; it does not prove functional equivalence, security, or runtime behavior."
patient-mobile/app/pharmacy/medicine-compare.tsx,patient_mobile,WORKSTATION_ONLY,,blob,"Path/blob comparison only; it does not prove functional equivalence, security, or runtime behavior."
patient-mobile/app/pharmacy/offers.tsx,patient_mobile,WORKSTATION_ONLY,,blob,"Path/blob comparison only; it does not prove functional equivalence, security, or runtime behavior."
patient-mobile/app/pharmacy/order-confirm.tsx,patient_mobile,WORKSTATION_ONLY,,blob,"Path/blob comparison only; it does not prove functional equivalence, security, or runtime behavior."
patient-mobile/app/pharmacy/order-history.tsx,patient_mobile,WORKSTATION_ONLY,,blob,"Path/blob comparison only; it does not prove functional equivalence, security, or runtime behavior."
patient-mobile/app/pharmacy/order-tracking.tsx,patient_mobile,WORKSTATION_ONLY,,blob,"Path/blob comparison only; it does not prove functional equivalence, security, or runtime behavior."
patient-mobile/app/pharmacy/payment.tsx,patient_mobile,WORKSTATION_ONLY,,blob,"Path/blob comparison only; it does not prove functional equivalence, security, or runtime behavior."
patient-mobile/app/pharmacy/pharmacist-chat.tsx,patient_mobile,WORKSTATION_ONLY,,blob,"Path/blob comparison only; it does not prove functional equivalence, security, or runtime behavior."
patient-mobile/app/pharmacy/product-detail.tsx,patient_mobile,WORKSTATION_ONLY,,blob,"Path/blob comparison only; it does not prove functional equivalence, security, or runtime behavior."
patient-mobile/app/pharmacy/product-search.tsx,patient_mobile,WORKSTATION_ONLY,,blob,"Path/blob comparison only; it does not prove functional equivalence, security, or runtime behavior."
patient-mobile/app/pharmacy/reorder.tsx,patient_mobile,WORKSTATION_ONLY,,blob,"Path/blob comparison only; it does not prove functional equivalence, security, or runtime behavior."
patient-mobile/app/pharmacy/rx-order.tsx,patient_mobile,WORKSTATION_ONLY,,blob,"Path/blob comparison only; it does not prove functional equivalence, security, or runtime behavior."
patient-mobile/app/pharmacy/scan-prescription.tsx,patient_mobile,WORKSTATION_ONLY,,blob,"Path/blob comparison only; it does not prove functional equivalence, security, or runtime behavior."
patient-mobile/app/pharmacy/waiting-for-pharmacy.tsx,patient_mobile,WORKSTATION_ONLY,,blob,"Path/blob comparison only; it does not prove functional equivalence, security, or runtime behavior."
patient-mobile/app/pharmacy/wishlist.tsx,patient_mobile,WORKSTATION_ONLY,,blob,"Path/blob comparison only; it does not prove functional equivalence, security, or runtime behavior."
patient-mobile/app/profile/addresses.tsx,patient_mobile,WORKSTATION_ONLY,,blob,"Path/blob comparison only; it does not prove functional equivalence, security, or runtime behavior."
patient-mobile/app/profile/edit.tsx,patient_mobile,WORKSTATION_ONLY,,blob,"Path/blob comparison only; it does not prove functional equivalence, security, or runtime behavior."
patient-mobile/app/profile/index.tsx,patient_mobile,WORKSTATION_ONLY,,blob,"Path/blob comparison only; it does not prove functional equivalence, security, or runtime behavior."
patient-mobile/app/profile/insurance.tsx,patient_mobile,WORKSTATION_ONLY,,blob,"Path/blob comparison only; it does not prove functional equivalence, security, or runtime behavior."
patient-mobile/app/programs/active.tsx,patient_mobile,WORKSTATION_ONLY,,blob,"Path/blob comparison only; it does not prove functional equivalence, security, or runtime behavior."
patient-mobile/app/reports/ai-analysis.tsx,patient_mobile,WORKSTATION_ONLY,,blob,"Path/blob comparison only; it does not prove functional equivalence, security, or runtime behavior."
patient-mobile/app/reports/hub.tsx,patient_mobile,WORKSTATION_ONLY,,blob,"Path/blob comparison only; it does not prove functional equivalence, security, or runtime behavior."
patient-mobile/app/reports/passport.tsx,patient_mobile,WORKSTATION_ONLY,,blob,"Path/blob comparison only; it does not prove functional equivalence, security, or runtime behavior."
patient-mobile/app/reports/timeline.tsx,patient_mobile,WORKSTATION_ONLY,,blob,"Path/blob comparison only; it does not prove functional equivalence, security, or runtime behavior."
patient-mobile/app/reports/view-report.tsx,patient_mobile,WORKSTATION_ONLY,,blob,"Path/blob comparison only; it does not prove functional equivalence, security, or runtime behavior."
patient-mobile/app/returns/detail.tsx,patient_mobile,WORKSTATION_ONLY,,blob,"Path/blob comparison only; it does not prove functional equivalence, security, or runtime behavior."
patient-mobile/app/returns/hub.tsx,patient_mobile,WORKSTATION_ONLY,,blob,"Path/blob comparison only; it does not prove functional equivalence, security, or runtime behavior."
patient-mobile/app/returns/new-request.tsx,patient_mobile,WORKSTATION_ONLY,,blob,"Path/blob comparison only; it does not prove functional equivalence, security, or runtime behavior."
patient-mobile/app/reviews/index.tsx,patient_mobile,WORKSTATION_ONLY,,blob,"Path/blob comparison only; it does not prove functional equivalence, security, or runtime behavior."
patient-mobile/app/rn_screens.json,patient_mobile,WORKSTATION_ONLY,,blob,"Path/blob comparison only; it does not prove functional equivalence, security, or runtime behavior."
patient-mobile/app/room/[id].tsx,patient_mobile,WORKSTATION_ONLY,,blob,"Path/blob comparison only; it does not prove functional equivalence, security, or runtime behavior."
patient-mobile/app/s/[type]/[slug].tsx,patient_mobile,WORKSTATION_ONLY,,blob,"Path/blob comparison only; it does not prove functional equivalence, security, or runtime behavior."
patient-mobile/app/search/index.tsx,patient_mobile,WORKSTATION_ONLY,,blob,"Path/blob comparison only; it does not prove functional equivalence, security, or runtime behavior."
patient-mobile/app/services/index.tsx,patient_mobile,WORKSTATION_ONLY,,blob,"Path/blob comparison only; it does not prove functional equivalence, security, or runtime behavior."
patient-mobile/app/settings/about.tsx,patient_mobile,WORKSTATION_ONLY,,blob,"Path/blob comparison only; it does not prove functional equivalence, security, or runtime behavior."
patient-mobile/app/settings/data.tsx,patient_mobile,WORKSTATION_ONLY,,blob,"Path/blob comparison only; it does not prove functional equivalence, security, or runtime behavior."
patient-mobile/app/settings/feedback.tsx,patient_mobile,WORKSTATION_ONLY,,blob,"Path/blob comparison only; it does not prove functional equivalence, security, or runtime behavior."
patient-mobile/app/settings/help.tsx,patient_mobile,WORKSTATION_ONLY,,blob,"Path/blob comparison only; it does not prove functional equivalence, security, or runtime behavior."
patient-mobile/app/settings/index.tsx,patient_mobile,WORKSTATION_ONLY,,blob,"Path/blob comparison only; it does not prove functional equivalence, security, or runtime behavior."
patient-mobile/app/settings/language.tsx,patient_mobile,WORKSTATION_ONLY,,blob,"Path/blob comparison only; it does not prove functional equivalence, security, or runtime behavior."
patient-mobile/app/settings/notifications-settings.tsx,patient_mobile,WORKSTATION_ONLY,,blob,"Path/blob comparison only; it does not prove functional equivalence, security, or runtime behavior."
patient-mobile/app/settings/notifications.tsx,patient_mobile,WORKSTATION_ONLY,,blob,"Path/blob comparison only; it does not prove functional equivalence, security, or runtime behavior."
patient-mobile/app/settings/privacy.tsx,patient_mobile,WORKSTATION_ONLY,,blob,"Path/blob comparison only; it does not prove functional equivalence, security, or runtime behavior."
patient-mobile/app/settings/security.tsx,patient_mobile,WORKSTATION_ONLY,,blob,"Path/blob comparison only; it does not prove functional equivalence, security, or runtime behavior."
patient-mobile/app/settings/support-chat.tsx,patient_mobile,WORKSTATION_ONLY,,blob,"Path/blob comparison only; it does not prove functional equivalence, security, or runtime behavior."
patient-mobile/app/settings/terms.tsx,patient_mobile,WORKSTATION_ONLY,,blob,"Path/blob comparison only; it does not prove functional equivalence, security, or runtime behavior."
patient-mobile/app/shared/location-picker.tsx,patient_mobile,WORKSTATION_ONLY,,blob,"Path/blob comparison only; it does not prove functional equivalence, security, or runtime behavior."
patient-mobile/app/support/chat.tsx,patient_mobile,WORKSTATION_ONLY,,blob,"Path/blob comparison only; it does not prove functional equivalence, security, or runtime behavior."
patient-mobile/app/support/ticket.tsx,patient_mobile,WORKSTATION_ONLY,,blob,"Path/blob comparison only; it does not prove functional equivalence, security, or runtime behavior."
patient-mobile/app/voice/index.tsx,patient_mobile,WORKSTATION_ONLY,,blob,"Path/blob comparison only; it does not prove functional equivalence, security, or runtime behavior."
patient-mobile/app/wallet/cards.tsx,patient_mobile,WORKSTATION_ONLY,,blob,"Path/blob comparison only; it does not prove functional equivalence, security, or runtime behavior."
patient-mobile/app/wallet/hub.tsx,patient_mobile,WORKSTATION_ONLY,,blob,"Path/blob comparison only; it does not prove functional equivalence, security, or runtime behavior."
patient-mobile/app/wallet/topup.tsx,patient_mobile,WORKSTATION_ONLY,,blob,"Path/blob comparison only; it does not prove functional equivalence, security, or runtime behavior."
patient-mobile/app/wallet/transactions.tsx,patient_mobile,WORKSTATION_ONLY,,blob,"Path/blob comparison only; it does not prove functional equivalence, security, or runtime behavior."
patient-mobile/app/wallet/transfer.tsx,patient_mobile,WORKSTATION_ONLY,,blob,"Path/blob comparison only; it does not prove functional equivalence, security, or runtime behavior."
patient-mobile/app/wearables/hub.tsx,patient_mobile,WORKSTATION_ONLY,,blob,"Path/blob comparison only; it does not prove functional equivalence, security, or runtime behavior."
patient-mobile/assets/adaptive-icon.png,patient_mobile,WORKSTATION_ONLY,,blob,"Path/blob comparison only; it does not prove functional equivalence, security, or runtime behavior."
patient-mobile/assets/favicon.png,patient_mobile,WORKSTATION_ONLY,,blob,"Path/blob comparison only; it does not prove functional equivalence, security, or runtime behavior."
patient-mobile/assets/fonts/Cairo-Black.ttf,patient_mobile,WORKSTATION_ONLY,,blob,"Path/blob comparison only; it does not prove functional equivalence, security, or runtime behavior."
patient-mobile/assets/fonts/Cairo-Bold.ttf,patient_mobile,WORKSTATION_ONLY,,blob,"Path/blob comparison only; it does not prove functional equivalence, security, or runtime behavior."
patient-mobile/assets/fonts/Cairo-ExtraBold.ttf,patient_mobile,WORKSTATION_ONLY,,blob,"Path/blob comparison only; it does not prove functional equivalence, security, or runtime behavior."
patient-mobile/assets/fonts/Cairo-Medium.ttf,patient_mobile,WORKSTATION_ONLY,,blob,"Path/blob comparison only; it does not prove functional equivalence, security, or runtime behavior."
patient-mobile/assets/fonts/Cairo-Regular.ttf,patient_mobile,WORKSTATION_ONLY,,blob,"Path/blob comparison only; it does not prove functional equivalence, security, or runtime behavior."
patient-mobile/assets/fonts/Cairo-SemiBold.ttf,patient_mobile,WORKSTATION_ONLY,,blob,"Path/blob comparison only; it does not prove functional equivalence, security, or runtime behavior."
patient-mobile/assets/fonts/MaterialSymbolsRounded.ttf,patient_mobile,WORKSTATION_ONLY,,blob,"Path/blob comparison only; it does not prove functional equivalence, security, or runtime behavior."
patient-mobile/assets/icon.png,patient_mobile,WORKSTATION_ONLY,,blob,"Path/blob comparison only; it does not prove functional equivalence, security, or runtime behavior."
patient-mobile/assets/images/maternity/fetus/fetus_week.jpg,patient_mobile,WORKSTATION_ONLY,,blob,"Path/blob comparison only; it does not prove functional equivalence, security, or runtime behavior."
patient-mobile/assets/images/maternity/fetus/week_1.jpg,patient_mobile,WORKSTATION_ONLY,,blob,"Path/blob comparison only; it does not prove functional equivalence, security, or runtime behavior."
patient-mobile/assets/images/maternity/fetus/week_10.jpg,patient_mobile,WORKSTATION_ONLY,,blob,"Path/blob comparison only; it does not prove functional equivalence, security, or runtime behavior."
patient-mobile/assets/images/maternity/fetus/week_11.jpg,patient_mobile,WORKSTATION_ONLY,,blob,"Path/blob comparison only; it does not prove functional equivalence, security, or runtime behavior."
patient-mobile/assets/images/maternity/fetus/week_12.jpg,patient_mobile,WORKSTATION_ONLY,,blob,"Path/blob comparison only; it does not prove functional equivalence, security, or runtime behavior."
patient-mobile/assets/images/maternity/fetus/week_13.jpg,patient_mobile,WORKSTATION_ONLY,,blob,"Path/blob comparison only; it does not prove functional equivalence, security, or runtime behavior."
patient-mobile/assets/images/maternity/fetus/week_14.jpg,patient_mobile,WORKSTATION_ONLY,,blob,"Path/blob comparison only; it does not prove functional equivalence, security, or runtime behavior."
patient-mobile/assets/images/maternity/fetus/week_15.jpg,patient_mobile,WORKSTATION_ONLY,,blob,"Path/blob comparison only; it does not prove functional equivalence, security, or runtime behavior."
patient-mobile/assets/images/maternity/fetus/week_16.jpg,patient_mobile,WORKSTATION_ONLY,,blob,"Path/blob comparison only; it does not prove functional equivalence, security, or runtime behavior."
patient-mobile/assets/images/maternity/fetus/week_16.png,patient_mobile,WORKSTATION_ONLY,,blob,"Path/blob comparison only; it does not prove functional equivalence, security, or runtime behavior."
patient-mobile/assets/images/maternity/fetus/week_17.jpg,patient_mobile,WORKSTATION_ONLY,,blob,"Path/blob comparison only; it does not prove functional equivalence, security, or runtime behavior."
patient-mobile/assets/images/maternity/fetus/week_17.png,patient_mobile,WORKSTATION_ONLY,,blob,"Path/blob comparison only; it does not prove functional equivalence, security, or runtime behavior."
patient-mobile/assets/images/maternity/fetus/week_18.png,patient_mobile,WORKSTATION_ONLY,,blob,"Path/blob comparison only; it does not prove functional equivalence, security, or runtime behavior."
patient-mobile/assets/images/maternity/fetus/week_19.png,patient_mobile,WORKSTATION_ONLY,,blob,"Path/blob comparison only; it does not prove functional equivalence, security, or runtime behavior."
patient-mobile/assets/images/maternity/fetus/week_2.jpg,patient_mobile,WORKSTATION_ONLY,,blob,"Path/blob comparison only; it does not prove functional equivalence, security, or runtime behavior."
patient-mobile/assets/images/maternity/fetus/week_20.png,patient_mobile,WORKSTATION_ONLY,,blob,"Path/blob comparison only; it does not prove functional equivalence, security, or runtime behavior."
patient-mobile/assets/images/maternity/fetus/week_21.png,patient_mobile,WORKSTATION_ONLY,,blob,"Path/blob comparison only; it does not prove functional equivalence, security, or runtime behavior."
patient-mobile/assets/images/maternity/fetus/week_22.png,patient_mobile,WORKSTATION_ONLY,,blob,"Path/blob comparison only; it does not prove functional equivalence, security, or runtime behavior."
patient-mobile/assets/images/maternity/fetus/week_23.png,patient_mobile,WORKSTATION_ONLY,,blob,"Path/blob comparison only; it does not prove functional equivalence, security, or runtime behavior."
patient-mobile/assets/images/maternity/fetus/week_24.png,patient_mobile,WORKSTATION_ONLY,,blob,"Path/blob comparison only; it does not prove functional equivalence, security, or runtime behavior."
patient-mobile/assets/images/maternity/fetus/week_25.png,patient_mobile,WORKSTATION_ONLY,,blob,"Path/blob comparison only; it does not prove functional equivalence, security, or runtime behavior."
patient-mobile/assets/images/maternity/fetus/week_26.png,patient_mobile,WORKSTATION_ONLY,,blob,"Path/blob comparison only; it does not prove functional equivalence, security, or runtime behavior."
patient-mobile/assets/images/maternity/fetus/week_27.png,patient_mobile,WORKSTATION_ONLY,,blob,"Path/blob comparison only; it does not prove functional equivalence, security, or runtime behavior."
patient-mobile/assets/images/maternity/fetus/week_28.png,patient_mobile,WORKSTATION_ONLY,,blob,"Path/blob comparison only; it does not prove functional equivalence, security, or runtime behavior."
patient-mobile/assets/images/maternity/fetus/week_29.png,patient_mobile,WORKSTATION_ONLY,,blob,"Path/blob comparison only; it does not prove functional equivalence, security, or runtime behavior."
patient-mobile/assets/images/maternity/fetus/week_3.jpg,patient_mobile,WORKSTATION_ONLY,,blob,"Path/blob comparison only; it does not prove functional equivalence, security, or runtime behavior."
patient-mobile/assets/images/maternity/fetus/week_30.png,patient_mobile,WORKSTATION_ONLY,,blob,"Path/blob comparison only; it does not prove functional equivalence, security, or runtime behavior."
patient-mobile/assets/images/maternity/fetus/week_31.png,patient_mobile,WORKSTATION_ONLY,,blob,"Path/blob comparison only; it does not prove functional equivalence, security, or runtime behavior."
patient-mobile/assets/images/maternity/fetus/week_32.png,patient_mobile,WORKSTATION_ONLY,,blob,"Path/blob comparison only; it does not prove functional equivalence, security, or runtime behavior."
patient-mobile/assets/images/maternity/fetus/week_33.png,patient_mobile,WORKSTATION_ONLY,,blob,"Path/blob comparison only; it does not prove functional equivalence, security, or runtime behavior."
patient-mobile/assets/images/maternity/fetus/week_34.png,patient_mobile,WORKSTATION_ONLY,,blob,"Path/blob comparison only; it does not prove functional equivalence, security, or runtime behavior."
patient-mobile/assets/images/maternity/fetus/week_35.png,patient_mobile,WORKSTATION_ONLY,,blob,"Path/blob comparison only; it does not prove functional equivalence, security, or runtime behavior."
patient-mobile/assets/images/maternity/fetus/week_36.png,patient_mobile,WORKSTATION_ONLY,,blob,"Path/blob comparison only; it does not prove functional equivalence, security, or runtime behavior."
patient-mobile/assets/images/maternity/fetus/week_37.png,patient_mobile,WORKSTATION_ONLY,,blob,"Path/blob comparison only; it does not prove functional equivalence, security, or runtime behavior."
patient-mobile/assets/images/maternity/fetus/week_38.png,patient_mobile,WORKSTATION_ONLY,,blob,"Path/blob comparison only; it does not prove functional equivalence, security, or runtime behavior."
patient-mobile/assets/images/maternity/fetus/week_39.png,patient_mobile,WORKSTATION_ONLY,,blob,"Path/blob comparison only; it does not prove functional equivalence, security, or runtime behavior."
patient-mobile/assets/images/maternity/fetus/week_4.jpg,patient_mobile,WORKSTATION_ONLY,,blob,"Path/blob comparison only; it does not prove functional equivalence, security, or runtime behavior."
patient-mobile/assets/images/maternity/fetus/week_40.png,patient_mobile,WORKSTATION_ONLY,,blob,"Path/blob comparison only; it does not prove functional equivalence, security, or runtime behavior."
patient-mobile/assets/images/maternity/fetus/week_5.jpg,patient_mobile,WORKSTATION_ONLY,,blob,"Path/blob comparison only; it does not prove functional equivalence, security, or runtime behavior."
patient-mobile/assets/images/maternity/fetus/week_6.jpg,patient_mobile,WORKSTATION_ONLY,,blob,"Path/blob comparison only; it does not prove functional equivalence, security, or runtime behavior."
patient-mobile/assets/images/maternity/fetus/week_7.jpg,patient_mobile,WORKSTATION_ONLY,,blob,"Path/blob comparison only; it does not prove functional equivalence, security, or runtime behavior."
patient-mobile/assets/images/maternity/fetus/week_8.jpg,patient_mobile,WORKSTATION_ONLY,,blob,"Path/blob comparison only; it does not prove functional equivalence, security, or runtime behavior."
patient-mobile/assets/images/maternity/fetus/week_9.jpg,patient_mobile,WORKSTATION_ONLY,,blob,"Path/blob comparison only; it does not prove functional equivalence, security, or runtime behavior."
patient-mobile/assets/notification-icon.png,patient_mobile,WORKSTATION_ONLY,,blob,"Path/blob comparison only; it does not prove functional equivalence, security, or runtime behavior."
patient-mobile/assets/sounds/notification.wav,patient_mobile,WORKSTATION_ONLY,,blob,"Path/blob comparison only; it does not prove functional equivalence, security, or runtime behavior."
patient-mobile/assets/splash.png,patient_mobile,WORKSTATION_ONLY,,blob,"Path/blob comparison only; it does not prove functional equivalence, security, or runtime behavior."
patient-mobile/babel.config.js,patient_mobile,WORKSTATION_ONLY,,blob,"Path/blob comparison only; it does not prove functional equivalence, security, or runtime behavior."
patient-mobile/docker-compose.yml,patient_mobile,WORKSTATION_ONLY,,blob,"Path/blob comparison only; it does not prove functional equivalence, security, or runtime behavior."
patient-mobile/e2e/firstTest.e2e.js,patient_mobile,WORKSTATION_ONLY,,blob,"Path/blob comparison only; it does not prove functional equivalence, security, or runtime behavior."
patient-mobile/e2e/jest.config.js,patient_mobile,WORKSTATION_ONLY,,blob,"Path/blob comparison only; it does not prove functional equivalence, security, or runtime behavior."
patient-mobile/eas.json,patient_mobile,WORKSTATION_ONLY,,blob,"Path/blob comparison only; it does not prove functional equivalence, security, or runtime behavior."
patient-mobile/eslint.config.js,patient_mobile,WORKSTATION_ONLY,,blob,"Path/blob comparison only; it does not prove functional equivalence, security, or runtime behavior."
patient-mobile/google-services.json,patient_mobile,WORKSTATION_ONLY,,blob,"Path/blob comparison only; it does not prove functional equivalence, security, or runtime behavior."
patient-mobile/jest.config.js,patient_mobile,WORKSTATION_ONLY,,blob,"Path/blob comparison only; it does not prove functional equivalence, security, or runtime behavior."
patient-mobile/metro.config.js,patient_mobile,WORKSTATION_ONLY,,blob,"Path/blob comparison only; it does not prove functional equivalence, security, or runtime behavior."
patient-mobile/package-lock.json,patient_mobile,WORKSTATION_ONLY,,blob,"Path/blob comparison only; it does not prove functional equivalence, security, or runtime behavior."
patient-mobile/package.json,patient_mobile,WORKSTATION_ONLY,,blob,"Path/blob comparison only; it does not prove functional equivalence, security, or runtime behavior."
patient-mobile/public/llms.txt,patient_mobile,WORKSTATION_ONLY,,blob,"Path/blob comparison only; it does not prove functional equivalence, security, or runtime behavior."
patient-mobile/public/robots.txt,patient_mobile,WORKSTATION_ONLY,,blob,"Path/blob comparison only; it does not prove functional equivalence, security, or runtime behavior."
patient-mobile/public/sitemap.xml,patient_mobile,WORKSTATION_ONLY,,blob,"Path/blob comparison only; it does not prove functional equivalence, security, or runtime behavior."
patient-mobile/scripts/ci-e2e.sh,patient_mobile,WORKSTATION_ONLY,,blob,"Path/blob comparison only; it does not prove functional equivalence, security, or runtime behavior."
patient-mobile/src/__tests__/auth/AccountLockoutService.test.ts,patient_mobile,WORKSTATION_ONLY,,blob,"Path/blob comparison only; it does not prove functional equivalence, security, or runtime behavior."
patient-mobile/src/__tests__/auth/PasswordPolicyService.test.ts,patient_mobile,WORKSTATION_ONLY,,blob,"Path/blob comparison only; it does not prove functional equivalence, security, or runtime behavior."
patient-mobile/src/__tests__/auth/SessionManager.test.ts,patient_mobile,WORKSTATION_ONLY,,blob,"Path/blob comparison only; it does not prove functional equivalence, security, or runtime behavior."
patient-mobile/src/__tests__/mocks/MockDataSources.ts,patient_mobile,WORKSTATION_ONLY,,blob,"Path/blob comparison only; it does not prove functional equivalence, security, or runtime behavior."
patient-mobile/src/__tests__/utils/testUtils.ts,patient_mobile,WORKSTATION_ONLY,,blob,"Path/blob comparison only; it does not prove functional equivalence, security, or runtime behavior."
patient-mobile/src/components/BodyMap3D.tsx,patient_mobile,WORKSTATION_ONLY,,blob,"Path/blob comparison only; it does not prove functional equivalence, security, or runtime behavior."
patient-mobile/src/components/BottomNavBar.tsx,patient_mobile,WORKSTATION_ONLY,,blob,"Path/blob comparison only; it does not prove functional equivalence, security, or runtime behavior."
patient-mobile/src/components/Header.tsx,patient_mobile,WORKSTATION_ONLY,,blob,"Path/blob comparison only; it does not prove functional equivalence, security, or runtime behavior."
patient-mobile/src/components/HeartbeatLogo.tsx,patient_mobile,WORKSTATION_ONLY,,blob,"Path/blob comparison only; it does not prove functional equivalence, security, or runtime behavior."
patient-mobile/src/components/Icon.tsx,patient_mobile,WORKSTATION_ONLY,,blob,"Path/blob comparison only; it does not prove functional equivalence, security, or runtime behavior."
patient-mobile/src/components/LocalizedAlert.ts,patient_mobile,WORKSTATION_ONLY,,blob,"Path/blob comparison only; it does not prove functional equivalence, security, or runtime behavior."
patient-mobile/src/components/LocalizedText.tsx,patient_mobile,WORKSTATION_ONLY,,blob,"Path/blob comparison only; it does not prove functional equivalence, security, or runtime behavior."
patient-mobile/src/components/MapPrimitives.native.tsx,patient_mobile,WORKSTATION_ONLY,,blob,"Path/blob comparison only; it does not prove functional equivalence, security, or runtime behavior."
patient-mobile/src/components/MapPrimitives.web.tsx,patient_mobile,WORKSTATION_ONLY,,blob,"Path/blob comparison only; it does not prove functional equivalence, security, or runtime behavior."
patient-mobile/src/components/NabdahLogo.tsx,patient_mobile,WORKSTATION_ONLY,,blob,"Path/blob comparison only; it does not prove functional equivalence, security, or runtime behavior."
patient-mobile/src/components/NotificationHandler.tsx,patient_mobile,WORKSTATION_ONLY,,blob,"Path/blob comparison only; it does not prove functional equivalence, security, or runtime behavior."
patient-mobile/src/components/OfflineBanner.tsx,patient_mobile,WORKSTATION_ONLY,,blob,"Path/blob comparison only; it does not prove functional equivalence, security, or runtime behavior."
patient-mobile/src/components/ProductImage.tsx,patient_mobile,WORKSTATION_ONLY,,blob,"Path/blob comparison only; it does not prove functional equivalence, security, or runtime behavior."
patient-mobile/src/components/RotatingCardImage.tsx,patient_mobile,WORKSTATION_ONLY,,blob,"Path/blob comparison only; it does not prove functional equivalence, security, or runtime behavior."
patient-mobile/src/components/ScreenStates.tsx,patient_mobile,WORKSTATION_ONLY,,blob,"Path/blob comparison only; it does not prove functional equivalence, security, or runtime behavior."
patient-mobile/src/components/__tests__/bottomNavLocale.test.ts,patient_mobile,WORKSTATION_ONLY,,blob,"Path/blob comparison only; it does not prove functional equivalence, security, or runtime behavior."
patient-mobile/src/components/__tests__/ui-accessibility.test.ts,patient_mobile,WORKSTATION_ONLY,,blob,"Path/blob comparison only; it does not prove functional equivalence, security, or runtime behavior."
patient-mobile/src/components/animations.tsx,patient_mobile,WORKSTATION_ONLY,,blob,"Path/blob comparison only; it does not prove functional equivalence, security, or runtime behavior."
patient-mobile/src/components/bottomNavLocale.ts,patient_mobile,WORKSTATION_ONLY,,blob,"Path/blob comparison only; it does not prove functional equivalence, security, or runtime behavior."
patient-mobile/src/components/livekit-view.tsx,patient_mobile,WORKSTATION_ONLY,,blob,"Path/blob comparison only; it does not prove functional equivalence, security, or runtime behavior."
patient-mobile/src/components/ui.tsx,patient_mobile,WORKSTATION_ONLY,,blob,"Path/blob comparison only; it does not prove functional equivalence, security, or runtime behavior."
patient-mobile/src/config/chatSecurity.ts,patient_mobile,WORKSTATION_ONLY,,blob,"Path/blob comparison only; it does not prove functional equivalence, security, or runtime behavior."
patient-mobile/src/config/deepLinks.ts,patient_mobile,WORKSTATION_ONLY,,blob,"Path/blob comparison only; it does not prove functional equivalence, security, or runtime behavior."
patient-mobile/src/config/seo.ts,patient_mobile,WORKSTATION_ONLY,,blob,"Path/blob comparison only; it does not prove functional equivalence, security, or runtime behavior."
patient-mobile/src/constants/index.ts,patient_mobile,WORKSTATION_ONLY,,blob,"Path/blob comparison only; it does not prove functional equivalence, security, or runtime behavior."
patient-mobile/src/constants/specialties.ts,patient_mobile,WORKSTATION_ONLY,,blob,"Path/blob comparison only; it does not prove functional equivalence, security, or runtime behavior."
patient-mobile/src/context/AppContext.tsx,patient_mobile,WORKSTATION_ONLY,,blob,"Path/blob comparison only; it does not prove functional equivalence, security, or runtime behavior."
patient-mobile/src/context/CartContext.tsx,patient_mobile,WORKSTATION_ONLY,,blob,"Path/blob comparison only; it does not prove functional equivalence, security, or runtime behavior."
patient-mobile/src/context/ConsultationsContext.tsx,patient_mobile,WORKSTATION_ONLY,,blob,"Path/blob comparison only; it does not prove functional equivalence, security, or runtime behavior."
patient-mobile/src/context/DiagnosticsCartContext.tsx,patient_mobile,WORKSTATION_ONLY,,blob,"Path/blob comparison only; it does not prove functional equivalence, security, or runtime behavior."
patient-mobile/src/context/SocketContext.tsx,patient_mobile,WORKSTATION_ONLY,,blob,"Path/blob comparison only; it does not prove functional equivalence, security, or runtime behavior."
patient-mobile/src/core/config/ConfigManager.ts,patient_mobile,WORKSTATION_ONLY,,blob,"Path/blob comparison only; it does not prove functional equivalence, security, or runtime behavior."
patient-mobile/src/core/config/index.ts,patient_mobile,WORKSTATION_ONLY,,blob,"Path/blob comparison only; it does not prove functional equivalence, security, or runtime behavior."
patient-mobile/src/core/data/AsyncStorageDataSource.ts,patient_mobile,WORKSTATION_ONLY,,blob,"Path/blob comparison only; it does not prove functional equivalence, security, or runtime behavior."
patient-mobile/src/core/data/BaseRepository.ts,patient_mobile,WORKSTATION_ONLY,,blob,"Path/blob comparison only; it does not prove functional equivalence, security, or runtime behavior."
patient-mobile/src/core/data/HttpRemoteDataSource.ts,patient_mobile,WORKSTATION_ONLY,,blob,"Path/blob comparison only; it does not prove functional equivalence, security, or runtime behavior."
patient-mobile/src/core/data/IRepository.ts,patient_mobile,WORKSTATION_ONLY,,blob,"Path/blob comparison only; it does not prove functional equivalence, security, or runtime behavior."
patient-mobile/src/core/data/Interfaces.ts,patient_mobile,WORKSTATION_ONLY,,blob,"Path/blob comparison only; it does not prove functional equivalence, security, or runtime behavior."
patient-mobile/src/core/data/Repository.ts,patient_mobile,WORKSTATION_ONLY,,blob,"Path/blob comparison only; it does not prove functional equivalence, security, or runtime behavior."
patient-mobile/src/core/data/UserRepository.ts,patient_mobile,WORKSTATION_ONLY,,blob,"Path/blob comparison only; it does not prove functional equivalence, security, or runtime behavior."
patient-mobile/src/core/data/index.ts,patient_mobile,WORKSTATION_ONLY,,blob,"Path/blob comparison only; it does not prove functional equivalence, security, or runtime behavior."
patient-mobile/src/core/di/Container.ts,patient_mobile,WORKSTATION_ONLY,,blob,"Path/blob comparison only; it does not prove functional equivalence, security, or runtime behavior."
patient-mobile/src/core/domain/Result.ts,patient_mobile,WORKSTATION_ONLY,,blob,"Path/blob comparison only; it does not prove functional equivalence, security, or runtime behavior."
patient-mobile/src/core/domain/dtos/index.ts,patient_mobile,WORKSTATION_ONLY,,blob,"Path/blob comparison only; it does not prove functional equivalence, security, or runtime behavior."
patient-mobile/src/core/domain/entities/Clinical.ts,patient_mobile,WORKSTATION_ONLY,,blob,"Path/blob comparison only; it does not prove functional equivalence, security, or runtime behavior."
patient-mobile/src/core/domain/entities/Commerce.ts,patient_mobile,WORKSTATION_ONLY,,blob,"Path/blob comparison only; it does not prove functional equivalence, security, or runtime behavior."
patient-mobile/src/core/domain/entities/Users.ts,patient_mobile,WORKSTATION_ONLY,,blob,"Path/blob comparison only; it does not prove functional equivalence, security, or runtime behavior."
patient-mobile/src/core/domain/entities/index.ts,patient_mobile,WORKSTATION_ONLY,,blob,"Path/blob comparison only; it does not prove functional equivalence, security, or runtime behavior."
patient-mobile/src/core/domain/errors/index.ts,patient_mobile,WORKSTATION_ONLY,,blob,"Path/blob comparison only; it does not prove functional equivalence, security, or runtime behavior."
patient-mobile/src/core/domain/mappers/BaseMapper.ts,patient_mobile,WORKSTATION_ONLY,,blob,"Path/blob comparison only; it does not prove functional equivalence, security, or runtime behavior."
patient-mobile/src/core/domain/pagination/index.ts,patient_mobile,WORKSTATION_ONLY,,blob,"Path/blob comparison only; it does not prove functional equivalence, security, or runtime behavior."
patient-mobile/src/core/domain/specifications/index.ts,patient_mobile,WORKSTATION_ONLY,,blob,"Path/blob comparison only; it does not prove functional equivalence, security, or runtime behavior."
patient-mobile/src/core/domain/value-objects/index.ts,patient_mobile,WORKSTATION_ONLY,,blob,"Path/blob comparison only; it does not prove functional equivalence, security, or runtime behavior."
patient-mobile/src/core/events/AuditManager.ts,patient_mobile,WORKSTATION_ONLY,,blob,"Path/blob comparison only; it does not prove functional equivalence, security, or runtime behavior."
patient-mobile/src/core/events/EventBus.ts,patient_mobile,WORKSTATION_ONLY,,blob,"Path/blob comparison only; it does not prove functional equivalence, security, or runtime behavior."
patient-mobile/src/core/platform/auth/AccountLockoutService.ts,patient_mobile,WORKSTATION_ONLY,,blob,"Path/blob comparison only; it does not prove functional equivalence, security, or runtime behavior."
patient-mobile/src/core/platform/auth/AppLockService.ts,patient_mobile,WORKSTATION_ONLY,,blob,"Path/blob comparison only; it does not prove functional equivalence, security, or runtime behavior."
patient-mobile/src/core/platform/auth/AuthAuditLogger.ts,patient_mobile,WORKSTATION_ONLY,,blob,"Path/blob comparison only; it does not prove functional equivalence, security, or runtime behavior."
patient-mobile/src/core/platform/auth/AuthProviders.ts,patient_mobile,WORKSTATION_ONLY,,blob,"Path/blob comparison only; it does not prove functional equivalence, security, or runtime behavior."
patient-mobile/src/core/platform/auth/AuthStateMachine.ts,patient_mobile,WORKSTATION_ONLY,,blob,"Path/blob comparison only; it does not prove functional equivalence, security, or runtime behavior."
patient-mobile/src/core/platform/auth/BiometricService.ts,patient_mobile,WORKSTATION_ONLY,,blob,"Path/blob comparison only; it does not prove functional equivalence, security, or runtime behavior."
patient-mobile/src/core/platform/auth/DeviceTracker.ts,patient_mobile,WORKSTATION_ONLY,,blob,"Path/blob comparison only; it does not prove functional equivalence, security, or runtime behavior."
patient-mobile/src/core/platform/auth/PasswordPolicyService.ts,patient_mobile,WORKSTATION_ONLY,,blob,"Path/blob comparison only; it does not prove functional equivalence, security, or runtime behavior."
patient-mobile/src/core/platform/auth/SecureStorageService.ts,patient_mobile,WORKSTATION_ONLY,,blob,"Path/blob comparison only; it does not prove functional equivalence, security, or runtime behavior."
patient-mobile/src/core/platform/auth/SessionManager.ts,patient_mobile,WORKSTATION_ONLY,,blob,"Path/blob comparison only; it does not prove functional equivalence, security, or runtime behavior."
patient-mobile/src/core/platform/business/FavoritesManager.ts,patient_mobile,WORKSTATION_ONLY,,blob,"Path/blob comparison only; it does not prove functional equivalence, security, or runtime behavior."
patient-mobile/src/core/platform/business/LoyaltyManager.ts,patient_mobile,WORKSTATION_ONLY,,blob,"Path/blob comparison only; it does not prove functional equivalence, security, or runtime behavior."
patient-mobile/src/core/platform/business/ReviewManager.ts,patient_mobile,WORKSTATION_ONLY,,blob,"Path/blob comparison only; it does not prove functional equivalence, security, or runtime behavior."
patient-mobile/src/core/platform/cache/CacheManager.ts,patient_mobile,WORKSTATION_ONLY,,blob,"Path/blob comparison only; it does not prove functional equivalence, security, or runtime behavior."
patient-mobile/src/core/platform/commerce/CartManager.ts,patient_mobile,WORKSTATION_ONLY,,blob,"Path/blob comparison only; it does not prove functional equivalence, security, or runtime behavior."
patient-mobile/src/core/platform/communication/MessagingService.ts,patient_mobile,WORKSTATION_ONLY,,blob,"Path/blob comparison only; it does not prove functional equivalence, security, or runtime behavior."
patient-mobile/src/core/platform/communication/NotificationCenterManager.ts,patient_mobile,WORKSTATION_ONLY,,blob,"Path/blob comparison only; it does not prove functional equivalence, security, or runtime behavior."
patient-mobile/src/core/platform/id/IdGenerator.ts,patient_mobile,WORKSTATION_ONLY,,blob,"Path/blob comparison only; it does not prove functional equivalence, security, or runtime behavior."
patient-mobile/src/core/platform/integration/Adapters.ts,patient_mobile,WORKSTATION_ONLY,,blob,"Path/blob comparison only; it does not prove functional equivalence, security, or runtime behavior."
patient-mobile/src/core/platform/jobs/JobManager.ts,patient_mobile,WORKSTATION_ONLY,,blob,"Path/blob comparison only; it does not prove functional equivalence, security, or runtime behavior."
patient-mobile/src/core/platform/location/LocationService.ts,patient_mobile,WORKSTATION_ONLY,,blob,"Path/blob comparison only; it does not prove functional equivalence, security, or runtime behavior."
patient-mobile/src/core/platform/media/MediaManager.ts,patient_mobile,WORKSTATION_ONLY,,blob,"Path/blob comparison only; it does not prove functional equivalence, security, or runtime behavior."
patient-mobile/src/core/platform/payment/PaymentProvider.ts,patient_mobile,WORKSTATION_ONLY,,blob,"Path/blob comparison only; it does not prove functional equivalence, security, or runtime behavior."
patient-mobile/src/core/platform/realtime/RealtimeClient.ts,patient_mobile,WORKSTATION_ONLY,,blob,"Path/blob comparison only; it does not prove functional equivalence, security, or runtime behavior."
patient-mobile/src/core/platform/scheduling/QueueEngine.ts,patient_mobile,WORKSTATION_ONLY,,blob,"Path/blob comparison only; it does not prove functional equivalence, security, or runtime behavior."
patient-mobile/src/core/platform/scheduling/ScheduleManager.ts,patient_mobile,WORKSTATION_ONLY,,blob,"Path/blob comparison only; it does not prove functional equivalence, security, or runtime behavior."
patient-mobile/src/core/platform/search/SearchEngine.ts,patient_mobile,WORKSTATION_ONLY,,blob,"Path/blob comparison only; it does not prove functional equivalence, security, or runtime behavior."
patient-mobile/src/core/platform/time/TimeService.ts,patient_mobile,WORKSTATION_ONLY,,blob,"Path/blob comparison only; it does not prove functional equivalence, security, or runtime behavior."
patient-mobile/src/core/platform/user/RoleManager.ts,patient_mobile,WORKSTATION_ONLY,,blob,"Path/blob comparison only; it does not prove functional equivalence, security, or runtime behavior."
patient-mobile/src/core/platform/user/UserProfileService.ts,patient_mobile,WORKSTATION_ONLY,,blob,"Path/blob comparison only; it does not prove functional equivalence, security, or runtime behavior."
patient-mobile/src/core/platform/user/index.ts,patient_mobile,WORKSTATION_ONLY,,blob,"Path/blob comparison only; it does not prove functional equivalence, security, or runtime behavior."
patient-mobile/src/data/database/core/ConnectionPool.ts,patient_mobile,WORKSTATION_ONLY,,blob,"Path/blob comparison only; it does not prove functional equivalence, security, or runtime behavior."
patient-mobile/src/data/database/core/DatabaseHealthChecker.ts,patient_mobile,WORKSTATION_ONLY,,blob,"Path/blob comparison only; it does not prove functional equivalence, security, or runtime behavior."
patient-mobile/src/data/database/core/DatabaseManager.ts,patient_mobile,WORKSTATION_ONLY,,blob,"Path/blob comparison only; it does not prove functional equivalence, security, or runtime behavior."
patient-mobile/src/data/database/core/DatabaseProvider.native.ts,patient_mobile,WORKSTATION_ONLY,,blob,"Path/blob comparison only; it does not prove functional equivalence, security, or runtime behavior."
patient-mobile/src/data/database/core/DatabaseProvider.ts,patient_mobile,WORKSTATION_ONLY,,blob,"Path/blob comparison only; it does not prove functional equivalence, security, or runtime behavior."
patient-mobile/src/data/database/core/DatabaseProvider.web.ts,patient_mobile,WORKSTATION_ONLY,,blob,"Path/blob comparison only; it does not prove functional equivalence, security, or runtime behavior."
patient-mobile/src/data/database/core/TransactionManager.ts,patient_mobile,WORKSTATION_ONLY,,blob,"Path/blob comparison only; it does not prove functional equivalence, security, or runtime behavior."
patient-mobile/src/data/database/drivers/IDatabaseDriver.ts,patient_mobile,WORKSTATION_ONLY,,blob,"Path/blob comparison only; it does not prove functional equivalence, security, or runtime behavior."
patient-mobile/src/data/database/drivers/SQLiteDriver.ts,patient_mobile,WORKSTATION_ONLY,,blob,"Path/blob comparison only; it does not prove functional equivalence, security, or runtime behavior."
patient-mobile/src/data/database/monitoring/DatabaseLogger.ts,patient_mobile,WORKSTATION_ONLY,,blob,"Path/blob comparison only; it does not prove functional equivalence, security, or runtime behavior."
patient-mobile/src/data/database/monitoring/SyncLogger.ts,patient_mobile,WORKSTATION_ONLY,,blob,"Path/blob comparison only; it does not prove functional equivalence, security, or runtime behavior."
patient-mobile/src/data/database/schema/MigrationRunner.ts,patient_mobile,WORKSTATION_ONLY,,blob,"Path/blob comparison only; it does not prove functional equivalence, security, or runtime behavior."
patient-mobile/src/data/database/schema/indexes.ts,patient_mobile,WORKSTATION_ONLY,,blob,"Path/blob comparison only; it does not prove functional equivalence, security, or runtime behavior."
patient-mobile/src/data/database/schema/tables.ts,patient_mobile,WORKSTATION_ONLY,,blob,"Path/blob comparison only; it does not prove functional equivalence, security, or runtime behavior."
patient-mobile/src/data/mockData.js,patient_mobile,WORKSTATION_ONLY,,blob,"Path/blob comparison only; it does not prove functional equivalence, security, or runtime behavior."
patient-mobile/src/data/repositories/RepositoryCoordinator.ts,patient_mobile,WORKSTATION_ONLY,,blob,"Path/blob comparison only; it does not prove functional equivalence, security, or runtime behavior."
patient-mobile/src/data/repositories/RepositoryFactory.ts,patient_mobile,WORKSTATION_ONLY,,blob,"Path/blob comparison only; it does not prove functional equivalence, security, or runtime behavior."
patient-mobile/src/data/repositories/RepositoryRegistry.ts,patient_mobile,WORKSTATION_ONLY,,blob,"Path/blob comparison only; it does not prove functional equivalence, security, or runtime behavior."
patient-mobile/src/data/repositories/UsersRepository.ts,patient_mobile,WORKSTATION_ONLY,,blob,"Path/blob comparison only; it does not prove functional equivalence, security, or runtime behavior."
patient-mobile/src/data/repositories/__tests__/UsersRepository.test.ts.bak,patient_mobile,WORKSTATION_ONLY,,blob,"Path/blob comparison only; it does not prove functional equivalence, security, or runtime behavior."
patient-mobile/src/data/repositories/core/BaseRepository.ts,patient_mobile,WORKSTATION_ONLY,,blob,"Path/blob comparison only; it does not prove functional equivalence, security, or runtime behavior."
patient-mobile/src/data/repositories/core/CompositeRepository.ts,patient_mobile,WORKSTATION_ONLY,,blob,"Path/blob comparison only; it does not prove functional equivalence, security, or runtime behavior."
patient-mobile/src/data/repositories/core/QuerySpecification.ts,patient_mobile,WORKSTATION_ONLY,,blob,"Path/blob comparison only; it does not prove functional equivalence, security, or runtime behavior."
patient-mobile/src/data/repositories/core/UnitOfWork.ts,patient_mobile,WORKSTATION_ONLY,,blob,"Path/blob comparison only; it does not prove functional equivalence, security, or runtime behavior."
patient-mobile/src/data/repositories/interfaces/ILocalDataSource.ts,patient_mobile,WORKSTATION_ONLY,,blob,"Path/blob comparison only; it does not prove functional equivalence, security, or runtime behavior."
patient-mobile/src/data/repositories/interfaces/IRemoteDataSource.ts,patient_mobile,WORKSTATION_ONLY,,blob,"Path/blob comparison only; it does not prove functional equivalence, security, or runtime behavior."
patient-mobile/src/data/repositories/interfaces/IRepository.ts,patient_mobile,WORKSTATION_ONLY,,blob,"Path/blob comparison only; it does not prove functional equivalence, security, or runtime behavior."
patient-mobile/src/data/repositories/sources/RemoteDataSource.ts,patient_mobile,WORKSTATION_ONLY,,blob,"Path/blob comparison only; it does not prove functional equivalence, security, or runtime behavior."
patient-mobile/src/data/repositories/sources/SQLiteDataSource.ts,patient_mobile,WORKSTATION_ONLY,,blob,"Path/blob comparison only; it does not prove functional equivalence, security, or runtime behavior."
patient-mobile/src/data/repositories/sources/SecureDatabaseProxy.ts,patient_mobile,WORKSTATION_ONLY,,blob,"Path/blob comparison only; it does not prove functional equivalence, security, or runtime behavior."
patient-mobile/src/data/repositories/sync/__tests__/SyncManager.test.ts.bak,patient_mobile,WORKSTATION_ONLY,,blob,"Path/blob comparison only; it does not prove functional equivalence, security, or runtime behavior."
patient-mobile/src/data/sync/BackgroundSynchronizer.ts,patient_mobile,WORKSTATION_ONLY,,blob,"Path/blob comparison only; it does not prove functional equivalence, security, or runtime behavior."
patient-mobile/src/data/sync/ConflictResolver.ts,patient_mobile,WORKSTATION_ONLY,,blob,"Path/blob comparison only; it does not prove functional equivalence, security, or runtime behavior."
patient-mobile/src/data/sync/QueueProcessor.ts,patient_mobile,WORKSTATION_ONLY,,blob,"Path/blob comparison only; it does not prove functional equivalence, security, or runtime behavior."
patient-mobile/src/data/sync/RetryScheduler.ts,patient_mobile,WORKSTATION_ONLY,,blob,"Path/blob comparison only; it does not prove functional equivalence, security, or runtime behavior."
patient-mobile/src/data/sync/SyncManager.ts,patient_mobile,WORKSTATION_ONLY,,blob,"Path/blob comparison only; it does not prove functional equivalence, security, or runtime behavior."
patient-mobile/src/data/sync/SyncWorker.ts,patient_mobile,WORKSTATION_ONLY,,blob,"Path/blob comparison only; it does not prove functional equivalence, security, or runtime behavior."
patient-mobile/src/design-system/Icon.ts,patient_mobile,WORKSTATION_ONLY,,blob,"Path/blob comparison only; it does not prove functional equivalence, security, or runtime behavior."
patient-mobile/src/design-system/components/Avatar.tsx,patient_mobile,WORKSTATION_ONLY,,blob,"Path/blob comparison only; it does not prove functional equivalence, security, or runtime behavior."
patient-mobile/src/design-system/components/Badge.tsx,patient_mobile,WORKSTATION_ONLY,,blob,"Path/blob comparison only; it does not prove functional equivalence, security, or runtime behavior."
patient-mobile/src/design-system/components/BottomSheet.tsx,patient_mobile,WORKSTATION_ONLY,,blob,"Path/blob comparison only; it does not prove functional equivalence, security, or runtime behavior."
patient-mobile/src/design-system/components/Button.tsx,patient_mobile,WORKSTATION_ONLY,,blob,"Path/blob comparison only; it does not prove functional equivalence, security, or runtime behavior."
patient-mobile/src/design-system/components/Card.tsx,patient_mobile,WORKSTATION_ONLY,,blob,"Path/blob comparison only; it does not prove functional equivalence, security, or runtime behavior."
patient-mobile/src/design-system/components/Input.tsx,patient_mobile,WORKSTATION_ONLY,,blob,"Path/blob comparison only; it does not prove functional equivalence, security, or runtime behavior."
patient-mobile/src/design-system/components/Loading.tsx,patient_mobile,WORKSTATION_ONLY,,blob,"Path/blob comparison only; it does not prove functional equivalence, security, or runtime behavior."
patient-mobile/src/design-system/components/OTPInput.tsx,patient_mobile,WORKSTATION_ONLY,,blob,"Path/blob comparison only; it does not prove functional equivalence, security, or runtime behavior."
patient-mobile/src/design-system/components/Progress.tsx,patient_mobile,WORKSTATION_ONLY,,blob,"Path/blob comparison only; it does not prove functional equivalence, security, or runtime behavior."
patient-mobile/src/design-system/components/SearchBar.tsx,patient_mobile,WORKSTATION_ONLY,,blob,"Path/blob comparison only; it does not prove functional equivalence, security, or runtime behavior."
patient-mobile/src/design-system/components/States.tsx,patient_mobile,WORKSTATION_ONLY,,blob,"Path/blob comparison only; it does not prove functional equivalence, security, or runtime behavior."
patient-mobile/src/design-system/components/Text.tsx,patient_mobile,WORKSTATION_ONLY,,blob,"Path/blob comparison only; it does not prove functional equivalence, security, or runtime behavior."
patient-mobile/src/design-system/components/Toast.tsx,patient_mobile,WORKSTATION_ONLY,,blob,"Path/blob comparison only; it does not prove functional equivalence, security, or runtime behavior."
patient-mobile/src/design-system/index.ts,patient_mobile,WORKSTATION_ONLY,,blob,"Path/blob comparison only; it does not prove functional equivalence, security, or runtime behavior."
patient-mobile/src/design-system/tokens.ts,patient_mobile,WORKSTATION_ONLY,,blob,"Path/blob comparison only; it does not prove functional equivalence, security, or runtime behavior."
patient-mobile/src/features/consultation/InsuranceCopayScreen.tsx,patient_mobile,WORKSTATION_ONLY,,blob,"Path/blob comparison only; it does not prove functional equivalence, security, or runtime behavior."
patient-mobile/src/features/medical-orders/ActionableOrderScreen.tsx,patient_mobile,WORKSTATION_ONLY,,blob,"Path/blob comparison only; it does not prove functional equivalence, security, or runtime behavior."
patient-mobile/src/guided-tour/core/TargetResolver.ts,patient_mobile,WORKSTATION_ONLY,,blob,"Path/blob comparison only; it does not prove functional equivalence, security, or runtime behavior."
patient-mobile/src/guided-tour/core/TourEngine.ts,patient_mobile,WORKSTATION_ONLY,,blob,"Path/blob comparison only; it does not prove functional equivalence, security, or runtime behavior."
patient-mobile/src/guided-tour/core/TourRegistry.ts,patient_mobile,WORKSTATION_ONLY,,blob,"Path/blob comparison only; it does not prove functional equivalence, security, or runtime behavior."
patient-mobile/src/guided-tour/engines/AnalyticsCollector.ts,patient_mobile,WORKSTATION_ONLY,,blob,"Path/blob comparison only; it does not prove functional equivalence, security, or runtime behavior."
patient-mobile/src/guided-tour/engines/CooldownManager.ts,patient_mobile,WORKSTATION_ONLY,,blob,"Path/blob comparison only; it does not prove functional equivalence, security, or runtime behavior."
patient-mobile/src/guided-tour/index.ts,patient_mobile,WORKSTATION_ONLY,,blob,"Path/blob comparison only; it does not prove functional equivalence, security, or runtime behavior."
patient-mobile/src/guided-tour/providers/ContentProvider.ts,patient_mobile,WORKSTATION_ONLY,,blob,"Path/blob comparison only; it does not prove functional equivalence, security, or runtime behavior."
patient-mobile/src/guided-tour/providers/PersistenceManager.ts,patient_mobile,WORKSTATION_ONLY,,blob,"Path/blob comparison only; it does not prove functional equivalence, security, or runtime behavior."
patient-mobile/src/guided-tour/types/index.ts,patient_mobile,WORKSTATION_ONLY,,blob,"Path/blob comparison only; it does not prove functional equivalence, security, or runtime behavior."
patient-mobile/src/guided-tour/ui/SpotlightRenderer.tsx,patient_mobile,WORKSTATION_ONLY,,blob,"Path/blob comparison only; it does not prove functional equivalence, security, or runtime behavior."
patient-mobile/src/hooks/useBiometricAuth.ts,patient_mobile,WORKSTATION_ONLY,,blob,"Path/blob comparison only; it does not prove functional equivalence, security, or runtime behavior."
patient-mobile/src/hooks/useGuestGuard.tsx,patient_mobile,WORKSTATION_ONLY,,blob,"Path/blob comparison only; it does not prove functional equivalence, security, or runtime behavior."
patient-mobile/src/hooks/useOfflineData.ts,patient_mobile,WORKSTATION_ONLY,,blob,"Path/blob comparison only; it does not prove functional equivalence, security, or runtime behavior."
patient-mobile/src/hooks/usePushNotifications.ts,patient_mobile,WORKSTATION_ONLY,,blob,"Path/blob comparison only; it does not prove functional equivalence, security, or runtime behavior."
patient-mobile/src/hooks/useTheme.ts,patient_mobile,WORKSTATION_ONLY,,blob,"Path/blob comparison only; it does not prove functional equivalence, security, or runtime behavior."
patient-mobile/src/i18n/LanguageManager.ts,patient_mobile,WORKSTATION_ONLY,,blob,"Path/blob comparison only; it does not prove functional equivalence, security, or runtime behavior."
patient-mobile/src/i18n/autoTranslationsPhase5.json,patient_mobile,WORKSTATION_ONLY,,blob,"Path/blob comparison only; it does not prove functional equivalence, security, or runtime behavior."
patient-mobile/src/i18n/guided-care.test.ts,patient_mobile,WORKSTATION_ONLY,,blob,"Path/blob comparison only; it does not prove functional equivalence, security, or runtime behavior."
patient-mobile/src/i18n/guided-care.ts,patient_mobile,WORKSTATION_ONLY,,blob,"Path/blob comparison only; it does not prove functional equivalence, security, or runtime behavior."
patient-mobile/src/i18n/health-day.test.ts,patient_mobile,WORKSTATION_ONLY,,blob,"Path/blob comparison only; it does not prove functional equivalence, security, or runtime behavior."
patient-mobile/src/i18n/health-day.ts,patient_mobile,WORKSTATION_ONLY,,blob,"Path/blob comparison only; it does not prove functional equivalence, security, or runtime behavior."
patient-mobile/src/i18n/index.test.ts,patient_mobile,WORKSTATION_ONLY,,blob,"Path/blob comparison only; it does not prove functional equivalence, security, or runtime behavior."
patient-mobile/src/i18n/index.ts,patient_mobile,WORKSTATION_ONLY,,blob,"Path/blob comparison only; it does not prove functional equivalence, security, or runtime behavior."
patient-mobile/src/i18n/locales/ar.json,patient_mobile,WORKSTATION_ONLY,,blob,"Path/blob comparison only; it does not prove functional equivalence, security, or runtime behavior."
patient-mobile/src/i18n/locales/bn.json,patient_mobile,WORKSTATION_ONLY,,blob,"Path/blob comparison only; it does not prove functional equivalence, security, or runtime behavior."
patient-mobile/src/i18n/locales/en.json,patient_mobile,WORKSTATION_ONLY,,blob,"Path/blob comparison only; it does not prove functional equivalence, security, or runtime behavior."
patient-mobile/src/i18n/locales/hi.json,patient_mobile,WORKSTATION_ONLY,,blob,"Path/blob comparison only; it does not prove functional equivalence, security, or runtime behavior."
patient-mobile/src/i18n/locales/tl.json,patient_mobile,WORKSTATION_ONLY,,blob,"Path/blob comparison only; it does not prove functional equivalence, security, or runtime behavior."
patient-mobile/src/i18n/locales/ur.json,patient_mobile,WORKSTATION_ONLY,,blob,"Path/blob comparison only; it does not prove functional equivalence, security, or runtime behavior."
patient-mobile/src/i18n/maternity.test.ts,patient_mobile,WORKSTATION_ONLY,,blob,"Path/blob comparison only; it does not prove functional equivalence, security, or runtime behavior."
patient-mobile/src/i18n/maternity.ts,patient_mobile,WORKSTATION_ONLY,,blob,"Path/blob comparison only; it does not prove functional equivalence, security, or runtime behavior."
patient-mobile/src/i18n/medications.test.ts,patient_mobile,WORKSTATION_ONLY,,blob,"Path/blob comparison only; it does not prove functional equivalence, security, or runtime behavior."
patient-mobile/src/i18n/medications.ts,patient_mobile,WORKSTATION_ONLY,,blob,"Path/blob comparison only; it does not prove functional equivalence, security, or runtime behavior."
patient-mobile/src/i18n/mental-health.test.ts,patient_mobile,WORKSTATION_ONLY,,blob,"Path/blob comparison only; it does not prove functional equivalence, security, or runtime behavior."
patient-mobile/src/i18n/mental-health.ts,patient_mobile,WORKSTATION_ONLY,,blob,"Path/blob comparison only; it does not prove functional equivalence, security, or runtime behavior."
patient-mobile/src/i18n/nutrition.test.ts,patient_mobile,WORKSTATION_ONLY,,blob,"Path/blob comparison only; it does not prove functional equivalence, security, or runtime behavior."
patient-mobile/src/i18n/nutrition.ts,patient_mobile,WORKSTATION_ONLY,,blob,"Path/blob comparison only; it does not prove functional equivalence, security, or runtime behavior."
patient-mobile/src/navigation/DeepLinking.ts,patient_mobile,WORKSTATION_ONLY,,blob,"Path/blob comparison only; it does not prove functional equivalence, security, or runtime behavior."
patient-mobile/src/navigation/RouterConfig.ts,patient_mobile,WORKSTATION_ONLY,,blob,"Path/blob comparison only; it does not prove functional equivalence, security, or runtime behavior."
patient-mobile/src/navigation/guards/AdminGuard.tsx,patient_mobile,WORKSTATION_ONLY,,blob,"Path/blob comparison only; it does not prove functional equivalence, security, or runtime behavior."
patient-mobile/src/navigation/guards/AuthGuard.tsx,patient_mobile,WORKSTATION_ONLY,,blob,"Path/blob comparison only; it does not prove functional equivalence, security, or runtime behavior."
patient-mobile/src/navigation/index.ts,patient_mobile,WORKSTATION_ONLY,,blob,"Path/blob comparison only; it does not prove functional equivalence, security, or runtime behavior."
patient-mobile/src/polyfills.ts,patient_mobile,WORKSTATION_ONLY,,blob,"Path/blob comparison only; it does not prove functional equivalence, security, or runtime behavior."
patient-mobile/src/services/Analytics.ts,patient_mobile,WORKSTATION_ONLY,,blob,"Path/blob comparison only; it does not prove functional equivalence, security, or runtime behavior."
patient-mobile/src/services/ErrorHandler.tsx,patient_mobile,WORKSTATION_ONLY,,blob,"Path/blob comparison only; it does not prove functional equivalence, security, or runtime behavior."
patient-mobile/src/services/EventBus.ts,patient_mobile,WORKSTATION_ONLY,,blob,"Path/blob comparison only; it does not prove functional equivalence, security, or runtime behavior."
patient-mobile/src/services/FeatureFlags.ts,patient_mobile,WORKSTATION_ONLY,,blob,"Path/blob comparison only; it does not prove functional equivalence, security, or runtime behavior."
patient-mobile/src/services/FileManager.ts,patient_mobile,WORKSTATION_ONLY,,blob,"Path/blob comparison only; it does not prove functional equivalence, security, or runtime behavior."
patient-mobile/src/services/HttpClient.offline.test.ts,patient_mobile,WORKSTATION_ONLY,,blob,"Path/blob comparison only; it does not prove functional equivalence, security, or runtime behavior."
patient-mobile/src/services/HttpClient.ts,patient_mobile,WORKSTATION_ONLY,,blob,"Path/blob comparison only; it does not prove functional equivalence, security, or runtime behavior."
patient-mobile/src/services/Logger.ts,patient_mobile,WORKSTATION_ONLY,,blob,"Path/blob comparison only; it does not prove functional equivalence, security, or runtime behavior."
patient-mobile/src/services/Notifications.ts,patient_mobile,WORKSTATION_ONLY,,blob,"Path/blob comparison only; it does not prove functional equivalence, security, or runtime behavior."
patient-mobile/src/services/PermissionsManager.ts,patient_mobile,WORKSTATION_ONLY,,blob,"Path/blob comparison only; it does not prove functional equivalence, security, or runtime behavior."
patient-mobile/src/services/SyncManager.offline.test.ts,patient_mobile,WORKSTATION_ONLY,,blob,"Path/blob comparison only; it does not prove functional equivalence, security, or runtime behavior."
patient-mobile/src/services/SyncManager.ts,patient_mobile,WORKSTATION_ONLY,,blob,"Path/blob comparison only; it does not prove functional equivalence, security, or runtime behavior."
patient-mobile/src/services/auth/AuthInterceptor.ts,patient_mobile,WORKSTATION_ONLY,,blob,"Path/blob comparison only; it does not prove functional equivalence, security, or runtime behavior."
patient-mobile/src/services/auth/AuthManager.ts,patient_mobile,WORKSTATION_ONLY,,blob,"Path/blob comparison only; it does not prove functional equivalence, security, or runtime behavior."
patient-mobile/src/services/auth/RegistrationTransaction.test.ts,patient_mobile,WORKSTATION_ONLY,,blob,"Path/blob comparison only; it does not prove functional equivalence, security, or runtime behavior."
patient-mobile/src/services/auth/RegistrationTransaction.ts,patient_mobile,WORKSTATION_ONLY,,blob,"Path/blob comparison only; it does not prove functional equivalence, security, or runtime behavior."
patient-mobile/src/services/auth/index.ts,patient_mobile,WORKSTATION_ONLY,,blob,"Path/blob comparison only; it does not prove functional equivalence, security, or runtime behavior."
patient-mobile/src/services/auth/providers/EmailAuthProvider.ts,patient_mobile,WORKSTATION_ONLY,,blob,"Path/blob comparison only; it does not prove functional equivalence, security, or runtime behavior."
patient-mobile/src/services/auth/types.ts,patient_mobile,WORKSTATION_ONLY,,blob,"Path/blob comparison only; it does not prove functional equivalence, security, or runtime behavior."
patient-mobile/src/services/index.ts,patient_mobile,WORKSTATION_ONLY,,blob,"Path/blob comparison only; it does not prove functional equivalence, security, or runtime behavior."
patient-mobile/src/services/security/EncryptionService.ts,patient_mobile,WORKSTATION_ONLY,,blob,"Path/blob comparison only; it does not prove functional equivalence, security, or runtime behavior."
patient-mobile/src/store/FeatureRegistry.ts,patient_mobile,WORKSTATION_ONLY,,blob,"Path/blob comparison only; it does not prove functional equivalence, security, or runtime behavior."
patient-mobile/src/store/ReducerManager.ts,patient_mobile,WORKSTATION_ONLY,,blob,"Path/blob comparison only; it does not prove functional equivalence, security, or runtime behavior."
patient-mobile/src/store/__tests__/HttpClient.test.ts.bak,patient_mobile,WORKSTATION_ONLY,,blob,"Path/blob comparison only; it does not prove functional equivalence, security, or runtime behavior."
patient-mobile/src/store/__tests__/ReducerManager.test.ts,patient_mobile,WORKSTATION_ONLY,,blob,"Path/blob comparison only; it does not prove functional equivalence, security, or runtime behavior."
patient-mobile/src/store/__tests__/SecureStorageAdapter.test.ts,patient_mobile,WORKSTATION_ONLY,,blob,"Path/blob comparison only; it does not prove functional equivalence, security, or runtime behavior."
patient-mobile/src/store/__tests__/StoreVersionManager.test.ts,patient_mobile,WORKSTATION_ONLY,,blob,"Path/blob comparison only; it does not prove functional equivalence, security, or runtime behavior."
patient-mobile/src/store/__tests__/baseApi.test.ts.bak,patient_mobile,WORKSTATION_ONLY,,blob,"Path/blob comparison only; it does not prove functional equivalence, security, or runtime behavior."
patient-mobile/src/store/__tests__/recovery.test.ts,patient_mobile,WORKSTATION_ONLY,,blob,"Path/blob comparison only; it does not prove functional equivalence, security, or runtime behavior."
patient-mobile/src/store/actions/recovery.ts,patient_mobile,WORKSTATION_ONLY,,blob,"Path/blob comparison only; it does not prove functional equivalence, security, or runtime behavior."
patient-mobile/src/store/api/baseApi.ts,patient_mobile,WORKSTATION_ONLY,,blob,"Path/blob comparison only; it does not prove functional equivalence, security, or runtime behavior."
patient-mobile/src/store/api/offlineHelpers.ts,patient_mobile,WORKSTATION_ONLY,,blob,"Path/blob comparison only; it does not prove functional equivalence, security, or runtime behavior."
patient-mobile/src/store/api/paginationHelpers.ts,patient_mobile,WORKSTATION_ONLY,,blob,"Path/blob comparison only; it does not prove functional equivalence, security, or runtime behavior."
patient-mobile/src/store/api/tags.ts,patient_mobile,WORKSTATION_ONLY,,blob,"Path/blob comparison only; it does not prove functional equivalence, security, or runtime behavior."
patient-mobile/src/store/hooks.ts,patient_mobile,WORKSTATION_ONLY,,blob,"Path/blob comparison only; it does not prove functional equivalence, security, or runtime behavior."
patient-mobile/src/store/index.ts,patient_mobile,WORKSTATION_ONLY,,blob,"Path/blob comparison only; it does not prove functional equivalence, security, or runtime behavior."
patient-mobile/src/store/integration/EventBusIntegrator.ts,patient_mobile,WORKSTATION_ONLY,,blob,"Path/blob comparison only; it does not prove functional equivalence, security, or runtime behavior."
patient-mobile/src/store/middleware/backgroundUpdater.ts,patient_mobile,WORKSTATION_ONLY,,blob,"Path/blob comparison only; it does not prove functional equivalence, security, or runtime behavior."
patient-mobile/src/store/middleware/listenerMiddleware.ts,patient_mobile,WORKSTATION_ONLY,,blob,"Path/blob comparison only; it does not prove functional equivalence, security, or runtime behavior."
patient-mobile/src/store/middleware/memoryManager.ts,patient_mobile,WORKSTATION_ONLY,,blob,"Path/blob comparison only; it does not prove functional equivalence, security, or runtime behavior."
patient-mobile/src/store/middleware/observability.ts,patient_mobile,WORKSTATION_ONLY,,blob,"Path/blob comparison only; it does not prove functional equivalence, security, or runtime behavior."
patient-mobile/src/store/persistence/SecureStorageAdapter.test.ts,patient_mobile,WORKSTATION_ONLY,,blob,"Path/blob comparison only; it does not prove functional equivalence, security, or runtime behavior."
patient-mobile/src/store/persistence/SecureStorageAdapter.ts,patient_mobile,WORKSTATION_ONLY,,blob,"Path/blob comparison only; it does not prove functional equivalence, security, or runtime behavior."
patient-mobile/src/store/persistence/StoreVersionManager.ts,patient_mobile,WORKSTATION_ONLY,,blob,"Path/blob comparison only; it does not prove functional equivalence, security, or runtime behavior."
patient-mobile/src/store/persistence/config.ts,patient_mobile,WORKSTATION_ONLY,,blob,"Path/blob comparison only; it does not prove functional equivalence, security, or runtime behavior."
patient-mobile/src/store/selectors.ts,patient_mobile,WORKSTATION_ONLY,,blob,"Path/blob comparison only; it does not prove functional equivalence, security, or runtime behavior."
patient-mobile/src/store/slices/adminSlice.ts,patient_mobile,WORKSTATION_ONLY,,blob,"Path/blob comparison only; it does not prove functional equivalence, security, or runtime behavior."
patient-mobile/src/store/slices/analyticsSlice.ts,patient_mobile,WORKSTATION_ONLY,,blob,"Path/blob comparison only; it does not prove functional equivalence, security, or runtime behavior."
patient-mobile/src/store/slices/appConfigSlice.ts,patient_mobile,WORKSTATION_ONLY,,blob,"Path/blob comparison only; it does not prove functional equivalence, security, or runtime behavior."
patient-mobile/src/store/slices/appointmentsSlice.ts,patient_mobile,WORKSTATION_ONLY,,blob,"Path/blob comparison only; it does not prove functional equivalence, security, or runtime behavior."
patient-mobile/src/store/slices/authSlice.ts,patient_mobile,WORKSTATION_ONLY,,blob,"Path/blob comparison only; it does not prove functional equivalence, security, or runtime behavior."
patient-mobile/src/store/slices/cartSlice.ts,patient_mobile,WORKSTATION_ONLY,,blob,"Path/blob comparison only; it does not prove functional equivalence, security, or runtime behavior."
patient-mobile/src/store/slices/connectivitySlice.ts,patient_mobile,WORKSTATION_ONLY,,blob,"Path/blob comparison only; it does not prove functional equivalence, security, or runtime behavior."
patient-mobile/src/store/slices/deviceSlice.ts,patient_mobile,WORKSTATION_ONLY,,blob,"Path/blob comparison only; it does not prove functional equivalence, security, or runtime behavior."
patient-mobile/src/store/slices/favoritesSlice.ts,patient_mobile,WORKSTATION_ONLY,,blob,"Path/blob comparison only; it does not prove functional equivalence, security, or runtime behavior."
patient-mobile/src/store/slices/featureFlagsSlice.ts,patient_mobile,WORKSTATION_ONLY,,blob,"Path/blob comparison only; it does not prove functional equivalence, security, or runtime behavior."
patient-mobile/src/store/slices/localizationSlice.ts,patient_mobile,WORKSTATION_ONLY,,blob,"Path/blob comparison only; it does not prove functional equivalence, security, or runtime behavior."
patient-mobile/src/store/slices/loyaltySlice.ts,patient_mobile,WORKSTATION_ONLY,,blob,"Path/blob comparison only; it does not prove functional equivalence, security, or runtime behavior."
patient-mobile/src/store/slices/notificationsSlice.ts,patient_mobile,WORKSTATION_ONLY,,blob,"Path/blob comparison only; it does not prove functional equivalence, security, or runtime behavior."
patient-mobile/src/store/slices/ordersSlice.ts,patient_mobile,WORKSTATION_ONLY,,blob,"Path/blob comparison only; it does not prove functional equivalence, security, or runtime behavior."
patient-mobile/src/store/slices/otherSlices.ts,patient_mobile,WORKSTATION_ONLY,,blob,"Path/blob comparison only; it does not prove functional equivalence, security, or runtime behavior."
patient-mobile/src/store/slices/permissionsSlice.ts,patient_mobile,WORKSTATION_ONLY,,blob,"Path/blob comparison only; it does not prove functional equivalence, security, or runtime behavior."
patient-mobile/src/store/slices/searchSlice.ts,patient_mobile,WORKSTATION_ONLY,,blob,"Path/blob comparison only; it does not prove functional equivalence, security, or runtime behavior."
patient-mobile/src/store/slices/sessionSlice.ts,patient_mobile,WORKSTATION_ONLY,,blob,"Path/blob comparison only; it does not prove functional equivalence, security, or runtime behavior."
patient-mobile/src/store/slices/settingsSlice.ts,patient_mobile,WORKSTATION_ONLY,,blob,"Path/blob comparison only; it does not prove functional equivalence, security, or runtime behavior."
patient-mobile/src/store/slices/syncSlice.ts,patient_mobile,WORKSTATION_ONLY,,blob,"Path/blob comparison only; it does not prove functional equivalence, security, or runtime behavior."
patient-mobile/src/store/slices/themeSlice.ts,patient_mobile,WORKSTATION_ONLY,,blob,"Path/blob comparison only; it does not prove functional equivalence, security, or runtime behavior."
patient-mobile/src/store/slices/userSlice.ts,patient_mobile,WORKSTATION_ONLY,,blob,"Path/blob comparison only; it does not prove functional equivalence, security, or runtime behavior."
patient-mobile/src/store/slices/walletSlice.ts,patient_mobile,WORKSTATION_ONLY,,blob,"Path/blob comparison only; it does not prove functional equivalence, security, or runtime behavior."
patient-mobile/src/store/types.ts,patient_mobile,WORKSTATION_ONLY,,blob,"Path/blob comparison only; it does not prove functional equivalence, security, or runtime behavior."
patient-mobile/src/store/utils/testUtils.tsx,patient_mobile,WORKSTATION_ONLY,,blob,"Path/blob comparison only; it does not prove functional equivalence, security, or runtime behavior."
patient-mobile/src/theme/ThemeEngine.ts,patient_mobile,WORKSTATION_ONLY,,blob,"Path/blob comparison only; it does not prove functional equivalence, security, or runtime behavior."
patient-mobile/src/theme/colors.ts,patient_mobile,WORKSTATION_ONLY,,blob,"Path/blob comparison only; it does not prove functional equivalence, security, or runtime behavior."
patient-mobile/src/theme/index.ts,patient_mobile,WORKSTATION_ONLY,,blob,"Path/blob comparison only; it does not prove functional equivalence, security, or runtime behavior."
patient-mobile/src/types/contracts.ts,patient_mobile,WORKSTATION_ONLY,,blob,"Path/blob comparison only; it does not prove functional equivalence, security, or runtime behavior."
patient-mobile/src/types/index.ts,patient_mobile,WORKSTATION_ONLY,,blob,"Path/blob comparison only; it does not prove functional equivalence, security, or runtime behavior."
patient-mobile/src/utils/api.security.test.ts,patient_mobile,WORKSTATION_ONLY,,blob,"Path/blob comparison only; it does not prove functional equivalence, security, or runtime behavior."
patient-mobile/src/utils/api.ts,patient_mobile,WORKSTATION_ONLY,,blob,"Path/blob comparison only; it does not prove functional equivalence, security, or runtime behavior."
patient-mobile/src/utils/callkeep.ts,patient_mobile,WORKSTATION_ONLY,,blob,"Path/blob comparison only; it does not prove functional equivalence, security, or runtime behavior."
patient-mobile/src/utils/chronic-refill-contract.test.ts,patient_mobile,WORKSTATION_ONLY,,blob,"Path/blob comparison only; it does not prove functional equivalence, security, or runtime behavior."
patient-mobile/src/utils/chronic-refill-contract.ts,patient_mobile,WORKSTATION_ONLY,,blob,"Path/blob comparison only; it does not prove functional equivalence, security, or runtime behavior."
patient-mobile/src/utils/dates.ts,patient_mobile,WORKSTATION_ONLY,,blob,"Path/blob comparison only; it does not prove functional equivalence, security, or runtime behavior."
patient-mobile/src/utils/deviceId.ts,patient_mobile,WORKSTATION_ONLY,,blob,"Path/blob comparison only; it does not prove functional equivalence, security, or runtime behavior."
patient-mobile/src/utils/family-calendar-contract.test.ts,patient_mobile,WORKSTATION_ONLY,,blob,"Path/blob comparison only; it does not prove functional equivalence, security, or runtime behavior."
patient-mobile/src/utils/family-calendar-contract.ts,patient_mobile,WORKSTATION_ONLY,,blob,"Path/blob comparison only; it does not prove functional equivalence, security, or runtime behavior."
patient-mobile/src/utils/imageUrl.ts,patient_mobile,WORKSTATION_ONLY,,blob,"Path/blob comparison only; it does not prove functional equivalence, security, or runtime behavior."
patient-mobile/src/utils/insurance-catalog-contract.test.ts,patient_mobile,WORKSTATION_ONLY,,blob,"Path/blob comparison only; it does not prove functional equivalence, security, or runtime behavior."
patient-mobile/src/utils/insurance-copay-contract.test.ts,patient_mobile,WORKSTATION_ONLY,,blob,"Path/blob comparison only; it does not prove functional equivalence, security, or runtime behavior."
patient-mobile/src/utils/insurance-copay-contract.ts,patient_mobile,WORKSTATION_ONLY,,blob,"Path/blob comparison only; it does not prove functional equivalence, security, or runtime behavior."
patient-mobile/src/utils/jwt.ts,patient_mobile,WORKSTATION_ONLY,,blob,"Path/blob comparison only; it does not prove functional equivalence, security, or runtime behavior."
patient-mobile/src/utils/labMappers.ts,patient_mobile,WORKSTATION_ONLY,,blob,"Path/blob comparison only; it does not prove functional equivalence, security, or runtime behavior."
patient-mobile/src/utils/localize.ts,patient_mobile,WORKSTATION_ONLY,,blob,"Path/blob comparison only; it does not prove functional equivalence, security, or runtime behavior."
patient-mobile/src/utils/medication-notifications.test.ts,patient_mobile,WORKSTATION_ONLY,,blob,"Path/blob comparison only; it does not prove functional equivalence, security, or runtime behavior."
patient-mobile/src/utils/medication-notifications.ts,patient_mobile,WORKSTATION_ONLY,,blob,"Path/blob comparison only; it does not prove functional equivalence, security, or runtime behavior."
patient-mobile/src/utils/monthly-health-report-contract.test.ts,patient_mobile,WORKSTATION_ONLY,,blob,"Path/blob comparison only; it does not prove functional equivalence, security, or runtime behavior."
patient-mobile/src/utils/monthly-health-report-contract.ts,patient_mobile,WORKSTATION_ONLY,,blob,"Path/blob comparison only; it does not prove functional equivalence, security, or runtime behavior."
patient-mobile/src/utils/mood-journal-contract.test.ts,patient_mobile,WORKSTATION_ONLY,,blob,"Path/blob comparison only; it does not prove functional equivalence, security, or runtime behavior."
patient-mobile/src/utils/mood-journal-contract.ts,patient_mobile,WORKSTATION_ONLY,,blob,"Path/blob comparison only; it does not prove functional equivalence, security, or runtime behavior."
patient-mobile/src/utils/notifications.ts,patient_mobile,WORKSTATION_ONLY,,blob,"Path/blob comparison only; it does not prove functional equivalence, security, or runtime behavior."
patient-mobile/src/utils/offlineQueue.security.test.ts,patient_mobile,WORKSTATION_ONLY,,blob,"Path/blob comparison only; it does not prove functional equivalence, security, or runtime behavior."
patient-mobile/src/utils/offlineQueue.ts,patient_mobile,WORKSTATION_ONLY,,blob,"Path/blob comparison only; it does not prove functional equivalence, security, or runtime behavior."
patient-mobile/src/utils/payment-idempotency.ts,patient_mobile,WORKSTATION_ONLY,,blob,"Path/blob comparison only; it does not prove functional equivalence, security, or runtime behavior."
patient-mobile/src/utils/performance.tsx,patient_mobile,WORKSTATION_ONLY,,blob,"Path/blob comparison only; it does not prove functional equivalence, security, or runtime behavior."
patient-mobile/src/utils/prefetch.ts,patient_mobile,WORKSTATION_ONLY,,blob,"Path/blob comparison only; it does not prove functional equivalence, security, or runtime behavior."
patient-mobile/src/utils/productNav.ts,patient_mobile,WORKSTATION_ONLY,,blob,"Path/blob comparison only; it does not prove functional equivalence, security, or runtime behavior."
patient-mobile/src/utils/security.storage.test.ts,patient_mobile,WORKSTATION_ONLY,,blob,"Path/blob comparison only; it does not prove functional equivalence, security, or runtime behavior."
patient-mobile/src/utils/security.ts,patient_mobile,WORKSTATION_ONLY,,blob,"Path/blob comparison only; it does not prove functional equivalence, security, or runtime behavior."
patient-mobile/src/utils/selectedAddress.ts,patient_mobile,WORKSTATION_ONLY,,blob,"Path/blob comparison only; it does not prove functional equivalence, security, or runtime behavior."
patient-mobile/src/utils/sentry.ts,patient_mobile,WORKSTATION_ONLY,,blob,"Path/blob comparison only; it does not prove functional equivalence, security, or runtime behavior."
patient-mobile/tsconfig.json,patient_mobile,WORKSTATION_ONLY,,blob,"Path/blob comparison only; it does not prove functional equivalence, security, or runtime behavior."
patient-mobile/utils/api.security.test.ts,patient_mobile,WORKSTATION_ONLY,,blob,"Path/blob comparison only; it does not prove functional equivalence, security, or runtime behavior."
patient-mobile/utils/api.ts,patient_mobile,WORKSTATION_ONLY,,blob,"Path/blob comparison only; it does not prove functional equivalence, security, or runtime behavior."
patient-web/.dockerignore,patient_web,WORKSTATION_ONLY,,blob,"Path/blob comparison only; it does not prove functional equivalence, security, or runtime behavior."
patient-web/.env.production.example,patient_web,WORKSTATION_ONLY,,blob,"Path/blob comparison only; it does not prove functional equivalence, security, or runtime behavior."
patient-web/.gitignore,patient_web,WORKSTATION_ONLY,,blob,"Path/blob comparison only; it does not prove functional equivalence, security, or runtime behavior."
patient-web/.gitkeep,patient_web,WORKSTATION_ONLY,,blob,"Path/blob comparison only; it does not prove functional equivalence, security, or runtime behavior."
patient-web/.prettierignore,patient_web,WORKSTATION_ONLY,,blob,"Path/blob comparison only; it does not prove functional equivalence, security, or runtime behavior."
patient-web/.prettierrc,patient_web,WORKSTATION_ONLY,,blob,"Path/blob comparison only; it does not prove functional equivalence, security, or runtime behavior."
patient-web/Dockerfile,patient_web,WORKSTATION_ONLY,,blob,"Path/blob comparison only; it does not prove functional equivalence, security, or runtime behavior."
patient-web/app/[locale]/ai/page.tsx,patient_web,WORKSTATION_ONLY,,blob,"Path/blob comparison only; it does not prove functional equivalence, security, or runtime behavior."
patient-web/app/[locale]/appointments/[appointmentId]/appointment-detail.module.css,patient_web,WORKSTATION_ONLY,,blob,"Path/blob comparison only; it does not prove functional equivalence, security, or runtime behavior."
patient-web/app/[locale]/appointments/[appointmentId]/page.tsx,patient_web,WORKSTATION_ONLY,,blob,"Path/blob comparison only; it does not prove functional equivalence, security, or runtime behavior."
patient-web/app/[locale]/appointments/appointments-ssr.test.ts,patient_web,WORKSTATION_ONLY,,blob,"Path/blob comparison only; it does not prove functional equivalence, security, or runtime behavior."
patient-web/app/[locale]/appointments/appointments.module.css,patient_web,WORKSTATION_ONLY,,blob,"Path/blob comparison only; it does not prove functional equivalence, security, or runtime behavior."
patient-web/app/[locale]/appointments/page.tsx,patient_web,WORKSTATION_ONLY,,blob,"Path/blob comparison only; it does not prove functional equivalence, security, or runtime behavior."
patient-web/app/[locale]/articles/[slug]/page.tsx,patient_web,WORKSTATION_ONLY,,blob,"Path/blob comparison only; it does not prove functional equivalence, security, or runtime behavior."
patient-web/app/[locale]/articles/articles.module.css,patient_web,WORKSTATION_ONLY,,blob,"Path/blob comparison only; it does not prove functional equivalence, security, or runtime behavior."
patient-web/app/[locale]/articles/bookmarks/page.tsx,patient_web,WORKSTATION_ONLY,,blob,"Path/blob comparison only; it does not prove functional equivalence, security, or runtime behavior."
patient-web/app/[locale]/articles/page.tsx,patient_web,WORKSTATION_ONLY,,blob,"Path/blob comparison only; it does not prove functional equivalence, security, or runtime behavior."
patient-web/app/[locale]/cart/cart-ssr.test.ts,patient_web,WORKSTATION_ONLY,,blob,"Path/blob comparison only; it does not prove functional equivalence, security, or runtime behavior."
patient-web/app/[locale]/cart/cart.module.css,patient_web,WORKSTATION_ONLY,,blob,"Path/blob comparison only; it does not prove functional equivalence, security, or runtime behavior."
patient-web/app/[locale]/cart/checkout/page.tsx,patient_web,WORKSTATION_ONLY,,blob,"Path/blob comparison only; it does not prove functional equivalence, security, or runtime behavior."
patient-web/app/[locale]/cart/page.tsx,patient_web,WORKSTATION_ONLY,,blob,"Path/blob comparison only; it does not prove functional equivalence, security, or runtime behavior."
patient-web/app/[locale]/cart/prescription/page.tsx,patient_web,WORKSTATION_ONLY,,blob,"Path/blob comparison only; it does not prove functional equivalence, security, or runtime behavior."
patient-web/app/[locale]/chat/[threadId]/page.tsx,patient_web,WORKSTATION_ONLY,,blob,"Path/blob comparison only; it does not prove functional equivalence, security, or runtime behavior."
patient-web/app/[locale]/chat/chat-ssr.test.ts,patient_web,WORKSTATION_ONLY,,blob,"Path/blob comparison only; it does not prove functional equivalence, security, or runtime behavior."
patient-web/app/[locale]/chat/chat.module.css,patient_web,WORKSTATION_ONLY,,blob,"Path/blob comparison only; it does not prove functional equivalence, security, or runtime behavior."
patient-web/app/[locale]/chat/page.tsx,patient_web,WORKSTATION_ONLY,,blob,"Path/blob comparison only; it does not prove functional equivalence, security, or runtime behavior."
patient-web/app/[locale]/community/page.tsx,patient_web,WORKSTATION_ONLY,,blob,"Path/blob comparison only; it does not prove functional equivalence, security, or runtime behavior."
patient-web/app/[locale]/consultations/doctors/[doctorId]/page.tsx,patient_web,WORKSTATION_ONLY,,blob,"Path/blob comparison only; it does not prove functional equivalence, security, or runtime behavior."
patient-web/app/[locale]/consultations/doctors/doctors-ssr.test.ts,patient_web,WORKSTATION_ONLY,,blob,"Path/blob comparison only; it does not prove functional equivalence, security, or runtime behavior."
patient-web/app/[locale]/consultations/doctors/doctors.module.css,patient_web,WORKSTATION_ONLY,,blob,"Path/blob comparison only; it does not prove functional equivalence, security, or runtime behavior."
patient-web/app/[locale]/consultations/doctors/page.tsx,patient_web,WORKSTATION_ONLY,,blob,"Path/blob comparison only; it does not prove functional equivalence, security, or runtime behavior."
patient-web/app/[locale]/consultations/specialties/page.tsx,patient_web,WORKSTATION_ONLY,,blob,"Path/blob comparison only; it does not prove functional equivalence, security, or runtime behavior."
patient-web/app/[locale]/consultations/specialties/specialties-ssr.test.ts,patient_web,WORKSTATION_ONLY,,blob,"Path/blob comparison only; it does not prove functional equivalence, security, or runtime behavior."
patient-web/app/[locale]/consultations/specialties/specialties.module.css,patient_web,WORKSTATION_ONLY,,blob,"Path/blob comparison only; it does not prove functional equivalence, security, or runtime behavior."
patient-web/app/[locale]/dashboard/dashboard-page.test.ts,patient_web,WORKSTATION_ONLY,,blob,"Path/blob comparison only; it does not prove functional equivalence, security, or runtime behavior."
patient-web/app/[locale]/dashboard/dashboard-ssr.test.ts,patient_web,WORKSTATION_ONLY,,blob,"Path/blob comparison only; it does not prove functional equivalence, security, or runtime behavior."
patient-web/app/[locale]/dashboard/dashboard.module.css,patient_web,WORKSTATION_ONLY,,blob,"Path/blob comparison only; it does not prove functional equivalence, security, or runtime behavior."
patient-web/app/[locale]/dashboard/loading.tsx,patient_web,WORKSTATION_ONLY,,blob,"Path/blob comparison only; it does not prove functional equivalence, security, or runtime behavior."
patient-web/app/[locale]/dashboard/page.tsx,patient_web,WORKSTATION_ONLY,,blob,"Path/blob comparison only; it does not prove functional equivalence, security, or runtime behavior."
patient-web/app/[locale]/diagnostics/[domain]/[bookingId]/diagnostic-detail.module.css,patient_web,WORKSTATION_ONLY,,blob,"Path/blob comparison only; it does not prove functional equivalence, security, or runtime behavior."
patient-web/app/[locale]/diagnostics/[domain]/[bookingId]/page.tsx,patient_web,WORKSTATION_ONLY,,blob,"Path/blob comparison only; it does not prove functional equivalence, security, or runtime behavior."
patient-web/app/[locale]/diagnostics/diagnostics-ssr.test.ts,patient_web,WORKSTATION_ONLY,,blob,"Path/blob comparison only; it does not prove functional equivalence, security, or runtime behavior."
patient-web/app/[locale]/diagnostics/diagnostics.module.css,patient_web,WORKSTATION_ONLY,,blob,"Path/blob comparison only; it does not prove functional equivalence, security, or runtime behavior."
patient-web/app/[locale]/diagnostics/labs/labs-ssr.test.ts,patient_web,WORKSTATION_ONLY,,blob,"Path/blob comparison only; it does not prove functional equivalence, security, or runtime behavior."
patient-web/app/[locale]/diagnostics/labs/labs.module.css,patient_web,WORKSTATION_ONLY,,blob,"Path/blob comparison only; it does not prove functional equivalence, security, or runtime behavior."
patient-web/app/[locale]/diagnostics/labs/page.tsx,patient_web,WORKSTATION_ONLY,,blob,"Path/blob comparison only; it does not prove functional equivalence, security, or runtime behavior."
patient-web/app/[locale]/diagnostics/packages/[packageId]/page.tsx,patient_web,WORKSTATION_ONLY,,blob,"Path/blob comparison only; it does not prove functional equivalence, security, or runtime behavior."
patient-web/app/[locale]/diagnostics/packages/labs-packages-ssr.test.ts,patient_web,WORKSTATION_ONLY,,blob,"Path/blob comparison only; it does not prove functional equivalence, security, or runtime behavior."
patient-web/app/[locale]/diagnostics/packages/page.tsx,patient_web,WORKSTATION_ONLY,,blob,"Path/blob comparison only; it does not prove functional equivalence, security, or runtime behavior."
patient-web/app/[locale]/diagnostics/page.tsx,patient_web,WORKSTATION_ONLY,,blob,"Path/blob comparison only; it does not prove functional equivalence, security, or runtime behavior."
patient-web/app/[locale]/diagnostics/radiology/page.tsx,patient_web,WORKSTATION_ONLY,,blob,"Path/blob comparison only; it does not prove functional equivalence, security, or runtime behavior."
patient-web/app/[locale]/diagnostics/radiology/radiology-ssr.test.ts,patient_web,WORKSTATION_ONLY,,blob,"Path/blob comparison only; it does not prove functional equivalence, security, or runtime behavior."
patient-web/app/[locale]/drug-scanner/page.tsx,patient_web,WORKSTATION_ONLY,,blob,"Path/blob comparison only; it does not prove functional equivalence, security, or runtime behavior."
patient-web/app/[locale]/drug-search/page.tsx,patient_web,WORKSTATION_ONLY,,blob,"Path/blob comparison only; it does not prove functional equivalence, security, or runtime behavior."
patient-web/app/[locale]/emergency/page.tsx,patient_web,WORKSTATION_ONLY,,blob,"Path/blob comparison only; it does not prove functional equivalence, security, or runtime behavior."
patient-web/app/[locale]/error.tsx,patient_web,WORKSTATION_ONLY,,blob,"Path/blob comparison only; it does not prove functional equivalence, security, or runtime behavior."
patient-web/app/[locale]/family/family-ssr.test.ts,patient_web,WORKSTATION_ONLY,,blob,"Path/blob comparison only; it does not prove functional equivalence, security, or runtime behavior."
patient-web/app/[locale]/family/family.module.css,patient_web,WORKSTATION_ONLY,,blob,"Path/blob comparison only; it does not prove functional equivalence, security, or runtime behavior."
patient-web/app/[locale]/family/page.tsx,patient_web,WORKSTATION_ONLY,,blob,"Path/blob comparison only; it does not prove functional equivalence, security, or runtime behavior."
patient-web/app/[locale]/health/chronic-diseases/page.tsx,patient_web,WORKSTATION_ONLY,,blob,"Path/blob comparison only; it does not prove functional equivalence, security, or runtime behavior."
patient-web/app/[locale]/health/chronic-medications/page.tsx,patient_web,WORKSTATION_ONLY,,blob,"Path/blob comparison only; it does not prove functional equivalence, security, or runtime behavior."
patient-web/app/[locale]/health/emergency-contacts/page.tsx,patient_web,WORKSTATION_ONLY,,blob,"Path/blob comparison only; it does not prove functional equivalence, security, or runtime behavior."
patient-web/app/[locale]/health/health-ssr.test.ts,patient_web,WORKSTATION_ONLY,,blob,"Path/blob comparison only; it does not prove functional equivalence, security, or runtime behavior."
patient-web/app/[locale]/health/health.module.css,patient_web,WORKSTATION_ONLY,,blob,"Path/blob comparison only; it does not prove functional equivalence, security, or runtime behavior."
patient-web/app/[locale]/health/monthly-report/page.tsx,patient_web,WORKSTATION_ONLY,,blob,"Path/blob comparison only; it does not prove functional equivalence, security, or runtime behavior."
patient-web/app/[locale]/health/page.tsx,patient_web,WORKSTATION_ONLY,,blob,"Path/blob comparison only; it does not prove functional equivalence, security, or runtime behavior."
patient-web/app/[locale]/health/reports/page.tsx,patient_web,WORKSTATION_ONLY,,blob,"Path/blob comparison only; it does not prove functional equivalence, security, or runtime behavior."
patient-web/app/[locale]/health/score/page.tsx,patient_web,WORKSTATION_ONLY,,blob,"Path/blob comparison only; it does not prove functional equivalence, security, or runtime behavior."
patient-web/app/[locale]/health/sleep/page.tsx,patient_web,WORKSTATION_ONLY,,blob,"Path/blob comparison only; it does not prove functional equivalence, security, or runtime behavior."
patient-web/app/[locale]/health/trends/page.tsx,patient_web,WORKSTATION_ONLY,,blob,"Path/blob comparison only; it does not prove functional equivalence, security, or runtime behavior."
patient-web/app/[locale]/health/vitals/page.tsx,patient_web,WORKSTATION_ONLY,,blob,"Path/blob comparison only; it does not prove functional equivalence, security, or runtime behavior."
patient-web/app/[locale]/home-care/book/page.tsx,patient_web,WORKSTATION_ONLY,,blob,"Path/blob comparison only; it does not prove functional equivalence, security, or runtime behavior."
patient-web/app/[locale]/home-care/home-care-ssr.test.ts,patient_web,WORKSTATION_ONLY,,blob,"Path/blob comparison only; it does not prove functional equivalence, security, or runtime behavior."
patient-web/app/[locale]/home-care/home-care.module.css,patient_web,WORKSTATION_ONLY,,blob,"Path/blob comparison only; it does not prove functional equivalence, security, or runtime behavior."
patient-web/app/[locale]/home-care/page.tsx,patient_web,WORKSTATION_ONLY,,blob,"Path/blob comparison only; it does not prove functional equivalence, security, or runtime behavior."
patient-web/app/[locale]/home-care/services/[serviceId]/page.tsx,patient_web,WORKSTATION_ONLY,,blob,"Path/blob comparison only; it does not prove functional equivalence, security, or runtime behavior."
patient-web/app/[locale]/home-care/services/page.tsx,patient_web,WORKSTATION_ONLY,,blob,"Path/blob comparison only; it does not prove functional equivalence, security, or runtime behavior."
patient-web/app/[locale]/home-care/services/services-ssr.test.ts,patient_web,WORKSTATION_ONLY,,blob,"Path/blob comparison only; it does not prove functional equivalence, security, or runtime behavior."
patient-web/app/[locale]/home-care/services/services.module.css,patient_web,WORKSTATION_ONLY,,blob,"Path/blob comparison only; it does not prove functional equivalence, security, or runtime behavior."
patient-web/app/[locale]/insurance/insurance.module.css,patient_web,WORKSTATION_ONLY,,blob,"Path/blob comparison only; it does not prove functional equivalence, security, or runtime behavior."
patient-web/app/[locale]/insurance/page.tsx,patient_web,WORKSTATION_ONLY,,blob,"Path/blob comparison only; it does not prove functional equivalence, security, or runtime behavior."
patient-web/app/[locale]/insurance/requests/[requestId]/page.tsx,patient_web,WORKSTATION_ONLY,,blob,"Path/blob comparison only; it does not prove functional equivalence, security, or runtime behavior."
patient-web/app/[locale]/labs/book/page.tsx,patient_web,WORKSTATION_ONLY,,blob,"Path/blob comparison only; it does not prove functional equivalence, security, or runtime behavior."
patient-web/app/[locale]/layout.tsx,patient_web,WORKSTATION_ONLY,,blob,"Path/blob comparison only; it does not prove functional equivalence, security, or runtime behavior."
patient-web/app/[locale]/loading.tsx,patient_web,WORKSTATION_ONLY,,blob,"Path/blob comparison only; it does not prove functional equivalence, security, or runtime behavior."
patient-web/app/[locale]/login/login.module.css,patient_web,WORKSTATION_ONLY,,blob,"Path/blob comparison only; it does not prove functional equivalence, security, or runtime behavior."
patient-web/app/[locale]/login/page.tsx,patient_web,WORKSTATION_ONLY,,blob,"Path/blob comparison only; it does not prove functional equivalence, security, or runtime behavior."
patient-web/app/[locale]/loyalty/page.tsx,patient_web,WORKSTATION_ONLY,,blob,"Path/blob comparison only; it does not prove functional equivalence, security, or runtime behavior."
patient-web/app/[locale]/maternity/page.tsx,patient_web,WORKSTATION_ONLY,,blob,"Path/blob comparison only; it does not prove functional equivalence, security, or runtime behavior."
patient-web/app/[locale]/medicine-catalog/medicine-catalog-ssr.test.ts,patient_web,WORKSTATION_ONLY,,blob,"Path/blob comparison only; it does not prove functional equivalence, security, or runtime behavior."
patient-web/app/[locale]/medicine-catalog/medicine-catalog.module.css,patient_web,WORKSTATION_ONLY,,blob,"Path/blob comparison only; it does not prove functional equivalence, security, or runtime behavior."
patient-web/app/[locale]/medicine-catalog/page.tsx,patient_web,WORKSTATION_ONLY,,blob,"Path/blob comparison only; it does not prove functional equivalence, security, or runtime behavior."
patient-web/app/[locale]/medicines/[medicineId]/medicine-detail-public-ssr.test.ts,patient_web,WORKSTATION_ONLY,,blob,"Path/blob comparison only; it does not prove functional equivalence, security, or runtime behavior."
patient-web/app/[locale]/medicines/[medicineId]/medicine-detail.module.css,patient_web,WORKSTATION_ONLY,,blob,"Path/blob comparison only; it does not prove functional equivalence, security, or runtime behavior."
patient-web/app/[locale]/medicines/[medicineId]/page.tsx,patient_web,WORKSTATION_ONLY,,blob,"Path/blob comparison only; it does not prove functional equivalence, security, or runtime behavior."
patient-web/app/[locale]/medicines/medicines-ssr.test.ts,patient_web,WORKSTATION_ONLY,,blob,"Path/blob comparison only; it does not prove functional equivalence, security, or runtime behavior."
patient-web/app/[locale]/medicines/page.tsx,patient_web,WORKSTATION_ONLY,,blob,"Path/blob comparison only; it does not prove functional equivalence, security, or runtime behavior."
patient-web/app/[locale]/mental-health/breathing/page.tsx,patient_web,WORKSTATION_ONLY,,blob,"Path/blob comparison only; it does not prove functional equivalence, security, or runtime behavior."
patient-web/app/[locale]/mental-health/crisis-contacts/page.tsx,patient_web,WORKSTATION_ONLY,,blob,"Path/blob comparison only; it does not prove functional equivalence, security, or runtime behavior."
patient-web/app/[locale]/mental-health/meditation/page.tsx,patient_web,WORKSTATION_ONLY,,blob,"Path/blob comparison only; it does not prove functional equivalence, security, or runtime behavior."
patient-web/app/[locale]/mental-health/mental-health.module.css,patient_web,WORKSTATION_ONLY,,blob,"Path/blob comparison only; it does not prove functional equivalence, security, or runtime behavior."
patient-web/app/[locale]/mental-health/mood/page.tsx,patient_web,WORKSTATION_ONLY,,blob,"Path/blob comparison only; it does not prove functional equivalence, security, or runtime behavior."
patient-web/app/[locale]/mental-health/page.tsx,patient_web,WORKSTATION_ONLY,,blob,"Path/blob comparison only; it does not prove functional equivalence, security, or runtime behavior."
patient-web/app/[locale]/metadata-indexing.test.ts,patient_web,WORKSTATION_ONLY,,blob,"Path/blob comparison only; it does not prove functional equivalence, security, or runtime behavior."
patient-web/app/[locale]/not-found.test.tsx,patient_web,WORKSTATION_ONLY,,blob,"Path/blob comparison only; it does not prove functional equivalence, security, or runtime behavior."
patient-web/app/[locale]/not-found.tsx,patient_web,WORKSTATION_ONLY,,blob,"Path/blob comparison only; it does not prove functional equivalence, security, or runtime behavior."
patient-web/app/[locale]/notifications/notifications-ssr.test.ts,patient_web,WORKSTATION_ONLY,,blob,"Path/blob comparison only; it does not prove functional equivalence, security, or runtime behavior."
patient-web/app/[locale]/notifications/notifications.module.css,patient_web,WORKSTATION_ONLY,,blob,"Path/blob comparison only; it does not prove functional equivalence, security, or runtime behavior."
patient-web/app/[locale]/notifications/page.tsx,patient_web,WORKSTATION_ONLY,,blob,"Path/blob comparison only; it does not prove functional equivalence, security, or runtime behavior."
patient-web/app/[locale]/notifications/settings/page.tsx,patient_web,WORKSTATION_ONLY,,blob,"Path/blob comparison only; it does not prove functional equivalence, security, or runtime behavior."
patient-web/app/[locale]/notifications/settings/settings.module.css,patient_web,WORKSTATION_ONLY,,blob,"Path/blob comparison only; it does not prove functional equivalence, security, or runtime behavior."
patient-web/app/[locale]/nutrition/page.tsx,patient_web,WORKSTATION_ONLY,,blob,"Path/blob comparison only; it does not prove functional equivalence, security, or runtime behavior."
patient-web/app/[locale]/offers/[offerId]/page.tsx,patient_web,WORKSTATION_ONLY,,blob,"Path/blob comparison only; it does not prove functional equivalence, security, or runtime behavior."
patient-web/app/[locale]/offers/page.tsx,patient_web,WORKSTATION_ONLY,,blob,"Path/blob comparison only; it does not prove functional equivalence, security, or runtime behavior."
patient-web/app/[locale]/orders/[orderId]/order-detail.module.css,patient_web,WORKSTATION_ONLY,,blob,"Path/blob comparison only; it does not prove functional equivalence, security, or runtime behavior."
patient-web/app/[locale]/orders/[orderId]/page.tsx,patient_web,WORKSTATION_ONLY,,blob,"Path/blob comparison only; it does not prove functional equivalence, security, or runtime behavior."
patient-web/app/[locale]/orders/[orderId]/tracking/page.tsx,patient_web,WORKSTATION_ONLY,,blob,"Path/blob comparison only; it does not prove functional equivalence, security, or runtime behavior."
patient-web/app/[locale]/orders/orders-ssr.test.ts,patient_web,WORKSTATION_ONLY,,blob,"Path/blob comparison only; it does not prove functional equivalence, security, or runtime behavior."
patient-web/app/[locale]/orders/orders.module.css,patient_web,WORKSTATION_ONLY,,blob,"Path/blob comparison only; it does not prove functional equivalence, security, or runtime behavior."
patient-web/app/[locale]/orders/page.tsx,patient_web,WORKSTATION_ONLY,,blob,"Path/blob comparison only; it does not prove functional equivalence, security, or runtime behavior."
patient-web/app/[locale]/page.metadata.test.ts,patient_web,WORKSTATION_ONLY,,blob,"Path/blob comparison only; it does not prove functional equivalence, security, or runtime behavior."
patient-web/app/[locale]/page.tsx,patient_web,WORKSTATION_ONLY,,blob,"Path/blob comparison only; it does not prove functional equivalence, security, or runtime behavior."
patient-web/app/[locale]/pharmacy/offers/page.tsx,patient_web,WORKSTATION_ONLY,,blob,"Path/blob comparison only; it does not prove functional equivalence, security, or runtime behavior."
patient-web/app/[locale]/pharmacy/pay/page.tsx,patient_web,WORKSTATION_ONLY,,blob,"Path/blob comparison only; it does not prove functional equivalence, security, or runtime behavior."
patient-web/app/[locale]/pharmacy/select/page.tsx,patient_web,WORKSTATION_ONLY,,blob,"Path/blob comparison only; it does not prove functional equivalence, security, or runtime behavior."
patient-web/app/[locale]/prescriptions/[prescriptionId]/page.tsx,patient_web,WORKSTATION_ONLY,,blob,"Path/blob comparison only; it does not prove functional equivalence, security, or runtime behavior."
patient-web/app/[locale]/prescriptions/page.tsx,patient_web,WORKSTATION_ONLY,,blob,"Path/blob comparison only; it does not prove functional equivalence, security, or runtime behavior."
patient-web/app/[locale]/prescriptions/prescriptions-ssr.test.ts,patient_web,WORKSTATION_ONLY,,blob,"Path/blob comparison only; it does not prove functional equivalence, security, or runtime behavior."
patient-web/app/[locale]/prescriptions/prescriptions.module.css,patient_web,WORKSTATION_ONLY,,blob,"Path/blob comparison only; it does not prove functional equivalence, security, or runtime behavior."
patient-web/app/[locale]/profile/page.tsx,patient_web,WORKSTATION_ONLY,,blob,"Path/blob comparison only; it does not prove functional equivalence, security, or runtime behavior."
patient-web/app/[locale]/profile/profile-page-ssr.test.ts,patient_web,WORKSTATION_ONLY,,blob,"Path/blob comparison only; it does not prove functional equivalence, security, or runtime behavior."
patient-web/app/[locale]/profile/profile.module.css,patient_web,WORKSTATION_ONLY,,blob,"Path/blob comparison only; it does not prove functional equivalence, security, or runtime behavior."
patient-web/app/[locale]/programs/page.tsx,patient_web,WORKSTATION_ONLY,,blob,"Path/blob comparison only; it does not prove functional equivalence, security, or runtime behavior."
patient-web/app/[locale]/providers-map/page.tsx,patient_web,WORKSTATION_ONLY,,blob,"Path/blob comparison only; it does not prove functional equivalence, security, or runtime behavior."
patient-web/app/[locale]/reminders/page.tsx,patient_web,WORKSTATION_ONLY,,blob,"Path/blob comparison only; it does not prove functional equivalence, security, or runtime behavior."
patient-web/app/[locale]/reminders/reminders-ssr.test.ts,patient_web,WORKSTATION_ONLY,,blob,"Path/blob comparison only; it does not prove functional equivalence, security, or runtime behavior."
patient-web/app/[locale]/reminders/reminders.module.css,patient_web,WORKSTATION_ONLY,,blob,"Path/blob comparison only; it does not prove functional equivalence, security, or runtime behavior."
patient-web/app/[locale]/returns/page.tsx,patient_web,WORKSTATION_ONLY,,blob,"Path/blob comparison only; it does not prove functional equivalence, security, or runtime behavior."
patient-web/app/[locale]/reviews/page.tsx,patient_web,WORKSTATION_ONLY,,blob,"Path/blob comparison only; it does not prove functional equivalence, security, or runtime behavior."
patient-web/app/[locale]/route-state-ssr.test.tsx,patient_web,WORKSTATION_ONLY,,blob,"Path/blob comparison only; it does not prove functional equivalence, security, or runtime behavior."
patient-web/app/[locale]/settings/edit/page.tsx,patient_web,WORKSTATION_ONLY,,blob,"Path/blob comparison only; it does not prove functional equivalence, security, or runtime behavior."
patient-web/app/[locale]/settings/page.tsx,patient_web,WORKSTATION_ONLY,,blob,"Path/blob comparison only; it does not prove functional equivalence, security, or runtime behavior."
patient-web/app/[locale]/settings/security/page.tsx,patient_web,WORKSTATION_ONLY,,blob,"Path/blob comparison only; it does not prove functional equivalence, security, or runtime behavior."
patient-web/app/[locale]/settings/settings.module.css,patient_web,WORKSTATION_ONLY,,blob,"Path/blob comparison only; it does not prove functional equivalence, security, or runtime behavior."
patient-web/app/[locale]/support/[ticketId]/page.tsx,patient_web,WORKSTATION_ONLY,,blob,"Path/blob comparison only; it does not prove functional equivalence, security, or runtime behavior."
patient-web/app/[locale]/support/page.tsx,patient_web,WORKSTATION_ONLY,,blob,"Path/blob comparison only; it does not prove functional equivalence, security, or runtime behavior."
patient-web/app/[locale]/wearables/page.tsx,patient_web,WORKSTATION_ONLY,,blob,"Path/blob comparison only; it does not prove functional equivalence, security, or runtime behavior."
patient-web/app/[locale]/wishlist/page.tsx,patient_web,WORKSTATION_ONLY,,blob,"Path/blob comparison only; it does not prove functional equivalence, security, or runtime behavior."
patient-web/app/[locale]/wishlist/wishlist.module.css,patient_web,WORKSTATION_ONLY,,blob,"Path/blob comparison only; it does not prove functional equivalence, security, or runtime behavior."
patient-web/app/api/ai/route.ts,patient_web,WORKSTATION_ONLY,,blob,"Path/blob comparison only; it does not prove functional equivalence, security, or runtime behavior."
patient-web/app/api/appointments/[appointmentId]/call-token/route.test.ts,patient_web,WORKSTATION_ONLY,,blob,"Path/blob comparison only; it does not prove functional equivalence, security, or runtime behavior."
patient-web/app/api/appointments/[appointmentId]/call-token/route.ts,patient_web,WORKSTATION_ONLY,,blob,"Path/blob comparison only; it does not prove functional equivalence, security, or runtime behavior."
patient-web/app/api/appointments/[appointmentId]/cancel/route.test.ts,patient_web,WORKSTATION_ONLY,,blob,"Path/blob comparison only; it does not prove functional equivalence, security, or runtime behavior."
patient-web/app/api/appointments/[appointmentId]/cancel/route.ts,patient_web,WORKSTATION_ONLY,,blob,"Path/blob comparison only; it does not prove functional equivalence, security, or runtime behavior."
patient-web/app/api/appointments/[appointmentId]/payment-intent/route.test.ts,patient_web,WORKSTATION_ONLY,,blob,"Path/blob comparison only; it does not prove functional equivalence, security, or runtime behavior."
patient-web/app/api/appointments/[appointmentId]/payment-intent/route.ts,patient_web,WORKSTATION_ONLY,,blob,"Path/blob comparison only; it does not prove functional equivalence, security, or runtime behavior."
patient-web/app/api/appointments/[appointmentId]/reschedule/route.test.ts,patient_web,WORKSTATION_ONLY,,blob,"Path/blob comparison only; it does not prove functional equivalence, security, or runtime behavior."
patient-web/app/api/appointments/[appointmentId]/reschedule/route.ts,patient_web,WORKSTATION_ONLY,,blob,"Path/blob comparison only; it does not prove functional equivalence, security, or runtime behavior."
patient-web/app/api/appointments/book/route.test.ts,patient_web,WORKSTATION_ONLY,,blob,"Path/blob comparison only; it does not prove functional equivalence, security, or runtime behavior."
patient-web/app/api/appointments/book/route.ts,patient_web,WORKSTATION_ONLY,,blob,"Path/blob comparison only; it does not prove functional equivalence, security, or runtime behavior."
patient-web/app/api/auth/login/route.ts,patient_web,WORKSTATION_ONLY,,blob,"Path/blob comparison only; it does not prove functional equivalence, security, or runtime behavior."
patient-web/app/api/auth/logout/route.ts,patient_web,WORKSTATION_ONLY,,blob,"Path/blob comparison only; it does not prove functional equivalence, security, or runtime behavior."
patient-web/app/api/auth/otp/otp-routes.test.ts,patient_web,WORKSTATION_ONLY,,blob,"Path/blob comparison only; it does not prove functional equivalence, security, or runtime behavior."
patient-web/app/api/auth/otp/request/route.ts,patient_web,WORKSTATION_ONLY,,blob,"Path/blob comparison only; it does not prove functional equivalence, security, or runtime behavior."
patient-web/app/api/auth/otp/verify/route.ts,patient_web,WORKSTATION_ONLY,,blob,"Path/blob comparison only; it does not prove functional equivalence, security, or runtime behavior."
patient-web/app/api/auth/session/exchange/route.ts,patient_web,WORKSTATION_ONLY,,blob,"Path/blob comparison only; it does not prove functional equivalence, security, or runtime behavior."
patient-web/app/api/auth/session/route.ts,patient_web,WORKSTATION_ONLY,,blob,"Path/blob comparison only; it does not prove functional equivalence, security, or runtime behavior."
patient-web/app/api/auth/verify-2fa/route.ts,patient_web,WORKSTATION_ONLY,,blob,"Path/blob comparison only; it does not prove functional equivalence, security, or runtime behavior."
patient-web/app/api/bookings/[kind]/route.ts,patient_web,WORKSTATION_ONLY,,blob,"Path/blob comparison only; it does not prove functional equivalence, security, or runtime behavior."
patient-web/app/api/chat/threads/[threadId]/media/route.ts,patient_web,WORKSTATION_ONLY,,blob,"Path/blob comparison only; it does not prove functional equivalence, security, or runtime behavior."
patient-web/app/api/chat/threads/[threadId]/messages/route.ts,patient_web,WORKSTATION_ONLY,,blob,"Path/blob comparison only; it does not prove functional equivalence, security, or runtime behavior."
patient-web/app/api/chat/threads/[threadId]/read/route.ts,patient_web,WORKSTATION_ONLY,,blob,"Path/blob comparison only; it does not prove functional equivalence, security, or runtime behavior."
patient-web/app/api/chat/threads/[threadId]/rt-token/route.ts,patient_web,WORKSTATION_ONLY,,blob,"Path/blob comparison only; it does not prove functional equivalence, security, or runtime behavior."
patient-web/app/api/community/[action]/route.ts,patient_web,WORKSTATION_ONLY,,blob,"Path/blob comparison only; it does not prove functional equivalence, security, or runtime behavior."
patient-web/app/api/drug-scanner/route.ts,patient_web,WORKSTATION_ONLY,,blob,"Path/blob comparison only; it does not prove functional equivalence, security, or runtime behavior."
patient-web/app/api/emergency/[action]/route.ts,patient_web,WORKSTATION_ONLY,,blob,"Path/blob comparison only; it does not prove functional equivalence, security, or runtime behavior."
patient-web/app/api/family/create/route.ts,patient_web,WORKSTATION_ONLY,,blob,"Path/blob comparison only; it does not prove functional equivalence, security, or runtime behavior."
patient-web/app/api/family/invite/route.ts,patient_web,WORKSTATION_ONLY,,blob,"Path/blob comparison only; it does not prove functional equivalence, security, or runtime behavior."
patient-web/app/api/family/join/route.ts,patient_web,WORKSTATION_ONLY,,blob,"Path/blob comparison only; it does not prove functional equivalence, security, or runtime behavior."
patient-web/app/api/family/leave/route.ts,patient_web,WORKSTATION_ONLY,,blob,"Path/blob comparison only; it does not prove functional equivalence, security, or runtime behavior."
patient-web/app/api/family/members/[memberId]/permissions/route.ts,patient_web,WORKSTATION_ONLY,,blob,"Path/blob comparison only; it does not prove functional equivalence, security, or runtime behavior."
patient-web/app/api/family/members/[memberId]/route.ts,patient_web,WORKSTATION_ONLY,,blob,"Path/blob comparison only; it does not prove functional equivalence, security, or runtime behavior."
patient-web/app/api/family/members/route.ts,patient_web,WORKSTATION_ONLY,,blob,"Path/blob comparison only; it does not prove functional equivalence, security, or runtime behavior."
patient-web/app/api/health/sleep/route.ts,patient_web,WORKSTATION_ONLY,,blob,"Path/blob comparison only; it does not prove functional equivalence, security, or runtime behavior."
patient-web/app/api/health/vitals/route.ts,patient_web,WORKSTATION_ONLY,,blob,"Path/blob comparison only; it does not prove functional equivalence, security, or runtime behavior."
patient-web/app/api/insurance/requests/[requestId]/pay-copay/route.ts,patient_web,WORKSTATION_ONLY,,blob,"Path/blob comparison only; it does not prove functional equivalence, security, or runtime behavior."
patient-web/app/api/insurance/requests/[requestId]/payment-intent/route.ts,patient_web,WORKSTATION_ONLY,,blob,"Path/blob comparison only; it does not prove functional equivalence, security, or runtime behavior."
patient-web/app/api/loyalty/route.ts,patient_web,WORKSTATION_ONLY,,blob,"Path/blob comparison only; it does not prove functional equivalence, security, or runtime behavior."
patient-web/app/api/maternity/profile/route.ts,patient_web,WORKSTATION_ONLY,,blob,"Path/blob comparison only; it does not prove functional equivalence, security, or runtime behavior."
patient-web/app/api/media/[mediaId]/url/route.ts,patient_web,WORKSTATION_ONLY,,blob,"Path/blob comparison only; it does not prove functional equivalence, security, or runtime behavior."
patient-web/app/api/medicines/compare/route.ts,patient_web,WORKSTATION_ONLY,,blob,"Path/blob comparison only; it does not prove functional equivalence, security, or runtime behavior."
patient-web/app/api/mental-health/mood/route.ts,patient_web,WORKSTATION_ONLY,,blob,"Path/blob comparison only; it does not prove functional equivalence, security, or runtime behavior."
patient-web/app/api/mental-health/sessions/route.ts,patient_web,WORKSTATION_ONLY,,blob,"Path/blob comparison only; it does not prove functional equivalence, security, or runtime behavior."
patient-web/app/api/patient/[...path]/route.test.ts,patient_web,WORKSTATION_ONLY,,blob,"Path/blob comparison only; it does not prove functional equivalence, security, or runtime behavior."
patient-web/app/api/patient/[...path]/route.ts,patient_web,WORKSTATION_ONLY,,blob,"Path/blob comparison only; it does not prove functional equivalence, security, or runtime behavior."
patient-web/app/api/pharmacy/orders/[orderId]/cod/route.ts,patient_web,WORKSTATION_ONLY,,blob,"Path/blob comparison only; it does not prove functional equivalence, security, or runtime behavior."
patient-web/app/api/pharmacy/orders/[orderId]/offers/route.ts,patient_web,WORKSTATION_ONLY,,blob,"Path/blob comparison only; it does not prove functional equivalence, security, or runtime behavior."
patient-web/app/api/pharmacy/orders/[orderId]/pay-wallet/route.ts,patient_web,WORKSTATION_ONLY,,blob,"Path/blob comparison only; it does not prove functional equivalence, security, or runtime behavior."
patient-web/app/api/pharmacy/orders/[orderId]/payment-intent/route.ts,patient_web,WORKSTATION_ONLY,,blob,"Path/blob comparison only; it does not prove functional equivalence, security, or runtime behavior."
patient-web/app/api/pharmacy/orders/[orderId]/select-offer/route.ts,patient_web,WORKSTATION_ONLY,,blob,"Path/blob comparison only; it does not prove functional equivalence, security, or runtime behavior."
patient-web/app/api/pharmacy/orders/route.ts,patient_web,WORKSTATION_ONLY,,blob,"Path/blob comparison only; it does not prove functional equivalence, security, or runtime behavior."
patient-web/app/api/programs/route.ts,patient_web,WORKSTATION_ONLY,,blob,"Path/blob comparison only; it does not prove functional equivalence, security, or runtime behavior."
patient-web/app/api/push/subscribe/route.ts,patient_web,WORKSTATION_ONLY,,blob,"Path/blob comparison only; it does not prove functional equivalence, security, or runtime behavior."
patient-web/app/api/push/unsubscribe/route.ts,patient_web,WORKSTATION_ONLY,,blob,"Path/blob comparison only; it does not prove functional equivalence, security, or runtime behavior."
patient-web/app/api/push/vapid-key/route.ts,patient_web,WORKSTATION_ONLY,,blob,"Path/blob comparison only; it does not prove functional equivalence, security, or runtime behavior."
patient-web/app/api/ratings/route.ts,patient_web,WORKSTATION_ONLY,,blob,"Path/blob comparison only; it does not prove functional equivalence, security, or runtime behavior."
patient-web/app/api/refunds/route.ts,patient_web,WORKSTATION_ONLY,,blob,"Path/blob comparison only; it does not prove functional equivalence, security, or runtime behavior."
patient-web/app/api/settings/route.ts,patient_web,WORKSTATION_ONLY,,blob,"Path/blob comparison only; it does not prove functional equivalence, security, or runtime behavior."
patient-web/app/api/settings/security/route.ts,patient_web,WORKSTATION_ONLY,,blob,"Path/blob comparison only; it does not prove functional equivalence, security, or runtime behavior."
patient-web/app/api/support/[action]/route.ts,patient_web,WORKSTATION_ONLY,,blob,"Path/blob comparison only; it does not prove functional equivalence, security, or runtime behavior."
patient-web/app/api/wearables/route.ts,patient_web,WORKSTATION_ONLY,,blob,"Path/blob comparison only; it does not prove functional equivalence, security, or runtime behavior."
patient-web/app/favicon.ico/route.test.ts,patient_web,WORKSTATION_ONLY,,blob,"Path/blob comparison only; it does not prove functional equivalence, security, or runtime behavior."
patient-web/app/favicon.ico/route.ts,patient_web,WORKSTATION_ONLY,,blob,"Path/blob comparison only; it does not prove functional equivalence, security, or runtime behavior."
patient-web/app/global-not-found.tsx,patient_web,WORKSTATION_ONLY,,blob,"Path/blob comparison only; it does not prove functional equivalence, security, or runtime behavior."
patient-web/app/globals.css,patient_web,WORKSTATION_ONLY,,blob,"Path/blob comparison only; it does not prove functional equivalence, security, or runtime behavior."
patient-web/app/icon.svg,patient_web,WORKSTATION_ONLY,,blob,"Path/blob comparison only; it does not prove functional equivalence, security, or runtime behavior."
patient-web/app/layout.tsx,patient_web,WORKSTATION_ONLY,,blob,"Path/blob comparison only; it does not prove functional equivalence, security, or runtime behavior."
patient-web/app/llms.txt/route.test.ts,patient_web,WORKSTATION_ONLY,,blob,"Path/blob comparison only; it does not prove functional equivalence, security, or runtime behavior."
patient-web/app/llms.txt/route.ts,patient_web,WORKSTATION_ONLY,,blob,"Path/blob comparison only; it does not prove functional equivalence, security, or runtime behavior."
patient-web/app/manifest.test.ts,patient_web,WORKSTATION_ONLY,,blob,"Path/blob comparison only; it does not prove functional equivalence, security, or runtime behavior."
patient-web/app/manifest.ts,patient_web,WORKSTATION_ONLY,,blob,"Path/blob comparison only; it does not prove functional equivalence, security, or runtime behavior."
patient-web/app/robots.ts,patient_web,WORKSTATION_ONLY,,blob,"Path/blob comparison only; it does not prove functional equivalence, security, or runtime behavior."
patient-web/app/seo.test.ts,patient_web,WORKSTATION_ONLY,,blob,"Path/blob comparison only; it does not prove functional equivalence, security, or runtime behavior."
patient-web/app/sitemap.ts,patient_web,WORKSTATION_ONLY,,blob,"Path/blob comparison only; it does not prove functional equivalence, security, or runtime behavior."
patient-web/components-next/ai-tools.tsx,patient_web,WORKSTATION_ONLY,,blob,"Path/blob comparison only; it does not prove functional equivalence, security, or runtime behavior."
patient-web/components-next/appointment-actions.module.css,patient_web,WORKSTATION_ONLY,,blob,"Path/blob comparison only; it does not prove functional equivalence, security, or runtime behavior."
patient-web/components-next/appointment-actions.tsx,patient_web,WORKSTATION_ONLY,,blob,"Path/blob comparison only; it does not prove functional equivalence, security, or runtime behavior."
patient-web/components-next/appointment-booking-form.module.css,patient_web,WORKSTATION_ONLY,,blob,"Path/blob comparison only; it does not prove functional equivalence, security, or runtime behavior."
patient-web/components-next/appointment-booking-form.tsx,patient_web,WORKSTATION_ONLY,,blob,"Path/blob comparison only; it does not prove functional equivalence, security, or runtime behavior."
patient-web/components-next/appointment-reschedule-form.module.css,patient_web,WORKSTATION_ONLY,,blob,"Path/blob comparison only; it does not prove functional equivalence, security, or runtime behavior."
patient-web/components-next/appointment-reschedule-form.tsx,patient_web,WORKSTATION_ONLY,,blob,"Path/blob comparison only; it does not prove functional equivalence, security, or runtime behavior."
patient-web/components-next/call-token-launcher.module.css,patient_web,WORKSTATION_ONLY,,blob,"Path/blob comparison only; it does not prove functional equivalence, security, or runtime behavior."
patient-web/components-next/call-token-launcher.tsx,patient_web,WORKSTATION_ONLY,,blob,"Path/blob comparison only; it does not prove functional equivalence, security, or runtime behavior."
patient-web/components-next/chat-composer.tsx,patient_web,WORKSTATION_ONLY,,blob,"Path/blob comparison only; it does not prove functional equivalence, security, or runtime behavior."
patient-web/components-next/chat-realtime.tsx,patient_web,WORKSTATION_ONLY,,blob,"Path/blob comparison only; it does not prove functional equivalence, security, or runtime behavior."
patient-web/components-next/community-composer.tsx,patient_web,WORKSTATION_ONLY,,blob,"Path/blob comparison only; it does not prove functional equivalence, security, or runtime behavior."
patient-web/components-next/drug-compare.tsx,patient_web,WORKSTATION_ONLY,,blob,"Path/blob comparison only; it does not prove functional equivalence, security, or runtime behavior."
patient-web/components-next/drug-scanner-tools.tsx,patient_web,WORKSTATION_ONLY,,blob,"Path/blob comparison only; it does not prove functional equivalence, security, or runtime behavior."
patient-web/components-next/family-manage-panel.tsx,patient_web,WORKSTATION_ONLY,,blob,"Path/blob comparison only; it does not prove functional equivalence, security, or runtime behavior."
patient-web/components-next/health-log-form.tsx,patient_web,WORKSTATION_ONLY,,blob,"Path/blob comparison only; it does not prove functional equivalence, security, or runtime behavior."
patient-web/components-next/insurance-copay-actions.tsx,patient_web,WORKSTATION_ONLY,,blob,"Path/blob comparison only; it does not prove functional equivalence, security, or runtime behavior."
patient-web/components-next/json-ld.tsx,patient_web,WORKSTATION_ONLY,,blob,"Path/blob comparison only; it does not prove functional equivalence, security, or runtime behavior."
patient-web/components-next/locale-selector.test.tsx,patient_web,WORKSTATION_ONLY,,blob,"Path/blob comparison only; it does not prove functional equivalence, security, or runtime behavior."
patient-web/components-next/locale-selector.tsx,patient_web,WORKSTATION_ONLY,,blob,"Path/blob comparison only; it does not prove functional equivalence, security, or runtime behavior."
patient-web/components-next/login-form.module.css,patient_web,WORKSTATION_ONLY,,blob,"Path/blob comparison only; it does not prove functional equivalence, security, or runtime behavior."
patient-web/components-next/login-form.tsx,patient_web,WORKSTATION_ONLY,,blob,"Path/blob comparison only; it does not prove functional equivalence, security, or runtime behavior."
patient-web/components-next/loyalty-actions.tsx,patient_web,WORKSTATION_ONLY,,blob,"Path/blob comparison only; it does not prove functional equivalence, security, or runtime behavior."
patient-web/components-next/maternity-forms.tsx,patient_web,WORKSTATION_ONLY,,blob,"Path/blob comparison only; it does not prove functional equivalence, security, or runtime behavior."
patient-web/components-next/nutrition-forms.tsx,patient_web,WORKSTATION_ONLY,,blob,"Path/blob comparison only; it does not prove functional equivalence, security, or runtime behavior."
patient-web/components-next/offer-select-button.tsx,patient_web,WORKSTATION_ONLY,,blob,"Path/blob comparison only; it does not prove functional equivalence, security, or runtime behavior."
patient-web/components-next/premium-health-illustration.tsx,patient_web,WORKSTATION_ONLY,,blob,"Path/blob comparison only; it does not prove functional equivalence, security, or runtime behavior."
patient-web/components-next/program-actions.tsx,patient_web,WORKSTATION_ONLY,,blob,"Path/blob comparison only; it does not prove functional equivalence, security, or runtime behavior."
patient-web/components-next/pulse-shield-mark.tsx,patient_web,WORKSTATION_ONLY,,blob,"Path/blob comparison only; it does not prove functional equivalence, security, or runtime behavior."
patient-web/components-next/push-enable.tsx,patient_web,WORKSTATION_ONLY,,blob,"Path/blob comparison only; it does not prove functional equivalence, security, or runtime behavior."
patient-web/components-next/refund-request-form.tsx,patient_web,WORKSTATION_ONLY,,blob,"Path/blob comparison only; it does not prove functional equivalence, security, or runtime behavior."
patient-web/components-next/retry-button.test.tsx,patient_web,WORKSTATION_ONLY,,blob,"Path/blob comparison only; it does not prove functional equivalence, security, or runtime behavior."
patient-web/components-next/retry-button.tsx,patient_web,WORKSTATION_ONLY,,blob,"Path/blob comparison only; it does not prove functional equivalence, security, or runtime behavior."
patient-web/components-next/review-form.tsx,patient_web,WORKSTATION_ONLY,,blob,"Path/blob comparison only; it does not prove functional equivalence, security, or runtime behavior."
patient-web/components-next/security-forms.tsx,patient_web,WORKSTATION_ONLY,,blob,"Path/blob comparison only; it does not prove functional equivalence, security, or runtime behavior."
patient-web/components-next/service-booking-form.tsx,patient_web,WORKSTATION_ONLY,,blob,"Path/blob comparison only; it does not prove functional equivalence, security, or runtime behavior."
patient-web/components-next/session-actions.tsx,patient_web,WORKSTATION_ONLY,,blob,"Path/blob comparison only; it does not prove functional equivalence, security, or runtime behavior."
patient-web/components-next/session-log-form.tsx,patient_web,WORKSTATION_ONLY,,blob,"Path/blob comparison only; it does not prove functional equivalence, security, or runtime behavior."
patient-web/components-next/settings-forms.tsx,patient_web,WORKSTATION_ONLY,,blob,"Path/blob comparison only; it does not prove functional equivalence, security, or runtime behavior."
patient-web/components-next/sos-controls.tsx,patient_web,WORKSTATION_ONLY,,blob,"Path/blob comparison only; it does not prove functional equivalence, security, or runtime behavior."
patient-web/components-next/support-forms.tsx,patient_web,WORKSTATION_ONLY,,blob,"Path/blob comparison only; it does not prove functional equivalence, security, or runtime behavior."
patient-web/components-next/vital-glyph.tsx,patient_web,WORKSTATION_ONLY,,blob,"Path/blob comparison only; it does not prove functional equivalence, security, or runtime behavior."
patient-web/components-next/wearable-manual-form.tsx,patient_web,WORKSTATION_ONLY,,blob,"Path/blob comparison only; it does not prove functional equivalence, security, or runtime behavior."
patient-web/components.json,patient_web,WORKSTATION_ONLY,,blob,"Path/blob comparison only; it does not prove functional equivalence, security, or runtime behavior."
patient-web/drizzle.config.ts,patient_web,WORKSTATION_ONLY,,blob,"Path/blob comparison only; it does not prove functional equivalence, security, or runtime behavior."
patient-web/i18n/request.ts,patient_web,WORKSTATION_ONLY,,blob,"Path/blob comparison only; it does not prove functional equivalence, security, or runtime behavior."
patient-web/i18n/routing.ts,patient_web,WORKSTATION_ONLY,,blob,"Path/blob comparison only; it does not prove functional equivalence, security, or runtime behavior."
patient-web/lib/api/appointments-server.test.ts,patient_web,WORKSTATION_ONLY,,blob,"Path/blob comparison only; it does not prove functional equivalence, security, or runtime behavior."
patient-web/lib/api/appointments-server.ts,patient_web,WORKSTATION_ONLY,,blob,"Path/blob comparison only; it does not prove functional equivalence, security, or runtime behavior."
patient-web/lib/api/appointments.test.ts,patient_web,WORKSTATION_ONLY,,blob,"Path/blob comparison only; it does not prove functional equivalence, security, or runtime behavior."
patient-web/lib/api/appointments.ts,patient_web,WORKSTATION_ONLY,,blob,"Path/blob comparison only; it does not prove functional equivalence, security, or runtime behavior."
patient-web/lib/api/articles-server.ts,patient_web,WORKSTATION_ONLY,,blob,"Path/blob comparison only; it does not prove functional equivalence, security, or runtime behavior."
patient-web/lib/api/articles.test.ts,patient_web,WORKSTATION_ONLY,,blob,"Path/blob comparison only; it does not prove functional equivalence, security, or runtime behavior."
patient-web/lib/api/articles.ts,patient_web,WORKSTATION_ONLY,,blob,"Path/blob comparison only; it does not prove functional equivalence, security, or runtime behavior."
patient-web/lib/api/breathing-server.ts,patient_web,WORKSTATION_ONLY,,blob,"Path/blob comparison only; it does not prove functional equivalence, security, or runtime behavior."
patient-web/lib/api/breathing.test.ts,patient_web,WORKSTATION_ONLY,,blob,"Path/blob comparison only; it does not prove functional equivalence, security, or runtime behavior."
patient-web/lib/api/breathing.ts,patient_web,WORKSTATION_ONLY,,blob,"Path/blob comparison only; it does not prove functional equivalence, security, or runtime behavior."
patient-web/lib/api/cart.test.ts,patient_web,WORKSTATION_ONLY,,blob,"Path/blob comparison only; it does not prove functional equivalence, security, or runtime behavior."
patient-web/lib/api/cart.ts,patient_web,WORKSTATION_ONLY,,blob,"Path/blob comparison only; it does not prove functional equivalence, security, or runtime behavior."
patient-web/lib/api/chat-server.test.ts,patient_web,WORKSTATION_ONLY,,blob,"Path/blob comparison only; it does not prove functional equivalence, security, or runtime behavior."
patient-web/lib/api/chat-server.ts,patient_web,WORKSTATION_ONLY,,blob,"Path/blob comparison only; it does not prove functional equivalence, security, or runtime behavior."
patient-web/lib/api/chat.test.ts,patient_web,WORKSTATION_ONLY,,blob,"Path/blob comparison only; it does not prove functional equivalence, security, or runtime behavior."
patient-web/lib/api/chat.ts,patient_web,WORKSTATION_ONLY,,blob,"Path/blob comparison only; it does not prove functional equivalence, security, or runtime behavior."
patient-web/lib/api/chronic-meds-server.ts,patient_web,WORKSTATION_ONLY,,blob,"Path/blob comparison only; it does not prove functional equivalence, security, or runtime behavior."
patient-web/lib/api/chronic-meds.test.ts,patient_web,WORKSTATION_ONLY,,blob,"Path/blob comparison only; it does not prove functional equivalence, security, or runtime behavior."
patient-web/lib/api/chronic-meds.ts,patient_web,WORKSTATION_ONLY,,blob,"Path/blob comparison only; it does not prove functional equivalence, security, or runtime behavior."
patient-web/lib/api/chronic-server.ts,patient_web,WORKSTATION_ONLY,,blob,"Path/blob comparison only; it does not prove functional equivalence, security, or runtime behavior."
patient-web/lib/api/chronic.test.ts,patient_web,WORKSTATION_ONLY,,blob,"Path/blob comparison only; it does not prove functional equivalence, security, or runtime behavior."
patient-web/lib/api/chronic.ts,patient_web,WORKSTATION_ONLY,,blob,"Path/blob comparison only; it does not prove functional equivalence, security, or runtime behavior."
patient-web/lib/api/claims-server.ts,patient_web,WORKSTATION_ONLY,,blob,"Path/blob comparison only; it does not prove functional equivalence, security, or runtime behavior."
patient-web/lib/api/claims.test.ts,patient_web,WORKSTATION_ONLY,,blob,"Path/blob comparison only; it does not prove functional equivalence, security, or runtime behavior."
patient-web/lib/api/claims.ts,patient_web,WORKSTATION_ONLY,,blob,"Path/blob comparison only; it does not prove functional equivalence, security, or runtime behavior."
patient-web/lib/api/crisis-contacts-server.ts,patient_web,WORKSTATION_ONLY,,blob,"Path/blob comparison only; it does not prove functional equivalence, security, or runtime behavior."
patient-web/lib/api/crisis-contacts.test.ts,patient_web,WORKSTATION_ONLY,,blob,"Path/blob comparison only; it does not prove functional equivalence, security, or runtime behavior."
patient-web/lib/api/crisis-contacts.ts,patient_web,WORKSTATION_ONLY,,blob,"Path/blob comparison only; it does not prove functional equivalence, security, or runtime behavior."
patient-web/lib/api/csrf.ts,patient_web,WORKSTATION_ONLY,,blob,"Path/blob comparison only; it does not prove functional equivalence, security, or runtime behavior."
patient-web/lib/api/dashboard-server.ts,patient_web,WORKSTATION_ONLY,,blob,"Path/blob comparison only; it does not prove functional equivalence, security, or runtime behavior."
patient-web/lib/api/dashboard.test.ts,patient_web,WORKSTATION_ONLY,,blob,"Path/blob comparison only; it does not prove functional equivalence, security, or runtime behavior."
patient-web/lib/api/dashboard.ts,patient_web,WORKSTATION_ONLY,,blob,"Path/blob comparison only; it does not prove functional equivalence, security, or runtime behavior."
patient-web/lib/api/diagnostics-report.test.ts,patient_web,WORKSTATION_ONLY,,blob,"Path/blob comparison only; it does not prove functional equivalence, security, or runtime behavior."
patient-web/lib/api/diagnostics-server.test.ts,patient_web,WORKSTATION_ONLY,,blob,"Path/blob comparison only; it does not prove functional equivalence, security, or runtime behavior."
patient-web/lib/api/diagnostics-server.ts,patient_web,WORKSTATION_ONLY,,blob,"Path/blob comparison only; it does not prove functional equivalence, security, or runtime behavior."
patient-web/lib/api/diagnostics.test.ts,patient_web,WORKSTATION_ONLY,,blob,"Path/blob comparison only; it does not prove functional equivalence, security, or runtime behavior."
patient-web/lib/api/diagnostics.ts,patient_web,WORKSTATION_ONLY,,blob,"Path/blob comparison only; it does not prove functional equivalence, security, or runtime behavior."
patient-web/lib/api/doctors-detail-server.test.ts,patient_web,WORKSTATION_ONLY,,blob,"Path/blob comparison only; it does not prove functional equivalence, security, or runtime behavior."
patient-web/lib/api/doctors-detail.test.ts,patient_web,WORKSTATION_ONLY,,blob,"Path/blob comparison only; it does not prove functional equivalence, security, or runtime behavior."
patient-web/lib/api/doctors-server.test.ts,patient_web,WORKSTATION_ONLY,,blob,"Path/blob comparison only; it does not prove functional equivalence, security, or runtime behavior."
patient-web/lib/api/doctors-server.ts,patient_web,WORKSTATION_ONLY,,blob,"Path/blob comparison only; it does not prove functional equivalence, security, or runtime behavior."
patient-web/lib/api/doctors-slots-server.test.ts,patient_web,WORKSTATION_ONLY,,blob,"Path/blob comparison only; it does not prove functional equivalence, security, or runtime behavior."
patient-web/lib/api/doctors-slots.test.ts,patient_web,WORKSTATION_ONLY,,blob,"Path/blob comparison only; it does not prove functional equivalence, security, or runtime behavior."
patient-web/lib/api/doctors.test.ts,patient_web,WORKSTATION_ONLY,,blob,"Path/blob comparison only; it does not prove functional equivalence, security, or runtime behavior."
patient-web/lib/api/doctors.ts,patient_web,WORKSTATION_ONLY,,blob,"Path/blob comparison only; it does not prove functional equivalence, security, or runtime behavior."
patient-web/lib/api/emergency-contacts-server.ts,patient_web,WORKSTATION_ONLY,,blob,"Path/blob comparison only; it does not prove functional equivalence, security, or runtime behavior."
patient-web/lib/api/emergency-contacts.test.ts,patient_web,WORKSTATION_ONLY,,blob,"Path/blob comparison only; it does not prove functional equivalence, security, or runtime behavior."
patient-web/lib/api/emergency-contacts.ts,patient_web,WORKSTATION_ONLY,,blob,"Path/blob comparison only; it does not prove functional equivalence, security, or runtime behavior."
patient-web/lib/api/family-group-server.ts,patient_web,WORKSTATION_ONLY,,blob,"Path/blob comparison only; it does not prove functional equivalence, security, or runtime behavior."
patient-web/lib/api/family-group.test.ts,patient_web,WORKSTATION_ONLY,,blob,"Path/blob comparison only; it does not prove functional equivalence, security, or runtime behavior."
patient-web/lib/api/family-group.ts,patient_web,WORKSTATION_ONLY,,blob,"Path/blob comparison only; it does not prove functional equivalence, security, or runtime behavior."
patient-web/lib/api/family-server.test.ts,patient_web,WORKSTATION_ONLY,,blob,"Path/blob comparison only; it does not prove functional equivalence, security, or runtime behavior."
patient-web/lib/api/family-server.ts,patient_web,WORKSTATION_ONLY,,blob,"Path/blob comparison only; it does not prove functional equivalence, security, or runtime behavior."
patient-web/lib/api/family.test.ts,patient_web,WORKSTATION_ONLY,,blob,"Path/blob comparison only; it does not prove functional equivalence, security, or runtime behavior."
patient-web/lib/api/family.ts,patient_web,WORKSTATION_ONLY,,blob,"Path/blob comparison only; it does not prove functional equivalence, security, or runtime behavior."
patient-web/lib/api/health-score.test.ts,patient_web,WORKSTATION_ONLY,,blob,"Path/blob comparison only; it does not prove functional equivalence, security, or runtime behavior."
patient-web/lib/api/health-score.ts,patient_web,WORKSTATION_ONLY,,blob,"Path/blob comparison only; it does not prove functional equivalence, security, or runtime behavior."
patient-web/lib/api/home-care-server.test.ts,patient_web,WORKSTATION_ONLY,,blob,"Path/blob comparison only; it does not prove functional equivalence, security, or runtime behavior."
patient-web/lib/api/home-care-server.ts,patient_web,WORKSTATION_ONLY,,blob,"Path/blob comparison only; it does not prove functional equivalence, security, or runtime behavior."
patient-web/lib/api/home-care-services-server.test.ts,patient_web,WORKSTATION_ONLY,,blob,"Path/blob comparison only; it does not prove functional equivalence, security, or runtime behavior."
patient-web/lib/api/home-care-services-server.ts,patient_web,WORKSTATION_ONLY,,blob,"Path/blob comparison only; it does not prove functional equivalence, security, or runtime behavior."
patient-web/lib/api/home-care-services.test.ts,patient_web,WORKSTATION_ONLY,,blob,"Path/blob comparison only; it does not prove functional equivalence, security, or runtime behavior."
patient-web/lib/api/home-care-services.ts,patient_web,WORKSTATION_ONLY,,blob,"Path/blob comparison only; it does not prove functional equivalence, security, or runtime behavior."
patient-web/lib/api/home-care.test.ts,patient_web,WORKSTATION_ONLY,,blob,"Path/blob comparison only; it does not prove functional equivalence, security, or runtime behavior."
patient-web/lib/api/home-care.ts,patient_web,WORKSTATION_ONLY,,blob,"Path/blob comparison only; it does not prove functional equivalence, security, or runtime behavior."
patient-web/lib/api/insurance-server.ts,patient_web,WORKSTATION_ONLY,,blob,"Path/blob comparison only; it does not prove functional equivalence, security, or runtime behavior."
patient-web/lib/api/insurance.test.ts,patient_web,WORKSTATION_ONLY,,blob,"Path/blob comparison only; it does not prove functional equivalence, security, or runtime behavior."
patient-web/lib/api/insurance.ts,patient_web,WORKSTATION_ONLY,,blob,"Path/blob comparison only; it does not prove functional equivalence, security, or runtime behavior."
patient-web/lib/api/labs-server.test.ts,patient_web,WORKSTATION_ONLY,,blob,"Path/blob comparison only; it does not prove functional equivalence, security, or runtime behavior."
patient-web/lib/api/labs-server.ts,patient_web,WORKSTATION_ONLY,,blob,"Path/blob comparison only; it does not prove functional equivalence, security, or runtime behavior."
patient-web/lib/api/labs.test.ts,patient_web,WORKSTATION_ONLY,,blob,"Path/blob comparison only; it does not prove functional equivalence, security, or runtime behavior."
patient-web/lib/api/labs.ts,patient_web,WORKSTATION_ONLY,,blob,"Path/blob comparison only; it does not prove functional equivalence, security, or runtime behavior."
patient-web/lib/api/medicines-server.test.ts,patient_web,WORKSTATION_ONLY,,blob,"Path/blob comparison only; it does not prove functional equivalence, security, or runtime behavior."
patient-web/lib/api/medicines-server.ts,patient_web,WORKSTATION_ONLY,,blob,"Path/blob comparison only; it does not prove functional equivalence, security, or runtime behavior."
patient-web/lib/api/medicines.test.ts,patient_web,WORKSTATION_ONLY,,blob,"Path/blob comparison only; it does not prove functional equivalence, security, or runtime behavior."
patient-web/lib/api/medicines.ts,patient_web,WORKSTATION_ONLY,,blob,"Path/blob comparison only; it does not prove functional equivalence, security, or runtime behavior."
patient-web/lib/api/meditation-server.ts,patient_web,WORKSTATION_ONLY,,blob,"Path/blob comparison only; it does not prove functional equivalence, security, or runtime behavior."
patient-web/lib/api/meditation.test.ts,patient_web,WORKSTATION_ONLY,,blob,"Path/blob comparison only; it does not prove functional equivalence, security, or runtime behavior."
patient-web/lib/api/meditation.ts,patient_web,WORKSTATION_ONLY,,blob,"Path/blob comparison only; it does not prove functional equivalence, security, or runtime behavior."
patient-web/lib/api/mental-health-server.ts,patient_web,WORKSTATION_ONLY,,blob,"Path/blob comparison only; it does not prove functional equivalence, security, or runtime behavior."
patient-web/lib/api/mental-health.test.ts,patient_web,WORKSTATION_ONLY,,blob,"Path/blob comparison only; it does not prove functional equivalence, security, or runtime behavior."
patient-web/lib/api/mental-health.ts,patient_web,WORKSTATION_ONLY,,blob,"Path/blob comparison only; it does not prove functional equivalence, security, or runtime behavior."
patient-web/lib/api/mood-server.ts,patient_web,WORKSTATION_ONLY,,blob,"Path/blob comparison only; it does not prove functional equivalence, security, or runtime behavior."
patient-web/lib/api/mood.test.ts,patient_web,WORKSTATION_ONLY,,blob,"Path/blob comparison only; it does not prove functional equivalence, security, or runtime behavior."
patient-web/lib/api/mood.ts,patient_web,WORKSTATION_ONLY,,blob,"Path/blob comparison only; it does not prove functional equivalence, security, or runtime behavior."
patient-web/lib/api/notification-settings-server.ts,patient_web,WORKSTATION_ONLY,,blob,"Path/blob comparison only; it does not prove functional equivalence, security, or runtime behavior."
patient-web/lib/api/notification-settings.test.ts,patient_web,WORKSTATION_ONLY,,blob,"Path/blob comparison only; it does not prove functional equivalence, security, or runtime behavior."
patient-web/lib/api/notification-settings.ts,patient_web,WORKSTATION_ONLY,,blob,"Path/blob comparison only; it does not prove functional equivalence, security, or runtime behavior."
patient-web/lib/api/notifications-server.test.ts,patient_web,WORKSTATION_ONLY,,blob,"Path/blob comparison only; it does not prove functional equivalence, security, or runtime behavior."
patient-web/lib/api/notifications-server.ts,patient_web,WORKSTATION_ONLY,,blob,"Path/blob comparison only; it does not prove functional equivalence, security, or runtime behavior."
patient-web/lib/api/notifications.test.ts,patient_web,WORKSTATION_ONLY,,blob,"Path/blob comparison only; it does not prove functional equivalence, security, or runtime behavior."
patient-web/lib/api/notifications.ts,patient_web,WORKSTATION_ONLY,,blob,"Path/blob comparison only; it does not prove functional equivalence, security, or runtime behavior."
patient-web/lib/api/orders.test.ts,patient_web,WORKSTATION_ONLY,,blob,"Path/blob comparison only; it does not prove functional equivalence, security, or runtime behavior."
patient-web/lib/api/orders.ts,patient_web,WORKSTATION_ONLY,,blob,"Path/blob comparison only; it does not prove functional equivalence, security, or runtime behavior."
patient-web/lib/api/patient-allowlist.test.ts,patient_web,WORKSTATION_ONLY,,blob,"Path/blob comparison only; it does not prove functional equivalence, security, or runtime behavior."
patient-web/lib/api/patient-allowlist.ts,patient_web,WORKSTATION_ONLY,,blob,"Path/blob comparison only; it does not prove functional equivalence, security, or runtime behavior."
patient-web/lib/api/payments-server.ts,patient_web,WORKSTATION_ONLY,,blob,"Path/blob comparison only; it does not prove functional equivalence, security, or runtime behavior."
patient-web/lib/api/payments.ts,patient_web,WORKSTATION_ONLY,,blob,"Path/blob comparison only; it does not prove functional equivalence, security, or runtime behavior."
patient-web/lib/api/pharmacy-flow.ts,patient_web,WORKSTATION_ONLY,,blob,"Path/blob comparison only; it does not prove functional equivalence, security, or runtime behavior."
patient-web/lib/api/prescriptions-server.test.ts,patient_web,WORKSTATION_ONLY,,blob,"Path/blob comparison only; it does not prove functional equivalence, security, or runtime behavior."
patient-web/lib/api/prescriptions-server.ts,patient_web,WORKSTATION_ONLY,,blob,"Path/blob comparison only; it does not prove functional equivalence, security, or runtime behavior."
patient-web/lib/api/prescriptions.test.ts,patient_web,WORKSTATION_ONLY,,blob,"Path/blob comparison only; it does not prove functional equivalence, security, or runtime behavior."
patient-web/lib/api/prescriptions.ts,patient_web,WORKSTATION_ONLY,,blob,"Path/blob comparison only; it does not prove functional equivalence, security, or runtime behavior."
patient-web/lib/api/profile-security.test.ts,patient_web,WORKSTATION_ONLY,,blob,"Path/blob comparison only; it does not prove functional equivalence, security, or runtime behavior."
patient-web/lib/api/profile.test.ts,patient_web,WORKSTATION_ONLY,,blob,"Path/blob comparison only; it does not prove functional equivalence, security, or runtime behavior."
patient-web/lib/api/profile.ts,patient_web,WORKSTATION_ONLY,,blob,"Path/blob comparison only; it does not prove functional equivalence, security, or runtime behavior."
patient-web/lib/api/public-medicines-server.test.ts,patient_web,WORKSTATION_ONLY,,blob,"Path/blob comparison only; it does not prove functional equivalence, security, or runtime behavior."
patient-web/lib/api/public-medicines-server.ts,patient_web,WORKSTATION_ONLY,,blob,"Path/blob comparison only; it does not prove functional equivalence, security, or runtime behavior."
patient-web/lib/api/radiology-server.test.ts,patient_web,WORKSTATION_ONLY,,blob,"Path/blob comparison only; it does not prove functional equivalence, security, or runtime behavior."
patient-web/lib/api/radiology-server.ts,patient_web,WORKSTATION_ONLY,,blob,"Path/blob comparison only; it does not prove functional equivalence, security, or runtime behavior."
patient-web/lib/api/radiology.test.ts,patient_web,WORKSTATION_ONLY,,blob,"Path/blob comparison only; it does not prove functional equivalence, security, or runtime behavior."
patient-web/lib/api/radiology.ts,patient_web,WORKSTATION_ONLY,,blob,"Path/blob comparison only; it does not prove functional equivalence, security, or runtime behavior."
patient-web/lib/api/reminders-server.test.ts,patient_web,WORKSTATION_ONLY,,blob,"Path/blob comparison only; it does not prove functional equivalence, security, or runtime behavior."
patient-web/lib/api/reminders-server.ts,patient_web,WORKSTATION_ONLY,,blob,"Path/blob comparison only; it does not prove functional equivalence, security, or runtime behavior."
patient-web/lib/api/reminders.test.ts,patient_web,WORKSTATION_ONLY,,blob,"Path/blob comparison only; it does not prove functional equivalence, security, or runtime behavior."
patient-web/lib/api/reminders.ts,patient_web,WORKSTATION_ONLY,,blob,"Path/blob comparison only; it does not prove functional equivalence, security, or runtime behavior."
patient-web/lib/api/reports.test.ts,patient_web,WORKSTATION_ONLY,,blob,"Path/blob comparison only; it does not prove functional equivalence, security, or runtime behavior."
patient-web/lib/api/reports.ts,patient_web,WORKSTATION_ONLY,,blob,"Path/blob comparison only; it does not prove functional equivalence, security, or runtime behavior."
patient-web/lib/api/response.ts,patient_web,WORKSTATION_ONLY,,blob,"Path/blob comparison only; it does not prove functional equivalence, security, or runtime behavior."
patient-web/lib/api/sandbox-appointments-contracts.test.ts,patient_web,WORKSTATION_ONLY,,blob,"Path/blob comparison only; it does not prove functional equivalence, security, or runtime behavior."
patient-web/lib/api/sandbox-chat-contract.test.ts,patient_web,WORKSTATION_ONLY,,blob,"Path/blob comparison only; it does not prove functional equivalence, security, or runtime behavior."
patient-web/lib/api/sandbox-diagnostics-contracts.test.ts,patient_web,WORKSTATION_ONLY,,blob,"Path/blob comparison only; it does not prove functional equivalence, security, or runtime behavior."
patient-web/lib/api/sandbox-family-contract.test.ts,patient_web,WORKSTATION_ONLY,,blob,"Path/blob comparison only; it does not prove functional equivalence, security, or runtime behavior."
patient-web/lib/api/sandbox-home-care-contract.test.ts,patient_web,WORKSTATION_ONLY,,blob,"Path/blob comparison only; it does not prove functional equivalence, security, or runtime behavior."
patient-web/lib/api/sandbox-medicines-contract.test.ts,patient_web,WORKSTATION_ONLY,,blob,"Path/blob comparison only; it does not prove functional equivalence, security, or runtime behavior."
patient-web/lib/api/sandbox-notifications-contract.test.ts,patient_web,WORKSTATION_ONLY,,blob,"Path/blob comparison only; it does not prove functional equivalence, security, or runtime behavior."
patient-web/lib/api/sandbox-order-ownership.test.ts,patient_web,WORKSTATION_ONLY,,blob,"Path/blob comparison only; it does not prove functional equivalence, security, or runtime behavior."
patient-web/lib/api/sandbox-prescriptions-contract.test.ts,patient_web,WORKSTATION_ONLY,,blob,"Path/blob comparison only; it does not prove functional equivalence, security, or runtime behavior."
patient-web/lib/api/sandbox-profile-contracts.test.ts,patient_web,WORKSTATION_ONLY,,blob,"Path/blob comparison only; it does not prove functional equivalence, security, or runtime behavior."
patient-web/lib/api/sandbox-reminders-contract.test.ts,patient_web,WORKSTATION_ONLY,,blob,"Path/blob comparison only; it does not prove functional equivalence, security, or runtime behavior."
patient-web/lib/api/sandbox-secrets.test.ts,patient_web,WORKSTATION_ONLY,,blob,"Path/blob comparison only; it does not prove functional equivalence, security, or runtime behavior."
patient-web/lib/api/sandbox-specialty-provider-count.test.ts,patient_web,WORKSTATION_ONLY,,blob,"Path/blob comparison only; it does not prove functional equivalence, security, or runtime behavior."
patient-web/lib/api/sandbox-vitals-contract.test.ts,patient_web,WORKSTATION_ONLY,,blob,"Path/blob comparison only; it does not prove functional equivalence, security, or runtime behavior."
patient-web/lib/api/settings-server.ts,patient_web,WORKSTATION_ONLY,,blob,"Path/blob comparison only; it does not prove functional equivalence, security, or runtime behavior."
patient-web/lib/api/settings.test.ts,patient_web,WORKSTATION_ONLY,,blob,"Path/blob comparison only; it does not prove functional equivalence, security, or runtime behavior."
patient-web/lib/api/settings.ts,patient_web,WORKSTATION_ONLY,,blob,"Path/blob comparison only; it does not prove functional equivalence, security, or runtime behavior."
patient-web/lib/api/sleep-server.ts,patient_web,WORKSTATION_ONLY,,blob,"Path/blob comparison only; it does not prove functional equivalence, security, or runtime behavior."
patient-web/lib/api/sleep.test.ts,patient_web,WORKSTATION_ONLY,,blob,"Path/blob comparison only; it does not prove functional equivalence, security, or runtime behavior."
patient-web/lib/api/sleep.ts,patient_web,WORKSTATION_ONLY,,blob,"Path/blob comparison only; it does not prove functional equivalence, security, or runtime behavior."
patient-web/lib/api/specialties-server.test.ts,patient_web,WORKSTATION_ONLY,,blob,"Path/blob comparison only; it does not prove functional equivalence, security, or runtime behavior."
patient-web/lib/api/specialties-server.ts,patient_web,WORKSTATION_ONLY,,blob,"Path/blob comparison only; it does not prove functional equivalence, security, or runtime behavior."
patient-web/lib/api/specialties.test.ts,patient_web,WORKSTATION_ONLY,,blob,"Path/blob comparison only; it does not prove functional equivalence, security, or runtime behavior."
patient-web/lib/api/specialties.ts,patient_web,WORKSTATION_ONLY,,blob,"Path/blob comparison only; it does not prove functional equivalence, security, or runtime behavior."
patient-web/lib/api/trends-server.ts,patient_web,WORKSTATION_ONLY,,blob,"Path/blob comparison only; it does not prove functional equivalence, security, or runtime behavior."
patient-web/lib/api/trends.test.ts,patient_web,WORKSTATION_ONLY,,blob,"Path/blob comparison only; it does not prove functional equivalence, security, or runtime behavior."
patient-web/lib/api/trends.ts,patient_web,WORKSTATION_ONLY,,blob,"Path/blob comparison only; it does not prove functional equivalence, security, or runtime behavior."
patient-web/lib/api/upstream.test.ts,patient_web,WORKSTATION_ONLY,,blob,"Path/blob comparison only; it does not prove functional equivalence, security, or runtime behavior."
patient-web/lib/api/upstream.ts,patient_web,WORKSTATION_ONLY,,blob,"Path/blob comparison only; it does not prove functional equivalence, security, or runtime behavior."
patient-web/lib/api/vitals-history.test.ts,patient_web,WORKSTATION_ONLY,,blob,"Path/blob comparison only; it does not prove functional equivalence, security, or runtime behavior."
patient-web/lib/api/vitals-server.test.ts,patient_web,WORKSTATION_ONLY,,blob,"Path/blob comparison only; it does not prove functional equivalence, security, or runtime behavior."
patient-web/lib/api/vitals-server.ts,patient_web,WORKSTATION_ONLY,,blob,"Path/blob comparison only; it does not prove functional equivalence, security, or runtime behavior."
patient-web/lib/api/vitals.test.ts,patient_web,WORKSTATION_ONLY,,blob,"Path/blob comparison only; it does not prove functional equivalence, security, or runtime behavior."
patient-web/lib/api/vitals.ts,patient_web,WORKSTATION_ONLY,,blob,"Path/blob comparison only; it does not prove functional equivalence, security, or runtime behavior."
patient-web/lib/api/wishlist-server.test.ts,patient_web,WORKSTATION_ONLY,,blob,"Path/blob comparison only; it does not prove functional equivalence, security, or runtime behavior."
patient-web/lib/api/wishlist-server.ts,patient_web,WORKSTATION_ONLY,,blob,"Path/blob comparison only; it does not prove functional equivalence, security, or runtime behavior."
patient-web/lib/api/wishlist.test.ts,patient_web,WORKSTATION_ONLY,,blob,"Path/blob comparison only; it does not prove functional equivalence, security, or runtime behavior."
patient-web/lib/api/wishlist.ts,patient_web,WORKSTATION_ONLY,,blob,"Path/blob comparison only; it does not prove functional equivalence, security, or runtime behavior."
patient-web/lib/auth/cookies.ts,patient_web,WORKSTATION_ONLY,,blob,"Path/blob comparison only; it does not prove functional equivalence, security, or runtime behavior."
patient-web/lib/auth/refresh.test.ts,patient_web,WORKSTATION_ONLY,,blob,"Path/blob comparison only; it does not prove functional equivalence, security, or runtime behavior."
patient-web/lib/auth/refresh.ts,patient_web,WORKSTATION_ONLY,,blob,"Path/blob comparison only; it does not prove functional equivalence, security, or runtime behavior."
patient-web/lib/auth/session.ts,patient_web,WORKSTATION_ONLY,,blob,"Path/blob comparison only; it does not prove functional equivalence, security, or runtime behavior."
patient-web/lib/i18n.test.ts,patient_web,WORKSTATION_ONLY,,blob,"Path/blob comparison only; it does not prove functional equivalence, security, or runtime behavior."
patient-web/lib/i18n.ts,patient_web,WORKSTATION_ONLY,,blob,"Path/blob comparison only; it does not prove functional equivalence, security, or runtime behavior."
patient-web/lib/i18n/global-notfound.ts,patient_web,WORKSTATION_ONLY,,blob,"Path/blob comparison only; it does not prove functional equivalence, security, or runtime behavior."
patient-web/lib/i18n/messages.test.ts,patient_web,WORKSTATION_ONLY,,blob,"Path/blob comparison only; it does not prove functional equivalence, security, or runtime behavior."
patient-web/lib/seo.ts,patient_web,WORKSTATION_ONLY,,blob,"Path/blob comparison only; it does not prove functional equivalence, security, or runtime behavior."
patient-web/messages/ar.json,patient_web,WORKSTATION_ONLY,,blob,"Path/blob comparison only; it does not prove functional equivalence, security, or runtime behavior."
patient-web/messages/bn.json,patient_web,WORKSTATION_ONLY,,blob,"Path/blob comparison only; it does not prove functional equivalence, security, or runtime behavior."
patient-web/messages/en.json,patient_web,WORKSTATION_ONLY,,blob,"Path/blob comparison only; it does not prove functional equivalence, security, or runtime behavior."
patient-web/messages/fil.json,patient_web,WORKSTATION_ONLY,,blob,"Path/blob comparison only; it does not prove functional equivalence, security, or runtime behavior."
patient-web/messages/hi.json,patient_web,WORKSTATION_ONLY,,blob,"Path/blob comparison only; it does not prove functional equivalence, security, or runtime behavior."
patient-web/messages/ur.json,patient_web,WORKSTATION_ONLY,,blob,"Path/blob comparison only; it does not prove functional equivalence, security, or runtime behavior."
patient-web/next-env.d.ts,patient_web,WORKSTATION_ONLY,,blob,"Path/blob comparison only; it does not prove functional equivalence, security, or runtime behavior."
patient-web/next.config.ts,patient_web,WORKSTATION_ONLY,,blob,"Path/blob comparison only; it does not prove functional equivalence, security, or runtime behavior."
patient-web/package.json,patient_web,WORKSTATION_ONLY,,blob,"Path/blob comparison only; it does not prove functional equivalence, security, or runtime behavior."
patient-web/patches/wouter@3.7.1.patch,patient_web,WORKSTATION_ONLY,,blob,"Path/blob comparison only; it does not prove functional equivalence, security, or runtime behavior."
patient-web/pnpm-lock.yaml,patient_web,WORKSTATION_ONLY,,blob,"Path/blob comparison only; it does not prove functional equivalence, security, or runtime behavior."
patient-web/proxy.ts,patient_web,WORKSTATION_ONLY,,blob,"Path/blob comparison only; it does not prove functional equivalence, security, or runtime behavior."
patient-web/public/sw.js,patient_web,WORKSTATION_ONLY,,blob,"Path/blob comparison only; it does not prove functional equivalence, security, or runtime behavior."
patient-web/scripts/add_wishlist_i18n.py,patient_web,WORKSTATION_ONLY,,blob,"Path/blob comparison only; it does not prove functional equivalence, security, or runtime behavior."
patient-web/scripts/build_parity_matrix.py,patient_web,WORKSTATION_ONLY,,blob,"Path/blob comparison only; it does not prove functional equivalence, security, or runtime behavior."
patient-web/scripts/compare_mobile_web.py,patient_web,WORKSTATION_ONLY,,blob,"Path/blob comparison only; it does not prove functional equivalence, security, or runtime behavior."
patient-web/scripts/extract_prod_advisories.cjs,patient_web,WORKSTATION_ONLY,,blob,"Path/blob comparison only; it does not prove functional equivalence, security, or runtime behavior."
patient-web/scripts/full_parity_audit.py,patient_web,WORKSTATION_ONLY,,blob,"Path/blob comparison only; it does not prove functional equivalence, security, or runtime behavior."
patient-web/scripts/inspect-openapi-gap-contracts.mjs,patient_web,WORKSTATION_ONLY,,blob,"Path/blob comparison only; it does not prove functional equivalence, security, or runtime behavior."
patient-web/scripts/inspect-specialty-count-contract.mjs,patient_web,WORKSTATION_ONLY,,blob,"Path/blob comparison only; it does not prove functional equivalence, security, or runtime behavior."
patient-web/scripts/run-sandbox-contracts.sh,patient_web,WORKSTATION_ONLY,,blob,"Path/blob comparison only; it does not prove functional equivalence, security, or runtime behavior."
patient-web/scripts/summarize_pnpm_audit.py,patient_web,WORKSTATION_ONLY,,blob,"Path/blob comparison only; it does not prove functional equivalence, security, or runtime behavior."
patient-web/scripts/verify-core-routes.sh,patient_web,WORKSTATION_ONLY,,blob,"Path/blob comparison only; it does not prove functional equivalence, security, or runtime behavior."
patient-web/scripts/verify-sandbox-chat-fields.mjs,patient_web,WORKSTATION_ONLY,,blob,"Path/blob comparison only; it does not prove functional equivalence, security, or runtime behavior."
patient-web/scripts/verify-sandbox-diagnostic-fields.mjs,patient_web,WORKSTATION_ONLY,,blob,"Path/blob comparison only; it does not prove functional equivalence, security, or runtime behavior."
patient-web/scripts/verify-sandbox-family-fields.mjs,patient_web,WORKSTATION_ONLY,,blob,"Path/blob comparison only; it does not prove functional equivalence, security, or runtime behavior."
patient-web/scripts/verify-sandbox-home-care-fields.mjs,patient_web,WORKSTATION_ONLY,,blob,"Path/blob comparison only; it does not prove functional equivalence, security, or runtime behavior."
patient-web/scripts/verify-sandbox-medicine-fields.mjs,patient_web,WORKSTATION_ONLY,,blob,"Path/blob comparison only; it does not prove functional equivalence, security, or runtime behavior."
patient-web/scripts/verify-sandbox-notification-fields.mjs,patient_web,WORKSTATION_ONLY,,blob,"Path/blob comparison only; it does not prove functional equivalence, security, or runtime behavior."
patient-web/scripts/verify-sandbox-prescription-fields.mjs,patient_web,WORKSTATION_ONLY,,blob,"Path/blob comparison only; it does not prove functional equivalence, security, or runtime behavior."
patient-web/scripts/verify-sandbox-profile-fields.mjs,patient_web,WORKSTATION_ONLY,,blob,"Path/blob comparison only; it does not prove functional equivalence, security, or runtime behavior."
patient-web/scripts/verify-sandbox-reminder-fields.mjs,patient_web,WORKSTATION_ONLY,,blob,"Path/blob comparison only; it does not prove functional equivalence, security, or runtime behavior."
patient-web/scripts/verify-sandbox-vitals-fields.mjs,patient_web,WORKSTATION_ONLY,,blob,"Path/blob comparison only; it does not prove functional equivalence, security, or runtime behavior."
patient-web/scripts/verify-sandbox-web-appointments.sh,patient_web,WORKSTATION_ONLY,,blob,"Path/blob comparison only; it does not prove functional equivalence, security, or runtime behavior."
patient-web/scripts/verify-sandbox-web-chat.sh,patient_web,WORKSTATION_ONLY,,blob,"Path/blob comparison only; it does not prove functional equivalence, security, or runtime behavior."
patient-web/scripts/verify-sandbox-web-diagnostics.sh,patient_web,WORKSTATION_ONLY,,blob,"Path/blob comparison only; it does not prove functional equivalence, security, or runtime behavior."
patient-web/scripts/verify-sandbox-web-family.sh,patient_web,WORKSTATION_ONLY,,blob,"Path/blob comparison only; it does not prove functional equivalence, security, or runtime behavior."
patient-web/scripts/verify-sandbox-web-home-care.sh,patient_web,WORKSTATION_ONLY,,blob,"Path/blob comparison only; it does not prove functional equivalence, security, or runtime behavior."
patient-web/scripts/verify-sandbox-web-medicines.sh,patient_web,WORKSTATION_ONLY,,blob,"Path/blob comparison only; it does not prove functional equivalence, security, or runtime behavior."
patient-web/scripts/verify-sandbox-web-notifications.sh,patient_web,WORKSTATION_ONLY,,blob,"Path/blob comparison only; it does not prove functional equivalence, security, or runtime behavior."
patient-web/scripts/verify-sandbox-web-order.sh,patient_web,WORKSTATION_ONLY,,blob,"Path/blob comparison only; it does not prove functional equivalence, security, or runtime behavior."
patient-web/scripts/verify-sandbox-web-prescriptions.sh,patient_web,WORKSTATION_ONLY,,blob,"Path/blob comparison only; it does not prove functional equivalence, security, or runtime behavior."
patient-web/scripts/verify-sandbox-web-profile.sh,patient_web,WORKSTATION_ONLY,,blob,"Path/blob comparison only; it does not prove functional equivalence, security, or runtime behavior."
patient-web/scripts/verify-sandbox-web-reminders.sh,patient_web,WORKSTATION_ONLY,,blob,"Path/blob comparison only; it does not prove functional equivalence, security, or runtime behavior."
patient-web/scripts/verify-sandbox-web-vitals.sh,patient_web,WORKSTATION_ONLY,,blob,"Path/blob comparison only; it does not prove functional equivalence, security, or runtime behavior."
patient-web/scripts/verify-truthful-runtime.mjs,patient_web,WORKSTATION_ONLY,,blob,"Path/blob comparison only; it does not prove functional equivalence, security, or runtime behavior."
patient-web/template.json,patient_web,WORKSTATION_ONLY,,blob,"Path/blob comparison only; it does not prove functional equivalence, security, or runtime behavior."
patient-web/tests/appointments-design.test.ts,patient_web,WORKSTATION_ONLY,,blob,"Path/blob comparison only; it does not prove functional equivalence, security, or runtime behavior."
patient-web/tests/articles-design.test.ts,patient_web,WORKSTATION_ONLY,,blob,"Path/blob comparison only; it does not prove functional equivalence, security, or runtime behavior."
patient-web/tests/care-detail-design.test.ts,patient_web,WORKSTATION_ONLY,,blob,"Path/blob comparison only; it does not prove functional equivalence, security, or runtime behavior."
patient-web/tests/design-system.test.ts,patient_web,WORKSTATION_ONLY,,blob,"Path/blob comparison only; it does not prove functional equivalence, security, or runtime behavior."
patient-web/tests/diagnostics-design.test.ts,patient_web,WORKSTATION_ONLY,,blob,"Path/blob comparison only; it does not prove functional equivalence, security, or runtime behavior."
patient-web/tests/family-design.test.ts,patient_web,WORKSTATION_ONLY,,blob,"Path/blob comparison only; it does not prove functional equivalence, security, or runtime behavior."
patient-web/tests/health-design.test.ts,patient_web,WORKSTATION_ONLY,,blob,"Path/blob comparison only; it does not prove functional equivalence, security, or runtime behavior."
patient-web/tests/home-care-design.test.ts,patient_web,WORKSTATION_ONLY,,blob,"Path/blob comparison only; it does not prove functional equivalence, security, or runtime behavior."
patient-web/tests/insurance-design.test.ts,patient_web,WORKSTATION_ONLY,,blob,"Path/blob comparison only; it does not prove functional equivalence, security, or runtime behavior."
patient-web/tests/login-design.test.ts,patient_web,WORKSTATION_ONLY,,blob,"Path/blob comparison only; it does not prove functional equivalence, security, or runtime behavior."
patient-web/tests/login-form.test.tsx,patient_web,WORKSTATION_ONLY,,blob,"Path/blob comparison only; it does not prove functional equivalence, security, or runtime behavior."
patient-web/tests/medicine-catalog-design.test.ts,patient_web,WORKSTATION_ONLY,,blob,"Path/blob comparison only; it does not prove functional equivalence, security, or runtime behavior."
patient-web/tests/medicine-detail-design.test.ts,patient_web,WORKSTATION_ONLY,,blob,"Path/blob comparison only; it does not prove functional equivalence, security, or runtime behavior."
patient-web/tests/mental-health-design.test.ts,patient_web,WORKSTATION_ONLY,,blob,"Path/blob comparison only; it does not prove functional equivalence, security, or runtime behavior."
patient-web/tests/notification-settings-design.test.ts,patient_web,WORKSTATION_ONLY,,blob,"Path/blob comparison only; it does not prove functional equivalence, security, or runtime behavior."
patient-web/tests/notifications-design.test.ts,patient_web,WORKSTATION_ONLY,,blob,"Path/blob comparison only; it does not prove functional equivalence, security, or runtime behavior."
patient-web/tests/order-detail-design.test.ts,patient_web,WORKSTATION_ONLY,,blob,"Path/blob comparison only; it does not prove functional equivalence, security, or runtime behavior."
patient-web/tests/orders-design.test.ts,patient_web,WORKSTATION_ONLY,,blob,"Path/blob comparison only; it does not prove functional equivalence, security, or runtime behavior."
patient-web/tests/premium-brand.test.ts,patient_web,WORKSTATION_ONLY,,blob,"Path/blob comparison only; it does not prove functional equivalence, security, or runtime behavior."
patient-web/tests/premium-motion.test.ts,patient_web,WORKSTATION_ONLY,,blob,"Path/blob comparison only; it does not prove functional equivalence, security, or runtime behavior."
patient-web/tests/prescriptions-design.test.ts,patient_web,WORKSTATION_ONLY,,blob,"Path/blob comparison only; it does not prove functional equivalence, security, or runtime behavior."
patient-web/tests/profile-design.test.ts,patient_web,WORKSTATION_ONLY,,blob,"Path/blob comparison only; it does not prove functional equivalence, security, or runtime behavior."
patient-web/tests/proxy.test.ts,patient_web,WORKSTATION_ONLY,,blob,"Path/blob comparison only; it does not prove functional equivalence, security, or runtime behavior."
patient-web/tests/reminders-design.test.ts,patient_web,WORKSTATION_ONLY,,blob,"Path/blob comparison only; it does not prove functional equivalence, security, or runtime behavior."
patient-web/tests/settings-design.test.ts,patient_web,WORKSTATION_ONLY,,blob,"Path/blob comparison only; it does not prove functional equivalence, security, or runtime behavior."
patient-web/tests/translation-key-parity.test.ts,patient_web,WORKSTATION_ONLY,,blob,"Path/blob comparison only; it does not prove functional equivalence, security, or runtime behavior."
patient-web/tsconfig.json,patient_web,WORKSTATION_ONLY,,blob,"Path/blob comparison only; it does not prove functional equivalence, security, or runtime behavior."
patient-web/vite.config.ts,patient_web,WORKSTATION_ONLY,,blob,"Path/blob comparison only; it does not prove functional equivalence, security, or runtime behavior."
patient-web/vitest.config.ts,patient_web,WORKSTATION_ONLY,,blob,"Path/blob comparison only; it does not prove functional equivalence, security, or runtime behavior."
provider,provider,WORKSTATION_ONLY,,blob,"Path/blob comparison only; it does not prove functional equivalence, security, or runtime behavior."
todo.md,root_or_other,MAIN_ONLY,blob,,"Path/blob comparison only; it does not prove functional equivalence, security, or runtime behavior."
web_admin_dashboard.zip,root_or_other,MAIN_ONLY,blob,,"Path/blob comparison only; it does not prove functional equivalence, security, or runtime behavior."
