confirmed_root_label	raw_ids	final_root_id	exact_evidence	cause_statement	business_rule	owner	derived_ids	disposition	reviewer_note
CONFIRMED_ROOT_ADMIN_PII_GOVERNANCE_DEFECT_BANS_RAW_UNBOUNDED_IDENTIFIER_REASON_LIST_NO_PROJECTION_PAGINATION_RETENTION	F-289	R-21G	src/modules/bans/bans.controller.ts:30–34	Admin ban listing returns raw identifier/reason records without minimum redacted projection, bounded pagination/cursor, purpose/audit or retention controls.	Privileged enforcement uses a typed canonical subject identity including ban type/value, versioned idempotent transition, scoped expiry/revocation and immutable actor/reason audit with durable event/session-revocation reconciliation. Admin enforcement views are role/purpose-scoped minimum redacted projections with bounded cursor/retention; raw identifiers and reasons are never an unbounded default list.	Security Enforcement + Admin Governance + Privacy	NONE_FOUND_AFTER_TARGETED_SEARCH	FINAL_MAPPED	Manual mapping from frozen backend archive. Existing canonical ban/approval/suspension lifecycle mapping remains unchanged. No ban, identifier, admin list, session revocation or runtime operation was accessed.
CONFIRMED_ROOT_AI_PROVIDER_GOVERNANCE_DEFECT_FALLBACK_PINNING_NO_FEATURE_DATA_CLASS_CONSENT_RESIDENCY_SAFETY_EQUIVALENCE_POLICY	F-227	R-17A	src/modules/ai/ai-gateway.service.ts:129–176	AI feature processing lacks explicit subject/owner/purpose authorization, consented/redacted external-data policy, provider feature/class/residency safety equivalence and truthful typed unavailable/provenance outcome.	AI use is a policy-authorized purpose-bound operation with data minimization/redaction/consent/retention/residency controls; provider selection/fallback is feature/class/safety governed and results carry typed availability and provenance rather than fabricated empty success.	AI Platform + Clinical Privacy + Security	NONE_FOUND_AFTER_TARGETED_SEARCH	FINAL_MAPPED	Manual mapping; AI quota ledger is R-05E and provider secret storage/rotation is a security/configuration root.
CONFIRMED_ROOT_AMBULANCE_FLEET_MUTATION_VALIDATION_VERSION_IDEMPOTENCY_AUDIT_DEFECT	F-450	R-10A	src/modules/emergency/ambulance-fleet.controller.ts:24–58	Emergency dispatch and ambulance fleet handling can report success after failed dispatch, use unbounded/stale matching, permit mixed state mutation and accept unvalidated location/fleet changes without durable history/version/audit.	Emergency requests and fleet transitions are server-authoritative versioned commands with validated fresh location/availability, bounded dispatch scoring, atomic assignment/handover history, explicit failure/retry and immutable audit; no client or swallowed failure confirms dispatch.	Emergency/Ambulance Operations	F-444	FINAL_MAPPED	Manual mapping; provider authorization, telemetry privacy, notifications and event durability are separate dependencies.
CONFIRMED_ROOT_ANALYTICS_SECURITY_DEFECT_MEDICINES_PUBLIC_UNVERIFIED_JWT_IDENTITY_ATTRIBUTION	F-123	R-12B	src/modules/medicines/medicines.controller.ts:34–42 ; src/modules/medicines/medicines.service.ts:169–179,682–688	Public medication analytics attributes activity to unverified JWT identity.	Public medication discovery is anonymous by default; any user attribution requires verified authenticated identity, purpose/consent, minimum event fields and privacy-safe analytics.	Public Discovery + Privacy	NONE_FOUND_AFTER_TARGETED_SEARCH	FINAL_MAPPED	Manual public discovery/privacy root; no public endpoint, identity or analytics data was accessed.
CONFIRMED_ROOT_ANALYTICS_TRUTH_DEFECT_ADMIN_HEATMAP_SOS_HOME_VISIT_COLLAPSED_HOME_CARE_SOURCE_TAXONOMY	F-402	R-21E	src/modules/admin-web-core/controllers/analytics.controller.ts:40–56	Administrative heatmap exposes sensitive emergency/home demand without k-anonymity/suppression/audit, suppresses source failures, permits unbounded coordinate load and lacks range/precision/taxonomy contracts.	Location analytics use minimum aggregated k-anonymous/suppressed data with purpose-scoped audit, bounded server-side aggregation/query budgets, validated spatial range/precision and canonical source taxonomy; source failure is explicit rather than represented as live/empty truth.	Analytics/Data Platform + Privacy	NONE_FOUND_AFTER_TARGETED_SEARCH	FINAL_MAPPED	Manual mapping; no heatmap, location, database or runtime data was accessed.
CONFIRMED_ROOT_API_CONTRACT_DEFECT_FEATURE_FLAGS_PUBLIC_ADMIN_RAW_PERSISTENCE_DOCUMENT_NO_STABLE_DTO_PROJECTION	F-372	R-22A	src/modules/feature-flags/feature-flags.service.ts:19–20	Public and admin reads expose raw persistence documents rather than stable role-appropriate DTO projections.	Feature flags are a governed release control plane: public clients receive only an allowlisted stable DTO; mutations are constrained to a registry and protected by version/CAS, idempotency, actor/reason audit and outbox; targeting, staged rollout, kill switch, dependency compatibility and safe client defaults are server-governed.	Platform Configuration / Release Governance	NONE_FOUND_AFTER_TARGETED_SEARCH	FINAL_MAPPED	Manual mapping from baseline archive source. F-373 is an independently rejected guard-registration false positive, not a derived defect; no flag database, client startup, audit or runtime service was accessed.
CONFIRMED_ROOT_API_CONTRACT_DEFECT_MEDICINES_LOCALE_UNVALIDATED_UNSUPPORTED_SILENT_RAW_OUTPUT	F-1056	R-06A1	src/modules/medicines/med-i18n.ts:10–19,162–179	Locale contract accepts an unvalidated internal DB-language value and silently returns raw output for unsupported values instead of a stable negotiated API result.	Medication catalog localization is sourced from approved versioned per-locale clinical/commercial catalog fields and coded vocabulary. Dosage form, strength, units and category facts are never heuristic translation truth. The resolved locale/fallback and translation provenance are explicit in a stable DTO; unsupported locales are rejected or negotiated by policy. Publication completeness is a separate product decision.	Medication Catalog Governance + Clinical Safety + Localization	F-1057	FINAL_MAPPED	Manual mapping from frozen backend archive. F-1049/F-1052 remain rejected false positives; F-1050 and F-1057 publication/parity matters remain separated as classified. No catalog, medicine, translation, client or runtime operation was accessed.
CONFIRMED_ROOT_API_DELEGATED_BOOKING_CONTRACT_DEFECT_CARE_SERVICE_SUPPORTS_FOR_MEMBER_ID_DTO_OMITS_VALIDATED_DOCUMENTED_FIELD	F-547	R-08B	src/modules/care/appointments.dto.ts:17–60 ; src/modules/care/appointments.service.ts:71–78	Family delegated-health actions lack a single authoritative capability/consent contract for target membership, scope, expiry/revocation, audit, state/idempotency and bounded emergency/calendar/booking delegation.	Every delegated family action verifies an active recipient/target capability with explicit scope, purpose, expiry/revocation and audit; consent/membership state transitions are idempotent, and health, calendar, emergency-contact and booking references are minimized and server-authoritative.	Family Platform + Care + Clinical Privacy	F-012,F-043,F-045,F-508,F-511	FINAL_MAPPED	Manual mapping; family chat F-052/F-308/F-313/F-934 and home search F-252 are intentionally excluded for their own roots.
CONFIRMED_ROOT_API_GOVERNANCE_DEFECT_MEDICINES_DUPLICATE_ADMIN_CATALOG_ROUTE_DIFFERENT_LIFECYCLE	F-119	R-12A	src/modules/medicines/medicines.controller.ts:246–250,305–308 ; src/modules/medicines/medicines.service.ts:843–860,1389–1418	Medication catalog has duplicate admin route/lifecycle and accepts raw mutation bodies without strict typed command/idempotency.	Medication catalog administration has one canonical versioned route/command lifecycle with typed allowlisted validation, idempotency/CAS, authorized actor/audit and authoritative catalog provenance.	Medication Catalog Governance	NONE_FOUND_AFTER_TARGETED_SEARCH	FINAL_MAPPED	Manual catalog governance root; no medicine catalog or admin command was accessed.
CONFIRMED_ROOT_APPOINTMENT_SLOT_ATOMICITY_DEFECT_CARE_OVERLAP_LOOKUP_THEN_CREATE_NO_ATOMIC_RESERVATION_CAPACITY_TRANSITION	F-543	R-03A	src/modules/care/appointments.service.ts:108–118,143–187	Slot creation, lock, reschedule and release lack a unified provider/facility-timezone-aware atomic capacity reservation lifecycle with truthful expiry/reconciliation.	A service slot is server-owned and must validate provider/facility/kind/interval/timezone/capacity; reserve, confirm, release, expire and reschedule via versioned idempotent transitions, then bind payment/insurance confirmation only after the applicable rule.	Booking Platform + Care/Home-care/Service Catalog	F-545,F-678,F-714,F-1490	FINAL_MAPPED	Manual mapping; payment and insurance confirmation remain dependencies, not a client slot field.
CONFIRMED_ROOT_ARCHITECTURE_DEFECT_RULE_ENGINE_NOT_ENFORCED	F-921	R-21A	src/modules/business-rules/business-rules.module.ts:2–7,142–163	Business-rules policy evaluation trusts caller context, lacks persisted/versioned surge/eligibility/capability authority and fail-closed missing/invalid inputs, can issue nonauthoritative pricing/payment results, and lacks admin separation/concurrency/redacted projection enforcement.	Business policy evaluation receives authoritative typed context only, is versioned/persisted and concurrency-safe, fails closed for unknown/missing eligibility/capability/payment inputs, returns bounded/redacted explainable results, and is enforced at owning commands with separated policy administration.	Business Policy Platform + Domain Owners	NONE_FOUND_AFTER_TARGETED_SEARCH	FINAL_MAPPED	Manual mapping; insurance, payment, pricing, provider capability and booking aggregates retain authority for their own decisions and settlements.
CONFIRMED_ROOT_ASSET_SAFETY_DEFECT_INSURANCE_LOGO_HASH_ONLY_NO_MIME_DIMENSION_SOURCE_IDENTITY_VALIDATION	F-1823	R-04D	scripts/publish-insurance-logo-assets.ts:24–29	Insurance-logo publication lacks approved target/operator binding, signed/versioned schema-valid manifest, source licensing/identity and asset safety validation, safe origin path policy, versioned object rollback, atomic object/catalog linkage, result assertion and immutable review/audit/release idempotency.	Insurance public assets are published only from approved target-bound signed/versioned manifests; source licence/identity and file MIME/dimensions are validated, object/catalog updates are versioned/reconcilable/rollbackable, public origin is allowlisted, and each operator/review/revision/result is immutable and auditable.	Insurance Catalog + Release/Data Governance + Media	NONE_FOUND_AFTER_TARGETED_SEARCH	FINAL_MAPPED	Manual mapping; no script, S3/object store, manifest, logo, catalog or deployment action was performed.
CONFIRMED_ROOT_AUDIT_DEFECT_ADMIN_COMMAND_CENTER_DETAIL_PARAM_VALIDATION_PURPOSE_READ_AUDIT	F-1019	R-21C	src/modules/admin-command-center/admin-command-center.module.ts:147–154	Admin command center combines operational state from heterogeneous sources without verified scope/freshness/completeness/confidence, canonical identity resolution, purpose-safe PHI/payment projections, redacted failure snapshots or audited bounded detail reads.	Admin command center is a read-model only: it resolves canonical identities and source metadata, presents explicit freshness/completeness/confidence/stuck state, enforces provider/admin/purpose scope, exposes minimum redacted PHI/payment details and validates/audits bounded detail requests; it never creates domain truth.	Admin Operations + Privacy + Domain Owners	NONE_FOUND_AFTER_TARGETED_SEARCH	FINAL_MAPPED	Manual mapping; finance, clinical, booking, provider and identity aggregates retain source-of-truth ownership and mutation authority.
CONFIRMED_ROOT_AUDIT_DEFECT_ADMIN_EVENTS_SENSITIVE_READ_AUDIT_TRAIL	F-3033	R-09C	src/modules/events/events.controllers.ts:12–29	Administrative event/trace reads lack typed normalized event/entity filters, finite time/limit/cursor/order/timeout bounds, cross-domain purpose scope, redacted before/after metadata and sensitive-read audit trail.	Event administration uses allowlisted typed normalized filters, stable bounded cursor/time/query contract, actor/purpose/domain scope, minimum redacted metadata and immutable sensitive-read audit; it is a read surface, not event production authority.	Event Platform + Admin Privacy/Security	NONE_FOUND_AFTER_TARGETED_SEARCH	FINAL_MAPPED	Manual mapping; durable domain event/outbox lifecycle remains R-09A/R-16 and no event query or runtime operation was run.
CONFIRMED_ROOT_AUDIT_DEFECT_ADMIN_OVERRIDE_DUAL_CONTROL_TICKET_IMMUTABLE_EVENT_DURABILITY	F-800	R-21G	src/modules/patient-ux/patient-ux.module.ts:204–215,229–240,255–267	Admin overrides lack dual-control ticket and immutable event durability.	Privileged overrides require dual approval, scoped ticket, immutable actor/reason/event record and reconciliation.	Admin Authority + Security	NONE_FOUND_AFTER_TARGETED_SEARCH	FINAL_MAPPED	Manual admin-override root.
CONFIRMED_ROOT_AUDIT_DEFECT_HOSPITAL_STAFF_PRIVILEGED_MUTATION_ACTOR_REASON_EVENT_DURABILITY	F-3809	R-23C	src/modules/hospital-staff/hospital-staff.module.ts:47–80	Hospital staff onboarding/maintenance lacks verified credential/qualification/approval, owner-account and permission invariants, fee provenance, typed commands, MFA/session/offboarding lifecycle, idempotency and purpose-safe audit projections.	Hospital staff records bind a verified qualified identity to one authoritative owner account and allowlisted permissions; credential approval, fee/currency provenance, typed commands, MFA/reset/revocation, suspension/offboarding, assignment retention, idempotency and immutable actor/reason audit are enforced.	Hospital Staff Operations + Security/Privacy	F-3800	FINAL_MAPPED	Manual mapping; payment settlement, clinical scheduling and external credential verification execution remain separate dependencies/gates.
CONFIRMED_ROOT_AUDIT_DEFECT_INSURANCE_LOGO_MUTABLE_LINK_NO_IMMUTABLE_OPERATOR_REVIEW_VERSION_HISTORY	F-1827	R-04D	scripts/publish-insurance-logo-assets.ts:43–49	Insurance-logo publication lacks approved target/operator binding, signed/versioned schema-valid manifest, source licensing/identity and asset safety validation, safe origin path policy, versioned object rollback, atomic object/catalog linkage, result assertion and immutable review/audit/release idempotency.	Insurance public assets are published only from approved target-bound signed/versioned manifests; source licence/identity and file MIME/dimensions are validated, object/catalog updates are versioned/reconcilable/rollbackable, public origin is allowlisted, and each operator/review/revision/result is immutable and auditable.	Insurance Catalog + Release/Data Governance + Media	NONE_FOUND_AFTER_TARGETED_SEARCH	FINAL_MAPPED	Manual mapping; no script, S3/object store, manifest, logo, catalog or deployment action was performed.
CONFIRMED_ROOT_AUDIT_DEFECT_NOTIFICATION_CAMPAIGN_CANCEL_REASON_ACTOR_VERSION_IDEMPOTENCY	F-863	R-09B	src/modules/admin-notification-center/admin-notification-center.module.ts:215–220,401–407	Notification preferences, campaign/reminder commands and delivery/read outcomes lack a unified approved-audience/template/link, atomic claim/idempotency, provider receipt/failure and privacy-safe analytics contract.	Notification commands use consent/preference/suppression-aware authoritative audience snapshots, approved localized templates and scoped links; campaigns/reminders are idempotent leased jobs with durable attempts/receipts/read outcomes, bounded analytics and actor/reason audit.	Notifications + Admin Operations + Patient Mobile	F-032,F-154,F-167,F-871,F-906,F-1496,F-1497,F-1498	FINAL_MAPPED	Manual mapping; OTP/mail/SMS transport, chat/realtime and domain event production are deliberately excluded for separate roots.
CONFIRMED_ROOT_AUDIT_DEFECT_OTP_ISSUANCE_MAIL_DELIVERY_PRIVACY_SAFE_CORRELATION	F-1124	R-01A	src/modules/notifications/processors/mail.processor.ts:9–18	OTP mail delivery job lacks privacy-safe correlation from authenticated issuance challenge through queued attempt, provider outcome, expiry/attempt/cancellation state and audit.	OTP authentication uses a server-owned challenge with normalized destination and issuer/purpose, one-time code hash, expiry/attempt/cancellation enforcement, idempotent delivery command and privacy-safe correlation/audit. Delivery transport is a dependency, not authentication success.	Identity/Auth + Notification Platform	F-1125	FINAL_MAPPED	Manual mapping from frozen backend archive. F-1118/F-1123 and F-1119 remain existing OTP mappings; F-1122 DLQ configuration/redaction/retention remains a runtime verification gate and F-1126 remains rejected. No OTP, mail queue, recipient, provider or runtime service was accessed.
CONFIRMED_ROOT_AUDIT_DEFECT_PROVIDER_JOB_ACTOR_ROLE_PROVENANCE	F-1276	R-16G	src/modules/provider-jobs/provider-jobs.module.ts:188–210	Provider job queues can expose excess clinical/contact data, fabricate commercial defaults, use global unbounded pagination, lack actor/role provenance and accept weak command identifier/reason input.	Provider job queues use minimum necessary clinical/contact DTOs, authoritative commercial fields, bounded scoped pagination, verified actor/role provenance and typed validated idempotent command reasons with audit.	Provider Jobs + Clinical Privacy + Workflow	NONE_FOUND_AFTER_TARGETED_SEARCH	FINAL_MAPPED	Manual provider-jobs root; queue execution and runtime workers were not accessed.
CONFIRMED_ROOT_AUDIT_DEFECT_SERVICE_CATALOG_APPROVAL_STATE_REASON_VERSION_IDEMPOTENCY	F-711	R-12A	src/modules/service-catalog/service-catalog.module.ts:130–136,199–202	Service catalog commands lack a single typed allowlisted owner/version/approval/schedule/publication lifecycle with immutable-field and projection controls.	Catalog entries use typed entity/owner/field rules, explicit capability/approval/reason/version/idempotency, bounded schedule semantics, immutable patch/delete protections and least-data admin/public projections; publication follows a durable reconciled lifecycle.	Service Catalog + Provider Governance	F-612,F-715,F-717,F-937,F-949,F-2834	FINAL_MAPPED	Manual mapping; provider/facility authorization F-709 and slot/timezone F-713 remain in R-02/R-03 dependencies.
CONFIRMED_ROOT_AUDIT_OPERATIONS_DEFECT_RECONCILIATION_NO_DURABLE_JOB_CHECKPOINT_APPROVAL	F-703	R-16F	src/modules/consistency/consistency.module.ts:126–157	Consistency reconciliation uses weak duplicate/invariant/stuck heuristics, lacks bounded coverage/cursor and SLA recovery, and has no durable approved checkpointed job lifecycle.	Consistency work uses explicit per-domain invariants and overlap confidence, bounded resumable coverage, time/SLA recovery classification, durable checkpointed approved jobs and immutable reconciliation evidence; it never infers or changes truth silently.	Platform Reliability + Domain Owners	NONE_FOUND_AFTER_TARGETED_SEARCH	FINAL_MAPPED	Manual reconciliation root; source aggregate state remains authoritative and no job was run.
CONFIRMED_ROOT_AUTHENTICATED_UNVERIFIED_DIAGNOSTIC_CALLBACK_DEFECT_JWT_ONLY_RAW_URL_APPOINTMENT_NO_SIGNED_SENDER_LINKAGE_IDEMPOTENCY	F-551	R-07A7	src/modules/care/doctor-referrals.controller.ts:94–114	Diagnostic callback accepts raw appointment ID/file URLs with no signed sender/service identity, referral/appointment state linkage, safe asset provenance, replay/idempotency or durable notification outcome.	Clinical referral issuance verifies the active clinician role/credential, appointment and patient encounter relationship, typed bounded requested services/clinical input, version/CAS idempotency and immutable clinician/actor/reason audit. Diagnostic return uses an authenticated authorized sender/capability bound to the referral and encounter, approved safe asset references with provenance, idempotent status transition/outbox/reconciliation and purpose-scoped PHI notification; no callback or URL is delivery or clinical-result truth by itself.	Clinical Referrals + Diagnostic Integration + Privacy	NONE_FOUND_AFTER_TARGETED_SEARCH	FINAL_MAPPED	Manual mapping from frozen backend archive. Commercial referral/loyalty roots are unrelated. No referral, appointment, patient, diagnostic file, sender credential, notification or runtime operation was accessed.
CONFIRMED_ROOT_AUTHORIZATION_DATA_PURPOSE_DEFECT_AI_FEATURE_ROUTES_NO_EXPLICIT_SUBJECT_OWNER_PURPOSE_ROLE_CONTRACT_BEYOND_JWT	F-223	R-17A	src/modules/ai/ai.controller.ts:65–168 ; src/modules/ai/ai.service.ts:134–216,260–337	AI feature processing lacks explicit subject/owner/purpose authorization, consented/redacted external-data policy, provider feature/class/residency safety equivalence and truthful typed unavailable/provenance outcome.	AI use is a policy-authorized purpose-bound operation with data minimization/redaction/consent/retention/residency controls; provider selection/fallback is feature/class/safety governed and results carry typed availability and provenance rather than fabricated empty success.	AI Platform + Clinical Privacy + Security	NONE_FOUND_AFTER_TARGETED_SEARCH	FINAL_MAPPED	Manual mapping; AI quota ledger is R-05E and provider secret storage/rotation is a security/configuration root.
CONFIRMED_ROOT_AUTHORIZATION_DEFECT_B2B_LIST_ANY_JWT_NO_ROLE_ORGANIZATION_REQUEST_SCOPE	F-403	R-21K	src/modules/admin-governance/b2b.controller.ts:8–22	B2B request list/decision can bypass role/organization/request scope, versioned current-state CAS/idempotency/maker-checker/audit, bounded/redacted note/document projections and canonical organization quote/price/currency authority.	B2B requests are organization-scoped and role/purpose-authorized; approve/reject uses current-state CAS/idempotency, maker-checker and immutable actor/reason audit; notes/documents are bounded/redacted/retained by policy, lists are paginated/minimum/degraded-aware, and commercial status derives from canonical quote/price/currency authority.	B2B/Commercial Operations + Privacy	NONE_FOUND_AFTER_TARGETED_SEARCH	FINAL_MAPPED	Manual mapping; no B2B request, commercial record, note, API or runtime operation was accessed.
CONFIRMED_ROOT_AUTHORIZATION_DEFECT_CHAT_PERMISSIONS_EVALUATES_THREAD_FAMILY_BOOKING_BEFORE_PARTICIPANT_ASSERTION	F-308	R-18B	src/modules/chat/chat.module.ts:24–41	Chat/family/appointment communication trusts client participant/sender state, permits arbitrary membership, lacks relationship/booking fail-closed checks, durable message/unread/replay lifecycle and bounded safe content/media policy.	Chat members are server-verified against active family/booking/appointment relationships and invitation/owner policy; commands are typed, idempotent and durable with participant/state audit, minimum PHI projection/retention, bounded media/content controls and authoritative closure/read lifecycle.	Chat/Communication + Clinical Privacy	F-070,F-312,F-729,F-1493	FINAL_MAPPED	Manual mapping; notification templates/delivery and safe media storage are shared dependencies, not merged causes.
CONFIRMED_ROOT_AUTHORIZATION_DEFECT_COMMUNITY_ADMIN_MODERATION_NO_EXPLICIT_ROLE_ACTOR_AUDIT	F-199	R-19A	src/modules/community/community.controller.ts:51–61	Community admin moderation endpoint lacks explicit privileged role/step-up reviewer binding, reason, transition policy and immutable actor/outcome audit.	Community actions are server-authorized trust workflows: posts/comments/live sessions use typed bounded sanitized content, approved safe-media/stream references, owned host/member relationships, explicit state transitions and minimum public projection. Moderation requires privileged step-up reviewer role, reason, immutable actor/outcome audit, appeal/reconciliation and idempotent commands; anonymous UI mode never removes server accountability.	Community Trust & Safety + Security/Privacy	NONE_FOUND_AFTER_TARGETED_SEARCH	FINAL_MAPPED	Manual mapping from frozen backend archive. F-198 remains an independently rejected missing-user guard false positive. No community post, comment, session, stream, moderation action or runtime operation was accessed.
CONFIRMED_ROOT_AUTHORIZATION_DEFECT_COTURN_ANY_JWT_CREDENTIAL_ISSUANCE_NO_CALL_SESSION_PARTICIPANT_PURPOSE_ACCOUNT_SCOPE	F-585	R-18C	src/modules/coturn/coturn.controller.ts:5–18 ; src/modules/coturn/coturn.service.ts:52–67	Video/call and TURN credentials lack verified call/participant/session binding, signed webhook acceptance, safe credential issuance/rotation, call-state/idempotency and privacy-safe metrics/admin projection lifecycle.	Call access and TURN credentials are issued only for an authorized active participant/session with audience/expiry/one-time/no-store controls; webhook and remote actions are verified/idempotent, state/attendance is authoritative and metrics/admin views are minimized/audited/retained by policy.	Calls/LiveKit/TURN + Security/Privacy	F-353,F-627,F-628,F-629,F-630,F-631	FINAL_MAPPED	Manual mapping; runtime TURN/LiveKit connectivity and credential rotation remain external verification gates.
CONFIRMED_ROOT_AUTHORIZATION_DEFECT_CUSTOM_SERVICES_ADMIN_LIST_NO_ROLE_ACTOR_PROVIDER_ORG_SCOPE	F-599	R-02A	src/modules/custom-services/custom-services.controller.ts:16–18 ; src/modules/custom-services/custom-services.service.ts:50–56	Privileged provider/admin commands and reads rely on JWT or broad role context without a consistently verified role, organization/facility assignment, resource relationship, purpose, state and actor/reason audit boundary.	Every privileged provider/admin read or mutation is deny-by-default and verifies active role, organization/facility assignment, resource relationship, purpose and command state; sensitive actions carry immutable actor/reason audit and bounded projections.	Identity/Authorization + Provider Operations + Admin Governance	F-606,F-679,F-681,F-683,F-875,F-878,F-880,F-883,F-887	FINAL_MAPPED	Manual mapping; finance/legal/facility/clinical/realtime/release authorization labels remain intentionally owned by their specialized roots with R-02A dependency where applicable.
CONFIRMED_ROOT_AUTHORIZATION_DEFECT_PROVIDER_DELTA_MODERATION_NO_ROLE_PERMISSION_STEPUP_ACTOR_BOUNDARY	F-385	R-21L	src/modules/admin-web-core/controllers/provider-moderation.controller.ts:8–14,44–118	Provider-delta moderation lacks privileged role/permission/step-up actor boundary, minimum masked list, canonical profile target, atomic apply/status/event, durable cleanup, CAS/idempotency/reviewer audit and truthful zero-apply/downstream outcome.	Provider moderation uses a step-up authorized reviewer and canonical provider target, masked/bounded PII views, versioned CAS/idempotent review commands, atomic profile-apply/status/outbox where possible, durable cleanup/reconciliation and immutable reviewer/reason/outcome audit.	Provider Onboarding/Moderation + Privacy/Security	NONE_FOUND_AFTER_TARGETED_SEARCH	FINAL_MAPPED	Manual mapping; storage mechanics remain R-22C and provider onboarding draft lifecycle remains R-21D. No moderation or storage action was performed.
CONFIRMED_ROOT_AVAILABILITY_DATA_CONTRACT_DEFECT_NUTRITION_UNBOUNDED_HISTORY_NO_PROJECTION_TIMEZONE_UNDECLARED	F-431	R-07C	src/modules/nutrition/nutrition.service.ts:29–35,134–142,155–163,181–188	Nutrition profile/log commands lack idempotency/replay/audit, expose broad allergy/restriction/measurement data and unbounded history, use inefficient unbounded daily reads and present user-entered macro/exercise values without self-reported provenance.	Nutrition data uses authorized typed idempotent profile/log commands with audit; data is minimum purpose-scoped projection, history is time-zone declared and bounded, summaries use bounded aggregate computation, and user-entered nutrition/exercise values are explicitly self-reported rather than clinical truth.	Patient Health Profile + Privacy	NONE_FOUND_AFTER_TARGETED_SEARCH	FINAL_MAPPED	Manual mapping; no nutrition, allergy, restriction, measurement or health data was accessed.
CONFIRMED_ROOT_AVAILABILITY_DEFECT_ADMIN_HEATMAP_UNBOUNDED_THIRTY_DAY_COORDINATE_LOAD_NO_DB_AGGREGATION_CAP	F-400	R-21E	src/modules/admin-web-core/controllers/analytics.controller.ts:40–58	Administrative heatmap exposes sensitive emergency/home demand without k-anonymity/suppression/audit, suppresses source failures, permits unbounded coordinate load and lacks range/precision/taxonomy contracts.	Location analytics use minimum aggregated k-anonymous/suppressed data with purpose-scoped audit, bounded server-side aggregation/query budgets, validated spatial range/precision and canonical source taxonomy; source failure is explicit rather than represented as live/empty truth.	Analytics/Data Platform + Privacy	NONE_FOUND_AFTER_TARGETED_SEARCH	FINAL_MAPPED	Manual mapping; no heatmap, location, database or runtime data was accessed.
CONFIRMED_ROOT_AVAILABILITY_DEFECT_PRESENCE_BULK_UNBOUNDED_ARBITRARY_USER_IDS_PROMISE_ALL	F-333	R-18D	src/modules/presence/presence.service.ts:75–77	Presence service has non-atomic multi-device disconnect transitions, discloses online/last-seen/device count without relationship/purpose policy, permits unbounded arbitrary bulk lookups and reports Redis outage as offline/zero truth.	Presence uses atomic device/session lifecycle, explicit relationship/purpose/consent minimum projection, bounded scoped bulk access and an explicit unavailable/degraded state when Redis cannot establish authoritative presence; it never fabricates offline/zero.	Realtime Platform + Privacy + Reliability	NONE_FOUND_AFTER_TARGETED_SEARCH	FINAL_MAPPED	Manual mapping; Redis/presence runtime behavior remains an external verification gate and no user presence data was accessed.
CONFIRMED_ROOT_AVAILABILITY_DEFECT_PUBLIC_ARTICLE_UNESCAPED_UNBOUNDED_MONGO_REGEX_SEARCH	F-555	R-12B	src/modules/articles/articles.module.ts:23–32	Public and cross-domain discovery searches lack consistent bounded/escaped query, sensitivity, verified-publication, minimum projection and retention contracts.	Discovery/search inputs are typed, escaped and resource-bounded; results are from verified/publication-authorized entities only, return minimum public DTOs, protect sensitive terms and apply pagination/cursor/retention/audit policy.	Public Discovery/Search + Privacy	NONE_FOUND_AFTER_TARGETED_SEARCH	FINAL_MAPPED	Manual mapping; admin directory, recruitment, ratings and other vertical searches remain specialized roots.
CONFIRMED_ROOT_AVAILABILITY_DEFECT_SYSTEM_HEALTH_REAL_PROBE_NO_EXPLICIT_DEADLINE_BUDGET_CACHE_RATE_POLICY	F-531	R-15A	src/modules/system-health/system-health.controller.ts:13–26,29–36	Health/readiness surfaces conflate liveness and readiness, report static/fake Redis success or lack dependency deadlines, degraded truth and redacted failure evidence.	Readiness is a measured dependency-aware contract separate from liveness, with explicit criticality, deadline/budget, safe degraded state, redacted evidence and no fake fallback PONG/always-OK result.	Platform Operations/SRE	F-165,F-530,F-1325	FINAL_MAPPED	Manual mapping; actual dependency availability remains a controlled runtime verification gate.
CONFIRMED_ROOT_AVAILABILITY_OBSERVABILITY_DEFECT_OPS_OVERVIEW_REDIS_SCAN_PRESENCE_SESSION_KEYSPACE_NO_COUNTER_BUDGET_DEGRADED_TRUTH	F-521	R-21C	src/modules/ops/ops.controller.ts:24–50	Ops overview scans Redis presence/session keyspaces with a large ad hoc cap and converts unavailable data to empty counts without cost budget or explicit degraded/completeness truth.	Admin operations is a read model, not readiness or domain truth: it uses bounded canonical source queries/cursors and identity contracts, shows explicit source/freshness/completeness/degraded/unknown status, preserves global ordering semantics, enforces purpose/retention limits and exposes redacted minimum projections with audited detail access. Missing or failed sources may never be represented as zero/success.	Admin Operations + SRE + Privacy + Domain Owners	NONE_FOUND_AFTER_TARGETED_SEARCH	FINAL_MAPPED	Manual mapping from frozen backend archive. This is operational read-model truth only; readiness and Redis runtime behavior remain separate gates. No Redis, MongoDB, ops data, audit data or runtime endpoint was accessed.
CONFIRMED_ROOT_AVAILABILITY_ORDERING_DEFECT_TIMELINE_PER_KIND_RAW_LIMIT_FANOUT_UNBOUNDED_REMINDER_EXPANSION_FINAL_SLICE	F-244	R-21C	src/modules/timeline/timeline.service.ts:105–121,321–366	Patient timeline fans out unbounded per-kind raw reads/reminders, defaults unknown domain status to active and merges independent models without snapshot/materialized-event provenance.	Timeline is a minimum purpose-scoped read model with bounded canonical query/order/cursor, explicit unknown/unavailable status, and a versioned snapshot/materialized-event contract with source/freshness/partial evidence; it never becomes domain truth.	Operational Read Models + Privacy	NONE_FOUND_AFTER_TARGETED_SEARCH	FINAL_MAPPED	Manual mapping; booking/finance/clinical source aggregates remain authoritative and no timeline or patient data was accessed.
CONFIRMED_ROOT_AVAILABILITY_PRIVACY_DEFECT_B2B_UNBOUNDED_GLOBAL_LIST_NO_PROJECTION_FILTER_PAGINATION_DEGRADED_CONTRACT	F-408	R-21K	src/modules/admin-governance/b2b.controller.ts:15–22	B2B request list/decision can bypass role/organization/request scope, versioned current-state CAS/idempotency/maker-checker/audit, bounded/redacted note/document projections and canonical organization quote/price/currency authority.	B2B requests are organization-scoped and role/purpose-authorized; approve/reject uses current-state CAS/idempotency, maker-checker and immutable actor/reason audit; notes/documents are bounded/redacted/retained by policy, lists are paginated/minimum/degraded-aware, and commercial status derives from canonical quote/price/currency authority.	B2B/Commercial Operations + Privacy	NONE_FOUND_AFTER_TARGETED_SEARCH	FINAL_MAPPED	Manual mapping; no B2B request, commercial record, note, API or runtime operation was accessed.
CONFIRMED_ROOT_BACKUP_CRYPTOGRAPHIC_PROVENANCE_RETENTION_DEFECT	F-1875	R-15D	scripts/db-backup-restore.sh:21–34	Backup/restore tooling lacks target safety, protected content-addressed retention/provenance, restore authorization/archive compatibility, verification/recovery and access audit lifecycle.	Backups are encrypted protected artifacts with provenance/retention and access audit; restore is separately authorized, target-bound, compatibility/integrity-verified, rehearsed in isolation and produces recovery evidence.	SRE + Data Protection	F-1876,F-1877,F-1881,F-1883,F-1884,F-1885,F-1887	FINAL_MAPPED	Manual mapping; no backup, restore or destructive operation was performed.
CONFIRMED_ROOT_BACKUP_PII_ACCESS_AUDIT_LIFECYCLE_DEFECT	F-1882	R-15D	scripts/db-backup-restore.sh:1–60	Backup/restore tooling lacks target safety, protected content-addressed retention/provenance, restore authorization/archive compatibility, verification/recovery and access audit lifecycle.	Backups are encrypted protected artifacts with provenance/retention and access audit; restore is separately authorized, target-bound, compatibility/integrity-verified, rehearsed in isolation and produces recovery evidence.	SRE + Data Protection	F-1876,F-1877,F-1881,F-1883,F-1884,F-1885,F-1887	FINAL_MAPPED	Manual mapping; no backup, restore or destructive operation was performed.
CONFIRMED_ROOT_BACKUP_PII_ARTIFACT_PROTECTION_DEFECT	F-1874	R-15D	scripts/db-backup-restore.sh:6,21–27	Backup/restore tooling lacks target safety, protected content-addressed retention/provenance, restore authorization/archive compatibility, verification/recovery and access audit lifecycle.	Backups are encrypted protected artifacts with provenance/retention and access audit; restore is separately authorized, target-bound, compatibility/integrity-verified, rehearsed in isolation and produces recovery evidence.	SRE + Data Protection	F-1876,F-1877,F-1881,F-1883,F-1884,F-1885,F-1887	FINAL_MAPPED	Manual mapping; no backup, restore or destructive operation was performed.
CONFIRMED_ROOT_BACKUP_TARGET_SAFETY_DEFECT	F-1873	R-15D	scripts/db-backup-restore.sh:4–6	Backup/restore tooling lacks target safety, protected content-addressed retention/provenance, restore authorization/archive compatibility, verification/recovery and access audit lifecycle.	Backups are encrypted protected artifacts with provenance/retention and access audit; restore is separately authorized, target-bound, compatibility/integrity-verified, rehearsed in isolation and produces recovery evidence.	SRE + Data Protection	F-1876,F-1877,F-1881,F-1883,F-1884,F-1885,F-1887	FINAL_MAPPED	Manual mapping; no backup, restore or destructive operation was performed.
CONFIRMED_ROOT_BAN_LIFECYCLE_IDENTITY_DEFECT_UNBAN_VALUE_ONLY_UPDATE_MANY_CROSSTYPE_ISOLATION_ABSENT	F-287	R-21G	src/modules/bans/bans.controller.ts:25–28	Unban route identifies a ban only by value and service update can cross types/match multiple records, without typed subject identity, versioned lifecycle or reconciliation evidence.	Privileged enforcement uses a typed canonical subject identity including ban type/value, versioned idempotent transition, scoped expiry/revocation and immutable actor/reason audit with durable event/session-revocation reconciliation. Admin enforcement views are role/purpose-scoped minimum redacted projections with bounded cursor/retention; raw identifiers and reasons are never an unbounded default list.	Security Enforcement + Admin Governance + Privacy	NONE_FOUND_AFTER_TARGETED_SEARCH	FINAL_MAPPED	Manual mapping from frozen backend archive. Existing canonical ban/approval/suspension lifecycle mapping remains unchanged. No ban, identifier, admin list, session revocation or runtime operation was accessed.
CONFIRMED_ROOT_BUILD_ALIAS_PARITY_DEFECT_TYPESCRIPT_ALIAS_NO_RUNTIME_COMPILED_OUTPUT_CONTRACT	F-2131	R-15B	tsconfig.json:22–24	TypeScript source aliases are declared without a demonstrated compiled-runtime/Jest resolution contract; the resulting build, test and production image can resolve source paths differently from emitted output.	Release build/test/provenance must use one pinned toolchain and explicit source-to-emitted path resolution contract. CI must compile/package and exercise both alias and non-alias imports from the production artifact; compilation declaration alone does not prove runtime parity.	SRE/Build Platform + Backend	F-2170,F-2192	FINAL_MAPPED	Manual mapping from frozen baseline build/release files. F-2170/F-2192 are the directly evidenced alias duplicate graph for F-2131; no matching derived Docker label was found after targeted search. No build, test, image, deployment, registry or runtime service was executed.
CONFIRMED_ROOT_BUSINESS_CAPABILITY_GAP_CART_CARD_INSURANCE_PRESCRIPTION	F-782	R-06C1	src/modules/cart/cart.module.ts:167–174,195–202	Pharmacy cart lacks explicit capability gates for payment/insurance/prescription paths, prescription/manual medicine review gate and safe minimum cart metadata projection.	Pharmacy cart requests are non-authoritative intents; checkout is permitted only after explicit service/payment/insurance/prescription/manual-review eligibility, authoritative pharmacy offer/price/stock confirmation and minimum redacted metadata projection.	Pharmacy Cart/Offer/Order Saga + Clinical/Insurance Dependencies	NONE_FOUND_AFTER_TARGETED_SEARCH	FINAL_MAPPED	Manual mapping; payment/insurance truth remains R-05A/R-04 and no cart, order, prescription, payment or runtime service was accessed.
CONFIRMED_ROOT_BUSINESS_CAPABILITY_GAP_UNIFIED_CONSULTATION_CARD_INSURANCE	F-341	R-04A	src/modules/unified-bookings/unified-bookings.module.ts:182–205	Unified consultation card/checkout contract has no typed insurance request, provider/insurance decision, co-pay payment and post-payment confirmation capability.	Insurance request/decision/co-pay state is versioned and server-authoritative: for consultation, lab, radiology and home-care the patient selects provider/slot, submits insurance without initial payment, provider records full/partial/reject decision, patient pays only confirmed co-pay, then booking confirms; rejection permits governed cash retry or cancellation.	Insurance + Booking + Provider Operations	NONE_FOUND_AFTER_TARGETED_SEARCH	FINAL_MAPPED	Manual mapping from frozen backend archive. Existing reschedule, nursing broadcast and timeline mappings remain unchanged. No booking, order, cart, payment, insurer, provider or runtime operation was accessed.
CONFIRMED_ROOT_BUSINESS_CONTRACT_DEFECT_BOOKING_STATUS_FINANCIAL_TRUTH	F-758	R-05A1	src/modules/booking-flow/booking-flow.module.ts:154–169	Booking status presents financial truth outside canonical payment/ledger authority.	Booking status derives financial outcome only from canonical PSP-verified payment and ledger state with explicit pending/failed/settled semantics.	Payments + Booking Lifecycle	NONE_FOUND_AFTER_TARGETED_SEARCH	FINAL_MAPPED	Manual reassignment to payment authority root.
CONFIRMED_ROOT_BUSINESS_CONTRACT_DEFECT_COVERAGE_UNVERIFIED_MATCHING	F-2901	R-04A1	src/modules/insurance/insurance.module.ts:155–210	Insurance policy, coverage verification and provider decision evidence have incompatible/non-persisted shapes or trust client/flag/snapshot state rather than a canonical versioned claim decision.	Insurance request is owner/policy/service scoped; provider records a verifiable full/partial/reject decision with evidence/version/expiry/currency/co-pay. Only after that decision may co-pay payment and booking confirmation occur; rejection offers cash/cancel, never auto-cash.	Insurance + Care/Booking + Provider Operations	F-078,F-1280	FINAL_MAPPED	Manual mapping; R-05A1 settlement dependency follows an authoritative decision.
CONFIRMED_ROOT_BUSINESS_CONTRACT_DEFECT_ELIGIBILITY_MISSING_CONTEXT_FAIL_OPEN	F-912	R-21A	src/modules/business-rules/business-rules.module.ts:69–81	Business-rules policy evaluation trusts caller context, lacks persisted/versioned surge/eligibility/capability authority and fail-closed missing/invalid inputs, can issue nonauthoritative pricing/payment results, and lacks admin separation/concurrency/redacted projection enforcement.	Business policy evaluation receives authoritative typed context only, is versioned/persisted and concurrency-safe, fails closed for unknown/missing eligibility/capability/payment inputs, returns bounded/redacted explainable results, and is enforced at owning commands with separated policy administration.	Business Policy Platform + Domain Owners	NONE_FOUND_AFTER_TARGETED_SEARCH	FINAL_MAPPED	Manual mapping; insurance, payment, pricing, provider capability and booking aggregates retain authority for their own decisions and settlements.
CONFIRMED_ROOT_BUSINESS_CONTRACT_DEFECT_INSURANCE_ELIGIBILITY_FAIL_OPEN	F-911	R-21A	src/modules/business-rules/business-rules.module.ts:50–67	Business-rules policy evaluation trusts caller context, lacks persisted/versioned surge/eligibility/capability authority and fail-closed missing/invalid inputs, can issue nonauthoritative pricing/payment results, and lacks admin separation/concurrency/redacted projection enforcement.	Business policy evaluation receives authoritative typed context only, is versioned/persisted and concurrency-safe, fails closed for unknown/missing eligibility/capability/payment inputs, returns bounded/redacted explainable results, and is enforced at owning commands with separated policy administration.	Business Policy Platform + Domain Owners	NONE_FOUND_AFTER_TARGETED_SEARCH	FINAL_MAPPED	Manual mapping; insurance, payment, pricing, provider capability and booking aggregates retain authority for their own decisions and settlements.
CONFIRMED_ROOT_BUSINESS_CONTRACT_DEFECT_MANUAL_MEDICINE_REVIEW_GATE	F-785	R-06C1	src/modules/cart/cart.module.ts:120–124,190–197	Pharmacy cart lacks explicit capability gates for payment/insurance/prescription paths, prescription/manual medicine review gate and safe minimum cart metadata projection.	Pharmacy cart requests are non-authoritative intents; checkout is permitted only after explicit service/payment/insurance/prescription/manual-review eligibility, authoritative pharmacy offer/price/stock confirmation and minimum redacted metadata projection.	Pharmacy Cart/Offer/Order Saga + Clinical/Insurance Dependencies	NONE_FOUND_AFTER_TARGETED_SEARCH	FINAL_MAPPED	Manual mapping; payment/insurance truth remains R-05A/R-04 and no cart, order, prescription, payment or runtime service was accessed.
CONFIRMED_ROOT_BUSINESS_CONTRACT_DEFECT_NONAUTHORITATIVE_RULE_RESULT	F-916	R-21A	src/modules/business-rules/business-rules.module.ts:29–39,101–122,142–163	Business-rules policy evaluation trusts caller context, lacks persisted/versioned surge/eligibility/capability authority and fail-closed missing/invalid inputs, can issue nonauthoritative pricing/payment results, and lacks admin separation/concurrency/redacted projection enforcement.	Business policy evaluation receives authoritative typed context only, is versioned/persisted and concurrency-safe, fails closed for unknown/missing eligibility/capability/payment inputs, returns bounded/redacted explainable results, and is enforced at owning commands with separated policy administration.	Business Policy Platform + Domain Owners	NONE_FOUND_AFTER_TARGETED_SEARCH	FINAL_MAPPED	Manual mapping; insurance, payment, pricing, provider capability and booking aggregates retain authority for their own decisions and settlements.
CONFIRMED_ROOT_BUSINESS_CONTRACT_DEFECT_PAYMENT_POLICY_FAIL_OPEN	F-917	R-21A	src/modules/business-rules/business-rules.module.ts:124–139	Business-rules policy evaluation trusts caller context, lacks persisted/versioned surge/eligibility/capability authority and fail-closed missing/invalid inputs, can issue nonauthoritative pricing/payment results, and lacks admin separation/concurrency/redacted projection enforcement.	Business policy evaluation receives authoritative typed context only, is versioned/persisted and concurrency-safe, fails closed for unknown/missing eligibility/capability/payment inputs, returns bounded/redacted explainable results, and is enforced at owning commands with separated policy administration.	Business Policy Platform + Domain Owners	NONE_FOUND_AFTER_TARGETED_SEARCH	FINAL_MAPPED	Manual mapping; insurance, payment, pricing, provider capability and booking aggregates retain authority for their own decisions and settlements.
CONFIRMED_ROOT_BUSINESS_CONTRACT_DEFECT_PHARMACY_PRESCRIPTION_AND_MANUAL_ITEM_GATE	F-783	R-06C1	src/modules/cart/cart.module.ts:176–197	Pharmacy cart lacks explicit capability gates for payment/insurance/prescription paths, prescription/manual medicine review gate and safe minimum cart metadata projection.	Pharmacy cart requests are non-authoritative intents; checkout is permitted only after explicit service/payment/insurance/prescription/manual-review eligibility, authoritative pharmacy offer/price/stock confirmation and minimum redacted metadata projection.	Pharmacy Cart/Offer/Order Saga + Clinical/Insurance Dependencies	NONE_FOUND_AFTER_TARGETED_SEARCH	FINAL_MAPPED	Manual mapping; payment/insurance truth remains R-05A/R-04 and no cart, order, prescription, payment or runtime service was accessed.
CONFIRMED_ROOT_BUSINESS_CONTRACT_DEFECT_PROVIDER_AVAILABILITY_TRUTH	F-770	R-16E	src/modules/workflow-engine/workflow-engine.module.ts:442–447	Provider matching lacks minimum provider projection, validated location, authoritative availability and bounded/reconciled matching workload.	Provider matching uses active verified provider/facility/capability/availability/location records, minimum projections, bounded query/workload behavior and durable reconciled match outcomes; no cached/client claim is authoritative.	Workflow Platform + Provider Operations + Privacy	NONE_FOUND_AFTER_TARGETED_SEARCH	FINAL_MAPPED	Manual provider-match subroot; delivery/location/GPS and provider profile roots remain dependencies.
CONFIRMED_ROOT_BUSINESS_CONTRACT_DEFECT_PROVIDER_CAPABILITY_FAIL_OPEN	F-913	R-21A	src/modules/business-rules/business-rules.module.ts:83–98,145–156	Business-rules policy evaluation trusts caller context, lacks persisted/versioned surge/eligibility/capability authority and fail-closed missing/invalid inputs, can issue nonauthoritative pricing/payment results, and lacks admin separation/concurrency/redacted projection enforcement.	Business policy evaluation receives authoritative typed context only, is versioned/persisted and concurrency-safe, fails closed for unknown/missing eligibility/capability/payment inputs, returns bounded/redacted explainable results, and is enforced at owning commands with separated policy administration.	Business Policy Platform + Domain Owners	NONE_FOUND_AFTER_TARGETED_SEARCH	FINAL_MAPPED	Manual mapping; insurance, payment, pricing, provider capability and booking aggregates retain authority for their own decisions and settlements.
CONFIRMED_ROOT_CATALOG_GOVERNANCE_POLICY_VALIDITY_DEFECT	F-1850	R-20B	scripts/backfill-catalog-governance.ts:18–46,54–56	Catalog-governance backfill promotes legacy medicine/provider rows from limited legacy signals to approved/public eligible, while rollback removes fields by coarse provenance/time checks and there is no source-version, reviewer, target authorization or post-migration reconciliation contract.	Catalog-governance migrations use an approved target, immutable input/version, explicit per-entity review policy and idempotent dry-run/apply/rollback/reconciliation record. Operational status or a legacy flag alone never proves present medical/public eligibility.	Catalog Governance + Data Migrations + SRE	F-1851,F-1857,F-1864	FINAL_MAPPED	Manual mapping from frozen baseline source. Derived IDs are only those returned by targeted aggregate search; unrelated catalog/SEO keyword findings were not absorbed. No migration/backfill, price/offer, provider capability, catalog update, slug resolution against live data, runtime request or production record was accessed.
CONFIRMED_ROOT_CHANGE_GOVERNANCE_DEFECT_INSURANCE_CATALOG_APPLY_MONGO_URI_ONLY_NO_TARGET_OPERATOR_APPROVAL	F-1836	R-04E	scripts/reconcile-insurance-catalog.ts:28–53	Insurance catalog reconciliation accepts weak manifests and unauthorised targets, has no normalized-code preflight/conflict policy, sequential non-atomic upserts, weak version/operator provenance/idempotency and no post-import drift/orphan report.	Insurance catalog reconciliation is a target/operator-approved, signed content-addressed manifest operation with normalized uniqueness/preflight/conflict policy, transactional or lock-protected idempotent writes/recovery, immutable provenance and post-import duplicate/orphan/missing/drift reconciliation evidence.	Insurance Catalog + Release/Data Governance	F-1847,F-1848	FINAL_MAPPED	Manual mapping; no script, Mongo URI, catalog mutation or reconciliation operation was executed.
CONFIRMED_ROOT_CHANGE_GOVERNANCE_DEFECT_INSURANCE_LOGO_APPLY_NO_TARGET_OPERATOR_APPROVAL_BINDING	F-1821	R-04D	scripts/publish-insurance-logo-assets.ts:32–42	Insurance-logo publication lacks approved target/operator binding, signed/versioned schema-valid manifest, source licensing/identity and asset safety validation, safe origin path policy, versioned object rollback, atomic object/catalog linkage, result assertion and immutable review/audit/release idempotency.	Insurance public assets are published only from approved target-bound signed/versioned manifests; source licence/identity and file MIME/dimensions are validated, object/catalog updates are versioned/reconcilable/rollbackable, public origin is allowlisted, and each operator/review/revision/result is immutable and auditable.	Insurance Catalog + Release/Data Governance + Media	NONE_FOUND_AFTER_TARGETED_SEARCH	FINAL_MAPPED	Manual mapping; no script, S3/object store, manifest, logo, catalog or deployment action was performed.
CONFIRMED_ROOT_CHAT_CONTENT_MEDIA_ABUSE_DEFECT_NO_COMPREHENSIVE_TYPED_BOUND_SANITIZE_MIME_RATE_CONTRACT	F-315	R-18B	src/modules/chat/chat.service.ts:204–246,289–307,333–369	Chat/family/appointment communication trusts client participant/sender state, permits arbitrary membership, lacks relationship/booking fail-closed checks, durable message/unread/replay lifecycle and bounded safe content/media policy.	Chat members are server-verified against active family/booking/appointment relationships and invitation/owner policy; commands are typed, idempotent and durable with participant/state audit, minimum PHI projection/retention, bounded media/content controls and authoritative closure/read lifecycle.	Chat/Communication + Clinical Privacy	F-070,F-312,F-729,F-1493	FINAL_MAPPED	Manual mapping; notification templates/delivery and safe media storage are shared dependencies, not merged causes.
CONFIRMED_ROOT_CHAT_GATEWAY_ACTOR_AUTHORIZATION_DEFECT_BODY_SENDER_ID_FAMILY_BYPASS_NO_WEBSOCKET_WIRING_PROOF	F-313	R-18B	src/modules/chat/guards/chat-gateway.guard.ts:15–34	Chat/family/appointment communication trusts client participant/sender state, permits arbitrary membership, lacks relationship/booking fail-closed checks, durable message/unread/replay lifecycle and bounded safe content/media policy.	Chat members are server-verified against active family/booking/appointment relationships and invitation/owner policy; commands are typed, idempotent and durable with participant/state audit, minimum PHI projection/retention, bounded media/content controls and authoritative closure/read lifecycle.	Chat/Communication + Clinical Privacy	F-070,F-312,F-729,F-1493	FINAL_MAPPED	Manual mapping; notification templates/delivery and safe media storage are shared dependencies, not merged causes.
CONFIRMED_ROOT_CHAT_LIFECYCLE_TIME_AUTHORITY_DEFECT_SCHEDULER_UPDATEDAT_VS_COMPLETION_CONFIG_DIVERGENCE	F-316	R-18B	src/modules/chat/schedulers/chat-lifecycle.scheduler.ts:11–27	Chat/family/appointment communication trusts client participant/sender state, permits arbitrary membership, lacks relationship/booking fail-closed checks, durable message/unread/replay lifecycle and bounded safe content/media policy.	Chat members are server-verified against active family/booking/appointment relationships and invitation/owner policy; commands are typed, idempotent and durable with participant/state audit, minimum PHI projection/retention, bounded media/content controls and authoritative closure/read lifecycle.	Chat/Communication + Clinical Privacy	F-070,F-312,F-729,F-1493	FINAL_MAPPED	Manual mapping; notification templates/delivery and safe media storage are shared dependencies, not merged causes.
CONFIRMED_ROOT_CHAT_MEMBERSHIP_GOVERNANCE_DEFECT_PARTICIPANT_CAN_ADD_REMOVE_ARBITRARY_USER_NO_RELATIONSHIP_INVITATION_OWNER_POLICY	F-310	R-18B	src/modules/chat/chat.service.ts:25–40,402–420	Chat/family/appointment communication trusts client participant/sender state, permits arbitrary membership, lacks relationship/booking fail-closed checks, durable message/unread/replay lifecycle and bounded safe content/media policy.	Chat members are server-verified against active family/booking/appointment relationships and invitation/owner policy; commands are typed, idempotent and durable with participant/state audit, minimum PHI projection/retention, bounded media/content controls and authoritative closure/read lifecycle.	Chat/Communication + Clinical Privacy	F-070,F-312,F-729,F-1493	FINAL_MAPPED	Manual mapping; notification templates/delivery and safe media storage are shared dependencies, not merged causes.
CONFIRMED_ROOT_CHAT_RELIABILITY_DEFECT_MESSAGE_THREAD_UNREAD_EVENT_SEPARATE_NO_TRANSACTION_DURABLE_OUTBOX_RECONCILIATION	F-311	R-18B	src/modules/chat/chat.service.ts:229–285	Chat/family/appointment communication trusts client participant/sender state, permits arbitrary membership, lacks relationship/booking fail-closed checks, durable message/unread/replay lifecycle and bounded safe content/media policy.	Chat members are server-verified against active family/booking/appointment relationships and invitation/owner policy; commands are typed, idempotent and durable with participant/state audit, minimum PHI projection/retention, bounded media/content controls and authoritative closure/read lifecycle.	Chat/Communication + Clinical Privacy	F-070,F-312,F-729,F-1493	FINAL_MAPPED	Manual mapping; notification templates/delivery and safe media storage are shared dependencies, not merged causes.
CONFIRMED_ROOT_CLIENT_FINANCIAL_AUTHORITY_DEFECT_NABD_EXTENSIONS_AUTHENTICATED_RAW_WALLET_CREDIT_DEBIT_NONATOMIC_LEDGER_PATH	F-143	R-05C	src/modules/nabd-extensions/nabd-extensions.service.ts:125–164	Loyalty/referral/wallet commercial value changes are not governed by one immutable, atomic event-ledger and attribution lifecycle; balance, reward, expiry, stock and conversion can diverge or replay.	Points, rewards, referral conversion and wallet credit/debit are commercial entitlements: each requires a verified qualifying event, bounded policy, unique command/event, atomic ledger transaction, reversal/expiry and reconciliation audit.	Finance/Commercial + Loyalty/Referral + Wallet	F-144,F-263,F-264,F-272	FINAL_MAPPED	Manual mapping; excludes unrelated referral-route/clinical derived hits returned by keyword search.
CONFIRMED_ROOT_CLINICAL_AUTHORIZATION_DEFECT_CHAT_BOOKING_REGISTRY_LOOKUP_FAILURE_PERMISSIVE_COMMUNICATION_NOT_FAIL_CLOSED	F-314	R-18B	src/modules/chat/chat.service.ts:161–199	Chat/family/appointment communication trusts client participant/sender state, permits arbitrary membership, lacks relationship/booking fail-closed checks, durable message/unread/replay lifecycle and bounded safe content/media policy.	Chat members are server-verified against active family/booking/appointment relationships and invitation/owner policy; commands are typed, idempotent and durable with participant/state audit, minimum PHI projection/retention, bounded media/content controls and authoritative closure/read lifecycle.	Chat/Communication + Clinical Privacy	F-070,F-312,F-729,F-1493	FINAL_MAPPED	Manual mapping; notification templates/delivery and safe media storage are shared dependencies, not merged causes.
CONFIRMED_ROOT_CLINICAL_CATALOG_DEFECT_MEDICINES_BARCODE_FUZZY_FALLBACK_UNBOUNDED_PUBLIC_REGEX	F-122	R-12B	src/modules/medicines/medicines.service.ts:140–166,554–615	Public medication lookup uses barcode/fuzzy fallback and regex search without bounded escaped query plan, verified-publication/clinical safety gate or minimum public result contract.	Discovery/search inputs are typed, escaped and resource-bounded; results are from verified/publication-authorized entities only, return minimum public DTOs, protect sensitive/clinical terms and apply pagination/cursor/retention/audit policy.	Medication Catalog Governance + Public Discovery/Clinical Safety	NONE_FOUND_AFTER_TARGETED_SEARCH	FINAL_MAPPED	Manual mapping from frozen backend archive. Existing admin command (F-119/F-120) and analytics identity (F-123) mappings remain unchanged. No medicine, catalog, image, shortage, search, cache or runtime operation was accessed.
CONFIRMED_ROOT_CLINICAL_INPUT_DEFECT_HEALTH_SLEEP_RAW_UNBOUNDED_SCORE_DURATION_SOURCE_DATE_PERSISTENCE	F-161	R-07A4	src/schemas/health.schema.ts:58–68	SleepReading accepts raw unbounded score and duration, defaults its source to device without a verifiable device/measurement provenance, and has no explicit source-time validity contract.	Clinical readings use typed, bounded values, unit/time-zone and source-time validation, with device/clinician/self-report provenance sufficient for their displayed purpose. A source label or client field alone is not diagnostic, adherence or treatment truth.	Clinical Data Platform + Patient Mobile/Devices	NONE_FOUND_AFTER_TARGETED_SEARCH	FINAL_MAPPED	Manual mapping from frozen backend baseline. Targeted derived search found no directly matching DERIVED_DUPLICATE labels. No clinical data, device, home-care catalog, seed execution, waitlist record, notification, event broker or runtime operation was accessed.
CONFIRMED_ROOT_CLINICAL_PRIVACY_DEFECT_PATIENT_PRESCRIPTION_UPLOAD_PROVENANCE_QUARANTINE_TYPED_INTAKE	F-230	R-06E	src/modules/prescriptions/prescriptions.service.ts:154–203	Prescription intake/assignment/transition lacks quarantined typed provenance, eligible pharmacy assignment with CAS/idempotency, and atomic state/event outbox.	Prescriptions enter through authorized typed quarantined intake with source/provenance/scan status; pharmacy assignment requires verified eligible scope and versioned CAS/idempotency; state transition is canonical with atomic durable outbox/reconciliation.	Prescription/Clinical Safety + Pharmacy Workflow	NONE_FOUND_AFTER_TARGETED_SEARCH	FINAL_MAPPED	Manual prescription lifecycle root; media storage, pharmacy fulfillment and event platform remain dependencies. No prescription, upload or runtime service was accessed.
CONFIRMED_ROOT_CLINICAL_PRODUCT_TRUTH_DEFECT_CARE_PROGRAM_HARDCODED_MASTERS_REWARDS_FIXED_TIME_ARBITRARY_PROGRAM_SESSION_COMPLETION	F-146	R-21P	src/modules/nabd-extensions/nabd-extensions.service.ts:283–371	NabdExtensions treatment-program service returns hard-coded master programs, schedules and rewards and accepts arbitrary program/session completion, auto-enrolling a patient when no enrollment exists, without versioned catalog, eligible session or clinical/provider completion authority.	Treatment programs, sessions, eligibility, rewards and completion are server-authoritative clinical-product records. A patient cannot create enrollment or mark attendance/completion merely by UI action: the command must bind an eligible program/catalog version, patient/provider/encounter and permitted session, require the applicable clinician/provider evidence and state transition, and emit idempotent auditable outcome. UI fallback, alert or local progress never establishes clinical completion, reward entitlement or a scheduled visit.	Clinical Programs/Product + Care Providers + Patient Mobile + Loyalty/Finance dependency	NONE_FOUND_AFTER_TARGETED_SEARCH	FINAL_MAPPED	New narrow subroot created after direct aggregate review of frozen patient-mobile and backend baseline sources. Related F-143/F-144 are a separate wallet/referral financial root and F-145 is a separate passport/PHI projection root; neither was merged. No patient program, enrollment, clinical record, reward, provider action or runtime operation was accessed.
CONFIRMED_ROOT_CLINICAL_SAFETY_DEFECT_DRUG_INTERACTION_FALSE_ASSURANCE	F-943	R-06D	src/modules/compat/compat.module.ts:446–475	Drug interaction response can give false clinical assurance.	Medication interaction support uses authoritative versioned source/rule provenance, bounded indication and explicit unavailable/uncertain outcome; it never fabricates safety assurance.	Pharmacy/Clinical Safety	NONE_FOUND_AFTER_TARGETED_SEARCH	FINAL_MAPPED	Manual medication clinical-safety root; no clinical decision or drug data was used.
CONFIRMED_ROOT_CLINICAL_SAFETY_DEFECT_FACILITY_SURGERY_PARTICIPANT_CONSENT_CAPACITY_VALIDATION	F-668	R-23B	src/modules/facility-ops/facility-ops.module.ts:207–241,325–333	Facility admissions, wards/beds, shifts, surgery and communications/resources lack unified branch/role/clinical-purpose controls, bounded transactional capacity, CAS/idempotency, truthful invalid outcome and audit/retention policy.	Facility resources use typed branch/role/purpose commands, bounded transactional ward/bed/OT capacity, idempotent admission/discharge/shift transitions, validated participant consent/capability, and minimum necessary audited/retained clinical/operational projections.	Facility Operations + Clinical Governance	NONE_FOUND_AFTER_TARGETED_SEARCH	FINAL_MAPPED	Manual mapping; attendance GPS remains R-11B and generic RBAC is a shared R-02A dependency.
CONFIRMED_ROOT_CLINICAL_SAFETY_DEFECT_HOMECARE_CAREPLAN_ENCOUNTER_AUTHOR_AUTHORITY	F-725	R-10B	src/modules/home-care-compat/home-care-compat.module.ts:182–206	Home-care compatibility flow lacks truthful provider UI/backend route-payload contract, minimum catalog/provider projection, consented clinical/GPS visit report schema/audit, authorized care-plan/encounter authorship and versioned nursing clinical protocol provenance.	Home-care fulfillment uses one canonical provider UI/API contract with truthful error/context states; catalog/provider data is minimum bounded projection; visit reports and care plans require authorized author, subject relationship, consent, schema/version/protocol provenance and immutable audit. GPS measurement validity remains a separate R-11B dependency.	Home-care Fulfillment + Clinical Privacy	NONE_FOUND_AFTER_TARGETED_SEARCH	FINAL_MAPPED	Manual mapping; no nursing UI, home-care request, GPS, clinical report, protocol or runtime service was accessed.
CONFIRMED_ROOT_CLINICAL_SAFETY_DEFECT_HOSPITAL_STAFF_QUALIFICATION_CAPABILITY_CREDENTIAL_VALIDATION	F-3802	R-23C	src/modules/hospital-staff/hospital-staff.module.ts:39–65,70–78	Hospital staff onboarding/maintenance lacks verified credential/qualification/approval, owner-account and permission invariants, fee provenance, typed commands, MFA/session/offboarding lifecycle, idempotency and purpose-safe audit projections.	Hospital staff records bind a verified qualified identity to one authoritative owner account and allowlisted permissions; credential approval, fee/currency provenance, typed commands, MFA/reset/revocation, suspension/offboarding, assignment retention, idempotency and immutable actor/reason audit are enforced.	Hospital Staff Operations + Security/Privacy	F-3800	FINAL_MAPPED	Manual mapping; payment settlement, clinical scheduling and external credential verification execution remain separate dependencies/gates.
CONFIRMED_ROOT_CLINICAL_SAFETY_DEFECT_MEDICINE_RECOMMENDATION_GOVERNANCE	F-3778	R-06A2	src/modules/seo-search/seo-search.module.ts:177–225	Public medicine recommendation endpoint exposes related medicines without a governed clinical/commercial recommendation purpose, eligibility, contraindication/interaction safety boundary, provenance or minimum disclaimer contract.	Medication recommendations are server-governed discovery—not treatment advice: source records are verified current catalog facts, recommendation purpose/algorithm/version/provenance and eligibility are explicit, sensitive clinical claims/contraindications are fail-closed or clinician-reviewed, and output is minimum safe DTO with no patient-specific clinical inference.	Medication Catalog Governance + Clinical Safety	NONE_FOUND_AFTER_TARGETED_SEARCH	FINAL_MAPPED	Manual mapping from frozen backend archive. Search input/publication roots remain unchanged; crawler/operational throttling remains runtime verification and sitemap scope remains a product decision. No search, catalog, medicine, recommendation, crawler or runtime operation was accessed.
CONFIRMED_ROOT_CLINICAL_SAFETY_DEFECT_PRESCRIPTION_MEDICINE_DOSE_DURATION_VALIDATED_PROVENANCE	F-1495	R-06D	src/modules/doctors/doctors.schemas.ts:96–99	Prescription medicine dose/duration lacks validated clinical provenance.	Medication prescriptions require authorized prescriber, typed dose/duration/unit validation, versioned medication/protocol provenance and explicit unavailable/uncertain clinical decision state.	Medication/Clinical Safety	NONE_FOUND_AFTER_TARGETED_SEARCH	FINAL_MAPPED	Manual medication clinical-safety root; no prescription or clinical data was accessed.
CONFIRMED_ROOT_CLINICAL_TRUTH_DEFECT_MEDICINES_HEURISTIC_TRANSLATION_OF_DOSAGE_CATEGORY_STRENGTH	F-1051	R-06A1	src/modules/medicines/med-i18n.ts:49–108,162–179	Heuristic Arabic-to-English pattern replacement is used for dosage form, strength, package and category facts when authoritative translation is absent, risking clinical/commercial semantic drift.	Medication catalog localization is sourced from approved versioned per-locale clinical/commercial catalog fields and coded vocabulary. Dosage form, strength, units and category facts are never heuristic translation truth. The resolved locale/fallback and translation provenance are explicit in a stable DTO; unsupported locales are rejected or negotiated by policy. Publication completeness is a separate product decision.	Medication Catalog Governance + Clinical Safety + Localization	F-1053	FINAL_MAPPED	Manual mapping from frozen backend archive. F-1049/F-1052 remain rejected false positives; F-1050 and F-1057 publication/parity matters remain separated as classified. No catalog, medicine, translation, client or runtime operation was accessed.
CONFIRMED_ROOT_CLINICAL_WORKFLOW_DEFECT_PRESCRIPTION_CLIENT_PHARMACY_ASSIGNMENT_NO_ELIGIBILITY_CAS_IDEMPOTENCY	F-233	R-06E	src/modules/prescriptions/prescriptions.service.ts:230–242	Prescription intake/assignment/transition lacks quarantined typed provenance, eligible pharmacy assignment with CAS/idempotency, and atomic state/event outbox.	Prescriptions enter through authorized typed quarantined intake with source/provenance/scan status; pharmacy assignment requires verified eligible scope and versioned CAS/idempotency; state transition is canonical with atomic durable outbox/reconciliation.	Prescription/Clinical Safety + Pharmacy Workflow	NONE_FOUND_AFTER_TARGETED_SEARCH	FINAL_MAPPED	Manual prescription lifecycle root; media storage, pharmacy fulfillment and event platform remain dependencies. No prescription, upload or runtime service was accessed.
CONFIRMED_ROOT_CMS_CONTENT_SAFETY_DEFECT_RAW_ARTICLE_BODY_MEDIA_SEO_NO_SANITIZE_BOUND_LOCALIZATION_VALIDATION	F-557	R-12C	src/modules/articles/articles.module.ts:52–70,73–80	Article creation/update accepts raw body, media and SEO fields without sanitization, bounds, safe-asset/localization validation or versioned review evidence.	CMS/publication uses typed allowlisted locale/content/media/SEO DTOs, safe-asset references, versioned review/moderation/completeness gates, immutable actor/reason audit and durable public projection/index reconciliation.	Content Governance + SEO/Public Discovery	NONE_FOUND_AFTER_TARGETED_SEARCH	FINAL_MAPPED	Manual mapping from frozen backend archive. F-559 is an independently rejected projection false positive; F-562 remains a product decision for view analytics. No article, bookmark, user, publication/index or runtime operation was accessed.
CONFIRMED_ROOT_CMS_GOVERNANCE_DEFECT_ADMIN_ARTICLE_ARBITRARY_BODY_FIELD_MUTATION_NO_TYPED_WORKFLOW	F-556	R-12C	src/modules/articles/articles.module.ts:73–80,105–117	Article admin update accepts arbitrary persistence fields without typed allowlist, draft/review/version/actor workflow or immutable change audit.	CMS/publication uses typed allowlisted locale/content/media/SEO DTOs, safe-asset references, versioned review/moderation/completeness gates, immutable actor/reason audit and durable public projection/index reconciliation.	Content Governance + SEO/Public Discovery	NONE_FOUND_AFTER_TARGETED_SEARCH	FINAL_MAPPED	Manual mapping from frozen backend archive. F-559 is an independently rejected projection false positive; F-562 remains a product decision for view analytics. No article, bookmark, user, publication/index or runtime operation was accessed.
CONFIRMED_ROOT_CMS_PUBLICATION_DEFECT_STATUS_FLIP_NO_REVIEW_VERSION_COMPLETENESS_MODERATION_SEO_READINESS_GATE	F-563	R-12C	src/modules/articles/articles.module.ts:78–88,95–103	SEO/public catalog routes lack typed canonical identity, public DTO/indexability/publication gates, truthful commercial metadata, safe XML and durable catalog-publication projection semantics.	SEO/publication emits only type-allowlisted canonical entities with collision-safe identity, verified publication/indexability lifecycle, minimum public fields, truthful price/availability/LLM metadata, escaped XML and durable reconciled projection updates.	SEO/Public Discovery + Catalog Governance	F-2548,F-3773	FINAL_MAPPED	Manual mapping; IndexNow transport/release, clinical medicine recommendation and cache/runtime gates remain separate dependencies.
CONFIRMED_ROOT_CODE_DEFECT_ADMIN_BROADCAST_EMERGENCY_TRANSITION_DURABILITY	F-975	R-10A	src/modules/compat/admin-spa.module.ts:111–183	Emergency dispatch and ambulance fleet handling can report success after failed dispatch, use unbounded/stale matching, permit mixed state mutation and accept unvalidated location/fleet changes without durable history/version/audit.	Emergency requests and fleet transitions are server-authoritative versioned commands with validated fresh location/availability, bounded dispatch scoring, atomic assignment/handover history, explicit failure/retry and immutable audit; no client or swallowed failure confirms dispatch.	Emergency/Ambulance Operations	F-444	FINAL_MAPPED	Manual mapping; provider authorization, telemetry privacy, notifications and event durability are separate dependencies.
CONFIRMED_ROOT_CODE_DEFECT_ADMIN_COMMAND_CENTER_CANONICAL_PATIENT_PROVIDER_IDENTITY_ASSIGNMENT_RESOLVER	F-1016	R-21C	src/modules/admin-command-center/admin-command-center.module.ts:88–113	Admin command center combines operational state from heterogeneous sources without verified scope/freshness/completeness/confidence, canonical identity resolution, purpose-safe PHI/payment projections, redacted failure snapshots or audited bounded detail reads.	Admin command center is a read-model only: it resolves canonical identities and source metadata, presents explicit freshness/completeness/confidence/stuck state, enforces provider/admin/purpose scope, exposes minimum redacted PHI/payment details and validates/audits bounded detail requests; it never creates domain truth.	Admin Operations + Privacy + Domain Owners	NONE_FOUND_AFTER_TARGETED_SEARCH	FINAL_MAPPED	Manual mapping; finance, clinical, booking, provider and identity aggregates retain source-of-truth ownership and mutation authority.
CONFIRMED_ROOT_CODE_DEFECT_ADMIN_COMMAND_CENTER_DOMAIN_COMPLETE_STATE_TRANSITION_STUCK_DETECTION	F-1013	R-21C	src/modules/admin-command-center/admin-command-center.module.ts:68–77	Admin command center combines operational state from heterogeneous sources without verified scope/freshness/completeness/confidence, canonical identity resolution, purpose-safe PHI/payment projections, redacted failure snapshots or audited bounded detail reads.	Admin command center is a read-model only: it resolves canonical identities and source metadata, presents explicit freshness/completeness/confidence/stuck state, enforces provider/admin/purpose scope, exposes minimum redacted PHI/payment details and validates/audits bounded detail requests; it never creates domain truth.	Admin Operations + Privacy + Domain Owners	NONE_FOUND_AFTER_TARGETED_SEARCH	FINAL_MAPPED	Manual mapping; finance, clinical, booking, provider and identity aggregates retain source-of-truth ownership and mutation authority.
CONFIRMED_ROOT_CODE_DEFECT_ADMIN_EVENTS_CURSOR_STABLE_ORDER_QUERY_TIMEOUT_CONTRACT	F-3029	R-09C	src/modules/events/events.controllers.ts:12–24	Administrative event/trace reads lack typed normalized event/entity filters, finite time/limit/cursor/order/timeout bounds, cross-domain purpose scope, redacted before/after metadata and sensitive-read audit trail.	Event administration uses allowlisted typed normalized filters, stable bounded cursor/time/query contract, actor/purpose/domain scope, minimum redacted metadata and immutable sensitive-read audit; it is a read surface, not event production authority.	Event Platform + Admin Privacy/Security	NONE_FOUND_AFTER_TARGETED_SEARCH	FINAL_MAPPED	Manual mapping; durable domain event/outbox lifecycle remains R-09A/R-16 and no event query or runtime operation was run.
CONFIRMED_ROOT_CODE_DEFECT_ADMIN_EVENTS_FILTER_NORMALIZATION_FIELD_PRESENCE_CONTRACT	F-3036	R-09C	src/modules/events/events.controllers.ts:14–23	Administrative event/trace reads lack typed normalized event/entity filters, finite time/limit/cursor/order/timeout bounds, cross-domain purpose scope, redacted before/after metadata and sensitive-read audit trail.	Event administration uses allowlisted typed normalized filters, stable bounded cursor/time/query contract, actor/purpose/domain scope, minimum redacted metadata and immutable sensitive-read audit; it is a read surface, not event production authority.	Event Platform + Admin Privacy/Security	NONE_FOUND_AFTER_TARGETED_SEARCH	FINAL_MAPPED	Manual mapping; durable domain event/outbox lifecycle remains R-09A/R-16 and no event query or runtime operation was run.
CONFIRMED_ROOT_CODE_DEFECT_ADMIN_EVENTS_STRICT_FINITE_NUMERIC_TIME_LIMIT_VALIDATION	F-3027	R-09C	src/modules/events/events.controllers.ts:19–23	Administrative event/trace reads lack typed normalized event/entity filters, finite time/limit/cursor/order/timeout bounds, cross-domain purpose scope, redacted before/after metadata and sensitive-read audit trail.	Event administration uses allowlisted typed normalized filters, stable bounded cursor/time/query contract, actor/purpose/domain scope, minimum redacted metadata and immutable sensitive-read audit; it is a read surface, not event production authority.	Event Platform + Admin Privacy/Security	NONE_FOUND_AFTER_TARGETED_SEARCH	FINAL_MAPPED	Manual mapping; durable domain event/outbox lifecycle remains R-09A/R-16 and no event query or runtime operation was run.
CONFIRMED_ROOT_CODE_DEFECT_ADMIN_EVENT_TRACE_TYPED_ENTITY_CURSOR_TIME_BOUND_CONTRACT	F-3030	R-09C	src/modules/events/events.controllers.ts:26–29	Administrative event/trace reads lack typed normalized event/entity filters, finite time/limit/cursor/order/timeout bounds, cross-domain purpose scope, redacted before/after metadata and sensitive-read audit trail.	Event administration uses allowlisted typed normalized filters, stable bounded cursor/time/query contract, actor/purpose/domain scope, minimum redacted metadata and immutable sensitive-read audit; it is a read surface, not event production authority.	Event Platform + Admin Privacy/Security	NONE_FOUND_AFTER_TARGETED_SEARCH	FINAL_MAPPED	Manual mapping; durable domain event/outbox lifecycle remains R-09A/R-16 and no event query or runtime operation was run.
CONFIRMED_ROOT_CODE_DEFECT_ADMIN_FORCE_DOMAIN_STATE_PAYMENT_SAGA_BYPASS	F-816	R-21G	src/modules/admin-authority/admin-authority.module.ts:50–83	Admin authority bypasses canonical domain/payment/slot state or lacks short-lived revocable support impersonation, target case/approval scope, provider suspension reconciliation and minimum action-log projection.	Privileged support/override actions require a time-bound revocable support session, approved target case, canonical domain command/state/version checks, dual control/reason/audit/reconciliation and minimum scoped action-log views; no direct mutation shortcut is allowed.	Admin Authority + Domain Owners + Security	NONE_FOUND_AFTER_TARGETED_SEARCH	FINAL_MAPPED	Manual mapping; underlying booking/payment/provider domain aggregates remain execution authorities.
CONFIRMED_ROOT_CODE_DEFECT_ADMIN_FORCE_RESCHEDULE_SLOT_CAPACITY_PAYMENT_BYPASS	F-818	R-21G	src/modules/admin-authority/admin-authority.module.ts:173–184	Admin authority bypasses canonical domain/payment/slot state or lacks short-lived revocable support impersonation, target case/approval scope, provider suspension reconciliation and minimum action-log projection.	Privileged support/override actions require a time-bound revocable support session, approved target case, canonical domain command/state/version checks, dual control/reason/audit/reconciliation and minimum scoped action-log views; no direct mutation shortcut is allowed.	Admin Authority + Domain Owners + Security	NONE_FOUND_AFTER_TARGETED_SEARCH	FINAL_MAPPED	Manual mapping; underlying booking/payment/provider domain aggregates remain execution authorities.
CONFIRMED_ROOT_CODE_DEFECT_ADMIN_FORCE_RESOLUTION_SAGA	F-755	R-21G	src/modules/booking-flow/booking-flow.module.ts:202–229	Administrative force resolution bypasses canonical booking state/settlement saga controls.	Any force resolution is a dual-controlled case-bound admin command that invokes canonical booking transition and settlement orchestration, records immutable reason/audit and reconciles failure.	Admin Authority + Booking/Finance	NONE_FOUND_AFTER_TARGETED_SEARCH	FINAL_MAPPED	Manual privileged override root; booking/payment aggregates retain execution authority.
CONFIRMED_ROOT_CODE_DEFECT_ADMIN_FORCE_RESOLUTION_STATE_SETTLEMENT	F-757	R-21G	src/modules/booking-flow/booking-flow.module.ts:209–228	Administrative force resolution bypasses canonical booking state/settlement saga controls.	Any force resolution is a dual-controlled case-bound admin command that invokes canonical booking transition and settlement orchestration, records immutable reason/audit and reconciles failure.	Admin Authority + Booking/Finance	NONE_FOUND_AFTER_TARGETED_SEARCH	FINAL_MAPPED	Manual privileged override root; booking/payment aggregates retain execution authority.
CONFIRMED_ROOT_CODE_DEFECT_ADMIN_INSURANCE_OVERRIDE_DECISION_COPAY_SETTLEMENT_BYPASS	F-817	R-04A1	src/modules/admin-authority/admin-authority.module.ts:106–145	Admin insurance override bypasses canonical decision, co-pay and settlement chain.	Insurance override follows the same canonical provider/policy full/partial/reject decision and co-pay/settlement workflow with approved exceptional authority, no direct bypass.	Insurance Orchestration + Admin Authority	NONE_FOUND_AFTER_TARGETED_SEARCH	FINAL_MAPPED	Manual reassignment to insurance decision root.
CONFIRMED_ROOT_CODE_DEFECT_ADMIN_METRIC_MISSING_HISTORY_UNKNOWN_SEMANTICS	F-658	R-21C	src/modules/admin-governance/admin-governance.module.ts:38–63,115–120	Admin metric summary uses missing history/default collection outcomes as counts without explicit unknown/completeness/window/source semantics.	Admin operational read models resolve canonical identities and source metadata, enforce purpose/role/scope, expose only redacted minimum PHI/financial projections with bounded cursor/time windows and explicit freshness/completeness/unknown state; they never create domain truth.	Admin Operations + SRE + Privacy	F-648,F-650,F-656	FINAL_MAPPED	Manual mapping from frozen backend archive. Entity trace F-647 and privileged kill-switch role/approval F-651 retain their existing R-02A mappings. No patient, event, metric, switch, configuration or runtime operation was accessed.
CONFIRMED_ROOT_CODE_DEFECT_ADMIN_OPERATIONAL_METRICS_TRUTH_COMPLETENESS	F-974	R-21C	src/modules/compat/admin-spa.module.ts:53–109	Admin operational metrics lack declared source completeness/freshness/confidence truth.	Admin operational dashboards are read-models with source metadata, explicit freshness/completeness/confidence and no fabricated universal status.	Admin Operations	NONE_FOUND_AFTER_TARGETED_SEARCH	FINAL_MAPPED	Manual reassignment to admin read-model root.
CONFIRMED_ROOT_CODE_DEFECT_ADMIN_ORDER_REASSIGNMENT_DISPATCH_RECONCILIATION	F-981	R-11A	src/modules/compat/admin-spa.module.ts:497–525	Driver location, shift, delivery assignment/reassignment and delivery quote policies lack verified relationship/eligibility, atomic claim, telemetry validation and versioned durable fulfillment truth.	Driver/delivery operations require active authorized shift and order relationship, validated fresh/consented telemetry, atomic assignment/reassignment with capacity/geography checks, versioned quote policy and durable pickup/delivery transitions with audit.	Driver/Delivery Operations + Privacy	F-535,F-540	FINAL_MAPPED	Manual mapping; media proof is R-07B/R-11B, finance earnings is R-05, and realtime/event transport is separate.
CONFIRMED_ROOT_CODE_DEFECT_ADMIN_PHARMACY_REASSIGN_OFFER_ELIGIBILITY_BYPASS	F-820	R-06C1	src/modules/admin-authority/admin-authority.module.ts:73–83	Admin pharmacy reassignment bypasses offer eligibility/selection contract.	Pharmacy reassignment preserves authoritative offer eligibility, selected provider, price/stock and patient decision/consent, with explicit approved exception and audit.	Pharmacy Marketplace + Admin Authority	NONE_FOUND_AFTER_TARGETED_SEARCH	FINAL_MAPPED	Manual reassignment to pharmacy cart/offer/order saga root.
CONFIRMED_ROOT_CODE_DEFECT_ADMIN_SHIFT_MEMBERSHIP_OVERLAP_TIMEZONE	F-976	R-23B	src/modules/compat/admin-spa.module.ts:197–220	Admin shift commands lack membership overlap/timezone truth.	Facility shifts validate staff relationship, interval overlap and timezone with authoritative state/audit.	Facility Operations	NONE_FOUND_AFTER_TARGETED_SEARCH	FINAL_MAPPED	Manual reassignment to facility resource lifecycle root.
CONFIRMED_ROOT_CODE_DEFECT_ADMIN_USER_PROVIDER_BAN_APPROVE_SUSPEND_CANONICAL_STATE_OUTBOX_SESSION_REVOCATION	F-321	R-21G	src/modules/admin/admin.controller.ts:457–484,529–552	Admin ban/approval/suspension lacks canonical state, durable outbox and session revocation lifecycle.	Privileged enforcement follows canonical state/version transition with actor/reason, durable event/outbox, session revocation and reconciliation.	Admin Authority + Identity	NONE_FOUND_AFTER_TARGETED_SEARCH	FINAL_MAPPED	Manual privileged enforcement root.
CONFIRMED_ROOT_CODE_DEFECT_ANALYTICS_CANONICAL_DOCTOR_PROVIDER_IDENTITY_PROJECTION	F-740	R-21E	src/modules/analytics/analytics.module.ts:39–46	Analytics lacks bounded query/resource controls, canonical provider identity and funnel/state vocabulary, consented/provenanced activity taxonomy, UTC retention/cohort source, materialized workload isolation and explicit unknown metric/schema health states.	Analytics is a bounded read-model with typed finite query limits, canonical identities/state vocabulary, consented event taxonomy/provenance, explicit retention/time semantics, materialized/isolated workloads and declared unknown/freshness/confidence rather than fabricated metrics.	Analytics/Data Platform + Privacy	NONE_FOUND_AFTER_TARGETED_SEARCH	FINAL_MAPPED	Manual mapping; sensitive search-term policy is already R-12B/R-13 dependency, while settled financial metrics belong to R-05D.
CONFIRMED_ROOT_CODE_DEFECT_ANALYTICS_MATERIALIZED_BOUNDED_QUERY_TIMEOUT_WORKLOAD_ISOLATION	F-746	R-21E	src/modules/analytics/analytics.module.ts:18–116	Analytics lacks bounded query/resource controls, canonical provider identity and funnel/state vocabulary, consented/provenanced activity taxonomy, UTC retention/cohort source, materialized workload isolation and explicit unknown metric/schema health states.	Analytics is a bounded read-model with typed finite query limits, canonical identities/state vocabulary, consented event taxonomy/provenance, explicit retention/time semantics, materialized/isolated workloads and declared unknown/freshness/confidence rather than fabricated metrics.	Analytics/Data Platform + Privacy	NONE_FOUND_AFTER_TARGETED_SEARCH	FINAL_MAPPED	Manual mapping; sensitive search-term policy is already R-12B/R-13 dependency, while settled financial metrics belong to R-05D.
CONFIRMED_ROOT_CODE_DEFECT_ANALYTICS_RETENTION_UTC_YEAR_COHORT_ACTIVITY_SOURCE	F-744	R-21E	src/modules/analytics/analytics.module.ts:99–107	Analytics lacks bounded query/resource controls, canonical provider identity and funnel/state vocabulary, consented/provenanced activity taxonomy, UTC retention/cohort source, materialized workload isolation and explicit unknown metric/schema health states.	Analytics is a bounded read-model with typed finite query limits, canonical identities/state vocabulary, consented event taxonomy/provenance, explicit retention/time semantics, materialized/isolated workloads and declared unknown/freshness/confidence rather than fabricated metrics.	Analytics/Data Platform + Privacy	NONE_FOUND_AFTER_TARGETED_SEARCH	FINAL_MAPPED	Manual mapping; sensitive search-term policy is already R-12B/R-13 dependency, while settled financial metrics belong to R-05D.
CONFIRMED_ROOT_CODE_DEFECT_ANALYTICS_SCHEMA_FIELD_STATUS_METRIC_HEALTH_UNKNOWN_STATE_DEFENSE	F-748	R-21E	src/modules/analytics/analytics.module.ts:16–116	Analytics lacks bounded query/resource controls, canonical provider identity and funnel/state vocabulary, consented/provenanced activity taxonomy, UTC retention/cohort source, materialized workload isolation and explicit unknown metric/schema health states.	Analytics is a bounded read-model with typed finite query limits, canonical identities/state vocabulary, consented event taxonomy/provenance, explicit retention/time semantics, materialized/isolated workloads and declared unknown/freshness/confidence rather than fabricated metrics.	Analytics/Data Platform + Privacy	NONE_FOUND_AFTER_TARGETED_SEARCH	FINAL_MAPPED	Manual mapping; sensitive search-term policy is already R-12B/R-13 dependency, while settled financial metrics belong to R-05D.
CONFIRMED_ROOT_CODE_DEFECT_ANALYTICS_STRICT_FINITE_POSITIVE_MAX_LIMIT_DTO	F-738	R-21E	src/modules/analytics/analytics.module.ts:120–143	Analytics lacks bounded query/resource controls, canonical provider identity and funnel/state vocabulary, consented/provenanced activity taxonomy, UTC retention/cohort source, materialized workload isolation and explicit unknown metric/schema health states.	Analytics is a bounded read-model with typed finite query limits, canonical identities/state vocabulary, consented event taxonomy/provenance, explicit retention/time semantics, materialized/isolated workloads and declared unknown/freshness/confidence rather than fabricated metrics.	Analytics/Data Platform + Privacy	NONE_FOUND_AFTER_TARGETED_SEARCH	FINAL_MAPPED	Manual mapping; sensitive search-term policy is already R-12B/R-13 dependency, while settled financial metrics belong to R-05D.
CONFIRMED_ROOT_CODE_DEFECT_APPROVAL_PENDING_QUEUE_CURSOR_SCOPE_PROJECTION	F-2831	R-16D	src/modules/approval-workflow/approval-workflow.module.ts:61–63	Approval-workflow requests lack a consistent typed actor/owner boundary, versioned atomic allocation, immutable allowlisted change data, exhaustive service/entity routing, fail-closed unknown type, safe PHI attachment provenance, durable publication outbox and scoped queue projections.	Approval requests use typed authenticated actor and owner/admin scope, version/CAS allocation, allowlisted immutable entity change sets, exhaustive fail-closed routing, approved safe attachments, durable publication/outbox and minimum necessary cursor-paginated request views with audit.	Approval Workflow + Domain Owners + Privacy	F-2823,F-2829	FINAL_MAPPED	Manual mapping; legal consent evidence is R-24A, catalog publication business policy is R-12/R-21, and execution remains an owning-domain command.
CONFIRMED_ROOT_CODE_DEFECT_APPROVAL_PUBLICATION_ENTITY_REQUEST_OUTBOX_SAGA	F-2827	R-16D	src/modules/approval-workflow/approval-workflow.module.ts:117–164	Approval-workflow requests lack a consistent typed actor/owner boundary, versioned atomic allocation, immutable allowlisted change data, exhaustive service/entity routing, fail-closed unknown type, safe PHI attachment provenance, durable publication outbox and scoped queue projections.	Approval requests use typed authenticated actor and owner/admin scope, version/CAS allocation, allowlisted immutable entity change sets, exhaustive fail-closed routing, approved safe attachments, durable publication/outbox and minimum necessary cursor-paginated request views with audit.	Approval Workflow + Domain Owners + Privacy	F-2823,F-2829	FINAL_MAPPED	Manual mapping; legal consent evidence is R-24A, catalog publication business policy is R-12/R-21, and execution remains an owning-domain command.
CONFIRMED_ROOT_CODE_DEFECT_APPROVAL_REQUEST_VERSION_ATOMIC_ALLOCATION	F-2824	R-16D	src/modules/approval-workflow/approval-workflow.module.ts:41–58	Approval-workflow requests lack a consistent typed actor/owner boundary, versioned atomic allocation, immutable allowlisted change data, exhaustive service/entity routing, fail-closed unknown type, safe PHI attachment provenance, durable publication outbox and scoped queue projections.	Approval requests use typed authenticated actor and owner/admin scope, version/CAS allocation, allowlisted immutable entity change sets, exhaustive fail-closed routing, approved safe attachments, durable publication/outbox and minimum necessary cursor-paginated request views with audit.	Approval Workflow + Domain Owners + Privacy	F-2823,F-2829	FINAL_MAPPED	Manual mapping; legal consent evidence is R-24A, catalog publication business policy is R-12/R-21, and execution remains an owning-domain command.
CONFIRMED_ROOT_CODE_DEFECT_APPROVAL_WORKFLOW_UNKNOWN_SERVICE_TYPE_FAIL_CLOSED	F-2826	R-16D	src/modules/approval-workflow/approval-workflow.module.ts:142–152	Approval-workflow requests lack a consistent typed actor/owner boundary, versioned atomic allocation, immutable allowlisted change data, exhaustive service/entity routing, fail-closed unknown type, safe PHI attachment provenance, durable publication outbox and scoped queue projections.	Approval requests use typed authenticated actor and owner/admin scope, version/CAS allocation, allowlisted immutable entity change sets, exhaustive fail-closed routing, approved safe attachments, durable publication/outbox and minimum necessary cursor-paginated request views with audit.	Approval Workflow + Domain Owners + Privacy	F-2823,F-2829	FINAL_MAPPED	Manual mapping; legal consent evidence is R-24A, catalog publication business policy is R-12/R-21, and execution remains an owning-domain command.
CONFIRMED_ROOT_CODE_DEFECT_APP_RUNTIME_CAPABILITY_ENVIRONMENT_GRAPH_ISOLATION	F-1302	R-15G	src/app.module.ts:135–256	AppModule composes a broad static graph of production, compatibility, operations and feature modules without a reviewed environment capability/isolation contract, so module activation/dependency expectations cannot be established from an explicit per-environment manifest.	Each declared environment/dependency mode has an explicit allowlist, required configuration, bounded startup deadline and fail-closed outcome. The process must not continue with a substituted, local, unknown or partially initialized datastore after a requested dependency fails; a startup outcome is not readiness proof.	SRE/Platform + Backend Bootstrap + Domain owners	NONE_FOUND_AFTER_TARGETED_SEARCH	FINAL_MAPPED	Manual mapping from frozen baseline source. Targeted derived search found no directly matching DERIVED_DUPLICATE labels. No server bootstrap, database, Sentry event, telemetry payload, production data, secret or runtime service was accessed.
CONFIRMED_ROOT_CODE_DEFECT_AUDIT_CURSOR_PAGINATION_QUERY_BUDGET	F-855	R-22G	src/modules/security/security.module.ts:19–53	Audit/security logging lacks durable append-safe persistence, classified/redacted details, bounded regex/cursor/query budgets, purpose-safe admin/patient projections, trusted correlation normalization and URL-query redaction.	Audit data is append-durable and tamper-evident with classified/redacted fields; reads are purpose-scoped minimum projections with bounded query/cursor controls and access audit; correlation IDs and URL/query metadata are normalized/trusted/redacted before logging.	Security/Audit Platform + Privacy	NONE_FOUND_AFTER_TARGETED_SEARCH	FINAL_MAPPED	Manual mapping; no audit log, user activity or request data was accessed.
CONFIRMED_ROOT_CODE_DEFECT_BOOKING_FLOW_PROVIDER_OWNERSHIP_HEURISTICS	F-749	R-03C	src/modules/booking-flow/booking-flow.module.ts:42–64	Booking flow resolves provider ownership by heuristics rather than authoritative active assignment/capability relationship.	Booking flow resolves provider/facility ownership from canonical active assignment and service capability, never heuristics.	Booking Operations + Provider Governance	NONE_FOUND_AFTER_TARGETED_SEARCH	FINAL_MAPPED	Manual booking command authority root.
CONFIRMED_ROOT_CODE_DEFECT_BOOKING_OPS_CANONICAL_ORCHESTRATION_BYPASS_DECOMMISSION	F-973	R-03C	src/modules/booking-ops/booking-ops.module.ts:2–24,83–150,191–204	Booking-ops commands permit weak domain-owner/facility/provider/license resolution, direct payment/insurance marking, weak DTO enum/payload boundaries and parallel orchestration that bypasses canonical booking authority.	Every booking operation verifies the active domain owner, facility/provider assignment and capability/license, accepts typed command payloads only, and delegates payment/insurance state to canonical R-05/R-04 contracts; parallel bypass routes are decommissioned or reconciled.	Booking Operations + Care + Identity	F-970	FINAL_MAPPED	Manual mapping; financial settlement and insurance decision retain authority in R-05/R-04, not in booking-ops commands.
CONFIRMED_ROOT_CODE_DEFECT_BOOKING_PROGRESS_EVENT_STATE_TRUTH	F-750	R-03B	src/modules/booking-flow/booking-flow.module.ts:103–169	Booking progress/retry behavior can report false success or lacks canonical state/idempotency outcome contract.	Booking progress and retry use canonical transition state/version/idempotency with durable truthful outcome and reconciliation rather than client/local success.	Booking Lifecycle	NONE_FOUND_AFTER_TARGETED_SEARCH	FINAL_MAPPED	Manual booking transition/retry root.
CONFIRMED_ROOT_CODE_DEFECT_BOOKING_RETRY_FALSE_SUCCESS	F-753	R-03B	src/modules/booking-flow/booking-flow.module.ts:183–200	Booking progress/retry behavior can report false success or lacks canonical state/idempotency outcome contract.	Booking progress and retry use canonical transition state/version/idempotency with durable truthful outcome and reconciliation rather than client/local success.	Booking Lifecycle	NONE_FOUND_AFTER_TARGETED_SEARCH	FINAL_MAPPED	Manual booking transition/retry root.
CONFIRMED_ROOT_CODE_DEFECT_BOOKING_RETRY_IDEMPOTENCY	F-754	R-03B	src/modules/booking-flow/booking-flow.module.ts:183–200,232–240	Booking progress/retry behavior can report false success or lacks canonical state/idempotency outcome contract.	Booking progress and retry use canonical transition state/version/idempotency with durable truthful outcome and reconciliation rather than client/local success.	Booking Lifecycle	NONE_FOUND_AFTER_TARGETED_SEARCH	FINAL_MAPPED	Manual booking transition/retry root.
CONFIRMED_ROOT_CODE_DEFECT_BUSINESS_RULES_ADMIN_SEPARATION	F-920	R-21A	src/modules/business-rules/business-rules.module.ts:167–179	Business-rules policy evaluation trusts caller context, lacks persisted/versioned surge/eligibility/capability authority and fail-closed missing/invalid inputs, can issue nonauthoritative pricing/payment results, and lacks admin separation/concurrency/redacted projection enforcement.	Business policy evaluation receives authoritative typed context only, is versioned/persisted and concurrency-safe, fails closed for unknown/missing eligibility/capability/payment inputs, returns bounded/redacted explainable results, and is enforced at owning commands with separated policy administration.	Business Policy Platform + Domain Owners	NONE_FOUND_AFTER_TARGETED_SEARCH	FINAL_MAPPED	Manual mapping; insurance, payment, pricing, provider capability and booking aggregates retain authority for their own decisions and settlements.
CONFIRMED_ROOT_CODE_DEFECT_BUSINESS_RULE_PRICING_AUTHORITY	F-914	R-21A	src/modules/business-rules/business-rules.module.ts:100–122	Business-rules policy evaluation trusts caller context, lacks persisted/versioned surge/eligibility/capability authority and fail-closed missing/invalid inputs, can issue nonauthoritative pricing/payment results, and lacks admin separation/concurrency/redacted projection enforcement.	Business policy evaluation receives authoritative typed context only, is versioned/persisted and concurrency-safe, fails closed for unknown/missing eligibility/capability/payment inputs, returns bounded/redacted explainable results, and is enforced at owning commands with separated policy administration.	Business Policy Platform + Domain Owners	NONE_FOUND_AFTER_TARGETED_SEARCH	FINAL_MAPPED	Manual mapping; insurance, payment, pricing, provider capability and booking aggregates retain authority for their own decisions and settlements.
CONFIRMED_ROOT_CODE_DEFECT_CANCELLATION_PENALTY_BOOKING_PAYMENT_AUTHORITY	F-808	R-03B	src/modules/operations-safety/operations-safety.module.ts:102–114	Cancellation penalty creation lacks canonical booking transition/payment authority and uniqueness/idempotency.	Cancellation triggers only from canonical authorized booking state transition; penalty is unique/idempotent and delegates any financial calculation/settlement to the authoritative policy/ledger.	Booking Lifecycle + Finance	NONE_FOUND_AFTER_TARGETED_SEARCH	FINAL_MAPPED	Manual reassignment to booking cancellation root with financial dependency retained in R-05.
CONFIRMED_ROOT_CODE_DEFECT_CANCELLATION_PENALTY_UNIQUENESS_IDEMPOTENCY	F-809	R-03B	src/modules/operations-safety/operations-safety.module.ts:102–114	Cancellation penalty creation lacks canonical booking transition/payment authority and uniqueness/idempotency.	Cancellation triggers only from canonical authorized booking state transition; penalty is unique/idempotent and delegates any financial calculation/settlement to the authoritative policy/ledger.	Booking Lifecycle + Finance	NONE_FOUND_AFTER_TARGETED_SEARCH	FINAL_MAPPED	Manual reassignment to booking cancellation root with financial dependency retained in R-05.
CONFIRMED_ROOT_CODE_DEFECT_CANCELLATION_POLICY_UNKNOWN_STATE_FAIL_OPEN	F-101	R-03B	src/modules/finance-engine/finance-engine.module.ts:687–706	Cancellation policy fails open on unknown state.	Cancellation evaluates only explicit canonical booking states and fails closed on unknown/missing policy/state, with downstream finance handled by canonical settlement.	Booking Lifecycle + Finance	NONE_FOUND_AFTER_TARGETED_SEARCH	FINAL_MAPPED	Manual reassignment to booking cancellation root.
CONFIRMED_ROOT_CODE_DEFECT_CANONICAL_IDENTIFIER_TENANT_RESOLUTION	F-958	R-02A	src/modules/compat/compat.module.ts:30–38,482–487,535–539,763–767,1037–1051	Canonical identifier resolution lacks tenant/relationship scope.	Identifier resolution is typed canonical and tenant/relationship/role scoped before read or command authorization.	Identity/Authorization Platform	NONE_FOUND_AFTER_TARGETED_SEARCH	FINAL_MAPPED	Manual reassignment to authorization root.
CONFIRMED_ROOT_CODE_DEFECT_CAREPLAN_PATIENT_SCOPE_AUTHORIZATION	F-515	R-10B	src/modules/home-care/home-care.service.ts:174–190	Care-plan creation and retrieval rely only on broad role checks and patient ID, without a verified assigned encounter/organization/consent subject scope.	Home-care fulfillment uses a canonical assigned booking/encounter context. Care plans, visit reports and supplies require a verified subject-provider/organization relationship, consented minimum clinical schema, versioned state/command ID and immutable author/time audit. Supplies are typed, bounded and linked to the assigned visit/fulfillment state. GPS measurement validity is a separate runtime/external verification gate.	Home-care Fulfillment + Clinical Privacy	NONE_FOUND_AFTER_TARGETED_SEARCH	FINAL_MAPPED	Manual mapping from frozen backend archive. Existing booking/assignment mappings remain unchanged; F-516 GPS attendance remains a runtime/policy verification gate. No visit, patient, GPS, supply or runtime operation was accessed.
CONFIRMED_ROOT_CODE_DEFECT_CART_CHECKOUT_ORDER_CART_SAGA	F-781	R-06C1	src/modules/cart/cart.module.ts:190–202	Cart, quote, offer selection and order creation lack one server-authoritative, versioned commercial command saga; legacy cart fields/summary/mutations may override canonical policy.	Pharmacy flow is request broadcast → eligible pharmacy offers → patient selection → server quote/stock validation → explicit cash/card/COD or insurance decision/co-pay; client fields never set price/availability/payment truth.	Pharmacy + Commerce/Booking + Payments	F-025,F-048,F-053,F-057,F-058,F-085,F-2442,F-2553	FINAL_MAPPED	Manual mapping; payment settlement is a dependency R-05A1 and mobile/web screens are derived presentation paths.
CONFIRMED_ROOT_CODE_DEFECT_CART_LEGACY_CONTRACT_POLICY_BYPASS	F-786	R-06C1	src/modules/cart/cart.module.ts:216–222	Cart, quote, offer selection and order creation lack one server-authoritative, versioned commercial command saga; legacy cart fields/summary/mutations may override canonical policy.	Pharmacy flow is request broadcast → eligible pharmacy offers → patient selection → server quote/stock validation → explicit cash/card/COD or insurance decision/co-pay; client fields never set price/availability/payment truth.	Pharmacy + Commerce/Booking + Payments	F-025,F-048,F-053,F-057,F-058,F-085,F-2442,F-2553	FINAL_MAPPED	Manual mapping; payment settlement is a dependency R-05A1 and mobile/web screens are derived presentation paths.
CONFIRMED_ROOT_CODE_DEFECT_CART_NONAUTHORITATIVE_SUMMARY_PRICING	F-777	R-06C1	src/modules/cart/cart.module.ts:62–75	Cart, quote, offer selection and order creation lack one server-authoritative, versioned commercial command saga; legacy cart fields/summary/mutations may override canonical policy.	Pharmacy flow is request broadcast → eligible pharmacy offers → patient selection → server quote/stock validation → explicit cash/card/COD or insurance decision/co-pay; client fields never set price/availability/payment truth.	Pharmacy + Commerce/Booking + Payments	F-025,F-048,F-053,F-057,F-058,F-085,F-2442,F-2553	FINAL_MAPPED	Manual mapping; payment settlement is a dependency R-05A1 and mobile/web screens are derived presentation paths.
CONFIRMED_ROOT_CODE_DEFECT_CATALOG_IMPORT_QUARANTINE_ROLLBACK_AUDIT	F-993	R-12D	src/modules/compat/admin-spa.module.ts:1095–1140	Catalog import lacks quarantine, rollback and audit governance.	Catalog imports are quarantined, validated, versioned and auditable with rollback/reconciliation before public publication.	Commercial Catalog Governance + Release	NONE_FOUND_AFTER_TARGETED_SEARCH	FINAL_MAPPED	Manual commercial catalog import subroot; release execution remains R-15.
CONFIRMED_ROOT_CODE_DEFECT_CMS_MEDIA_CATALOG_PUBLICATION_GOVERNANCE	F-980	R-12C	src/modules/compat/admin-spa.module.ts:432–495	CMS media catalog publication lacks governed canonical publication lifecycle.	CMS/catalog media publication uses reviewed/versioned readiness, safe asset references and durable reconciled public projection.	Catalog/CMS Governance + Media	NONE_FOUND_AFTER_TARGETED_SEARCH	FINAL_MAPPED	Manual reassignment to public catalog publication root.
CONFIRMED_ROOT_CODE_DEFECT_COMMISSION_UNKNOWN_SERVICE_FAIL_OPEN	F-1514	R-05D	src/modules/legal/legal.module.ts:147–153,199–203	Commission resolution silently defaults unknown service types to 10 percent instead of failing closed against canonical effective-dated service policy.	Commission configuration is a versioned approved commercial policy: one atomic initialized canonical record with typed allowlisted changes, effective dates, maker-checker/actor-reason audit and durable change evidence. All provider/service resolution is fail-closed for unknown scope and uses tenant/purpose-authorized minimum DTOs; derived rates feed canonical settlement/issued invoices only.	Finance/Reporting + Configuration Governance + Privacy	F-1515,F-1517	FINAL_MAPPED	Manual mapping from frozen backend archive. Legal policy/acceptance labels F-1503–F-1510 remain the separate R-24A consent/policy root; F-1518 remains insufficient-evidence. No finance configuration, commission, provider, invoice or runtime operation was accessed.
CONFIRMED_ROOT_CODE_DEFECT_CONSENT_TYPED_VALUE_POLICY_VERSION_EVIDENCE	F-502	R-24A	src/modules/legal/legal-enterprise.controller.ts:125–138 ; src/modules/legal/legal-enterprise.service.ts:365–387	Legal policy and acceptance handling lacks immutable typed consent value/version/artifact evidence, owner/org scope, Arabic artifact fidelity, effective/publication rules, unique idempotent archive lifecycle, device/platform provenance and bounded pending applicability.	Every consent/acceptance records an immutable typed value, policy version/effective artifact digest and authorized subject/organization scope; policy publication is allowlisted/versioned, acceptance is unique/idempotent/archive-durable with device/platform provenance and pending applicability is explicitly bounded/audited.	Legal/Compliance + Privacy	F-1509	FINAL_MAPPED	Manual mapping; family/clinical/insurance consent and generic approval workflow remain specialized roots with legal-evidence dependency where applicable.
CONFIRMED_ROOT_CODE_DEFECT_CONSISTENCY_DUPLICATE_HEURISTIC_NO_DOMAIN_OVERLAP_CONFIDENCE	F-697	R-16F	src/modules/consistency/consistency.module.ts:34–59	Consistency reconciliation uses weak duplicate/invariant/stuck heuristics, lacks bounded coverage/cursor and SLA recovery, and has no durable approved checkpointed job lifecycle.	Consistency work uses explicit per-domain invariants and overlap confidence, bounded resumable coverage, time/SLA recovery classification, durable checkpointed approved jobs and immutable reconciliation evidence; it never infers or changes truth silently.	Platform Reliability + Domain Owners	NONE_FOUND_AFTER_TARGETED_SEARCH	FINAL_MAPPED	Manual reconciliation root; source aggregate state remains authoritative and no job was run.
CONFIRMED_ROOT_CODE_DEFECT_CONSISTENCY_INVARIANT_MATRIX_CANCEL_EVENT_ONLY	F-701	R-16F	src/modules/consistency/consistency.module.ts:77–92	Consistency reconciliation uses weak duplicate/invariant/stuck heuristics, lacks bounded coverage/cursor and SLA recovery, and has no durable approved checkpointed job lifecycle.	Consistency work uses explicit per-domain invariants and overlap confidence, bounded resumable coverage, time/SLA recovery classification, durable checkpointed approved jobs and immutable reconciliation evidence; it never infers or changes truth silently.	Platform Reliability + Domain Owners	NONE_FOUND_AFTER_TARGETED_SEARCH	FINAL_MAPPED	Manual reconciliation root; source aggregate state remains authoritative and no job was run.
CONFIRMED_ROOT_CODE_DEFECT_CONSULTATION_MESSAGE_PARTICIPANT_STATE_AUTHORIZATION	F-944	R-18B	src/modules/compat/compat.module.ts:477–532	Consultation message access lacks server-verified participant and appointment state authorization.	Consultation messages require active authorized participant and appointment state relationship, fail closed on missing registry data and use minimum audited projection.	Chat/Communication + Care	NONE_FOUND_AFTER_TARGETED_SEARCH	FINAL_MAPPED	Manual reassignment to chat lifecycle root.
CONFIRMED_ROOT_CODE_DEFECT_CONSULTATION_SLOT_ATOMIC_CAPACITY_LOCK	F-896	R-03A	src/modules/doctors/doctors.module.ts:105–124	Consultation slot capacity lacks atomic lock/reservation contract.	Slot capacity is reserved atomically with provider/facility/timezone/capacity invariants and idempotent expiry/release reconciliation.	Scheduling/Reservations	NONE_FOUND_AFTER_TARGETED_SEARCH	FINAL_MAPPED	Manual reassignment to slot/reservation root.
CONFIRMED_ROOT_CODE_DEFECT_CONSULTATION_SLOT_TIMEZONE_CALENDAR_VALIDATION	F-895	R-03A	src/modules/doctors/doctors.module.ts:27–29,85–110	Consultation slot calendar accepts timezone/calendar semantics outside the canonical atomic slot contract.	All consultation schedule commands share provider/facility timezone, duration and interval validation with R-03A reservation rules.	Doctors + Booking Platform	F-1490	FINAL_MAPPED	Manual reassignment to slot/timezone root.
CONFIRMED_ROOT_CODE_DEFECT_COPAY_SETTLEMENT_RECONCILIATION	F-639	R-04A4	src/modules/insurance-engine/insurance-engine.module.ts:424–443	Insurance co-pay settlement and cancellation lack reconciled downstream lifecycle.	Co-pay/cancellation transitions use authoritative claim/booking/payment states with durable downstream events, idempotent reconciliation and explicit terminal outcomes.	Insurance Orchestration + Finance	NONE_FOUND_AFTER_TARGETED_SEARCH	FINAL_MAPPED	Manual mapping to insurance claim/co-pay settlement lifecycle root.
CONFIRMED_ROOT_CODE_DEFECT_COUPON_LOYALTY_FRAUD_ATOMICITY	F-104	R-05C	src/modules/finance-engine/finance-engine.module.ts:294–333,376–423,438–454	Coupon/loyalty logic lacks authoritative provider context and atomic fraud-safe reward/coupon/ledger contract.	Coupon and loyalty commands use authoritative provider/eligibility context, bounded policy, unique atomic reward/coupon allocation and canonical commercial ledger/audit/reconciliation.	Commercial/Loyalty Platform	NONE_FOUND_AFTER_TARGETED_SEARCH	FINAL_MAPPED	Manual mapping to commercial ledger root.
CONFIRMED_ROOT_CODE_DEFECT_COUPON_POLICY_PUBLICATION_ATOMIC_USAGE	F-984	R-05C	src/modules/compat/admin-spa.module.ts:607–651	Coupon policy publication and usage lack atomic commercial ledger/allocation contract.	Coupon publication/use is versioned, eligible, atomic and recorded in canonical commercial ledger with audit.	Commercial/Loyalty Platform	NONE_FOUND_AFTER_TARGETED_SEARCH	FINAL_MAPPED	Manual reassignment to loyalty/referral/wallet commercial ledger root.
CONFIRMED_ROOT_CODE_DEFECT_COUPON_PROVIDER_CONTEXT_AUTHORITY	F-102	R-05C	src/modules/finance-engine/finance-engine.module.ts:266–275	Coupon/loyalty logic lacks authoritative provider context and atomic fraud-safe reward/coupon/ledger contract.	Coupon and loyalty commands use authoritative provider/eligibility context, bounded policy, unique atomic reward/coupon allocation and canonical commercial ledger/audit/reconciliation.	Commercial/Loyalty Platform	NONE_FOUND_AFTER_TARGETED_SEARCH	FINAL_MAPPED	Manual mapping to commercial ledger root.
CONFIRMED_ROOT_CODE_DEFECT_COVERAGE_COPAY_FINANCIAL_INVARIANTS	F-2902	R-04A4	src/modules/insurance/insurance.module.ts:175–210	Insurance coverage co-pay and claim flows do not fully enforce canonical financial invariants, server-authoritative amount, durable settlement lifecycle, idempotent patient/admin mutation and audit.	Coverage/claim commands derive amounts and co-pay from authoritative policy/provider decision, bind settlement to claim/booking state with durable lifecycle, reject client amount truth and use idempotent audited versioned patient/admin transitions.	Insurance Orchestration + Finance	NONE_FOUND_AFTER_TARGETED_SEARCH	FINAL_MAPPED	Manual mapping; PSP payment execution/ledger remains R-05A/R-05D and full/partial/reject decision root is R-04A1.
CONFIRMED_ROOT_CODE_DEFECT_DELIVERY_POLICY_QUOTE_VERSIONING	F-986	R-11A	src/modules/compat/admin-spa.module.ts:734–825	Driver location, shift, delivery assignment/reassignment and delivery quote policies lack verified relationship/eligibility, atomic claim, telemetry validation and versioned durable fulfillment truth.	Driver/delivery operations require active authorized shift and order relationship, validated fresh/consented telemetry, atomic assignment/reassignment with capacity/geography checks, versioned quote policy and durable pickup/delivery transitions with audit.	Driver/Delivery Operations + Privacy	F-535,F-540	FINAL_MAPPED	Manual mapping; media proof is R-07B/R-11B, finance earnings is R-05, and realtime/event transport is separate.
CONFIRMED_ROOT_CODE_DEFECT_DLQ_CLAIM_LEASE_CONCURRENCY	F-837	R-09D	src/modules/event-reliability/event-reliability.module.ts:99–118	Dead-letter processing lacks redacted/retained payload governance, atomic claim lease/concurrency, truthful listener acknowledgement and bounded classified retry policy.	Dead-letter events retain minimum classified/redacted payloads under retention/access policy; processing uses atomic lease/claim, durable truthful acknowledge outcome, bounded classified retries/dead-letter escalation and immutable audit/reconciliation.	Event Platform + Privacy/Reliability	NONE_FOUND_AFTER_TARGETED_SEARCH	FINAL_MAPPED	Manual event-reliability subroot; no queue, event, DLQ or runtime operation was accessed.
CONFIRMED_ROOT_CODE_DEFECT_DLQ_LISTENER_ACK_TRUTH	F-838	R-09D	src/modules/event-reliability/event-reliability.module.ts:103–117	Dead-letter processing lacks redacted/retained payload governance, atomic claim lease/concurrency, truthful listener acknowledgement and bounded classified retry policy.	Dead-letter events retain minimum classified/redacted payloads under retention/access policy; processing uses atomic lease/claim, durable truthful acknowledge outcome, bounded classified retries/dead-letter escalation and immutable audit/reconciliation.	Event Platform + Privacy/Reliability	NONE_FOUND_AFTER_TARGETED_SEARCH	FINAL_MAPPED	Manual event-reliability subroot; no queue, event, DLQ or runtime operation was accessed.
CONFIRMED_ROOT_CODE_DEFECT_DLQ_RETRY_POLICY	F-839	R-09D	src/modules/event-reliability/event-reliability.module.ts:110–117	Dead-letter processing lacks redacted/retained payload governance, atomic claim lease/concurrency, truthful listener acknowledgement and bounded classified retry policy.	Dead-letter events retain minimum classified/redacted payloads under retention/access policy; processing uses atomic lease/claim, durable truthful acknowledge outcome, bounded classified retries/dead-letter escalation and immutable audit/reconciliation.	Event Platform + Privacy/Reliability	NONE_FOUND_AFTER_TARGETED_SEARCH	FINAL_MAPPED	Manual event-reliability subroot; no queue, event, DLQ or runtime operation was accessed.
CONFIRMED_ROOT_CODE_DEFECT_DOCTORS_SPECIALTY_PUBLICATION_FILTER_QUERY_PLAN	F-894	R-12B	src/modules/doctors/doctors.module.ts:74–82	Public doctor specialty listing lacks governed publication/filter/query plan.	Public discovery lists only published verified specialty records via typed bounded filter/query plans and minimum projection.	Catalog/Public Discovery	NONE_FOUND_AFTER_TARGETED_SEARCH	FINAL_MAPPED	Manual reassignment to public search/discovery root.
CONFIRMED_ROOT_CODE_DEFECT_DOCTOR_APPOINTMENT_CHAT_NOTIFICATION_CURSOR_COMPLETENESS	F-904	R-18B	src/modules/doctors/doctors.module.ts:148–150,183–187,214–221	Chat/family/appointment communication trusts client participant/sender state, permits arbitrary membership, lacks relationship/booking fail-closed checks, durable message/unread/replay lifecycle and bounded safe content/media policy.	Chat members are server-verified against active family/booking/appointment relationships and invitation/owner policy; commands are typed, idempotent and durable with participant/state audit, minimum PHI projection/retention, bounded media/content controls and authoritative closure/read lifecycle.	Chat/Communication + Clinical Privacy	F-070,F-312,F-729,F-1493	FINAL_MAPPED	Manual mapping; notification templates/delivery and safe media storage are shared dependencies, not merged causes.
CONFIRMED_ROOT_CODE_DEFECT_DOCTOR_APPOINTMENT_LEGAL_STATE_TRANSITION_MATRIX	F-1492	R-03B	src/modules/doctors/doctors.schemas.ts:52–65	Doctor appointment contract lacks a legal state transition matrix.	Consultation states permit only defined authorized transitions with version/CAS/audit and explicit pending/cancelled/completed truth.	Doctors + Booking Platform	F-903,F-1487,F-1493	FINAL_MAPPED	Manual mapping.
CONFIRMED_ROOT_CODE_DEFECT_DOCTOR_APPOINTMENT_RUNTIME_TYPE_PAYMENT_INSURANCE_ENUMS	F-1488	R-04A	src/modules/doctors/doctors.schemas.ts:52–69	Doctor appointment payment/insurance runtime type contract cannot safely represent canonical insurance decision/co-pay state.	Insurance request/decision/co-pay state is versioned and server-authoritative; client/DTO enum must not permit auto-cash or invalid confirmation.	Doctors + Insurance + Booking	F-078,F-1280	FINAL_MAPPED	Manual reassignment to insurance decision root; booking dependency R-03B.
CONFIRMED_ROOT_CODE_DEFECT_DOCTOR_AVAILABILITY_PROFILE_SCOPE_VERSION_BOOKING_RECONCILIATION	F-907	R-03B	src/modules/doctors/doctors.module.ts:234–243,266	Doctor availability/profile scope/version is not reconciled to the canonical booking eligibility state.	Availability is server-owned, provider/facility/specialty scoped and versioned; booking cannot confirm against stale or unrelated profile availability.	Doctors + Booking Platform	F-903,F-1490	FINAL_MAPPED	Manual mapping; slot capacity root remains R-03A.
CONFIRMED_ROOT_CODE_DEFECT_DOCTOR_PROFILE_NESTED_SCHEDULE_LOCATION_INSURANCE_VALIDATION_PROVENANCE	F-1484	R-23C	src/modules/doctors/doctors.schemas.ts:27–36	Doctor profile nested schedule/location/insurance fields lack typed validation and provenance.	Provider profiles use typed versioned validated schedule/location/insurance references with authoritative source/provenance and bounded public projection.	Provider/Facility Governance	NONE_FOUND_AFTER_TARGETED_SEARCH	FINAL_MAPPED	Manual doctor-profile root; insurance decision remains R-04 and availability remains R-16E.
CONFIRMED_ROOT_CODE_DEFECT_DOCTOR_PUBLICATION_AVAILABILITY_RUNTIME_STATE_GUARD	F-1485	R-16E	src/modules/doctors/doctors.schemas.ts:23–39	Doctor publication treats availability as uncontrolled runtime state.	Public/provider matching availability derives from authoritative verified time-bound state with explicit unavailable/degraded outcome, never publication default.	Workflow/Provider Matching	NONE_FOUND_AFTER_TARGETED_SEARCH	FINAL_MAPPED	Manual availability root; no provider runtime state was accessed.
CONFIRMED_ROOT_CODE_DEFECT_EINVOICE_BOOKING_UNIQUENESS_IDEMPOTENCY	F-237	R-05D	src/modules/billing/billing.module.ts:68–77,90–120	E-invoice issue path checks for an existing booking invoice then creates a new invoice without atomic booking/payment uniqueness, idempotency key or duplicate-race reconciliation.	E-invoices derive only from a canonical settled/reconciled payment and immutable commercial ledger snapshot. Issuance is versioned/idempotent with a booking/payment uniqueness constraint, fiscal number lifecycle, reversal/refund/credit-note linkage, delivery/audit provenance and reconciliation; a PDF or generated QR is not settlement or regulatory compliance proof.	Finance/Reporting + Billing Platform	NONE_FOUND_AFTER_TARGETED_SEARCH	FINAL_MAPPED	Manual mapping from frozen backend archive. Existing settled-payment amount authority F-238 remains unchanged. ZATCA certification, invoice delivery/retention and role-ownership correlation remain separately classified. No invoice, payment, ledger, QR, PDF or runtime operation was accessed.
CONFIRMED_ROOT_CODE_DEFECT_EINVOICE_FISCAL_LIFECYCLE_RECONCILIATION	F-243	R-05D	src/modules/billing/billing.module.ts:27–43,90–120,123–129	E-invoice lifecycle derives/saves fiscal numbers and booking totals without canonical settlement event linkage, reversal/credit-note/refund transitions or durable reconciliation/audit lifecycle.	E-invoices derive only from a canonical settled/reconciled payment and immutable commercial ledger snapshot. Issuance is versioned/idempotent with a booking/payment uniqueness constraint, fiscal number lifecycle, reversal/refund/credit-note linkage, delivery/audit provenance and reconciliation; a PDF or generated QR is not settlement or regulatory compliance proof.	Finance/Reporting + Billing Platform	F-240	FINAL_MAPPED	Manual mapping from frozen backend archive. Existing settled-payment amount authority F-238 remains unchanged. ZATCA certification, invoice delivery/retention and role-ownership correlation remain separately classified. No invoice, payment, ledger, QR, PDF or runtime operation was accessed.
CONFIRMED_ROOT_CODE_DEFECT_EVENT_ADMIN_COMMAND_IDEMPOTENCY_AUDIT	F-842	R-09A	src/modules/event-reliability/event-reliability.module.ts:131–139	The common event platform lacks a complete typed, redacted, versioned event registry and a durable idempotent delivery/replay/dead-letter/retention/observable-command contract.	Every cross-domain event uses a registered typed/versioned envelope with sensitivity classification, correlation/idempotency and a durable outbox/consumer ledger; replay, expiry, redaction, retention and operator actions are bounded and auditable.	Platform Events + Security/Privacy	F-2551,F-2552,F-2553,F-2555,F-2558,F-2560	FINAL_MAPPED	Manual mapping; domain-specific sagas remain in their aggregate roots and runtime transport durability remains separately gated.
CONFIRMED_ROOT_CODE_DEFECT_EVENT_DELIVERY_IDEMPOTENCY	F-832	R-09A	src/modules/event-reliability/event-reliability.module.ts:49–60	The common event platform lacks a complete typed, redacted, versioned event registry and a durable idempotent delivery/replay/dead-letter/retention/observable-command contract.	Every cross-domain event uses a registered typed/versioned envelope with sensitivity classification, correlation/idempotency and a durable outbox/consumer ledger; replay, expiry, redaction, retention and operator actions are bounded and auditable.	Platform Events + Security/Privacy	F-2551,F-2552,F-2553,F-2555,F-2558,F-2560	FINAL_MAPPED	Manual mapping; domain-specific sagas remain in their aggregate roots and runtime transport durability remains separately gated.
CONFIRMED_ROOT_CODE_DEFECT_EVENT_DELIVERY_LOG_FAILURE_SIGNAL	F-834	R-09A	src/modules/event-reliability/event-reliability.module.ts:49–60	The common event platform lacks a complete typed, redacted, versioned event registry and a durable idempotent delivery/replay/dead-letter/retention/observable-command contract.	Every cross-domain event uses a registered typed/versioned envelope with sensitivity classification, correlation/idempotency and a durable outbox/consumer ledger; replay, expiry, redaction, retention and operator actions are bounded and auditable.	Platform Events + Security/Privacy	F-2551,F-2552,F-2553,F-2555,F-2558,F-2560	FINAL_MAPPED	Manual mapping; domain-specific sagas remain in their aggregate roots and runtime transport durability remains separately gated.
CONFIRMED_ROOT_CODE_DEFECT_EVENT_RELIABILITY_METRIC_TRUTH	F-836	R-09A	src/modules/event-reliability/event-reliability.module.ts:76–96	The common event platform lacks a complete typed, redacted, versioned event registry and a durable idempotent delivery/replay/dead-letter/retention/observable-command contract.	Every cross-domain event uses a registered typed/versioned envelope with sensitivity classification, correlation/idempotency and a durable outbox/consumer ledger; replay, expiry, redaction, retention and operator actions are bounded and auditable.	Platform Events + Security/Privacy	F-2551,F-2552,F-2553,F-2555,F-2558,F-2560	FINAL_MAPPED	Manual mapping; domain-specific sagas remain in their aggregate roots and runtime transport durability remains separately gated.
CONFIRMED_ROOT_CODE_DEFECT_EVENT_REPLAY_SAFETY	F-840	R-09A	src/modules/event-reliability/event-reliability.module.ts:120–128	The common event platform lacks a complete typed, redacted, versioned event registry and a durable idempotent delivery/replay/dead-letter/retention/observable-command contract.	Every cross-domain event uses a registered typed/versioned envelope with sensitivity classification, correlation/idempotency and a durable outbox/consumer ledger; replay, expiry, redaction, retention and operator actions are bounded and auditable.	Platform Events + Security/Privacy	F-2551,F-2552,F-2553,F-2555,F-2558,F-2560	FINAL_MAPPED	Manual mapping; domain-specific sagas remain in their aggregate roots and runtime transport durability remains separately gated.
CONFIRMED_ROOT_CODE_DEFECT_EXPORT_REQUEST_DOWNLOAD_AUDIT_LIFECYCLE	F-278	R-13A	src/modules/export/export.controller.ts:13–16,19–47	Patient privacy/security settings, addresses, deletion and export flows lack a unified typed, versioned, idempotent lifecycle with default invariants, associated-data retention/hold, purpose scope and auditable delivery.	Patient data commands use validated field-level typed changes, reauthentication/version/idempotency as needed, authoritative address/default invariants, full associated-data retention/deletion/legal-hold manifests and scoped cancellable audited exports.	Patient Data Rights + Identity/Privacy	F-030,F-276	FINAL_MAPPED	Manual mapping; payment instrument, family consent, clinical records and release backups remain separate roots.
CONFIRMED_ROOT_CODE_DEFECT_EXPORT_STREAMING_CAP_CANCEL_OPERATIONAL_SAFETY	F-274	R-13A	src/modules/export/export.service.ts:13–37	Patient privacy/security settings, addresses, deletion and export flows lack a unified typed, versioned, idempotent lifecycle with default invariants, associated-data retention/hold, purpose scope and auditable delivery.	Patient data commands use validated field-level typed changes, reauthentication/version/idempotency as needed, authoritative address/default invariants, full associated-data retention/deletion/legal-hold manifests and scoped cancellable audited exports.	Patient Data Rights + Identity/Privacy	F-030,F-276	FINAL_MAPPED	Manual mapping; payment instrument, family consent, clinical records and release backups remain separate roots.
CONFIRMED_ROOT_CODE_DEFECT_FACILITY_ADMISSION_BED_WARD_ATOMIC_RESERVATION_COUNTER	F-660	R-23B	src/modules/facility-ops/facility-ops.module.ts:82–109	Facility admissions, wards/beds, shifts, surgery and communications/resources lack unified branch/role/clinical-purpose controls, bounded transactional capacity, CAS/idempotency, truthful invalid outcome and audit/retention policy.	Facility resources use typed branch/role/purpose commands, bounded transactional ward/bed/OT capacity, idempotent admission/discharge/shift transitions, validated participant consent/capability, and minimum necessary audited/retained clinical/operational projections.	Facility Operations + Clinical Governance	NONE_FOUND_AFTER_TARGETED_SEARCH	FINAL_MAPPED	Manual mapping; attendance GPS remains R-11B and generic RBAC is a shared R-02A dependency.
CONFIRMED_ROOT_CODE_DEFECT_FACILITY_DISCHARGE_BED_WARD_ATOMIC_IDEMPOTENT_RECONCILIATION	F-661	R-23B	src/modules/facility-ops/facility-ops.module.ts:112–150	Facility admissions, wards/beds, shifts, surgery and communications/resources lack unified branch/role/clinical-purpose controls, bounded transactional capacity, CAS/idempotency, truthful invalid outcome and audit/retention policy.	Facility resources use typed branch/role/purpose commands, bounded transactional ward/bed/OT capacity, idempotent admission/discharge/shift transitions, validated participant consent/capability, and minimum necessary audited/retained clinical/operational projections.	Facility Operations + Clinical Governance	NONE_FOUND_AFTER_TARGETED_SEARCH	FINAL_MAPPED	Manual mapping; attendance GPS remains R-11B and generic RBAC is a shared R-02A dependency.
CONFIRMED_ROOT_CODE_DEFECT_FACILITY_RESOURCE_INVALID_VALUE_REJECT_TRUTHFUL_OUTCOME	F-670	R-23B	src/modules/facility-ops/facility-ops.module.ts:383–417	Facility admissions, wards/beds, shifts, surgery and communications/resources lack unified branch/role/clinical-purpose controls, bounded transactional capacity, CAS/idempotency, truthful invalid outcome and audit/retention policy.	Facility resources use typed branch/role/purpose commands, bounded transactional ward/bed/OT capacity, idempotent admission/discharge/shift transitions, validated participant consent/capability, and minimum necessary audited/retained clinical/operational projections.	Facility Operations + Clinical Governance	NONE_FOUND_AFTER_TARGETED_SEARCH	FINAL_MAPPED	Manual mapping; attendance GPS remains R-11B and generic RBAC is a shared R-02A dependency.
CONFIRMED_ROOT_CODE_DEFECT_FACILITY_SHIFT_STAFF_RELATION_TIME_DEPARTMENT_DTO_IDEMPOTENCY	F-664	R-23B	src/modules/facility-ops/facility-ops.module.ts:161–171,289–302	Facility admissions, wards/beds, shifts, surgery and communications/resources lack unified branch/role/clinical-purpose controls, bounded transactional capacity, CAS/idempotency, truthful invalid outcome and audit/retention policy.	Facility resources use typed branch/role/purpose commands, bounded transactional ward/bed/OT capacity, idempotent admission/discharge/shift transitions, validated participant consent/capability, and minimum necessary audited/retained clinical/operational projections.	Facility Operations + Clinical Governance	NONE_FOUND_AFTER_TARGETED_SEARCH	FINAL_MAPPED	Manual mapping; attendance GPS remains R-11B and generic RBAC is a shared R-02A dependency.
CONFIRMED_ROOT_CODE_DEFECT_FACILITY_SURGERY_OT_INTERVAL_ATOMIC_RESERVATION	F-667	R-23B	src/modules/facility-ops/facility-ops.module.ts:213–241	Facility admissions, wards/beds, shifts, surgery and communications/resources lack unified branch/role/clinical-purpose controls, bounded transactional capacity, CAS/idempotency, truthful invalid outcome and audit/retention policy.	Facility resources use typed branch/role/purpose commands, bounded transactional ward/bed/OT capacity, idempotent admission/discharge/shift transitions, validated participant consent/capability, and minimum necessary audited/retained clinical/operational projections.	Facility Operations + Clinical Governance	NONE_FOUND_AFTER_TARGETED_SEARCH	FINAL_MAPPED	Manual mapping; attendance GPS remains R-11B and generic RBAC is a shared R-02A dependency.
CONFIRMED_ROOT_CODE_DEFECT_FACILITY_WARD_BED_BOUNDED_TRANSACTIONAL_CREATION	F-662	R-23B	src/modules/facility-ops/facility-ops.module.ts:60–79	Facility admissions, wards/beds, shifts, surgery and communications/resources lack unified branch/role/clinical-purpose controls, bounded transactional capacity, CAS/idempotency, truthful invalid outcome and audit/retention policy.	Facility resources use typed branch/role/purpose commands, bounded transactional ward/bed/OT capacity, idempotent admission/discharge/shift transitions, validated participant consent/capability, and minimum necessary audited/retained clinical/operational projections.	Facility Operations + Clinical Governance	NONE_FOUND_AFTER_TARGETED_SEARCH	FINAL_MAPPED	Manual mapping; attendance GPS remains R-11B and generic RBAC is a shared R-02A dependency.
CONFIRMED_ROOT_CODE_DEFECT_FAMILY_CHAT_PROJECTION_REPLAY_GOVERNANCE	F-934	R-18B	src/modules/compat/compat.module.ts:40–86	Chat/family/appointment communication trusts client participant/sender state, permits arbitrary membership, lacks relationship/booking fail-closed checks, durable message/unread/replay lifecycle and bounded safe content/media policy.	Chat members are server-verified against active family/booking/appointment relationships and invitation/owner policy; commands are typed, idempotent and durable with participant/state audit, minimum PHI projection/retention, bounded media/content controls and authoritative closure/read lifecycle.	Chat/Communication + Clinical Privacy	F-070,F-312,F-729,F-1493	FINAL_MAPPED	Manual mapping; notification templates/delivery and safe media storage are shared dependencies, not merged causes.
CONFIRMED_ROOT_CODE_DEFECT_FAMILY_DELEGATED_RECORD_DEGRADED_FAILURE_SEMANTICS	F-506	R-08B	src/modules/family/family.service.ts:195–235	Family delegated-health actions lack a single authoritative capability/consent contract for target membership, scope, expiry/revocation, audit, state/idempotency and bounded emergency/calendar/booking delegation.	Every delegated family action verifies an active recipient/target capability with explicit scope, purpose, expiry/revocation and audit; consent/membership state transitions are idempotent, and health, calendar, emergency-contact and booking references are minimized and server-authoritative.	Family Platform + Care + Clinical Privacy	F-012,F-043,F-045,F-508,F-511	FINAL_MAPPED	Manual mapping; family chat F-052/F-308/F-313/F-934 and home search F-252 are intentionally excluded for their own roots.
CONFIRMED_ROOT_CODE_DEFECT_FAMILY_PERMISSION_REQUEST_TARGET_STATE_IDEMPOTENCY_SAGA	F-507	R-08B	src/modules/family/family.service.ts:381–430	Family delegated-health actions lack a single authoritative capability/consent contract for target membership, scope, expiry/revocation, audit, state/idempotency and bounded emergency/calendar/booking delegation.	Every delegated family action verifies an active recipient/target capability with explicit scope, purpose, expiry/revocation and audit; consent/membership state transitions are idempotent, and health, calendar, emergency-contact and booking references are minimized and server-authoritative.	Family Platform + Care + Clinical Privacy	F-012,F-043,F-045,F-508,F-511	FINAL_MAPPED	Manual mapping; family chat F-052/F-308/F-313/F-934 and home search F-252 are intentionally excluded for their own roots.
CONFIRMED_ROOT_CODE_DEFECT_FINANCE_ACCRUAL_AUTHORITY_AND_IDEMPOTENCY	F-644	R-05D	src/modules/insurance-engine/insurance-engine.module.ts:129–149	Finance accrual can be calculated outside canonical financial authority/idempotency.	Accruals derive from canonical immutable financial events with idempotent posting, explicit period/currency and audit/reconciliation.	Finance/Settlement	NONE_FOUND_AFTER_TARGETED_SEARCH	FINAL_MAPPED	Manual reassignment to financial reporting/settlement root.
CONFIRMED_ROOT_CODE_DEFECT_FINANCE_CONFIG_APPROVED_ATOMIC_INITIALIZATION	F-1511	R-05D	src/modules/legal/legal.module.ts:16–28,41–46	Finance commission configuration is initialized/read by separate non-atomic operations without a controlled single-record bootstrap, version/CAS or approved-policy provenance.	Commission configuration is a versioned approved commercial policy: one atomic initialized canonical record with typed allowlisted changes, effective dates, maker-checker/actor-reason audit and durable change evidence. All provider/service resolution is fail-closed for unknown scope and uses tenant/purpose-authorized minimum DTOs; derived rates feed canonical settlement/issued invoices only.	Finance/Reporting + Configuration Governance + Privacy	F-1512,F-1513,F-1517	FINAL_MAPPED	Manual mapping from frozen backend archive. Legal policy/acceptance labels F-1503–F-1510 remain the separate R-24A consent/policy root; F-1518 remains insufficient-evidence. No finance configuration, commission, provider, invoice or runtime operation was accessed.
CONFIRMED_ROOT_CODE_DEFECT_FINANCE_REFUND_POLICY_ADMIN_BYPASS	F-983	R-05B1	src/modules/compat/admin-spa.module.ts:562–605	Admin refund policy can bypass canonical refund authority.	Admin refund actions use canonical policy, settlement ledger, reason/approval/audit and idempotent transition; no shortcut bypass.	Finance/Refund Operations	NONE_FOUND_AFTER_TARGETED_SEARCH	FINAL_MAPPED	Manual reassignment to refund settlement root.
CONFIRMED_ROOT_CODE_DEFECT_FINANCIAL_FAILURE_FAIL_CLOSED_SEMANTICS	F-100	R-05A1	src/modules/finance-engine/finance-engine.module.ts:117–130,727–740	Financial failure semantics, server amount authority and payment command idempotency lack one fail-closed payment-intent boundary.	Payment can settle only against a server-owned quote/intent with amount, currency, order/booking ownership and idempotency; unavailable or unverified states are not paid/success.	Payments/Finance + Platform	F-048,F-053,F-057,F-058,F-078,F-240,F-544,F-819,F-970,F-3562	FINAL_MAPPED	Manual mapping; payment availability error semantics.
CONFIRMED_ROOT_CODE_DEFECT_FINANCIAL_SAGA_LEDGER_EXACT_ONCE_RECONCILIATION	F-099	R-05D	src/modules/finance-engine/finance-engine.module.ts:101–104,404–423,549–615,617–637,829–850	Financial saga/admin resource paths lack canonical exact-once ledger/reconciliation and typed resource-bound privileged authority.	Financial operations use canonical immutable exact-once ledger and reconciliation lifecycle; privileged finance access is typed resource/tenant/state-scoped with audit and cannot mutate via generic identifiers.	Finance/Settlement + Admin Authority	NONE_FOUND_AFTER_TARGETED_SEARCH	FINAL_MAPPED	Manual mapping to financial reporting/settlement root; PSP execution remains R-05A1.
CONFIRMED_ROOT_CODE_DEFECT_GUEST_IDENTITY_MERGE_ATOMICITY	F-183	R-01C	src/modules/auth/auth.service.ts:629–750	Guest-to-account identity merge lacks an atomic ownership/duplicate-abuse boundary.	Guest merge requires authenticated target account, explicit conflict policy, atomic transfer/reconciliation and audit; no client-selected identity authority.	Identity/Auth + Users	NONE_FOUND_AFTER_TARGETED_SEARCH	FINAL_MAPPED	Manual mapping; standalone aggregate merge root. Independent Phase-4 reconciliation performed a source-exact search of DERIVED_DUPLICATE ledger evidence; no direct match was found. Historical sentinel/cross-candidate derived claim was replaced without changing raw IDs, root, exact evidence, cause, rule or owner.
CONFIRMED_ROOT_CODE_DEFECT_HOMECARE_ASSIGNMENT_AUTHORIZATION	F-514	R-10B	src/modules/home-care/home-care.service.ts:116–171	Home-care/nursing booking, provider assignment and tracking lack one authoritative idempotent state/claim/availability/slot/address/quote contract and can expose completion/tracking without fulfillment truth.	Home-care commands use server-authoritative service/address/time/quote/insurance/payment dependencies, idempotent intent plus slot/capacity reservation, atomic eligible-provider claim and versioned state transitions; tracking and completion derive only from durable fulfillment state.	Home-care/Nursing Operations + Care	F-018,F-054,F-082,F-083,F-947	FINAL_MAPPED	Manual mapping; clinical report/protocol, GPS consent, media, payment/insurance, stock and event outbox remain separate shared roots.
CONFIRMED_ROOT_CODE_DEFECT_HOMECARE_BOOKING_IDEMPOTENCY_SLOT_CAPACITY_RESERVATION	F-719	R-10B	src/modules/home-care-compat/home-care-compat.module.ts:74–95	Home-care/nursing booking, provider assignment and tracking lack one authoritative idempotent state/claim/availability/slot/address/quote contract and can expose completion/tracking without fulfillment truth.	Home-care commands use server-authoritative service/address/time/quote/insurance/payment dependencies, idempotent intent plus slot/capacity reservation, atomic eligible-provider claim and versioned state transitions; tracking and completion derive only from durable fulfillment state.	Home-care/Nursing Operations + Care	F-018,F-054,F-082,F-083,F-947	FINAL_MAPPED	Manual mapping; clinical report/protocol, GPS consent, media, payment/insurance, stock and event outbox remain separate shared roots.
CONFIRMED_ROOT_CODE_DEFECT_HOMECARE_BOOKING_QUOTE_ADDRESS_TIME_PAYMENT_INSURANCE_AUTHORITY	F-718	R-10B	src/modules/home-care-compat/home-care-compat.module.ts:74–95	Home-care/nursing booking, provider assignment and tracking lack one authoritative idempotent state/claim/availability/slot/address/quote contract and can expose completion/tracking without fulfillment truth.	Home-care commands use server-authoritative service/address/time/quote/insurance/payment dependencies, idempotent intent plus slot/capacity reservation, atomic eligible-provider claim and versioned state transitions; tracking and completion derive only from durable fulfillment state.	Home-care/Nursing Operations + Care	F-018,F-054,F-082,F-083,F-947	FINAL_MAPPED	Manual mapping; clinical report/protocol, GPS consent, media, payment/insurance, stock and event outbox remain separate shared roots.
CONFIRMED_ROOT_CODE_DEFECT_HOMECARE_IDEMPOTENCY	F-512	R-10B	src/modules/home-care/home-care.service.ts:50–85	Home-care/nursing booking, provider assignment and tracking lack one authoritative idempotent state/claim/availability/slot/address/quote contract and can expose completion/tracking without fulfillment truth.	Home-care commands use server-authoritative service/address/time/quote/insurance/payment dependencies, idempotent intent plus slot/capacity reservation, atomic eligible-provider claim and versioned state transitions; tracking and completion derive only from durable fulfillment state.	Home-care/Nursing Operations + Care	F-018,F-054,F-082,F-083,F-947	FINAL_MAPPED	Manual mapping; clinical report/protocol, GPS consent, media, payment/insurance, stock and event outbox remain separate shared roots.
CONFIRMED_ROOT_CODE_DEFECT_HOMECARE_INPUT_AND_PAYMENT_AUTHORITY	F-513	R-10B	src/modules/home-care/home-care.service.ts:65–81	Home-care request accepts input/payment context without a canonical server-owned booking/quote/insurance authority.	Home-care booking must bind patient/address/service/slot/provider decision and server quote; cash/card or insurance/co-pay follows the canonical booking rule, never client payment fields.	Home-care + Booking + Payments	NONE_FOUND_AFTER_TARGETED_SEARCH	FINAL_MAPPED	Manual reassignment from financial suggestion to home-care fulfillment root; depends on R-05A1 and R-04. Independent Phase-4 reconciliation performed a source-exact search of DERIVED_DUPLICATE ledger evidence; no direct match was found. Historical sentinel/cross-candidate derived claim was replaced without changing raw IDs, root, exact evidence, cause, rule or owner.
CONFIRMED_ROOT_CODE_DEFECT_HOMECARE_INVENTORY_CATALOG_STOCK_RESERVATION_IDEMPOTENCY	F-727	R-10B	src/modules/home-care-compat/home-care-compat.module.ts:215–224	Home-care/nursing booking, provider assignment and tracking lack one authoritative idempotent state/claim/availability/slot/address/quote contract and can expose completion/tracking without fulfillment truth.	Home-care commands use server-authoritative service/address/time/quote/insurance/payment dependencies, idempotent intent plus slot/capacity reservation, atomic eligible-provider claim and versioned state transitions; tracking and completion derive only from durable fulfillment state.	Home-care/Nursing Operations + Care	F-018,F-054,F-082,F-083,F-947	FINAL_MAPPED	Manual mapping; clinical report/protocol, GPS consent, media, payment/insurance, stock and event outbox remain separate shared roots.
CONFIRMED_ROOT_CODE_DEFECT_HOMECARE_PROVIDER_AVAILABILITY_MATCHED_OUTCOME	F-726	R-10B	src/modules/home-care-compat/home-care-compat.module.ts:209–212	Home-care/nursing booking, provider assignment and tracking lack one authoritative idempotent state/claim/availability/slot/address/quote contract and can expose completion/tracking without fulfillment truth.	Home-care commands use server-authoritative service/address/time/quote/insurance/payment dependencies, idempotent intent plus slot/capacity reservation, atomic eligible-provider claim and versioned state transitions; tracking and completion derive only from durable fulfillment state.	Home-care/Nursing Operations + Care	F-018,F-054,F-082,F-083,F-947	FINAL_MAPPED	Manual mapping; clinical report/protocol, GPS consent, media, payment/insurance, stock and event outbox remain separate shared roots.
CONFIRMED_ROOT_CODE_DEFECT_HOMECARE_STATE_COMMAND_VERSION_IDEMPOTENCY_AUTHORITY	F-722	R-10B	src/modules/home-care-compat/home-care-compat.module.ts:116–148	Home-care/nursing booking, provider assignment and tracking lack one authoritative idempotent state/claim/availability/slot/address/quote contract and can expose completion/tracking without fulfillment truth.	Home-care commands use server-authoritative service/address/time/quote/insurance/payment dependencies, idempotent intent plus slot/capacity reservation, atomic eligible-provider claim and versioned state transitions; tracking and completion derive only from durable fulfillment state.	Home-care/Nursing Operations + Care	F-018,F-054,F-082,F-083,F-947	FINAL_MAPPED	Manual mapping; clinical report/protocol, GPS consent, media, payment/insurance, stock and event outbox remain separate shared roots.
CONFIRMED_ROOT_CODE_DEFECT_HOMECARE_UNASSIGNED_PROVIDER_ATOMIC_CLAIM_ELIGIBILITY	F-721	R-10B	src/modules/home-care-compat/home-care-compat.module.ts:103–113,116–156	Home-care/nursing booking, provider assignment and tracking lack one authoritative idempotent state/claim/availability/slot/address/quote contract and can expose completion/tracking without fulfillment truth.	Home-care commands use server-authoritative service/address/time/quote/insurance/payment dependencies, idempotent intent plus slot/capacity reservation, atomic eligible-provider claim and versioned state transitions; tracking and completion derive only from durable fulfillment state.	Home-care/Nursing Operations + Care	F-018,F-054,F-082,F-083,F-947	FINAL_MAPPED	Manual mapping; clinical report/protocol, GPS consent, media, payment/insurance, stock and event outbox remain separate shared roots.
CONFIRMED_ROOT_CODE_DEFECT_HOSPITAL_APPOINTMENT_CANONICAL_TRANSITION_CAS_AUDIT_EVENT	F-596	R-03B	src/modules/hospital/services/hospital.service.ts:172–186	Hospital appointment transitions lack a canonical compare-and-set state/audit/event lifecycle.	Appointment state changes require legal transition matrix, current version, authorized actor, immutable audit and durable event; no direct terminal mutation.	Hospital + Booking Platform	F-545,F-903,F-1487,F-1493	FINAL_MAPPED	Manual mapping; slot and chat/PII are dependent subcontracts.
CONFIRMED_ROOT_CODE_DEFECT_HOSPITAL_INVITATION_MEMBERSHIP_PERMISSION_ATOMIC_IDEMPOTENT_SAGA	F-595	R-23A	src/modules/hospital/services/hospital.service.ts:95–110	Hospital branches, staff, affiliations, invitations and appointment ownership lack one verified membership/branch/facility relationship, typed DTO, credential review, expiry/revocation and atomic idempotent invitation lifecycle.	Hospital operations verify active actor membership and branch/facility relationship; staff/department DTOs are allowlisted, affiliations/credentials are reviewed, invitations are recipient-bound/expiring/revocable/idempotent, and appointment ownership/projections are purpose-scoped and audited.	Hospital Operations + Identity/Privacy	NONE_FOUND_AFTER_TARGETED_SEARCH	FINAL_MAPPED	Manual mapping; canonical appointment state belongs to R-03B, financial wallet ledger belongs to R-05D and generic authorization depends on R-02A.
CONFIRMED_ROOT_CODE_DEFECT_HOSPITAL_STAFF_CANONICAL_OWNER_ACCOUNT_FIELD_INVARIANT	F-3799	R-23C	src/modules/hospital-staff/hospital-staff.module.ts:47–56,70–80	Hospital staff onboarding/maintenance lacks verified credential/qualification/approval, owner-account and permission invariants, fee provenance, typed commands, MFA/session/offboarding lifecycle, idempotency and purpose-safe audit projections.	Hospital staff records bind a verified qualified identity to one authoritative owner account and allowlisted permissions; credential approval, fee/currency provenance, typed commands, MFA/reset/revocation, suspension/offboarding, assignment retention, idempotency and immutable actor/reason audit are enforced.	Hospital Staff Operations + Security/Privacy	F-3800	FINAL_MAPPED	Manual mapping; payment settlement, clinical scheduling and external credential verification execution remain separate dependencies/gates.
CONFIRMED_ROOT_CODE_DEFECT_HOSPITAL_STAFF_CREATE_UNIQUE_CONFLICT_IDEMPOTENCY_ERROR_CONTRACT	F-3808	R-23C	src/modules/hospital-staff/hospital-staff.module.ts:44–48	Hospital staff onboarding/maintenance lacks verified credential/qualification/approval, owner-account and permission invariants, fee provenance, typed commands, MFA/session/offboarding lifecycle, idempotency and purpose-safe audit projections.	Hospital staff records bind a verified qualified identity to one authoritative owner account and allowlisted permissions; credential approval, fee/currency provenance, typed commands, MFA/reset/revocation, suspension/offboarding, assignment retention, idempotency and immutable actor/reason audit are enforced.	Hospital Staff Operations + Security/Privacy	F-3800	FINAL_MAPPED	Manual mapping; payment settlement, clinical scheduling and external credential verification execution remain separate dependencies/gates.
CONFIRMED_ROOT_CODE_DEFECT_HOSPITAL_STAFF_SUSPENSION_ACCESS_ASSIGNMENT_SESSION_LIFECYCLE	F-3806	R-23C	src/modules/hospital-staff/hospital-staff.module.ts:83–90	Hospital staff onboarding/maintenance lacks verified credential/qualification/approval, owner-account and permission invariants, fee provenance, typed commands, MFA/session/offboarding lifecycle, idempotency and purpose-safe audit projections.	Hospital staff records bind a verified qualified identity to one authoritative owner account and allowlisted permissions; credential approval, fee/currency provenance, typed commands, MFA/reset/revocation, suspension/offboarding, assignment retention, idempotency and immutable actor/reason audit are enforced.	Hospital Staff Operations + Security/Privacy	F-3800	FINAL_MAPPED	Manual mapping; payment settlement, clinical scheduling and external credential verification execution remain separate dependencies/gates.
CONFIRMED_ROOT_CODE_DEFECT_INSURANCE_ADMIN_DECISION_ORCHESTRATION_BYPASS	F-990	R-04A1	src/modules/compat/admin-spa.module.ts:1007–1051	Admin insurance decision path bypasses canonical decision orchestration.	Insurance decisions use the canonical versioned provider/policy decision workflow with explicit full/partial/reject and audit; admin cannot bypass it.	Insurance Orchestration	NONE_FOUND_AFTER_TARGETED_SEARCH	FINAL_MAPPED	Manual reassignment to insurance decision root.
CONFIRMED_ROOT_CODE_DEFECT_INSURANCE_ADMIN_MUTATION_IDEMPOTENCY_AUDIT	F-2912	R-04A4	src/modules/insurance/insurance.module.ts:389–448	Insurance coverage co-pay and claim flows do not fully enforce canonical financial invariants, server-authoritative amount, durable settlement lifecycle, idempotent patient/admin mutation and audit.	Coverage/claim commands derive amounts and co-pay from authoritative policy/provider decision, bind settlement to claim/booking state with durable lifecycle, reject client amount truth and use idempotent audited versioned patient/admin transitions.	Insurance Orchestration + Finance	NONE_FOUND_AFTER_TARGETED_SEARCH	FINAL_MAPPED	Manual mapping; PSP payment execution/ledger remains R-05A/R-05D and full/partial/reject decision root is R-04A1.
CONFIRMED_ROOT_CODE_DEFECT_INSURANCE_APPEAL_OUTBOX_IDEMPOTENCY	F-636	R-04A1	src/modules/insurance-engine/insurance-engine.module.ts:292–329	Insurance quote/request/appeal/decision flow trusts client commercial context or lacks canonical idempotency, durable appeal outbox and concurrency control over decision/co-pay state.	Insurance quote/request/appeal/decision commands derive price and eligibility from authoritative policy/provider records, are idempotent/versioned, persist durable events and serialize decision/co-pay transitions with explicit full/partial/reject outcome.	Insurance Orchestration + Finance	NONE_FOUND_AFTER_TARGETED_SEARCH	FINAL_MAPPED	Manual mapping; payment settlement remains R-05/R-04A4 and policy document privacy is R-04C.
CONFIRMED_ROOT_CODE_DEFECT_INSURANCE_CANCELLATION_DOWNSTREAM_SYNC	F-640	R-04A4	src/modules/insurance-engine/insurance-engine.module.ts:445–452	Insurance co-pay settlement and cancellation lack reconciled downstream lifecycle.	Co-pay/cancellation transitions use authoritative claim/booking/payment states with durable downstream events, idempotent reconciliation and explicit terminal outcomes.	Insurance Orchestration + Finance	NONE_FOUND_AFTER_TARGETED_SEARCH	FINAL_MAPPED	Manual mapping to insurance claim/co-pay settlement lifecycle root.
CONFIRMED_ROOT_CODE_DEFECT_INSURANCE_CATALOG_MUTATION_VALIDATION	F-2899	R-04B	src/modules/insurance/insurance.module.ts:63–68,117–131,389–448	Public insurance network/catalog exposure lacks verified publication/governance filtering, minimum public rule projection and typed validated catalog mutation contract.	Public insurance catalog/network results are limited to verified current governed records with minimum safe public DTOs; catalog commands use typed validation, authorized/versioned publication lifecycle and reconciliation/audit.	Insurance Platform + Catalog Governance	F-074,F-1847,F-1848	FINAL_MAPPED	Manual mapping; release/import execution remains R-15 and policy decision/co-pay remains R-04A.
CONFIRMED_ROOT_CODE_DEFECT_INSURANCE_CLAIM_SETTLEMENT_LIFECYCLE	F-2910	R-04A4	src/modules/insurance/insurance.module.ts:338–365	Insurance coverage co-pay and claim flows do not fully enforce canonical financial invariants, server-authoritative amount, durable settlement lifecycle, idempotent patient/admin mutation and audit.	Coverage/claim commands derive amounts and co-pay from authoritative policy/provider decision, bind settlement to claim/booking state with durable lifecycle, reject client amount truth and use idempotent audited versioned patient/admin transitions.	Insurance Orchestration + Finance	NONE_FOUND_AFTER_TARGETED_SEARCH	FINAL_MAPPED	Manual mapping; PSP payment execution/ledger remains R-05A/R-05D and full/partial/reject decision root is R-04A1.
CONFIRMED_ROOT_CODE_DEFECT_INSURANCE_CLAIM_TRUSTS_CLIENT_AMOUNT	F-2909	R-04A4	src/modules/insurance/insurance.module.ts:338–360	Insurance coverage co-pay and claim flows do not fully enforce canonical financial invariants, server-authoritative amount, durable settlement lifecycle, idempotent patient/admin mutation and audit.	Coverage/claim commands derive amounts and co-pay from authoritative policy/provider decision, bind settlement to claim/booking state with durable lifecycle, reject client amount truth and use idempotent audited versioned patient/admin transitions.	Insurance Orchestration + Finance	NONE_FOUND_AFTER_TARGETED_SEARCH	FINAL_MAPPED	Manual mapping; PSP payment execution/ledger remains R-05A/R-05D and full/partial/reject decision root is R-04A1.
CONFIRMED_ROOT_CODE_DEFECT_INSURANCE_DECISION_COPAY_CONCURRENCY	F-637	R-04A1	src/modules/insurance-engine/insurance-engine.module.ts:365–421	Insurance quote/request/appeal/decision flow trusts client commercial context or lacks canonical idempotency, durable appeal outbox and concurrency control over decision/co-pay state.	Insurance quote/request/appeal/decision commands derive price and eligibility from authoritative policy/provider records, are idempotent/versioned, persist durable events and serialize decision/co-pay transitions with explicit full/partial/reject outcome.	Insurance Orchestration + Finance	NONE_FOUND_AFTER_TARGETED_SEARCH	FINAL_MAPPED	Manual mapping; payment settlement remains R-05/R-04A4 and policy document privacy is R-04C.
CONFIRMED_ROOT_CODE_DEFECT_INSURANCE_MATCHING_CONTRACT	F-768	R-04A1	src/modules/workflow-engine/workflow-engine.module.ts:366–391,432–440	Workflow insurance matching lacks canonical policy/provider decision contract.	Insurance matching delegates to authoritative policy/provider eligibility and decision contract with explicit fail-closed outcome and audit.	Insurance Orchestration + Workflow Platform	NONE_FOUND_AFTER_TARGETED_SEARCH	FINAL_MAPPED	Manual reassignment to insurance decision root.
CONFIRMED_ROOT_CODE_DEFECT_INSURANCE_OCR_PROVENANCE_AND_REVIEW	F-2904	R-04C	src/modules/insurance/insurance.module.ts:233–247	Insurance OCR, policy upload and NPHIES interaction lack a consented safe document intake, provenance/review, private lifecycle and national-identifier endpoint scope contract.	Insurance documents use approved safe assets with consent/purpose, scan/quarantine/provenance/reviewer lifecycle, private retention and redacted projection; NPHIES access is purpose/subject-scoped with national-ID minimization/audit.	Insurance Documents + Privacy + Compliance	F-059,F-075	FINAL_MAPPED	Manual mapping; generic asset mechanics are R-07B/R-22C and live NPHIES verification remains external.
CONFIRMED_ROOT_CODE_DEFECT_INSURANCE_PATIENT_MUTATION_IDEMPOTENCY	F-2913	R-04A4	src/modules/insurance/insurance.module.ts:468–491	Insurance coverage co-pay and claim flows do not fully enforce canonical financial invariants, server-authoritative amount, durable settlement lifecycle, idempotent patient/admin mutation and audit.	Coverage/claim commands derive amounts and co-pay from authoritative policy/provider decision, bind settlement to claim/booking state with durable lifecycle, reject client amount truth and use idempotent audited versioned patient/admin transitions.	Insurance Orchestration + Finance	NONE_FOUND_AFTER_TARGETED_SEARCH	FINAL_MAPPED	Manual mapping; PSP payment execution/ledger remains R-05A/R-05D and full/partial/reject decision root is R-04A1.
CONFIRMED_ROOT_CODE_DEFECT_INSURANCE_REQUEST_IDEMPOTENCY	F-634	R-04A1	src/modules/insurance-engine/insurance-engine.module.ts:266–289	Insurance quote/request/appeal/decision flow trusts client commercial context or lacks canonical idempotency, durable appeal outbox and concurrency control over decision/co-pay state.	Insurance quote/request/appeal/decision commands derive price and eligibility from authoritative policy/provider records, are idempotent/versioned, persist durable events and serialize decision/co-pay transitions with explicit full/partial/reject outcome.	Insurance Orchestration + Finance	NONE_FOUND_AFTER_TARGETED_SEARCH	FINAL_MAPPED	Manual mapping; payment settlement remains R-05/R-04A4 and policy document privacy is R-04C.
CONFIRMED_ROOT_CODE_DEFECT_IOS_APP_ATTEST_UNIMPLEMENTED	F-3752	R-22I	src/modules/device-trust/device-trust.module.ts:109–117	iOS App Attest verification returns an untrusted pending/not-configured result even when Apple credential variables exist; no assertion, certificate-chain, nonce/request binding or device trust decision is implemented.	Device attestation is fail-closed for flows that require it: challenge ownership/one-time use, platform assertion/certificate verification, nonce/request/session binding, verdict expiry/revocation and security-event audit are server-authoritative. Placeholder configuration or a status endpoint never proves device trust.	Platform Security + iOS + Identity	F-3751	FINAL_MAPPED	Manual mapping from frozen backend baseline. F-3751 is the directly evidenced attestation nonce/request-binding derived graph for F-3752; targeted searches found none for the other two aggregates. No export, user data, ban, device attestation, Redis, security event, runtime service or production secret was accessed.
CONFIRMED_ROOT_CODE_DEFECT_KILL_SWITCH_READ_SIDE_EFFECT_INITIALIZATION	F-653	R-22A	src/modules/admin-governance/admin-governance.module.ts:261–267	Kill-switch GET initializes and persists default configuration, violating non-mutating read and controlled bootstrap/change governance.	Release control-plane switches use an immutable registry/allowlist, explicit unknown-key rejection, version/CAS/idempotency, privileged approval/actor-reason audit, durable change event and safe staged rollout/kill-switch semantics.	Platform Configuration / Release Governance	NONE_FOUND_AFTER_TARGETED_SEARCH	FINAL_MAPPED	Manual mapping from frozen backend archive. Entity trace F-647 and privileged kill-switch role/approval F-651 retain their existing R-02A mappings. No patient, event, metric, switch, configuration or runtime operation was accessed.
CONFIRMED_ROOT_CODE_DEFECT_KILL_SWITCH_UNKNOWN_KEY_FALSE_SUCCESS	F-652	R-22A	src/modules/admin-governance/admin-governance.module.ts:270–285	Kill-switch toggle silently returns current configuration when key is unknown, without fail-closed validation, version/CAS/idempotency or auditable rejected outcome.	Release control-plane switches use an immutable registry/allowlist, explicit unknown-key rejection, version/CAS/idempotency, privileged approval/actor-reason audit, durable change event and safe staged rollout/kill-switch semantics.	Platform Configuration / Release Governance	NONE_FOUND_AFTER_TARGETED_SEARCH	FINAL_MAPPED	Manual mapping from frozen backend archive. Entity trace F-647 and privileged kill-switch role/approval F-651 retain their existing R-02A mappings. No patient, event, metric, switch, configuration or runtime operation was accessed.
CONFIRMED_ROOT_CODE_DEFECT_LEGACY_CART_MUTATION_IDEMPOTENCY_DRIFT	F-779	R-06C1	src/modules/cart/cart.module.ts:206–226	Cart, quote, offer selection and order creation lack one server-authoritative, versioned commercial command saga; legacy cart fields/summary/mutations may override canonical policy.	Pharmacy flow is request broadcast → eligible pharmacy offers → patient selection → server quote/stock validation → explicit cash/card/COD or insurance decision/co-pay; client fields never set price/availability/payment truth.	Pharmacy + Commerce/Booking + Payments	F-025,F-048,F-053,F-057,F-058,F-085,F-2442,F-2553	FINAL_MAPPED	Manual mapping; payment settlement is a dependency R-05A1 and mobile/web screens are derived presentation paths.
CONFIRMED_ROOT_CODE_DEFECT_LEGACY_CART_MUTATION_VALIDATION	F-780	R-06C1	src/modules/cart/cart.module.ts:127–137,220–222	Cart, quote, offer selection and order creation lack one server-authoritative, versioned commercial command saga; legacy cart fields/summary/mutations may override canonical policy.	Pharmacy flow is request broadcast → eligible pharmacy offers → patient selection → server quote/stock validation → explicit cash/card/COD or insurance decision/co-pay; client fields never set price/availability/payment truth.	Pharmacy + Commerce/Booking + Payments	F-025,F-048,F-053,F-057,F-058,F-085,F-2442,F-2553	FINAL_MAPPED	Manual mapping; payment settlement is a dependency R-05A1 and mobile/web screens are derived presentation paths.
CONFIRMED_ROOT_CODE_DEFECT_LEGACY_CART_TRUSTS_CLIENT_COMMERCIAL_FIELDS	F-776	R-06C1	src/modules/cart/cart.module.ts:77–102	Cart, quote, offer selection and order creation lack one server-authoritative, versioned commercial command saga; legacy cart fields/summary/mutations may override canonical policy.	Pharmacy flow is request broadcast → eligible pharmacy offers → patient selection → server quote/stock validation → explicit cash/card/COD or insurance decision/co-pay; client fields never set price/availability/payment truth.	Pharmacy + Commerce/Booking + Payments	F-025,F-048,F-053,F-057,F-058,F-085,F-2442,F-2553	FINAL_MAPPED	Manual mapping; payment settlement is a dependency R-05A1 and mobile/web screens are derived presentation paths.
CONFIRMED_ROOT_CODE_DEFECT_LEGACY_DOCTOR_BOOKING_QUOTE_PAYMENT_INSURANCE_AUTHORITY	F-897	R-03C	src/modules/doctors/doctors.module.ts:112–140	Legacy doctor booking can own quote/payment/insurance authority.	Doctor booking command delegates quote to canonical price/offer, payment to PSP/ledger and insurance to authoritative decision/co-pay workflow; legacy bypass is removed/reconciled.	Booking Operations + Insurance + Payments	NONE_FOUND_AFTER_TARGETED_SEARCH	FINAL_MAPPED	Manual booking command root with R-04/R-05 dependencies.
CONFIRMED_ROOT_CODE_DEFECT_LEGAL_ACCEPTANCE_ARABIC_ARTIFACT_FIDELITY_HASH	F-495	R-24A	src/modules/legal/legal-enterprise.service.ts:50–77 ; src/modules/legal/legal-enterprise.controller.ts:26–41	Legal policy and acceptance handling lacks immutable typed consent value/version/artifact evidence, owner/org scope, Arabic artifact fidelity, effective/publication rules, unique idempotent archive lifecycle, device/platform provenance and bounded pending applicability.	Every consent/acceptance records an immutable typed value, policy version/effective artifact digest and authorized subject/organization scope; policy publication is allowlisted/versioned, acceptance is unique/idempotent/archive-durable with device/platform provenance and pending applicability is explicitly bounded/audited.	Legal/Compliance + Privacy	F-1509	FINAL_MAPPED	Manual mapping; family/clinical/insurance consent and generic approval workflow remain specialized roots with legal-evidence dependency where applicable.
CONFIRMED_ROOT_CODE_DEFECT_LEGAL_ACCEPTANCE_ARCHIVE_SAGA_DURABILITY	F-1506	R-24A	src/modules/legal/legal.module.ts:103–120	Legal policy and acceptance handling lacks immutable typed consent value/version/artifact evidence, owner/org scope, Arabic artifact fidelity, effective/publication rules, unique idempotent archive lifecycle, device/platform provenance and bounded pending applicability.	Every consent/acceptance records an immutable typed value, policy version/effective artifact digest and authorized subject/organization scope; policy publication is allowlisted/versioned, acceptance is unique/idempotent/archive-durable with device/platform provenance and pending applicability is explicitly bounded/audited.	Legal/Compliance + Privacy	F-1509	FINAL_MAPPED	Manual mapping; family/clinical/insurance consent and generic approval workflow remain specialized roots with legal-evidence dependency where applicable.
CONFIRMED_ROOT_CODE_DEFECT_LEGAL_ACCEPTANCE_UNIQUE_IDEMPOTENCY	F-1505	R-24A	src/modules/legal/legal.module.ts:98–112	Legal policy and acceptance handling lacks immutable typed consent value/version/artifact evidence, owner/org scope, Arabic artifact fidelity, effective/publication rules, unique idempotent archive lifecycle, device/platform provenance and bounded pending applicability.	Every consent/acceptance records an immutable typed value, policy version/effective artifact digest and authorized subject/organization scope; policy publication is allowlisted/versioned, acceptance is unique/idempotent/archive-durable with device/platform provenance and pending applicability is explicitly bounded/audited.	Legal/Compliance + Privacy	F-1509	FINAL_MAPPED	Manual mapping; family/clinical/insurance consent and generic approval workflow remain specialized roots with legal-evidence dependency where applicable.
CONFIRMED_ROOT_CODE_DEFECT_LEGAL_PENDING_APPLICABILITY_TYPED_SCOPE_BOUNDS	F-1510	R-24A	src/modules/legal/legal.module.ts:123–128	Legal policy and acceptance handling lacks immutable typed consent value/version/artifact evidence, owner/org scope, Arabic artifact fidelity, effective/publication rules, unique idempotent archive lifecycle, device/platform provenance and bounded pending applicability.	Every consent/acceptance records an immutable typed value, policy version/effective artifact digest and authorized subject/organization scope; policy publication is allowlisted/versioned, acceptance is unique/idempotent/archive-durable with device/platform provenance and pending applicability is explicitly bounded/audited.	Legal/Compliance + Privacy	F-1509	FINAL_MAPPED	Manual mapping; family/clinical/insurance consent and generic approval workflow remain specialized roots with legal-evidence dependency where applicable.
CONFIRMED_ROOT_CODE_DEFECT_LEGAL_POLICY_VERSION_EFFECTIVE_PUBLICATION_LIFECYCLE	F-1504	R-24A	src/modules/legal/legal.module.ts:68–95	Legal policy and acceptance handling lacks immutable typed consent value/version/artifact evidence, owner/org scope, Arabic artifact fidelity, effective/publication rules, unique idempotent archive lifecycle, device/platform provenance and bounded pending applicability.	Every consent/acceptance records an immutable typed value, policy version/effective artifact digest and authorized subject/organization scope; policy publication is allowlisted/versioned, acceptance is unique/idempotent/archive-durable with device/platform provenance and pending applicability is explicitly bounded/audited.	Legal/Compliance + Privacy	F-1509	FINAL_MAPPED	Manual mapping; family/clinical/insurance consent and generic approval workflow remain specialized roots with legal-evidence dependency where applicable.
CONFIRMED_ROOT_CODE_DEFECT_LIVEKIT_CALL_SESSION_CREATION_IDENTITY_SAGA	F-348	R-18C	src/modules/livekit/livekit.service.ts:159–185	Video/call and TURN credentials lack verified call/participant/session binding, signed webhook acceptance, safe credential issuance/rotation, call-state/idempotency and privacy-safe metrics/admin projection lifecycle.	Call access and TURN credentials are issued only for an authorized active participant/session with audience/expiry/one-time/no-store controls; webhook and remote actions are verified/idempotent, state/attendance is authoritative and metrics/admin views are minimized/audited/retained by policy.	Calls/LiveKit/TURN + Security/Privacy	F-353,F-627,F-628,F-629,F-630,F-631	FINAL_MAPPED	Manual mapping; runtime TURN/LiveKit connectivity and credential rotation remain external verification gates.
CONFIRMED_ROOT_CODE_DEFECT_LIVEKIT_CALL_STATE_TRANSITION_IDEMPOTENCY	F-349	R-18C	src/modules/livekit/livekit.service.ts:188–217	Video/call and TURN credentials lack verified call/participant/session binding, signed webhook acceptance, safe credential issuance/rotation, call-state/idempotency and privacy-safe metrics/admin projection lifecycle.	Call access and TURN credentials are issued only for an authorized active participant/session with audience/expiry/one-time/no-store controls; webhook and remote actions are verified/idempotent, state/attendance is authoritative and metrics/admin views are minimized/audited/retained by policy.	Calls/LiveKit/TURN + Security/Privacy	F-353,F-627,F-628,F-629,F-630,F-631	FINAL_MAPPED	Manual mapping; runtime TURN/LiveKit connectivity and credential rotation remain external verification gates.
CONFIRMED_ROOT_CODE_DEFECT_LIVEKIT_PROVIDER_NO_SHOW_STATE_AUTHORIZATION	F-347	R-18C	src/modules/livekit/livekit.controller.ts:13–28	Video/call and TURN credentials lack verified call/participant/session binding, signed webhook acceptance, safe credential issuance/rotation, call-state/idempotency and privacy-safe metrics/admin projection lifecycle.	Call access and TURN credentials are issued only for an authorized active participant/session with audience/expiry/one-time/no-store controls; webhook and remote actions are verified/idempotent, state/attendance is authoritative and metrics/admin views are minimized/audited/retained by policy.	Calls/LiveKit/TURN + Security/Privacy	F-353,F-627,F-628,F-629,F-630,F-631	FINAL_MAPPED	Manual mapping; runtime TURN/LiveKit connectivity and credential rotation remain external verification gates.
CONFIRMED_ROOT_CODE_DEFECT_LIVEKIT_REMOTE_ACTION_TRUTHFUL_OUTCOME	F-352	R-18C	src/modules/livekit/livekit.service.ts:300–341	Video/call and TURN credentials lack verified call/participant/session binding, signed webhook acceptance, safe credential issuance/rotation, call-state/idempotency and privacy-safe metrics/admin projection lifecycle.	Call access and TURN credentials are issued only for an authorized active participant/session with audience/expiry/one-time/no-store controls; webhook and remote actions are verified/idempotent, state/attendance is authoritative and metrics/admin views are minimized/audited/retained by policy.	Calls/LiveKit/TURN + Security/Privacy	F-353,F-627,F-628,F-629,F-630,F-631	FINAL_MAPPED	Manual mapping; runtime TURN/LiveKit connectivity and credential rotation remain external verification gates.
CONFIRMED_ROOT_CODE_DEFECT_LIVEKIT_WEBHOOK_UNVERIFIED	F-345	R-18C	src/modules/livekit/livekit.controller.ts:31–35	Video/call and TURN credentials lack verified call/participant/session binding, signed webhook acceptance, safe credential issuance/rotation, call-state/idempotency and privacy-safe metrics/admin projection lifecycle.	Call access and TURN credentials are issued only for an authorized active participant/session with audience/expiry/one-time/no-store controls; webhook and remote actions are verified/idempotent, state/attendance is authoritative and metrics/admin views are minimized/audited/retained by policy.	Calls/LiveKit/TURN + Security/Privacy	F-353,F-627,F-628,F-629,F-630,F-631	FINAL_MAPPED	Manual mapping; runtime TURN/LiveKit connectivity and credential rotation remain external verification gates.
CONFIRMED_ROOT_CODE_DEFECT_LLMS_DISCOVERY_METADATA_TRUTHFULNESS	F-3772	R-12C	src/modules/seo-search/seo-search.module.ts:326–345	SEO/public catalog routes lack typed canonical identity, public DTO/indexability/publication gates, truthful commercial metadata, safe XML and durable catalog-publication projection semantics.	SEO/publication emits only type-allowlisted canonical entities with collision-safe identity, verified publication/indexability lifecycle, minimum public fields, truthful price/availability/LLM metadata, escaped XML and durable reconciled projection updates.	SEO/Public Discovery + Catalog Governance	F-2548,F-3773	FINAL_MAPPED	Manual mapping; IndexNow transport/release, clinical medicine recommendation and cache/runtime gates remain separate dependencies.
CONFIRMED_ROOT_CODE_DEFECT_LOYALTY_LEDGER_ATOMICITY	F-985	R-05C	src/modules/compat/admin-spa.module.ts:653–732	Loyalty/referral/wallet commercial value changes are not governed by one immutable, atomic event-ledger and attribution lifecycle; balance, reward, expiry, stock and conversion can diverge or replay.	Points, rewards, referral conversion and wallet credit/debit are commercial entitlements: each requires a verified qualifying event, bounded policy, unique command/event, atomic ledger transaction, reversal/expiry and reconciliation audit.	Finance/Commercial + Loyalty/Referral + Wallet	F-144,F-263,F-264,F-272	FINAL_MAPPED	Manual mapping; excludes unrelated referral-route/clinical derived hits returned by keyword search.
CONFIRMED_ROOT_CODE_DEFECT_MAIL_DELIVERY_TRANSIENT_PERMANENT_FAILURE_RETRY_DEADLINE_TAXONOMY	F-1121	R-09B	src/modules/notifications/processors/mail.processor.ts:13–17	Mail queue treats every non-ok result as the same thrown error, without transient/permanent classification, bounded retry/backoff/deadline or truthful terminal delivery outcome.	Notification delivery uses redacted minimum-necessary telemetry and DLQ payloads, immutable delivery command identity, provider receipt/failure provenance, bounded retention and durable reconciliation; a failed provider result is never disclosure-safe by default.	Notification Platform + Privacy	NONE_FOUND_AFTER_TARGETED_SEARCH	FINAL_MAPPED	Manual mapping from frozen backend archive. F-1118/F-1123 and F-1119 remain existing OTP mappings; F-1122 DLQ configuration/redaction/retention remains a runtime verification gate and F-1126 remains rejected. No OTP, mail queue, recipient, provider or runtime service was accessed.
CONFIRMED_ROOT_CODE_DEFECT_MATCH_ORCHESTRATION_DURABILITY	F-772	R-16C	src/modules/workflow-engine/workflow-engine.module.ts:481–515	Workflow-engine mutations and match orchestration lack atomic command/state/event persistence, concurrency/idempotency and durable outcome/reconciliation contract.	Workflow commands use typed authoritative aggregate transitions with version/CAS/idempotency, atomic state plus outbox/event persistence, durable match outcomes and reconciliation/audit for retries and failures.	Workflow Platform + Domain Owners	F-731,F-1277,F-1285	FINAL_MAPPED	Manual mapping; aggregate business policy and authorization remain with each workflow owner.
CONFIRMED_ROOT_CODE_DEFECT_MATERNITY_VACCINE_RECORD_OWNERSHIP_PROVENANCE	F-938	R-07A5	src/modules/compat/compat.module.ts:198–234	Maternity/vaccine records lack authoritative subject ownership and clinical provenance.	Longitudinal clinical records bind an authorized subject and authoritative clinical source, retain provenance/version/audit and expose minimum purpose-scoped projections.	Clinical Records + Privacy	NONE_FOUND_AFTER_TARGETED_SEARCH	FINAL_MAPPED	Manual clinical-record subroot; no health record was accessed.
CONFIRMED_ROOT_CODE_DEFECT_MEDICAL_REPORT_ENCOUNTER_IDEMPOTENCY_OUTBOX	F-304	R-07A3	src/modules/medical-reports/medical-reports.service.ts:32–60	Medical report create persists report state and emits an in-process event separately, without idempotency key, encounter transition CAS, atomic outbox or reconciliation.	Medical reports bind a verified encounter/provider/patient authority and least-data versioned report/attachment projection. Every write uses typed encounter-authorized version/CAS/idempotency, immutable provenance and durable outbox/reconciliation.	Clinical Records + Workflow Platform	NONE_FOUND_AFTER_TARGETED_SEARCH	FINAL_MAPPED	Manual mapping from frozen backend archive. Existing medical report authority/attachment mappings remain unchanged; F-303 share capability is a product decision. No report, attachment, timeline, patient data or runtime operation was accessed.
CONFIRMED_ROOT_CODE_DEFECT_MEDICAL_TIMELINE_PARTIAL_FAILURE_CANONICAL_SEMANTICS	F-305	R-21C	src/modules/medical-reports/medical-reports.controller.ts:14–33	Unified medical timeline catches each source failure as an empty array and presents a complete event list without source/partial/freshness/unavailable semantics.	Patient timeline is a bounded purpose-scoped read model with canonical event kind/identity/order and explicit source, freshness, partial/unavailable evidence; it never turns independent read failures into absence or domain truth.	Operational Read Models + Clinical Privacy	NONE_FOUND_AFTER_TARGETED_SEARCH	FINAL_MAPPED	Manual mapping from frozen backend archive. Existing medical report authority/attachment mappings remain unchanged; F-303 share capability is a product decision. No report, attachment, timeline, patient data or runtime operation was accessed.
CONFIRMED_ROOT_CODE_DEFECT_MEDICAL_TIMELINE_RADIOLOGY_EVENT_DISCRIMINATOR	F-306	R-21C	src/modules/medical-reports/medical-reports.controller.ts:27–30	Radiology bookings are emitted with type lab plus an optional kind field, violating one canonical timeline event discriminator contract.	Patient timeline is a bounded purpose-scoped read model with canonical event kind/identity/order and explicit source, freshness, partial/unavailable evidence; it never turns independent read failures into absence or domain truth.	Operational Read Models + Clinical Privacy	NONE_FOUND_AFTER_TARGETED_SEARCH	FINAL_MAPPED	Manual mapping from frozen backend archive. Existing medical report authority/attachment mappings remain unchanged; F-303 share capability is a product decision. No report, attachment, timeline, patient data or runtime operation was accessed.
CONFIRMED_ROOT_CODE_DEFECT_MEMORY_MONGO_REQUESTED_STARTUP_FAILURE_FAIL_CLOSED	F-1290	R-15G	src/main.ts:27–42	Bootstrap catches requested MongoMemoryServer startup failure, logs it and continues with a potentially unintended database configuration instead of returning a bounded, fail-closed startup outcome for that selected dependency mode.	Each declared environment/dependency mode has an explicit allowlist, required configuration, bounded startup deadline and fail-closed outcome. The process must not continue with a substituted, local, unknown or partially initialized datastore after a requested dependency fails; a startup outcome is not readiness proof.	SRE/Platform + Backend Bootstrap	NONE_FOUND_AFTER_TARGETED_SEARCH	FINAL_MAPPED	Manual mapping from frozen baseline source. Targeted derived search found no directly matching DERIVED_DUPLICATE labels. No server bootstrap, database, Sentry event, telemetry payload, production data, secret or runtime service was accessed.
CONFIRMED_ROOT_CODE_DEFECT_MULTIDOMAIN_CHECKOUT_SAGA_TRUTH	F-337	R-03C	src/modules/unified-bookings/unified-bookings.module.ts:315–395	Unified checkout orchestrates heterogeneous booking/order creation and best-effort rollback in-process, reports group success without durable saga/idempotency/compensation state, and directly clears cart lines after partial domain outcomes.	Every booking operation uses canonical domain aggregate commands and a durable idempotent checkout saga with explicit pending/committed/compensating outcomes, outbox/reconciliation and no client/cart success ahead of authoritative booking/payment/insurance state. Pharmacy continues through broadcast→offer→patient selection; non-pharmacy cash requires canonical payment before confirmation.	Booking Operations + Workflow Platform	F-336,F-344	FINAL_MAPPED	Manual mapping from frozen backend archive. Existing reschedule, nursing broadcast and timeline mappings remain unchanged. No booking, order, cart, payment, insurer, provider or runtime operation was accessed.
CONFIRMED_ROOT_CODE_DEFECT_NOTIFICATION_ANALYTICS_RECIPIENT_EVENT_COHORT_SOURCE_TRUTH	F-870	R-09B	src/modules/admin-notification-center/admin-notification-center.module.ts:174–182,332–364	Notification preferences, campaign/reminder commands and delivery/read outcomes lack a unified approved-audience/template/link, atomic claim/idempotency, provider receipt/failure and privacy-safe analytics contract.	Notification commands use consent/preference/suppression-aware authoritative audience snapshots, approved localized templates and scoped links; campaigns/reminders are idempotent leased jobs with durable attempts/receipts/read outcomes, bounded analytics and actor/reason audit.	Notifications + Admin Operations + Patient Mobile	F-032,F-154,F-167,F-871,F-906,F-1496,F-1497,F-1498	FINAL_MAPPED	Manual mapping; OTP/mail/SMS transport, chat/realtime and domain event production are deliberately excluded for separate roots.
CONFIRMED_ROOT_CODE_DEFECT_NOTIFICATION_APPOINTMENT_REMINDER_ATOMIC_CLAIM_DELIVERY_OUTCOME	F-865	R-09B	src/modules/admin-notification-center/admin-notification-center.module.ts:244–280	Notification preferences, campaign/reminder commands and delivery/read outcomes lack a unified approved-audience/template/link, atomic claim/idempotency, provider receipt/failure and privacy-safe analytics contract.	Notification commands use consent/preference/suppression-aware authoritative audience snapshots, approved localized templates and scoped links; campaigns/reminders are idempotent leased jobs with durable attempts/receipts/read outcomes, bounded analytics and actor/reason audit.	Notifications + Admin Operations + Patient Mobile	F-032,F-154,F-167,F-871,F-906,F-1496,F-1497,F-1498	FINAL_MAPPED	Manual mapping; OTP/mail/SMS transport, chat/realtime and domain event production are deliberately excluded for separate roots.
CONFIRMED_ROOT_CODE_DEFECT_NOTIFICATION_CAMPAIGN_CREATE_IDEMPOTENCY_UNIQUE_BUSINESS_KEY	F-860	R-09B	src/modules/admin-notification-center/admin-notification-center.module.ts:136–155	Notification preferences, campaign/reminder commands and delivery/read outcomes lack a unified approved-audience/template/link, atomic claim/idempotency, provider receipt/failure and privacy-safe analytics contract.	Notification commands use consent/preference/suppression-aware authoritative audience snapshots, approved localized templates and scoped links; campaigns/reminders are idempotent leased jobs with durable attempts/receipts/read outcomes, bounded analytics and actor/reason audit.	Notifications + Admin Operations + Patient Mobile	F-032,F-154,F-167,F-871,F-906,F-1496,F-1497,F-1498	FINAL_MAPPED	Manual mapping; OTP/mail/SMS transport, chat/realtime and domain event production are deliberately excluded for separate roots.
CONFIRMED_ROOT_CODE_DEFECT_NOTIFICATION_CAMPAIGN_SEND_ATOMIC_CLAIM_LEASE	F-861	R-09B	src/modules/admin-notification-center/admin-notification-center.module.ts:184–191	Notification preferences, campaign/reminder commands and delivery/read outcomes lack a unified approved-audience/template/link, atomic claim/idempotency, provider receipt/failure and privacy-safe analytics contract.	Notification commands use consent/preference/suppression-aware authoritative audience snapshots, approved localized templates and scoped links; campaigns/reminders are idempotent leased jobs with durable attempts/receipts/read outcomes, bounded analytics and actor/reason audit.	Notifications + Admin Operations + Patient Mobile	F-032,F-154,F-167,F-871,F-906,F-1496,F-1497,F-1498	FINAL_MAPPED	Manual mapping; OTP/mail/SMS transport, chat/realtime and domain event production are deliberately excluded for separate roots.
CONFIRMED_ROOT_CODE_DEFECT_NOTIFICATION_READ_MATCHED_OUTCOME_IDEMPOTENCY	F-905	R-09B	src/modules/doctors/doctors.module.ts:224–231	Notification preferences, campaign/reminder commands and delivery/read outcomes lack a unified approved-audience/template/link, atomic claim/idempotency, provider receipt/failure and privacy-safe analytics contract.	Notification commands use consent/preference/suppression-aware authoritative audience snapshots, approved localized templates and scoped links; campaigns/reminders are idempotent leased jobs with durable attempts/receipts/read outcomes, bounded analytics and actor/reason audit.	Notifications + Admin Operations + Patient Mobile	F-032,F-154,F-167,F-871,F-906,F-1496,F-1497,F-1498	FINAL_MAPPED	Manual mapping; OTP/mail/SMS transport, chat/realtime and domain event production are deliberately excluded for separate roots.
CONFIRMED_ROOT_CODE_DEFECT_NOTIFICATION_REMINDER_PROVIDER_BINDING_BATCH_PROJECTION	F-867	R-09B	src/modules/admin-notification-center/admin-notification-center.module.ts:259–275	Notification preferences, campaign/reminder commands and delivery/read outcomes lack a unified approved-audience/template/link, atomic claim/idempotency, provider receipt/failure and privacy-safe analytics contract.	Notification commands use consent/preference/suppression-aware authoritative audience snapshots, approved localized templates and scoped links; campaigns/reminders are idempotent leased jobs with durable attempts/receipts/read outcomes, bounded analytics and actor/reason audit.	Notifications + Admin Operations + Patient Mobile	F-032,F-154,F-167,F-871,F-906,F-1496,F-1497,F-1498	FINAL_MAPPED	Manual mapping; OTP/mail/SMS transport, chat/realtime and domain event production are deliberately excluded for separate roots.
CONFIRMED_ROOT_CODE_DEFECT_NOTIFICATION_SCHEDULER_DUE_CAMPAIGN_ATOMIC_CLAIM	F-864	R-09B	src/modules/admin-notification-center/admin-notification-center.module.ts:231–242	Notification preferences, campaign/reminder commands and delivery/read outcomes lack a unified approved-audience/template/link, atomic claim/idempotency, provider receipt/failure and privacy-safe analytics contract.	Notification commands use consent/preference/suppression-aware authoritative audience snapshots, approved localized templates and scoped links; campaigns/reminders are idempotent leased jobs with durable attempts/receipts/read outcomes, bounded analytics and actor/reason audit.	Notifications + Admin Operations + Patient Mobile	F-032,F-154,F-167,F-871,F-906,F-1496,F-1497,F-1498	FINAL_MAPPED	Manual mapping; OTP/mail/SMS transport, chat/realtime and domain event production are deliberately excluded for separate roots.
CONFIRMED_ROOT_CODE_DEFECT_NURSING_BROADCAST_FALSE_ASSIGNMENT_SUCCESS	F-340	R-10B	src/modules/unified-bookings/unified-bookings.module.ts:258–297	Home-care/nursing booking, provider assignment and tracking lack one authoritative idempotent state/claim/availability/slot/address/quote contract and can expose completion/tracking without fulfillment truth.	Home-care commands use server-authoritative service/address/time/quote/insurance/payment dependencies, idempotent intent plus slot/capacity reservation, atomic eligible-provider claim and versioned state transitions; tracking and completion derive only from durable fulfillment state.	Home-care/Nursing Operations + Care	F-018,F-054,F-082,F-083,F-947	FINAL_MAPPED	Manual mapping; clinical report/protocol, GPS consent, media, payment/insurance, stock and event outbox remain separate shared roots.
CONFIRMED_ROOT_CODE_DEFECT_OPENAPI_ENVIRONMENT_SERVER_TLS_PROXY_METADATA_CONFIGURATION	F-2450	R-22D	src/config/openapi.config.ts:10–11,25–26	OpenAPI server metadata exposes fixed production/local URLs without typed environment TLS/proxy/trusted-public-base configuration contract.	API documentation is a governed, environment-scoped client contract generated from canonical routes/DTOs: each operation has typed request/response/error/security/cookie semantics, sensitive schemas are minimized/redacted, tags/deprecation/replacement are controlled, and manual additions must pass collision/operation parity validation. Server URLs/TLS/proxy metadata are typed per environment. Published document parity remains runtime release evidence, not source-only proof.	Security Engineering + Platform + API Governance	NONE_FOUND_AFTER_TARGETED_SEARCH	FINAL_MAPPED	Manual mapping from frozen backend archive. Existing session/route-parity mappings remain unchanged; F-2447/F-2452 are runtime deployment/publication parity gates and F-2449 remains insufficient-evidence. No API docs endpoint, proxy, TLS, cookie or runtime environment was accessed.
CONFIRMED_ROOT_CODE_DEFECT_OPENAPI_MANUAL_INJECTION_ROUTE_COLLISION_OPERATION_PARITY_GATE	F-2446	R-22D	src/config/openapi.config.ts:36–45,53–86	Security configuration and API/documentation surfaces lack controlled secret/config validation, trusted origin/CORS/CSP/body-limit policy, safe OpenAPI session contract/route parity and build-context secret exclusion.	Configuration is typed and fail-closed across environments; secrets are managed/rotated/audited, origins/CORS/CSP/body limits are allowlisted, API docs expose only safe contracts behind environment access control, and build context excludes secrets by policy.	Security Engineering + Platform	F-2442	FINAL_MAPPED	Manual mapping; release deployment execution and external secret presence are separate R-15/runtime verification matters.
CONFIRMED_ROOT_CODE_DEFECT_OPENAPI_MANUAL_PATH_TYPED_REQUEST_RESPONSE_ERROR_SENSITIVE_SCHEMA	F-2441	R-22D	src/config/openapi.config.ts:53–86	Manually injected OpenAPI operations use generic object schemas and omit complete typed request/response/error/sensitive-field contracts.	API documentation is a governed, environment-scoped client contract generated from canonical routes/DTOs: each operation has typed request/response/error/security/cookie semantics, sensitive schemas are minimized/redacted, tags/deprecation/replacement are controlled, and manual additions must pass collision/operation parity validation. Server URLs/TLS/proxy metadata are typed per environment. Published document parity remains runtime release evidence, not source-only proof.	Security Engineering + Platform + API Governance	F-2442	FINAL_MAPPED	Manual mapping from frozen backend archive. Existing session/route-parity mappings remain unchanged; F-2447/F-2452 are runtime deployment/publication parity gates and F-2449 remains insufficient-evidence. No API docs endpoint, proxy, TLS, cookie or runtime environment was accessed.
CONFIRMED_ROOT_CODE_DEFECT_OPENAPI_SESSION_EXCHANGE_TOKEN_COOKIE_MACHINE_READABLE_CONTRACT	F-2444	R-22D	src/config/openapi.config.ts:62–66	Security configuration and API/documentation surfaces lack controlled secret/config validation, trusted origin/CORS/CSP/body-limit policy, safe OpenAPI session contract/route parity and build-context secret exclusion.	Configuration is typed and fail-closed across environments; secrets are managed/rotated/audited, origins/CORS/CSP/body limits are allowlisted, API docs expose only safe contracts behind environment access control, and build context excludes secrets by policy.	Security Engineering + Platform	F-2442	FINAL_MAPPED	Manual mapping; release deployment execution and external secret presence are separate R-15/runtime verification matters.
CONFIRMED_ROOT_CODE_DEFECT_OPENAPI_TAG_DEPRECATION_CONTENT_ERROR_GOVERNANCE	F-2448	R-22D	src/config/openapi.config.ts:17–24,53–86	OpenAPI configuration lacks governed tags, deprecation/replacement, content-type and error taxonomy policy for manual contract-pack operations.	API documentation is a governed, environment-scoped client contract generated from canonical routes/DTOs: each operation has typed request/response/error/security/cookie semantics, sensitive schemas are minimized/redacted, tags/deprecation/replacement are controlled, and manual additions must pass collision/operation parity validation. Server URLs/TLS/proxy metadata are typed per environment. Published document parity remains runtime release evidence, not source-only proof.	Security Engineering + Platform + API Governance	NONE_FOUND_AFTER_TARGETED_SEARCH	FINAL_MAPPED	Manual mapping from frozen backend archive. Existing session/route-parity mappings remain unchanged; F-2447/F-2452 are runtime deployment/publication parity gates and F-2449 remains insufficient-evidence. No API docs endpoint, proxy, TLS, cookie or runtime environment was accessed.
CONFIRMED_ROOT_CODE_DEFECT_OPERATIONAL_ESCALATION_FALSE_EXECUTION_RESULT	F-806	R-21H	src/modules/operations-safety/operations-safety.module.ts:83–100	Operations safety has unversioned SLA clocks, incomplete/unknown or privacy-unsafe reports, false escalation success and broad fallback/penalty projections.	Operational SLA/escalation read-models use versioned policy clocks, explicit unknown/freshness/completeness, truthful command outcomes, purpose-scoped minimum provider/penalty projections, bounded pagination and audit.	Operations Safety + Privacy	NONE_FOUND_AFTER_TARGETED_SEARCH	FINAL_MAPPED	Manual mapping; provider allocation and financial settlement remain owning-domain dependencies.
CONFIRMED_ROOT_CODE_DEFECT_OPERATIONAL_SLA_CLOCK_POLICY_VERSIONING	F-805	R-21H	src/modules/operations-safety/operations-safety.module.ts:34–70	Operations safety has unversioned SLA clocks, incomplete/unknown or privacy-unsafe reports, false escalation success and broad fallback/penalty projections.	Operational SLA/escalation read-models use versioned policy clocks, explicit unknown/freshness/completeness, truthful command outcomes, purpose-scoped minimum provider/penalty projections, bounded pagination and audit.	Operations Safety + Privacy	NONE_FOUND_AFTER_TARGETED_SEARCH	FINAL_MAPPED	Manual mapping; provider allocation and financial settlement remain owning-domain dependencies.
CONFIRMED_ROOT_CODE_DEFECT_OPERATIONAL_SLA_UNKNOWN_STATE_REPORT_FAILURE	F-815	R-21H	src/modules/operations-safety/operations-safety.module.ts:65–80	Operations safety has unversioned SLA clocks, incomplete/unknown or privacy-unsafe reports, false escalation success and broad fallback/penalty projections.	Operational SLA/escalation read-models use versioned policy clocks, explicit unknown/freshness/completeness, truthful command outcomes, purpose-scoped minimum provider/penalty projections, bounded pagination and audit.	Operations Safety + Privacy	NONE_FOUND_AFTER_TARGETED_SEARCH	FINAL_MAPPED	Manual mapping; provider allocation and financial settlement remain owning-domain dependencies.
CONFIRMED_ROOT_CODE_DEFECT_PATIENT_REBOOK_CANONICAL_QUOTE_SLOT_PAYMENT_INSURANCE_PRESCRIPTION	F-795	R-03B	src/modules/patient-ux/patient-ux.module.ts:126–140	Patient rebook lacks a canonical appointment state transition binding the next slot, quote, payment/insurance and prescription context.	Rebooking begins with server authorization and a new/linked booking state; it binds slot and current quote, then applies cash/card or insurance decision/co-pay before confirmation.	Booking Platform + Patient UX + Payments/Insurance	F-803	FINAL_MAPPED	Manual mapping; R-03A/R-04/R-05 dependencies explicit.
CONFIRMED_ROOT_CODE_DEFECT_PATIENT_REFUND_PSP_LEDGER_INSURANCE_DURABLE_SAGA	F-793	R-05B1	src/modules/patient-ux/patient-ux.module.ts:93–123	Patient refund transition lacks canonical PSP/ledger/insurance durable settlement saga.	Refunds are canonical idempotent settlement sagas bound to PSP verification, insurance/ledger reversals, durable outbox and reconciliation.	Finance/Refund Operations	NONE_FOUND_AFTER_TARGETED_SEARCH	FINAL_MAPPED	Manual mapping to refund settlement root.
CONFIRMED_ROOT_CODE_DEFECT_PATIENT_REFUND_UNIQUE_REQUEST_IDEMPOTENCY	F-792	R-05B1	src/modules/patient-ux/patient-ux.module.ts:75–79	Refund/return commands and UI state lack one server-authoritative, idempotent settlement lifecycle; amount/eligibility/request ID/attachment/output can be client-derived or fabricated.	Refund/return is only created and settled from an eligible server-owned order/booking/payment state; amount/currency/policy and reversal are authoritative and auditable.	Payments/Finance + Returns + Patient Mobile	F-076,F-485,F-544,F-548,F-803	FINAL_MAPPED	Manual mapping; F-641 also depends on R-04 insurance decision state.
CONFIRMED_ROOT_CODE_DEFECT_PATIENT_REGISTRATION_USER_PROFILE_SAGA	F-182	R-01D	src/modules/auth/auth.service.ts:349–405	Patient registration creates the User then PatientProfile separately, emits an in-process event and requests OTP without an atomic registration/consent/profile/outbox/idempotency saga or compensation outcome.	Patient registration is an idempotent server-owned identity saga: validated identity and current consent evidence, user/profile creation, audit/outbox and OTP challenge are committed or reconciled as one lifecycle. A partial profile, emitted event or OTP request cannot establish an activated account.	Identity/Auth + Patient Profile + Notifications/Event Platform	NONE_FOUND_AFTER_TARGETED_SEARCH	FINAL_MAPPED	Manual mapping from frozen baseline source and the targeted derived graph. Each row was assigned to a narrow aggregate/subroot; no product source was changed. No production/user/clinical/financial data, endpoint, integration, Sentry, PSP, Redis, database or runtime service was accessed.
CONFIRMED_ROOT_CODE_DEFECT_PAYMENT_AMOUNT_AUTHORITY	F-105	R-05A1	src/modules/payments/paymob.service.ts:20–53 ; src/modules/payments/paymob.controller.ts:19–23	Financial failure semantics, server amount authority and payment command idempotency lack one fail-closed payment-intent boundary.	Payment can settle only against a server-owned quote/intent with amount, currency, order/booking ownership and idempotency; unavailable or unverified states are not paid/success.	Payments/Finance + Platform	F-048,F-053,F-057,F-058,F-078,F-240,F-544,F-819,F-970,F-3562	FINAL_MAPPED	Manual mapping; Paymob amount authority.
CONFIRMED_ROOT_CODE_DEFECT_PAYMENT_IDEMPOTENCY	F-106	R-05A1	src/modules/payments/paymob.service.ts:20–53 ; src/modules/payments/payments.module.ts:160–217	Financial failure semantics, server amount authority and payment command idempotency lack one fail-closed payment-intent boundary.	Payment can settle only against a server-owned quote/intent with amount, currency, order/booking ownership and idempotency; unavailable or unverified states are not paid/success.	Payments/Finance + Platform	F-048,F-053,F-057,F-058,F-078,F-240,F-544,F-819,F-970,F-3562	FINAL_MAPPED	Manual mapping; payment replay/idempotency.
CONFIRMED_ROOT_CODE_DEFECT_PAYOUT_IDEMPOTENCY_INDEX_PROVISIONING	F-489	R-05B2	src/modules/payouts/provider-payouts.controller.ts:45–56	Withdrawal/payout commands lack a coherent schema/state/reservation/idempotency boundary and cannot rely on controller success alone.	Provider payout/withdrawal requires verified owner/bank context, reserved immutable ledger amount, versioned approve/reject/settle/reverse transitions and actor/reason audit.	Finance/Payouts + Provider/Admin	F-733	FINAL_MAPPED	Manual mapping; do not merge with return request lifecycle.
CONFIRMED_ROOT_CODE_DEFECT_PHARMACY_INVENTORY_TENANCY_SHORTAGE_DURABILITY	F-948	R-06C2	src/modules/compat/compat.module.ts:650–714	Pharmacy inventory, shortage, broadcast and parallel order allocation are not protected by a canonical tenant-scoped atomic reservation/reconciliation boundary.	Only eligible pharmacy inventory may support an offer; selection/order allocation must reserve scoped stock atomically, reconcile expiry/failure and retain auditable shortage/substitution truth.	Pharmacy + Inventory/Provider Operations	F-992	FINAL_MAPPED	Manual mapping; R-06C1 quote/order and R-16 concurrency dependencies are explicit.
CONFIRMED_ROOT_CODE_DEFECT_PHARMACY_MUTATION_CONCURRENCY	F-110	R-06C2	src/modules/pharmacy_ops/pharmacy_ops.service.ts:83–105,118–147,174–232 ; src/modules/pharmacy_ops/pharmacy_ops.controller.ts:50–75	Pharmacy inventory, shortage, broadcast and parallel order allocation are not protected by a canonical tenant-scoped atomic reservation/reconciliation boundary.	Only eligible pharmacy inventory may support an offer; selection/order allocation must reserve scoped stock atomically, reconcile expiry/failure and retain auditable shortage/substitution truth.	Pharmacy + Inventory/Provider Operations	F-992	FINAL_MAPPED	Manual mapping; R-06C1 quote/order and R-16 concurrency dependencies are explicit.
CONFIRMED_ROOT_CODE_DEFECT_PHARMACY_QUOTE_AUTHORITY	F-109	R-06C1	src/modules/pharmacy_ops/pharmacy_ops.service.ts:149–171 ; src/modules/pharmacy_ops/pharmacy_ops.controller.ts:62–67	Cart, quote, offer selection and order creation lack one server-authoritative, versioned commercial command saga; legacy cart fields/summary/mutations may override canonical policy.	Pharmacy flow is request broadcast → eligible pharmacy offers → patient selection → server quote/stock validation → explicit cash/card/COD or insurance decision/co-pay; client fields never set price/availability/payment truth.	Pharmacy + Commerce/Booking + Payments	F-025,F-048,F-053,F-057,F-058,F-085,F-2442,F-2553	FINAL_MAPPED	Manual mapping; payment settlement is a dependency R-05A1 and mobile/web screens are derived presentation paths.
CONFIRMED_ROOT_CODE_DEFECT_PLATFORM_FINANCIAL_REPORTING_LEDGER_RECONCILIATION	F-982	R-05D	src/modules/compat/admin-spa.module.ts:527–560	Commercial settlement/invoice/reporting can use non-authoritative amount, currency, period or ledger sources and lacks reconciliation boundary.	Financial reports and invoices derive only from canonical immutable settlement/ledger entries with currency, period, refund/reversal and provenance.	Finance/Accounting + Reporting	F-240,F-497,F-649,F-654,F-879,F-884,F-890,F-955	FINAL_MAPPED	Manual mapping; platform financial reporting reconciliation.
CONFIRMED_ROOT_CODE_DEFECT_POLICY_VERIFICATION_FLAGS_TRUSTED	F-2908	R-04A1	src/modules/insurance/insurance.module.ts:315–335	Insurance policy, coverage verification and provider decision evidence have incompatible/non-persisted shapes or trust client/flag/snapshot state rather than a canonical versioned claim decision.	Insurance request is owner/policy/service scoped; provider records a verifiable full/partial/reject decision with evidence/version/expiry/currency/co-pay. Only after that decision may co-pay payment and booking confirmation occur; rejection offers cash/cancel, never auto-cash.	Insurance + Care/Booking + Provider Operations	F-078,F-1280	FINAL_MAPPED	Manual mapping; R-05A1 settlement dependency follows an authoritative decision.
CONFIRMED_ROOT_CODE_DEFECT_PRODUCTION_VERIFIER_CAPABILITY_VALIDATION_MATRIX_NARROW_FALSE_COVERAGE	F-1352	R-15E	src/scripts/verify-production.ts:12–38	Production verifier has configuration-name drift, narrow/false capability coverage, full app side effects, incomplete Mongo/Redis/integration proofs, false-ready messaging and weak deadline/lock/cleanup/redacted artifact/exit taxonomy control.	Production verification is an isolated non-mutating, target-bound and lock-budgeted check matrix; it validates exact declared configuration, dependency identity/TLS/auth/index/migration readiness, bounded Redis/integration/webhook/idempotency capabilities, emits structured redacted evidence/exit taxonomy, always cleans context, and never claims GO from partial checks.	Release Engineering/SRE + Security	F-1358	FINAL_MAPPED	Manual mapping; verifier was not executed and all live dependency/PSP/Mongo/Redis checks remain separate external runtime gates.
CONFIRMED_ROOT_CODE_DEFECT_PRODUCTION_VERIFIER_DATABASE_IDENTITY_TLS_AUTH_INDEX_MIGRATION_PERMISSION	F-1355	R-15E	src/scripts/verify-production.ts:26–30	Production verifier has configuration-name drift, narrow/false capability coverage, full app side effects, incomplete Mongo/Redis/integration proofs, false-ready messaging and weak deadline/lock/cleanup/redacted artifact/exit taxonomy control.	Production verification is an isolated non-mutating, target-bound and lock-budgeted check matrix; it validates exact declared configuration, dependency identity/TLS/auth/index/migration readiness, bounded Redis/integration/webhook/idempotency capabilities, emits structured redacted evidence/exit taxonomy, always cleans context, and never claims GO from partial checks.	Release Engineering/SRE + Security	F-1358	FINAL_MAPPED	Manual mapping; verifier was not executed and all live dependency/PSP/Mongo/Redis checks remain separate external runtime gates.
CONFIRMED_ROOT_CODE_DEFECT_PRODUCTION_VERIFIER_ENABLED_INTEGRATION_CAPABILITY_WEBHOOK_IDEMPOTENCY_PROOF	F-1356	R-15E	src/scripts/verify-production.ts:12–22	Production verifier has configuration-name drift, narrow/false capability coverage, full app side effects, incomplete Mongo/Redis/integration proofs, false-ready messaging and weak deadline/lock/cleanup/redacted artifact/exit taxonomy control.	Production verification is an isolated non-mutating, target-bound and lock-budgeted check matrix; it validates exact declared configuration, dependency identity/TLS/auth/index/migration readiness, bounded Redis/integration/webhook/idempotency capabilities, emits structured redacted evidence/exit taxonomy, always cleans context, and never claims GO from partial checks.	Release Engineering/SRE + Security	F-1358	FINAL_MAPPED	Manual mapping; verifier was not executed and all live dependency/PSP/Mongo/Redis checks remain separate external runtime gates.
CONFIRMED_ROOT_CODE_DEFECT_PRODUCTION_VERIFIER_EXECUTION_LOCK_BUDGET_COORDINATION	F-1362	R-15E	src/scripts/verify-production.ts:7–49	Production verifier has configuration-name drift, narrow/false capability coverage, full app side effects, incomplete Mongo/Redis/integration proofs, false-ready messaging and weak deadline/lock/cleanup/redacted artifact/exit taxonomy control.	Production verification is an isolated non-mutating, target-bound and lock-budgeted check matrix; it validates exact declared configuration, dependency identity/TLS/auth/index/migration readiness, bounded Redis/integration/webhook/idempotency capabilities, emits structured redacted evidence/exit taxonomy, always cleans context, and never claims GO from partial checks.	Release Engineering/SRE + Security	F-1358	FINAL_MAPPED	Manual mapping; verifier was not executed and all live dependency/PSP/Mongo/Redis checks remain separate external runtime gates.
CONFIRMED_ROOT_CODE_DEFECT_PRODUCTION_VERIFIER_FAILURE_FINALLY_CLOSE_CONTEXT	F-1360	R-15E	src/scripts/verify-production.ts:24,46–49	Production verifier has configuration-name drift, narrow/false capability coverage, full app side effects, incomplete Mongo/Redis/integration proofs, false-ready messaging and weak deadline/lock/cleanup/redacted artifact/exit taxonomy control.	Production verification is an isolated non-mutating, target-bound and lock-budgeted check matrix; it validates exact declared configuration, dependency identity/TLS/auth/index/migration readiness, bounded Redis/integration/webhook/idempotency capabilities, emits structured redacted evidence/exit taxonomy, always cleans context, and never claims GO from partial checks.	Release Engineering/SRE + Security	F-1358	FINAL_MAPPED	Manual mapping; verifier was not executed and all live dependency/PSP/Mongo/Redis checks remain separate external runtime gates.
CONFIRMED_ROOT_CODE_DEFECT_PRODUCTION_VERIFIER_FULL_APP_CONTEXT_SIDE_EFFECT_GRAPH	F-1353	R-15E	src/scripts/verify-production.ts:24 ; src/app.module.ts:135–256	Production verifier has configuration-name drift, narrow/false capability coverage, full app side effects, incomplete Mongo/Redis/integration proofs, false-ready messaging and weak deadline/lock/cleanup/redacted artifact/exit taxonomy control.	Production verification is an isolated non-mutating, target-bound and lock-budgeted check matrix; it validates exact declared configuration, dependency identity/TLS/auth/index/migration readiness, bounded Redis/integration/webhook/idempotency capabilities, emits structured redacted evidence/exit taxonomy, always cleans context, and never claims GO from partial checks.	Release Engineering/SRE + Security	F-1358	FINAL_MAPPED	Manual mapping; verifier was not executed and all live dependency/PSP/Mongo/Redis checks remain separate external runtime gates.
CONFIRMED_ROOT_CODE_DEFECT_PRODUCTION_VERIFIER_MONGO_URI_MONGO_URL_ENV_CONTRACT_DRIFT	F-1351	R-15E	src/scripts/verify-production.ts:12–24 ; src/app.module.ts:156–159	Production verifier has configuration-name drift, narrow/false capability coverage, full app side effects, incomplete Mongo/Redis/integration proofs, false-ready messaging and weak deadline/lock/cleanup/redacted artifact/exit taxonomy control.	Production verification is an isolated non-mutating, target-bound and lock-budgeted check matrix; it validates exact declared configuration, dependency identity/TLS/auth/index/migration readiness, bounded Redis/integration/webhook/idempotency capabilities, emits structured redacted evidence/exit taxonomy, always cleans context, and never claims GO from partial checks.	Release Engineering/SRE + Security	F-1358	FINAL_MAPPED	Manual mapping; verifier was not executed and all live dependency/PSP/Mongo/Redis checks remain separate external runtime gates.
CONFIRMED_ROOT_CODE_DEFECT_PRODUCTION_VERIFIER_REDIS_PING_DEADLINE_TIMEOUT	F-1354	R-15E	src/scripts/verify-production.ts:32–36	Production verifier has configuration-name drift, narrow/false capability coverage, full app side effects, incomplete Mongo/Redis/integration proofs, false-ready messaging and weak deadline/lock/cleanup/redacted artifact/exit taxonomy control.	Production verification is an isolated non-mutating, target-bound and lock-budgeted check matrix; it validates exact declared configuration, dependency identity/TLS/auth/index/migration readiness, bounded Redis/integration/webhook/idempotency capabilities, emits structured redacted evidence/exit taxonomy, always cleans context, and never claims GO from partial checks.	Release Engineering/SRE + Security	F-1358	FINAL_MAPPED	Manual mapping; verifier was not executed and all live dependency/PSP/Mongo/Redis checks remain separate external runtime gates.
CONFIRMED_ROOT_CODE_DEFECT_PRODUCTION_VERIFIER_STRUCTURED_REDACTED_CHECK_ARTIFACT_EXIT_TAXONOMY	F-1361	R-15E	src/scripts/verify-production.ts:46–49	Production verifier has configuration-name drift, narrow/false capability coverage, full app side effects, incomplete Mongo/Redis/integration proofs, false-ready messaging and weak deadline/lock/cleanup/redacted artifact/exit taxonomy control.	Production verification is an isolated non-mutating, target-bound and lock-budgeted check matrix; it validates exact declared configuration, dependency identity/TLS/auth/index/migration readiness, bounded Redis/integration/webhook/idempotency capabilities, emits structured redacted evidence/exit taxonomy, always cleans context, and never claims GO from partial checks.	Release Engineering/SRE + Security	F-1358	FINAL_MAPPED	Manual mapping; verifier was not executed and all live dependency/PSP/Mongo/Redis checks remain separate external runtime gates.
CONFIRMED_ROOT_CODE_DEFECT_PROMOTION_PUBLICATION_PRICE_GOVERNANCE	F-988	R-12D	src/modules/compat/admin-spa.module.ts:827–887	Promotion publication/pricing lacks governed commercial catalog lifecycle.	Promotions use authorized/versioned effective-window, canonical price/availability and audited publication/reconciliation.	Commercial Catalog Governance	NONE_FOUND_AFTER_TARGETED_SEARCH	FINAL_MAPPED	Manual commercial catalog subroot; financial settlement remains R-05.
CONFIRMED_ROOT_CODE_DEFECT_PROVIDER_AVAILABILITY_FALSE_ONLINE_DEFAULT	F-956	R-16E	src/modules/compat/compat.module.ts:1082–1107	Provider availability falls back to false online truth.	Matching/availability uses authoritative time-bound provider state with explicit unknown/degraded outcome, never default online.	Workflow/Provider Matching	NONE_FOUND_AFTER_TARGETED_SEARCH	FINAL_MAPPED	Manual reassignment to provider matching root.
CONFIRMED_ROOT_CODE_DEFECT_PROVIDER_CAPABILITY_PROVENANCE	F-919	R-21A	src/modules/business-rules/business-rules.module.ts:145–156	Business-rules policy evaluation trusts caller context, lacks persisted/versioned surge/eligibility/capability authority and fail-closed missing/invalid inputs, can issue nonauthoritative pricing/payment results, and lacks admin separation/concurrency/redacted projection enforcement.	Business policy evaluation receives authoritative typed context only, is versioned/persisted and concurrency-safe, fails closed for unknown/missing eligibility/capability/payment inputs, returns bounded/redacted explainable results, and is enforced at owning commands with separated policy administration.	Business Policy Platform + Domain Owners	NONE_FOUND_AFTER_TARGETED_SEARCH	FINAL_MAPPED	Manual mapping; insurance, payment, pricing, provider capability and booking aggregates retain authority for their own decisions and settlements.
CONFIRMED_ROOT_CODE_DEFECT_PROVIDER_DASHBOARD_ROLE_FAIL_CLOSED	F-954	R-02A	src/modules/compat/compat.module.ts:1027–1069	Privileged provider/admin commands and reads rely on JWT or broad role context without a consistently verified role, organization/facility assignment, resource relationship, purpose, state and actor/reason audit boundary.	Every privileged provider/admin read or mutation is deny-by-default and verifies active role, organization/facility assignment, resource relationship, purpose and command state; sensitive actions carry immutable actor/reason audit and bounded projections.	Identity/Authorization + Provider Operations + Admin Governance	F-606,F-679,F-681,F-683,F-875,F-878,F-880,F-883,F-887	FINAL_MAPPED	Manual mapping; finance/legal/facility/clinical/realtime/release authorization labels remain intentionally owned by their specialized roots with R-02A dependency where applicable.
CONFIRMED_ROOT_CODE_DEFECT_PROVIDER_INSURANCE_MATRIX_FAIL_OPEN_VERIFICATION	F-499	R-04A1	src/modules/legal/legal-enterprise.service.ts:286–306	Provider insurance acceptance returns true when no provider matrix exists, treating an absent or incomplete eligibility record as universal acceptance instead of a verified current provider-network capability.	An insurance request is evaluated against a canonical current policy, eligible provider/network/service and recorded provider/insurance decision. Missing, stale or unresolved eligibility fails closed to a truthful pending/unavailable state; only a full/partial/reject decision produces an authoritative co-pay or cash/cancel choice.	Insurance Domain + Provider Operations + Booking/Pharmacy	NONE_FOUND_AFTER_TARGETED_SEARCH	FINAL_MAPPED	Manual mapping from frozen backend baseline. Targeted derived search found no directly matching DERIVED_DUPLICATE labels. No policy, network, provider decision, company document, patient coverage, payment or runtime service was accessed.
CONFIRMED_ROOT_CODE_DEFECT_PROVIDER_JOB_QUEUE_GLOBAL_PAGINATION_COST_BOUNDS	F-1275	R-16G	src/modules/provider-jobs/provider-jobs.module.ts:103–174	Provider job queues can expose excess clinical/contact data, fabricate commercial defaults, use global unbounded pagination, lack actor/role provenance and accept weak command identifier/reason input.	Provider job queues use minimum necessary clinical/contact DTOs, authoritative commercial fields, bounded scoped pagination, verified actor/role provenance and typed validated idempotent command reasons with audit.	Provider Jobs + Clinical Privacy + Workflow	NONE_FOUND_AFTER_TARGETED_SEARCH	FINAL_MAPPED	Manual provider-jobs root; queue execution and runtime workers were not accessed.
CONFIRMED_ROOT_CODE_DEFECT_PROVIDER_LOCATION_VALIDATION	F-769	R-16E	src/modules/workflow-engine/workflow-engine.module.ts:449–458	Provider matching lacks minimum provider projection, validated location, authoritative availability and bounded/reconciled matching workload.	Provider matching uses active verified provider/facility/capability/availability/location records, minimum projections, bounded query/workload behavior and durable reconciled match outcomes; no cached/client claim is authoritative.	Workflow Platform + Provider Operations + Privacy	NONE_FOUND_AFTER_TARGETED_SEARCH	FINAL_MAPPED	Manual provider-match subroot; delivery/location/GPS and provider profile roots remain dependencies.
CONFIRMED_ROOT_CODE_DEFECT_PROVIDER_NURSING_UI_BACKEND_ROUTE_PAYLOAD_ERROR_TRUTH_CONTEXT_DRIFT	F-023	R-10B	NabdProvider-provider/src/screens/nursing/NursingDashboard.tsx:80–103,128–164,226–232,266–286,293–318 ; nabdah-backend/src/modules/home-care-compat/home-care-compat.module.ts:98–113,141–149,209–212	Home-care compatibility flow lacks truthful provider UI/backend route-payload contract, minimum catalog/provider projection, consented clinical/GPS visit report schema/audit, authorized care-plan/encounter authorship and versioned nursing clinical protocol provenance.	Home-care fulfillment uses one canonical provider UI/API contract with truthful error/context states; catalog/provider data is minimum bounded projection; visit reports and care plans require authorized author, subject relationship, consent, schema/version/protocol provenance and immutable audit. GPS measurement validity remains a separate R-11B dependency.	Home-care Fulfillment + Clinical Privacy	NONE_FOUND_AFTER_TARGETED_SEARCH	FINAL_MAPPED	Manual mapping; no nursing UI, home-care request, GPS, clinical report, protocol or runtime service was accessed.
CONFIRMED_ROOT_CODE_DEFECT_PROVIDER_ONBOARDING_RESUBMISSION_IMMUTABLE_REVIEW_STATE_MACHINE	F-624	R-21D	src/modules/provider-onboarding/provider-onboarding.module.ts:361–378	Provider onboarding lacks a verified provider identity/credential and account-provenance gate, encrypted/retained typed draft and minimum progress projection, default-deny contract visibility, durable submit/moderation and immutable resubmission review-state lifecycle.	Provider onboarding binds a verified credentialed identity to a controlled account record; drafts are typed/encrypted/retention-bounded, progress and contracts are minimum/default-deny, submit/moderation is durable/idempotent/audited, and resubmission follows a versioned immutable review state machine.	Provider Onboarding + Identity/Privacy	F-626	FINAL_MAPPED	Manual mapping; contract artifact safe-media mechanics are R-07B3/R-22C and verified public search projection is R-12B.
CONFIRMED_ROOT_CODE_DEFECT_PROVIDER_ONBOARDING_SUBMIT_MODERATION_CONTRACT_DURABLE_SAGA	F-618	R-21D	src/modules/provider-onboarding/provider-onboarding.module.ts:195–223	Provider onboarding lacks a verified provider identity/credential and account-provenance gate, encrypted/retained typed draft and minimum progress projection, default-deny contract visibility, durable submit/moderation and immutable resubmission review-state lifecycle.	Provider onboarding binds a verified credentialed identity to a controlled account record; drafts are typed/encrypted/retention-bounded, progress and contracts are minimum/default-deny, submit/moderation is durable/idempotent/audited, and resubmission follows a versioned immutable review state machine.	Provider Onboarding + Identity/Privacy	F-626	FINAL_MAPPED	Manual mapping; contract artifact safe-media mechanics are R-07B3/R-22C and verified public search projection is R-12B.
CONFIRMED_ROOT_CODE_DEFECT_PROVIDER_SLA_REPORT_WINDOW_COMPLETENESS_TRUTH	F-501	R-21H	src/modules/legal/legal-enterprise.controller.ts:118–123 ; src/modules/legal/legal-enterprise.service.ts:308–363	Provider SLA endpoint accepts an unbounded raw days window, falls back unknown provider type to pharmacy, derives heterogeneous source metrics with incomplete state histories and masks missing SLA logs as zero, so it cannot state a complete provider-performance outcome.	Operational SLA reporting uses a typed finite window, verified provider/facility/service scope, canonical state-clock definitions, data-completeness/freshness status and auditable source lineage. Unknown, missing or partial data is explicit—not silently mapped to a service type or zero metric.	Operations Safety + Provider Analytics + Domain owners	NONE_FOUND_AFTER_TARGETED_SEARCH	FINAL_MAPPED	Manual mapping from frozen baseline source and the targeted derived graph. Each row was assigned to a narrow aggregate/subroot; no product source was changed. No production/user/clinical/financial data, endpoint, integration, Sentry, PSP, Redis, database or runtime service was accessed.
CONFIRMED_ROOT_CODE_DEFECT_PROVIDER_SUSPENSION_CANONICAL_LIFECYCLE_RECONCILIATION	F-825	R-21G	src/modules/admin-authority/admin-authority.module.ts:187–203	Admin authority bypasses canonical domain/payment/slot state or lacks short-lived revocable support impersonation, target case/approval scope, provider suspension reconciliation and minimum action-log projection.	Privileged support/override actions require a time-bound revocable support session, approved target case, canonical domain command/state/version checks, dual control/reason/audit/reconciliation and minimum scoped action-log views; no direct mutation shortcut is allowed.	Admin Authority + Domain Owners + Security	NONE_FOUND_AFTER_TARGETED_SEARCH	FINAL_MAPPED	Manual mapping; underlying booking/payment/provider domain aggregates remain execution authorities.
CONFIRMED_ROOT_CODE_DEFECT_PUBLIC_RATING_PAGINATION_FINITE_CURSOR_QUERY_BOUNDS	F-1157	R-21F	src/modules/ratings/ratings.module.ts:60–64,95–99	Ratings lack verified completed patient-provider/entity eligibility, unique atomic command semantics, canonical provider aggregate/reconciliation, anonymous minimum public projection, bounded query/DTO validation and index verification.	Ratings are accepted only for verified completed patient-provider/entity relationships, unique/idempotent and validated commands, canonical provider identity aggregates with reconciliation, anonymous/redacted public views, bounded pagination and verified indexes.	Patient Experience + Trust/Safety + Provider Governance	NONE_FOUND_AFTER_TARGETED_SEARCH	FINAL_MAPPED	Manual mapping; booking completion and provider identity are authoritative dependencies, not rating-owned truth.
CONFIRMED_ROOT_CODE_DEFECT_PUBLIC_SEARCH_QUERY_LIMIT_VALIDATION	F-3775	R-12B	src/modules/seo-search/seo-search.module.ts:365–380	Public and cross-domain discovery searches lack consistent bounded/escaped query, sensitivity, verified-publication, minimum projection and retention contracts.	Discovery/search inputs are typed, escaped and resource-bounded; results are from verified/publication-authorized entities only, return minimum public DTOs, protect sensitive terms and apply pagination/cursor/retention/audit policy.	Public Discovery/Search + Privacy	NONE_FOUND_AFTER_TARGETED_SEARCH	FINAL_MAPPED	Manual mapping; admin directory, recruitment, ratings and other vertical searches remain specialized roots.
CONFIRMED_ROOT_CODE_DEFECT_QUOTE_TRUSTS_CLIENT_PRICE	F-632	R-04A1	src/modules/insurance-engine/insurance-engine.module.ts:176–201	Insurance quote/request/appeal/decision flow trusts client commercial context or lacks canonical idempotency, durable appeal outbox and concurrency control over decision/co-pay state.	Insurance quote/request/appeal/decision commands derive price and eligibility from authoritative policy/provider records, are idempotent/versioned, persist durable events and serialize decision/co-pay transitions with explicit full/partial/reject outcome.	Insurance Orchestration + Finance	NONE_FOUND_AFTER_TARGETED_SEARCH	FINAL_MAPPED	Manual mapping; payment settlement remains R-05/R-04A4 and policy document privacy is R-04C.
CONFIRMED_ROOT_CODE_DEFECT_RATE_LIMIT_NONATOMIC_COUNTERS	F-686	R-22F	src/modules/api-security/api-security.module.ts:101–123	API abuse controls can fail open or use non-atomic counters/raw URL policy, lack degraded enforcement/reconciliation and privacy-safe security-event governance/admin projection/retention.	Abuse controls use canonical normalized route/policy keys, atomic distributed limits with fail-closed or explicit degraded enforcement/reconciliation, and security events use minimum redacted/audited retention and scoped admin projections.	API Security + Platform Reliability + Privacy	NONE_FOUND_AFTER_TARGETED_SEARCH	FINAL_MAPPED	Manual mapping; Redis availability/atomic primitive runtime behavior remains R-16A external verification gate.
CONFIRMED_ROOT_CODE_DEFECT_RATINGS_CANONICAL_PROVIDER_IDENTITY_AGGREGATE_READ_MODEL_RECONCILIATION	F-1156	R-21F	src/modules/ratings/ratings.module.ts:47–57	Ratings lack verified completed patient-provider/entity eligibility, unique atomic command semantics, canonical provider aggregate/reconciliation, anonymous minimum public projection, bounded query/DTO validation and index verification.	Ratings are accepted only for verified completed patient-provider/entity relationships, unique/idempotent and validated commands, canonical provider identity aggregates with reconciliation, anonymous/redacted public views, bounded pagination and verified indexes.	Patient Experience + Trust/Safety + Provider Governance	NONE_FOUND_AFTER_TARGETED_SEARCH	FINAL_MAPPED	Manual mapping; booking completion and provider identity are authoritative dependencies, not rating-owned truth.
CONFIRMED_ROOT_CODE_DEFECT_RATINGS_INDEX_MANIFEST_STARTUP_VERIFICATION	F-1163	R-21F	src/modules/ratings/ratings.module.ts:14–15,25,48–68	Ratings lack verified completed patient-provider/entity eligibility, unique atomic command semantics, canonical provider aggregate/reconciliation, anonymous minimum public projection, bounded query/DTO validation and index verification.	Ratings are accepted only for verified completed patient-provider/entity relationships, unique/idempotent and validated commands, canonical provider identity aggregates with reconciliation, anonymous/redacted public views, bounded pagination and verified indexes.	Patient Experience + Trust/Safety + Provider Governance	NONE_FOUND_AFTER_TARGETED_SEARCH	FINAL_MAPPED	Manual mapping; booking completion and provider identity are authoritative dependencies, not rating-owned truth.
CONFIRMED_ROOT_CODE_DEFECT_RATINGS_UNIQUE_USER_ENTITY_ATOMIC_IDEMPOTENCY	F-1153	R-21F	src/modules/ratings/ratings.module.ts:25–44	Ratings lack verified completed patient-provider/entity eligibility, unique atomic command semantics, canonical provider aggregate/reconciliation, anonymous minimum public projection, bounded query/DTO validation and index verification.	Ratings are accepted only for verified completed patient-provider/entity relationships, unique/idempotent and validated commands, canonical provider identity aggregates with reconciliation, anonymous/redacted public views, bounded pagination and verified indexes.	Patient Experience + Trust/Safety + Provider Governance	NONE_FOUND_AFTER_TARGETED_SEARCH	FINAL_MAPPED	Manual mapping; booking completion and provider identity are authoritative dependencies, not rating-owned truth.
CONFIRMED_ROOT_CODE_DEFECT_REALTIME_OFFLINE_DELIVERY_ACK_RECONCILIATION	F-293	R-18A	src/modules/realtime/realtime.gateway.ts:74–91	Realtime/websocket transports expose query credentials or uncontrolled origin/room/payload behavior and lack authenticated bounded event authorization, audience projection, offline acknowledgement/replay and transport-abuse controls.	Realtime connections use secure handshake credential handling, normalized origin allowlist, expiry/revocation, bounded typed payloads and per-event authorization; delivery is audience-minimized, acknowledged/replayable with explicit degraded state and legacy global/client-controlled rooms are removed or hardened.	Realtime Platform + Security/Privacy	F-298,F-299,F-356,F-357,F-358,F-1130,F-1131,F-1134,F-2419,F-2421,F-2428,F-2429	FINAL_MAPPED	Manual mapping; domain SSE booking privacy remains R-03D and event-platform durability is R-09A.
CONFIRMED_ROOT_CODE_DEFECT_RECRUITMENT_APPLICATION_LEGAL_STATE_ACTOR_CAS_AUDIT	F-1149	R-21B	src/modules/recruitment/recruitment.module.ts:199–217,280–284	Recruitment jobs/applications lack one authoritative candidate principal, facility/publication/legal state, credential/CV lifecycle, unique application, typed query/projection and actor/CAS/audit contract.	Recruitment commands verify candidate principal and facility authority, accept typed bounded inputs, secure/scan/retain credentials and CVs by policy, use unique idempotent applications, versioned legal-state transitions with actor audit, and expose only published minimum job/application projections through bounded queries.	Recruitment Platform + Facility Governance + Privacy	F-1151	FINAL_MAPPED	Manual mapping; safe storage is R-22C/R-07B, consent evidence is R-24A and durable event infrastructure is R-09A/R-16.
CONFIRMED_ROOT_CODE_DEFECT_RECRUITMENT_APPLICATION_UNIQUE_CANDIDATE_JOB_IDEMPOTENCY	F-1146	R-21B	src/modules/recruitment/recruitment.module.ts:145–157	Recruitment jobs/applications lack one authoritative candidate principal, facility/publication/legal state, credential/CV lifecycle, unique application, typed query/projection and actor/CAS/audit contract.	Recruitment commands verify candidate principal and facility authority, accept typed bounded inputs, secure/scan/retain credentials and CVs by policy, use unique idempotent applications, versioned legal-state transitions with actor audit, and expose only published minimum job/application projections through bounded queries.	Recruitment Platform + Facility Governance + Privacy	F-1151	FINAL_MAPPED	Manual mapping; safe storage is R-22C/R-07B, consent evidence is R-24A and durable event infrastructure is R-09A/R-16.
CONFIRMED_ROOT_CODE_DEFECT_RECRUITMENT_JOB_LEGAL_STATE_TRANSITION_CAS_IDEMPOTENCY	F-1142	R-21B	src/modules/recruitment/recruitment.module.ts:70–88	Recruitment jobs/applications lack one authoritative candidate principal, facility/publication/legal state, credential/CV lifecycle, unique application, typed query/projection and actor/CAS/audit contract.	Recruitment commands verify candidate principal and facility authority, accept typed bounded inputs, secure/scan/retain credentials and CVs by policy, use unique idempotent applications, versioned legal-state transitions with actor audit, and expose only published minimum job/application projections through bounded queries.	Recruitment Platform + Facility Governance + Privacy	F-1151	FINAL_MAPPED	Manual mapping; safe storage is R-22C/R-07B, consent evidence is R-24A and durable event infrastructure is R-09A/R-16.
CONFIRMED_ROOT_CODE_DEFECT_REDIS_CACHE_ASYNC_WRITE_FAILURE_OBSERVABILITY_SEQUENCING	F-2504	R-16B	src/common/redis-cache.interceptor.ts:30–36	Redis response caching lacks corrupt-value safe-miss, single-flight/size/serialization budget, ordered async-write failure visibility and stale/corruption invalidation metrics.	Cache entries use bounded normalized keys/serialization, safe miss on corruption, single-flight and resource budgets, explicit write/error sequencing, stale/invalidation/reconciliation metrics and never override authoritative state.	Platform Reliability + Data Access	F-2503	FINAL_MAPPED	Manual mapping; public DTO/privacy namespace fields remain R-13D and price/availability authority remains its business root.
CONFIRMED_ROOT_CODE_DEFECT_REDIS_CACHE_CORRUPT_VALUE_READ_WRITE_ERROR_SAFE_MISS_POLICY	F-2500	R-16B	src/common/redis-cache.interceptor.ts:24–28,31–35	Redis response caching lacks corrupt-value safe-miss, single-flight/size/serialization budget, ordered async-write failure visibility and stale/corruption invalidation metrics.	Cache entries use bounded normalized keys/serialization, safe miss on corruption, single-flight and resource budgets, explicit write/error sequencing, stale/invalidation/reconciliation metrics and never override authoritative state.	Platform Reliability + Data Access	F-2503	FINAL_MAPPED	Manual mapping; public DTO/privacy namespace fields remain R-13D and price/availability authority remains its business root.
CONFIRMED_ROOT_CODE_DEFECT_REDIS_CACHE_HIT_MISS_STALE_CORRUPTION_INVALIDATION_PRIVACY_METRICS	F-2506	R-16B	src/common/redis-cache.interceptor.ts:23–35	Redis response caching lacks corrupt-value safe-miss, single-flight/size/serialization budget, ordered async-write failure visibility and stale/corruption invalidation metrics.	Cache entries use bounded normalized keys/serialization, safe miss on corruption, single-flight and resource budgets, explicit write/error sequencing, stale/invalidation/reconciliation metrics and never override authoritative state.	Platform Reliability + Data Access	F-2503	FINAL_MAPPED	Manual mapping; public DTO/privacy namespace fields remain R-13D and price/availability authority remains its business root.
CONFIRMED_ROOT_CODE_DEFECT_REDIS_CACHE_SINGLE_FLIGHT_SIZE_SERIALIZATION_BUDGET	F-2501	R-16B	src/common/redis-cache.interceptor.ts:23–35	Redis response caching lacks corrupt-value safe-miss, single-flight/size/serialization budget, ordered async-write failure visibility and stale/corruption invalidation metrics.	Cache entries use bounded normalized keys/serialization, safe miss on corruption, single-flight and resource budgets, explicit write/error sequencing, stale/invalidation/reconciliation metrics and never override authoritative state.	Platform Reliability + Data Access	F-2503	FINAL_MAPPED	Manual mapping; public DTO/privacy namespace fields remain R-13D and price/availability authority remains its business root.
CONFIRMED_ROOT_CODE_DEFECT_REFUND_COLLECTION_SINGLE_SCHEMA_OWNER_MIGRATION_COMPATIBILITY	F-802	R-05B1	src/modules/patient-ux/patient-ux.module.ts:293–310	Refund/return commands and UI state lack one server-authoritative, idempotent settlement lifecycle; amount/eligibility/request ID/attachment/output can be client-derived or fabricated.	Refund/return is only created and settled from an eligible server-owned order/booking/payment state; amount/currency/policy and reversal are authoritative and auditable.	Payments/Finance + Returns + Patient Mobile	F-076,F-485,F-544,F-548,F-803	FINAL_MAPPED	Manual mapping; F-641 also depends on R-04 insurance decision state.
CONFIRMED_ROOT_CODE_DEFECT_REFUND_INTEGRITY	F-107	R-05B1	src/modules/payments/payments.module.ts:280–300	Refund/return commands and UI state lack one server-authoritative, idempotent settlement lifecycle; amount/eligibility/request ID/attachment/output can be client-derived or fabricated.	Refund/return is only created and settled from an eligible server-owned order/booking/payment state; amount/currency/policy and reversal are authoritative and auditable.	Payments/Finance + Returns + Patient Mobile	F-076,F-485,F-544,F-548,F-803	FINAL_MAPPED	Manual mapping; F-641 also depends on R-04 insurance decision state.
CONFIRMED_ROOT_CODE_DEFECT_REFUND_TRUSTS_CLIENT_FINANCIAL_DATA	F-641	R-05B1	src/modules/insurance-engine/insurance-engine.module.ts:544–563	Refund/return commands and UI state lack one server-authoritative, idempotent settlement lifecycle; amount/eligibility/request ID/attachment/output can be client-derived or fabricated.	Refund/return is only created and settled from an eligible server-owned order/booking/payment state; amount/currency/policy and reversal are authoritative and auditable.	Payments/Finance + Returns + Patient Mobile	F-076,F-485,F-544,F-548,F-803	FINAL_MAPPED	Manual mapping; F-641 also depends on R-04 insurance decision state.
CONFIRMED_ROOT_CODE_DEFECT_RETURN_PAGINATION_PROVIDER_QUERY_SCOPE	F-482	R-05B1	src/modules/returns/returns.service.ts:123–147	Provider return list performs unconstrained cross-model order-ID fan-out and returns an unbounded raw queue without canonical provider-scope/pagination contract.	Refund/return is created and settled only from an eligible server-owned order, booking and payment state. Amount, currency, return-policy version, scope and reversal are canonical and auditable; admin/provider/patient queues expose only purpose-authorized minimum projections with bounded cursor/pagination. Attachment lifecycle remains a separate safe-asset root.	Payments/Finance + Returns + Privacy	NONE_FOUND_AFTER_TARGETED_SEARCH	FINAL_MAPPED	Manual mapping from frozen backend archive. Existing F-479/F-483 settlement and F-485 derived saga mapping stay unchanged; F-486 attachment governance remains the distinct R-07B2 root. No refund, payment, order, document or runtime service was accessed.
CONFIRMED_ROOT_CODE_DEFECT_RETURN_POLICY_TIME_VERSION_REPRODUCIBILITY	F-484	R-05B1	src/modules/returns/returns.service.ts:31–36,44–70	Return eligibility/result does not persist or reproduce the governing return-policy version and effective time.	Refund/return is created and settled only from an eligible server-owned order, booking and payment state. Amount, currency, return-policy version, scope and reversal are canonical and auditable; admin/provider/patient queues expose only purpose-authorized minimum projections with bounded cursor/pagination. Attachment lifecycle remains a separate safe-asset root.	Payments/Finance + Returns + Privacy	NONE_FOUND_AFTER_TARGETED_SEARCH	FINAL_MAPPED	Manual mapping from frozen backend archive. Existing F-479/F-483 settlement and F-485 derived saga mapping stay unchanged; F-486 attachment governance remains the distinct R-07B2 root. No refund, payment, order, document or runtime service was accessed.
CONFIRMED_ROOT_CODE_DEFECT_RETURN_REFUND_SAGA_DURABILITY_IDEMPOTENCY	F-479	R-05B1	src/modules/returns/returns.service.ts:156–185	Refund/return commands and UI state lack one server-authoritative, idempotent settlement lifecycle; amount/eligibility/request ID/attachment/output can be client-derived or fabricated.	Refund/return is only created and settled from an eligible server-owned order/booking/payment state; amount/currency/policy and reversal are authoritative and auditable.	Payments/Finance + Returns + Patient Mobile	F-076,F-485,F-544,F-548,F-803	FINAL_MAPPED	Manual mapping; F-641 also depends on R-04 insurance decision state.
CONFIRMED_ROOT_CODE_DEFECT_RULE_ENGINE_TRUSTS_CALLER_CONTEXT	F-910	R-21A	src/modules/business-rules/business-rules.module.ts:17–27,142–163	Business-rules policy evaluation trusts caller context, lacks persisted/versioned surge/eligibility/capability authority and fail-closed missing/invalid inputs, can issue nonauthoritative pricing/payment results, and lacks admin separation/concurrency/redacted projection enforcement.	Business policy evaluation receives authoritative typed context only, is versioned/persisted and concurrency-safe, fails closed for unknown/missing eligibility/capability/payment inputs, returns bounded/redacted explainable results, and is enforced at owning commands with separated policy administration.	Business Policy Platform + Domain Owners	NONE_FOUND_AFTER_TARGETED_SEARCH	FINAL_MAPPED	Manual mapping; insurance, payment, pricing, provider capability and booking aggregates retain authority for their own decisions and settlements.
CONFIRMED_ROOT_CODE_DEFECT_RUNTIME_SEED_FALSE_VERIFIED_NUTRITION_DATA	F-939	R-15C	src/modules/compat/compat.module.ts:236–266	Nutrition seed data can be represented as runtime-verified without controlled reference-data provenance.	Clinical/reference seed data is target-approved, source/provenance/versioned, validation/reconciliation-gated and cannot be labeled verified without evidence.	Release/Data Governance + Clinical Content	NONE_FOUND_AFTER_TARGETED_SEARCH	FINAL_MAPPED	Manual reference-data safety root; no seed execution occurred.
CONFIRMED_ROOT_CODE_DEFECT_RUNTIME_SEED_SPECIALTIES_REFERENCE_DATA	F-979	R-15C	src/modules/compat/admin-spa.module.ts:395–430	Runtime specialty seed/reference data has no controlled lifecycle.	Reference-data seeding is target-bound, versioned, idempotent, reconciled and auditable.	Release/Data Governance	NONE_FOUND_AFTER_TARGETED_SEARCH	FINAL_MAPPED	Manual reassignment to migration/reference-data safety root.
CONFIRMED_ROOT_CODE_DEFECT_SENTRY_WRAPPED_DOMAIN_EXCEPTION_STATUS_TAXONOMY	F-2494	R-13D	src/common/sentry.filter.ts:21–29	Global Sentry filter assigns user ID, email and name to process-scoped Sentry context and classifies only direct HttpException instances, so wrapped domain errors can acquire incorrect 500 taxonomy while user/route telemetry minimization and reset boundaries are not established.	Telemetry must apply a request-scoped, privacy-minimized and resettable identity/context projection; error classification must preserve the canonical sanitized status/category for wrapped domain failures. Reporting a captured exception never establishes availability or delivery truth.	Observability + Privacy/Security + Backend Platform	NONE_FOUND_AFTER_TARGETED_SEARCH	FINAL_MAPPED	Manual mapping from frozen baseline source. Targeted derived search found no directly matching DERIVED_DUPLICATE labels. No server bootstrap, database, Sentry event, telemetry payload, production data, secret or runtime service was accessed.
CONFIRMED_ROOT_CODE_DEFECT_SEO_CATEGORY_PUBLICATION_AUTHORITY	F-3764	R-12C	src/modules/seo-search/seo-search.module.ts:47–50,89–95	SEO/public catalog routes lack typed canonical identity, public DTO/indexability/publication gates, truthful commercial metadata, safe XML and durable catalog-publication projection semantics.	SEO/publication emits only type-allowlisted canonical entities with collision-safe identity, verified publication/indexability lifecycle, minimum public fields, truthful price/availability/LLM metadata, escaped XML and durable reconciled projection updates.	SEO/Public Discovery + Catalog Governance	F-2548,F-3773	FINAL_MAPPED	Manual mapping; IndexNow transport/release, clinical medicine recommendation and cache/runtime gates remain separate dependencies.
CONFIRMED_ROOT_CODE_DEFECT_SERVICE_CATALOG_OWNERSHIP_PUBLICATION_CREATE_SAGA	F-707	R-12A	src/modules/service-catalog/service-catalog.module.ts:81–90	Service catalog commands lack a single typed allowlisted owner/version/approval/schedule/publication lifecycle with immutable-field and projection controls.	Catalog entries use typed entity/owner/field rules, explicit capability/approval/reason/version/idempotency, bounded schedule semantics, immutable patch/delete protections and least-data admin/public projections; publication follows a durable reconciled lifecycle.	Service Catalog + Provider Governance	F-612,F-715,F-717,F-937,F-949,F-2834	FINAL_MAPPED	Manual mapping; provider/facility authorization F-709 and slot/timezone F-713 remain in R-02/R-03 dependencies.
CONFIRMED_ROOT_CODE_DEFECT_SERVICE_CATALOG_SCHEDULE_READ_PURITY_SCHEMA_TIME_BOUNDS	F-712	R-12A	src/modules/service-catalog/service-catalog.module.ts:138–155	Service catalog commands lack a single typed allowlisted owner/version/approval/schedule/publication lifecycle with immutable-field and projection controls.	Catalog entries use typed entity/owner/field rules, explicit capability/approval/reason/version/idempotency, bounded schedule semantics, immutable patch/delete protections and least-data admin/public projections; publication follows a durable reconciled lifecycle.	Service Catalog + Provider Governance	F-612,F-715,F-717,F-937,F-949,F-2834	FINAL_MAPPED	Manual mapping; provider/facility authorization F-709 and slot/timezone F-713 remain in R-02/R-03 dependencies.
CONFIRMED_ROOT_CODE_DEFECT_SERVICE_CATALOG_SLOT_TIMEZONE_INVALID_DATE_SEMANTICS	F-713	R-03A	src/modules/service-catalog/service-catalog.module.ts:49–51,158–181	Slot creation, lock, reschedule and release lack a unified provider/facility-timezone-aware atomic capacity reservation lifecycle with truthful expiry/reconciliation.	A service slot is server-owned and must validate provider/facility/kind/interval/timezone/capacity; reserve, confirm, release, expire and reschedule via versioned idempotent transitions, then bind payment/insurance confirmation only after the applicable rule.	Booking Platform + Care/Home-care/Service Catalog	F-545,F-678,F-714,F-1490	FINAL_MAPPED	Manual mapping; payment and insurance confirmation remain dependencies, not a client slot field.
CONFIRMED_ROOT_CODE_DEFECT_SERVICE_SPECIFIC_REFUNDABLE_AMOUNT_AUTHORITY	F-483	R-05B1	src/modules/returns/returns.service.ts:98–103	Refund/return commands and UI state lack one server-authoritative, idempotent settlement lifecycle; amount/eligibility/request ID/attachment/output can be client-derived or fabricated.	Refund/return is only created and settled from an eligible server-owned order/booking/payment state; amount/currency/policy and reversal are authoritative and auditable.	Payments/Finance + Returns + Patient Mobile	F-076,F-485,F-544,F-548,F-803	FINAL_MAPPED	Manual mapping; F-641 also depends on R-04 insurance decision state.
CONFIRMED_ROOT_CODE_DEFECT_SITEMAP_LASTMOD_PROVENANCE	F-3768	R-12C	src/modules/seo-search/seo-search.module.ts:109–119	Sitemap generation does not use canonical publication/indexability revision provenance for lastmod and can publish stale or misleading modification metadata.	SEO/publication emits only type-allowlisted canonical entities with collision-safe identity, verified publication/indexability lifecycle, minimum public fields, truthful price/availability/LLM metadata, escaped XML and durable reconciled projection updates.	SEO/Public Discovery + Catalog Governance	NONE_FOUND_AFTER_TARGETED_SEARCH	FINAL_MAPPED	Manual mapping from frozen backend archive. Search input/publication roots remain unchanged; crawler/operational throttling remains runtime verification and sitemap scope remains a product decision. No search, catalog, medicine, recommendation, crawler or runtime operation was accessed.
CONFIRMED_ROOT_CODE_DEFECT_SLOT_LOCK_CANONICAL_BOOKING_PROVIDER_PAYMENT_INSURANCE_CONFIRM_BINDING	F-673	R-03A	src/modules/slot-locks/slot-locks.module.ts:34–42	Slot creation, lock, reschedule and release lack a unified provider/facility-timezone-aware atomic capacity reservation lifecycle with truthful expiry/reconciliation.	A service slot is server-owned and must validate provider/facility/kind/interval/timezone/capacity; reserve, confirm, release, expire and reschedule via versioned idempotent transitions, then bind payment/insurance confirmation only after the applicable rule.	Booking Platform + Care/Home-care/Service Catalog	F-545,F-678,F-714,F-1490	FINAL_MAPPED	Manual mapping; payment and insurance confirmation remain dependencies, not a client slot field.
CONFIRMED_ROOT_CODE_DEFECT_SLOT_LOCK_INTERVAL_ATOMIC_RESERVATION_EXCLUSION	F-671	R-03A	src/modules/slot-locks/slot-locks.module.ts:20–31	Slot creation, lock, reschedule and release lack a unified provider/facility-timezone-aware atomic capacity reservation lifecycle with truthful expiry/reconciliation.	A service slot is server-owned and must validate provider/facility/kind/interval/timezone/capacity; reserve, confirm, release, expire and reschedule via versioned idempotent transitions, then bind payment/insurance confirmation only after the applicable rule.	Booking Platform + Care/Home-care/Service Catalog	F-545,F-678,F-714,F-1490	FINAL_MAPPED	Manual mapping; payment and insurance confirmation remain dependencies, not a client slot field.
CONFIRMED_ROOT_CODE_DEFECT_SLOT_LOCK_RELEASE_TRUTHFUL_STATE_CAS_AUDIT	F-676	R-03A	src/modules/slot-locks/slot-locks.module.ts:45–51	Slot creation, lock, reschedule and release lack a unified provider/facility-timezone-aware atomic capacity reservation lifecycle with truthful expiry/reconciliation.	A service slot is server-owned and must validate provider/facility/kind/interval/timezone/capacity; reserve, confirm, release, expire and reschedule via versioned idempotent transitions, then bind payment/insurance confirmation only after the applicable rule.	Booking Platform + Care/Home-care/Service Catalog	F-545,F-678,F-714,F-1490	FINAL_MAPPED	Manual mapping; payment and insurance confirmation remain dependencies, not a client slot field.
CONFIRMED_ROOT_CODE_DEFECT_SLOT_LOCK_TERMINAL_BOOKING_RELEASE_EXPIRY_RECONCILIATION	F-674	R-03A	src/modules/slot-locks/slot-locks.module.ts:38–41	Slot creation, lock, reschedule and release lack a unified provider/facility-timezone-aware atomic capacity reservation lifecycle with truthful expiry/reconciliation.	A service slot is server-owned and must validate provider/facility/kind/interval/timezone/capacity; reserve, confirm, release, expire and reschedule via versioned idempotent transitions, then bind payment/insurance confirmation only after the applicable rule.	Booking Platform + Care/Home-care/Service Catalog	F-545,F-678,F-714,F-1490	FINAL_MAPPED	Manual mapping; payment and insurance confirmation remain dependencies, not a client slot field.
CONFIRMED_ROOT_CODE_DEFECT_SLOT_LOCK_TTL_CLEANUP_RACE_FAILURE_GOVERNANCE	F-675	R-03A	src/modules/slot-locks/slot-locks.module.ts:18–20	Slot creation, lock, reschedule and release lack a unified provider/facility-timezone-aware atomic capacity reservation lifecycle with truthful expiry/reconciliation.	A service slot is server-owned and must validate provider/facility/kind/interval/timezone/capacity; reserve, confirm, release, expire and reschedule via versioned idempotent transitions, then bind payment/insurance confirmation only after the applicable rule.	Booking Platform + Care/Home-care/Service Catalog	F-545,F-678,F-714,F-1490	FINAL_MAPPED	Manual mapping; payment and insurance confirmation remain dependencies, not a client slot field.
CONFIRMED_ROOT_CODE_DEFECT_STORAGE_DECODED_SIZE_LIMIT_CONSISTENCY	F-469	R-22C	src/modules/storage/storage.module.ts:109–110,184–187,289–291	Storage and administrative deletion trust raw keys/content without a safe asset linkage, content magic/decoded-size/scan/quarantine, owner-scoped cloud key or durable tombstone/upload lifecycle.	Storage operations reference authorized typed asset records, validate magic and decoded size, scan/quarantine before use, use owner-scoped private object keys, and retain durable upload/delete tombstone/quota/audit/reconciliation lifecycle.	Storage/Media Security + Privacy	NONE_FOUND_AFTER_TARGETED_SEARCH	FINAL_MAPPED	Manual mapping; domain media-purpose/retention and attachment lifecycle are R-07B dependencies.
CONFIRMED_ROOT_CODE_DEFECT_STORAGE_PHYSICAL_DELETE_TOMBSTONE_DURABILITY	F-472	R-22C	src/modules/storage/storage.module.ts:127–178	Storage and administrative deletion trust raw keys/content without a safe asset linkage, content magic/decoded-size/scan/quarantine, owner-scoped cloud key or durable tombstone/upload lifecycle.	Storage operations reference authorized typed asset records, validate magic and decoded size, scan/quarantine before use, use owner-scoped private object keys, and retain durable upload/delete tombstone/quota/audit/reconciliation lifecycle.	Storage/Media Security + Privacy	NONE_FOUND_AFTER_TARGETED_SEARCH	FINAL_MAPPED	Manual mapping; domain media-purpose/retention and attachment lifecycle are R-07B dependencies.
CONFIRMED_ROOT_CODE_DEFECT_STORAGE_UPLOAD_LIFECYCLE_IDEMPOTENCY_QUOTA_AUDIT	F-474	R-22C	src/modules/storage/storage.module.ts:184–216,302–343	Storage and administrative deletion trust raw keys/content without a safe asset linkage, content magic/decoded-size/scan/quarantine, owner-scoped cloud key or durable tombstone/upload lifecycle.	Storage operations reference authorized typed asset records, validate magic and decoded size, scan/quarantine before use, use owner-scoped private object keys, and retain durable upload/delete tombstone/quota/audit/reconciliation lifecycle.	Storage/Media Security + Privacy	NONE_FOUND_AFTER_TARGETED_SEARCH	FINAL_MAPPED	Manual mapping; domain media-purpose/retention and attachment lifecycle are R-07B dependencies.
CONFIRMED_ROOT_CODE_DEFECT_SUPPLY_REQUEST_CONTRACT	F-518	R-10B	src/modules/home-care/home-care.service.ts:192–200 ; src/modules/home-care/controllers/home-care-tracking.controller.ts:91–105	Supply request creates untyped mutable item records without a canonical assigned visit/booking fulfillment contract, bounded item policy, idempotency or inventory/reconciliation linkage.	Home-care fulfillment uses a canonical assigned booking/encounter context. Care plans, visit reports and supplies require a verified subject-provider/organization relationship, consented minimum clinical schema, versioned state/command ID and immutable author/time audit. Supplies are typed, bounded and linked to the assigned visit/fulfillment state. GPS measurement validity is a separate runtime/external verification gate.	Home-care Fulfillment + Clinical Privacy	NONE_FOUND_AFTER_TARGETED_SEARCH	FINAL_MAPPED	Manual mapping from frozen backend archive. Existing booking/assignment mappings remain unchanged; F-516 GPS attendance remains a runtime/policy verification gate. No visit, patient, GPS, supply or runtime operation was accessed.
CONFIRMED_ROOT_CODE_DEFECT_SUPPORT_MESSAGE_SAGA_IDEMPOTENCY_PRIVACY	F-941	R-13E	src/modules/compat/compat.module.ts:370–417	Support/client/audit intake accepts raw or weakly classified settings, messages, attachments or request bodies without a typed, bounded, retention-classified and privacy-safe command/audit contract.	Support/client inputs are typed, size/content-class bounded and classified before persistence; safe asset references replace raw attachments, retention/purpose/audit applies, and request-body capture is explicitly scoped/redacted.	Support + Client Platform + Privacy	NONE_FOUND_AFTER_TARGETED_SEARCH	FINAL_MAPPED	Manual mapping; media asset lifecycle remains R-07B and business workflow idempotency remains in its owning aggregate.
CONFIRMED_ROOT_CODE_DEFECT_SURGE_POLICY_AUTHORITY_AND_PERSISTENCE	F-909	R-21A	src/modules/business-rules/business-rules.module.ts:41–48,167–178	Business-rules policy evaluation trusts caller context, lacks persisted/versioned surge/eligibility/capability authority and fail-closed missing/invalid inputs, can issue nonauthoritative pricing/payment results, and lacks admin separation/concurrency/redacted projection enforcement.	Business policy evaluation receives authoritative typed context only, is versioned/persisted and concurrency-safe, fails closed for unknown/missing eligibility/capability/payment inputs, returns bounded/redacted explainable results, and is enforced at owning commands with separated policy administration.	Business Policy Platform + Domain Owners	NONE_FOUND_AFTER_TARGETED_SEARCH	FINAL_MAPPED	Manual mapping; insurance, payment, pricing, provider capability and booking aggregates retain authority for their own decisions and settlements.
CONFIRMED_ROOT_CODE_DEFECT_SURGE_POLICY_CONCURRENCY	F-923	R-21A	src/modules/business-rules/business-rules.module.ts:45–48,175–176	Business-rules policy evaluation trusts caller context, lacks persisted/versioned surge/eligibility/capability authority and fail-closed missing/invalid inputs, can issue nonauthoritative pricing/payment results, and lacks admin separation/concurrency/redacted projection enforcement.	Business policy evaluation receives authoritative typed context only, is versioned/persisted and concurrency-safe, fails closed for unknown/missing eligibility/capability/payment inputs, returns bounded/redacted explainable results, and is enforced at owning commands with separated policy administration.	Business Policy Platform + Domain Owners	NONE_FOUND_AFTER_TARGETED_SEARCH	FINAL_MAPPED	Manual mapping; insurance, payment, pricing, provider capability and booking aggregates retain authority for their own decisions and settlements.
CONFIRMED_ROOT_CODE_DEFECT_SURGE_TIMEZONE_POLICY	F-915	R-21A	src/modules/business-rules/business-rules.module.ts:110–119	Business-rules policy evaluation trusts caller context, lacks persisted/versioned surge/eligibility/capability authority and fail-closed missing/invalid inputs, can issue nonauthoritative pricing/payment results, and lacks admin separation/concurrency/redacted projection enforcement.	Business policy evaluation receives authoritative typed context only, is versioned/persisted and concurrency-safe, fails closed for unknown/missing eligibility/capability/payment inputs, returns bounded/redacted explainable results, and is enforced at owning commands with separated policy administration.	Business Policy Platform + Domain Owners	NONE_FOUND_AFTER_TARGETED_SEARCH	FINAL_MAPPED	Manual mapping; insurance, payment, pricing, provider capability and booking aggregates retain authority for their own decisions and settlements.
CONFIRMED_ROOT_CODE_DEFECT_TELEMETRY_HTTP_STATUS_TAXONOMY_EDGE_SEMANTICS	F-1527	R-13D	src/modules/ops/metrics.interceptor.ts:37–52	Telemetry can leak query route labels/sensitive endpoint categories, create uncontrolled cardinality or hide timeout/backpressure/partial pipeline and HTTP-status semantic states.	Telemetry uses normalized route templates and allowlisted low-cardinality labels, sensitive category/redaction policy, bounded nonblocking budgets/backpressure, explicit partial/drop/reconciliation state and canonical HTTP outcome taxonomy.	Observability + Privacy	NONE_FOUND_AFTER_TARGETED_SEARCH	FINAL_MAPPED	Manual mapping; no telemetry, Sentry, metrics service or runtime operation was accessed.
CONFIRMED_ROOT_CODE_DEFECT_TELEMETRY_NONBLOCKING_TIMEOUT_BUDGET_BACKPRESSURE	F-1524	R-13D	src/modules/ops/metrics.interceptor.ts:33–45	Telemetry can leak query route labels/sensitive endpoint categories, create uncontrolled cardinality or hide timeout/backpressure/partial pipeline and HTTP-status semantic states.	Telemetry uses normalized route templates and allowlisted low-cardinality labels, sensitive category/redaction policy, bounded nonblocking budgets/backpressure, explicit partial/drop/reconciliation state and canonical HTTP outcome taxonomy.	Observability + Privacy	NONE_FOUND_AFTER_TARGETED_SEARCH	FINAL_MAPPED	Manual mapping; no telemetry, Sentry, metrics service or runtime operation was accessed.
CONFIRMED_ROOT_CODE_DEFECT_TELEMETRY_PIPELINE_PARTIAL_RESULT_RECONCILIATION	F-1525	R-13D	src/modules/ops/metrics.interceptor.ts:38–44	Telemetry can leak query route labels/sensitive endpoint categories, create uncontrolled cardinality or hide timeout/backpressure/partial pipeline and HTTP-status semantic states.	Telemetry uses normalized route templates and allowlisted low-cardinality labels, sensitive category/redaction policy, bounded nonblocking budgets/backpressure, explicit partial/drop/reconciliation state and canonical HTTP outcome taxonomy.	Observability + Privacy	NONE_FOUND_AFTER_TARGETED_SEARCH	FINAL_MAPPED	Manual mapping; no telemetry, Sentry, metrics service or runtime operation was accessed.
CONFIRMED_ROOT_CODE_DEFECT_TELEMETRY_REDIS_FAILURE_HEALTH_VISIBILITY	F-1523	R-16A	src/modules/ops/metrics.interceptor.ts:33–45	Telemetry Redis dependency lacks typed startup contract and truthful failure visibility.	Redis-dependent telemetry declares typed startup/dependency contract and reports actual bounded failure/degraded state; it never masks Redis failure as health/success.	Platform Reliability + Observability	NONE_FOUND_AFTER_TARGETED_SEARCH	FINAL_MAPPED	Manual mapping; live Redis behavior remains an external runtime verification gate.
CONFIRMED_ROOT_CODE_DEFECT_TELEMETRY_TYPED_REDIS_CLIENT_STARTUP_CONTRACT	F-1529	R-16A	src/modules/ops/metrics.interceptor.ts:33–36	Telemetry Redis dependency lacks typed startup contract and truthful failure visibility.	Redis-dependent telemetry declares typed startup/dependency contract and reports actual bounded failure/degraded state; it never masks Redis failure as health/success.	Platform Reliability + Observability	NONE_FOUND_AFTER_TARGETED_SEARCH	FINAL_MAPPED	Manual mapping; live Redis behavior remains an external runtime verification gate.
CONFIRMED_ROOT_CODE_DEFECT_TRACKING_ID_SINGLE_AUTHORITATIVE_PREFIX_REGISTRY_ENFORCEMENT	F-2514	R-22E	src/common/tracking.ts:8,17–28	TRACK_PREFIX registry is advisory because trackingId accepts raw strings and does not enforce a single authoritative entity-to-prefix registry.	Tracking identifiers are generated only by a single typed authoritative registry: entity kind selects a fixed allowed prefix; input cannot supply a prefix; UTC/versioned format semantics are explicit; output is canonical bounded ASCII/delimiter-safe before storage, lookup or presentation. Uniqueness, public lookup and caller-command idempotency remain separate data/runtime or product-policy gates.	Platform Security + Domain Identity Governance	NONE_FOUND_AFTER_TARGETED_SEARCH	FINAL_MAPPED	Manual mapping from frozen backend archive. Existing input-validation F-2515 remains unchanged; collision/uniqueness, public lookup and command-idempotency observations remain their classified evidence/decision/runtime gates. No tracking record, lookup, database or runtime operation was accessed.
CONFIRMED_ROOT_CODE_DEFECT_TRACKING_ID_TYPED_PREFIX_ALLOWLIST_BOUNDARY	F-2509	R-22E	src/common/tracking.ts:8–15	Tracking ID generator accepts an arbitrary caller-supplied prefix rather than a typed entity-kind allowlist/registry boundary.	Tracking identifiers are generated only by a single typed authoritative registry: entity kind selects a fixed allowed prefix; input cannot supply a prefix; UTC/versioned format semantics are explicit; output is canonical bounded ASCII/delimiter-safe before storage, lookup or presentation. Uniqueness, public lookup and caller-command idempotency remain separate data/runtime or product-policy gates.	Platform Security + Domain Identity Governance	NONE_FOUND_AFTER_TARGETED_SEARCH	FINAL_MAPPED	Manual mapping from frozen backend archive. Existing input-validation F-2515 remains unchanged; collision/uniqueness, public lookup and command-idempotency observations remain their classified evidence/decision/runtime gates. No tracking record, lookup, database or runtime operation was accessed.
CONFIRMED_ROOT_CODE_DEFECT_TRACKING_ID_UTC_FOUR_YEAR_TIME_FORMAT_SEMANTICS	F-2513	R-22E	src/common/tracking.ts:9–11	Tracking ID month/year format uses local process time and two-digit year without explicit UTC/four-digit-year/version semantics.	Tracking identifiers are generated only by a single typed authoritative registry: entity kind selects a fixed allowed prefix; input cannot supply a prefix; UTC/versioned format semantics are explicit; output is canonical bounded ASCII/delimiter-safe before storage, lookup or presentation. Uniqueness, public lookup and caller-command idempotency remain separate data/runtime or product-policy gates.	Platform Security + Domain Identity Governance	NONE_FOUND_AFTER_TARGETED_SEARCH	FINAL_MAPPED	Manual mapping from frozen backend archive. Existing input-validation F-2515 remains unchanged; collision/uniqueness, public lookup and command-idempotency observations remain their classified evidence/decision/runtime gates. No tracking record, lookup, database or runtime operation was accessed.
CONFIRMED_ROOT_CODE_DEFECT_UNIFIED_RESCHEDULE_SLOT_CONCURRENCY	F-338	R-03A	src/modules/unified-bookings/unified-bookings.module.ts:127–160	Slot creation, lock, reschedule and release lack a unified provider/facility-timezone-aware atomic capacity reservation lifecycle with truthful expiry/reconciliation.	A service slot is server-owned and must validate provider/facility/kind/interval/timezone/capacity; reserve, confirm, release, expire and reschedule via versioned idempotent transitions, then bind payment/insurance confirmation only after the applicable rule.	Booking Platform + Care/Home-care/Service Catalog	F-545,F-678,F-714,F-1490	FINAL_MAPPED	Manual mapping; payment and insurance confirmation remain dependencies, not a client slot field.
CONFIRMED_ROOT_CODE_DEFECT_UNIFIED_TIMELINE_FALSE_FINANCIAL_DEFAULTS	F-342	R-21C	src/modules/unified-bookings/unified-bookings.module.ts:60–100	Unified timeline represents financial fields with false defaults rather than a typed server-owned financial projection.	Timeline may display only explicit canonical financial state/projection; absent/unknown values are not amounts, payments or completed commerce.	Timeline/Booking Platform + Finance	NONE_FOUND_AFTER_TARGETED_SEARCH	FINAL_MAPPED	Manual reassignment from reporting suggestion; no settlement root merge. Independent Phase-4 reconciliation performed a source-exact search of DERIVED_DUPLICATE ledger evidence; no direct match was found. Historical sentinel/cross-candidate derived claim was replaced without changing raw IDs, root, exact evidence, cause, rule or owner.
CONFIRMED_ROOT_CODE_DEFECT_VISIT_REPORT_STATE_AND_REPLAY	F-517	R-10B	src/modules/home-care/home-care.service.ts:154–171	Visit-report submission overwrites raw report content and completes the booking without an idempotent command/state/version, assigned-visit proof or immutable clinical audit.	Home-care fulfillment uses a canonical assigned booking/encounter context. Care plans, visit reports and supplies require a verified subject-provider/organization relationship, consented minimum clinical schema, versioned state/command ID and immutable author/time audit. Supplies are typed, bounded and linked to the assigned visit/fulfillment state. GPS measurement validity is a separate runtime/external verification gate.	Home-care Fulfillment + Clinical Privacy	NONE_FOUND_AFTER_TARGETED_SEARCH	FINAL_MAPPED	Manual mapping from frozen backend archive. Existing booking/assignment mappings remain unchanged; F-516 GPS attendance remains a runtime/policy verification gate. No visit, patient, GPS, supply or runtime operation was accessed.
CONFIRMED_ROOT_CODE_DEFECT_WEARABLE_CLINICAL_DATA_PROVENANCE	F-936	R-07A4	src/modules/compat/compat.module.ts:122–172	Wearable clinical data has no trustworthy source/provenance contract.	Wearable data is labeled by source/device/time/quality/consent and cannot become clinical truth or recommendation without validation and audit.	Clinical Platform + Device/Privacy	NONE_FOUND_AFTER_TARGETED_SEARCH	FINAL_MAPPED	Manual mapping; device trust dependency is R-22A. Independent Phase-4 reconciliation performed a source-exact search of DERIVED_DUPLICATE ledger evidence; no direct match was found. Historical sentinel/cross-candidate derived claim was replaced without changing raw IDs, root, exact evidence, cause, rule or owner.
CONFIRMED_ROOT_CODE_DEFECT_WEBHOOK_REPLAY_INTEGRITY	F-108	R-05A1	src/modules/payments/payments.module.ts:351–373,392–405	Webhook verifies a signature then calls generic payment verification by gateway intent without durable unique provider-event replay record, canonical payload amount/currency/owner/state comparison, monotonic transition or atomic ledger/outbox reconciliation.	Payment settlement accepts only a configured provider’s verified raw-body signature plus canonical provider event/intent identity, amount/currency/owner/quote match and monotonic transaction state. Webhook receipt uses a unique event/replay record, atomic idempotent state/ledger transition and durable outbox/reconciliation; duplicate, stale, mismatched or ambiguous events never create payment success. Provider activation and live receipts remain runtime/external evidence.	Payments/Finance + Platform Security	NONE_FOUND_AFTER_TARGETED_SEARCH	FINAL_MAPPED	Manual mapping from frozen backend archive. Existing payment intent/idempotency and refund roots remain unchanged. PSP activation, signature receipt, settlement and webhook delivery were not tested; no PSP, payment, ledger or runtime operation was accessed.
CONFIRMED_ROOT_CODE_DEFECT_WORKFLOW_CONCURRENCY_AND_IDEMPOTENCY	F-765	R-16C	src/modules/workflow-engine/workflow-engine.module.ts:226–258,284–297	Workflow-engine mutations and match orchestration lack atomic command/state/event persistence, concurrency/idempotency and durable outcome/reconciliation contract.	Workflow commands use typed authoritative aggregate transitions with version/CAS/idempotency, atomic state plus outbox/event persistence, durable match outcomes and reconciliation/audit for retries and failures.	Workflow Platform + Domain Owners	F-731,F-1277,F-1285	FINAL_MAPPED	Manual mapping; aggregate business policy and authorization remain with each workflow owner.
CONFIRMED_ROOT_CODE_DEFECT_WORKFLOW_EVENT_DURABILITY	F-762	R-16C	src/modules/workflow-engine/workflow-engine.module.ts:239–274,303–320	Workflow-engine mutations and match orchestration lack atomic command/state/event persistence, concurrency/idempotency and durable outcome/reconciliation contract.	Workflow commands use typed authoritative aggregate transitions with version/CAS/idempotency, atomic state plus outbox/event persistence, durable match outcomes and reconciliation/audit for retries and failures.	Workflow Platform + Domain Owners	F-731,F-1277,F-1285	FINAL_MAPPED	Manual mapping; aggregate business policy and authorization remain with each workflow owner.
CONFIRMED_ROOT_COMMERCIAL_INTEGRITY_DEFECT_B2B_STATUS_NOT_TIED_CANONICAL_ORG_QUOTE_PRICE_CURRENCY_AUTHORIZATION	F-407	R-21K	src/modules/admin-governance/b2b.controller.ts:24–41	B2B request list/decision can bypass role/organization/request scope, versioned current-state CAS/idempotency/maker-checker/audit, bounded/redacted note/document projections and canonical organization quote/price/currency authority.	B2B requests are organization-scoped and role/purpose-authorized; approve/reject uses current-state CAS/idempotency, maker-checker and immutable actor/reason audit; notes/documents are bounded/redacted/retained by policy, lists are paginated/minimum/degraded-aware, and commercial status derives from canonical quote/price/currency authority.	B2B/Commercial Operations + Privacy	NONE_FOUND_AFTER_TARGETED_SEARCH	FINAL_MAPPED	Manual mapping; no B2B request, commercial record, note, API or runtime operation was accessed.
CONFIRMED_ROOT_COMMERCIAL_INTEGRITY_DEFECT_PROCUREMENT_QUOTE_CLIENT_PRICING_ITEMS_TOTAL_NO_CANONICAL_CATALOG_TAX_CURRENCY_QUANTITY_VERSION	F-365	R-21O	src/modules/admin-web-core/controllers/admin-extended-operations.controller.ts:22–38	Administrative procurement quotes trust client items/prices/totals, overwrite state without CAS/maker-checker/audit, claim invoice/payment readiness without authoritative handoff and expose unbounded pending list.	Procurement quotes derive catalog/tax/currency/quantity/version from canonical commercial sources; state changes use CAS/idempotency/maker-checker/actor audit; invoice/payment readiness is truthful authoritative handoff state, and pending views are bounded/minimum/audited.	Procurement/Commercial Operations + Finance	NONE_FOUND_AFTER_TARGETED_SEARCH	FINAL_MAPPED	Manual mapping; no procurement quote, invoice, payment, list or runtime operation was accessed.
CONFIRMED_ROOT_COMMERCIAL_TRUTH_DEFECT_EINVOICE_SETTLED_PAYMENT_AMOUNT_AUTHORITY	F-238	R-05D	src/modules/billing/billing.module.ts:90–103	Commercial settlement/invoice/reporting can use non-authoritative amount, currency, period or ledger sources and lacks reconciliation boundary.	Financial reports and invoices derive only from canonical immutable settlement/ledger entries with currency, period, refund/reversal and provenance.	Finance/Accounting + Reporting	F-240,F-497,F-649,F-654,F-879,F-884,F-890,F-955	FINAL_MAPPED	Manual mapping; durable event/outbox dependency R-09/R-16.
CONFIRMED_ROOT_COMMERCIAL_TRUTH_DEFECT_LOYALTY_DISPLAYED_TIER_BENEFITS_NO_SERVER_ENFORCEMENT	F-270	R-05C	src/modules/loyalty/loyalty.service.ts:16–24,62–68	Loyalty reward claim/challenge/tier benefits lack atomic one-time points-stock-claim allocation and server-enforced canonical tier eligibility.	Loyalty rewards use canonical commercial ledger policy, atomic idempotent points/stock/claim allocation, one-time challenge completion and server-enforced versioned tier benefit eligibility; UI display is never authority.	Commercial/Loyalty Platform	NONE_FOUND_AFTER_TARGETED_SEARCH	FINAL_MAPPED	Manual mapping; existing loyalty ledger mappings remain unchanged and no reward, balance, stock or runtime service was accessed.
CONFIRMED_ROOT_COMMERCIAL_TRUTH_DEFECT_SEO_PRODUCT_OFFER_AVAILABILITY_PRICE	F-3766	R-12C	src/modules/seo-search/seo-search.module.ts:68–77	SEO/public catalog routes lack typed canonical identity, public DTO/indexability/publication gates, truthful commercial metadata, safe XML and durable catalog-publication projection semantics.	SEO/publication emits only type-allowlisted canonical entities with collision-safe identity, verified publication/indexability lifecycle, minimum public fields, truthful price/availability/LLM metadata, escaped XML and durable reconciled projection updates.	SEO/Public Discovery + Catalog Governance	F-2548,F-3773	FINAL_MAPPED	Manual mapping; IndexNow transport/release, clinical medicine recommendation and cache/runtime gates remain separate dependencies.
CONFIRMED_ROOT_COMPLIANCE_DEFECT_MUTABLE_CONSENT_EVIDENCE	F-181	R-24A	src/modules/auth/auth.service.ts:125–131	Legal policy and acceptance handling lacks immutable typed consent value/version/artifact evidence, owner/org scope, Arabic artifact fidelity, effective/publication rules, unique idempotent archive lifecycle, device/platform provenance and bounded pending applicability.	Every consent/acceptance records an immutable typed value, policy version/effective artifact digest and authorized subject/organization scope; policy publication is allowlisted/versioned, acceptance is unique/idempotent/archive-durable with device/platform provenance and pending applicability is explicitly bounded/audited.	Legal/Compliance + Privacy	F-1509	FINAL_MAPPED	Manual mapping; family/clinical/insurance consent and generic approval workflow remain specialized roots with legal-evidence dependency where applicable.
CONFIRMED_ROOT_CONCURRENCY_AUDIT_DEFECT_MENTAL_HEALTH_LOG_CONTACT_MUTATION_NO_IDEMPOTENCY_REPLAY_ACTIVITY_AUDIT	F-417	R-07C	src/modules/mental-health/mental-health.controller.ts:20–25,40–44,58–62,78–82 ; src/modules/mental-health/mental-health.service.ts:105–111,145–164,180–197,213–231	Mental-health log/contact mutations create raw records without idempotency/replay key, activity/audit event, versioned lifecycle or deduplication.	Sensitive wellbeing data uses patient-owned typed bounded idempotent commands with replay/actor activity audit; mood, notes, tags and crisis contacts are purpose/consent-scoped minimum projections with pagination/cursor and retention policy. Aggregates use bounded database-side or precomputed windows with explicit self-reported provenance and never infer diagnosis, risk, availability or clinical action.	Patient Health Profile + Privacy + Wellbeing	NONE_FOUND_AFTER_TARGETED_SEARCH	FINAL_MAPPED	Manual mapping from frozen backend archive. Sensitive-PHI consent/step-up and retention/DSAR/crisis policy observations remain product decisions. No mood, note, contact, meditation record, patient data or runtime operation was accessed.
CONFIRMED_ROOT_CONCURRENCY_AUDIT_DEFECT_PROVIDER_DELTA_NO_CAS_IDEMPOTENCY_REVIEWER_COMMAND_AUDIT	F-390	R-21L	src/modules/admin-web-core/controllers/provider-moderation.controller.ts:51–79,82–117	Provider-delta moderation lacks privileged role/permission/step-up actor boundary, minimum masked list, canonical profile target, atomic apply/status/event, durable cleanup, CAS/idempotency/reviewer audit and truthful zero-apply/downstream outcome.	Provider moderation uses a step-up authorized reviewer and canonical provider target, masked/bounded PII views, versioned CAS/idempotent review commands, atomic profile-apply/status/outbox where possible, durable cleanup/reconciliation and immutable reviewer/reason/outcome audit.	Provider Onboarding/Moderation + Privacy/Security	NONE_FOUND_AFTER_TARGETED_SEARCH	FINAL_MAPPED	Manual mapping; storage mechanics remain R-22C and provider onboarding draft lifecycle remains R-21D. No moderation or storage action was performed.
CONFIRMED_ROOT_CONCURRENCY_AUTHORIZATION_DEFECT_COMMUNITY_SESSION_JOIN_UNCONDITIONAL_INCREMENT_STATUS_NO_HOST_TRANSITION_POLICY	F-203	R-21N	src/modules/community/community.service.ts:180–197	Community moderation/vote/session mutations lack reviewed actor/reason evidence, atomic idempotent vote/count contract, host/state authorization and durable mutation/outbox/reconstruction lifecycle.	Community actions use authorized participant/host/state rules, typed bounded content, reviewed moderation reason/actor/evidence, atomic idempotent votes/counters, durable actor/reason/outbox events and reconciliation/appeal outcomes.	Community Platform + Trust/Safety	NONE_FOUND_AFTER_TARGETED_SEARCH	FINAL_MAPPED	Manual mapping; no community content, session, vote, moderation action or runtime event was accessed.
CONFIRMED_ROOT_CONCURRENCY_DEFECT_COMMUNITY_VOTE_READ_ARRAY_SEPARATE_COUNTER_UPDATE_REPLAY_DRIFT	F-202	R-21N	src/modules/community/community.service.ts:104–130	Community moderation/vote/session mutations lack reviewed actor/reason evidence, atomic idempotent vote/count contract, host/state authorization and durable mutation/outbox/reconstruction lifecycle.	Community actions use authorized participant/host/state rules, typed bounded content, reviewed moderation reason/actor/evidence, atomic idempotent votes/counters, durable actor/reason/outbox events and reconciliation/appeal outcomes.	Community Platform + Trust/Safety	NONE_FOUND_AFTER_TARGETED_SEARCH	FINAL_MAPPED	Manual mapping; no community content, session, vote, moderation action or runtime event was accessed.
CONFIRMED_ROOT_CONCURRENCY_DEFECT_LOYALTY_CHALLENGE_PROGRESS_COMPLETION_ONE_TIME_AWARD	F-268	R-05C	src/modules/loyalty/loyalty.service.ts:202–225	Loyalty reward claim/challenge/tier benefits lack atomic one-time points-stock-claim allocation and server-enforced canonical tier eligibility.	Loyalty rewards use canonical commercial ledger policy, atomic idempotent points/stock/claim allocation, one-time challenge completion and server-enforced versioned tier benefit eligibility; UI display is never authority.	Commercial/Loyalty Platform	NONE_FOUND_AFTER_TARGETED_SEARCH	FINAL_MAPPED	Manual mapping; existing loyalty ledger mappings remain unchanged and no reward, balance, stock or runtime service was accessed.
CONFIRMED_ROOT_CONCURRENCY_DEFECT_MATERNITY_EMBEDDED_LOG_MUTATION_NO_IDEMPOTENCY_VERSION_ATOMIC_CONTRACT	F-422	R-07C	src/modules/maternity/maternity.service.ts:92–154	Maternity embedded event-log mutations use read-modify-save without idempotency, version/CAS or atomic replay-safe event contract.	Sensitive health tracking is a purpose-scoped clinical read model: write commands have stable event IDs, idempotency/CAS and audit provenance; reads are side-effect free and return a minimum-necessary versioned projection with explicit self-reported/estimate provenance. It is not diagnostic, medical-advice or reproductive-care authority.	Clinical Data Platform + Privacy	F-427	FINAL_MAPPED	Manual mapping from frozen backend archive. F-427 is the explicit derived duplicate for the event replay boundary. Product-decision items F-425/F-426/F-428 remain separate; no patient profile or runtime operation was accessed.
CONFIRMED_ROOT_CONCURRENCY_DEFECT_NUTRITION_PROFILE_LOG_RAW_CREATE_NO_IDEMPOTENCY_REPLAY_DEDUPE_AUDIT_COMMAND	F-429	R-07C	src/modules/nutrition/nutrition.controller.ts:27–30,33–37,53–58,66–70 ; src/modules/nutrition/nutrition.service.ts:75–109,114–131,146–152,167–179	Nutrition profile/log commands lack idempotency/replay/audit, expose broad allergy/restriction/measurement data and unbounded history, use inefficient unbounded daily reads and present user-entered macro/exercise values without self-reported provenance.	Nutrition data uses authorized typed idempotent profile/log commands with audit; data is minimum purpose-scoped projection, history is time-zone declared and bounded, summaries use bounded aggregate computation, and user-entered nutrition/exercise values are explicitly self-reported rather than clinical truth.	Patient Health Profile + Privacy	NONE_FOUND_AFTER_TARGETED_SEARCH	FINAL_MAPPED	Manual mapping; no nutrition, allergy, restriction, measurement or health data was accessed.
CONFIRMED_ROOT_CONCURRENCY_DEFECT_PRESENCE_MULTI_KEY_DEVICE_DISCONNECT_TRANSITION_NON_ATOMIC	F-330	R-18D	src/modules/presence/presence.service.ts:22–49	Presence service has non-atomic multi-device disconnect transitions, discloses online/last-seen/device count without relationship/purpose policy, permits unbounded arbitrary bulk lookups and reports Redis outage as offline/zero truth.	Presence uses atomic device/session lifecycle, explicit relationship/purpose/consent minimum projection, bounded scoped bulk access and an explicit unavailable/degraded state when Redis cannot establish authoritative presence; it never fabricates offline/zero.	Realtime Platform + Privacy + Reliability	NONE_FOUND_AFTER_TARGETED_SEARCH	FINAL_MAPPED	Manual mapping; Redis/presence runtime behavior remains an external verification gate and no user presence data was accessed.
CONFIRMED_ROOT_CONCURRENCY_DEFECT_REDIS_FALLBACK_NON_ATOMIC_STATEFUL_PRIMITIVES	F-437	R-16A	src/modules/redis/redis.service.ts:139–159,218–277	Redis degrades to per-process non-atomic/fake-ready primitives, has ambiguous connection health, lossy pubsub, unsafe rate-limit failover, unbounded key scanning and untyped corruption semantics.	Distributed locks, idempotency, sessions, rate limits and events fail closed or enter explicit degraded mode; Redis health is per dependency with deadlines, storage access is bounded/typed, and events use durable outbox/replay rather than silent pubsub loss.	Platform Reliability + Security	F-196,F-286,F-2568	FINAL_MAPPED	Manual mapping; runtime Redis MISCONF/connectivity behavior remains an unclosed external verification blocker.
CONFIRMED_ROOT_CONCURRENCY_DEFECT_REFERRAL_APPLY_NON_ATOMIC_INVITE_USER_ATTRIBUTION	F-259	R-05C	src/modules/referral/referral.service.ts:90–129	Referral flow has schema/collection drift, non-atomic invite attribution, collision-prone/nonunique code assignment and broad related-user/reward dashboard disclosure.	Referrals use one versioned canonical schema, cryptographically strong unique codes, atomic idempotent inviter/invitee attribution, canonical commercial ledger conversion and minimum redacted reward/dashboard projection with audit.	Commercial/Loyalty Platform + Privacy	NONE_FOUND_AFTER_TARGETED_SEARCH	FINAL_MAPPED	Manual mapping; existing referral conversion/loyalty settlement root mapping remains unchanged and no referral data was accessed.
CONFIRMED_ROOT_CONCURRENCY_PRIVACY_DEFECT_EMERGENCY_CONTACT_PRIMARY_TWO_WRITE_NO_CAS_CARDINALITY_IDEMPOTENCY	F-163	R-07C	src/modules/health/health.service.ts:687–730 ; src/schemas/health.schema.ts:24–29	Emergency-contact primary designation clears existing primary flags and appends/rewrites embedded contacts in separate non-CAS writes without cardinality, idempotency, privacy/audit or concurrency protection.	Sensitive patient profile commands use typed bounded minimum data, owner/consent scope, stable command ID and version/CAS atomic transitions; emergency contacts enforce one-primary/cardinality rules with immutable audit and purpose-limited projection.	Clinical Data Platform + Privacy	NONE_FOUND_AFTER_TARGETED_SEARCH	FINAL_MAPPED	Manual mapping from frozen backend archive. Refill is not dispense/stock/payment success and emergency-contact delegation remains a separate family-capability root. No medicine, order, profile, contact, payment or runtime operation was accessed.
CONFIRMED_ROOT_CONCURRENCY_TRUTH_DEFECT_MEDICAL_PROFILE_LIST_READ_MODIFY_SAVE_ARBITRARY_ITEM_MISSING_REMOVE_SUCCESS_NO_CAS_IDEMPOTENCY	F-207	R-07A1	src/modules/medical-profile/medical-profile.service.ts:40–57	Medical profile accepts untyped broad list mutations and read-modify-save updates without bounded schema, minimum necessary fields or CAS/idempotency.	Medical profile changes are owner/purpose authorized typed commands with bounded values, version/CAS/idempotency, audit and minimized projection.	Medical Profile + Clinical Privacy	F-037	FINAL_MAPPED	Manual mapping; attachment mechanics depend on R-07B.
CONFIRMED_ROOT_CONFIGURATION_PRICING_VALIDATION_DEFECT_FINITE_ONLY_ENV_PARSE_PERMITS_NEGATIVE_EXTREME_VAT_DELIVERY_NO_CURRENCY_RANGE_STARTUP_GATE	F-376	R-25A	src/modules/config/config.service.ts:16–25	Client configuration converts environment strings only to finite numbers, allowing negative or extreme VAT/delivery values and publishing them without currency/scale/range or startup policy validation.	Public client configuration is a versioned, typed and range-validated server contract. Tax, delivery and currency presentation values must be policy-approved and cannot be the payment/quote authority; invalid configuration fails startup or is explicitly unavailable.	Configuration/API Platform + Pricing/Finance + SRE	NONE_FOUND_AFTER_TARGETED_SEARCH	FINAL_MAPPED	Manual mapping from frozen baseline source and the targeted derived graph. Each row was assigned to a narrow aggregate/subroot; no product source was changed. No production/user/clinical/financial data, endpoint, integration, Sentry, PSP, Redis, database or runtime service was accessed.
CONFIRMED_ROOT_CONFIG_CONTRACT_DEFECT_NO_SCHEMA_VERSION_EFFECTIVE_SOURCE_COMPATIBILITY_ROLLBACK	F-384	R-22D	src/modules/admin-governance/system-config.controller.ts:21–35	System configuration exposes raw singleton values, permits full replace/upsert, lacks entitlement/redaction/schema/version/CAS/idempotency/maker-checker/audit/rollback and mutates on GET.	System configuration is a typed versioned schema/effective-source contract: reads are non-mutating and field-entitled/redacted; writes are allowlisted patches with CAS/idempotency, maker-checker/actor-reason immutable change events, compatibility and tested rollback.	Security Configuration + Admin Governance	NONE_FOUND_AFTER_TARGETED_SEARCH	FINAL_MAPPED	Manual mapping; no live configuration, secret, API or runtime operation was accessed.
CONFIRMED_ROOT_CONFIG_DEFECT_ENABLED_INTEGRATION_PRODUCTION_FAIL_CLOSED_CONTRACT_MISSING	F-2408	R-22D	src/config/env.validation.ts:5–7	Environment validation checks a small production required-variable list but does not validate each enabled external integration as a complete mutually compatible credential/endpoint/callback capability.	Configuration validation is typed and fail-closed in every deployment profile: each enabled external integration requires complete mutually compatible credentials/endpoints/callback policy; database/cache URLs and origins use canonical secure URI/host/TLS rules; unknown/invalid values fail startup without leaking secrets. A maintained profile/failure matrix verifies validator behavior, while dependency reachability/readiness remains runtime evidence.	Platform Security + Configuration Governance	NONE_FOUND_AFTER_TARGETED_SEARCH	FINAL_MAPPED	Manual mapping from frozen backend archive. Existing env/URI/origin mappings remain unchanged; Mongo/Redis/PSP reachability is runtime verification and retention/configuration register remains a product decision. No environment, secret, dependency or runtime operation was accessed.
CONFIRMED_ROOT_CONFIG_DEFECT_ENV_NON_PRODUCTION_UNTYPED_VALIDATION_BYPASS	F-2407	R-22D	src/config/env.validation.ts:1–3,12	Security configuration and API/documentation surfaces lack controlled secret/config validation, trusted origin/CORS/CSP/body-limit policy, safe OpenAPI session contract/route parity and build-context secret exclusion.	Configuration is typed and fail-closed across environments; secrets are managed/rotated/audited, origins/CORS/CSP/body limits are allowlisted, API docs expose only safe contracts behind environment access control, and build context excludes secrets by policy.	Security Engineering + Platform	F-2442	FINAL_MAPPED	Manual mapping; release deployment execution and external secret presence are separate R-15/runtime verification matters.
CONFIRMED_ROOT_CONFIG_DEFECT_SMS_PROVIDER_CAPABILITY_CONFIGURATION_IMPLEMENTATION_DRIFT	F-453	R-09B	src/modules/sms/sms.service.ts:39–55	SMS configuration recognizes multiple provider environment variables but implements only one provider request path, with no validated provider capability/credential/configuration matrix or fail-closed selected-provider contract.	SMS delivery is an approved configuration and durable notification command: one explicit provider capability/configuration contract, redacted request/receipt/failure provenance, timeout/retry/backoff/deadline and ambiguous-outcome reconciliation. A provider HTTP response or fallback is never authentication/OTP success; the server-owned OTP challenge separately verifies eligible delivery channel, expiry, attempts and cancellation.	Notification Platform + Security Configuration	NONE_FOUND_AFTER_TARGETED_SEARCH	FINAL_MAPPED	Manual mapping from frozen backend archive. F-456 remains the existing R-01A OTP channel authority mapping; SMS consent/opt-out is a product decision and provider failure-stack exposure remains insufficient-evidence. No SMS provider, phone, OTP, secret or runtime service was accessed.
CONFIRMED_ROOT_CONFIG_GOVERNANCE_DEFECT_ADMIN_SLA_NO_IDEMPOTENCY_VERSION_CAS_AUDIT_OUTBOX_MAKER_CHECKER	F-395	R-22D	src/modules/admin-web-core/controllers/admin-config.controller.ts:19–27	Admin SLA configuration is hard-coded/noncanonical, reports raw-body success without durable persistence, lacks typed range/unit/cross-field validation and lacks version/CAS/idempotency/audit/outbox/maker-checker governance.	SLA configuration is a canonical typed persisted system-config contract with range/unit/cross-field compatibility validation; commands apply versioned CAS/idempotency, maker-checker/actor/reason immutable audit and durable change event, and never report success without confirmed persistence.	Security Configuration + Admin Governance	NONE_FOUND_AFTER_TARGETED_SEARCH	FINAL_MAPPED	Manual mapping; no SLA/config value, admin API or runtime operation was accessed.
CONFIRMED_ROOT_CONFIG_GOVERNANCE_DEFECT_FEATURE_FLAGS_NO_VERSION_CAS_IDEMPOTENCY_ACTOR_REASON_AUDIT_OUTBOX	F-371	R-22A	src/modules/feature-flags/feature-flags.service.ts:15–17	Feature-flag mutation lacks version/CAS, idempotency, actor/reason audit and durable event/outbox provenance.	Feature flags are a governed release control plane: public clients receive only an allowlisted stable DTO; mutations are constrained to a registry and protected by version/CAS, idempotency, actor/reason audit and outbox; targeting, staged rollout, kill switch, dependency compatibility and safe client defaults are server-governed.	Platform Configuration / Release Governance	NONE_FOUND_AFTER_TARGETED_SEARCH	FINAL_MAPPED	Manual mapping from baseline archive source. F-373 is an independently rejected guard-registration false positive, not a derived defect; no flag database, client startup, audit or runtime service was accessed.
CONFIRMED_ROOT_CONFIG_GOVERNANCE_DEFECT_NO_VERSION_CAS_IDEMPOTENCY_MAKER_CHECKER_ACTOR_REASON_AUDIT_DURABLE_CHANGE_EVENT	F-382	R-22D	src/modules/admin-governance/system-config.controller.ts:31–36	System configuration exposes raw singleton values, permits full replace/upsert, lacks entitlement/redaction/schema/version/CAS/idempotency/maker-checker/audit/rollback and mutates on GET.	System configuration is a typed versioned schema/effective-source contract: reads are non-mutating and field-entitled/redacted; writes are allowlisted patches with CAS/idempotency, maker-checker/actor-reason immutable change events, compatibility and tested rollback.	Security Configuration + Admin Governance	NONE_FOUND_AFTER_TARGETED_SEARCH	FINAL_MAPPED	Manual mapping; no live configuration, secret, API or runtime operation was accessed.
CONFIRMED_ROOT_CONFIG_INTEGRITY_DEFECT_RAW_VALUE_ANY_FULL_SINGLETON_REPLACE_UPSERT_NO_ALLOWLIST_PATCH	F-381	R-22D	src/modules/admin-governance/system-config.controller.ts:31–36	System configuration exposes raw singleton values, permits full replace/upsert, lacks entitlement/redaction/schema/version/CAS/idempotency/maker-checker/audit/rollback and mutates on GET.	System configuration is a typed versioned schema/effective-source contract: reads are non-mutating and field-entitled/redacted; writes are allowlisted patches with CAS/idempotency, maker-checker/actor-reason immutable change events, compatibility and tested rollback.	Security Configuration + Admin Governance	NONE_FOUND_AFTER_TARGETED_SEARCH	FINAL_MAPPED	Manual mapping; no live configuration, secret, API or runtime operation was accessed.
CONFIRMED_ROOT_CONFIG_PRIVACY_DEFECT_ADMIN_RAW_SINGLETON_VALUE_NO_FIELD_ENTITLEMENT_REDACTION_SECRET_PROJECTION	F-380	R-22D	src/modules/admin-governance/system-config.controller.ts:19–29	System configuration exposes raw singleton values, permits full replace/upsert, lacks entitlement/redaction/schema/version/CAS/idempotency/maker-checker/audit/rollback and mutates on GET.	System configuration is a typed versioned schema/effective-source contract: reads are non-mutating and field-entitled/redacted; writes are allowlisted patches with CAS/idempotency, maker-checker/actor-reason immutable change events, compatibility and tested rollback.	Security Configuration + Admin Governance	NONE_FOUND_AFTER_TARGETED_SEARCH	FINAL_MAPPED	Manual mapping; no live configuration, secret, API or runtime operation was accessed.
CONFIRMED_ROOT_CONFIG_SECURITY_DEFECT_ALLOWED_ORIGIN_CANONICAL_URL_POLICY_MISSING	F-2411	R-22D	src/config/env.validation.ts:9–10	Security configuration and API/documentation surfaces lack controlled secret/config validation, trusted origin/CORS/CSP/body-limit policy, safe OpenAPI session contract/route parity and build-context secret exclusion.	Configuration is typed and fail-closed across environments; secrets are managed/rotated/audited, origins/CORS/CSP/body limits are allowlisted, API docs expose only safe contracts behind environment access control, and build context excludes secrets by policy.	Security Engineering + Platform	F-2442	FINAL_MAPPED	Manual mapping; release deployment execution and external secret presence are separate R-15/runtime verification matters.
CONFIRMED_ROOT_CONFIG_SECURITY_DEFECT_DATABASE_CACHE_URI_POLICY_NOT_VALIDATED	F-2409	R-22D	src/config/env.validation.ts:5–7	Security configuration and API/documentation surfaces lack controlled secret/config validation, trusted origin/CORS/CSP/body-limit policy, safe OpenAPI session contract/route parity and build-context secret exclusion.	Configuration is typed and fail-closed across environments; secrets are managed/rotated/audited, origins/CORS/CSP/body limits are allowlisted, API docs expose only safe contracts behind environment access control, and build context excludes secrets by policy.	Security Engineering + Platform	F-2442	FINAL_MAPPED	Manual mapping; release deployment execution and external secret presence are separate R-15/runtime verification matters.
CONFIRMED_ROOT_CONFIG_SECURITY_DEFECT_INSURANCE_LOGO_PUBLIC_BASE_URL_UNVALIDATED_ORIGIN_PATH	F-1831	R-04D	scripts/publish-insurance-logo-assets.ts:22,44–46	Insurance-logo publication lacks approved target/operator binding, signed/versioned schema-valid manifest, source licensing/identity and asset safety validation, safe origin path policy, versioned object rollback, atomic object/catalog linkage, result assertion and immutable review/audit/release idempotency.	Insurance public assets are published only from approved target-bound signed/versioned manifests; source licence/identity and file MIME/dimensions are validated, object/catalog updates are versioned/reconcilable/rollbackable, public origin is allowlisted, and each operator/review/revision/result is immutable and auditable.	Insurance Catalog + Release/Data Governance + Media	NONE_FOUND_AFTER_TARGETED_SEARCH	FINAL_MAPPED	Manual mapping; no script, S3/object store, manifest, logo, catalog or deployment action was performed.
CONFIRMED_ROOT_CONFIG_VALIDATION_DEFECT_ADMIN_SLA_NO_TYPED_RANGE_UNIT_CROSS_FIELD_COMPATIBILITY	F-394	R-22D	src/modules/admin-web-core/controllers/admin-config.controller.ts:8–27	Admin SLA configuration is hard-coded/noncanonical, reports raw-body success without durable persistence, lacks typed range/unit/cross-field validation and lacks version/CAS/idempotency/audit/outbox/maker-checker governance.	SLA configuration is a canonical typed persisted system-config contract with range/unit/cross-field compatibility validation; commands apply versioned CAS/idempotency, maker-checker/actor/reason immutable audit and durable change event, and never report success without confirmed persistence.	Security Configuration + Admin Governance	NONE_FOUND_AFTER_TARGETED_SEARCH	FINAL_MAPPED	Manual mapping; no SLA/config value, admin API or runtime operation was accessed.
CONFIRMED_ROOT_CONFIG_VALIDATION_DEFECT_COTURN_TURN_URLS_ARBITRARY_NO_SCHEME_HOST_PORT_TRANSPORT_ALLOWLIST	F-587	R-18C	src/modules/coturn/coturn.service.ts:30–44	Video/call and TURN credentials lack verified call/participant/session binding, signed webhook acceptance, safe credential issuance/rotation, call-state/idempotency and privacy-safe metrics/admin projection lifecycle.	Call access and TURN credentials are issued only for an authorized active participant/session with audience/expiry/one-time/no-store controls; webhook and remote actions are verified/idempotent, state/attendance is authoritative and metrics/admin views are minimized/audited/retained by policy.	Calls/LiveKit/TURN + Security/Privacy	F-353,F-627,F-628,F-629,F-630,F-631	FINAL_MAPPED	Manual mapping; runtime TURN/LiveKit connectivity and credential rotation remain external verification gates.
CONFIRMED_ROOT_CONSISTENCY_DEFECT_TIMELINE_INDEPENDENT_MULTI_MODEL_READS_NO_SNAPSHOT_MATERIALIZED_EVENT_CONTRACT	F-249	R-21C	src/modules/timeline/timeline.service.ts:118–366,369–385	Patient timeline fans out unbounded per-kind raw reads/reminders, defaults unknown domain status to active and merges independent models without snapshot/materialized-event provenance.	Timeline is a minimum purpose-scoped read model with bounded canonical query/order/cursor, explicit unknown/unavailable status, and a versioned snapshot/materialized-event contract with source/freshness/partial evidence; it never becomes domain truth.	Operational Read Models + Privacy	NONE_FOUND_AFTER_TARGETED_SEARCH	FINAL_MAPPED	Manual mapping; booking/finance/clinical source aggregates remain authoritative and no timeline or patient data was accessed.
CONFIRMED_ROOT_CONTENT_SAFETY_DEFECT_COMMUNITY_RAW_UNBOUNDED_POST_COMMENT_SESSION_URL_FIELD_CONTRACT	F-200	R-19A	src/modules/community/community.controller.ts:26–43,70–85 ; src/schemas/community.schemas.ts:5–65	Community post/comment/live-session endpoints and schemas accept raw unbounded text, tags, session status and stream URL without typed sanitizer, safe-media/URL allowlist, content moderation/version or ownership/state command contract.	Community actions are server-authorized trust workflows: posts/comments/live sessions use typed bounded sanitized content, approved safe-media/stream references, owned host/member relationships, explicit state transitions and minimum public projection. Moderation requires privileged step-up reviewer role, reason, immutable actor/outcome audit, appeal/reconciliation and idempotent commands; anonymous UI mode never removes server accountability.	Community Trust & Safety + Security/Privacy	NONE_FOUND_AFTER_TARGETED_SEARCH	FINAL_MAPPED	Manual mapping from frozen backend archive. F-198 remains an independently rejected missing-user guard false positive. No community post, comment, session, stream, moderation action or runtime operation was accessed.
CONFIRMED_ROOT_CONTROL_PLANE_DEFECT_FEATURE_FLAGS_ADMIN_ARBITRARY_KEY_UPSERT_NO_IMMUTABLE_ALLOWLIST_REGISTRY	F-370	R-22A	src/modules/feature-flags/feature-flags.service.ts:15–17	Admin mutation upserts an arbitrary path key without an immutable registry or allowlist.	Feature flags are a governed release control plane: public clients receive only an allowlisted stable DTO; mutations are constrained to a registry and protected by version/CAS, idempotency, actor/reason audit and outbox; targeting, staged rollout, kill switch, dependency compatibility and safe client defaults are server-governed.	Platform Configuration / Release Governance	NONE_FOUND_AFTER_TARGETED_SEARCH	FINAL_MAPPED	Manual mapping from baseline archive source. F-373 is an independently rejected guard-registration false positive, not a derived defect; no flag database, client startup, audit or runtime service was accessed.
CONFIRMED_ROOT_CONTROL_PLANE_TRUTH_DEFECT_ADMIN_SLA_HARD_CODED_NOT_CANONICAL_SYSTEM_CONFIG	F-392	R-22D	src/modules/admin-web-core/controllers/admin-config.controller.ts:8–17	Admin SLA configuration is hard-coded/noncanonical, reports raw-body success without durable persistence, lacks typed range/unit/cross-field validation and lacks version/CAS/idempotency/audit/outbox/maker-checker governance.	SLA configuration is a canonical typed persisted system-config contract with range/unit/cross-field compatibility validation; commands apply versioned CAS/idempotency, maker-checker/actor/reason immutable audit and durable change event, and never report success without confirmed persistence.	Security Configuration + Admin Governance	NONE_FOUND_AFTER_TARGETED_SEARCH	FINAL_MAPPED	Manual mapping; no SLA/config value, admin API or runtime operation was accessed.
CONFIRMED_ROOT_CREDENTIAL_PHI_DISCLOSURE_DEFECT_MEDICAL_HEALTH_PASSPORT_JWT_NO_RECIPIENT_AUDIENCE_ONE_TIME_REVOCATION_ISSUANCE_USE_AUDIT	F-208	R-07A2	src/modules/medical-profile/medical-profile.controller.ts:14–18 ; src/schemas/medical-profile.schema.ts:52–56	Health passport/QR credential lacks recipient audience, one-time/TTL/revocation/use audit and client consent truth.	A health passport is a consented, recipient-scoped, short-lived/revocable artifact with verified issuance/use audit; QR does not disclose PHI by bearer JWT alone.	Clinical Platform + Identity/Privacy + Patient Mobile	F-145	FINAL_MAPPED	Manual mapping; cryptographic key rotation is a separate runtime/identity dependency.
CONFIRMED_ROOT_CREDENTIAL_PROTECTION_DEFECT_COTURN_TWO_AUTH_ENDPOINTS_NO_NO_STORE_ISSUANCE_AUDIENCE_ONE_TIME_POLICY	F-586	R-18C	src/modules/coturn/coturn.controller.ts:10–18	Video/call and TURN credentials lack verified call/participant/session binding, signed webhook acceptance, safe credential issuance/rotation, call-state/idempotency and privacy-safe metrics/admin projection lifecycle.	Call access and TURN credentials are issued only for an authorized active participant/session with audience/expiry/one-time/no-store controls; webhook and remote actions are verified/idempotent, state/attendance is authoritative and metrics/admin views are minimized/audited/retained by policy.	Calls/LiveKit/TURN + Security/Privacy	F-353,F-627,F-628,F-629,F-630,F-631	FINAL_MAPPED	Manual mapping; runtime TURN/LiveKit connectivity and credential rotation remain external verification gates.
CONFIRMED_ROOT_CROSS_DOMAIN_SEARCH_GOVERNANCE_DEFECT_HOME_UNBOUNDED_QUERY_HETEROGENEOUS_PUBLICATION_FILTERS_FAMILY_IDENTIFIER_PROJECTION_NO_CENTRAL_SENSITIVITY_CONTRACT	F-252	R-12B	src/modules/home/home.service.ts:91–138,216–268	Public and cross-domain discovery searches lack consistent bounded/escaped query, sensitivity, verified-publication, minimum projection and retention contracts.	Discovery/search inputs are typed, escaped and resource-bounded; results are from verified/publication-authorized entities only, return minimum public DTOs, protect sensitive terms and apply pagination/cursor/retention/audit policy.	Public Discovery/Search + Privacy	NONE_FOUND_AFTER_TARGETED_SEARCH	FINAL_MAPPED	Manual mapping; admin directory, recruitment, ratings and other vertical searches remain specialized roots.
CONFIRMED_ROOT_CROSS_MODULE_SAGA_DEFECT_HEALTH_REFILL_LOCK_NO_EXPIRY_RECOVERY_ORDER_TAG_REMINDER_LINK_NO_ATOMIC_COMPENSATION	F-160	R-06C1	src/modules/health/health.service.ts:476–557 ; src/schemas/health.schema.ts:48–53	Health reminder refill reserves a non-expiring lock then creates/tags a pharmacy order and reminder state in separate operations without a single idempotent canonical order/offer saga, compensation or recovery reconciliation.	Every refill request becomes a server-authoritative pharmacy intent within the canonical cart/quote/offer/order lifecycle: a bounded expiring idempotent reservation, atomic outbox/reconciliation and explicit fulfillment-pending state link reminder to order; no refill implies dispense, price, stock or payment truth.	Pharmacy Workflow + Health Reminders	NONE_FOUND_AFTER_TARGETED_SEARCH	FINAL_MAPPED	Manual mapping from frozen backend archive. Refill is not dispense/stock/payment success and emergency-contact delegation remains a separate family-capability root. No medicine, order, profile, contact, payment or runtime operation was accessed.
CONFIRMED_ROOT_DATA_CONCURRENCY_DEFECT_LEGACY_ARTICLE_BOOKMARK_TOGGLE_DUPLICATE_NONIDEMPOTENT_READ_DELETE_INSERT	F-558	R-16C	src/modules/articles/articles.module.ts:175–187	Legacy bookmark toggle uses read-delete-or-insert sequencing without idempotency key, unique command state or atomic concurrency contract.	User state commands use a stable idempotency key and owner-scoped unique state/atomic upsert-or-transition with truthful replay outcome and audit; a UI toggle is never the source of command truth.	Workflow Platform + Content Engagement	NONE_FOUND_AFTER_TARGETED_SEARCH	FINAL_MAPPED	Manual mapping from frozen backend archive. F-559 is an independently rejected projection false positive; F-562 remains a product decision for view analytics. No article, bookmark, user, publication/index or runtime operation was accessed.
CONFIRMED_ROOT_DATA_CONTRACT_DEFECT_ADMIN_HEATMAP_FINITE_ONLY_COORDINATE_NO_RANGE_SPATIAL_PRECISION_POLICY	F-401	R-21E	src/modules/admin-web-core/controllers/analytics.controller.ts:21–34	Administrative heatmap exposes sensitive emergency/home demand without k-anonymity/suppression/audit, suppresses source failures, permits unbounded coordinate load and lacks range/precision/taxonomy contracts.	Location analytics use minimum aggregated k-anonymous/suppressed data with purpose-scoped audit, bounded server-side aggregation/query budgets, validated spatial range/precision and canonical source taxonomy; source failure is explicit rather than represented as live/empty truth.	Analytics/Data Platform + Privacy	NONE_FOUND_AFTER_TARGETED_SEARCH	FINAL_MAPPED	Manual mapping; no heatmap, location, database or runtime data was accessed.
CONFIRMED_ROOT_DATA_CONTRACT_DEFECT_INSURANCE_CATALOG_MANIFEST_ARRAY_ONLY_NO_RECORD_UNIQUE_DIGEST_VALIDATION	F-1835	R-04E	scripts/reconcile-insurance-catalog.ts:18–35	Insurance catalog reconciliation accepts weak manifests and unauthorised targets, has no normalized-code preflight/conflict policy, sequential non-atomic upserts, weak version/operator provenance/idempotency and no post-import drift/orphan report.	Insurance catalog reconciliation is a target/operator-approved, signed content-addressed manifest operation with normalized uniqueness/preflight/conflict policy, transactional or lock-protected idempotent writes/recovery, immutable provenance and post-import duplicate/orphan/missing/drift reconciliation evidence.	Insurance Catalog + Release/Data Governance	F-1847,F-1848	FINAL_MAPPED	Manual mapping; no script, Mongo URI, catalog mutation or reconciliation operation was executed.
CONFIRMED_ROOT_DATA_CONTRACT_DEFECT_INSURANCE_LOGO_MANIFEST_ANY_NO_SCHEMA_SIGNATURE_UNIQUENESS_VERSION	F-1822	R-04D	scripts/publish-insurance-logo-assets.ts:18–22,32–35	Insurance-logo publication lacks approved target/operator binding, signed/versioned schema-valid manifest, source licensing/identity and asset safety validation, safe origin path policy, versioned object rollback, atomic object/catalog linkage, result assertion and immutable review/audit/release idempotency.	Insurance public assets are published only from approved target-bound signed/versioned manifests; source licence/identity and file MIME/dimensions are validated, object/catalog updates are versioned/reconcilable/rollbackable, public origin is allowlisted, and each operator/review/revision/result is immutable and auditable.	Insurance Catalog + Release/Data Governance + Media	NONE_FOUND_AFTER_TARGETED_SEARCH	FINAL_MAPPED	Manual mapping; no script, S3/object store, manifest, logo, catalog or deployment action was performed.
CONFIRMED_ROOT_DATA_CONTRACT_DEFECT_MEDICINES_RAW_MUTATION_BODY_NO_STRICT_COMMAND_IDEMPOTENCY	F-120	R-12A	src/modules/medicines/medicines.controller.ts:50–78,158–212,223–250,294–347 ; src/modules/medicines/medicines.service.ts:756–768,826–837,1117–1166,1300–1357	Medication catalog has duplicate admin route/lifecycle and accepts raw mutation bodies without strict typed command/idempotency.	Medication catalog administration has one canonical versioned route/command lifecycle with typed allowlisted validation, idempotency/CAS, authorized actor/audit and authoritative catalog provenance.	Medication Catalog Governance	NONE_FOUND_AFTER_TARGETED_SEARCH	FINAL_MAPPED	Manual catalog governance root; no medicine catalog or admin command was accessed.
CONFIRMED_ROOT_DATA_CONTRACT_DEFECT_OPS_HARD_CODED_COLLECTION_STATES_MONGO_OBJECT_ID_NOT_CANONICAL_DOMAIN_ID	F-524	R-21C	src/modules/ops/ops.controller.ts:123–151	Ops request feed hard-codes heterogeneous collection names/status taxonomies and emits Mongo object IDs rather than canonical domain identity/source contracts.	Admin operations is a read model, not readiness or domain truth: it uses bounded canonical source queries/cursors and identity contracts, shows explicit source/freshness/completeness/degraded/unknown status, preserves global ordering semantics, enforces purpose/retention limits and exposes redacted minimum projections with audited detail access. Missing or failed sources may never be represented as zero/success.	Admin Operations + SRE + Privacy + Domain Owners	NONE_FOUND_AFTER_TARGETED_SEARCH	FINAL_MAPPED	Manual mapping from frozen backend archive. This is operational read-model truth only; readiness and Redis runtime behavior remain separate gates. No Redis, MongoDB, ops data, audit data or runtime endpoint was accessed.
CONFIRMED_ROOT_DATA_CONTRACT_DEFECT_REDIS_JSON_CORRUPTION_UNTYPED_SERIALIZATION_POLICY	F-443	R-16A	src/modules/redis/redis.service.ts:298–305 ; src/modules/redis/redis.service.ts:105–167	Redis degrades to per-process non-atomic/fake-ready primitives, has ambiguous connection health, lossy pubsub, unsafe rate-limit failover, unbounded key scanning and untyped corruption semantics.	Distributed locks, idempotency, sessions, rate limits and events fail closed or enter explicit degraded mode; Redis health is per dependency with deadlines, storage access is bounded/typed, and events use durable outbox/replay rather than silent pubsub loss.	Platform Reliability + Security	F-196,F-286,F-2568	FINAL_MAPPED	Manual mapping; runtime Redis MISCONF/connectivity behavior remains an unclosed external verification blocker.
CONFIRMED_ROOT_DATA_CONTRACT_DEFECT_REFERRAL_ACTIVE_PERSISTENCE_SCHEMA_COLLECTION_DRIFT	F-258	R-05C	src/modules/referral/referral.service.ts:32–34,47–55,115–128 ; src/schemas/referral.schema.ts:7–48	Referral flow has schema/collection drift, non-atomic invite attribution, collision-prone/nonunique code assignment and broad related-user/reward dashboard disclosure.	Referrals use one versioned canonical schema, cryptographically strong unique codes, atomic idempotent inviter/invitee attribution, canonical commercial ledger conversion and minimum redacted reward/dashboard projection with audit.	Commercial/Loyalty Platform + Privacy	NONE_FOUND_AFTER_TARGETED_SEARCH	FINAL_MAPPED	Manual mapping; existing referral conversion/loyalty settlement root mapping remains unchanged and no referral data was accessed.
CONFIRMED_ROOT_DATA_CONTRACT_DEFECT_TOUR_CALLER_STEP_ID_STORED_NO_SERVER_OWNED_REGISTRY_VERSION_VALIDATION	F-571	R-16C	src/modules/tour/tour.controller.ts:15–17 ; src/modules/tour/tour.service.ts:16–20	Tour complete endpoint persists arbitrary caller-supplied step ID with no server-owned registry, active version/locale validation or transition eligibility.	Onboarding progress is a server-owned versioned state machine: only allowlisted steps from the active version/locale registry may transition, owner state is read and written through typed idempotent CAS commands with truthful matched/modified outcome, bounded rate policy and immutable activity audit. Migration/reset/upgrade and client response shape remain explicit product/version policy.	Identity/Profile Platform + Product Operations	NONE_FOUND_AFTER_TARGETED_SEARCH	FINAL_MAPPED	Manual mapping from frozen backend archive. Existing update-outcome/lifecycle observations retain their prior mappings; known-step/version/locale response policy remains a product decision. No user profile, onboarding state, database or runtime operation was accessed.
CONFIRMED_ROOT_DATA_GOVERNANCE_DEFECT_LEGACY_FIXED_MAP_UNLISTED_COLLECTIONS_ASSUMED_CANONICAL	F-924	R-21M	src/modules/legacy/legacy.module.ts:13–21,30–42	Legacy governance assumes static fixed collection/module maps, exposes global cardinality/topology/internal paths and permits unbounded database-wide enumeration without runtime evidence/drift detection.	Legacy compatibility inventory is declared/versioned/allowlisted with bounded target-scoped diagnostics, no internal topology/path disclosure, runtime evidence/drift classification and minimum authorized aggregated reports; no broad collection enumeration is exposed.	Platform Governance + Security/Privacy	NONE_FOUND_AFTER_TARGETED_SEARCH	FINAL_MAPPED	Manual legacy governance root; no database enumeration, topology, path map or runtime data was accessed.
CONFIRMED_ROOT_DATA_INTEGRITY_DEFECT_INSURANCE_CATALOG_EXISTING_PROVENANCE_VERSION_STATUS_CONFLICT_SILENT	F-1839	R-04E	scripts/reconcile-insurance-catalog.ts:56–75	Insurance catalog reconciliation accepts weak manifests and unauthorised targets, has no normalized-code preflight/conflict policy, sequential non-atomic upserts, weak version/operator provenance/idempotency and no post-import drift/orphan report.	Insurance catalog reconciliation is a target/operator-approved, signed content-addressed manifest operation with normalized uniqueness/preflight/conflict policy, transactional or lock-protected idempotent writes/recovery, immutable provenance and post-import duplicate/orphan/missing/drift reconciliation evidence.	Insurance Catalog + Release/Data Governance	F-1847,F-1848	FINAL_MAPPED	Manual mapping; no script, Mongo URI, catalog mutation or reconciliation operation was executed.
CONFIRMED_ROOT_DATA_INTEGRITY_DEFECT_INSURANCE_CATALOG_NORMALIZED_CODE_DUPLICATE_COLLAPSE_NO_PREFLIGHT	F-1837	R-04E	scripts/reconcile-insurance-catalog.ts:56–75	Insurance catalog reconciliation accepts weak manifests and unauthorised targets, has no normalized-code preflight/conflict policy, sequential non-atomic upserts, weak version/operator provenance/idempotency and no post-import drift/orphan report.	Insurance catalog reconciliation is a target/operator-approved, signed content-addressed manifest operation with normalized uniqueness/preflight/conflict policy, transactional or lock-protected idempotent writes/recovery, immutable provenance and post-import duplicate/orphan/missing/drift reconciliation evidence.	Insurance Catalog + Release/Data Governance	F-1847,F-1848	FINAL_MAPPED	Manual mapping; no script, Mongo URI, catalog mutation or reconciliation operation was executed.
CONFIRMED_ROOT_DATA_INTEGRITY_DEFECT_INSURANCE_LOGO_UPDATE_NO_UNIQUE_TARGET_STATE_RESULT_ASSERTION	F-1826	R-04D	scripts/publish-insurance-logo-assets.ts:42–46	Insurance-logo publication lacks approved target/operator binding, signed/versioned schema-valid manifest, source licensing/identity and asset safety validation, safe origin path policy, versioned object rollback, atomic object/catalog linkage, result assertion and immutable review/audit/release idempotency.	Insurance public assets are published only from approved target-bound signed/versioned manifests; source licence/identity and file MIME/dimensions are validated, object/catalog updates are versioned/reconcilable/rollbackable, public origin is allowlisted, and each operator/review/revision/result is immutable and auditable.	Insurance Catalog + Release/Data Governance + Media	NONE_FOUND_AFTER_TARGETED_SEARCH	FINAL_MAPPED	Manual mapping; no script, S3/object store, manifest, logo, catalog or deployment action was performed.
CONFIRMED_ROOT_DATA_INTEGRITY_DEFECT_PHARMACY_PARALLEL_ORDERS_ALLOCATIONS_BROADCASTS_PERSISTENCE_SURFACES	F-927	R-06C2	src/modules/legacy/legacy.module.ts:14–21,55–78	Pharmacy inventory, shortage, broadcast and parallel order allocation are not protected by a canonical tenant-scoped atomic reservation/reconciliation boundary.	Only eligible pharmacy inventory may support an offer; selection/order allocation must reserve scoped stock atomically, reconcile expiry/failure and retain auditable shortage/substitution truth.	Pharmacy + Inventory/Provider Operations	F-992	FINAL_MAPPED	Manual mapping; R-06C1 quote/order and R-16 concurrency dependencies are explicit.
CONFIRMED_ROOT_DATA_INTEGRITY_DEFECT_PROVIDER_DELTA_RAW_SPREAD_MULTI_ALIAS_PROFILE_TARGET	F-387	R-21L	src/modules/admin-web-core/controllers/provider-moderation.controller.ts:58–73	Provider-delta moderation lacks privileged role/permission/step-up actor boundary, minimum masked list, canonical profile target, atomic apply/status/event, durable cleanup, CAS/idempotency/reviewer audit and truthful zero-apply/downstream outcome.	Provider moderation uses a step-up authorized reviewer and canonical provider target, masked/bounded PII views, versioned CAS/idempotent review commands, atomic profile-apply/status/outbox where possible, durable cleanup/reconciliation and immutable reviewer/reason/outcome audit.	Provider Onboarding/Moderation + Privacy/Security	NONE_FOUND_AFTER_TARGETED_SEARCH	FINAL_MAPPED	Manual mapping; storage mechanics remain R-22C and provider onboarding draft lifecycle remains R-21D. No moderation or storage action was performed.
CONFIRMED_ROOT_DATA_INTEGRITY_DEFECT_USERS_WISHLIST_ARBITRARY_ITEM_NO_CATALOG_AVAILABILITY_ATOMIC_SET_SEMANTICS	F-176	R-12D	src/modules/users/users.service.ts:26–43	Wishlist accepts arbitrary item payload/identity and mutates user preference without canonical catalog validation, deleted/public eligibility reconciliation, atomic unique set semantics or minimum preference projection.	Patient wishlist is a bounded idempotent preference set that references canonical verified catalog identity only. Add/remove operations validate item existence/public eligibility, use atomic unique set semantics and minimum user projection; stale/deleted items are reconciled. Wishlist is never price, stock, availability, prescription eligibility or purchase authority.	Patient Experience + Medication Catalog Governance	NONE_FOUND_AFTER_TARGETED_SEARCH	FINAL_MAPPED	Manual mapping from frozen backend archive. Existing profile/privacy and insurance projection roots remain unchanged. Wishlist is not commercial or fulfillment state. No user preference, catalog, availability, price, stock or runtime operation was accessed.
CONFIRMED_ROOT_DATA_MINIMIZATION_DEFECT_B2B_MUTATION_RETURNS_FULL_COMMERCIAL_REQUEST_DOCUMENT	F-406	R-21K	src/modules/admin-governance/b2b.controller.ts:31,41	B2B request list/decision can bypass role/organization/request scope, versioned current-state CAS/idempotency/maker-checker/audit, bounded/redacted note/document projections and canonical organization quote/price/currency authority.	B2B requests are organization-scoped and role/purpose-authorized; approve/reject uses current-state CAS/idempotency, maker-checker and immutable actor/reason audit; notes/documents are bounded/redacted/retained by policy, lists are paginated/minimum/degraded-aware, and commercial status derives from canonical quote/price/currency authority.	B2B/Commercial Operations + Privacy	NONE_FOUND_AFTER_TARGETED_SEARCH	FINAL_MAPPED	Manual mapping; no B2B request, commercial record, note, API or runtime operation was accessed.
CONFIRMED_ROOT_DATA_RELIABILITY_DEFECT_INSURANCE_CATALOG_SEQUENTIAL_UPSERT_NO_TRANSACTION_LOCK_RECOVERY	F-1838	R-04E	scripts/reconcile-insurance-catalog.ts:56–79	Insurance catalog reconciliation accepts weak manifests and unauthorised targets, has no normalized-code preflight/conflict policy, sequential non-atomic upserts, weak version/operator provenance/idempotency and no post-import drift/orphan report.	Insurance catalog reconciliation is a target/operator-approved, signed content-addressed manifest operation with normalized uniqueness/preflight/conflict policy, transactional or lock-protected idempotent writes/recovery, immutable provenance and post-import duplicate/orphan/missing/drift reconciliation evidence.	Insurance Catalog + Release/Data Governance	F-1847,F-1848	FINAL_MAPPED	Manual mapping; no script, Mongo URI, catalog mutation or reconciliation operation was executed.
CONFIRMED_ROOT_DATA_RETENTION_DELETION_DEFECT_USER_ONLY_CRON_DESPITE_ASSOCIATED_PII_CLAIM	F-175	R-13A	src/modules/users/data-retention.service.ts:15–40	Patient privacy/security settings, addresses, deletion and export flows lack a unified typed, versioned, idempotent lifecycle with default invariants, associated-data retention/hold, purpose scope and auditable delivery.	Patient data commands use validated field-level typed changes, reauthentication/version/idempotency as needed, authoritative address/default invariants, full associated-data retention/deletion/legal-hold manifests and scoped cancellable audited exports.	Patient Data Rights + Identity/Privacy	F-030,F-276	FINAL_MAPPED	Manual mapping; payment instrument, family consent, clinical records and release backups remain separate roots.
CONFIRMED_ROOT_DELIVERY_ASSIGNMENT_ATOMICITY_DEFECT_DRIVERS_COMPETING_ACCEPT_READ_CREATE_SAVE_DELIVERY_ORDER_NO_CAS_TRANSACTION_UNIQUE_CLAIM	F-534	R-11A	src/modules/drivers/drivers.service.ts:105–120	Driver location, shift, delivery assignment/reassignment and delivery quote policies lack verified relationship/eligibility, atomic claim, telemetry validation and versioned durable fulfillment truth.	Driver/delivery operations require active authorized shift and order relationship, validated fresh/consented telemetry, atomic assignment/reassignment with capacity/geography checks, versioned quote policy and durable pickup/delivery transitions with audit.	Driver/Delivery Operations + Privacy	F-535,F-540	FINAL_MAPPED	Manual mapping; media proof is R-07B/R-11B, finance earnings is R-05, and realtime/event transport is separate.
CONFIRMED_ROOT_DELIVERY_ELIGIBILITY_DEFECT_AVAILABLE_ACCEPT_NO_ONLINE_SHIFT_CAPABILITY_GEOGRAPHY_CAPACITY_AUTHORIZATION	F-541	R-11A	src/modules/drivers/drivers.service.ts:84–120	Driver location, shift, delivery assignment/reassignment and delivery quote policies lack verified relationship/eligibility, atomic claim, telemetry validation and versioned durable fulfillment truth.	Driver/delivery operations require active authorized shift and order relationship, validated fresh/consented telemetry, atomic assignment/reassignment with capacity/geography checks, versioned quote policy and durable pickup/delivery transitions with audit.	Driver/Delivery Operations + Privacy	F-535,F-540	FINAL_MAPPED	Manual mapping; media proof is R-07B/R-11B, finance earnings is R-05, and realtime/event transport is separate.
CONFIRMED_ROOT_DELIVERY_PROOF_MEDIA_BOUNDARY_DEFECT_RAW_SIGNATURE_PHOTO_NO_TYPE_SIZE_STORAGE_OWNERSHIP_RETENTION_CONTRACT	F-537	R-11B	src/modules/drivers/drivers.service.ts:136–145	Delivery proof signature/photo is raw media without validated scoped proof asset/ownership/retention contract.	Delivery proof is attached through R-07B1 safe media to an authorized active delivery, with purpose, integrity, audit and retention; it is not raw signature/photo input.	Drivers/Delivery + Media Platform	F-540	FINAL_MAPPED	Manual reassignment to delivery/location fulfillment root; depends on R-07B1.
CONFIRMED_ROOT_DEPLOYMENT_CONTRACT_DEFECT_TWO_DOCKERFILES_NO_AUTHORITATIVE_SELECTION_EQUIVALENCE_GATE	F-2091	R-15B	Dockerfile:1–15 ; Dockerfile.production:1–37	Deployment/build artifacts lack one controlled reproducible target, supply-chain/port parity, preflight/migration/backup gate, post-deploy evidence, rollback recovery and immutable authorization record; developer lint may mutate source.	Release uses a declared authoritative artifact and non-mutating verification path, pinned dependencies, port/config parity, approved target/preflight/migration/backup gates, time-bounded acceptance evidence, tested rollback and immutable actor/audit record.	Release Engineering/SRE	F-1781,F-1785,F-1787,F-1788,F-1789,F-1790,F-2085,F-2168	FINAL_MAPPED	Manual mapping; no deployment, build, preflight or post-deploy action was run.
CONFIRMED_ROOT_DEPLOYMENT_DEFECT_COMPOSE_BACKEND_PORT_8002_DOCKER_APP_PORT_3000_MISMATCH	F-2106	R-15B	docker-compose.yml:6–7 ; Dockerfile:13 ; Dockerfile.production:32–33	Deployment/build artifacts lack one controlled reproducible target, supply-chain/port parity, preflight/migration/backup gate, post-deploy evidence, rollback recovery and immutable authorization record; developer lint may mutate source.	Release uses a declared authoritative artifact and non-mutating verification path, pinned dependencies, port/config parity, approved target/preflight/migration/backup gates, time-bounded acceptance evidence, tested rollback and immutable actor/audit record.	Release Engineering/SRE	F-1781,F-1785,F-1787,F-1788,F-1789,F-1790,F-2085,F-2168	FINAL_MAPPED	Manual mapping; no deployment, build, preflight or post-deploy action was run.
CONFIRMED_ROOT_DEPLOYMENT_DEFECT_DOCKER_COMPOSE_8002_MAPPING_DOCKER_3000_EXPOSE_LISTEN_PARITY	F-2084	R-15B	Dockerfile.production:32–36	Deployment/build artifacts lack one controlled reproducible target, supply-chain/port parity, preflight/migration/backup gate, post-deploy evidence, rollback recovery and immutable authorization record; developer lint may mutate source.	Release uses a declared authoritative artifact and non-mutating verification path, pinned dependencies, port/config parity, approved target/preflight/migration/backup gates, time-bounded acceptance evidence, tested rollback and immutable actor/audit record.	Release Engineering/SRE	F-1781,F-1785,F-1787,F-1788,F-1789,F-1790,F-2085,F-2168	FINAL_MAPPED	Manual mapping; no deployment, build, preflight or post-deploy action was run.
CONFIRMED_ROOT_DESTRUCTIVE_RESTORE_AUTHORIZATION_DEFECT	F-1878	R-15D	scripts/db-backup-restore.sh:36–50	Backup/restore tooling lacks target safety, protected content-addressed retention/provenance, restore authorization/archive compatibility, verification/recovery and access audit lifecycle.	Backups are encrypted protected artifacts with provenance/retention and access audit; restore is separately authorized, target-bound, compatibility/integrity-verified, rehearsed in isolation and produces recovery evidence.	SRE + Data Protection	F-1876,F-1877,F-1881,F-1883,F-1884,F-1885,F-1887	FINAL_MAPPED	Manual mapping; no backup, restore or destructive operation was performed.
CONFIRMED_ROOT_DEVELOPER_WORKFLOW_DEFECT_LINT_SCRIPT_MUTATES_SOURCE_WITH_FIX	F-2061	R-15B	package.json:6–13	Deployment/build artifacts lack one controlled reproducible target, supply-chain/port parity, preflight/migration/backup gate, post-deploy evidence, rollback recovery and immutable authorization record; developer lint may mutate source.	Release uses a declared authoritative artifact and non-mutating verification path, pinned dependencies, port/config parity, approved target/preflight/migration/backup gates, time-bounded acceptance evidence, tested rollback and immutable actor/audit record.	Release Engineering/SRE	F-1781,F-1785,F-1787,F-1788,F-1789,F-1790,F-2085,F-2168	FINAL_MAPPED	Manual mapping; no deployment, build, preflight or post-deploy action was run.
CONFIRMED_ROOT_DEVICE_OWNERSHIP_DEFECT_PUSH_TOKEN_GLOBAL_UNIQUE_UPSERT_REBINDS_USER_NO_POSSESSION_ATTESTATION_TRANSFER_AUDIT	F-166	R-22A	src/modules/push/push.module.ts:28–43,354–373	User/device authentication and push-device binding lack verified token/credential ownership, challenge nonce/counter lifecycle, platform/attestation allowlist, expiry/revocation/transfer audit and fail-closed sensitive endpoint enforcement.	Device and social/passkey trust use verified issuer/audience/nonce/counter and owner binding, platform attestation allowlists, short-lived revocable credentials, transfer/rotation audit and fail-closed enforcement on sensitive endpoints; no client-supplied device identity becomes trust.	Identity Security + Device Trust	F-3749,F-3757	FINAL_MAPPED	Manual mapping; Redis outage behavior remains R-16A runtime-gated dependency and push delivery belongs to R-09B.
CONFIRMED_ROOT_DOCTOR_REFERRAL_ISSUANCE_AUTHORIZATION_TRUTH_DEFECT_NO_ROLE_CREDENTIAL_APPOINTMENT_PATIENT_LINKAGE_TYPED_REPLAY_ALERT_CLAIM	F-552	R-07A7	src/modules/care/doctor-referrals.controller.ts:66–91	Doctor referral/prescription issuance trusts raw doctor, patient and appointment identifiers after ownership lookup without verified clinical role/credential/encounter linkage, typed request bounds, idempotency, audit or truthful alert/outbox claim.	Clinical referral issuance verifies the active clinician role/credential, appointment and patient encounter relationship, typed bounded requested services/clinical input, version/CAS idempotency and immutable clinician/actor/reason audit. Diagnostic return uses an authenticated authorized sender/capability bound to the referral and encounter, approved safe asset references with provenance, idempotent status transition/outbox/reconciliation and purpose-scoped PHI notification; no callback or URL is delivery or clinical-result truth by itself.	Clinical Referrals + Diagnostic Integration + Privacy	F-553	FINAL_MAPPED	Manual mapping from frozen backend archive. Commercial referral/loyalty roots are unrelated. No referral, appointment, patient, diagnostic file, sender credential, notification or runtime operation was accessed.
CONFIRMED_ROOT_DOCUMENT_INTEGRITY_DEFECT_CONTRACT_HASH_PRE_FINAL_BYTES_SALTED_TRUNCATED_NOT_FULL_FINALIZED_PDF_DIGEST	F-621	R-07B3	src/modules/provider-onboarding/contract-pdf.service.ts:211–221	Provider contract PDF flow fetches arbitrary external URL/inline PII base64 and hashes nonfinal bytes, lacking safe private artifact/version/provenance lifecycle.	Provider contract artifact uses approved source/size/type/network policy, private object reference, final-byte digest, version/evidence/retention and signed acceptance/review lifecycle.	Provider Onboarding + Legal/Privacy + Media Platform	F-626	FINAL_MAPPED	Manual mapping; legal acceptance/policy dependencies are R-24.
CONFIRMED_ROOT_DRIVER_SHIFT_CONCURRENCY_DEFECT_CLOSE_MANY_THEN_CREATE_NO_ONE_ACTIVE_ATOMIC_IDEMPOTENCY_LOCATION_INVARIANT	F-539	R-11A	src/modules/drivers/drivers.service.ts:28–39	Driver location, shift, delivery assignment/reassignment and delivery quote policies lack verified relationship/eligibility, atomic claim, telemetry validation and versioned durable fulfillment truth.	Driver/delivery operations require active authorized shift and order relationship, validated fresh/consented telemetry, atomic assignment/reassignment with capacity/geography checks, versioned quote policy and durable pickup/delivery transitions with audit.	Driver/Delivery Operations + Privacy	F-535,F-540	FINAL_MAPPED	Manual mapping; media proof is R-07B/R-11B, finance earnings is R-05, and realtime/event transport is separate.
CONFIRMED_ROOT_DRIVER_TELEMETRY_VALIDATION_PRIVACY_DEFECT_RAW_LOCATION_HEADING_SPEED_NO_BOUNDS_FRESHNESS_CADENCE_ATTESTATION_CONSENT	F-536	R-11A	src/modules/drivers/drivers.service.ts:56–82	Driver location, shift, delivery assignment/reassignment and delivery quote policies lack verified relationship/eligibility, atomic claim, telemetry validation and versioned durable fulfillment truth.	Driver/delivery operations require active authorized shift and order relationship, validated fresh/consented telemetry, atomic assignment/reassignment with capacity/geography checks, versioned quote policy and durable pickup/delivery transitions with audit.	Driver/Delivery Operations + Privacy	F-535,F-540	FINAL_MAPPED	Manual mapping; media proof is R-07B/R-11B, finance earnings is R-05, and realtime/event transport is separate.
CONFIRMED_ROOT_EMERGENCY_DISPATCH_RELIABILITY_DEFECT_UNBOUNDED_PER_VEHICLE_SCORING_NO_FRESHNESS_AUDIT	F-446	R-10A	src/modules/emergency/emergency.service.ts:63–107	Emergency dispatch and ambulance fleet handling can report success after failed dispatch, use unbounded/stale matching, permit mixed state mutation and accept unvalidated location/fleet changes without durable history/version/audit.	Emergency requests and fleet transitions are server-authoritative versioned commands with validated fresh location/availability, bounded dispatch scoring, atomic assignment/handover history, explicit failure/retry and immutable audit; no client or swallowed failure confirms dispatch.	Emergency/Ambulance Operations	F-444	FINAL_MAPPED	Manual mapping; provider authorization, telemetry privacy, notifications and event durability are separate dependencies.
CONFIRMED_ROOT_EMERGENCY_DISPATCH_TRUTH_DEFECT_TRIGGER_SWALLOWS_AUTODISPATCH_FAILURE_AFTER_SUCCESS	F-445	R-10A	src/modules/emergency/emergency.service.ts:141–148	Emergency dispatch and ambulance fleet handling can report success after failed dispatch, use unbounded/stale matching, permit mixed state mutation and accept unvalidated location/fleet changes without durable history/version/audit.	Emergency requests and fleet transitions are server-authoritative versioned commands with validated fresh location/availability, bounded dispatch scoring, atomic assignment/handover history, explicit failure/retry and immutable audit; no client or swallowed failure confirms dispatch.	Emergency/Ambulance Operations	F-444	FINAL_MAPPED	Manual mapping; provider authorization, telemetry privacy, notifications and event durability are separate dependencies.
CONFIRMED_ROOT_EMERGENCY_GPS_TRUTH_DEFECT_NO_COORDINATE_RANGE_FRESHNESS_RATE_LIMIT_ETA_ESTIMATE_SEMANTICS	F-448	R-10A	src/modules/emergency/emergency.service.ts:264–298,301–314	Emergency dispatch and ambulance fleet handling can report success after failed dispatch, use unbounded/stale matching, permit mixed state mutation and accept unvalidated location/fleet changes without durable history/version/audit.	Emergency requests and fleet transitions are server-authoritative versioned commands with validated fresh location/availability, bounded dispatch scoring, atomic assignment/handover history, explicit failure/retry and immutable audit; no client or swallowed failure confirms dispatch.	Emergency/Ambulance Operations	F-444	FINAL_MAPPED	Manual mapping; provider authorization, telemetry privacy, notifications and event durability are separate dependencies.
CONFIRMED_ROOT_EMERGENCY_STATE_MACHINE_DEFECT_MIXED_DIRECT_MUTATIONS_INCOMPLETE_HISTORY_NO_VERSION_ATOMICITY	F-447	R-10A	src/modules/emergency/emergency.service.ts:150–183,194–209,244–249	Emergency dispatch and ambulance fleet handling can report success after failed dispatch, use unbounded/stale matching, permit mixed state mutation and accept unvalidated location/fleet changes without durable history/version/audit.	Emergency requests and fleet transitions are server-authoritative versioned commands with validated fresh location/availability, bounded dispatch scoring, atomic assignment/handover history, explicit failure/retry and immutable audit; no client or swallowed failure confirms dispatch.	Emergency/Ambulance Operations	F-444	FINAL_MAPPED	Manual mapping; provider authorization, telemetry privacy, notifications and event durability are separate dependencies.
CONFIRMED_ROOT_ENFORCEMENT_IDENTITY_DEFECT_BANS_TRUST_RAW_X_FORWARDED_FOR_AND_X_DEVICE_ID_NO_TRUSTED_PROXY_DEVICE_ATTESTATION_BOUNDARY	F-285	R-22F	src/modules/bans/bans.middleware.ts:9–20	Bans middleware trusts the raw x-forwarded-for string and client-supplied x-device-id directly as enforcement identifiers, without a trusted-proxy chain parser or attested device identity boundary.	Abuse enforcement uses a validated trusted-proxy source address and, where device controls are used, a server-verifiable device identity/attestation policy. Raw forwarding/device headers are untrusted input and never independently justify a ban decision.	Platform Security + Edge/SRE + Identity	NONE_FOUND_AFTER_TARGETED_SEARCH	FINAL_MAPPED	Manual mapping from frozen backend baseline. F-3751 is the directly evidenced attestation nonce/request-binding derived graph for F-3752; targeted searches found none for the other two aggregates. No export, user data, ban, device attestation, Redis, security event, runtime service or production secret was accessed.
CONFIRMED_ROOT_EVENT_AUDIT_DEFECT_COMMUNITY_MUTATION_NO_IDEMPOTENCY_DURABLE_ACTOR_REASON_OUTBOX_RECONSTRUCTION	F-204	R-21N	src/modules/community/community.service.ts:86–101,132–156,192–197	Community moderation/vote/session mutations lack reviewed actor/reason evidence, atomic idempotent vote/count contract, host/state authorization and durable mutation/outbox/reconstruction lifecycle.	Community actions use authorized participant/host/state rules, typed bounded content, reviewed moderation reason/actor/evidence, atomic idempotent votes/counters, durable actor/reason/outbox events and reconciliation/appeal outcomes.	Community Platform + Trust/Safety	NONE_FOUND_AFTER_TARGETED_SEARCH	FINAL_MAPPED	Manual mapping; no community content, session, vote, moderation action or runtime event was accessed.
CONFIRMED_ROOT_EVENT_REGISTRY_DEFECT_COMMON_EVENTS_INCOMPLETE_WORKFLOW_SERVICE_LIFECYCLE_RAW_STRINGS	F-2554	R-09A	src/common/events.ts:3–45	The common event platform lacks a complete typed, redacted, versioned event registry and a durable idempotent delivery/replay/dead-letter/retention/observable-command contract.	Every cross-domain event uses a registered typed/versioned envelope with sensitivity classification, correlation/idempotency and a durable outbox/consumer ledger; replay, expiry, redaction, retention and operator actions are bounded and auditable.	Platform Events + Security/Privacy	F-2551,F-2552,F-2553,F-2555,F-2558,F-2560	FINAL_MAPPED	Manual mapping; domain-specific sagas remain in their aggregate roots and runtime transport durability remains separately gated.
CONFIRMED_ROOT_EVENT_RELIABILITY_DEFECT_CATALOG_PUBLICATION_PROJECTION_CACHE_EVENT_NON_ATOMIC	F-611	R-12C	src/modules/events/catalog-publication.service.ts:77–143	SEO/public catalog routes lack typed canonical identity, public DTO/indexability/publication gates, truthful commercial metadata, safe XML and durable catalog-publication projection semantics.	SEO/publication emits only type-allowlisted canonical entities with collision-safe identity, verified publication/indexability lifecycle, minimum public fields, truthful price/availability/LLM metadata, escaped XML and durable reconciled projection updates.	SEO/Public Discovery + Catalog Governance	F-2548,F-3773	FINAL_MAPPED	Manual mapping; IndexNow transport/release, clinical medicine recommendation and cache/runtime gates remain separate dependencies.
CONFIRMED_ROOT_EVENT_RELIABILITY_DEFECT_EVENTBUS_IN_PROCESS_FANOUT_SWALLOWED_NO_DELIVERY_OUTBOX	F-608	R-09A	src/modules/events/event-bus.service.ts:62–69	The common event platform lacks a complete typed, redacted, versioned event registry and a durable idempotent delivery/replay/dead-letter/retention/observable-command contract.	Every cross-domain event uses a registered typed/versioned envelope with sensitivity classification, correlation/idempotency and a durable outbox/consumer ledger; replay, expiry, redaction, retention and operator actions are bounded and auditable.	Platform Events + Security/Privacy	F-2551,F-2552,F-2553,F-2555,F-2558,F-2560	FINAL_MAPPED	Manual mapping; domain-specific sagas remain in their aggregate roots and runtime transport durability remains separately gated.
CONFIRMED_ROOT_EVENT_RELIABILITY_DEFECT_EVENTBUS_OPTIONAL_IDEMPOTENCY_KEY_NO_REPLAY_CONTRACT	F-609	R-09A	src/modules/events/event-bus.service.ts:36–60	The common event platform lacks a complete typed, redacted, versioned event registry and a durable idempotent delivery/replay/dead-letter/retention/observable-command contract.	Every cross-domain event uses a registered typed/versioned envelope with sensitivity classification, correlation/idempotency and a durable outbox/consumer ledger; replay, expiry, redaction, retention and operator actions are bounded and auditable.	Platform Events + Security/Privacy	F-2551,F-2552,F-2553,F-2555,F-2558,F-2560	FINAL_MAPPED	Manual mapping; domain-specific sagas remain in their aggregate roots and runtime transport durability remains separately gated.
CONFIRMED_ROOT_EVENT_RELIABILITY_DEFECT_MAIL_PROVIDER_AMBIGUOUS_FAILURE_FALLBACK_DUPLICATE_DELIVERY	F-461	R-09B	src/modules/mail/mail.module.ts:72–92	Automatic provider fallback after an ambiguous primary failure has no delivery identity, receipt reconciliation or duplicate-delivery prevention contract.	Notification delivery is an approved-audience/template command with redacted telemetry, immutable command/idempotency key, provider request/receipt/failure provenance, bounded timeout/retry/ambiguous-outcome policy and durable reconciliation. Provider fallback may not imply successful or unique delivery; OTP lifecycle remains owned by the authentication challenge contract.	Notification Platform + Privacy	F-463	FINAL_MAPPED	Manual mapping from frozen backend archive. F-459/F-465 remain under the separate OTP/auth lifecycle; F-464 is product decision for transport operations. No mail provider, recipient, template, event or runtime service was accessed.
CONFIRMED_ROOT_EVENT_RELIABILITY_DEFECT_MAIL_TRANSPORT_TIMEOUT_RETRY_FAILURE_DELIVERY_OUTCOME_CONTRACT	F-462	R-09B	src/modules/mail/mail.module.ts:43–92	Mail transport has no explicit bounded timeout/retry/failure/outcome contract to support truthful delivery state.	Notification delivery is an approved-audience/template command with redacted telemetry, immutable command/idempotency key, provider request/receipt/failure provenance, bounded timeout/retry/ambiguous-outcome policy and durable reconciliation. Provider fallback may not imply successful or unique delivery; OTP lifecycle remains owned by the authentication challenge contract.	Notification Platform + Privacy	F-463	FINAL_MAPPED	Manual mapping from frozen backend archive. F-459/F-465 remain under the separate OTP/auth lifecycle; F-464 is product decision for transport operations. No mail provider, recipient, template, event or runtime service was accessed.
CONFIRMED_ROOT_EVENT_RELIABILITY_DEFECT_PRESCRIPTION_TRANSITION_SAVE_EVENT_NON_ATOMIC_NO_OUTBOX	F-234	R-06E	src/modules/prescriptions/prescriptions.service.ts:205–227,244–263	Prescription intake/assignment/transition lacks quarantined typed provenance, eligible pharmacy assignment with CAS/idempotency, and atomic state/event outbox.	Prescriptions enter through authorized typed quarantined intake with source/provenance/scan status; pharmacy assignment requires verified eligible scope and versioned CAS/idempotency; state transition is canonical with atomic durable outbox/reconciliation.	Prescription/Clinical Safety + Pharmacy Workflow	NONE_FOUND_AFTER_TARGETED_SEARCH	FINAL_MAPPED	Manual prescription lifecycle root; media storage, pharmacy fulfillment and event platform remain dependencies. No prescription, upload or runtime service was accessed.
CONFIRMED_ROOT_EVENT_RELIABILITY_DEFECT_PROVIDER_DELTA_PROFILE_APPLY_STATUS_NON_ATOMIC	F-388	R-21L	src/modules/admin-web-core/controllers/provider-moderation.controller.ts:64–79	Provider-delta moderation lacks privileged role/permission/step-up actor boundary, minimum masked list, canonical profile target, atomic apply/status/event, durable cleanup, CAS/idempotency/reviewer audit and truthful zero-apply/downstream outcome.	Provider moderation uses a step-up authorized reviewer and canonical provider target, masked/bounded PII views, versioned CAS/idempotent review commands, atomic profile-apply/status/outbox where possible, durable cleanup/reconciliation and immutable reviewer/reason/outcome audit.	Provider Onboarding/Moderation + Privacy/Security	NONE_FOUND_AFTER_TARGETED_SEARCH	FINAL_MAPPED	Manual mapping; storage mechanics remain R-22C and provider onboarding draft lifecycle remains R-21D. No moderation or storage action was performed.
CONFIRMED_ROOT_EVENT_RELIABILITY_DEFECT_RECONCILE_BIRTH_EVENT_NO_IDEMPOTENCY_DURABLE_FAILURE	F-700	R-09A	src/modules/consistency/consistency.module.ts:126–137	Reconciliation-born event lacks idempotency and durable failure lifecycle.	Reconciliation events use a unique idempotency key, durable outbox/retry/dead-letter/reconciliation outcome and do not claim delivery on failure.	Event Platform + Reliability	NONE_FOUND_AFTER_TARGETED_SEARCH	FINAL_MAPPED	Manual reassignment to platform-event durability root.
CONFIRMED_ROOT_EVENT_RELIABILITY_DEFECT_REDIS_PUBSUB_SILENT_OUTAGE_DROP_NO_DURABLE_REPLAY	F-439	R-16A	src/modules/redis/redis.service.ts:279–296	Redis degrades to per-process non-atomic/fake-ready primitives, has ambiguous connection health, lossy pubsub, unsafe rate-limit failover, unbounded key scanning and untyped corruption semantics.	Distributed locks, idempotency, sessions, rate limits and events fail closed or enter explicit degraded mode; Redis health is per dependency with deadlines, storage access is bounded/typed, and events use durable outbox/replay rather than silent pubsub loss.	Platform Reliability + Security	F-196,F-286,F-2568	FINAL_MAPPED	Manual mapping; runtime Redis MISCONF/connectivity behavior remains an unclosed external verification blocker.
CONFIRMED_ROOT_EVENT_RELIABILITY_DEFECT_SMS_TRANSPORT_TIMEOUT_RETRY_DELIVERY_OUTCOME_CONTRACT	F-454	R-09B	src/modules/sms/sms.service.ts:44–60	SMS send uses an unbounded axios request and boolean response without timeout, retry/backoff/deadline, provider receipt ID, permanent/transient taxonomy or ambiguous-delivery reconciliation.	SMS delivery is an approved configuration and durable notification command: one explicit provider capability/configuration contract, redacted request/receipt/failure provenance, timeout/retry/backoff/deadline and ambiguous-outcome reconciliation. A provider HTTP response or fallback is never authentication/OTP success; the server-owned OTP challenge separately verifies eligible delivery channel, expiry, attempts and cancellation.	Notification Platform + Security Configuration	NONE_FOUND_AFTER_TARGETED_SEARCH	FINAL_MAPPED	Manual mapping from frozen backend archive. F-456 remains the existing R-01A OTP channel authority mapping; SMS consent/opt-out is a product decision and provider failure-stack exposure remains insufficient-evidence. No SMS provider, phone, OTP, secret or runtime service was accessed.
CONFIRMED_ROOT_EVENT_STORAGE_RELIABILITY_DEFECT_INSURANCE_LOGO_S3_MONGO_LINK_NON_ATOMIC	F-1825	R-04D	scripts/publish-insurance-logo-assets.ts:43–46	Insurance-logo publication lacks approved target/operator binding, signed/versioned schema-valid manifest, source licensing/identity and asset safety validation, safe origin path policy, versioned object rollback, atomic object/catalog linkage, result assertion and immutable review/audit/release idempotency.	Insurance public assets are published only from approved target-bound signed/versioned manifests; source licence/identity and file MIME/dimensions are validated, object/catalog updates are versioned/reconcilable/rollbackable, public origin is allowlisted, and each operator/review/revision/result is immutable and auditable.	Insurance Catalog + Release/Data Governance + Media	NONE_FOUND_AFTER_TARGETED_SEARCH	FINAL_MAPPED	Manual mapping; no script, S3/object store, manifest, logo, catalog or deployment action was performed.
CONFIRMED_ROOT_EVENT_STORAGE_RELIABILITY_DEFECT_MEDICINES_CATALOG_SHORTAGE_IMAGE_NON_ATOMIC_WORKFLOW	F-121	R-12A	src/modules/medicines/medicines.service.ts:868–1000,1003–1105,1300–1357,1464–1513	Medicine catalog, shortage, image and change-request workflows mutate related storage/state/audit/cache effects in separate operations without one durable idempotent command/outbox/reconciliation lifecycle.	Catalog governance uses typed source/provenance, version/CAS/idempotent approval commands, safe asset references, atomic state plus durable outbox/reconciliation, and publication/index/cache projection only after verified lifecycle completion.	Medication Catalog Governance + Workflow Platform	NONE_FOUND_AFTER_TARGETED_SEARCH	FINAL_MAPPED	Manual mapping from frozen backend archive. Existing admin command (F-119/F-120) and analytics identity (F-123) mappings remain unchanged. No medicine, catalog, image, shortage, search, cache or runtime operation was accessed.
CONFIRMED_ROOT_FINANCIAL_EVENT_RELIABILITY_DEFECT_REFERRAL_CONVERSION_STATUS_BEFORE_LOYALTY_OUTBOX_SETTLEMENT	F-262	R-05C	src/modules/referral/referral.service.ts:132–148	Loyalty/referral/wallet commercial value changes are not governed by one immutable, atomic event-ledger and attribution lifecycle; balance, reward, expiry, stock and conversion can diverge or replay.	Points, rewards, referral conversion and wallet credit/debit are commercial entitlements: each requires a verified qualifying event, bounded policy, unique command/event, atomic ledger transaction, reversal/expiry and reconciliation audit.	Finance/Commercial + Loyalty/Referral + Wallet	F-144,F-263,F-264,F-272	FINAL_MAPPED	Manual mapping; excludes unrelated referral-route/clinical derived hits returned by keyword search.
CONFIRMED_ROOT_FINANCIAL_LEDGER_DEFECT_LOYALTY_AWARD_NO_UNIQUE_EVENT_ATOMIC_BALANCE_TRANSACTION	F-265	R-05C	src/modules/loyalty/loyalty.service.ts:76–124	Loyalty/referral/wallet commercial value changes are not governed by one immutable, atomic event-ledger and attribution lifecycle; balance, reward, expiry, stock and conversion can diverge or replay.	Points, rewards, referral conversion and wallet credit/debit are commercial entitlements: each requires a verified qualifying event, bounded policy, unique command/event, atomic ledger transaction, reversal/expiry and reconciliation audit.	Finance/Commercial + Loyalty/Referral + Wallet	F-144,F-263,F-264,F-272	FINAL_MAPPED	Manual mapping; excludes unrelated referral-route/clinical derived hits returned by keyword search.
CONFIRMED_ROOT_FINANCIAL_LEDGER_DEFECT_LOYALTY_EXPIRY_SWEEP_NON_ATOMIC_BALANCE_AUDIT	F-267	R-05C	src/modules/loyalty/loyalty.service.ts:132–157	Loyalty/referral/wallet commercial value changes are not governed by one immutable, atomic event-ledger and attribution lifecycle; balance, reward, expiry, stock and conversion can diverge or replay.	Points, rewards, referral conversion and wallet credit/debit are commercial entitlements: each requires a verified qualifying event, bounded policy, unique command/event, atomic ledger transaction, reversal/expiry and reconciliation audit.	Finance/Commercial + Loyalty/Referral + Wallet	F-144,F-263,F-264,F-272	FINAL_MAPPED	Manual mapping; excludes unrelated referral-route/clinical derived hits returned by keyword search.
CONFIRMED_ROOT_FINANCIAL_LEDGER_DEFECT_LOYALTY_REWARD_CLAIM_NON_ATOMIC_POINTS_STOCK_CLAIM	F-266	R-05C	src/modules/loyalty/loyalty.service.ts:297–332	Loyalty reward claim/challenge/tier benefits lack atomic one-time points-stock-claim allocation and server-enforced canonical tier eligibility.	Loyalty rewards use canonical commercial ledger policy, atomic idempotent points/stock/claim allocation, one-time challenge completion and server-enforced versioned tier benefit eligibility; UI display is never authority.	Commercial/Loyalty Platform	NONE_FOUND_AFTER_TARGETED_SEARCH	FINAL_MAPPED	Manual mapping; existing loyalty ledger mappings remain unchanged and no reward, balance, stock or runtime service was accessed.
CONFIRMED_ROOT_FINANCIAL_LEDGER_DEFECT_WALLET_FLOAT_AMOUNTS_NO_CURRENCY_REFERENCE_UNIQUENESS_ATOMICITY_IMMUTABLE_OWNER_INVARIANTS_TOPUP_CLAIM_PRECEDES_CREDIT	F-113	R-05C	src/schemas/wallet.schema.ts:7–55 ; src/modules/wallet/repositories/wallet.repository.ts:2–13 ; src/modules/wallet/repositories/wallettransaction.repository.ts:2–13 ; src/modules/nabd-extensions/repositories/wallet.repository.ts:2–13 ; src/modules/nabd-extensions/repositories/wallettransaction.repository.ts:2–13	Wallet schema stores mutable floating balance/amount without currency, immutable transaction direction/balance invariants, unique business reference/event, atomic repository operation or verified funding/settlement gate; top-up claim can precede ledger credit.	Wallet credit/debit is an immutable double-entry monetary ledger, never a mutable float balance: fixed-precision minor units plus ISO currency, unique owner/reference/event constraints, server-owned qualified funding/settlement proof, atomic idempotent reservation/posting/reversal and reconciliation/audit are mandatory. A top-up claim precedes no credit, and saved payment instruments remain PSP-tokenized under their separate PCI/privacy root.	Finance/Commercial + Wallet Platform	NONE_FOUND_AFTER_TARGETED_SEARCH	FINAL_MAPPED	Manual mapping from frozen backend archive. Saved-card instrument boundary F-114 remains R-05A2. No wallet, top-up, credit/debit, payment instrument, ledger or runtime operation was accessed.
CONFIRMED_ROOT_FINANCIAL_SECURITY_DEFECT_LOYALTY_WEAK_VALUE_BOUNDS_REWARD_ENUM_STOCK_COUPON_TOKEN_POLICY	F-271	R-05C	src/modules/loyalty/loyalty.service.ts:297–332 ; src/schemas/loyalty.schemas.ts:18–43,58–87	Loyalty/referral/wallet commercial value changes are not governed by one immutable, atomic event-ledger and attribution lifecycle; balance, reward, expiry, stock and conversion can diverge or replay.	Points, rewards, referral conversion and wallet credit/debit are commercial entitlements: each requires a verified qualifying event, bounded policy, unique command/event, atomic ledger transaction, reversal/expiry and reconciliation audit.	Finance/Commercial + Loyalty/Referral + Wallet	F-144,F-263,F-264,F-272	FINAL_MAPPED	Manual mapping; excludes unrelated referral-route/clinical derived hits returned by keyword search.
CONFIRMED_ROOT_FINANCIAL_STATE_DEFECT_CONSISTENCY_ORPHAN_DIRECT_CANCELLATION_BYPASSES_CANONICAL_SAGA	F-699	R-03B	src/modules/consistency/consistency.module.ts:139–157	Direct cancellation path bypasses canonical versioned booking/payment/refund saga and can orphan state.	Cancellation is a server-owned state-machine command that coordinates booking, payment/refund and outbox/reconciliation; no direct destructive bypass.	Booking Platform + Payments	F-545,F-803	FINAL_MAPPED	Already manually reviewed; retained in unified R-03B batch.
CONFIRMED_ROOT_FINANCIAL_USAGE_INTEGRITY_DEFECT_AI_QUOTA_USAGE_BEST_EFFORT_NO_ATOMIC_RESERVATION_DURABLE_LEDGER	F-228	R-05E	src/modules/ai/ai-gateway.service.ts:220–234	AI quota usage is recorded best-effort without atomic reservation or durable usage ledger, permitting overuse or inconsistent commercial entitlement accounting.	AI feature usage consumes a server-owned bounded entitlement only after an atomic reservation/commit or compensating release; customer-visible quota state is durable and auditable.	AI Platform + Finance/Entitlements	NONE_FOUND_AFTER_TARGETED_SEARCH	FINAL_MAPPED	Manual mapping; F-888 is provider reporting and was excluded as an unrelated keyword match. Independent Phase-4 reconciliation performed a source-exact search of DERIVED_DUPLICATE ledger evidence; no direct match was found. Historical sentinel/cross-candidate derived claim was replaced without changing raw IDs, root, exact evidence, cause, rule or owner.
CONFIRMED_ROOT_GLOBAL_METRICS_TELEMETRY_PRIVACY_SAMPLING_FAILURE_POLICY_DEFECT_OPS_APP_INTERCEPTOR	F-527	R-13D	src/modules/ops/ops.module.ts:6–12	Operational telemetry, Sentry/context, logs and cache responses lack a consistent sensitive-field classification, redaction/clearance, cardinality/retention and safe public DTO/key policy.	Observability and caches collect/emit only allowlisted classified fields, clear request/user context deterministically, redact secrets/PHI/identifiers, bound metric labels and retention, and use explicit public DTO/cache namespace policies with auditable failure handling.	Operations/Observability + Security/Privacy	F-1309,F-1313,F-1520,F-1526,F-2485,F-2491,F-2493,F-3759	FINAL_MAPPED	Manual mapping; cache availability/invalidation/reliability and runtime readiness remain R-16/R-26 dependencies.
CONFIRMED_ROOT_GOVERNANCE_DEFECT_TOUR_PROFILE_MUTATION_NO_TYPED_IDEMPOTENCY_AUDIT_RATE_CONTRACT	F-573	R-16C	src/modules/tour/tour.controller.ts:15–17 ; src/modules/tour/tour.service.ts:16–21	Tour profile mutation accepts raw body scalar and updates user progress without typed command/idempotency, CAS/version, rate policy or actor/activity audit.	Onboarding progress is a server-owned versioned state machine: only allowlisted steps from the active version/locale registry may transition, owner state is read and written through typed idempotent CAS commands with truthful matched/modified outcome, bounded rate policy and immutable activity audit. Migration/reset/upgrade and client response shape remain explicit product/version policy.	Identity/Profile Platform + Product Operations	NONE_FOUND_AFTER_TARGETED_SEARCH	FINAL_MAPPED	Manual mapping from frozen backend archive. Existing update-outcome/lifecycle observations retain their prior mappings; known-step/version/locale response policy remains a product decision. No user profile, onboarding state, database or runtime operation was accessed.
CONFIRMED_ROOT_HOME_CARE_FULFILLMENT_TRUTH_DEFECT_TRACKING_SUCCESS_WITHOUT_WORKFLOW_DISPATCH_STATE	F-519	R-10B	src/modules/home-care/controllers/home-care-tracking.controller.ts:99–105	Home-care/nursing booking, provider assignment and tracking lack one authoritative idempotent state/claim/availability/slot/address/quote contract and can expose completion/tracking without fulfillment truth.	Home-care commands use server-authoritative service/address/time/quote/insurance/payment dependencies, idempotent intent plus slot/capacity reservation, atomic eligible-provider claim and versioned state transitions; tracking and completion derive only from durable fulfillment state.	Home-care/Nursing Operations + Care	F-018,F-054,F-082,F-083,F-947	FINAL_MAPPED	Manual mapping; clinical report/protocol, GPS consent, media, payment/insurance, stock and event outbox remain separate shared roots.
CONFIRMED_ROOT_HOME_CARE_STARTUP_SEED_MUTATION_LIFECYCLE_DEFECT	F-520	R-20A	src/modules/home-care/home-care.module.ts:33–70	Home-care module mutates service catalog data during module startup with partial-error continuation, name/category matching and hard-coded active/price/duration values, without authorized target, versioned seed policy or reconciliation outcome.	Reference-data seeding is an explicit authorized versioned migration with immutable input, environment/target guard, dry-run/approval, per-record outcome, reconciliation and rollback evidence. Startup logging or attempted upserts do not establish catalog correctness or availability.	Data Governance/Migrations + Home-care Catalog + SRE	NONE_FOUND_AFTER_TARGETED_SEARCH	FINAL_MAPPED	Manual mapping from frozen backend baseline. Targeted derived search found no directly matching DERIVED_DUPLICATE labels. No clinical data, device, home-care catalog, seed execution, waitlist record, notification, event broker or runtime operation was accessed.
CONFIRMED_ROOT_HOSPITAL_ROUTE_AUTHORIZATION_ENTITY_SCOPE_DEFECT_OPTIONAL_ACTOR_SEMANTICS_NO_ROUTE_RBAC	F-598	R-23A	src/modules/hospital/hospital.module.ts:14–30 ; src/modules/hospital/controllers/hospital.controller.ts:5–8	Hospital branches, staff, affiliations, invitations and appointment ownership lack one verified membership/branch/facility relationship, typed DTO, credential review, expiry/revocation and atomic idempotent invitation lifecycle.	Hospital operations verify active actor membership and branch/facility relationship; staff/department DTOs are allowlisted, affiliations/credentials are reviewed, invitations are recipient-bound/expiring/revocable/idempotent, and appointment ownership/projections are purpose-scoped and audited.	Hospital Operations + Identity/Privacy	NONE_FOUND_AFTER_TARGETED_SEARCH	FINAL_MAPPED	Manual mapping; canonical appointment state belongs to R-03B, financial wallet ledger belongs to R-05D and generic authorization depends on R-02A.
CONFIRMED_ROOT_HTTP_RELEASE_SEMANTICS_DEFECT_SYSTEM_CONFIG_GET_MUTATES_AUTO_CREATES_MISSING_SINGLETON	F-383	R-22D	src/modules/admin-governance/system-config.controller.ts:19–27	System configuration exposes raw singleton values, permits full replace/upsert, lacks entitlement/redaction/schema/version/CAS/idempotency/maker-checker/audit/rollback and mutates on GET.	System configuration is a typed versioned schema/effective-source contract: reads are non-mutating and field-entitled/redacted; writes are allowlisted patches with CAS/idempotency, maker-checker/actor-reason immutable change events, compatibility and tested rollback.	Security Configuration + Admin Governance	NONE_FOUND_AFTER_TARGETED_SEARCH	FINAL_MAPPED	Manual mapping; no live configuration, secret, API or runtime operation was accessed.
CONFIRMED_ROOT_HTTP_SEMANTICS_DEFECT_MATERNITY_GET_PROFILE_HIDDEN_CURRENT_WEEK_PERSISTENCE_WRITE	F-424	R-07C	src/modules/maternity/maternity.service.ts:46–50	Maternity profile GET performs a hidden current-week persistence write, violating side-effect-free read semantics.	Sensitive health tracking is a purpose-scoped clinical read model: write commands have stable event IDs, idempotency/CAS and audit provenance; reads are side-effect free and return a minimum-necessary versioned projection with explicit self-reported/estimate provenance. It is not diagnostic, medical-advice or reproductive-care authority.	Clinical Data Platform + Privacy	NONE_FOUND_AFTER_TARGETED_SEARCH	FINAL_MAPPED	Manual mapping from frozen backend archive. F-427 is the explicit derived duplicate for the event replay boundary. Product-decision items F-425/F-426/F-428 remain separate; no patient profile or runtime operation was accessed.
CONFIRMED_ROOT_I18N_CONTRACT_DEFECT_MISSING_KEY_RAW_LEAK_AND_SINGLE_OCCURRENCE_INTERPOLATION_NO_CANONICAL_SAFE_FALLBACK	F-413	R-25B	src/modules/i18n/i18n.service.ts:728–733	I18n lookup returns an unknown raw key and performs a single unescaped replacement per parameter, with no validated locale/key/parameter schema, safe fallback or repeated-placeholder handling.	Localized messages use a canonical typed key/locale/parameter contract with safe interpolation and approved fallback behavior. Missing keys and invalid parameters are observable controlled errors; translated copy never supplies clinical, legal, payment or state truth by itself.	API Platform + Localization + Security	NONE_FOUND_AFTER_TARGETED_SEARCH	FINAL_MAPPED	Manual mapping from frozen baseline source and the targeted derived graph. Each row was assigned to a narrow aggregate/subroot; no product source was changed. No production/user/clinical/financial data, endpoint, integration, Sentry, PSP, Redis, database or runtime service was accessed.
CONFIRMED_ROOT_IDEMPOTENCY_DEFECT_CUSTOM_SERVICES_CREATE_NO_UNIQUE_PATIENT_INTENT_REPLAY_PROTECTION	F-602	R-16C	src/modules/custom-services/custom-services.service.ts:15–34	Custom-service create accepts a raw request and persists a new active patient intent each time without unique/replay/idempotency protection or canonical intent correlation.	Custom-service requests are typed patient-owned intent aggregates with server-generated idempotency/unique active-intent protection, approved safe assets and canonical assignment. Status changes use a valid state graph, assigned facility/provider capability and purpose, version/CAS/idempotency, immutable actor/reason audit and durable outbox/reconciliation; controller response never proves service fulfillment or notification delivery.	Workflow Platform + Custom Services Operations	NONE_FOUND_AFTER_TARGETED_SEARCH	FINAL_MAPPED	Manual mapping from frozen backend archive. Existing route/provider RBAC F-599/F-600 and safe PHI asset lifecycle F-601 remain unchanged. No patient request, attachment, assignment, status, event or runtime operation was accessed.
CONFIRMED_ROOT_IDENTITY_DEFECT_PHONE_OTP_SUCCESS_WITHOUT_VERIFIED_USABLE_DELIVERY_CHANNEL	F-456	R-01A	src/modules/sms/sms.service.ts:6–16,34–42,57–60	OTP identity success is not bound to a verified usable delivery channel and canonical one-time challenge lifecycle.	An identity assertion may succeed only after server-verified challenge issuance, normalized destination, usable delivery/correlation, one-time verification, expiry, rate/lockout and audit.	Identity/Auth + SMS/Mail	F-455,F-1119,F-1125,F-2524,F-2525	FINAL_MAPPED	Manual mapping; delivery cannot be inferred from enqueue/success.
CONFIRMED_ROOT_INFORMATION_DISCLOSURE_DEFECT_ADMIN_LEGACY_API_INTERNAL_SOURCE_PATH_MODULE_MAP	F-930	R-21M	src/modules/legacy/legacy.module.ts:52–79	Legacy governance assumes static fixed collection/module maps, exposes global cardinality/topology/internal paths and permits unbounded database-wide enumeration without runtime evidence/drift detection.	Legacy compatibility inventory is declared/versioned/allowlisted with bounded target-scoped diagnostics, no internal topology/path disclosure, runtime evidence/drift classification and minimum authorized aggregated reports; no broad collection enumeration is exposed.	Platform Governance + Security/Privacy	NONE_FOUND_AFTER_TARGETED_SEARCH	FINAL_MAPPED	Manual legacy governance root; no database enumeration, topology, path map or runtime data was accessed.
CONFIRMED_ROOT_INFORMATION_DISCLOSURE_DEFECT_ADMIN_LEGACY_GLOBAL_COLLECTION_CARDINALITY_TOPOLOGY_REPORT	F-925	R-21M	src/modules/legacy/legacy.module.ts:27–49,83–90	Legacy governance assumes static fixed collection/module maps, exposes global cardinality/topology/internal paths and permits unbounded database-wide enumeration without runtime evidence/drift detection.	Legacy compatibility inventory is declared/versioned/allowlisted with bounded target-scoped diagnostics, no internal topology/path disclosure, runtime evidence/drift classification and minimum authorized aggregated reports; no broad collection enumeration is exposed.	Platform Governance + Security/Privacy	NONE_FOUND_AFTER_TARGETED_SEARCH	FINAL_MAPPED	Manual legacy governance root; no database enumeration, topology, path map or runtime data was accessed.
CONFIRMED_ROOT_INFORMATION_DISCLOSURE_DEFECT_PUBLIC_HEALTH_FIXED_APP_VERSION_FINGERPRINT	F-1318	R-22J	src/health.controller.ts:14–22	The unauthenticated root health response exposes a fixed application product/version fingerprint alongside an unconditional status ok, without a minimal public metadata/release provenance policy.	Public liveness metadata exposes only the minimum safe operational signal and is environment/release-policy controlled. Fixed product/version fingerprints are not health, readiness or deployment evidence and require an explicit disclosure decision.	Platform Security + SRE/API Platform	NONE_FOUND_AFTER_TARGETED_SEARCH	FINAL_MAPPED	Manual mapping from frozen baseline source and the targeted derived graph. Each row was assigned to a narrow aggregate/subroot; no product source was changed. No production/user/clinical/financial data, endpoint, integration, Sentry, PSP, Redis, database or runtime service was accessed.
CONFIRMED_ROOT_INFORMATION_DISCLOSURE_DEFECT_PUBLIC_READINESS_DEPENDENCY_TOPOLOGY_STATUS	F-1322	R-15A	src/health.controller.ts:31–56	Health/readiness surfaces conflate liveness and readiness, report static/fake Redis success or lack dependency deadlines, degraded truth and redacted failure evidence.	Readiness is a measured dependency-aware contract separate from liveness, with explicit criticality, deadline/budget, safe degraded state, redacted evidence and no fake fallback PONG/always-OK result.	Platform Operations/SRE	F-165,F-530,F-1325	FINAL_MAPPED	Manual mapping; actual dependency availability remains a controlled runtime verification gate.
CONFIRMED_ROOT_INPUT_CONFIG_TRUTH_DEFECT_PUSH_RAW_TOKEN_WEB_SUBSCRIPTION_DTO_VAPID_OK_WITH_NULL_KEY_ACTIVE_SELF_TEST_SURFACE	F-169	R-22A	src/modules/push/push.module.ts:697–743	User/device authentication and push-device binding lack verified token/credential ownership, challenge nonce/counter lifecycle, platform/attestation allowlist, expiry/revocation/transfer audit and fail-closed sensitive endpoint enforcement.	Device and social/passkey trust use verified issuer/audience/nonce/counter and owner binding, platform attestation allowlists, short-lived revocable credentials, transfer/rotation audit and fail-closed enforcement on sensitive endpoints; no client-supplied device identity becomes trust.	Identity Security + Device Trust	F-3749,F-3757	FINAL_MAPPED	Manual mapping; Redis outage behavior remains R-16A runtime-gated dependency and push delivery belongs to R-09B.
CONFIRMED_ROOT_INPUT_CONTRACT_DEFECT_TIMELINE_RAW_LIMIT_INVALID_DATE_NO_POSITIVE_MAX_ISO_ORDER_WINDOW_VALIDATION	F-246	R-21R	src/modules/timeline/timeline.controller.ts:17–31	Timeline controller parses kinds, limit and ISO dates directly with no allowlist, positive maximum, valid date/range or stable ordering/window validation before building the cross-domain feed.	A patient timeline uses one owner-scoped, typed aggregate projection with registered schemas/repositories and finite validated filter/date/pagination/order inputs. Invalid or conflicting values fail explicitly; unknown source rows, identity/PHI authorization, freshness and partial-source errors are represented truthfully. Feed construction cannot be inferred from parsed query strings or a generic repository wrapper.	Timeline/Clinical Data + API Platform + Privacy/Security	NONE_FOUND_AFTER_TARGETED_SEARCH	FINAL_MAPPED	New narrow timeline-feed subroot. Derived F-073 was reviewed as a clinical-document/PHI owner/audit label and deliberately retained outside this repository/input-contract aggregate. Frozen baseline source only; no timeline, medical document, patient data or runtime request was accessed.
CONFIRMED_ROOT_INSURANCE_ADMIN_FINANCIAL_AGGREGATE_REPRODUCIBILITY_TENANT_TIME_CURRENCY_SCOPE_DEFECT	F-645	R-05D	src/modules/insurance-engine/insurance-engine.module.ts:342–356,160–167	Insurance admin financial aggregate cannot reproduce settlement scope by tenant/time/currency and risks noncanonical commercial reporting.	Financial aggregate/report derives only from canonical scoped settlement ledger with tenant, period, currency, refund/reversal and reconciliation provenance.	Insurance + Finance/Reporting	F-649	FINAL_MAPPED	Manual reassignment from insurance decision root to financial reporting root.
CONFIRMED_ROOT_INSURANCE_CANONICAL_PROJECTION_MIGRATION_PRECEDENCE_DEFECT_THREE_INCOMPATIBLE_SHAPES	F-174	R-04A1	src/modules/users/users.insurance.controller.ts:34–80 ; src/modules/users/user.insurance.controller.ts:13–46	Insurance policy, coverage verification and provider decision evidence have incompatible/non-persisted shapes or trust client/flag/snapshot state rather than a canonical versioned claim decision.	Insurance request is owner/policy/service scoped; provider records a verifiable full/partial/reject decision with evidence/version/expiry/currency/co-pay. Only after that decision may co-pay payment and booking confirmation occur; rejection offers cash/cancel, never auto-cash.	Insurance + Care/Booking + Provider Operations	F-078,F-1280	FINAL_MAPPED	Manual mapping; R-05A1 settlement dependency follows an authoritative decision.
CONFIRMED_ROOT_INSURANCE_DECISION_EVIDENCE_DEFECT_CARE_ENCOUNTER_SNAPSHOT_NO_CANONICAL_PROVIDER_CLAIM_VERSION_NUMERIC_CURRENCY_BOUNDARY	F-565	R-04A1	src/modules/care/schemas/encounter-record.schema.ts:30–40	Insurance policy, coverage verification and provider decision evidence have incompatible/non-persisted shapes or trust client/flag/snapshot state rather than a canonical versioned claim decision.	Insurance request is owner/policy/service scoped; provider records a verifiable full/partial/reject decision with evidence/version/expiry/currency/co-pay. Only after that decision may co-pay payment and booking confirmation occur; rejection offers cash/cancel, never auto-cash.	Insurance + Care/Booking + Provider Operations	F-078,F-1280	FINAL_MAPPED	Manual mapping; R-05A1 settlement dependency follows an authoritative decision.
CONFIRMED_ROOT_INVOICE_AUTHORIZATION_DEFECT_PROVIDER_OPS_NO_EXPLICIT_PROVIDER_FACILITY_TENANCY_VISIBILITY_ACCESS_POLICY	F-886	R-02A	src/modules/provider-ops/provider-ops.module.ts:330–334,559–565	Privileged provider/admin commands and reads rely on JWT or broad role context without a consistently verified role, organization/facility assignment, resource relationship, purpose, state and actor/reason audit boundary.	Every privileged provider/admin read or mutation is deny-by-default and verifies active role, organization/facility assignment, resource relationship, purpose and command state; sensitive actions carry immutable actor/reason audit and bounded projections.	Identity/Authorization + Provider Operations + Admin Governance	F-606,F-679,F-681,F-683,F-875,F-878,F-880,F-883,F-887	FINAL_MAPPED	Manual mapping; finance/legal/facility/clinical/realtime/release authorization labels remain intentionally owned by their specialized roots with R-02A dependency where applicable.
CONFIRMED_ROOT_INVOICE_INTEGRITY_PRIVACY_DEFECT_PROVIDER_OPS_RAW_ORDER_TOTAL_COMMISSION_VAT_NOT_CANONICAL_ISSUED_INVOICE_AND_PATIENT_ID_EXPOSURE	F-885	R-05D	src/modules/provider-ops/provider-ops.module.ts:329–347	Provider invoice PDF derives total/commission/VAT from raw order fields and includes patient identity rather than using an issued canonical settlement invoice with purpose-safe projection.	Invoices derive solely from canonical immutable settlement/ledger entries with versioned tax/currency/commission/refund provenance; access is tenant/purpose-authorized and documents contain only minimum lawful recipient data.	Finance/Reporting + Privacy	NONE_FOUND_AFTER_TARGETED_SEARCH	FINAL_MAPPED	Manual mapping from frozen backend archive. F-876 stays in canonical lab settlement/event saga; F-886/F-891 and their derived provider-operation labels remain authorization/state roots. No provider, clinical template, order, invoice, ledger or runtime operation was accessed.
CONFIRMED_ROOT_LEADERBOARD_IDENTITY_PROJECTION_DEFECT_LOYALTY_GLOBAL_RAW_USER_IDS_EXPOSED_JWT_GUEST_FALLBACK_NOT_SOURCE_PROVEN_REACHABLE	F-269	R-05F	src/modules/loyalty/loyalty.controller.ts:21–67	Loyalty controller serves a global leaderboard without requester identity scope or bounded validated limit, while other loyalty paths fall back to guest; the source does not establish an anonymous/minimum leaderboard projection or that raw user identifiers cannot escape downstream.	Loyalty leaderboards use a server-authoritative eligibility period, finite limit and minimum pseudonymous/public projection. Authentication or a global rank endpoint alone does not authorize raw user identity, financial balance, challenge state or referral attribution exposure.	Loyalty/Finance + Privacy/Security + API Platform	NONE_FOUND_AFTER_TARGETED_SEARCH	FINAL_MAPPED	Manual mapping from frozen baseline source and the targeted derived graph. Each row was assigned to a narrow aggregate/subroot; no product source was changed. No production/user/clinical/financial data, endpoint, integration, Sentry, PSP, Redis, database or runtime service was accessed.
CONFIRMED_ROOT_LIFECYCLE_DEFECT_TOUR_DIRECT_USER_PROGRESS_NO_VERSION_RESET_MIGRATION_UPGRADE_CONTRACT	F-574	R-21Q	src/modules/tour/tour.module.ts:7–14 ; src/modules/tour/tour.service.ts:11–20	Tour module persists raw step IDs directly on User with no versioned tour definition, valid-step constraint, reset, migration, upgrade or retirement lifecycle.	Product-tour progress is a server-authoritative, versioned onboarding state. The service accepts only catalogued step identifiers for the active tour version, reports the actual owner-scoped write outcome, and supports explicit reset/migration/expiry semantics on version change. Client or caller-provided step values and an unconditional success response cannot establish completed onboarding or feature entitlement.	Product Onboarding + User Domain + Patient Mobile/Web	NONE_FOUND_AFTER_TARGETED_SEARCH	FINAL_MAPPED	New narrow tour-progress state subroot from frozen backend module/service/controller review. Targeted derived search found no matching derived candidates. No user record, tour progress, migration, endpoint or runtime operation was accessed.
CONFIRMED_ROOT_LIVE_LOCATION_AUTHORIZATION_DEFECT_DRIVERS_AUTHENTICATED_ANY_CALLER_EXACT_DRIVER_COORDINATES_NO_ORDER_PARTICIPANT_ADMIN_RELATIONSHIP	F-533	R-11A	src/modules/drivers/drivers.controller.ts:35–38	Driver location, shift, delivery assignment/reassignment and delivery quote policies lack verified relationship/eligibility, atomic claim, telemetry validation and versioned durable fulfillment truth.	Driver/delivery operations require active authorized shift and order relationship, validated fresh/consented telemetry, atomic assignment/reassignment with capacity/geography checks, versioned quote policy and durable pickup/delivery transitions with audit.	Driver/Delivery Operations + Privacy	F-535,F-540	FINAL_MAPPED	Manual mapping; media proof is R-07B/R-11B, finance earnings is R-05, and realtime/event transport is separate.
CONFIRMED_ROOT_MEDIA_DATA_INTEGRITY_DEFECT_ADMIN_RAW_STORAGE_KEY_DELETE_NO_ASSET_LINKAGE_DB_RECONCILIATION	F-214	R-22C	src/modules/media/media.controller.ts:158–173 ; src/modules/media/media.service.ts:84–97	Storage and administrative deletion trust raw keys/content without a safe asset linkage, content magic/decoded-size/scan/quarantine, owner-scoped cloud key or durable tombstone/upload lifecycle.	Storage operations reference authorized typed asset records, validate magic and decoded size, scan/quarantine before use, use owner-scoped private object keys, and retain durable upload/delete tombstone/quota/audit/reconciliation lifecycle.	Storage/Media Security + Privacy	NONE_FOUND_AFTER_TARGETED_SEARCH	FINAL_MAPPED	Manual mapping; domain media-purpose/retention and attachment lifecycle are R-07B dependencies.
CONFIRMED_ROOT_MEDIA_LIFECYCLE_DEFECT_PRESIGNED_ASSET_RECORD_BEFORE_UPLOAD_COMPLETION_HASH_SCAN_RECONCILIATION	F-212	R-07B1	src/modules/media/media.controller.ts:53–71 ; src/modules/media/media.schema.ts:8–18	Media upload creates/trusts an asset before content validation, completion, scan, hash, idempotency and durable cleanup/reconciliation are established.	Every asset has a server-issued scoped intent; upload completes only after size/type/magic/scan/hash validation, then a durable asset record/outbox; failed/replayed uploads are reconciled and retained/deleted by policy.	Media Platform + Security/Privacy	F-084,F-968,F-970	FINAL_MAPPED	Manual mapping; external storage/runtime scan remains a release verification gate.
CONFIRMED_ROOT_MEDIA_RELIABILITY_DEFECT_NO_IDEMPOTENCY_REPLAY_DURABLE_CLEANUP_OUTBOX_COMPENSATION	F-215	R-07B1	src/modules/media/media.controller.ts:39–50,65–70,163–171	Media upload creates/trusts an asset before content validation, completion, scan, hash, idempotency and durable cleanup/reconciliation are established.	Every asset has a server-issued scoped intent; upload completes only after size/type/magic/scan/hash validation, then a durable asset record/outbox; failed/replayed uploads are reconciled and retained/deleted by policy.	Media Platform + Security/Privacy	F-084,F-968,F-970	FINAL_MAPPED	Manual mapping; external storage/runtime scan remains a release verification gate.
CONFIRMED_ROOT_MEDIA_SAFETY_DEFECT_CLIENT_FILENAME_MIME_TRUST_NO_MAGIC_BYTE_SCAN_QUARANTINE_PURPOSE_POLICY	F-211	R-07B1	src/modules/media/media.controller.ts:19–40,53–65 ; src/modules/media/media.service.ts:39–51	Media upload creates/trusts an asset before content validation, completion, scan, hash, idempotency and durable cleanup/reconciliation are established.	Every asset has a server-issued scoped intent; upload completes only after size/type/magic/scan/hash validation, then a durable asset record/outbox; failed/replayed uploads are reconciled and retained/deleted by policy.	Media Platform + Security/Privacy	F-084,F-968,F-970	FINAL_MAPPED	Manual mapping; external storage/runtime scan remains a release verification gate.
CONFIRMED_ROOT_MIGRATION_ATOMICITY_RECOVERY_AUDIT_DEFECT	F-1854	R-15C	scripts/backfill-catalog-governance.ts:73–101	Catalog migration tooling lacks approved target/operator binding, explicit state predicates, dry-run/reconciliation and atomic recovery/audit lifecycle.	Migrations are approved target-bound versioned operations with explicit predicates, dry-run and reconciliation artifacts, atomic/batched recovery plan, idempotency and immutable operator audit.	Release Engineering + Data Governance	F-1855,F-1856,F-1859,F-1860,F-1861,F-1862,F-1863	FINAL_MAPPED	Manual mapping; migration execution remains prohibited and separately verifiable.
CONFIRMED_ROOT_MIGRATION_DRY_RUN_RECONCILIATION_DEFECT	F-1853	R-15C	scripts/backfill-catalog-governance.ts:58–70	Catalog migration tooling lacks approved target/operator binding, explicit state predicates, dry-run/reconciliation and atomic recovery/audit lifecycle.	Migrations are approved target-bound versioned operations with explicit predicates, dry-run and reconciliation artifacts, atomic/batched recovery plan, idempotency and immutable operator audit.	Release Engineering + Data Governance	F-1855,F-1856,F-1859,F-1860,F-1861,F-1862,F-1863	FINAL_MAPPED	Manual mapping; migration execution remains prohibited and separately verifiable.
CONFIRMED_ROOT_MIGRATION_STATE_PREDICATE_DEFECT	F-1852	R-15C	scripts/backfill-catalog-governance.ts:48–56	Catalog migration tooling lacks approved target/operator binding, explicit state predicates, dry-run/reconciliation and atomic recovery/audit lifecycle.	Migrations are approved target-bound versioned operations with explicit predicates, dry-run and reconciliation artifacts, atomic/batched recovery plan, idempotency and immutable operator audit.	Release Engineering + Data Governance	F-1855,F-1856,F-1859,F-1860,F-1861,F-1862,F-1863	FINAL_MAPPED	Manual mapping; migration execution remains prohibited and separately verifiable.
CONFIRMED_ROOT_MIGRATION_TARGET_OPERATOR_AUTHORIZATION_DEFECT	F-1849	R-15C	scripts/backfill-catalog-governance.ts:119–143	Catalog migration tooling lacks approved target/operator binding, explicit state predicates, dry-run/reconciliation and atomic recovery/audit lifecycle.	Migrations are approved target-bound versioned operations with explicit predicates, dry-run and reconciliation artifacts, atomic/batched recovery plan, idempotency and immutable operator audit.	Release Engineering + Data Governance	F-1855,F-1856,F-1859,F-1860,F-1861,F-1862,F-1863	FINAL_MAPPED	Manual mapping; migration execution remains prohibited and separately verifiable.
CONFIRMED_ROOT_MOBILE_ACTIVE_PROGRAM_TRUTH_DEFECT_FABRICATED_DIABETES_PROGRAM_LOCAL_ATTENDANCE_COMPLETION	F-065	R-21P	nabd_plus_patient_app/app/programs/active.tsx:13–27,37–60,62–90,146–161	Patient Mobile active-program screen falls back to a fabricated diabetes program and locally reports attendance/reschedule success; its completion action sends raw program/session identifiers to the permissive program endpoint with no visible provider/clinical outcome or authoritative status contract.	Treatment programs, sessions, eligibility, rewards and completion are server-authoritative clinical-product records. A patient cannot create enrollment or mark attendance/completion merely by UI action: the command must bind an eligible program/catalog version, patient/provider/encounter and permitted session, require the applicable clinician/provider evidence and state transition, and emit idempotent auditable outcome. UI fallback, alert or local progress never establishes clinical completion, reward entitlement or a scheduled visit.	Clinical Programs/Product + Care Providers + Patient Mobile + Loyalty/Finance dependency	NONE_FOUND_AFTER_TARGETED_SEARCH	FINAL_MAPPED	New narrow subroot created after direct aggregate review of frozen patient-mobile and backend baseline sources. Related F-143/F-144 are a separate wallet/referral financial root and F-145 is a separate passport/PHI projection root; neither was merged. No patient program, enrollment, clinical record, reward, provider action or runtime operation was accessed.
CONFIRMED_ROOT_MOBILE_ADDRESS_LIFECYCLE_TRUTH_DEFECT_FAILURE_AS_EMPTY_UNHANDLED_ADD_ADDRESS_BOOKING_CART_SELECTION_BLOCKED	F-036	R-13A	nabd_plus_patient_app/app/profile/addresses.tsx:19–54,90–157	Patient privacy/security settings, addresses, deletion and export flows lack a unified typed, versioned, idempotent lifecycle with default invariants, associated-data retention/hold, purpose scope and auditable delivery.	Patient data commands use validated field-level typed changes, reauthentication/version/idempotency as needed, authoritative address/default invariants, full associated-data retention/deletion/legal-hold manifests and scoped cancellable audited exports.	Patient Data Rights + Identity/Privacy	F-030,F-276	FINAL_MAPPED	Manual mapping; payment instrument, family consent, clinical records and release backups remain separate roots.
CONFIRMED_ROOT_MOBILE_DATA_MANAGEMENT_TRUTH_DEFECT_EMPTY_EXPORT_PORTABILITY_DELETION_CALLBACKS_LEGAL_COMPATIBILITY_CLAIMS	F-033	R-13A	nabd_plus_patient_app/app/settings/data.tsx:18–63,84–150	Patient Mobile data-management screen displays export/portability/deletion and data-protection claims but uses no-op callbacks for the actions, hardcodes FHIR/HL7 and 24-hour delivery claims, and lacks a backend request/status/confirmation/error/hold lifecycle.	Patient mobile data-rights surfaces invoke only a backend-authoritative, authenticated and purpose-scoped request lifecycle: export/portability and deletion actions require reauthentication where applicable, explicit informed confirmation, versioned request status, legal-hold/retention manifest, cancellation/partial/unavailable outcomes and auditable secure delivery. UI text, local callback, storage display or compliance claim never proves export, portability, deletion, regulatory compatibility or delivery.	Patient Mobile + Patient Data Rights + Identity/Privacy	NONE_FOUND_AFTER_TARGETED_SEARCH	FINAL_MAPPED	Manual mapping from frozen patient-mobile archive. Existing backend data-rights mappings remain unchanged. Legal/regulatory compatibility, export generation, deletion execution and delivery remain unverified; no patient data, export, deletion, external recipient or runtime operation was accessed.
CONFIRMED_ROOT_MOBILE_FAMILY_CHAT_TRUTH_PARTICIPANT_DEFECT_FABRICATED_MESSAGE_IDS_SWALLOWED_MEMBER_FAILURES	F-052	R-18B	nabd_plus_patient_app/app/family/chat.tsx:34–103,138–175	Chat/family/appointment communication trusts client participant/sender state, permits arbitrary membership, lacks relationship/booking fail-closed checks, durable message/unread/replay lifecycle and bounded safe content/media policy.	Chat members are server-verified against active family/booking/appointment relationships and invitation/owner policy; commands are typed, idempotent and durable with participant/state audit, minimum PHI projection/retention, bounded media/content controls and authoritative closure/read lifecycle.	Chat/Communication + Clinical Privacy	F-070,F-312,F-729,F-1493	FINAL_MAPPED	Manual mapping; notification templates/delivery and safe media storage are shared dependencies, not merged causes.
CONFIRMED_ROOT_MOBILE_FAMILY_JOIN_CONSENT_TRANSITION_DEFECT_LOOKUP_MUTATES_MEMBERSHIP_FABRICATED_UI_NONOPERATIVE_ACCEPT_REJECT	F-050	R-08A	nabd_plus_patient_app/app/family/join.tsx:29–70,175–225	Family invite/join membership lifecycle permits fabricated or non-atomic consent transitions and lacks cryptographic single-use redemption/replay-safe membership truth.	Family invitations are server-issued, recipient-bound, expiring and single-use; join/accept/reject is an atomic idempotent membership transition with audit and no fabricated client success.	Family Platform + Identity/Privacy	F-046,F-051	FINAL_MAPPED	Manual mapping; delegated health permissions belong to R-08B.
CONFIRMED_ROOT_MOBILE_FAMILY_PERMISSION_MUTATION_TRUTH_DEFECT_PATCH_TO_APPROVAL_FALLBACK_FAILURE_NAVIGATION	F-044	R-08B	nabd_plus_patient_app/app/family/permissions.tsx:101–199,260–370	Family delegated-health actions lack a single authoritative capability/consent contract for target membership, scope, expiry/revocation, audit, state/idempotency and bounded emergency/calendar/booking delegation.	Every delegated family action verifies an active recipient/target capability with explicit scope, purpose, expiry/revocation and audit; consent/membership state transitions are idempotent, and health, calendar, emergency-contact and booking references are minimized and server-authoritative.	Family Platform + Care + Clinical Privacy	F-012,F-043,F-045,F-508,F-511	FINAL_MAPPED	Manual mapping; family chat F-052/F-308/F-313/F-934 and home search F-252 are intentionally excluded for their own roots.
CONFIRMED_ROOT_MOBILE_FAMILY_PERMISSION_REQUEST_CONSENT_CONTRACT_DEFECT_TS_NOCHECK_MISSING_API_FALLBACK_DEFAULT_GRANT	F-047	R-08B	nabd_plus_patient_app/app/family/permission-request.tsx:1–10,16–64	Family delegated-health actions lack a single authoritative capability/consent contract for target membership, scope, expiry/revocation, audit, state/idempotency and bounded emergency/calendar/booking delegation.	Every delegated family action verifies an active recipient/target capability with explicit scope, purpose, expiry/revocation and audit; consent/membership state transitions are idempotent, and health, calendar, emergency-contact and booking references are minimized and server-authoritative.	Family Platform + Care + Clinical Privacy	F-012,F-043,F-045,F-508,F-511	FINAL_MAPPED	Manual mapping; family chat F-052/F-308/F-313/F-934 and home search F-252 are intentionally excluded for their own roots.
CONFIRMED_ROOT_MOBILE_GUEST_AUTH_CTA_CONTRACT_DEFECT_SIGNIN_CREATE_HANDLER_LOGOUT_WELCOME	F-035	R-14A	nabd_plus_patient_app/app/profile/index.tsx:30–35,39–47,61–97,115	Mobile guest profile CTA routes sign-in/create actions through logout/welcome behavior instead of an authenticated entry contract.	A blocked/guest capability must route to the correct auth entry and preserve intended context; logout is available only for an authenticated session.	Patient Mobile + Identity/Auth	NONE_FOUND_AFTER_TARGETED_SEARCH	FINAL_MAPPED	Manual reassignment from identity suggestion to mobile capability root. Independent Phase-4 reconciliation performed a source-exact search of DERIVED_DUPLICATE ledger evidence; no direct match was found. Historical sentinel/cross-candidate derived claim was replaced without changing raw IDs, root, exact evidence, cause, rule or owner.
CONFIRMED_ROOT_MOBILE_HEALTH_HOME_CLINICAL_SCHEDULING_TRUTH_DEFECT_FAILURE_AS_EMPTY_FABRICATED_APPOINTMENT_ID_MODALITY	F-038	R-14A	nabd_plus_patient_app/app/(tabs)/health.tsx:99–127,206–250,338–373	Mobile health screen fabricates appointment ID/modality or hides scheduling failure as empty state.	Mobile must render the authoritative booking result or explicit unavailable/error state; it never invents appointment identity, modality or completion.	Patient Mobile + Booking Platform	NONE_FOUND_AFTER_TARGETED_SEARCH	FINAL_MAPPED	Manual reassignment from appointment state to UI capability/truth root. Independent Phase-4 reconciliation performed a source-exact search of DERIVED_DUPLICATE ledger evidence; no direct match was found. Historical sentinel/cross-candidate derived claim was replaced without changing raw IDs, root, exact evidence, cause, rule or owner.
CONFIRMED_ROOT_MOBILE_HEALTH_PASSPORT_PHI_QR_TRUTH_DEFECT_NO_CONSENT_AUDIENCE_TTL_REVOCATION_AUDIT	F-072	R-07A2	nabd_plus_patient_app/app/reports/passport.tsx:37–54,72–123,126–273	Health passport/QR credential lacks recipient audience, one-time/TTL/revocation/use audit and client consent truth.	A health passport is a consented, recipient-scoped, short-lived/revocable artifact with verified issuance/use audit; QR does not disclose PHI by bearer JWT alone.	Clinical Platform + Identity/Privacy + Patient Mobile	F-145	FINAL_MAPPED	Manual mapping; cryptographic key rotation is a separate runtime/identity dependency.
CONFIRMED_ROOT_MOBILE_INSURANCE_BENEFITS_TRUTH_DEFECT_HARDCODED_MONETARY_LIMIT_STALE_RENEWAL_EMPTY_ON_FAILURE	F-080	R-04A2	nabd_plus_patient_app/app/insurance/benefits-summary.tsx:19–29,56–65,61–121	Mobile insurance screens fabricate claim/benefit/coverage success, monetary limits or renewal state instead of rendering canonical policy/claim decision data.	Client displays the server policy/claim/decision state and explicit unavailable/pending/rejected/partial paths; no local success, benefit amount or confirmation.	Patient Mobile + Insurance	F-078	FINAL_MAPPED	Manual mapping; UI contract depends on R-04A1.
CONFIRMED_ROOT_MOBILE_INSURANCE_CLAIM_TRUTH_DEFECT_LOCAL_SUCCESS_NO_SERVER_CLAIM_ID_OWNER_POLICY_SERVICE_EVIDENCE_IDEMPOTENCY_LIFECYCLE	F-077	R-04A2	nabd_plus_patient_app/app/insurance/submit-claim.tsx:24–41,76–152	Mobile insurance screens fabricate claim/benefit/coverage success, monetary limits or renewal state instead of rendering canonical policy/claim decision data.	Client displays the server policy/claim/decision state and explicit unavailable/pending/rejected/partial paths; no local success, benefit amount or confirmation.	Patient Mobile + Insurance	F-078	FINAL_MAPPED	Manual mapping; UI contract depends on R-04A1.
CONFIRMED_ROOT_MOBILE_INSURANCE_HUB_TRUTH_DEFECT_FABRICATED_COVERAGE_LIMITS_DEDUCTIBLE_VERIFICATION_IGNORED_PERSISTENCE_FAILURE	F-079	R-04A2	nabd_plus_patient_app/app/insurance/hub.tsx:21–70,92–130,158–188,294–415,419–469	Mobile insurance screens fabricate claim/benefit/coverage success, monetary limits or renewal state instead of rendering canonical policy/claim decision data.	Client displays the server policy/claim/decision state and explicit unavailable/pending/rejected/partial paths; no local success, benefit amount or confirmation.	Patient Mobile + Insurance	F-078	FINAL_MAPPED	Manual mapping; UI contract depends on R-04A1.
CONFIRMED_ROOT_MOBILE_NOTIFICATION_TRUTH_DEFECT_FLAT_UI_KEYS_DO_NOT_MATCH_BACKEND_NORMALIZED_SETTINGS_OPTIMISTIC_SWALLOWED_FAILURE_CLIENT_ONLY_EMERGENCY_LOCK	F-031	R-09B	nabd_plus_patient_app/app/settings/notifications-settings.tsx:21–32,47–64,98–145,204–278 ; nabdah-backend/src/modules/users/users.controller.ts:50–59	Notification preferences, campaign/reminder commands and delivery/read outcomes lack a unified approved-audience/template/link, atomic claim/idempotency, provider receipt/failure and privacy-safe analytics contract.	Notification commands use consent/preference/suppression-aware authoritative audience snapshots, approved localized templates and scoped links; campaigns/reminders are idempotent leased jobs with durable attempts/receipts/read outcomes, bounded analytics and actor/reason audit.	Notifications + Admin Operations + Patient Mobile	F-032,F-154,F-167,F-871,F-906,F-1496,F-1497,F-1498	FINAL_MAPPED	Manual mapping; OTP/mail/SMS transport, chat/realtime and domain event production are deliberately excluded for separate roots.
CONFIRMED_ROOT_MOBILE_PHARMACY_DRUG_NOT_FOUND_REQUEST_TRUTH_DEFECT_FABRICATED_UPLOAD_SUCCESS_NO_OWNER_SCOPED_REQUEST_ID_LIFECYCLE	F-086	R-06C1	nabd_plus_patient_app/app/pharmacy/drug-not-found.tsx:15–50,52–64,88–120,122–143	Patient Mobile drug-not-found treats a shortage lookup as an actual pharmacy request: it sends generic_name to a lookup endpoint that reads drugName and returns flags, sets success even on an error, renders only a local image flag, and never creates an owner-scoped request, asset or status lifecycle.	A manual pharmacy need is a server-authoritative patient request with validated medicine/Rx context, quantity, safe-asset provenance where applicable, owner-scoped request ID and explicit pending/offer/decline/timeout outcome. It must enter the same eligible-pharmacy broadcast → offer → patient selection → authoritative quote/payment or insurance-decision/co-pay pathway; a lookup, alert or local success state is not submission.	Pharmacy Workflow + Patient Mobile + Clinical/Media Safety	NONE_FOUND_AFTER_TARGETED_SEARCH	FINAL_MAPPED	Manual mapping from frozen baseline source and directly related frozen backend contracts where stated. Targeted derived search recorded no linked DERIVED_DUPLICATE IDs. No product source was modified and no patient data, payment instrument, pharmacy request, search query, media, PSP or runtime service was accessed.
CONFIRMED_ROOT_MOBILE_PRESCRIPTION_PHI_ERROR_ORDER_BINDING_OCR_PROVENANCE_DEFECT	F-041	R-06E	nabd_plus_patient_app/app/health/prescriptions.tsx:16–35,47–97	Patient Mobile prescription screen renders local prescription/OCR/purchased fields, routes “order” only to pharmacy without prescription/order binding, and uses unrestricted device share of prescription details; it has no backend error/status/provenance/consent lifecycle.	Patient mobile prescription views use a verified server-authoritative prescription DTO with clinician/encounter/source/provenance, scan/OCR confidence and review status, expiry and patient scope. Pharmacy ordering invokes a typed canonical order command bound to an eligible active prescription and follows the pharmacy broadcast→offer→selection/payment or insurance-decision flow. PHI sharing is a separate explicit consented, minimum-data, auditable capability; display badge, local share sheet, route navigation or OCR accuracy text never proves prescription, order, purchase or clinical truth.	Patient Mobile + Prescription/Clinical Safety + Pharmacy Workflow	NONE_FOUND_AFTER_TARGETED_SEARCH	FINAL_MAPPED	Manual mapping from frozen patient-mobile archive. Existing prescription intake/assignment/transition root remains unchanged. No prescription, OCR, PHI, patient, pharmacy order, share recipient or runtime operation was accessed.
CONFIRMED_ROOT_MOBILE_RETURN_DETAIL_TRUTH_DEFECT_FABRICATED_REFUND_RECORD_ON_ANY_FAILURE	F-063	R-05B1	nabd_plus_patient_app/app/returns/detail.tsx:53–74,93–112,152–164	Refund/return commands and UI state lack one server-authoritative, idempotent settlement lifecycle; amount/eligibility/request ID/attachment/output can be client-derived or fabricated.	Refund/return is only created and settled from an eligible server-owned order/booking/payment state; amount/currency/policy and reversal are authoritative and auditable.	Payments/Finance + Returns + Patient Mobile	F-076,F-485,F-544,F-548,F-803	FINAL_MAPPED	Manual mapping; F-641 also depends on R-04 insurance decision state.
CONFIRMED_ROOT_MOBILE_RETURN_REQUEST_SERVER_AUTHORITY_DEFECT_LOCAL_REFUND_POLICY_ID_ATTACHMENT_SUCCESS	F-064	R-05B1	nabd_plus_patient_app/app/returns/new-request.tsx:19–48,63–101,172–286	Refund/return commands and UI state lack one server-authoritative, idempotent settlement lifecycle; amount/eligibility/request ID/attachment/output can be client-derived or fabricated.	Refund/return is only created and settled from an eligible server-owned order/booking/payment state; amount/currency/policy and reversal are authoritative and auditable.	Payments/Finance + Returns + Patient Mobile	F-076,F-485,F-544,F-548,F-803	FINAL_MAPPED	Manual mapping; F-641 also depends on R-04 insurance decision state.
CONFIRMED_ROOT_MOBILE_SEARCH_PRIVACY_QUERY_ROUTING_DEFECT_SENSITIVE_RETENTION_NO_ABORT_SCHEMA_CONTEXT_CONTRACT	F-069	R-12E	nabd_plus_patient_app/app/search/index.tsx:12–18,31–63,71–103,160–215	Patient Mobile global search stores recent raw queries in AsyncStorage, sends uncancelled debounced requests to a broad search route, and routes heterogeneous results with unvalidated type/ID/schema context; there is no visible retention, purge, sensitivity classification, response ordering or safe handoff contract.	Search queries and results use a typed, bounded, purpose-scoped server contract with validated result identity/type and authorization-safe projection. Client retention is opt-in and sensitivity-classified with bounded TTL/clear control; stale requests/responses are cancelled or ignored. Search and deep links never expose or retain PHI/family/private catalog context without current authorization.	Search/Catalog + Patient Mobile + Privacy/Security	NONE_FOUND_AFTER_TARGETED_SEARCH	FINAL_MAPPED	Manual mapping from frozen baseline source and directly related frozen backend contracts where stated. Targeted derived search recorded no linked DERIVED_DUPLICATE IDs. No product source was modified and no patient data, payment instrument, pharmacy request, search query, media, PSP or runtime service was accessed.
CONFIRMED_ROOT_MOBILE_SECURITY_TRUTH_DEFECT_OPTIMISTIC_PREFS_SWALLOWED_FAILURE_SESSIONS_ERROR_AS_EMPTY_ID_IS_JTI_CONTRACT_OK	F-029	R-01B	nabd_plus_patient_app/app/settings/security.tsx:39–116 ; nabdah-backend/src/modules/users/users.controller.ts:76–99	Mobile session/security UI converts session errors into empty/optimistic state rather than showing server-authoritative revocation/error status.	Client session settings must reflect verified server session/JTI state and explicit unavailable/retry outcomes; no optimistic erase or swallowed security error.	Identity/Auth + Patient Mobile	F-2410	FINAL_MAPPED	Manual mapping; client contract dependency on R-01B.
CONFIRMED_ROOT_MOBILE_SERVICES_HUB_CAPABILITY_TRUTH_DEFECT_STATIC_UNVERIFIED_DEEPLINKS_NO_AVAILABILITY_CONTEXT_BLOCKED_CONTRACT	F-068	R-14B	nabd_plus_patient_app/app/services/index.tsx:18–67,69–106	Patient Mobile service hub publishes a static catalogue of service descriptions and direct routes without an actor/context-specific availability, eligibility, dependency, blocked-state or route-context contract.	The service hub must consume a server-authoritative capability/discovery projection for the current actor, locale, geography, entitlement, clinical/safety and operational availability. It may navigate only to a compatible route/context and otherwise show an explicit blocked, unavailable or eligibility state. Static routes and marketing descriptions never establish that a service, provider, coverage, quote, emergency response or AI capability is available.	Patient Mobile + Service Discovery/Catalog + Domain owners	NONE_FOUND_AFTER_TARGETED_SEARCH	FINAL_MAPPED	New narrow capability-discovery subroot. Targeted derived candidates F-012 (family consent) and F-679 (admin role policy) were reviewed and excluded because they do not share this mobile service-hub aggregate. Frozen archive only; no route, API, service availability, patient data or runtime service was accessed.
CONFIRMED_ROOT_MOBILE_UNIFIED_ORDERS_ROUTE_ID_ERROR_STATUS_CONTRACT_DEFECT	F-056	R-14C	nabd_plus_patient_app/app/orders/index.tsx:17–32,74–180,221–257	Patient Mobile unified orders joins heterogeneous endpoint responses locally, collapses differing lifecycle statuses into generic buckets and drives disparate detail routes from untyped IDs while swallowing individual source failures into a count; it has no canonical activity projection, item schema, freshness/error or resource-route authorization contract.	A patient activity/order centre is an explicit server-authoritative projection contract. Every item must carry validated resource kind, owner-scoped canonical ID, current state/version, permitted next actions, timestamp/freshness and item-specific deep-link context. Partial-source outage, unknown state, expired/forbidden resource and routing failure are visible states; a client-side status bucket or synthesized route must not claim a booking, pharmacy order, insurance claim, return, home-care visit or emergency outcome.	Patient Mobile + Journey/Read-model Platform + Booking/Pharmacy/Insurance/Diagnostics/Home-care owners	NONE_FOUND_AFTER_TARGETED_SEARCH	FINAL_MAPPED	New narrow patient activity-projection subroot. Targeted derived search found no matching derived graph. Individual domain state-machine roots remain separate dependencies and were not consolidated into this UI/read-model contract. Frozen baseline source and endpoint declarations only; no patient activity, order, booking, claim, return, emergency record or runtime API was accessed.
CONFIRMED_ROOT_MOBILE_VIDEO_ROOM_CALL_LIFECYCLE_DEFECT_INCOMPATIBLE_ROUTE_NO_VERIFIED_TOKEN_END_ATTENDANCE	F-067	R-18C	nabd_plus_patient_app/app/room/[id].tsx:45–75,145–209	Video/call and TURN credentials lack verified call/participant/session binding, signed webhook acceptance, safe credential issuance/rotation, call-state/idempotency and privacy-safe metrics/admin projection lifecycle.	Call access and TURN credentials are issued only for an authorized active participant/session with audience/expiry/one-time/no-store controls; webhook and remote actions are verified/idempotent, state/attendance is authoritative and metrics/admin views are minimized/audited/retained by policy.	Calls/LiveKit/TURN + Security/Privacy	F-353,F-627,F-628,F-629,F-630,F-631	FINAL_MAPPED	Manual mapping; runtime TURN/LiveKit connectivity and credential rotation remain external verification gates.
CONFIRMED_ROOT_MOBILE_WALLET_INSTRUMENT_FINANCIAL_TRUTH_DEFECT_HARDCODED_TEST_CARD_LOCAL_DEFAULT_TRANSFER_NO_BENEFICIARY_IDEMPOTENCY	F-092	R-05A2	nabd_plus_patient_app/app/wallet/cards.tsx:31–117,327–376	Patient Mobile wallet-card UI posts fixed test PANs and holder data, marks the default card only in local state, and shows a PCI assertion although the inspected backend card contract exposes only get/add/remove and no authoritative default-instrument transition.	The client handles only PSP-tokenized, minimum card metadata. Add/default/remove are server-authoritative owner-scoped instrument commands with PSP/provider token provenance, PCI-minimized DTOs, idempotent transitions, retention/access audit and truthful failure state; no raw PAN, hard-coded test card, local default or payment success inference is allowed.	Payments/Finance + Patient Mobile + Security/Privacy	NONE_FOUND_AFTER_TARGETED_SEARCH	FINAL_MAPPED	Manual mapping from frozen baseline source and directly related frozen backend contracts where stated. Targeted derived search recorded no linked DERIVED_DUPLICATE IDs. No product source was modified and no patient data, payment instrument, pharmacy request, search query, media, PSP or runtime service was accessed.
CONFIRMED_ROOT_MODERATION_GOVERNANCE_DEFECT_COMMUNITY_KEYWORD_REMOVAL_NO_REASON_ACTOR_EVIDENCE_REVIEW_WORKFLOW	F-201	R-21N	src/modules/community/community.service.ts:14–23,48–58,72–83	Community moderation/vote/session mutations lack reviewed actor/reason evidence, atomic idempotent vote/count contract, host/state authorization and durable mutation/outbox/reconstruction lifecycle.	Community actions use authorized participant/host/state rules, typed bounded content, reviewed moderation reason/actor/evidence, atomic idempotent votes/counters, durable actor/reason/outbox events and reconciliation/appeal outcomes.	Community Platform + Trust/Safety	NONE_FOUND_AFTER_TARGETED_SEARCH	FINAL_MAPPED	Manual mapping; no community content, session, vote, moderation action or runtime event was accessed.
CONFIRMED_ROOT_NOTIFICATION_DELIVERY_TRUTH_DEFECT_OPTIMISTIC_NOOP_CHANNEL_STATUS_NO_DURABLE_ATTEMPT_RECEIPT_FAILURE_LEASE	F-156	R-09B	src/modules/notifications/notifications.service.ts:57–119, 190–239, 262–278	Notification preferences, campaign/reminder commands and delivery/read outcomes lack a unified approved-audience/template/link, atomic claim/idempotency, provider receipt/failure and privacy-safe analytics contract.	Notification commands use consent/preference/suppression-aware authoritative audience snapshots, approved localized templates and scoped links; campaigns/reminders are idempotent leased jobs with durable attempts/receipts/read outcomes, bounded analytics and actor/reason audit.	Notifications + Admin Operations + Patient Mobile	F-032,F-154,F-167,F-871,F-906,F-1496,F-1497,F-1498	FINAL_MAPPED	Manual mapping; OTP/mail/SMS transport, chat/realtime and domain event production are deliberately excluded for separate roots.
CONFIRMED_ROOT_NOTIFICATION_GOVERNANCE_DEFECT_ADMIN_RAW_AUDIENCE_CONTENT_ACTION_NO_TYPED_APPROVED_ACTOR_AUDIT_COMMAND	F-153	R-09B	src/modules/notifications/notifications.controller.ts:46–58 ; src/modules/notifications/notifications.service.ts:30–59 ; src/schemas/notification.schema.ts:9–24	Notification preferences, campaign/reminder commands and delivery/read outcomes lack a unified approved-audience/template/link, atomic claim/idempotency, provider receipt/failure and privacy-safe analytics contract.	Notification commands use consent/preference/suppression-aware authoritative audience snapshots, approved localized templates and scoped links; campaigns/reminders are idempotent leased jobs with durable attempts/receipts/read outcomes, bounded analytics and actor/reason audit.	Notifications + Admin Operations + Patient Mobile	F-032,F-154,F-167,F-871,F-906,F-1496,F-1497,F-1498	FINAL_MAPPED	Manual mapping; OTP/mail/SMS transport, chat/realtime and domain event production are deliberately excluded for separate roots.
CONFIRMED_ROOT_OBSERVABILITY_DEFECT_CONSISTENCY_AUDIT_BOUNDED_SCAN_NO_COVERAGE_CURSOR	F-698	R-16F	src/modules/consistency/consistency.module.ts:61–109	Consistency reconciliation uses weak duplicate/invariant/stuck heuristics, lacks bounded coverage/cursor and SLA recovery, and has no durable approved checkpointed job lifecycle.	Consistency work uses explicit per-domain invariants and overlap confidence, bounded resumable coverage, time/SLA recovery classification, durable checkpointed approved jobs and immutable reconciliation evidence; it never infers or changes truth silently.	Platform Reliability + Domain Owners	NONE_FOUND_AFTER_TARGETED_SEARCH	FINAL_MAPPED	Manual reconciliation root; source aggregate state remains authoritative and no job was run.
CONFIRMED_ROOT_OBSERVABILITY_DEFECT_READINESS_DEPENDENCY_FAILURE_EMPTY_CATCH_NO_REDACTED_METRICS	F-1324	R-15A	src/health.controller.ts:37–44	Health/readiness surfaces conflate liveness and readiness, report static/fake Redis success or lack dependency deadlines, degraded truth and redacted failure evidence.	Readiness is a measured dependency-aware contract separate from liveness, with explicit criticality, deadline/budget, safe degraded state, redacted evidence and no fake fallback PONG/always-OK result.	Platform Operations/SRE	F-165,F-530,F-1325	FINAL_MAPPED	Manual mapping; actual dependency availability remains a controlled runtime verification gate.
CONFIRMED_ROOT_OBSERVABILITY_DEFECT_REDIS_SHARED_READY_FLAG_MULTI_CONNECTION_HEALTH_AMBIGUITY	F-438	R-16A	src/modules/redis/redis.service.ts:28–59	Redis degrades to per-process non-atomic/fake-ready primitives, has ambiguous connection health, lossy pubsub, unsafe rate-limit failover, unbounded key scanning and untyped corruption semantics.	Distributed locks, idempotency, sessions, rate limits and events fail closed or enter explicit degraded mode; Redis health is per dependency with deadlines, storage access is bounded/typed, and events use durable outbox/replay rather than silent pubsub loss.	Platform Reliability + Security	F-196,F-286,F-2568	FINAL_MAPPED	Manual mapping; runtime Redis MISCONF/connectivity behavior remains an unclosed external verification blocker.
CONFIRMED_ROOT_OPERATIONAL_TRUTH_DEFECT_CARE_APPOINTMENT_DETAIL_HARDCODED_QUEUE_POSITION_AHEAD_COUNT_WAIT_TIME	F-542	R-03B	src/modules/care/appointments.service.ts:226–246	Appointment detail displays a synthetic queue position/wait time rather than a server-derived operational queue state.	Patient appointment views show only measured queue/appointment state with source/time/freshness; unavailable queue data is explicit, never hard-coded completion/progress.	Booking/Care + Patient UX	NONE_FOUND_AFTER_TARGETED_SEARCH	FINAL_MAPPED	Manual mapping; operational display truth. Independent Phase-4 reconciliation performed a source-exact search of DERIVED_DUPLICATE ledger evidence; no direct match was found. Historical sentinel/cross-candidate derived claim was replaced without changing raw IDs, root, exact evidence, cause, rule or owner.
CONFIRMED_ROOT_OPERATIONS_ACCESS_PERFORMANCE_DEFECT_OPS_TRAFFIC_ANY_VALID_DATE_NO_ENFORCED_RETENTION_WINDOW	F-526	R-21C	src/modules/ops/ops.controller.ts:161–173	Ops traffic endpoint accepts any syntactically valid date and exposes counters without a server-enforced retention/access window.	Admin operations is a read model, not readiness or domain truth: it uses bounded canonical source queries/cursors and identity contracts, shows explicit source/freshness/completeness/degraded/unknown status, preserves global ordering semantics, enforces purpose/retention limits and exposes redacted minimum projections with audited detail access. Missing or failed sources may never be represented as zero/success.	Admin Operations + SRE + Privacy + Domain Owners	NONE_FOUND_AFTER_TARGETED_SEARCH	FINAL_MAPPED	Manual mapping from frozen backend archive. This is operational read-model truth only; readiness and Redis runtime behavior remain separate gates. No Redis, MongoDB, ops data, audit data or runtime endpoint was accessed.
CONFIRMED_ROOT_OPERATIONS_DATA_GOVERNANCE_DEFECT_LEGACY_STATIC_USAGE_MAP_NO_RUNTIME_EVIDENCE_DRIFT_DETECTION	F-926	R-21M	src/modules/legacy/legacy.module.ts:52–80	Legacy governance assumes static fixed collection/module maps, exposes global cardinality/topology/internal paths and permits unbounded database-wide enumeration without runtime evidence/drift detection.	Legacy compatibility inventory is declared/versioned/allowlisted with bounded target-scoped diagnostics, no internal topology/path disclosure, runtime evidence/drift classification and minimum authorized aggregated reports; no broad collection enumeration is exposed.	Platform Governance + Security/Privacy	NONE_FOUND_AFTER_TARGETED_SEARCH	FINAL_MAPPED	Manual legacy governance root; no database enumeration, topology, path map or runtime data was accessed.
CONFIRMED_ROOT_OPERATIONS_DEFECT_ADMIN_LEGACY_DATABASE_WIDE_COLLECTION_ENUMERATION_UNBOUNDED	F-929	R-21M	src/modules/legacy/legacy.module.ts:27–45	Legacy governance assumes static fixed collection/module maps, exposes global cardinality/topology/internal paths and permits unbounded database-wide enumeration without runtime evidence/drift detection.	Legacy compatibility inventory is declared/versioned/allowlisted with bounded target-scoped diagnostics, no internal topology/path disclosure, runtime evidence/drift classification and minimum authorized aggregated reports; no broad collection enumeration is exposed.	Platform Governance + Security/Privacy	NONE_FOUND_AFTER_TARGETED_SEARCH	FINAL_MAPPED	Manual legacy governance root; no database enumeration, topology, path map or runtime data was accessed.
CONFIRMED_ROOT_OPERATIONS_DEFECT_CONSISTENCY_STUCK_DETECTION_PARTIAL_NO_SLA_RECOVERY	F-702	R-16F	src/modules/consistency/consistency.module.ts:111–120	Consistency reconciliation uses weak duplicate/invariant/stuck heuristics, lacks bounded coverage/cursor and SLA recovery, and has no durable approved checkpointed job lifecycle.	Consistency work uses explicit per-domain invariants and overlap confidence, bounded resumable coverage, time/SLA recovery classification, durable checkpointed approved jobs and immutable reconciliation evidence; it never infers or changes truth silently.	Platform Reliability + Domain Owners	NONE_FOUND_AFTER_TARGETED_SEARCH	FINAL_MAPPED	Manual reconciliation root; source aggregate state remains authoritative and no job was run.
CONFIRMED_ROOT_OPERATIONS_DEFECT_READINESS_REDIS_PING_NO_DEADLINE	F-1321	R-15A	src/health.controller.ts:41–44	Health/readiness surfaces conflate liveness and readiness, report static/fake Redis success or lack dependency deadlines, degraded truth and redacted failure evidence.	Readiness is a measured dependency-aware contract separate from liveness, with explicit criticality, deadline/budget, safe degraded state, redacted evidence and no fake fallback PONG/always-OK result.	Platform Operations/SRE	F-165,F-530,F-1325	FINAL_MAPPED	Manual mapping; actual dependency availability remains a controlled runtime verification gate.
CONFIRMED_ROOT_OPERATIONS_TRUTH_DEFECT_OPS_COLLECTION_FAILURE_EMPTY_ZERO_INCONSISTENT_ALL_TIME_TODAY_LATE_WINDOWS	F-523	R-21C	src/modules/ops/ops.controller.ts:72–94	Ops pipeline aggregation catches collection failures as empty/zero values and combines all-time/today/late windows without explicit source failure or window semantics.	Admin operations is a read model, not readiness or domain truth: it uses bounded canonical source queries/cursors and identity contracts, shows explicit source/freshness/completeness/degraded/unknown status, preserves global ordering semantics, enforces purpose/retention limits and exposes redacted minimum projections with audited detail access. Missing or failed sources may never be represented as zero/success.	Admin Operations + SRE + Privacy + Domain Owners	NONE_FOUND_AFTER_TARGETED_SEARCH	FINAL_MAPPED	Manual mapping from frozen backend archive. This is operational read-model truth only; readiness and Redis runtime behavior remain separate gates. No Redis, MongoDB, ops data, audit data or runtime endpoint was accessed.
CONFIRMED_ROOT_PATIENT_WEB_PHARMACY_COMMERCE_CONTINUATION_DEFECT_NO_CONTRACT_BACKED_CART_MUTATION_OFFER_PAYMENT_CHECKOUT	F-024	R-06C1	nabd-patient-web/app/[locale]/medicine-catalog/page.tsx:19–29,32–44 ; nabd-patient-web/app/[locale]/cart/page.tsx:14–33	Patient Web medicine catalog only lists/link-drills items and cart only reads totals; neither exposes contract-backed cart mutation nor the pharmacy broadcast, provider-offer, one-offer selection, quote/payment/COD/insurance-decision continuation journey.	Patient Web pharmacy uses only backend-authoritative catalog/cart APIs and presents the full contract-backed journey: add/remove cart command; submit broadcast request; receive bounded provider offers; select exactly one offer; display server quote/availability/substitution; then Cash/Card payment or explicit COD policy; insurance waits for provider decision and co-pay before confirmation. UI never owns clinical, price, stock, coverage, payment or fulfillment truth.	Patient Web + Pharmacy Workflow + Payments/Insurance	F-055	FINAL_MAPPED	Manual mapping from frozen patient-web archive. Page read surface is not inferred to be a complete order journey. No web app, cart, offer, payment, insurer, inventory or runtime API was accessed.
CONFIRMED_ROOT_PAYMENT_INSTRUMENT_BOUNDARY_DEFECT_WALLET_SAVED_CARD_METADATA_NO_PROVIDER_TOKEN_PCI_MINIMIZATION_ACCESS_RETENTION_AUDIT_CONTRACT	F-114	R-05A2	src/schemas/wallet.schema.ts:21–22 ; src/modules/wallet/wallet.module.ts:12–24	Wallet saved-card metadata has no provider-token, PCI minimization, access or retention contract.	Only provider-issued tokenized instruments may be referenced; no PAN-like metadata or local test card is payment authority.	Payments/Finance + Privacy/Security	NONE_FOUND_AFTER_TARGETED_SEARCH	FINAL_MAPPED	Manual mapping; separate instrument boundary from payment intent. Independent Phase-4 reconciliation performed a source-exact search of DERIVED_DUPLICATE ledger evidence; no direct match was found. Historical sentinel/cross-candidate derived claim was replaced without changing raw IDs, root, exact evidence, cause, rule or owner.
CONFIRMED_ROOT_PERFORMANCE_CONSISTENCY_DEFECT_MENTAL_HEALTH_MEDITATION_STATS_UNBOUNDED_ALL_RECORDS_DASHBOARD_MULTI_QUERY	F-420	R-07C	src/modules/mental-health/mental-health.service.ts:172–177,242–250	Meditation dashboard loads all historical sessions into process memory and computes aggregates alongside multiple dashboard queries without bounded aggregation/window consistency contract.	Sensitive wellbeing data uses patient-owned typed bounded idempotent commands with replay/actor activity audit; mood, notes, tags and crisis contacts are purpose/consent-scoped minimum projections with pagination/cursor and retention policy. Aggregates use bounded database-side or precomputed windows with explicit self-reported provenance and never infer diagnosis, risk, availability or clinical action.	Patient Health Profile + Privacy + Wellbeing	NONE_FOUND_AFTER_TARGETED_SEARCH	FINAL_MAPPED	Manual mapping from frozen backend archive. Sensitive-PHI consent/step-up and retention/DSAR/crisis policy observations remain product decisions. No mood, note, contact, meditation record, patient data or runtime operation was accessed.
CONFIRMED_ROOT_PERFORMANCE_CONSISTENCY_DEFECT_NUTRITION_WEEKLY_SEVEN_DAILY_SUMMARIES_TWENTY_EIGHT_READS	F-432	R-07C	src/modules/nutrition/nutrition.service.ts:242–281	Nutrition profile/log commands lack idempotency/replay/audit, expose broad allergy/restriction/measurement data and unbounded history, use inefficient unbounded daily reads and present user-entered macro/exercise values without self-reported provenance.	Nutrition data uses authorized typed idempotent profile/log commands with audit; data is minimum purpose-scoped projection, history is time-zone declared and bounded, summaries use bounded aggregate computation, and user-entered nutrition/exercise values are explicitly self-reported rather than clinical truth.	Patient Health Profile + Privacy	NONE_FOUND_AFTER_TARGETED_SEARCH	FINAL_MAPPED	Manual mapping; no nutrition, allergy, restriction, measurement or health data was accessed.
CONFIRMED_ROOT_PERFORMANCE_DEFECT_PROVIDER_MATCH_N_PLUS_ONE	F-771	R-16E	src/modules/workflow-engine/workflow-engine.module.ts:354–357,393–409,474–478	Provider matching lacks minimum provider projection, validated location, authoritative availability and bounded/reconciled matching workload.	Provider matching uses active verified provider/facility/capability/availability/location records, minimum projections, bounded query/workload behavior and durable reconciled match outcomes; no cached/client claim is authoritative.	Workflow Platform + Provider Operations + Privacy	NONE_FOUND_AFTER_TARGETED_SEARCH	FINAL_MAPPED	Manual provider-match subroot; delivery/location/GPS and provider profile roots remain dependencies.
CONFIRMED_ROOT_PERFORMANCE_ORDERING_DEFECT_OPS_PER_COLLECTION_LIMIT_MERGE_SLICE_BIASED_GLOBAL_REQUEST_FEED	F-525	R-21C	src/modules/ops/ops.controller.ts:118–158	Ops global request feed limits each source before merge/sort, producing a biased incomplete global order without cursor/snapshot completeness.	Admin operations is a read model, not readiness or domain truth: it uses bounded canonical source queries/cursors and identity contracts, shows explicit source/freshness/completeness/degraded/unknown status, preserves global ordering semantics, enforces purpose/retention limits and exposes redacted minimum projections with audited detail access. Missing or failed sources may never be represented as zero/success.	Admin Operations + SRE + Privacy + Domain Owners	NONE_FOUND_AFTER_TARGETED_SEARCH	FINAL_MAPPED	Manual mapping from frozen backend archive. This is operational read-model truth only; readiness and Redis runtime behavior remain separate gates. No Redis, MongoDB, ops data, audit data or runtime endpoint was accessed.
CONFIRMED_ROOT_PERFORMANCE_SECURITY_DEFECT_REDIS_UNBOUNDED_KEYS_ENUMERATION	F-442	R-16A	src/modules/redis/redis.service.ts:161–167	Redis degrades to per-process non-atomic/fake-ready primitives, has ambiguous connection health, lossy pubsub, unsafe rate-limit failover, unbounded key scanning and untyped corruption semantics.	Distributed locks, idempotency, sessions, rate limits and events fail closed or enter explicit degraded mode; Redis health is per dependency with deadlines, storage access is bounded/typed, and events use durable outbox/replay rather than silent pubsub loss.	Platform Reliability + Security	F-196,F-286,F-2568	FINAL_MAPPED	Manual mapping; runtime Redis MISCONF/connectivity behavior remains an unclosed external verification blocker.
CONFIRMED_ROOT_PHI_AUTHORIZATION_DEFECT_CUSTOM_SERVICES_ANY_PROVIDER_ROLE_DETAIL_NO_ASSIGNMENT_FACILITY_KIND_PURPOSE_SCOPE	F-600	R-02A	src/modules/custom-services/custom-services.service.ts:43–48	Privileged provider/admin commands and reads rely on JWT or broad role context without a consistently verified role, organization/facility assignment, resource relationship, purpose, state and actor/reason audit boundary.	Every privileged provider/admin read or mutation is deny-by-default and verifies active role, organization/facility assignment, resource relationship, purpose and command state; sensitive actions carry immutable actor/reason audit and bounded projections.	Identity/Authorization + Provider Operations + Admin Governance	F-606,F-679,F-681,F-683,F-875,F-878,F-880,F-883,F-887	FINAL_MAPPED	Manual mapping; finance/legal/facility/clinical/realtime/release authorization labels remain intentionally owned by their specialized roots with R-02A dependency where applicable.
CONFIRMED_ROOT_PHI_CLINICAL_MEDIA_INTAKE_DEFECT_CUSTOM_SERVICES_RAW_PATIENT_DOCTOR_PRESCRIPTION_ATTACHMENT_NO_TYPED_SAFE_ASSET_LIFECYCLE	F-601	R-07B2	src/modules/custom-services/custom-services.service.ts:15–34	Support/return/custom-service attachment paths accept raw PII/clinical media without a typed safe-asset reference, ownership/purpose and idempotent lifecycle.	Attachment-bearing domain commands reference approved scoped media assets only; patient/provider/operation purpose is checked, content is minimized/audited and lifecycle follows retention policy.	Support + Returns + Custom Services + Media Platform	F-232,F-605,F-566	FINAL_MAPPED	Manual mapping; generic media mechanics depend on R-07B1.
CONFIRMED_ROOT_PHI_DATA_CONTRACT_DEFECT_MEDICAL_PROFILE_RAW_UNTYPED_EMBEDDED_LISTS_UPDATE_BODY_NO_BOUND_FORMAT_MINIMIZATION	F-205	R-07A1	src/schemas/medical-profile.schema.ts:31–50 ; src/modules/medical-profile/medical-profile.service.ts:23–29,40–47	Medical profile accepts untyped broad list mutations and read-modify-save updates without bounded schema, minimum necessary fields or CAS/idempotency.	Medical profile changes are owner/purpose authorized typed commands with bounded values, version/CAS/idempotency, audit and minimized projection.	Medical Profile + Clinical Privacy	F-037	FINAL_MAPPED	Manual mapping; attachment mechanics depend on R-07B.
CONFIRMED_ROOT_PHI_EVENT_CONTRACT_DEFECT_PUSH_ENGAGEMENT_ARBITRARY_DATA_SOURCE_ANY_EVENTS_NO_DEDUP_SENSITIVITY_MINIMIZATION	F-168	R-09B	src/modules/push/push.module.ts:302–312,619–687	Push engagement accepts arbitrary client data and inserts received/opened/clicked records without notification/recipient correlation, deduplication, sensitive-data minimization, retention or delivery/receipt verification.	Notification engagement is an idempotent, privacy-minimized event correlated to a canonical notification and authorized recipient/device. It must use a bounded typed payload, deduplication/replay controls, retention/audit policy and truthful delivery/read semantics; a client event or queue action never proves receipt, engagement or clinical/financial outcome.	Notifications/Event Platform + Privacy/Security	NONE_FOUND_AFTER_TARGETED_SEARCH	FINAL_MAPPED	Manual mapping from frozen backend baseline. Targeted derived search found no directly matching DERIVED_DUPLICATE labels. No push delivery, engagement record, media upload/download, chat thread, asset, consent, PHI, recipient or runtime service was accessed.
CONFIRMED_ROOT_PHI_EXTERNAL_PROCESSING_DEFECT_AI_RAW_BASE64_NOTES_NO_CENTRAL_LIMIT_REDACTION_CONSENT_RETENTION_RESIDENCY_POLICY	F-224	R-17A	src/modules/ai/ai.service.ts:60–68,134–216,293–325 ; src/modules/ai/ai-provider.service.ts:193–231	AI feature processing lacks explicit subject/owner/purpose authorization, consented/redacted external-data policy, provider feature/class/residency safety equivalence and truthful typed unavailable/provenance outcome.	AI use is a policy-authorized purpose-bound operation with data minimization/redaction/consent/retention/residency controls; provider selection/fallback is feature/class/safety governed and results carry typed availability and provenance rather than fabricated empty success.	AI Platform + Clinical Privacy + Security	NONE_FOUND_AFTER_TARGETED_SEARCH	FINAL_MAPPED	Manual mapping; AI quota ledger is R-05E and provider secret storage/rotation is a security/configuration root.
CONFIRMED_ROOT_PHI_MEDIA_AUTHORIZATION_DEFECT_THREAD_PARTICIPANT_NO_CONSENT_ACCESS_AUDIT_MINIMUM_PROJECTION_CONTRACT	F-213	R-07B4	src/modules/media/media.controller.ts:73–155	Chat-media download/upload authorization checks only thread participation plus coarse family or consultation state and emits a presigned asset URL, without a consent/purpose decision, read/download audit, minimum projection or scoped recipient lifecycle.	Chat media access requires verified current participant relationship plus explicit purpose/consent where applicable, minimum metadata projection, short-lived audience-bound access, immutable read/download audit, revocation and retention controls. Thread membership or asset ownership alone does not establish durable consent to PHI disclosure.	Clinical Media + Chat/Realtime + Privacy/Security	NONE_FOUND_AFTER_TARGETED_SEARCH	FINAL_MAPPED	Manual mapping from frozen backend baseline. Targeted derived search found no directly matching DERIVED_DUPLICATE labels. No push delivery, engagement record, media upload/download, chat thread, asset, consent, PHI, recipient or runtime service was accessed.
CONFIRMED_ROOT_PII_CONTENT_GOVERNANCE_DEFECT_B2B_RAW_NOTE_CONCATENATION_NO_BOUND_REDACTION_RETENTION_POLICY	F-405	R-21K	src/modules/admin-governance/b2b.controller.ts:24–30,34–40	B2B request list/decision can bypass role/organization/request scope, versioned current-state CAS/idempotency/maker-checker/audit, bounded/redacted note/document projections and canonical organization quote/price/currency authority.	B2B requests are organization-scoped and role/purpose-authorized; approve/reject uses current-state CAS/idempotency, maker-checker and immutable actor/reason audit; notes/documents are bounded/redacted/retained by policy, lists are paginated/minimum/degraded-aware, and commercial status derives from canonical quote/price/currency authority.	B2B/Commercial Operations + Privacy	NONE_FOUND_AFTER_TARGETED_SEARCH	FINAL_MAPPED	Manual mapping; no B2B request, commercial record, note, API or runtime operation was accessed.
CONFIRMED_ROOT_PRIVACY_AUDIT_DEFECT_COTURN_RAW_ACCOUNT_ID_USERNAME_NO_PSEUDONYMOUS_ISSUANCE_KEY_ROTATION_AUDIT	F-588	R-18C	src/modules/coturn/coturn.service.ts:47–66	Video/call and TURN credentials lack verified call/participant/session binding, signed webhook acceptance, safe credential issuance/rotation, call-state/idempotency and privacy-safe metrics/admin projection lifecycle.	Call access and TURN credentials are issued only for an authorized active participant/session with audience/expiry/one-time/no-store controls; webhook and remote actions are verified/idempotent, state/attendance is authoritative and metrics/admin views are minimized/audited/retained by policy.	Calls/LiveKit/TURN + Security/Privacy	F-353,F-627,F-628,F-629,F-630,F-631	FINAL_MAPPED	Manual mapping; runtime TURN/LiveKit connectivity and credential rotation remain external verification gates.
CONFIRMED_ROOT_PRIVACY_AVAILABILITY_DEFECT_MENTAL_HEALTH_SENSITIVE_MOOD_NOTES_TAGS_HISTORY_NO_PAGINATION_MINIMAL_PROJECTION	F-418	R-07C	src/modules/mental-health/mental-health.controller.ts:27–32 ; src/modules/mental-health/mental-health.service.ts:114–122	Mood history returns sensitive notes/tags/full records without minimum projection, pagination/cursor, bounded window or explicit availability/retention behavior.	Sensitive wellbeing data uses patient-owned typed bounded idempotent commands with replay/actor activity audit; mood, notes, tags and crisis contacts are purpose/consent-scoped minimum projections with pagination/cursor and retention policy. Aggregates use bounded database-side or precomputed windows with explicit self-reported provenance and never infer diagnosis, risk, availability or clinical action.	Patient Health Profile + Privacy + Wellbeing	NONE_FOUND_AFTER_TARGETED_SEARCH	FINAL_MAPPED	Manual mapping from frozen backend archive. Sensitive-PHI consent/step-up and retention/DSAR/crisis policy observations remain product decisions. No mood, note, contact, meditation record, patient data or runtime operation was accessed.
CONFIRMED_ROOT_PRIVACY_AVAILABILITY_DEFECT_PROCUREMENT_PENDING_ADMIN_LIST_UNBOUNDED_UNPROJECTED_NO_SENSITIVE_ACCESS_AUDIT	F-368	R-21O	src/modules/admin-web-core/controllers/admin-extended-operations.controller.ts:12–15	Administrative procurement quotes trust client items/prices/totals, overwrite state without CAS/maker-checker/audit, claim invoice/payment readiness without authoritative handoff and expose unbounded pending list.	Procurement quotes derive catalog/tax/currency/quantity/version from canonical commercial sources; state changes use CAS/idempotency/maker-checker/actor audit; invoice/payment readiness is truthful authoritative handoff state, and pending views are bounded/minimum/audited.	Procurement/Commercial Operations + Finance	NONE_FOUND_AFTER_TARGETED_SEARCH	FINAL_MAPPED	Manual mapping; no procurement quote, invoice, payment, list or runtime operation was accessed.
CONFIRMED_ROOT_PRIVACY_DATA_CONTRACT_DEFECT_SUPPORT_SETTINGS_VALUE_PUSH_TOKEN_VALIDATION_TICKET_THREAD_ATTACHMENT_RETENTION_CLASSIFICATION	F-192	R-13E	src/modules/support/support.service.ts:91–97 ; src/schemas/support.schema.ts:43–56	Support/client/audit intake accepts raw or weakly classified settings, messages, attachments or request bodies without a typed, bounded, retention-classified and privacy-safe command/audit contract.	Support/client inputs are typed, size/content-class bounded and classified before persistence; safe asset references replace raw attachments, retention/purpose/audit applies, and request-body capture is explicitly scoped/redacted.	Support + Client Platform + Privacy	NONE_FOUND_AFTER_TARGETED_SEARCH	FINAL_MAPPED	Manual mapping; media asset lifecycle remains R-07B and business workflow idempotency remains in its owning aggregate.
CONFIRMED_ROOT_PRIVACY_DEFECT_ADMIN_ANALYTICS_METRIC_RETENTION_GOVERNANCE	F-997	R-21E	src/modules/compat/admin-spa.module.ts:1215–1299	Admin analytics metrics lack retention governance.	Analytics metrics have declared classification, retention and audit controls.	Analytics/Data Platform + Privacy	NONE_FOUND_AFTER_TARGETED_SEARCH	FINAL_MAPPED	Manual reassignment to analytics governance root.
CONFIRMED_ROOT_PRIVACY_DEFECT_ADMIN_AUDIT_VIEW_PROJECTION_PURPOSE_ACCESS_LOG	F-847	R-22G	src/modules/security/security.module.ts:17–53,161–167	Audit/security logging lacks durable append-safe persistence, classified/redacted details, bounded regex/cursor/query budgets, purpose-safe admin/patient projections, trusted correlation normalization and URL-query redaction.	Audit data is append-durable and tamper-evident with classified/redacted fields; reads are purpose-scoped minimum projections with bounded query/cursor controls and access audit; correlation IDs and URL/query metadata are normalized/trusted/redacted before logging.	Security/Audit Platform + Privacy	NONE_FOUND_AFTER_TARGETED_SEARCH	FINAL_MAPPED	Manual mapping; no audit log, user activity or request data was accessed.
CONFIRMED_ROOT_PRIVACY_DEFECT_ADMIN_AUTHORITY_ACTION_LOG_PROJECTION_CURSOR_SCOPE	F-827	R-21G	src/modules/admin-authority/admin-authority.module.ts:241–247,275	Admin authority bypasses canonical domain/payment/slot state or lacks short-lived revocable support impersonation, target case/approval scope, provider suspension reconciliation and minimum action-log projection.	Privileged support/override actions require a time-bound revocable support session, approved target case, canonical domain command/state/version checks, dual control/reason/audit/reconciliation and minimum scoped action-log views; no direct mutation shortcut is allowed.	Admin Authority + Domain Owners + Security	NONE_FOUND_AFTER_TARGETED_SEARCH	FINAL_MAPPED	Manual mapping; underlying booking/payment/provider domain aggregates remain execution authorities.
CONFIRMED_ROOT_PRIVACY_DEFECT_ADMIN_COMMAND_CENTER_FAILURE_EVENT_SNAPSHOT_REDACTION_HEALTH_BOUNDARY	F-1018	R-21C	src/modules/admin-command-center/admin-command-center.module.ts:62–66,125–143	Admin command center combines operational state from heterogeneous sources without verified scope/freshness/completeness/confidence, canonical identity resolution, purpose-safe PHI/payment projections, redacted failure snapshots or audited bounded detail reads.	Admin command center is a read-model only: it resolves canonical identities and source metadata, presents explicit freshness/completeness/confidence/stuck state, enforces provider/admin/purpose scope, exposes minimum redacted PHI/payment details and validates/audits bounded detail requests; it never creates domain truth.	Admin Operations + Privacy + Domain Owners	NONE_FOUND_AFTER_TARGETED_SEARCH	FINAL_MAPPED	Manual mapping; finance, clinical, booking, provider and identity aggregates retain source-of-truth ownership and mutation authority.
CONFIRMED_ROOT_PRIVACY_DEFECT_ADMIN_COMMAND_CENTER_OPERATIONAL_SCOPE_PURPOSE_PROJECTION	F-1011	R-21C	src/modules/admin-command-center/admin-command-center.module.ts:37–60	Admin command center combines operational state from heterogeneous sources without verified scope/freshness/completeness/confidence, canonical identity resolution, purpose-safe PHI/payment projections, redacted failure snapshots or audited bounded detail reads.	Admin command center is a read-model only: it resolves canonical identities and source metadata, presents explicit freshness/completeness/confidence/stuck state, enforces provider/admin/purpose scope, exposes minimum redacted PHI/payment details and validates/audits bounded detail requests; it never creates domain truth.	Admin Operations + Privacy + Domain Owners	NONE_FOUND_AFTER_TARGETED_SEARCH	FINAL_MAPPED	Manual mapping; finance, clinical, booking, provider and identity aggregates retain source-of-truth ownership and mutation authority.
CONFIRMED_ROOT_PRIVACY_DEFECT_ADMIN_COMMAND_CENTER_ORDER_DETAIL_PHI_PAYMENT_RAW_DOCUMENT_REDACTION	F-1015	R-21C	src/modules/admin-command-center/admin-command-center.module.ts:86–123	Admin command center combines operational state from heterogeneous sources without verified scope/freshness/completeness/confidence, canonical identity resolution, purpose-safe PHI/payment projections, redacted failure snapshots or audited bounded detail reads.	Admin command center is a read-model only: it resolves canonical identities and source metadata, presents explicit freshness/completeness/confidence/stuck state, enforces provider/admin/purpose scope, exposes minimum redacted PHI/payment details and validates/audits bounded detail requests; it never creates domain truth.	Admin Operations + Privacy + Domain Owners	NONE_FOUND_AFTER_TARGETED_SEARCH	FINAL_MAPPED	Manual mapping; finance, clinical, booking, provider and identity aggregates retain source-of-truth ownership and mutation authority.
CONFIRMED_ROOT_PRIVACY_DEFECT_ADMIN_DIRECTORY_REPORT_SEARCH_MINIMUM_PURPOSE_ANTI_ENUMERATION_AUDIT	F-324	R-21I	src/modules/admin/admin.controller.ts:251–305	Admin reports/directory/provisioning lacks purpose-bound minimum projections, anti-enumeration search controls or typed idempotent creation lifecycle.	Administrative reports/directories/provisioning use typed authorized commands, purpose/scope minimum projections, bounded anti-enumeration search, idempotency and immutable audit.	Admin Operations + Privacy/Security	NONE_FOUND_AFTER_TARGETED_SEARCH	FINAL_MAPPED	Manual admin operations root; identity and domain execution remain separate owners.
CONFIRMED_ROOT_PRIVACY_DEFECT_ADMIN_ENTITY_TRACE_PURPOSE_AUTHORIZATION	F-647	R-02A	src/modules/admin-governance/admin-governance.module.ts:161–183,233–242	Privileged provider/admin commands and reads rely on JWT or broad role context without a consistently verified role, organization/facility assignment, resource relationship, purpose, state and actor/reason audit boundary.	Every privileged provider/admin read or mutation is deny-by-default and verifies active role, organization/facility assignment, resource relationship, purpose and command state; sensitive actions carry immutable actor/reason audit and bounded projections.	Identity/Authorization + Provider Operations + Admin Governance	F-606,F-679,F-681,F-683,F-875,F-878,F-880,F-883,F-887	FINAL_MAPPED	Manual mapping; finance/legal/facility/clinical/realtime/release authorization labels remain intentionally owned by their specialized roots with R-02A dependency where applicable.
CONFIRMED_ROOT_PRIVACY_DEFECT_ADMIN_EVENTS_BEFORE_AFTER_META_REDACTED_PROJECTION	F-3032	R-09C	src/modules/events/events.controllers.ts:12–29	Administrative event/trace reads lack typed normalized event/entity filters, finite time/limit/cursor/order/timeout bounds, cross-domain purpose scope, redacted before/after metadata and sensitive-read audit trail.	Event administration uses allowlisted typed normalized filters, stable bounded cursor/time/query contract, actor/purpose/domain scope, minimum redacted metadata and immutable sensitive-read audit; it is a read surface, not event production authority.	Event Platform + Admin Privacy/Security	NONE_FOUND_AFTER_TARGETED_SEARCH	FINAL_MAPPED	Manual mapping; durable domain event/outbox lifecycle remains R-09A/R-16 and no event query or runtime operation was run.
CONFIRMED_ROOT_PRIVACY_DEFECT_ADMIN_EVENTS_PURPOSE_SCOPE_CROSS_DOMAIN_AUTHORIZATION	F-3031	R-09C	src/modules/events/events.controllers.ts:6–9,14–23	Administrative event/trace reads lack typed normalized event/entity filters, finite time/limit/cursor/order/timeout bounds, cross-domain purpose scope, redacted before/after metadata and sensitive-read audit trail.	Event administration uses allowlisted typed normalized filters, stable bounded cursor/time/query contract, actor/purpose/domain scope, minimum redacted metadata and immutable sensitive-read audit; it is a read surface, not event production authority.	Event Platform + Admin Privacy/Security	NONE_FOUND_AFTER_TARGETED_SEARCH	FINAL_MAPPED	Manual mapping; durable domain event/outbox lifecycle remains R-09A/R-16 and no event query or runtime operation was run.
CONFIRMED_ROOT_PRIVACY_DEFECT_ADMIN_EVENT_LIST_RAW_PAYLOAD_NO_PURPOSE_PROJECTION_CURSOR	F-610	R-09A	src/modules/events/event-bus.service.ts:72–83	The common event platform lacks a complete typed, redacted, versioned event registry and a durable idempotent delivery/replay/dead-letter/retention/observable-command contract.	Every cross-domain event uses a registered typed/versioned envelope with sensitivity classification, correlation/idempotency and a durable outbox/consumer ledger; replay, expiry, redaction, retention and operator actions are bounded and auditable.	Platform Events + Security/Privacy	F-2551,F-2552,F-2553,F-2555,F-2558,F-2560	FINAL_MAPPED	Manual mapping; domain-specific sagas remain in their aggregate roots and runtime transport durability remains separately gated.
CONFIRMED_ROOT_PRIVACY_DEFECT_ADMIN_HEATMAP_EMERGENCY_HOME_LOCATION_DEMAND_NO_K_ANONYMITY_SUPPRESSION_ACCESS_AUDIT	F-398	R-21E	src/modules/admin-web-core/controllers/analytics.controller.ts:21–34,40–56	Administrative heatmap exposes sensitive emergency/home demand without k-anonymity/suppression/audit, suppresses source failures, permits unbounded coordinate load and lacks range/precision/taxonomy contracts.	Location analytics use minimum aggregated k-anonymous/suppressed data with purpose-scoped audit, bounded server-side aggregation/query budgets, validated spatial range/precision and canonical source taxonomy; source failure is explicit rather than represented as live/empty truth.	Analytics/Data Platform + Privacy	NONE_FOUND_AFTER_TARGETED_SEARCH	FINAL_MAPPED	Manual mapping; no heatmap, location, database or runtime data was accessed.
CONFIRMED_ROOT_PRIVACY_DEFECT_ADMIN_OPERATIONAL_PROJECTION_PURPOSE_SCOPE	F-978	R-21C	src/modules/compat/admin-spa.module.ts:277–370	Admin operational views expose data without purpose-scoped minimum projection.	Operational read-models enforce purpose/scope and minimum redacted projection with audit.	Admin Operations + Privacy	NONE_FOUND_AFTER_TARGETED_SEARCH	FINAL_MAPPED	Manual reassignment to admin read-model root.
CONFIRMED_ROOT_PRIVACY_DEFECT_ADMIN_PATIENT_360_PURPOSE_PROJECTION	F-646	R-21C	src/modules/admin-governance/admin-governance.module.ts:102–159	Admin patient-360 aggregates and returns raw cross-domain order, clinical, insurance and event objects with large arbitrary windows rather than a purpose-scoped minimum projection with source/freshness/completeness evidence.	Admin operational read models resolve canonical identities and source metadata, enforce purpose/role/scope, expose only redacted minimum PHI/financial projections with bounded cursor/time windows and explicit freshness/completeness/unknown state; they never create domain truth.	Admin Operations + Privacy + Domain Owners	F-649	FINAL_MAPPED	Manual mapping from frozen backend archive. Entity trace F-647 and privileged kill-switch role/approval F-651 retain their existing R-02A mappings. No patient, event, metric, switch, configuration or runtime operation was accessed.
CONFIRMED_ROOT_PRIVACY_DEFECT_ADMIN_PROVIDER_DELTA_REDACTED_CURSOR_PROJECTION_READ_AUDIT	F-323	R-16D	src/modules/admin/admin.controller.ts:555–561	Provider delta approval can report success without applied state and lacks redacted cursor projection/read audit.	Approval outcomes are canonical applied/versioned states with truthful result; queues expose minimum redacted bounded projections with audited reads.	Approval Workflow + Privacy	NONE_FOUND_AFTER_TARGETED_SEARCH	FINAL_MAPPED	Manual reassignment to approval workflow root.
CONFIRMED_ROOT_PRIVACY_DEFECT_ADMIN_REFUND_QUEUE_MINIMUM_PROJECTION_CURSOR_AUDIT	F-794	R-05B1	src/modules/patient-ux/patient-ux.module.ts:86–91	Admin refund queue lacks minimum projection, cursor bounds and audit.	Refund queues expose minimum purpose-authorized settlement fields with bounded cursor/pagination and immutable access/action audit.	Finance/Refund Operations + Privacy	NONE_FOUND_AFTER_TARGETED_SEARCH	FINAL_MAPPED	Manual mapping to refund settlement root.
CONFIRMED_ROOT_PRIVACY_DEFECT_ADMIN_REPORTS_USER360_PURPOSE_SCOPE_MINIMUM_AUDIT	F-317	R-21I	src/modules/admin/admin.controller.ts:39–131,139–235	Admin reports/directory/provisioning lacks purpose-bound minimum projections, anti-enumeration search controls or typed idempotent creation lifecycle.	Administrative reports/directories/provisioning use typed authorized commands, purpose/scope minimum projections, bounded anti-enumeration search, idempotency and immutable audit.	Admin Operations + Privacy/Security	NONE_FOUND_AFTER_TARGETED_SEARCH	FINAL_MAPPED	Manual admin operations root; identity and domain execution remain separate owners.
CONFIRMED_ROOT_PRIVACY_DEFECT_ADMIN_USER_DELETION_LEGAL_HOLD_TRANSACTION_MANIFEST_RECONCILIATION	F-320	R-13A	src/modules/admin/admin.controller.ts:490–523	Admin user deletion lacks legal-hold, transactional manifest and reconciliation controls.	Data deletion honors legal holds and executes authorized versioned manifest/reconciliation with minimum audit evidence and explicit unavailable/partial outcome.	Privacy/Data Rights + Legal	NONE_FOUND_AFTER_TARGETED_SEARCH	FINAL_MAPPED	Manual reassignment to data-rights lifecycle root.
CONFIRMED_ROOT_PRIVACY_DEFECT_ANALYTICS_ACTIVITY_EVENT_TAXONOMY_CONSENT_SCOPE_PROVENANCE	F-743	R-21E	src/modules/analytics/analytics.module.ts:85–97	Analytics lacks bounded query/resource controls, canonical provider identity and funnel/state vocabulary, consented/provenanced activity taxonomy, UTC retention/cohort source, materialized workload isolation and explicit unknown metric/schema health states.	Analytics is a bounded read-model with typed finite query limits, canonical identities/state vocabulary, consented event taxonomy/provenance, explicit retention/time semantics, materialized/isolated workloads and declared unknown/freshness/confidence rather than fabricated metrics.	Analytics/Data Platform + Privacy	NONE_FOUND_AFTER_TARGETED_SEARCH	FINAL_MAPPED	Manual mapping; sensitive search-term policy is already R-12B/R-13 dependency, while settled financial metrics belong to R-05D.
CONFIRMED_ROOT_PRIVACY_DEFECT_ANALYTICS_SEARCH_TERM_SENSITIVE_THRESHOLD_RETENTION_POLICY	F-741	R-12B	src/modules/analytics/analytics.module.ts:18–25	Public and cross-domain discovery searches lack consistent bounded/escaped query, sensitivity, verified-publication, minimum projection and retention contracts.	Discovery/search inputs are typed, escaped and resource-bounded; results are from verified/publication-authorized entities only, return minimum public DTOs, protect sensitive terms and apply pagination/cursor/retention/audit policy.	Public Discovery/Search + Privacy	NONE_FOUND_AFTER_TARGETED_SEARCH	FINAL_MAPPED	Manual mapping; admin directory, recruitment, ratings and other vertical searches remain specialized roots.
CONFIRMED_ROOT_PRIVACY_DEFECT_APPROVAL_MY_REQUESTS_CURSOR_PROJECTION	F-2832	R-16D	src/modules/approval-workflow/approval-workflow.module.ts:65–67	Approval-workflow requests lack a consistent typed actor/owner boundary, versioned atomic allocation, immutable allowlisted change data, exhaustive service/entity routing, fail-closed unknown type, safe PHI attachment provenance, durable publication outbox and scoped queue projections.	Approval requests use typed authenticated actor and owner/admin scope, version/CAS allocation, allowlisted immutable entity change sets, exhaustive fail-closed routing, approved safe attachments, durable publication/outbox and minimum necessary cursor-paginated request views with audit.	Approval Workflow + Domain Owners + Privacy	F-2823,F-2829	FINAL_MAPPED	Manual mapping; legal consent evidence is R-24A, catalog publication business policy is R-12/R-21, and execution remains an owning-domain command.
CONFIRMED_ROOT_PRIVACY_DEFECT_APPROVAL_REQUEST_DETAIL_OWNER_ADMIN_AUTHORIZATION	F-2822	R-16D	src/modules/approval-workflow/approval-workflow.module.ts:69–73,190–193	Approval-workflow requests lack a consistent typed actor/owner boundary, versioned atomic allocation, immutable allowlisted change data, exhaustive service/entity routing, fail-closed unknown type, safe PHI attachment provenance, durable publication outbox and scoped queue projections.	Approval requests use typed authenticated actor and owner/admin scope, version/CAS allocation, allowlisted immutable entity change sets, exhaustive fail-closed routing, approved safe attachments, durable publication/outbox and minimum necessary cursor-paginated request views with audit.	Approval Workflow + Domain Owners + Privacy	F-2823,F-2829	FINAL_MAPPED	Manual mapping; legal consent evidence is R-24A, catalog publication business policy is R-12/R-21, and execution remains an owning-domain command.
CONFIRMED_ROOT_PRIVACY_DEFECT_AUDIT_EVENT_DETAILS_CLASSIFICATION_REDACTION	F-845	R-22G	src/modules/security/security.module.ts:14–16,85–99	Audit/security logging lacks durable append-safe persistence, classified/redacted details, bounded regex/cursor/query budgets, purpose-safe admin/patient projections, trusted correlation normalization and URL-query redaction.	Audit data is append-durable and tamper-evident with classified/redacted fields; reads are purpose-scoped minimum projections with bounded query/cursor controls and access audit; correlation IDs and URL/query metadata are normalized/trusted/redacted before logging.	Security/Audit Platform + Privacy	NONE_FOUND_AFTER_TARGETED_SEARCH	FINAL_MAPPED	Manual mapping; no audit log, user activity or request data was accessed.
CONFIRMED_ROOT_PRIVACY_DEFECT_BOOKING_OPS_ATTACHMENT_PURPOSE_ROLE_SIGNED_DELIVERY_AUTHORIZATION	F-967	R-03D	src/modules/booking-ops/booking-ops.module.ts:163–177	Booking-ops invoice/attachment reads expose broad actor/document data without purpose-safe projection, approved secure asset lifecycle or signed relationship-bound delivery authorization.	Booking read/projection returns minimum actor-authorized invoice and attachment fields; attachments reference approved private media assets, with verified booking/provider/purpose relationship, signed delivery, retention and audit.	Booking Operations + Clinical Privacy + Media	F-968	FINAL_MAPPED	Manual mapping; generic safe-media mechanics remain R-07B/R-22C and financial invoice authority is R-05D.
CONFIRMED_ROOT_PRIVACY_DEFECT_BOOKING_OPS_ATTACHMENT_SECURE_STORAGE_CONTENT_LIFECYCLE	F-966	R-03D	src/modules/booking-ops/booking-ops.module.ts:26–36,152–160	Booking-ops invoice/attachment reads expose broad actor/document data without purpose-safe projection, approved secure asset lifecycle or signed relationship-bound delivery authorization.	Booking read/projection returns minimum actor-authorized invoice and attachment fields; attachments reference approved private media assets, with verified booking/provider/purpose relationship, signed delivery, retention and audit.	Booking Operations + Clinical Privacy + Media	F-968	FINAL_MAPPED	Manual mapping; generic safe-media mechanics remain R-07B/R-22C and financial invoice authority is R-05D.
CONFIRMED_ROOT_PRIVACY_DEFECT_BOOKING_OPS_INVOICE_ACTOR_PROJECTION_AUDIT	F-962	R-03D	src/modules/booking-ops/booking-ops.module.ts:94–103	Booking-ops invoice/attachment reads expose broad actor/document data without purpose-safe projection, approved secure asset lifecycle or signed relationship-bound delivery authorization.	Booking read/projection returns minimum actor-authorized invoice and attachment fields; attachments reference approved private media assets, with verified booking/provider/purpose relationship, signed delivery, retention and audit.	Booking Operations + Clinical Privacy + Media	F-968	FINAL_MAPPED	Manual mapping; generic safe-media mechanics remain R-07B/R-22C and financial invoice authority is R-05D.
CONFIRMED_ROOT_PRIVACY_DEFECT_BOOKING_STATUS_PROVIDER_PROJECTION	F-751	R-03D	src/modules/booking-flow/booking-flow.module.ts:130–169	Booking status/timeline reads lack provider-purpose minimum projection and bounded cursor/pagination contract.	Booking status/timeline views enforce participant/provider purpose scope, minimum fields, redaction, stable bounded pagination and audit.	Booking Privacy/Projection	NONE_FOUND_AFTER_TARGETED_SEARCH	FINAL_MAPPED	Manual booking projection root.
CONFIRMED_ROOT_PRIVACY_DEFECT_BOOKING_TIMELINE_PROJECTION_AND_PAGINATION	F-752	R-03D	src/modules/booking-flow/booking-flow.module.ts:172–180	Booking status/timeline reads lack provider-purpose minimum projection and bounded cursor/pagination contract.	Booking status/timeline views enforce participant/provider purpose scope, minimum fields, redaction, stable bounded pagination and audit.	Booking Privacy/Projection	NONE_FOUND_AFTER_TARGETED_SEARCH	FINAL_MAPPED	Manual booking projection root.
CONFIRMED_ROOT_PRIVACY_DEFECT_CART_RAW_METADATA_PROJECTION	F-789	R-06C1	src/modules/cart/cart.module.ts:23–36,62–75	Pharmacy cart lacks explicit capability gates for payment/insurance/prescription paths, prescription/manual medicine review gate and safe minimum cart metadata projection.	Pharmacy cart requests are non-authoritative intents; checkout is permitted only after explicit service/payment/insurance/prescription/manual-review eligibility, authoritative pharmacy offer/price/stock confirmation and minimum redacted metadata projection.	Pharmacy Cart/Offer/Order Saga + Clinical/Insurance Dependencies	NONE_FOUND_AFTER_TARGETED_SEARCH	FINAL_MAPPED	Manual mapping; payment/insurance truth remains R-05A/R-04 and no cart, order, prescription, payment or runtime service was accessed.
CONFIRMED_ROOT_PRIVACY_DEFECT_CLAIMS_PROJECTION_PAGINATION	F-2911	R-04A3	src/modules/insurance/insurance.module.ts:363–365,493–496	Insurance policy and claim reads expose full/raw data without owner-scoped minimum projection, pagination and retention controls.	Insurance policy/claim data is limited to authorized subject/purpose with DTO projection, pagination, audit and retention; public/full document is never default.	Insurance + Privacy/Security	NONE_FOUND_AFTER_TARGETED_SEARCH	FINAL_MAPPED	Manual mapping; document/OCR separate R-04C/R-07B. Independent Phase-4 reconciliation performed a source-exact search of DERIVED_DUPLICATE ledger evidence; no direct match was found. Historical sentinel/cross-candidate derived claim was replaced without changing raw IDs, root, exact evidence, cause, rule or owner.
CONFIRMED_ROOT_PRIVACY_DEFECT_CLIENT_AUDIT_INGEST_GOVERNANCE	F-942	R-13E	src/modules/compat/compat.module.ts:419–444	Support/client/audit intake accepts raw or weakly classified settings, messages, attachments or request bodies without a typed, bounded, retention-classified and privacy-safe command/audit contract.	Support/client inputs are typed, size/content-class bounded and classified before persistence; safe asset references replace raw attachments, retention/purpose/audit applies, and request-body capture is explicitly scoped/redacted.	Support + Client Platform + Privacy	NONE_FOUND_AFTER_TARGETED_SEARCH	FINAL_MAPPED	Manual mapping; media asset lifecycle remains R-07B and business workflow idempotency remains in its owning aggregate.
CONFIRMED_ROOT_PRIVACY_DEFECT_CLINICAL_NOTE_ASSIGNED_CLINICIAN_SCHEMA_VERSION_AUDIT	F-901	R-07A5	src/modules/doctors/doctors.module.ts:198–212,264	Clinical note lacks assigned clinician/schema version/audit provenance.	Clinical notes bind an assigned authorized clinician, versioned schema/provenance, minimum purpose projection and immutable audit.	Clinical Records + Privacy	NONE_FOUND_AFTER_TARGETED_SEARCH	FINAL_MAPPED	Manual clinical-record root; no clinical record was accessed.
CONFIRMED_ROOT_PRIVACY_DEFECT_COVERAGE_RETURNS_FULL_POLICY	F-2900	R-04A3	src/modules/insurance/insurance.module.ts:182–190,212–224	Insurance policy and claim reads expose full/raw data without owner-scoped minimum projection, pagination and retention controls.	Insurance policy/claim data is limited to authorized subject/purpose with DTO projection, pagination, audit and retention; public/full document is never default.	Insurance + Privacy/Security	NONE_FOUND_AFTER_TARGETED_SEARCH	FINAL_MAPPED	Manual mapping; document/OCR separate R-04C/R-07B. Independent Phase-4 reconciliation performed a source-exact search of DERIVED_DUPLICATE ledger evidence; no direct match was found. Historical sentinel/cross-candidate derived claim was replaced without changing raw IDs, root, exact evidence, cause, rule or owner.
CONFIRMED_ROOT_PRIVACY_DEFECT_DLQ_PAYLOAD_GOVERNANCE	F-833	R-09D	src/modules/event-reliability/event-reliability.module.ts:17–27,62–74	Dead-letter processing lacks redacted/retained payload governance, atomic claim lease/concurrency, truthful listener acknowledgement and bounded classified retry policy.	Dead-letter events retain minimum classified/redacted payloads under retention/access policy; processing uses atomic lease/claim, durable truthful acknowledge outcome, bounded classified retries/dead-letter escalation and immutable audit/reconciliation.	Event Platform + Privacy/Reliability	NONE_FOUND_AFTER_TARGETED_SEARCH	FINAL_MAPPED	Manual event-reliability subroot; no queue, event, DLQ or runtime operation was accessed.
CONFIRMED_ROOT_PRIVACY_DEFECT_DOCTOR_APPOINTMENT_INBOX_ROLE_FACILITY_PROJECTION	F-899	R-03D	src/modules/doctors/doctors.module.ts:152–158	Doctor appointment inbox lacks role/facility minimum projection.	Appointment inbox views enforce active role/facility/relationship scope and minimum redacted projection with audit.	Booking Privacy/Projection	NONE_FOUND_AFTER_TARGETED_SEARCH	FINAL_MAPPED	Manual booking projection root.
CONFIRMED_ROOT_PRIVACY_DEFECT_EVENT_RETENTION_GOVERNANCE	F-843	R-09A	src/modules/event-reliability/event-reliability.module.ts:17–38,76–97	The common event platform lacks a complete typed, redacted, versioned event registry and a durable idempotent delivery/replay/dead-letter/retention/observable-command contract.	Every cross-domain event uses a registered typed/versioned envelope with sensitivity classification, correlation/idempotency and a durable outbox/consumer ledger; replay, expiry, redaction, retention and operator actions are bounded and auditable.	Platform Events + Security/Privacy	F-2551,F-2552,F-2553,F-2555,F-2558,F-2560	FINAL_MAPPED	Manual mapping; domain-specific sagas remain in their aggregate roots and runtime transport durability remains separately gated.
CONFIRMED_ROOT_PRIVACY_DEFECT_EVENT_STATUS_PROJECTION	F-835	R-09A	src/modules/event-reliability/event-reliability.module.ts:76–97	The common event platform lacks a complete typed, redacted, versioned event registry and a durable idempotent delivery/replay/dead-letter/retention/observable-command contract.	Every cross-domain event uses a registered typed/versioned envelope with sensitivity classification, correlation/idempotency and a durable outbox/consumer ledger; replay, expiry, redaction, retention and operator actions are bounded and auditable.	Platform Events + Security/Privacy	F-2551,F-2552,F-2553,F-2555,F-2558,F-2560	FINAL_MAPPED	Manual mapping; domain-specific sagas remain in their aggregate roots and runtime transport durability remains separately gated.
CONFIRMED_ROOT_PRIVACY_DEFECT_EXPORT_ROW_SCOPE_PURPOSE_AUTHORIZATION	F-273	R-13A	src/modules/export/export.service.ts:9–13,40–63	Patient privacy/security settings, addresses, deletion and export flows lack a unified typed, versioned, idempotent lifecycle with default invariants, associated-data retention/hold, purpose scope and auditable delivery.	Patient data commands use validated field-level typed changes, reauthentication/version/idempotency as needed, authoritative address/default invariants, full associated-data retention/deletion/legal-hold manifests and scoped cancellable audited exports.	Patient Data Rights + Identity/Privacy	F-030,F-276	FINAL_MAPPED	Manual mapping; payment instrument, family consent, clinical records and release backups remain separate roots.
CONFIRMED_ROOT_PRIVACY_DEFECT_FACILITY_ADMISSION_CLINICAL_PURPOSE_PROJECTION_RETENTION_AUDIT	F-663	R-23B	src/modules/facility-ops/facility-ops.module.ts:29–50	Facility admissions, wards/beds, shifts, surgery and communications/resources lack unified branch/role/clinical-purpose controls, bounded transactional capacity, CAS/idempotency, truthful invalid outcome and audit/retention policy.	Facility resources use typed branch/role/purpose commands, bounded transactional ward/bed/OT capacity, idempotent admission/discharge/shift transitions, validated participant consent/capability, and minimum necessary audited/retained clinical/operational projections.	Facility Operations + Clinical Governance	NONE_FOUND_AFTER_TARGETED_SEARCH	FINAL_MAPPED	Manual mapping; attendance GPS remains R-11B and generic RBAC is a shared R-02A dependency.
CONFIRMED_ROOT_PRIVACY_DEFECT_FAMILY_CALENDAR_SCOPE_BOUNDS_REFERENCE_AUTHORITY	F-510	R-08B	src/modules/family/family.service.ts:314–360	Family delegated-health actions lack a single authoritative capability/consent contract for target membership, scope, expiry/revocation, audit, state/idempotency and bounded emergency/calendar/booking delegation.	Every delegated family action verifies an active recipient/target capability with explicit scope, purpose, expiry/revocation and audit; consent/membership state transitions are idempotent, and health, calendar, emergency-contact and booking references are minimized and server-authoritative.	Family Platform + Care + Clinical Privacy	F-012,F-043,F-045,F-508,F-511	FINAL_MAPPED	Manual mapping; family chat F-052/F-308/F-313/F-934 and home search F-252 are intentionally excluded for their own roots.
CONFIRMED_ROOT_PRIVACY_DEFECT_FAMILY_DELEGATED_HEALTH_CONSENT_EXPIRY_REVOCATION_AUDIT	F-505	R-08B	src/modules/family/family.service.ts:184–245	Family delegated-health actions lack a single authoritative capability/consent contract for target membership, scope, expiry/revocation, audit, state/idempotency and bounded emergency/calendar/booking delegation.	Every delegated family action verifies an active recipient/target capability with explicit scope, purpose, expiry/revocation and audit; consent/membership state transitions are idempotent, and health, calendar, emergency-contact and booking references are minimized and server-authoritative.	Family Platform + Care + Clinical Privacy	F-012,F-043,F-045,F-508,F-511	FINAL_MAPPED	Manual mapping; family chat F-052/F-308/F-313/F-934 and home search F-252 are intentionally excluded for their own roots.
CONFIRMED_ROOT_PRIVACY_DEFECT_FAMILY_EMERGENCY_CONTACT_CONSENT_MINIMIZATION	F-509	R-08B	src/modules/family/family.service.ts:293–309	Family delegated-health actions lack a single authoritative capability/consent contract for target membership, scope, expiry/revocation, audit, state/idempotency and bounded emergency/calendar/booking delegation.	Every delegated family action verifies an active recipient/target capability with explicit scope, purpose, expiry/revocation and audit; consent/membership state transitions are idempotent, and health, calendar, emergency-contact and booking references are minimized and server-authoritative.	Family Platform + Care + Clinical Privacy	F-012,F-043,F-045,F-508,F-511	FINAL_MAPPED	Manual mapping; family chat F-052/F-308/F-313/F-934 and home search F-252 are intentionally excluded for their own roots.
CONFIRMED_ROOT_PRIVACY_DEFECT_FAMILY_MEMBER_HEALTH_TARGET_MEMBERSHIP_AUTHORIZATION	F-504	R-08B	src/modules/family/family.service.ts:167–177	Family delegated-health actions lack a single authoritative capability/consent contract for target membership, scope, expiry/revocation, audit, state/idempotency and bounded emergency/calendar/booking delegation.	Every delegated family action verifies an active recipient/target capability with explicit scope, purpose, expiry/revocation and audit; consent/membership state transitions are idempotent, and health, calendar, emergency-contact and booking references are minimized and server-authoritative.	Family Platform + Care + Clinical Privacy	F-012,F-043,F-045,F-508,F-511	FINAL_MAPPED	Manual mapping; family chat F-052/F-308/F-313/F-934 and home search F-252 are intentionally excluded for their own roots.
CONFIRMED_ROOT_PRIVACY_DEFECT_HOMECARE_CATALOG_PROVIDER_PROFILE_PROJECTION_PAGINATION	F-720	R-10B	src/modules/home-care-compat/home-care-compat.module.ts:32–57	Home-care compatibility flow lacks truthful provider UI/backend route-payload contract, minimum catalog/provider projection, consented clinical/GPS visit report schema/audit, authorized care-plan/encounter authorship and versioned nursing clinical protocol provenance.	Home-care fulfillment uses one canonical provider UI/API contract with truthful error/context states; catalog/provider data is minimum bounded projection; visit reports and care plans require authorized author, subject relationship, consent, schema/version/protocol provenance and immutable audit. GPS measurement validity remains a separate R-11B dependency.	Home-care Fulfillment + Clinical Privacy	NONE_FOUND_AFTER_TARGETED_SEARCH	FINAL_MAPPED	Manual mapping; no nursing UI, home-care request, GPS, clinical report, protocol or runtime service was accessed.
CONFIRMED_ROOT_PRIVACY_DEFECT_HOMECARE_CLINICAL_GPS_VISIT_REPORT_CONSENT_SCHEMA_AUDIT	F-723	R-10B	src/modules/home-care-compat/home-care-compat.module.ts:158–180	Home-care compatibility flow lacks truthful provider UI/backend route-payload contract, minimum catalog/provider projection, consented clinical/GPS visit report schema/audit, authorized care-plan/encounter authorship and versioned nursing clinical protocol provenance.	Home-care fulfillment uses one canonical provider UI/API contract with truthful error/context states; catalog/provider data is minimum bounded projection; visit reports and care plans require authorized author, subject relationship, consent, schema/version/protocol provenance and immutable audit. GPS measurement validity remains a separate R-11B dependency.	Home-care Fulfillment + Clinical Privacy	NONE_FOUND_AFTER_TARGETED_SEARCH	FINAL_MAPPED	Manual mapping; no nursing UI, home-care request, GPS, clinical report, protocol or runtime service was accessed.
CONFIRMED_ROOT_PRIVACY_DEFECT_HOSPITAL_APPOINTMENT_BRANCH_TO_FACILITY_OWNERSHIP_VALIDATION	F-592	R-23A	src/modules/hospital/services/hospital.service.ts:162–170	Hospital branches, staff, affiliations, invitations and appointment ownership lack one verified membership/branch/facility relationship, typed DTO, credential review, expiry/revocation and atomic idempotent invitation lifecycle.	Hospital operations verify active actor membership and branch/facility relationship; staff/department DTOs are allowlisted, affiliations/credentials are reviewed, invitations are recipient-bound/expiring/revocable/idempotent, and appointment ownership/projections are purpose-scoped and audited.	Hospital Operations + Identity/Privacy	NONE_FOUND_AFTER_TARGETED_SEARCH	FINAL_MAPPED	Manual mapping; canonical appointment state belongs to R-03B, financial wallet ledger belongs to R-05D and generic authorization depends on R-02A.
CONFIRMED_ROOT_PRIVACY_DEFECT_HOSPITAL_INVITATION_ROLE_EXPIRY_REVOCATION_MINIMUM_PROJECTION	F-594	R-23A	src/modules/hospital/services/hospital.service.ts:54–93 ; src/modules/hospital/controllers/hospital.controller.ts:64–79	Hospital branches, staff, affiliations, invitations and appointment ownership lack one verified membership/branch/facility relationship, typed DTO, credential review, expiry/revocation and atomic idempotent invitation lifecycle.	Hospital operations verify active actor membership and branch/facility relationship; staff/department DTOs are allowlisted, affiliations/credentials are reviewed, invitations are recipient-bound/expiring/revocable/idempotent, and appointment ownership/projections are purpose-scoped and audited.	Hospital Operations + Identity/Privacy	NONE_FOUND_AFTER_TARGETED_SEARCH	FINAL_MAPPED	Manual mapping; canonical appointment state belongs to R-03B, financial wallet ledger belongs to R-05D and generic authorization depends on R-02A.
CONFIRMED_ROOT_PRIVACY_DEFECT_HOSPITAL_STAFF_OFFBOARDING_ASSIGNMENT_RETENTION_AUDIT	F-3807	R-23C	src/modules/hospital-staff/hospital-staff.module.ts:92–99	Hospital staff onboarding/maintenance lacks verified credential/qualification/approval, owner-account and permission invariants, fee provenance, typed commands, MFA/session/offboarding lifecycle, idempotency and purpose-safe audit projections.	Hospital staff records bind a verified qualified identity to one authoritative owner account and allowlisted permissions; credential approval, fee/currency provenance, typed commands, MFA/reset/revocation, suspension/offboarding, assignment retention, idempotency and immutable actor/reason audit are enforced.	Hospital Staff Operations + Security/Privacy	F-3800	FINAL_MAPPED	Manual mapping; payment settlement, clinical scheduling and external credential verification execution remain separate dependencies/gates.
CONFIRMED_ROOT_PRIVACY_DEFECT_HOSPITAL_STAFF_ROLE_PURPOSE_PROJECTION	F-3810	R-23C	src/modules/hospital-staff/hospital-staff.module.ts:66–80	Hospital staff onboarding/maintenance lacks verified credential/qualification/approval, owner-account and permission invariants, fee provenance, typed commands, MFA/session/offboarding lifecycle, idempotency and purpose-safe audit projections.	Hospital staff records bind a verified qualified identity to one authoritative owner account and allowlisted permissions; credential approval, fee/currency provenance, typed commands, MFA/reset/revocation, suspension/offboarding, assignment retention, idempotency and immutable actor/reason audit are enforced.	Hospital Staff Operations + Security/Privacy	F-3800	FINAL_MAPPED	Manual mapping; payment settlement, clinical scheduling and external credential verification execution remain separate dependencies/gates.
CONFIRMED_ROOT_PRIVACY_DEFECT_INSURANCE_DOCUMENT_GOVERNANCE	F-635	R-04C	src/modules/insurance-engine/insurance-engine.module.ts:33–67,280–287	Insurance document handling lacks purpose-bound secure document governance.	Insurance documents reference approved private assets with consent/purpose, scan/provenance/retention/minimum projection and audited access.	Insurance Documents + Privacy	NONE_FOUND_AFTER_TARGETED_SEARCH	FINAL_MAPPED	Manual mapping to insurance document/OCR root.
CONFIRMED_ROOT_PRIVACY_DEFECT_INSURANCE_OCR_INPUT_GOVERNANCE	F-2903	R-04C	src/modules/insurance/insurance.module.ts:227–251	Insurance OCR, policy upload and NPHIES interaction lack a consented safe document intake, provenance/review, private lifecycle and national-identifier endpoint scope contract.	Insurance documents use approved safe assets with consent/purpose, scan/quarantine/provenance/reviewer lifecycle, private retention and redacted projection; NPHIES access is purpose/subject-scoped with national-ID minimization/audit.	Insurance Documents + Privacy + Compliance	F-059,F-075	FINAL_MAPPED	Manual mapping; generic asset mechanics are R-07B/R-22C and live NPHIES verification remains external.
CONFIRMED_ROOT_PRIVACY_DEFECT_INSURANCE_POLICY_DATA_GOVERNANCE	F-633	R-04A3	src/modules/insurance-engine/insurance-engine.module.ts:232–246	Insurance policy and claim reads expose full/raw data without owner-scoped minimum projection, pagination and retention controls.	Insurance policy/claim data is limited to authorized subject/purpose with DTO projection, pagination, audit and retention; public/full document is never default.	Insurance + Privacy/Security	NONE_FOUND_AFTER_TARGETED_SEARCH	FINAL_MAPPED	Manual mapping; document/OCR separate R-04C/R-07B. Independent Phase-4 reconciliation performed a source-exact search of DERIVED_DUPLICATE ledger evidence; no direct match was found. Historical sentinel/cross-candidate derived claim was replaced without changing raw IDs, root, exact evidence, cause, rule or owner.
CONFIRMED_ROOT_PRIVACY_DEFECT_LEGAL_ACCEPTANCE_ARCHIVE_OWNER_SCOPE_AUTHORIZATION	F-494	R-24A	src/modules/legal/legal-enterprise.controller.ts:43–53 ; src/modules/legal/legal-enterprise.service.ts:79–94	Legal policy and acceptance handling lacks immutable typed consent value/version/artifact evidence, owner/org scope, Arabic artifact fidelity, effective/publication rules, unique idempotent archive lifecycle, device/platform provenance and bounded pending applicability.	Every consent/acceptance records an immutable typed value, policy version/effective artifact digest and authorized subject/organization scope; policy publication is allowlisted/versioned, acceptance is unique/idempotent/archive-durable with device/platform provenance and pending applicability is explicitly bounded/audited.	Legal/Compliance + Privacy	F-1509	FINAL_MAPPED	Manual mapping; family/clinical/insurance consent and generic approval workflow remain specialized roots with legal-evidence dependency where applicable.
CONFIRMED_ROOT_PRIVACY_DEFECT_LIVEKIT_ADMIN_ROOM_PROJECTION_ACCESS_AUDIT	F-351	R-18C	src/modules/livekit/livekit.service.ts:259–298	Video/call and TURN credentials lack verified call/participant/session binding, signed webhook acceptance, safe credential issuance/rotation, call-state/idempotency and privacy-safe metrics/admin projection lifecycle.	Call access and TURN credentials are issued only for an authorized active participant/session with audience/expiry/one-time/no-store controls; webhook and remote actions are verified/idempotent, state/attendance is authoritative and metrics/admin views are minimized/audited/retained by policy.	Calls/LiveKit/TURN + Security/Privacy	F-353,F-627,F-628,F-629,F-630,F-631	FINAL_MAPPED	Manual mapping; runtime TURN/LiveKit connectivity and credential rotation remain external verification gates.
CONFIRMED_ROOT_PRIVACY_DEFECT_LIVEKIT_CALL_METRICS_SCHEMA_RETENTION_AUDIT	F-350	R-18C	src/modules/livekit/livekit.service.ts:219–225	Video/call and TURN credentials lack verified call/participant/session binding, signed webhook acceptance, safe credential issuance/rotation, call-state/idempotency and privacy-safe metrics/admin projection lifecycle.	Call access and TURN credentials are issued only for an authorized active participant/session with audience/expiry/one-time/no-store controls; webhook and remote actions are verified/idempotent, state/attendance is authoritative and metrics/admin views are minimized/audited/retained by policy.	Calls/LiveKit/TURN + Security/Privacy	F-353,F-627,F-628,F-629,F-630,F-631	FINAL_MAPPED	Manual mapping; runtime TURN/LiveKit connectivity and credential rotation remain external verification gates.
CONFIRMED_ROOT_PRIVACY_DEFECT_MAIL_JOB_PROVIDER_ERROR_RECIPIENT_REDACTED_LOG_DLQ	F-1120	R-09B	src/modules/notifications/processors/mail.processor.ts:13–17	Mail queue failure throws a raw provider error that can retain recipient/delivery data without redacted telemetry, bounded DLQ payload or privacy-safe failure correlation.	Notification delivery uses redacted minimum-necessary telemetry and DLQ payloads, immutable delivery command identity, provider receipt/failure provenance, bounded retention and durable reconciliation; a failed provider result is never disclosure-safe by default.	Notification Platform + Privacy	NONE_FOUND_AFTER_TARGETED_SEARCH	FINAL_MAPPED	Manual mapping from frozen backend archive. F-1118/F-1123 and F-1119 remain existing OTP mappings; F-1122 DLQ configuration/redaction/retention remains a runtime verification gate and F-1126 remains rejected. No OTP, mail queue, recipient, provider or runtime service was accessed.
CONFIRMED_ROOT_PRIVACY_DEFECT_MAIL_RECIPIENT_SUBJECT_PROVIDER_ERROR_RAW_LOG_EVENT_TELEMETRY	F-460	R-09B	src/modules/mail/mail.module.ts:77–90	Mail service logs and emits recipient, subject and raw provider errors into telemetry/event payloads without redaction/minimum-necessary policy.	Notification delivery is an approved-audience/template command with redacted telemetry, immutable command/idempotency key, provider request/receipt/failure provenance, bounded timeout/retry/ambiguous-outcome policy and durable reconciliation. Provider fallback may not imply successful or unique delivery; OTP lifecycle remains owned by the authentication challenge contract.	Notification Platform + Privacy	NONE_FOUND_AFTER_TARGETED_SEARCH	FINAL_MAPPED	Manual mapping from frozen backend archive. F-459/F-465 remain under the separate OTP/auth lifecycle; F-464 is product decision for transport operations. No mail provider, recipient, template, event or runtime service was accessed.
CONFIRMED_ROOT_PRIVACY_DEFECT_MATERNITY_PATIENT_OPERATION_FULL_PERSISTED_REPRODUCTIVE_INFANT_PROFILE_PROJECTION	F-423	R-07C	src/modules/maternity/maternity.service.ts:51–53,92–116,118–126,129–154	Maternity operations return the complete persisted reproductive/infant profile rather than a minimum-necessary purpose-scoped projection.	Sensitive health tracking is a purpose-scoped clinical read model: write commands have stable event IDs, idempotency/CAS and audit provenance; reads are side-effect free and return a minimum-necessary versioned projection with explicit self-reported/estimate provenance. It is not diagnostic, medical-advice or reproductive-care authority.	Clinical Data Platform + Privacy	NONE_FOUND_AFTER_TARGETED_SEARCH	FINAL_MAPPED	Manual mapping from frozen backend archive. F-427 is the explicit derived duplicate for the event replay boundary. Product-decision items F-425/F-426/F-428 remain separate; no patient profile or runtime operation was accessed.
CONFIRMED_ROOT_PRIVACY_DEFECT_MEDICAL_REPORT_ENCOUNTER_PROVIDER_PATIENT_AUTHORITY	F-300	R-07A3	src/modules/medical-reports/medical-reports.service.ts:32–57	Medical reports lack encounter/provider/patient authority and least-data report/attachment projection/lifecycle.	Report access and mutation require verified encounter/provider/patient relationship and purpose; output is minimized/audited and report attachments use approved safe assets.	Medical Reports + Clinical Privacy	NONE_FOUND_AFTER_TARGETED_SEARCH	FINAL_MAPPED	Manual mapping; report attachment depends on R-07B2. Independent Phase-4 reconciliation performed a source-exact search of DERIVED_DUPLICATE ledger evidence; no direct match was found. Historical sentinel/cross-candidate derived claim was replaced without changing raw IDs, root, exact evidence, cause, rule or owner.
CONFIRMED_ROOT_PRIVACY_DEFECT_MEDICAL_REPORT_LEAST_DATA_PROJECTION	F-940	R-07A3	src/modules/compat/compat.module.ts:341–368	Medical reports lack encounter/provider/patient authority and least-data report/attachment projection/lifecycle.	Report access and mutation require verified encounter/provider/patient relationship and purpose; output is minimized/audited and report attachments use approved safe assets.	Medical Reports + Clinical Privacy	NONE_FOUND_AFTER_TARGETED_SEARCH	FINAL_MAPPED	Manual mapping; report attachment depends on R-07B2. Independent Phase-4 reconciliation performed a source-exact search of DERIVED_DUPLICATE ledger evidence; no direct match was found. Historical sentinel/cross-candidate derived claim was replaced without changing raw IDs, root, exact evidence, cause, rule or owner.
CONFIRMED_ROOT_PRIVACY_DEFECT_MEDICAL_REPORT_PHI_ATTACHMENT_CONTENT_LIFECYCLE	F-301	R-07A3	src/modules/medical-reports/medical-reports.service.ts:36–56	Medical reports lack encounter/provider/patient authority and least-data report/attachment projection/lifecycle.	Report access and mutation require verified encounter/provider/patient relationship and purpose; output is minimized/audited and report attachments use approved safe assets.	Medical Reports + Clinical Privacy	NONE_FOUND_AFTER_TARGETED_SEARCH	FINAL_MAPPED	Manual mapping; report attachment depends on R-07B2. Independent Phase-4 reconciliation performed a source-exact search of DERIVED_DUPLICATE ledger evidence; no direct match was found. Historical sentinel/cross-candidate derived claim was replaced without changing raw IDs, root, exact evidence, cause, rule or owner.
CONFIRMED_ROOT_PRIVACY_DEFECT_MEDICAL_REPORT_ROLE_PROJECTION_READ_AUDIT	F-302	R-07A3	src/modules/medical-reports/medical-reports.service.ts:24–30	Medical report reads return broad report records with patient/admin distinction only, without role/purpose-specific minimum PHI projection, sensitive-read audit or bounded search policy.	Medical reports bind a verified encounter/provider/patient authority and least-data versioned report/attachment projection. Every read is purpose/role-scoped, minimum necessary and audit-provenanced; sharing uses a separate consented capability.	Clinical Records + Privacy	NONE_FOUND_AFTER_TARGETED_SEARCH	FINAL_MAPPED	Manual mapping from frozen backend archive. Existing medical report authority/attachment mappings remain unchanged; F-303 share capability is a product decision. No report, attachment, timeline, patient data or runtime operation was accessed.
CONFIRMED_ROOT_PRIVACY_DEFECT_MENTAL_HEALTH_CREATE_CONTACT_FULL_PERSISTED_DOCUMENT_PROJECTION	F-419	R-07C	src/modules/mental-health/mental-health.service.ts:105–111,157–164,190–197,207–210,224–231	Mental-health create/contact methods return persisted full documents, exposing fields beyond purpose-specific minimum DTO and audit/projection policy.	Sensitive wellbeing data uses patient-owned typed bounded idempotent commands with replay/actor activity audit; mood, notes, tags and crisis contacts are purpose/consent-scoped minimum projections with pagination/cursor and retention policy. Aggregates use bounded database-side or precomputed windows with explicit self-reported provenance and never infer diagnosis, risk, availability or clinical action.	Patient Health Profile + Privacy + Wellbeing	NONE_FOUND_AFTER_TARGETED_SEARCH	FINAL_MAPPED	Manual mapping from frozen backend archive. Sensitive-PHI consent/step-up and retention/DSAR/crisis policy observations remain product decisions. No mood, note, contact, meditation record, patient data or runtime operation was accessed.
CONFIRMED_ROOT_PRIVACY_DEFECT_NOTIFICATION_AUDIENCE_CONSENT_PREFERENCE_SUPPRESSION_SCOPE	F-858	R-09B	src/modules/admin-notification-center/admin-notification-center.module.ts:93–119	Notification preferences, campaign/reminder commands and delivery/read outcomes lack a unified approved-audience/template/link, atomic claim/idempotency, provider receipt/failure and privacy-safe analytics contract.	Notification commands use consent/preference/suppression-aware authoritative audience snapshots, approved localized templates and scoped links; campaigns/reminders are idempotent leased jobs with durable attempts/receipts/read outcomes, bounded analytics and actor/reason audit.	Notifications + Admin Operations + Patient Mobile	F-032,F-154,F-167,F-871,F-906,F-1496,F-1497,F-1498	FINAL_MAPPED	Manual mapping; OTP/mail/SMS transport, chat/realtime and domain event production are deliberately excluded for separate roots.
CONFIRMED_ROOT_PRIVACY_DEFECT_NOTIFICATION_AUDIENCE_DELIVERY_GOVERNANCE	F-989	R-09B	src/modules/compat/admin-spa.module.ts:920–989	Notification preferences, campaign/reminder commands and delivery/read outcomes lack a unified approved-audience/template/link, atomic claim/idempotency, provider receipt/failure and privacy-safe analytics contract.	Notification commands use consent/preference/suppression-aware authoritative audience snapshots, approved localized templates and scoped links; campaigns/reminders are idempotent leased jobs with durable attempts/receipts/read outcomes, bounded analytics and actor/reason audit.	Notifications + Admin Operations + Patient Mobile	F-032,F-154,F-167,F-871,F-906,F-1496,F-1497,F-1498	FINAL_MAPPED	Manual mapping; OTP/mail/SMS transport, chat/realtime and domain event production are deliberately excluded for separate roots.
CONFIRMED_ROOT_PRIVACY_DEFECT_NPHIES_ENDPOINT_NATIONAL_ID_SCOPE	F-2907	R-04C	src/modules/insurance/insurance.module.ts:290–312,478–481	Insurance OCR, policy upload and NPHIES interaction lack a consented safe document intake, provenance/review, private lifecycle and national-identifier endpoint scope contract.	Insurance documents use approved safe assets with consent/purpose, scan/quarantine/provenance/reviewer lifecycle, private retention and redacted projection; NPHIES access is purpose/subject-scoped with national-ID minimization/audit.	Insurance Documents + Privacy + Compliance	F-059,F-075	FINAL_MAPPED	Manual mapping; generic asset mechanics are R-07B/R-22C and live NPHIES verification remains external.
CONFIRMED_ROOT_PRIVACY_DEFECT_NUTRITION_FULL_PROFILE_LOG_ALLERGY_RESTRICTION_MEASUREMENT_PROJECTION	F-430	R-07C	src/modules/nutrition/nutrition.service.ts:69–73,103–110,114–131,146–153,167–179	Nutrition profile/log commands lack idempotency/replay/audit, expose broad allergy/restriction/measurement data and unbounded history, use inefficient unbounded daily reads and present user-entered macro/exercise values without self-reported provenance.	Nutrition data uses authorized typed idempotent profile/log commands with audit; data is minimum purpose-scoped projection, history is time-zone declared and bounded, summaries use bounded aggregate computation, and user-entered nutrition/exercise values are explicitly self-reported rather than clinical truth.	Patient Health Profile + Privacy	NONE_FOUND_AFTER_TARGETED_SEARCH	FINAL_MAPPED	Manual mapping; no nutrition, allergy, restriction, measurement or health data was accessed.
CONFIRMED_ROOT_PRIVACY_DEFECT_OPERATIONAL_FALLBACK_PROVIDER_PROJECTION	F-812	R-21H	src/modules/operations-safety/operations-safety.module.ts:116–125	Operations safety has unversioned SLA clocks, incomplete/unknown or privacy-unsafe reports, false escalation success and broad fallback/penalty projections.	Operational SLA/escalation read-models use versioned policy clocks, explicit unknown/freshness/completeness, truthful command outcomes, purpose-scoped minimum provider/penalty projections, bounded pagination and audit.	Operations Safety + Privacy	NONE_FOUND_AFTER_TARGETED_SEARCH	FINAL_MAPPED	Manual mapping; provider allocation and financial settlement remain owning-domain dependencies.
CONFIRMED_ROOT_PRIVACY_DEFECT_OPERATIONAL_PENALTY_LIST_SCOPE_PAGINATION	F-813	R-21H	src/modules/operations-safety/operations-safety.module.ts:128–146	Operations safety has unversioned SLA clocks, incomplete/unknown or privacy-unsafe reports, false escalation success and broad fallback/penalty projections.	Operational SLA/escalation read-models use versioned policy clocks, explicit unknown/freshness/completeness, truthful command outcomes, purpose-scoped minimum provider/penalty projections, bounded pagination and audit.	Operations Safety + Privacy	NONE_FOUND_AFTER_TARGETED_SEARCH	FINAL_MAPPED	Manual mapping; provider allocation and financial settlement remain owning-domain dependencies.
CONFIRMED_ROOT_PRIVACY_DEFECT_OPERATIONAL_SLA_REPORT_PROJECTION_COMPLETENESS	F-804	R-21H	src/modules/operations-safety/operations-safety.module.ts:56–81	Operations safety has unversioned SLA clocks, incomplete/unknown or privacy-unsafe reports, false escalation success and broad fallback/penalty projections.	Operational SLA/escalation read-models use versioned policy clocks, explicit unknown/freshness/completeness, truthful command outcomes, purpose-scoped minimum provider/penalty projections, bounded pagination and audit.	Operations Safety + Privacy	NONE_FOUND_AFTER_TARGETED_SEARCH	FINAL_MAPPED	Manual mapping; provider allocation and financial settlement remain owning-domain dependencies.
CONFIRMED_ROOT_PRIVACY_DEFECT_PATIENT_AUDIT_ACTIVITY_SAFE_PROJECTION	F-848	R-22G	src/modules/security/security.module.ts:42–53,152–159	Audit/security logging lacks durable append-safe persistence, classified/redacted details, bounded regex/cursor/query budgets, purpose-safe admin/patient projections, trusted correlation normalization and URL-query redaction.	Audit data is append-durable and tamper-evident with classified/redacted fields; reads are purpose-scoped minimum projections with bounded query/cursor controls and access audit; correlation IDs and URL/query metadata are normalized/trusted/redacted before logging.	Security/Audit Platform + Privacy	NONE_FOUND_AFTER_TARGETED_SEARCH	FINAL_MAPPED	Manual mapping; no audit log, user activity or request data was accessed.
CONFIRMED_ROOT_PRIVACY_DEFECT_PATIENT_REBOOK_ALLOWLISTED_DATA_CLASSIFICATION	F-796	R-03D	src/modules/patient-ux/patient-ux.module.ts:131–138	Patient rebook flow carries unclassified data across booking context.	Rebooking transfers only allowlisted classified data through authorized canonical booking projection; clinical/insurance/payment fields are rederived server-side.	Booking Privacy/Projection	NONE_FOUND_AFTER_TARGETED_SEARCH	FINAL_MAPPED	Manual mapping to booking projection root.
CONFIRMED_ROOT_PRIVACY_DEFECT_POLICY_UPLOAD_GOVERNANCE	F-2905	R-04C	src/modules/insurance/insurance.module.ts:254–283	Insurance OCR, policy upload and NPHIES interaction lack a consented safe document intake, provenance/review, private lifecycle and national-identifier endpoint scope contract.	Insurance documents use approved safe assets with consent/purpose, scan/quarantine/provenance/reviewer lifecycle, private retention and redacted projection; NPHIES access is purpose/subject-scoped with national-ID minimization/audit.	Insurance Documents + Privacy + Compliance	F-059,F-075	FINAL_MAPPED	Manual mapping; generic asset mechanics are R-07B/R-22C and live NPHIES verification remains external.
CONFIRMED_ROOT_PRIVACY_DEFECT_PRESENCE_ONLINE_LAST_SEEN_DEVICE_COUNT_NO_RELATIONSHIP_PURPOSE_POLICY	F-332	R-18D	src/modules/presence/presence.service.ts:19–20,63–72	Presence service has non-atomic multi-device disconnect transitions, discloses online/last-seen/device count without relationship/purpose policy, permits unbounded arbitrary bulk lookups and reports Redis outage as offline/zero truth.	Presence uses atomic device/session lifecycle, explicit relationship/purpose/consent minimum projection, bounded scoped bulk access and an explicit unavailable/degraded state when Redis cannot establish authoritative presence; it never fabricates offline/zero.	Realtime Platform + Privacy + Reliability	NONE_FOUND_AFTER_TARGETED_SEARCH	FINAL_MAPPED	Manual mapping; Redis/presence runtime behavior remains an external verification gate and no user presence data was accessed.
CONFIRMED_ROOT_PRIVACY_DEFECT_PROVIDER_CONTRACT_DEFAULT_DENY_VISIBILITY_GRANT	F-622	R-21D	src/modules/provider-onboarding/provider-onboarding.module.ts:249–269	Provider onboarding lacks a verified provider identity/credential and account-provenance gate, encrypted/retained typed draft and minimum progress projection, default-deny contract visibility, durable submit/moderation and immutable resubmission review-state lifecycle.	Provider onboarding binds a verified credentialed identity to a controlled account record; drafts are typed/encrypted/retention-bounded, progress and contracts are minimum/default-deny, submit/moderation is durable/idempotent/audited, and resubmission follows a versioned immutable review state machine.	Provider Onboarding + Identity/Privacy	F-626	FINAL_MAPPED	Manual mapping; contract artifact safe-media mechanics are R-07B3/R-22C and verified public search projection is R-12B.
CONFIRMED_ROOT_PRIVACY_DEFECT_PROVIDER_DELTA_RAW_PII_LIST_NO_PROJECTION_PAGINATION_MASKING	F-386	R-21L	src/modules/admin-web-core/controllers/provider-moderation.controller.ts:44–49	Provider-delta moderation lacks privileged role/permission/step-up actor boundary, minimum masked list, canonical profile target, atomic apply/status/event, durable cleanup, CAS/idempotency/reviewer audit and truthful zero-apply/downstream outcome.	Provider moderation uses a step-up authorized reviewer and canonical provider target, masked/bounded PII views, versioned CAS/idempotent review commands, atomic profile-apply/status/outbox where possible, durable cleanup/reconciliation and immutable reviewer/reason/outcome audit.	Provider Onboarding/Moderation + Privacy/Security	NONE_FOUND_AFTER_TARGETED_SEARCH	FINAL_MAPPED	Manual mapping; storage mechanics remain R-22C and provider onboarding draft lifecycle remains R-21D. No moderation or storage action was performed.
CONFIRMED_ROOT_PRIVACY_DEFECT_PROVIDER_JOB_QUEUE_MINIMUM_NECESSARY_CLINICAL_CONTACT_DTO	F-1272	R-16G	src/modules/provider-jobs/provider-jobs.module.ts:150–174	Provider job queues can expose excess clinical/contact data, fabricate commercial defaults, use global unbounded pagination, lack actor/role provenance and accept weak command identifier/reason input.	Provider job queues use minimum necessary clinical/contact DTOs, authoritative commercial fields, bounded scoped pagination, verified actor/role provenance and typed validated idempotent command reasons with audit.	Provider Jobs + Clinical Privacy + Workflow	NONE_FOUND_AFTER_TARGETED_SEARCH	FINAL_MAPPED	Manual provider-jobs root; queue execution and runtime workers were not accessed.
CONFIRMED_ROOT_PRIVACY_DEFECT_PROVIDER_MATCH_PROJECTION	F-767	R-16E	src/modules/workflow-engine/workflow-engine.module.ts:354–357,460–471	Provider matching lacks minimum provider projection, validated location, authoritative availability and bounded/reconciled matching workload.	Provider matching uses active verified provider/facility/capability/availability/location records, minimum projections, bounded query/workload behavior and durable reconciled match outcomes; no cached/client claim is authoritative.	Workflow Platform + Provider Operations + Privacy	NONE_FOUND_AFTER_TARGETED_SEARCH	FINAL_MAPPED	Manual provider-match subroot; delivery/location/GPS and provider profile roots remain dependencies.
CONFIRMED_ROOT_PRIVACY_DEFECT_PROVIDER_ONBOARDING_DRAFT_SNAPSHOT_TYPED_ENCRYPTED_RETENTION_BOUNDARY	F-616	R-21D	src/modules/provider-onboarding/provider-onboarding.module.ts:80–100,102–114,117–185	Provider onboarding lacks a verified provider identity/credential and account-provenance gate, encrypted/retained typed draft and minimum progress projection, default-deny contract visibility, durable submit/moderation and immutable resubmission review-state lifecycle.	Provider onboarding binds a verified credentialed identity to a controlled account record; drafts are typed/encrypted/retention-bounded, progress and contracts are minimum/default-deny, submit/moderation is durable/idempotent/audited, and resubmission follows a versioned immutable review state machine.	Provider Onboarding + Identity/Privacy	F-626	FINAL_MAPPED	Manual mapping; contract artifact safe-media mechanics are R-07B3/R-22C and verified public search projection is R-12B.
CONFIRMED_ROOT_PRIVACY_DEFECT_PROVIDER_ONBOARDING_PROFILE_PROGRESS_MINIMUM_PROJECTION	F-617	R-21D	src/modules/provider-onboarding/provider-onboarding.module.ts:187–193,381–385	Provider onboarding lacks a verified provider identity/credential and account-provenance gate, encrypted/retained typed draft and minimum progress projection, default-deny contract visibility, durable submit/moderation and immutable resubmission review-state lifecycle.	Provider onboarding binds a verified credentialed identity to a controlled account record; drafts are typed/encrypted/retention-bounded, progress and contracts are minimum/default-deny, submit/moderation is durable/idempotent/audited, and resubmission follows a versioned immutable review state machine.	Provider Onboarding + Identity/Privacy	F-626	FINAL_MAPPED	Manual mapping; contract artifact safe-media mechanics are R-07B3/R-22C and verified public search projection is R-12B.
CONFIRMED_ROOT_PRIVACY_DEFECT_PROVIDER_PAYOUT_BANK_DATA_PROJECTION	F-488	R-05B2	src/modules/payouts/provider-payouts.controller.ts:80–97,111–114	Payout request and list responses expose raw withdrawal documents containing bank-identifying fields instead of a redacted minimum-necessary projection.	Provider payout/withdrawal requires a verified provider organization and bank context, a reserved immutable ledger amount, explicit versioned approve/reject/settle/reverse transitions, separation of duties and immutable actor/reason audit. Payout request/list responses expose only a purpose-authorized, redacted projection; controller success is never settlement proof.	Finance/Payouts + Provider/Admin + Privacy	NONE_FOUND_AFTER_TARGETED_SEARCH	FINAL_MAPPED	Manual mapping from frozen backend archive. Existing idempotency/index mapping F-489 and derived F-733 remain unchanged. Runtime settlement, cross-ledger invariant and aggregation claims remain separate verification gates; no bank account, ledger, payout or runtime operation was accessed.
CONFIRMED_ROOT_PRIVACY_DEFECT_PROVIDER_PUBLIC_SEARCH_ESCAPE_BOUNDS_MINIMUM_VERIFIED_PROJECTION	F-625	R-12B	src/modules/provider-onboarding/provider-onboarding.module.ts:391–428	Public and cross-domain discovery searches lack consistent bounded/escaped query, sensitivity, verified-publication, minimum projection and retention contracts.	Discovery/search inputs are typed, escaped and resource-bounded; results are from verified/publication-authorized entities only, return minimum public DTOs, protect sensitive terms and apply pagination/cursor/retention/audit policy.	Public Discovery/Search + Privacy	NONE_FOUND_AFTER_TARGETED_SEARCH	FINAL_MAPPED	Manual mapping; admin directory, recruitment, ratings and other vertical searches remain specialized roots.
CONFIRMED_ROOT_PRIVACY_DEFECT_PUBLIC_INSURANCE_RULE_PROJECTION	F-2898	R-04B	src/modules/insurance/insurance.module.ts:111–125,427–448	Public insurance network/catalog exposure lacks verified publication/governance filtering, minimum public rule projection and typed validated catalog mutation contract.	Public insurance catalog/network results are limited to verified current governed records with minimum safe public DTOs; catalog commands use typed validation, authorized/versioned publication lifecycle and reconciliation/audit.	Insurance Platform + Catalog Governance	F-074,F-1847,F-1848	FINAL_MAPPED	Manual mapping; release/import execution remains R-15 and policy decision/co-pay remains R-04A.
CONFIRMED_ROOT_PRIVACY_DEFECT_PUBLIC_RATING_ANONYMOUS_REDACTED_PROJECTION	F-1155	R-21F	src/modules/ratings/ratings.module.ts:60–77	Ratings lack verified completed patient-provider/entity eligibility, unique atomic command semantics, canonical provider aggregate/reconciliation, anonymous minimum public projection, bounded query/DTO validation and index verification.	Ratings are accepted only for verified completed patient-provider/entity relationships, unique/idempotent and validated commands, canonical provider identity aggregates with reconciliation, anonymous/redacted public views, bounded pagination and verified indexes.	Patient Experience + Trust/Safety + Provider Governance	NONE_FOUND_AFTER_TARGETED_SEARCH	FINAL_MAPPED	Manual mapping; booking completion and provider identity are authoritative dependencies, not rating-owned truth.
CONFIRMED_ROOT_PRIVACY_DEFECT_PUBLIC_SEARCH_PUBLICATION_DISCLOSURE	F-3776	R-12B	src/modules/seo-search/seo-search.module.ts:125–133	Public and cross-domain discovery searches lack consistent bounded/escaped query, sensitivity, verified-publication, minimum projection and retention contracts.	Discovery/search inputs are typed, escaped and resource-bounded; results are from verified/publication-authorized entities only, return minimum public DTOs, protect sensitive terms and apply pagination/cursor/retention/audit policy.	Public Discovery/Search + Privacy	NONE_FOUND_AFTER_TARGETED_SEARCH	FINAL_MAPPED	Manual mapping; admin directory, recruitment, ratings and other vertical searches remain specialized roots.
CONFIRMED_ROOT_PRIVACY_DEFECT_PUBLIC_SSE_BOOKING_EVENT_PROJECTION	F-1128	R-18A	src/modules/realtime/realtime.sse.ts:32–35	Public booking SSE maps full emitted payloads without an audience-minimized public event DTO, tenant/subject projection or durable offline/replay contract.	Realtime/SSE subscriptions require a server-issued expiring scoped capability tied to a verified subject/booking/tenant relationship; public status, if permitted, is a separate opaque capability and minimum event DTO. Connections, heartbeats, subscriptions and buffers have per-principal budgets, bounded lifetime/backpressure and explicit degraded/replay/acknowledgement semantics. A stream is never authorization or delivery proof.	Realtime Platform + Security/Privacy	F-1130,F-1131,F-1134	FINAL_MAPPED	Manual mapping from frozen backend archive. F-1133 disconnect teardown and F-1137 global metrics/policy integration remain runtime verification gates. No realtime connection, event, booking, tenant data or runtime service was accessed.
CONFIRMED_ROOT_PRIVACY_DEFECT_RAW_BODY_CONTENT_TYPE_LIFECYCLE_REDACTION_BOUNDARY	F-1296	R-13E	src/main.ts:89–95	Support/client/audit intake accepts raw or weakly classified settings, messages, attachments or request bodies without a typed, bounded, retention-classified and privacy-safe command/audit contract.	Support/client inputs are typed, size/content-class bounded and classified before persistence; safe asset references replace raw attachments, retention/purpose/audit applies, and request-body capture is explicitly scoped/redacted.	Support + Client Platform + Privacy	NONE_FOUND_AFTER_TARGETED_SEARCH	FINAL_MAPPED	Manual mapping; media asset lifecycle remains R-07B and business workflow idempotency remains in its owning aggregate.
CONFIRMED_ROOT_PRIVACY_DEFECT_REALTIME_EVENT_AUDIENCE_PROJECTION_REDACTION	F-294	R-18A	src/modules/realtime/realtime.gateway.ts:210–301,423–498	Realtime/websocket transports expose query credentials or uncontrolled origin/room/payload behavior and lack authenticated bounded event authorization, audience projection, offline acknowledgement/replay and transport-abuse controls.	Realtime connections use secure handshake credential handling, normalized origin allowlist, expiry/revocation, bounded typed payloads and per-event authorization; delivery is audience-minimized, acknowledged/replayable with explicit degraded state and legacy global/client-controlled rooms are removed or hardened.	Realtime Platform + Security/Privacy	F-298,F-299,F-356,F-357,F-358,F-1130,F-1131,F-1134,F-2419,F-2421,F-2428,F-2429	FINAL_MAPPED	Manual mapping; domain SSE booking privacy remains R-03D and event-platform durability is R-09A.
CONFIRMED_ROOT_PRIVACY_DEFECT_RECRUITMENT_CV_LICENSE_SECURE_STORAGE_SCAN_EXPIRY_RETENTION	F-1140	R-21B	src/modules/recruitment/recruitment.module.ts:23–49	Recruitment jobs/applications lack one authoritative candidate principal, facility/publication/legal state, credential/CV lifecycle, unique application, typed query/projection and actor/CAS/audit contract.	Recruitment commands verify candidate principal and facility authority, accept typed bounded inputs, secure/scan/retain credentials and CVs by policy, use unique idempotent applications, versioned legal-state transitions with actor audit, and expose only published minimum job/application projections through bounded queries.	Recruitment Platform + Facility Governance + Privacy	F-1151	FINAL_MAPPED	Manual mapping; safe storage is R-22C/R-07B, consent evidence is R-24A and durable event infrastructure is R-09A/R-16.
CONFIRMED_ROOT_PRIVACY_DEFECT_RECRUITMENT_FACILITY_APPLICATION_CANDIDATE_CONSENT_REDACTED_PROJECTION	F-1147	R-21B	src/modules/recruitment/recruitment.module.ts:162–181	Recruitment jobs/applications lack one authoritative candidate principal, facility/publication/legal state, credential/CV lifecycle, unique application, typed query/projection and actor/CAS/audit contract.	Recruitment commands verify candidate principal and facility authority, accept typed bounded inputs, secure/scan/retain credentials and CVs by policy, use unique idempotent applications, versioned legal-state transitions with actor audit, and expose only published minimum job/application projections through bounded queries.	Recruitment Platform + Facility Governance + Privacy	F-1151	FINAL_MAPPED	Manual mapping; safe storage is R-22C/R-07B, consent evidence is R-24A and durable event infrastructure is R-09A/R-16.
CONFIRMED_ROOT_PRIVACY_DEFECT_RECRUITMENT_PUBLIC_JOB_CURSOR_MINIMUM_PROJECTION	F-1144	R-21B	src/modules/recruitment/recruitment.module.ts:90–117	Recruitment jobs/applications lack one authoritative candidate principal, facility/publication/legal state, credential/CV lifecycle, unique application, typed query/projection and actor/CAS/audit contract.	Recruitment commands verify candidate principal and facility authority, accept typed bounded inputs, secure/scan/retain credentials and CVs by policy, use unique idempotent applications, versioned legal-state transitions with actor audit, and expose only published minimum job/application projections through bounded queries.	Recruitment Platform + Facility Governance + Privacy	F-1151	FINAL_MAPPED	Manual mapping; safe storage is R-22C/R-07B, consent evidence is R-24A and durable event infrastructure is R-09A/R-16.
CONFIRMED_ROOT_PRIVACY_DEFECT_RECRUITMENT_PUBLIC_JOB_DETAIL_PUBLISHED_SAFE_PROJECTION	F-1143	R-21B	src/modules/recruitment/recruitment.module.ts:114–117,264–267	Recruitment jobs/applications lack one authoritative candidate principal, facility/publication/legal state, credential/CV lifecycle, unique application, typed query/projection and actor/CAS/audit contract.	Recruitment commands verify candidate principal and facility authority, accept typed bounded inputs, secure/scan/retain credentials and CVs by policy, use unique idempotent applications, versioned legal-state transitions with actor audit, and expose only published minimum job/application projections through bounded queries.	Recruitment Platform + Facility Governance + Privacy	F-1151	FINAL_MAPPED	Manual mapping; safe storage is R-22C/R-07B, consent evidence is R-24A and durable event infrastructure is R-09A/R-16.
CONFIRMED_ROOT_PRIVACY_DEFECT_REDIS_CACHE_PUBLIC_DTO_STATUS_PII_SCHEMA_ALLOWLIST	F-2499	R-13D	src/common/redis-cache.interceptor.ts:30–35	Operational telemetry, Sentry/context, logs and cache responses lack a consistent sensitive-field classification, redaction/clearance, cardinality/retention and safe public DTO/key policy.	Observability and caches collect/emit only allowlisted classified fields, clear request/user context deterministically, redact secrets/PHI/identifiers, bound metric labels and retention, and use explicit public DTO/cache namespace policies with auditable failure handling.	Operations/Observability + Security/Privacy	F-1309,F-1313,F-1520,F-1526,F-2485,F-2491,F-2493,F-3759	FINAL_MAPPED	Manual mapping; cache availability/invalidation/reliability and runtime readiness remain R-16/R-26 dependencies.
CONFIRMED_ROOT_PRIVACY_DEFECT_REDIS_CACHE_SANITIZED_CANONICAL_LOCATION_VARIANCE_KEY_NAMESPACE	F-2498	R-13D	src/common/redis-cache.interceptor.ts:23–24	Operational telemetry, Sentry/context, logs and cache responses lack a consistent sensitive-field classification, redaction/clearance, cardinality/retention and safe public DTO/key policy.	Observability and caches collect/emit only allowlisted classified fields, clear request/user context deterministically, redact secrets/PHI/identifiers, bound metric labels and retention, and use explicit public DTO/cache namespace policies with auditable failure handling.	Operations/Observability + Security/Privacy	F-1309,F-1313,F-1520,F-1526,F-2485,F-2491,F-2493,F-3759	FINAL_MAPPED	Manual mapping; cache availability/invalidation/reliability and runtime readiness remain R-16/R-26 dependencies.
CONFIRMED_ROOT_PRIVACY_DEFECT_REFERRAL_DASHBOARD_RELATED_USER_NAME_STATUS_REWARD_DISCLOSURE_POLICY	F-261	R-05C	src/modules/referral/referral.service.ts:58–87	Referral flow has schema/collection drift, non-atomic invite attribution, collision-prone/nonunique code assignment and broad related-user/reward dashboard disclosure.	Referrals use one versioned canonical schema, cryptographically strong unique codes, atomic idempotent inviter/invitee attribution, canonical commercial ledger conversion and minimum redacted reward/dashboard projection with audit.	Commercial/Loyalty Platform + Privacy	NONE_FOUND_AFTER_TARGETED_SEARCH	FINAL_MAPPED	Manual mapping; existing referral conversion/loyalty settlement root mapping remains unchanged and no referral data was accessed.
CONFIRMED_ROOT_PRIVACY_DEFECT_REQUEST_URL_QUERY_LOG_REDACTION	F-851	R-22G	src/modules/security/security.module.ts:109–115	Audit/security logging lacks durable append-safe persistence, classified/redacted details, bounded regex/cursor/query budgets, purpose-safe admin/patient projections, trusted correlation normalization and URL-query redaction.	Audit data is append-durable and tamper-evident with classified/redacted fields; reads are purpose-scoped minimum projections with bounded query/cursor controls and access audit; correlation IDs and URL/query metadata are normalized/trusted/redacted before logging.	Security/Audit Platform + Privacy	NONE_FOUND_AFTER_TARGETED_SEARCH	FINAL_MAPPED	Manual mapping; no audit log, user activity or request data was accessed.
CONFIRMED_ROOT_PRIVACY_DEFECT_RETURN_DOCUMENT_CONTENT_GOVERNANCE	F-486	R-07B2	src/modules/returns/returns.service.ts:73–120,156–163	Support/return/custom-service attachment paths accept raw PII/clinical media without a typed safe-asset reference, ownership/purpose and idempotent lifecycle.	Attachment-bearing domain commands reference approved scoped media assets only; patient/provider/operation purpose is checked, content is minimized/audited and lifecycle follows retention policy.	Support + Returns + Custom Services + Media Platform	F-232,F-605,F-566	FINAL_MAPPED	Manual mapping; generic media mechanics depend on R-07B1.
CONFIRMED_ROOT_PRIVACY_DEFECT_RETURN_ROLE_BASED_PROJECTIONS	F-481	R-05B1	src/modules/returns/returns.service.ts:44–71,105–120,136–143,156–185	Return reads expose raw request objects across patient/admin/provider contexts instead of role/purpose-specific minimum projections.	Refund/return is created and settled only from an eligible server-owned order, booking and payment state. Amount, currency, return-policy version, scope and reversal are canonical and auditable; admin/provider/patient queues expose only purpose-authorized minimum projections with bounded cursor/pagination. Attachment lifecycle remains a separate safe-asset root.	Payments/Finance + Returns + Privacy	NONE_FOUND_AFTER_TARGETED_SEARCH	FINAL_MAPPED	Manual mapping from frozen backend archive. Existing F-479/F-483 settlement and F-485 derived saga mapping stay unchanged; F-486 attachment governance remains the distinct R-07B2 root. No refund, payment, order, document or runtime service was accessed.
CONFIRMED_ROOT_PRIVACY_DEFECT_SECURITY_EVENT_ADMIN_PROJECTION_AND_RETENTION	F-695	R-22F	src/modules/api-security/api-security.module.ts:197–207	API abuse controls can fail open or use non-atomic counters/raw URL policy, lack degraded enforcement/reconciliation and privacy-safe security-event governance/admin projection/retention.	Abuse controls use canonical normalized route/policy keys, atomic distributed limits with fail-closed or explicit degraded enforcement/reconciliation, and security events use minimum redacted/audited retention and scoped admin projections.	API Security + Platform Reliability + Privacy	NONE_FOUND_AFTER_TARGETED_SEARCH	FINAL_MAPPED	Manual mapping; Redis availability/atomic primitive runtime behavior remains R-16A external verification gate.
CONFIRMED_ROOT_PRIVACY_DEFECT_SECURITY_EVENT_GOVERNANCE	F-690	R-22F	src/modules/api-security/api-security.module.ts:54–70	API abuse controls can fail open or use non-atomic counters/raw URL policy, lack degraded enforcement/reconciliation and privacy-safe security-event governance/admin projection/retention.	Abuse controls use canonical normalized route/policy keys, atomic distributed limits with fail-closed or explicit degraded enforcement/reconciliation, and security events use minimum redacted/audited retention and scoped admin projections.	API Security + Platform Reliability + Privacy	NONE_FOUND_AFTER_TARGETED_SEARCH	FINAL_MAPPED	Manual mapping; Redis availability/atomic primitive runtime behavior remains R-16A external verification gate.
CONFIRMED_ROOT_PRIVACY_DEFECT_SENTRY_DSN_OBSERVABILITY_PII_SCRUBBED_USER_CONTEXT_POLICY	F-1289	R-13D	src/main.ts:1–6,86–87	Operational telemetry, Sentry/context, logs and cache responses lack a consistent sensitive-field classification, redaction/clearance, cardinality/retention and safe public DTO/key policy.	Observability and caches collect/emit only allowlisted classified fields, clear request/user context deterministically, redact secrets/PHI/identifiers, bound metric labels and retention, and use explicit public DTO/cache namespace policies with auditable failure handling.	Operations/Observability + Security/Privacy	F-1309,F-1313,F-1520,F-1526,F-2485,F-2491,F-2493,F-3759	FINAL_MAPPED	Manual mapping; cache availability/invalidation/reliability and runtime readiness remain R-16/R-26 dependencies.
CONFIRMED_ROOT_PRIVACY_DEFECT_SENTRY_EXCEPTION_CONTEXT_TOKEN_SECRET_PII_MEDICAL_REDACTION	F-2486	R-13D	src/common/sentry.filter.ts:21–29	Operational telemetry, Sentry/context, logs and cache responses lack a consistent sensitive-field classification, redaction/clearance, cardinality/retention and safe public DTO/key policy.	Observability and caches collect/emit only allowlisted classified fields, clear request/user context deterministically, redact secrets/PHI/identifiers, bound metric labels and retention, and use explicit public DTO/cache namespace policies with auditable failure handling.	Operations/Observability + Security/Privacy	F-1309,F-1313,F-1520,F-1526,F-2485,F-2491,F-2493,F-3759	FINAL_MAPPED	Manual mapping; cache availability/invalidation/reliability and runtime readiness remain R-16/R-26 dependencies.
CONFIRMED_ROOT_PRIVACY_DEFECT_SENTRY_REQUEST_SCOPED_USER_CONTEXT_CLEARANCE	F-2487	R-13D	src/common/sentry.filter.ts:12–18	Operational telemetry, Sentry/context, logs and cache responses lack a consistent sensitive-field classification, redaction/clearance, cardinality/retention and safe public DTO/key policy.	Observability and caches collect/emit only allowlisted classified fields, clear request/user context deterministically, redact secrets/PHI/identifiers, bound metric labels and retention, and use explicit public DTO/cache namespace policies with auditable failure handling.	Operations/Observability + Security/Privacy	F-1309,F-1313,F-1520,F-1526,F-2485,F-2491,F-2493,F-3759	FINAL_MAPPED	Manual mapping; cache availability/invalidation/reliability and runtime readiness remain R-16/R-26 dependencies.
CONFIRMED_ROOT_PRIVACY_DEFECT_SEO_INDEXABILITY_LIFECYCLE_GATE	F-3765	R-12C	src/modules/seo-search/seo-search.module.ts:23–44,81–105	SEO/public catalog routes lack typed canonical identity, public DTO/indexability/publication gates, truthful commercial metadata, safe XML and durable catalog-publication projection semantics.	SEO/publication emits only type-allowlisted canonical entities with collision-safe identity, verified publication/indexability lifecycle, minimum public fields, truthful price/availability/LLM metadata, escaped XML and durable reconciled projection updates.	SEO/Public Discovery + Catalog Governance	F-2548,F-3773	FINAL_MAPPED	Manual mapping; IndexNow transport/release, clinical medicine recommendation and cache/runtime gates remain separate dependencies.
CONFIRMED_ROOT_PRIVACY_DEFECT_SERVICE_CATALOG_ADMIN_SEARCH_PROJECTION_CURSOR_SCOPE	F-710	R-12A	src/modules/service-catalog/service-catalog.module.ts:119–127	Service catalog commands lack a single typed allowlisted owner/version/approval/schedule/publication lifecycle with immutable-field and projection controls.	Catalog entries use typed entity/owner/field rules, explicit capability/approval/reason/version/idempotency, bounded schedule semantics, immutable patch/delete protections and least-data admin/public projections; publication follows a durable reconciled lifecycle.	Service Catalog + Provider Governance	F-612,F-715,F-717,F-937,F-949,F-2834	FINAL_MAPPED	Manual mapping; provider/facility authorization F-709 and slot/timezone F-713 remain in R-02/R-03 dependencies.
CONFIRMED_ROOT_PRIVACY_DEFECT_SLOT_LOCK_MINE_BOUNDED_MINIMUM_PROJECTION_EXPIRY_FILTER	F-677	R-03D	src/modules/slot-locks/slot-locks.module.ts:54	Slot-lock mine endpoint lacks a bounded minimum projection and expiry filter for relationship-scoped reservation data.	Booking/slot read models expose only requester-authorized active reservation fields with expiry/pagination/projection policy.	Booking Platform + Privacy/Security	NONE_FOUND_AFTER_TARGETED_SEARCH	FINAL_MAPPED	Manual split from slot atomicity root into booking projection root. Independent Phase-4 reconciliation performed a source-exact search of DERIVED_DUPLICATE ledger evidence; no direct match was found. Historical sentinel/cross-candidate derived claim was replaced without changing raw IDs, root, exact evidence, cause, rule or owner.
CONFIRMED_ROOT_PRIVACY_DEFECT_TELEMETRY_QUERY_STRING_ROUTE_LABEL_LEAK_CARDINALITY	F-1519	R-13D	src/modules/ops/metrics.interceptor.ts:15–21,26–29	Telemetry can leak query route labels/sensitive endpoint categories, create uncontrolled cardinality or hide timeout/backpressure/partial pipeline and HTTP-status semantic states.	Telemetry uses normalized route templates and allowlisted low-cardinality labels, sensitive category/redaction policy, bounded nonblocking budgets/backpressure, explicit partial/drop/reconciliation state and canonical HTTP outcome taxonomy.	Observability + Privacy	NONE_FOUND_AFTER_TARGETED_SEARCH	FINAL_MAPPED	Manual mapping; no telemetry, Sentry, metrics service or runtime operation was accessed.
CONFIRMED_ROOT_PRIVACY_DEFECT_TELEMETRY_SENSITIVE_ENDPOINT_CATEGORY_REDACTION_POLICY	F-1522	R-13D	src/modules/ops/metrics.interceptor.ts:28–41	Telemetry can leak query route labels/sensitive endpoint categories, create uncontrolled cardinality or hide timeout/backpressure/partial pipeline and HTTP-status semantic states.	Telemetry uses normalized route templates and allowlisted low-cardinality labels, sensitive category/redaction policy, bounded nonblocking budgets/backpressure, explicit partial/drop/reconciliation state and canonical HTTP outcome taxonomy.	Observability + Privacy	NONE_FOUND_AFTER_TARGETED_SEARCH	FINAL_MAPPED	Manual mapping; no telemetry, Sentry, metrics service or runtime operation was accessed.
CONFIRMED_ROOT_PRIVACY_EVENT_DEFECT_EVENTBUS_RAW_UNBOUNDED_PAYLOAD_NO_TYPED_REDACTED_REGISTRY	F-607	R-09A	src/modules/events/event-bus.service.ts:7–21,36–51	The common event platform lacks a complete typed, redacted, versioned event registry and a durable idempotent delivery/replay/dead-letter/retention/observable-command contract.	Every cross-domain event uses a registered typed/versioned envelope with sensitivity classification, correlation/idempotency and a durable outbox/consumer ledger; replay, expiry, redaction, retention and operator actions are bounded and auditable.	Platform Events + Security/Privacy	F-2551,F-2552,F-2553,F-2555,F-2558,F-2560	FINAL_MAPPED	Manual mapping; domain-specific sagas remain in their aggregate roots and runtime transport durability remains separately gated.
CONFIRMED_ROOT_PRIVACY_SECURITY_DEFECT_USERS_ARBITRARY_PRIVACY_SECURITY_SETTINGS_BROAD_SENSITIVE_PROFILE_RAW_BODY_NO_REAUTH_VERSION_AUDIT	F-170	R-13A	src/modules/users/users.service.ts:138–169,273–283	Patient privacy/security settings, addresses, deletion and export flows lack a unified typed, versioned, idempotent lifecycle with default invariants, associated-data retention/hold, purpose scope and auditable delivery.	Patient data commands use validated field-level typed changes, reauthentication/version/idempotency as needed, authoritative address/default invariants, full associated-data retention/deletion/legal-hold manifests and scoped cancellable audited exports.	Patient Data Rights + Identity/Privacy	F-030,F-276	FINAL_MAPPED	Manual mapping; payment instrument, family consent, clinical records and release backups remain separate roots.
CONFIRMED_ROOT_PRODUCT_TRUTH_DEFECT_ADMIN_COMMAND_CENTER_COMPLETENESS_CURSOR_FRESHNESS_METADATA	F-1012	R-21C	src/modules/admin-command-center/admin-command-center.module.ts:40–59	Admin command center combines operational state from heterogeneous sources without verified scope/freshness/completeness/confidence, canonical identity resolution, purpose-safe PHI/payment projections, redacted failure snapshots or audited bounded detail reads.	Admin command center is a read-model only: it resolves canonical identities and source metadata, presents explicit freshness/completeness/confidence/stuck state, enforces provider/admin/purpose scope, exposes minimum redacted PHI/payment details and validates/audits bounded detail requests; it never creates domain truth.	Admin Operations + Privacy + Domain Owners	NONE_FOUND_AFTER_TARGETED_SEARCH	FINAL_MAPPED	Manual mapping; finance, clinical, booking, provider and identity aggregates retain source-of-truth ownership and mutation authority.
CONFIRMED_ROOT_PRODUCT_TRUTH_DEFECT_ADMIN_COMMAND_CENTER_UNIVERSAL_STATE_UNKNOWN_SOURCE_CONFIDENCE	F-1017	R-21C	src/modules/admin-command-center/admin-command-center.module.ts:48–59,103–112	Admin command center combines operational state from heterogeneous sources without verified scope/freshness/completeness/confidence, canonical identity resolution, purpose-safe PHI/payment projections, redacted failure snapshots or audited bounded detail reads.	Admin command center is a read-model only: it resolves canonical identities and source metadata, presents explicit freshness/completeness/confidence/stuck state, enforces provider/admin/purpose scope, exposes minimum redacted PHI/payment details and validates/audits bounded detail requests; it never creates domain truth.	Admin Operations + Privacy + Domain Owners	NONE_FOUND_AFTER_TARGETED_SEARCH	FINAL_MAPPED	Manual mapping; finance, clinical, booking, provider and identity aggregates retain source-of-truth ownership and mutation authority.
CONFIRMED_ROOT_PRODUCT_TRUTH_DEFECT_ADMIN_COMMAND_CENTER_VERIFIED_PROVIDER_STATUS_SCOPE_FRESHNESS	F-1014	R-21C	src/modules/admin-command-center/admin-command-center.module.ts:79–84	Admin command center combines operational state from heterogeneous sources without verified scope/freshness/completeness/confidence, canonical identity resolution, purpose-safe PHI/payment projections, redacted failure snapshots or audited bounded detail reads.	Admin command center is a read-model only: it resolves canonical identities and source metadata, presents explicit freshness/completeness/confidence/stuck state, enforces provider/admin/purpose scope, exposes minimum redacted PHI/payment details and validates/audits bounded detail requests; it never creates domain truth.	Admin Operations + Privacy + Domain Owners	NONE_FOUND_AFTER_TARGETED_SEARCH	FINAL_MAPPED	Manual mapping; finance, clinical, booking, provider and identity aggregates retain source-of-truth ownership and mutation authority.
CONFIRMED_ROOT_PRODUCT_TRUTH_DEFECT_ADMIN_PROVIDER_DELTA_APPROVAL_FALSE_SUCCESS_NO_APPLY	F-322	R-16D	src/modules/admin/admin.controller.ts:555–575	Provider delta approval can report success without applied state and lacks redacted cursor projection/read audit.	Approval outcomes are canonical applied/versioned states with truthful result; queues expose minimum redacted bounded projections with audited reads.	Approval Workflow + Privacy	NONE_FOUND_AFTER_TARGETED_SEARCH	FINAL_MAPPED	Manual reassignment to approval workflow root.
CONFIRMED_ROOT_PRODUCT_TRUTH_DEFECT_ANALYTICS_CANONICAL_FUNNEL_CONVERSION_CANCELLATION_STATE_VOCABULARY	F-742	R-21E	src/modules/analytics/analytics.module.ts:69–83,109–116	Analytics lacks bounded query/resource controls, canonical provider identity and funnel/state vocabulary, consented/provenanced activity taxonomy, UTC retention/cohort source, materialized workload isolation and explicit unknown metric/schema health states.	Analytics is a bounded read-model with typed finite query limits, canonical identities/state vocabulary, consented event taxonomy/provenance, explicit retention/time semantics, materialized/isolated workloads and declared unknown/freshness/confidence rather than fabricated metrics.	Analytics/Data Platform + Privacy	NONE_FOUND_AFTER_TARGETED_SEARCH	FINAL_MAPPED	Manual mapping; sensitive search-term policy is already R-12B/R-13 dependency, while settled financial metrics belong to R-05D.
CONFIRMED_ROOT_PRODUCT_TRUTH_DEFECT_ANALYTICS_OVERVIEW_PERIOD_CURRENCY_SETTLEMENT_CONFIDENCE_PROVENANCE	F-745	R-05D	src/modules/analytics/analytics.module.ts:70–116	Analytics revenue/overview metrics lack canonical settled/refund/insurance/currency/period ledger scope and confidence/provenance.	Financial analytics derives only from canonical settled ledger and insurance/refund events with explicit currency/period scope, reproducible aggregation and source confidence/provenance.	Finance/Reporting + Analytics	NONE_FOUND_AFTER_TARGETED_SEARCH	FINAL_MAPPED	Manual reassignment to financial reporting/settlement root; analytics remains a read-model.
CONFIRMED_ROOT_PRODUCT_TRUTH_DEFECT_ANALYTICS_SETTLED_REVENUE_REFUND_CURRENCY_INSURANCE_PERIOD_SCOPE	F-739	R-05D	src/modules/analytics/analytics.module.ts:28–57	Analytics revenue/overview metrics lack canonical settled/refund/insurance/currency/period ledger scope and confidence/provenance.	Financial analytics derives only from canonical settled ledger and insurance/refund events with explicit currency/period scope, reproducible aggregation and source confidence/provenance.	Finance/Reporting + Analytics	NONE_FOUND_AFTER_TARGETED_SEARCH	FINAL_MAPPED	Manual reassignment to financial reporting/settlement root; analytics remains a read-model.
CONFIRMED_ROOT_PRODUCT_TRUTH_DEFECT_BOOKING_OPS_CANONICAL_INVOICE_TAX_COVERAGE_LEDGER_AUTHORITY	F-961	R-05D	src/modules/booking-ops/booking-ops.module.ts:83–103	Booking invoice/tax/coverage output lacks canonical ledger and settlement authority.	Invoices/taxes/coverage contributions derive from canonical versioned booking/insurance/payment ledger entries with reproducible currency and audit; no booking-ops local truth is authoritative.	Finance/Settlement + Insurance	NONE_FOUND_AFTER_TARGETED_SEARCH	FINAL_MAPPED	Manual reassignment from booking surface to financial reporting/settlement root.
CONFIRMED_ROOT_PRODUCT_TRUTH_DEFECT_BOOKING_OPS_PAYMENT_STATE_LEDGER_PSP_AUTHORITY	F-963	R-05A1	src/modules/booking-ops/booking-ops.module.ts:106–120	Booking payment state can be marked outside the canonical PSP/ledger authority.	Booking payment transitions require canonical payment intent/provider verification and immutable ledger state; booking-ops cannot directly mark success/failure.	Payments + Booking Operations	F-970	FINAL_MAPPED	Manual reassignment to payment authority root; insurance dependencies remain R-04.
CONFIRMED_ROOT_PRODUCT_TRUTH_DEFECT_DOCTORS_DEMO_SEED_PRODUCTION_GUARD_PROVENANCE	F-892	R-15C	src/modules/doctors/doctors.module.ts:10–17,42–49	Doctor demo seed lacks production guard/provenance.	Reference/demo data is target-guarded, explicitly non-production or approved/versioned/provenanced with no false verified production claim.	Release/Data Governance	NONE_FOUND_AFTER_TARGETED_SEARCH	FINAL_MAPPED	Manual reference-data safety root; no seed executed.
CONFIRMED_ROOT_PRODUCT_TRUTH_DEFECT_HOSPITAL_STAFF_CONSULTATION_FEE_CURRENCY_PROVENANCE	F-3803	R-23C	src/modules/hospital-staff/hospital-staff.module.ts:39–65	Hospital staff onboarding/maintenance lacks verified credential/qualification/approval, owner-account and permission invariants, fee provenance, typed commands, MFA/session/offboarding lifecycle, idempotency and purpose-safe audit projections.	Hospital staff records bind a verified qualified identity to one authoritative owner account and allowlisted permissions; credential approval, fee/currency provenance, typed commands, MFA/reset/revocation, suspension/offboarding, assignment retention, idempotency and immutable actor/reason audit are enforced.	Hospital Staff Operations + Security/Privacy	F-3800	FINAL_MAPPED	Manual mapping; payment settlement, clinical scheduling and external credential verification execution remain separate dependencies/gates.
CONFIRMED_ROOT_PRODUCT_TRUTH_DEFECT_HOSPITAL_WALLET_CANONICAL_LEDGER_PERIOD_CURRENCY_REFUND_RECONCILIATION	F-597	R-05D	src/modules/hospital/services/hospital.service.ts:189–198	Commercial settlement/invoice/reporting can use non-authoritative amount, currency, period or ledger sources and lacks reconciliation boundary.	Financial reports and invoices derive only from canonical immutable settlement/ledger entries with currency, period, refund/reversal and provenance.	Finance/Accounting + Reporting	F-240,F-497,F-649,F-654,F-879,F-884,F-890,F-955	FINAL_MAPPED	Manual mapping; hospital wallet reporting.
CONFIRMED_ROOT_PRODUCT_TRUTH_DEFECT_NOTIFICATION_LOCALIZED_TEMPLATE_CHANNEL_GOVERNANCE	F-869	R-09B	src/modules/admin-notification-center/admin-notification-center.module.ts:299–304,319–324	Notification preferences, campaign/reminder commands and delivery/read outcomes lack a unified approved-audience/template/link, atomic claim/idempotency, provider receipt/failure and privacy-safe analytics contract.	Notification commands use consent/preference/suppression-aware authoritative audience snapshots, approved localized templates and scoped links; campaigns/reminders are idempotent leased jobs with durable attempts/receipts/read outcomes, bounded analytics and actor/reason audit.	Notifications + Admin Operations + Patient Mobile	F-032,F-154,F-167,F-871,F-906,F-1496,F-1497,F-1498	FINAL_MAPPED	Manual mapping; OTP/mail/SMS transport, chat/realtime and domain event production are deliberately excluded for separate roots.
CONFIRMED_ROOT_PRODUCT_TRUTH_DEFECT_NOTIFICATION_QUEUE_DELIVERY_OUTCOME_SEMANTICS	F-862	R-09B	src/modules/admin-notification-center/admin-notification-center.module.ts:192–212	Notification preferences, campaign/reminder commands and delivery/read outcomes lack a unified approved-audience/template/link, atomic claim/idempotency, provider receipt/failure and privacy-safe analytics contract.	Notification commands use consent/preference/suppression-aware authoritative audience snapshots, approved localized templates and scoped links; campaigns/reminders are idempotent leased jobs with durable attempts/receipts/read outcomes, bounded analytics and actor/reason audit.	Notifications + Admin Operations + Patient Mobile	F-032,F-154,F-167,F-871,F-906,F-1496,F-1497,F-1498	FINAL_MAPPED	Manual mapping; OTP/mail/SMS transport, chat/realtime and domain event production are deliberately excluded for separate roots.
CONFIRMED_ROOT_PRODUCT_TRUTH_DEFECT_NOTIFICATION_RETARGET_CANONICAL_CART_ORDER_PAYMENT_CONSENT_CLAIM	F-868	R-09B	src/modules/admin-notification-center/admin-notification-center.module.ts:283–329	Notification preferences, campaign/reminder commands and delivery/read outcomes lack a unified approved-audience/template/link, atomic claim/idempotency, provider receipt/failure and privacy-safe analytics contract.	Notification commands use consent/preference/suppression-aware authoritative audience snapshots, approved localized templates and scoped links; campaigns/reminders are idempotent leased jobs with durable attempts/receipts/read outcomes, bounded analytics and actor/reason audit.	Notifications + Admin Operations + Patient Mobile	F-032,F-154,F-167,F-871,F-906,F-1496,F-1497,F-1498	FINAL_MAPPED	Manual mapping; OTP/mail/SMS transport, chat/realtime and domain event production are deliberately excluded for separate roots.
CONFIRMED_ROOT_PRODUCT_TRUTH_DEFECT_NURSING_CLINICAL_REFERENCE_PROTOCOL_VERSION_GOVERNANCE	F-728	R-10B	src/modules/home-care-compat/home-care-compat.module.ts:228–272	Home-care compatibility flow lacks truthful provider UI/backend route-payload contract, minimum catalog/provider projection, consented clinical/GPS visit report schema/audit, authorized care-plan/encounter authorship and versioned nursing clinical protocol provenance.	Home-care fulfillment uses one canonical provider UI/API contract with truthful error/context states; catalog/provider data is minimum bounded projection; visit reports and care plans require authorized author, subject relationship, consent, schema/version/protocol provenance and immutable audit. GPS measurement validity remains a separate R-11B dependency.	Home-care Fulfillment + Clinical Privacy	NONE_FOUND_AFTER_TARGETED_SEARCH	FINAL_MAPPED	Manual mapping; no nursing UI, home-care request, GPS, clinical report, protocol or runtime service was accessed.
CONFIRMED_ROOT_PRODUCT_TRUTH_DEFECT_PATIENT_REFUND_CANONICAL_SETTLEMENT_AMOUNT_CURRENCY_CAP	F-791	R-05B1	src/modules/patient-ux/patient-ux.module.ts:69–79	Refund/return commands and UI state lack one server-authoritative, idempotent settlement lifecycle; amount/eligibility/request ID/attachment/output can be client-derived or fabricated.	Refund/return is only created and settled from an eligible server-owned order/booking/payment state; amount/currency/policy and reversal are authoritative and auditable.	Payments/Finance + Returns + Patient Mobile	F-076,F-485,F-544,F-548,F-803	FINAL_MAPPED	Manual mapping; F-641 also depends on R-04 insurance decision state.
CONFIRMED_ROOT_PRODUCT_TRUTH_DEFECT_PATIENT_REVIEW_TYPED_CONTENT_MODERATION_AGGREGATION_AUDIT	F-790	R-21F	src/modules/patient-ux/patient-ux.module.ts:36–67	Patient review workflow lacks typed content moderation, completed-entity eligibility, canonical aggregation and audit.	Reviews are accepted only from eligible completed relationships, use typed/sanitized moderated content, canonical aggregation and immutable audit/appeal lifecycle.	Patient Experience + Trust/Safety	NONE_FOUND_AFTER_TARGETED_SEARCH	FINAL_MAPPED	Manual mapping; public review projection/search remains a separate discovery concern.
CONFIRMED_ROOT_PRODUCT_TRUTH_DEFECT_PRODUCTION_VERIFIER_FALSE_GO_READY_MESSAGE	F-1357	R-15E	src/scripts/verify-production.ts:40–45	Production verifier has configuration-name drift, narrow/false capability coverage, full app side effects, incomplete Mongo/Redis/integration proofs, false-ready messaging and weak deadline/lock/cleanup/redacted artifact/exit taxonomy control.	Production verification is an isolated non-mutating, target-bound and lock-budgeted check matrix; it validates exact declared configuration, dependency identity/TLS/auth/index/migration readiness, bounded Redis/integration/webhook/idempotency capabilities, emits structured redacted evidence/exit taxonomy, always cleans context, and never claims GO from partial checks.	Release Engineering/SRE + Security	F-1358	FINAL_MAPPED	Manual mapping; verifier was not executed and all live dependency/PSP/Mongo/Redis checks remain separate external runtime gates.
CONFIRMED_ROOT_PRODUCT_TRUTH_DEFECT_PROVIDER_JOB_COMMERCIAL_DEFAULT_FABRICATION	F-1274	R-16G	src/modules/provider-jobs/provider-jobs.module.ts:121–140	Provider job queues can expose excess clinical/contact data, fabricate commercial defaults, use global unbounded pagination, lack actor/role provenance and accept weak command identifier/reason input.	Provider job queues use minimum necessary clinical/contact DTOs, authoritative commercial fields, bounded scoped pagination, verified actor/role provenance and typed validated idempotent command reasons with audit.	Provider Jobs + Clinical Privacy + Workflow	NONE_FOUND_AFTER_TARGETED_SEARCH	FINAL_MAPPED	Manual provider-jobs root; queue execution and runtime workers were not accessed.
CONFIRMED_ROOT_PRODUCT_TRUTH_DEFECT_RATINGS_CANONICAL_COMPLETED_ENTITY_PATIENT_PROVIDER_ELIGIBILITY	F-1152	R-21F	src/modules/ratings/ratings.module.ts:17–24,32–44	Ratings lack verified completed patient-provider/entity eligibility, unique atomic command semantics, canonical provider aggregate/reconciliation, anonymous minimum public projection, bounded query/DTO validation and index verification.	Ratings are accepted only for verified completed patient-provider/entity relationships, unique/idempotent and validated commands, canonical provider identity aggregates with reconciliation, anonymous/redacted public views, bounded pagination and verified indexes.	Patient Experience + Trust/Safety + Provider Governance	NONE_FOUND_AFTER_TARGETED_SEARCH	FINAL_MAPPED	Manual mapping; booking completion and provider identity are authoritative dependencies, not rating-owned truth.
CONFIRMED_ROOT_PRODUCT_TRUTH_DEFECT_REDIS_CACHE_RANKING_AVAILABILITY_PRICE_AUTHORIZATION_INVALIDATION	F-2502	R-16B	src/common/redis-cache.interceptor.ts:30–35	Generic response caching has no domain-aware eligibility/invalidation contract for ranking, availability, price or authorization-sensitive truth and may serve stale/incorrect commercial state.	Cache entries use bounded normalized keys/serialization, safe miss on corruption, single-flight and resource budgets, explicit write/error sequencing, stale/invalidation/reconciliation metrics and never override authoritative state.	Platform Reliability + Data Access + Commercial Domain Owners	F-2503	FINAL_MAPPED	Manual mapping from frozen backend archive. Existing cache privacy/mechanics mappings remain unchanged; F-2507/F-2508 remain runtime integration gates. No Redis, cache value, session, response or runtime route was accessed.
CONFIRMED_ROOT_PRODUCT_TRUTH_DEFECT_WAITING_ROOM_SYNTHETIC_ETA	F-296	R-18E	src/modules/realtime/realtime.gateway.ts:389–409	Realtime waiting room keeps queues in process memory, derives ETA as position times a fixed 15 minutes and emits ready solely for position one, without authoritative clinician/session capacity, actual start, reconnect/recovery or truthful stale/unavailable lifecycle.	Waiting-room position and estimated start are server-authoritative operational projections correlated to an authorized appointment and current clinician/session state. Estimates carry freshness/confidence and are withdrawn on disconnect/recovery; queue position is not consultation start, attendance, clinical availability or payment confirmation.	Realtime/Presence + Care Scheduling + Patient/Provider Experience	NONE_FOUND_AFTER_TARGETED_SEARCH	FINAL_MAPPED	Manual mapping from frozen baseline source and the targeted derived graph. Each row was assigned to a narrow aggregate/subroot; no product source was changed. No production/user/clinical/financial data, endpoint, integration, Sentry, PSP, Redis, database or runtime service was accessed.
CONFIRMED_ROOT_PROMOTION_PRICE_TRUTH_DEFECT_HOME_ACTIVE_STATUS_NO_EFFECTIVE_WINDOW_NONZERO_CURRENCY_RANGE_VALIDATION_DISCOUNT_DIVIDE_BY_ZERO_RISK	F-251	R-12F	src/modules/home/home.service.ts:16–46	Home offers selects only status active campaigns and derives discounted percentage from unchecked price values, without effective window, approval/eligibility, currency/positive amount or nonzero original-price validation.	A public promotion is a current, approved, effective-dated commercial catalog projection with validated positive canonical amounts/currency and provider/service eligibility. Display discount is derived safely from server policy and never establishes a checkout quote, coverage or payment amount.	Commercial Catalog + Pricing + Patient Experience	NONE_FOUND_AFTER_TARGETED_SEARCH	FINAL_MAPPED	Manual mapping from frozen baseline source. Derived IDs are only those returned by targeted aggregate search; unrelated catalog/SEO keyword findings were not absorbed. No migration/backfill, price/offer, provider capability, catalog update, slug resolution against live data, runtime request or production record was accessed.
CONFIRMED_ROOT_PROVENANCE_DEFECT_INSURANCE_CATALOG_FIXED_VERSION_BASENAME_NO_MANIFEST_DIGEST_OPERATOR	F-1840	R-04E	scripts/reconcile-insurance-catalog.ts:60–72	Insurance catalog reconciliation accepts weak manifests and unauthorised targets, has no normalized-code preflight/conflict policy, sequential non-atomic upserts, weak version/operator provenance/idempotency and no post-import drift/orphan report.	Insurance catalog reconciliation is a target/operator-approved, signed content-addressed manifest operation with normalized uniqueness/preflight/conflict policy, transactional or lock-protected idempotent writes/recovery, immutable provenance and post-import duplicate/orphan/missing/drift reconciliation evidence.	Insurance Catalog + Release/Data Governance	F-1847,F-1848	FINAL_MAPPED	Manual mapping; no script, Mongo URI, catalog mutation or reconciliation operation was executed.
CONFIRMED_ROOT_PROVENANCE_LEGAL_DEFECT_INSURANCE_LOGO_SOURCE_URL_LICENSING_REVIEW_NOT_VALIDATED	F-1832	R-04D	scripts/publish-insurance-logo-assets.ts:43–46	Insurance-logo publication lacks approved target/operator binding, signed/versioned schema-valid manifest, source licensing/identity and asset safety validation, safe origin path policy, versioned object rollback, atomic object/catalog linkage, result assertion and immutable review/audit/release idempotency.	Insurance public assets are published only from approved target-bound signed/versioned manifests; source licence/identity and file MIME/dimensions are validated, object/catalog updates are versioned/reconcilable/rollbackable, public origin is allowlisted, and each operator/review/revision/result is immutable and auditable.	Insurance Catalog + Release/Data Governance + Media	NONE_FOUND_AFTER_TARGETED_SEARCH	FINAL_MAPPED	Manual mapping; no script, S3/object store, manifest, logo, catalog or deployment action was performed.
CONFIRMED_ROOT_PROVIDER_CLINICAL_FINANCIAL_EVENT_SAGA_DEFECT_LAB_QC_UPDATE_NOTIFY_SETTLEMENT_SEPARATE_WRITES_NO_DURABLE_OUTBOX	F-876	R-05D	src/modules/provider-ops/provider-ops.module.ts:198–224	Clinical completion, notification and financial settlement are persisted separately without a durable atomic event boundary.	A laboratory clinical state transition may settle only through a canonical versioned command and durable outbox/reconciliation; notification is not settlement success.	Provider Operations + Finance + Labs	F-879,F-884,F-890	FINAL_MAPPED	Manual mapping; depends on lab clinical authorization/state owner.
CONFIRMED_ROOT_PROVIDER_CLINICAL_INPUT_DEFECT_TEMPLATE_DIAGNOSIS_RAW_NESTED_CONTENT_UNESCAPED_REGEX_SEARCH	F-874	R-07A6	src/modules/provider-ops/provider-ops.module.ts:83–111	Provider-authored prescription templates and saved diagnoses accept raw nested content and unescaped regex search without typed clinical vocabulary/version, bounds, provenance or safe projection contract.	Provider-authored clinical templates and diagnoses are typed/versioned, bounded and clinician-scoped; content has clinical provenance and allowed vocabulary, search is escaped/resource-bounded, and read/write DTOs are minimum necessary with audit.	Clinical Data Governance + Provider Operations	NONE_FOUND_AFTER_TARGETED_SEARCH	FINAL_MAPPED	Manual mapping from frozen backend archive. F-876 stays in canonical lab settlement/event saga; F-886/F-891 and their derived provider-operation labels remain authorization/state roots. No provider, clinical template, order, invoice, ledger or runtime operation was accessed.
CONFIRMED_ROOT_PROVIDER_COMMAND_REPLAY_DEFECT_LEAVE_CREATE_CANCEL_NO_IDEMPOTENCY_CANCEL_SUCCESS_WITHOUT_MATCHED_COUNT_RECONCILIATION	F-873	R-16C	src/modules/provider-ops/provider-ops.module.ts:40–81,528–532	Provider leave creation/cancellation uses non-idempotent commands and returns cancellation success without matched-count/state/reconciliation evidence.	Provider operational commands use typed aggregate ownership/scope, stable idempotency keys, version/CAS state transitions, truthful matched/replay outcomes and durable audit/outbox/reconciliation.	Workflow Platform + Provider Operations	NONE_FOUND_AFTER_TARGETED_SEARCH	FINAL_MAPPED	Manual mapping from frozen backend archive. F-876 stays in canonical lab settlement/event saga; F-886/F-891 and their derived provider-operation labels remain authorization/state roots. No provider, clinical template, order, invoice, ledger or runtime operation was accessed.
CONFIRMED_ROOT_PROVIDER_OPERATION_AUTHORIZATION_DEFECT_JWT_ONLY_CLINICAL_EMERGENCY_FINANCE_SETTINGS_MUTATIONS_NO_PROVIDER_ROLE_ASSIGNMENT_STATE_IDEMPOTENCY	F-891	R-02A	src/modules/provider-ops/provider-ops.module.ts:521–632	Privileged provider/admin commands and reads rely on JWT or broad role context without a consistently verified role, organization/facility assignment, resource relationship, purpose, state and actor/reason audit boundary.	Every privileged provider/admin read or mutation is deny-by-default and verifies active role, organization/facility assignment, resource relationship, purpose and command state; sensitive actions carry immutable actor/reason audit and bounded projections.	Identity/Authorization + Provider Operations + Admin Governance	F-606,F-679,F-681,F-683,F-875,F-878,F-880,F-883,F-887	FINAL_MAPPED	Manual mapping; finance/legal/facility/clinical/realtime/release authorization labels remain intentionally owned by their specialized roots with R-02A dependency where applicable.
CONFIRMED_ROOT_PROVIDER_PII_DOCUMENT_BOUNDARY_DEFECT_CONTRACT_INLINE_BASE64_STORAGE_RESPONSE_NO_PRIVATE_OBJECT_REFERENCE_NO_STORE_RETENTION_MINIMAL_PROJECTION	F-620	R-07B3	src/modules/provider-onboarding/contract-pdf.service.ts:155–166,211–217	Provider contract PDF flow fetches arbitrary external URL/inline PII base64 and hashes nonfinal bytes, lacking safe private artifact/version/provenance lifecycle.	Provider contract artifact uses approved source/size/type/network policy, private object reference, final-byte digest, version/evidence/retention and signed acceptance/review lifecycle.	Provider Onboarding + Legal/Privacy + Media Platform	F-626	FINAL_MAPPED	Manual mapping; legal acceptance/policy dependencies are R-24.
CONFIRMED_ROOT_PROVIDER_PROFILE_CONFIGURATION_DEFECT_CARE_RAW_INSTITUTION_PRICE_SCHEDULE_INSURANCE_MEDIA_NO_TYPED_READINESS_VERSIONED_CONTRACT	F-141	R-23A	src/modules/care/schemas/doctor-profile-extended.schema.ts:6–38	DoctorProfileExtended schema stores institution links, clinic/online/home prices, radius, insurance networks, gallery URLs and weekly schedule as raw/default scalar or object fields with no typed readiness, version, effective-date, facility, safe-media or provider-capability contract.	Provider profile configuration is a versioned, reviewed and facility-scoped capability record. Prices, availability/schedule, network participation and media references are validated server-side and must not themselves establish bookability, coverage, a commercial quote or clinical authorization.	Provider Governance + Care/Facilities + Catalog/Pricing + Media Safety	NONE_FOUND_AFTER_TARGETED_SEARCH	FINAL_MAPPED	Manual mapping from frozen baseline source and the targeted derived graph. Each row was assigned to a narrow aggregate/subroot; no product source was changed. No production/user/clinical/financial data, endpoint, integration, Sentry, PSP, Redis, database or runtime service was accessed.
CONFIRMED_ROOT_PUBLIC_CATALOG_PROJECTION_DEFECT_LIVE_INSURANCE_LIST_COMPANIES_SPREADS_FULL_ACTIVE_COMPANY_DOCUMENT_NO_STRICT_DTO	F-328	R-04B	src/modules/insurance/insurance.controller.ts:58–90	Insurance companies endpoint declares broad `additionalProperties` for company and plan objects and delegates a full active-company list without a strict minimum public DTO, publication eligibility or bounded catalog projection contract.	Public insurance catalog responses expose only approved, effective, localized and minimum necessary company/plan metadata through a versioned strict DTO. A public catalog entry is not proof of patient coverage, provider eligibility, price, co-pay or decision outcome.	Insurance Catalog + Provider Governance + API Platform	NONE_FOUND_AFTER_TARGETED_SEARCH	FINAL_MAPPED	Manual mapping from frozen backend baseline. Targeted derived search found no directly matching DERIVED_DUPLICATE labels. No policy, network, provider decision, company document, patient coverage, payment or runtime service was accessed.
CONFIRMED_ROOT_PUBLIC_DATA_PROJECTION_DEFECT_SEO_META_RETURNS_FULL_RESOLVED_ENTITY_NO_PER_TYPE_PUBLIC_DTO	F-218	R-12C	src/modules/seo/seo.service.ts:83–125	SEO/public catalog routes lack typed canonical identity, public DTO/indexability/publication gates, truthful commercial metadata, safe XML and durable catalog-publication projection semantics.	SEO/publication emits only type-allowlisted canonical entities with collision-safe identity, verified publication/indexability lifecycle, minimum public fields, truthful price/availability/LLM metadata, escaped XML and durable reconciled projection updates.	SEO/Public Discovery + Catalog Governance	F-2548,F-3773	FINAL_MAPPED	Manual mapping; IndexNow transport/release, clinical medicine recommendation and cache/runtime gates remain separate dependencies.
CONFIRMED_ROOT_PUBLIC_DISCLOSURE_DEFECT_FEATURE_FLAGS_STARTUP_PUBLIC_ALL_RAW_INTERNAL_KEYS_ENABLED_STATE	F-369	R-22A	src/modules/feature-flags/feature-flags.controller.ts:8–18	Public startup endpoint returns every raw persistence feature-flag document, exposing internal keys and enabled state.	Feature flags are a governed release control plane: public clients receive only an allowlisted stable DTO; mutations are constrained to a registry and protected by version/CAS, idempotency, actor/reason audit and outbox; targeting, staged rollout, kill switch, dependency compatibility and safe client defaults are server-governed.	Platform Configuration / Release Governance	NONE_FOUND_AFTER_TARGETED_SEARCH	FINAL_MAPPED	Manual mapping from baseline archive source. F-373 is an independently rejected guard-registration false positive, not a derived defect; no flag database, client startup, audit or runtime service was accessed.
CONFIRMED_ROOT_PUBLIC_INSURANCE_NETWORK_CATALOG_GOVERNANCE_VERIFICATION_FILTER_DEFECT	F-2897	R-04B	src/modules/insurance/insurance.module.ts:43–60	Public insurance network/catalog exposure lacks verified publication/governance filtering, minimum public rule projection and typed validated catalog mutation contract.	Public insurance catalog/network results are limited to verified current governed records with minimum safe public DTOs; catalog commands use typed validation, authorized/versioned publication lifecycle and reconciliation/audit.	Insurance Platform + Catalog Governance	F-074,F-1847,F-1848	FINAL_MAPPED	Manual mapping; release/import execution remains R-15 and policy decision/co-pay remains R-04A.
CONFIRMED_ROOT_PUBLIC_TRUTH_DEFECT_SEO_LLMSTXT_HARD_CODED_COMMERCIAL_COVERAGE_PAYMENT_CLAIMS_SWALLOWED_SOURCE_FAILURE	F-221	R-12C	src/modules/seo/seo.service.ts:289–397	SEO/public catalog routes lack typed canonical identity, public DTO/indexability/publication gates, truthful commercial metadata, safe XML and durable catalog-publication projection semantics.	SEO/publication emits only type-allowlisted canonical entities with collision-safe identity, verified publication/indexability lifecycle, minimum public fields, truthful price/availability/LLM metadata, escaped XML and durable reconciled projection updates.	SEO/Public Discovery + Catalog Governance	F-2548,F-3773	FINAL_MAPPED	Manual mapping; IndexNow transport/release, clinical medicine recommendation and cache/runtime gates remain separate dependencies.
CONFIRMED_ROOT_RECONCILIATION_DEFECT_INSURANCE_CATALOG_NO_POSTIMPORT_DUPLICATE_ORPHAN_MISSING_DRIFT_REPORT	F-1843	R-04E	scripts/reconcile-insurance-catalog.ts:76–79	Insurance catalog reconciliation accepts weak manifests and unauthorised targets, has no normalized-code preflight/conflict policy, sequential non-atomic upserts, weak version/operator provenance/idempotency and no post-import drift/orphan report.	Insurance catalog reconciliation is a target/operator-approved, signed content-addressed manifest operation with normalized uniqueness/preflight/conflict policy, transactional or lock-protected idempotent writes/recovery, immutable provenance and post-import duplicate/orphan/missing/drift reconciliation evidence.	Insurance Catalog + Release/Data Governance	F-1847,F-1848	FINAL_MAPPED	Manual mapping; no script, Mongo URI, catalog mutation or reconciliation operation was executed.
CONFIRMED_ROOT_RELEASE_ARTIFACT_SUPPLY_CHAIN_DEFECT	F-1777	R-15B	scripts/deploy.sh:12–18	Deployment/build artifacts lack one controlled reproducible target, supply-chain/port parity, preflight/migration/backup gate, post-deploy evidence, rollback recovery and immutable authorization record; developer lint may mutate source.	Release uses a declared authoritative artifact and non-mutating verification path, pinned dependencies, port/config parity, approved target/preflight/migration/backup gates, time-bounded acceptance evidence, tested rollback and immutable actor/audit record.	Release Engineering/SRE	F-1781,F-1785,F-1787,F-1788,F-1789,F-1790,F-2085,F-2168	FINAL_MAPPED	Manual mapping; no deployment, build, preflight or post-deploy action was run.
CONFIRMED_ROOT_RELEASE_AUTHORIZED_IMMUTABLE_RECORD_DEFECT	F-1786	R-15B	scripts/deploy.sh:7–36	Deployment/build artifacts lack one controlled reproducible target, supply-chain/port parity, preflight/migration/backup gate, post-deploy evidence, rollback recovery and immutable authorization record; developer lint may mutate source.	Release uses a declared authoritative artifact and non-mutating verification path, pinned dependencies, port/config parity, approved target/preflight/migration/backup gates, time-bounded acceptance evidence, tested rollback and immutable actor/audit record.	Release Engineering/SRE	F-1781,F-1785,F-1787,F-1788,F-1789,F-1790,F-2085,F-2168	FINAL_MAPPED	Manual mapping; no deployment, build, preflight or post-deploy action was run.
CONFIRMED_ROOT_RELEASE_BACKUP_COMPATIBILITY_DEFECT	F-1780	R-15B	scripts/deploy.sh:20–28	Deployment/build artifacts lack one controlled reproducible target, supply-chain/port parity, preflight/migration/backup gate, post-deploy evidence, rollback recovery and immutable authorization record; developer lint may mutate source.	Release uses a declared authoritative artifact and non-mutating verification path, pinned dependencies, port/config parity, approved target/preflight/migration/backup gates, time-bounded acceptance evidence, tested rollback and immutable actor/audit record.	Release Engineering/SRE	F-1781,F-1785,F-1787,F-1788,F-1789,F-1790,F-2085,F-2168	FINAL_MAPPED	Manual mapping; no deployment, build, preflight or post-deploy action was run.
CONFIRMED_ROOT_RELEASE_CONTRACT_DEFECT_DUPLICATE_SYSTEM_HEALTH_STATIC_LIVENESS_READINESS_SEMANTIC_COLLAPSE	F-363	R-15A	src/modules/admin-web-core/controllers/system-health.controller.ts:6–25	Health/readiness surfaces conflate liveness and readiness, report static/fake Redis success or lack dependency deadlines, degraded truth and redacted failure evidence.	Readiness is a measured dependency-aware contract separate from liveness, with explicit criticality, deadline/budget, safe degraded state, redacted evidence and no fake fallback PONG/always-OK result.	Platform Operations/SRE	F-165,F-530,F-1325	FINAL_MAPPED	Manual mapping; actual dependency availability remains a controlled runtime verification gate.
CONFIRMED_ROOT_RELEASE_FALSE_COMPLETION_DEFECT	F-1784	R-15B	scripts/deploy.sh:27–33	Deployment/build artifacts lack one controlled reproducible target, supply-chain/port parity, preflight/migration/backup gate, post-deploy evidence, rollback recovery and immutable authorization record; developer lint may mutate source.	Release uses a declared authoritative artifact and non-mutating verification path, pinned dependencies, port/config parity, approved target/preflight/migration/backup gates, time-bounded acceptance evidence, tested rollback and immutable actor/audit record.	Release Engineering/SRE	F-1781,F-1785,F-1787,F-1788,F-1789,F-1790,F-2085,F-2168	FINAL_MAPPED	Manual mapping; no deployment, build, preflight or post-deploy action was run.
CONFIRMED_ROOT_RELEASE_MIGRATION_GATE_DEFECT	F-1779	R-15B	scripts/deploy.sh:20–22	Deployment/build artifacts lack one controlled reproducible target, supply-chain/port parity, preflight/migration/backup gate, post-deploy evidence, rollback recovery and immutable authorization record; developer lint may mutate source.	Release uses a declared authoritative artifact and non-mutating verification path, pinned dependencies, port/config parity, approved target/preflight/migration/backup gates, time-bounded acceptance evidence, tested rollback and immutable actor/audit record.	Release Engineering/SRE	F-1781,F-1785,F-1787,F-1788,F-1789,F-1790,F-2085,F-2168	FINAL_MAPPED	Manual mapping; no deployment, build, preflight or post-deploy action was run.
CONFIRMED_ROOT_RELEASE_OBSERVABILITY_DEFECT_SEO_INDEXNOW_SWALLOWED_NETWORK_FAILURE_RETURNS_SUCCESS_NO_DURABLE_LIFECYCLE	F-222	R-12I	src/modules/seo/seo.service.ts:399–433	SEO IndexNow ping swallows remote failure and returns ok whenever a fetch function exists, with no idempotency key, durable submission status, retry/dead-letter or authoritative provider acknowledgement.	External search-index publication is an idempotent durable command with approved public entity/version, bounded retry/reconciliation and truthful queued/succeeded/failed outcome. Fire-and-forget transport success is not indexing, publication or product availability truth.	SEO/Search + Event/Integration Platform + SRE	NONE_FOUND_AFTER_TARGETED_SEARCH	FINAL_MAPPED	Manual mapping from frozen baseline source and the targeted derived graph. Each row was assigned to a narrow aggregate/subroot; no product source was changed. No production/user/clinical/financial data, endpoint, integration, Sentry, PSP, Redis, database or runtime service was accessed.
CONFIRMED_ROOT_RELEASE_POST_DEPLOY_ACCEPTANCE_DEFECT	F-1782	R-15B	scripts/deploy.sh:27–36	Deployment/build artifacts lack one controlled reproducible target, supply-chain/port parity, preflight/migration/backup gate, post-deploy evidence, rollback recovery and immutable authorization record; developer lint may mutate source.	Release uses a declared authoritative artifact and non-mutating verification path, pinned dependencies, port/config parity, approved target/preflight/migration/backup gates, time-bounded acceptance evidence, tested rollback and immutable actor/audit record.	Release Engineering/SRE	F-1781,F-1785,F-1787,F-1788,F-1789,F-1790,F-2085,F-2168	FINAL_MAPPED	Manual mapping; no deployment, build, preflight or post-deploy action was run.
CONFIRMED_ROOT_RELEASE_PREFLIGHT_DEFECT	F-1778	R-15B	scripts/deploy.sh:7–28	Deployment/build artifacts lack one controlled reproducible target, supply-chain/port parity, preflight/migration/backup gate, post-deploy evidence, rollback recovery and immutable authorization record; developer lint may mutate source.	Release uses a declared authoritative artifact and non-mutating verification path, pinned dependencies, port/config parity, approved target/preflight/migration/backup gates, time-bounded acceptance evidence, tested rollback and immutable actor/audit record.	Release Engineering/SRE	F-1781,F-1785,F-1787,F-1788,F-1789,F-1790,F-2085,F-2168	FINAL_MAPPED	Manual mapping; no deployment, build, preflight or post-deploy action was run.
CONFIRMED_ROOT_RELEASE_READINESS_DEFECT_TERMINUS_READINESS_MIRRORS_LIVENESS_NO_STARTUP_DEPENDENCY_CONTRACT	F-529	R-15A	src/modules/system-health/system-health.controller.ts:29–37	Health/readiness surfaces conflate liveness and readiness, report static/fake Redis success or lack dependency deadlines, degraded truth and redacted failure evidence.	Readiness is a measured dependency-aware contract separate from liveness, with explicit criticality, deadline/budget, safe degraded state, redacted evidence and no fake fallback PONG/always-OK result.	Platform Operations/SRE	F-165,F-530,F-1325	FINAL_MAPPED	Manual mapping; actual dependency availability remains a controlled runtime verification gate.
CONFIRMED_ROOT_RELEASE_RELIABILITY_DEFECT_INSURANCE_CATALOG_NO_MANIFEST_DIGEST_REVISION_IDEMPOTENCY	F-1845	R-04E	scripts/reconcile-insurance-catalog.ts:28,56–75	Insurance catalog reconciliation accepts weak manifests and unauthorised targets, has no normalized-code preflight/conflict policy, sequential non-atomic upserts, weak version/operator provenance/idempotency and no post-import drift/orphan report.	Insurance catalog reconciliation is a target/operator-approved, signed content-addressed manifest operation with normalized uniqueness/preflight/conflict policy, transactional or lock-protected idempotent writes/recovery, immutable provenance and post-import duplicate/orphan/missing/drift reconciliation evidence.	Insurance Catalog + Release/Data Governance	F-1847,F-1848	FINAL_MAPPED	Manual mapping; no script, Mongo URI, catalog mutation or reconciliation operation was executed.
CONFIRMED_ROOT_RELEASE_RELIABILITY_DEFECT_INSURANCE_LOGO_MANIFEST_RELEASE_KEY_IDEMPOTENCY_REVISION_SEMANTICS	F-1830	R-04D	scripts/publish-insurance-logo-assets.ts:18,43–49	Insurance-logo publication lacks approved target/operator binding, signed/versioned schema-valid manifest, source licensing/identity and asset safety validation, safe origin path policy, versioned object rollback, atomic object/catalog linkage, result assertion and immutable review/audit/release idempotency.	Insurance public assets are published only from approved target-bound signed/versioned manifests; source licence/identity and file MIME/dimensions are validated, object/catalog updates are versioned/reconcilable/rollbackable, public origin is allowlisted, and each operator/review/revision/result is immutable and auditable.	Insurance Catalog + Release/Data Governance + Media	NONE_FOUND_AFTER_TARGETED_SEARCH	FINAL_MAPPED	Manual mapping; no script, S3/object store, manifest, logo, catalog or deployment action was performed.
CONFIRMED_ROOT_RELEASE_RELIABILITY_DEFECT_READINESS_HTTP_SUCCESS_AND_REDIS_FALLBACK_FAKE_HEALTH	F-1320	R-15A	src/health.controller.ts:31–57	Health/readiness surfaces conflate liveness and readiness, report static/fake Redis success or lack dependency deadlines, degraded truth and redacted failure evidence.	Readiness is a measured dependency-aware contract separate from liveness, with explicit criticality, deadline/budget, safe degraded state, redacted evidence and no fake fallback PONG/always-OK result.	Platform Operations/SRE	F-165,F-530,F-1325	FINAL_MAPPED	Manual mapping; actual dependency availability remains a controlled runtime verification gate.
CONFIRMED_ROOT_RELEASE_ROLLBACK_RECOVERY_DEFECT	F-1783	R-15B	scripts/deploy.sh:7–36	Deployment/build artifacts lack one controlled reproducible target, supply-chain/port parity, preflight/migration/backup gate, post-deploy evidence, rollback recovery and immutable authorization record; developer lint may mutate source.	Release uses a declared authoritative artifact and non-mutating verification path, pinned dependencies, port/config parity, approved target/preflight/migration/backup gates, time-bounded acceptance evidence, tested rollback and immutable actor/audit record.	Release Engineering/SRE	F-1781,F-1785,F-1787,F-1788,F-1789,F-1790,F-2085,F-2168	FINAL_MAPPED	Manual mapping; no deployment, build, preflight or post-deploy action was run.
CONFIRMED_ROOT_RELEASE_SAFETY_DEFECT_FEATURE_FLAGS_NO_TARGETING_STAGED_ROLLOUT_KILL_SWITCH_AUDIT_DEPENDENCY_COMPATIBILITY_CLIENT_DEFAULT	F-374	R-22A	src/modules/feature-flags/feature-flags.controller.ts:12–16	Remote flags provide no governed targeting, staged rollout, kill switch, audit, compatibility contract or safe client default.	Feature flags are a governed release control plane: public clients receive only an allowlisted stable DTO; mutations are constrained to a registry and protected by version/CAS, idempotency, actor/reason audit and outbox; targeting, staged rollout, kill switch, dependency compatibility and safe client defaults are server-governed.	Platform Configuration / Release Governance	NONE_FOUND_AFTER_TARGETED_SEARCH	FINAL_MAPPED	Manual mapping from baseline archive source. F-373 is an independently rejected guard-registration false positive, not a derived defect; no flag database, client startup, audit or runtime service was accessed.
CONFIRMED_ROOT_RELEASE_TARGET_AUTHORIZATION_DEFECT	F-1776	R-15B	scripts/deploy.sh:7–10,12–28	Deployment/build artifacts lack one controlled reproducible target, supply-chain/port parity, preflight/migration/backup gate, post-deploy evidence, rollback recovery and immutable authorization record; developer lint may mutate source.	Release uses a declared authoritative artifact and non-mutating verification path, pinned dependencies, port/config parity, approved target/preflight/migration/backup gates, time-bounded acceptance evidence, tested rollback and immutable actor/audit record.	Release Engineering/SRE	F-1781,F-1785,F-1787,F-1788,F-1789,F-1790,F-2085,F-2168	FINAL_MAPPED	Manual mapping; no deployment, build, preflight or post-deploy action was run.
CONFIRMED_ROOT_RELEASE_TRUTH_DEFECT_DUPLICATE_SYSTEM_HEALTH_ROUTE_STATIC_ALWAYS_OK_READINESS_NO_DEPENDENCIES	F-361	R-15A	src/modules/admin-web-core/controllers/system-health.controller.ts:19–26	Health/readiness surfaces conflate liveness and readiness, report static/fake Redis success or lack dependency deadlines, degraded truth and redacted failure evidence.	Readiness is a measured dependency-aware contract separate from liveness, with explicit criticality, deadline/budget, safe degraded state, redacted evidence and no fake fallback PONG/always-OK result.	Platform Operations/SRE	F-165,F-530,F-1325	FINAL_MAPPED	Manual mapping; actual dependency availability remains a controlled runtime verification gate.
CONFIRMED_ROOT_RELEASE_TRUTH_DEFECT_DUPLICATE_SYSTEM_HEALTH_ROUTE_STATIC_FABRICATED_LIVENESS_DEPENDENCY_STATUS	F-360	R-15A	src/modules/admin-web-core/controllers/system-health.controller.ts:3–17	Health/readiness surfaces conflate liveness and readiness, report static/fake Redis success or lack dependency deadlines, degraded truth and redacted failure evidence.	Readiness is a measured dependency-aware contract separate from liveness, with explicit criticality, deadline/budget, safe degraded state, redacted evidence and no fake fallback PONG/always-OK result.	Platform Operations/SRE	F-165,F-530,F-1325	FINAL_MAPPED	Manual mapping; actual dependency availability remains a controlled runtime verification gate.
CONFIRMED_ROOT_RELIABILITY_DEFECT_REDIS_RAW_FALLBACK_PARTIAL_SEMANTICS_FAKE_PONG	F-440	R-16A	src/modules/redis/redis.service.ts:315–374	Redis degrades to per-process non-atomic/fake-ready primitives, has ambiguous connection health, lossy pubsub, unsafe rate-limit failover, unbounded key scanning and untyped corruption semantics.	Distributed locks, idempotency, sessions, rate limits and events fail closed or enter explicit degraded mode; Redis health is per dependency with deadlines, storage access is bounded/typed, and events use durable outbox/replay rather than silent pubsub loss.	Platform Reliability + Security	F-196,F-286,F-2568	FINAL_MAPPED	Manual mapping; runtime Redis MISCONF/connectivity behavior remains an unclosed external verification blocker.
CONFIRMED_ROOT_REQUEST_REPLAY_DEFECT_HEALTH_ACTIVE_MUTATIONS_REFILL_SNOOZE_CANCEL_SLEEP_EMERGENCY_CONTACT_BYPASS_REQUIRE_IDEMPOTENCY	F-159	R-07C	src/modules/health/health.controller.ts:50–93, 111–123	Health controller omits RequireIdempotency on active refill, refill snooze/cancel, sleep create and emergency-contact create/delete mutations, permitting replay and duplicate patient-state or downstream order effects.	Every patient health state-changing endpoint requires a server-enforced idempotency/replay contract and typed scoped command. Reminder refill/snooze/cancel, sleep and emergency-contact changes use command identity, version/CAS, authoritative outcome/audit and bounded retry semantics; refill delegates to the separate canonical pharmacy-order saga and never proves dispense, stock, price, payment or clinical outcome.	Patient Health Profile + Workflow Platform	NONE_FOUND_AFTER_TARGETED_SEARCH	FINAL_MAPPED	Manual mapping from frozen backend archive. Existing refill-order saga is R-06C1; emergency-contact CAS is R-07C. No health request, reminder, contact, order, patient data or runtime operation was accessed.
CONFIRMED_ROOT_RESTORE_TARGET_RECOVERY_DEFECT	F-1879	R-15D	scripts/db-backup-restore.sh:36–56	Backup/restore tooling lacks target safety, protected content-addressed retention/provenance, restore authorization/archive compatibility, verification/recovery and access audit lifecycle.	Backups are encrypted protected artifacts with provenance/retention and access audit; restore is separately authorized, target-bound, compatibility/integrity-verified, rehearsed in isolation and produces recovery evidence.	SRE + Data Protection	F-1876,F-1877,F-1881,F-1883,F-1884,F-1885,F-1887	FINAL_MAPPED	Manual mapping; no backup, restore or destructive operation was performed.
CONFIRMED_ROOT_SCHEDULING_TIMEZONE_VALIDATION_DEFECT_CARE_SLOT_UTC_DAY_WORKING_HOURS_DURATION_UNVALIDATED_NO_PROVIDER_FACILITY_TIMEZONE_CONTRACT	F-549	R-03A	src/modules/care/slot.service.ts:26–79,85–106 ; src/modules/care/care.service.ts:115–165	Slot creation, lock, reschedule and release lack a unified provider/facility-timezone-aware atomic capacity reservation lifecycle with truthful expiry/reconciliation.	A service slot is server-owned and must validate provider/facility/kind/interval/timezone/capacity; reserve, confirm, release, expire and reschedule via versioned idempotent transitions, then bind payment/insurance confirmation only after the applicable rule.	Booking Platform + Care/Home-care/Service Catalog	F-545,F-678,F-714,F-1490	FINAL_MAPPED	Manual mapping; payment and insurance confirmation remain dependencies, not a client slot field.
CONFIRMED_ROOT_SECRET_GOVERNANCE_DEFECT_AI_PROVIDER_API_KEYS_MONGO_REGISTRY_NO_MANAGED_SECRET_ROTATION_DUAL_CONTROL_AUDIT	F-226	R-22D	src/modules/ai/ai-gateway.service.ts:14–18,27–50,82–109,252–257	Security configuration and API/documentation surfaces lack controlled secret/config validation, trusted origin/CORS/CSP/body-limit policy, safe OpenAPI session contract/route parity and build-context secret exclusion.	Configuration is typed and fail-closed across environments; secrets are managed/rotated/audited, origins/CORS/CSP/body limits are allowlisted, API docs expose only safe contracts behind environment access control, and build context excludes secrets by policy.	Security Engineering + Platform	F-2442	FINAL_MAPPED	Manual mapping; release deployment execution and external secret presence are separate R-15/runtime verification matters.
CONFIRMED_ROOT_SECURITY_CONFIG_DEFECT_COTURN_DEFAULT_HOST_CHANGE_THIS_SECRET_NO_FAIL_CLOSED_VALIDATION	F-583	R-18C	src/modules/coturn/coturn.service.ts:23–34	Video/call and TURN credentials lack verified call/participant/session binding, signed webhook acceptance, safe credential issuance/rotation, call-state/idempotency and privacy-safe metrics/admin projection lifecycle.	Call access and TURN credentials are issued only for an authorized active participant/session with audience/expiry/one-time/no-store controls; webhook and remote actions are verified/idempotent, state/attendance is authoritative and metrics/admin views are minimized/audited/retained by policy.	Calls/LiveKit/TURN + Security/Privacy	F-353,F-627,F-628,F-629,F-630,F-631	FINAL_MAPPED	Manual mapping; runtime TURN/LiveKit connectivity and credential rotation remain external verification gates.
CONFIRMED_ROOT_SECURITY_DATA_INTEGRITY_DEFECT_REFERRAL_CODE_NONCRYPTO_COLLISION_NONUNIQUE_ASSIGNMENT	F-260	R-05C	src/modules/referral/referral.service.ts:35–55	Referral flow has schema/collection drift, non-atomic invite attribution, collision-prone/nonunique code assignment and broad related-user/reward dashboard disclosure.	Referrals use one versioned canonical schema, cryptographically strong unique codes, atomic idempotent inviter/invitee attribution, canonical commercial ledger conversion and minimum redacted reward/dashboard projection with audit.	Commercial/Loyalty Platform + Privacy	NONE_FOUND_AFTER_TARGETED_SEARCH	FINAL_MAPPED	Manual mapping; existing referral conversion/loyalty settlement root mapping remains unchanged and no referral data was accessed.
CONFIRMED_ROOT_SECURITY_DEFECT_ABUSE_ACTION_DEGRADED_RECONCILIATION	F-693	R-22F	src/modules/api-security/api-security.module.ts:80–84,111–119,154–168	API abuse controls can fail open or use non-atomic counters/raw URL policy, lack degraded enforcement/reconciliation and privacy-safe security-event governance/admin projection/retention.	Abuse controls use canonical normalized route/policy keys, atomic distributed limits with fail-closed or explicit degraded enforcement/reconciliation, and security events use minimum redacted/audited retention and scoped admin projections.	API Security + Platform Reliability + Privacy	NONE_FOUND_AFTER_TARGETED_SEARCH	FINAL_MAPPED	Manual mapping; Redis availability/atomic primitive runtime behavior remains R-16A external verification gate.
CONFIRMED_ROOT_SECURITY_DEFECT_ADMIN_DIRECT_PAYMENT_STATE_LEDGER_PSP_BYPASS	F-799	R-05A1	src/modules/patient-ux/patient-ux.module.ts:243–267,286–290	Admin can directly mark payment state outside PSP/ledger truth.	Admin tools cannot directly mark payment outcome; verified PSP/ledger transition is the sole authority with exceptional remediation through audited settlement workflow.	Payments + Admin Authority	NONE_FOUND_AFTER_TARGETED_SEARCH	FINAL_MAPPED	Manual reassignment to payment authority root.
CONFIRMED_ROOT_SECURITY_DEFECT_ADMIN_EVENTS_TYPED_FILTER_EVENT_ENTITY_ALLOWLIST	F-3026	R-09C	src/modules/events/events.controllers.ts:12–23	Administrative event/trace reads lack typed normalized event/entity filters, finite time/limit/cursor/order/timeout bounds, cross-domain purpose scope, redacted before/after metadata and sensitive-read audit trail.	Event administration uses allowlisted typed normalized filters, stable bounded cursor/time/query contract, actor/purpose/domain scope, minimum redacted metadata and immutable sensitive-read audit; it is a read surface, not event production authority.	Event Platform + Admin Privacy/Security	NONE_FOUND_AFTER_TARGETED_SEARCH	FINAL_MAPPED	Manual mapping; durable domain event/outbox lifecycle remains R-09A/R-16 and no event query or runtime operation was run.
CONFIRMED_ROOT_SECURITY_DEFECT_ADMIN_FORCE_CANCEL_LEGAL_TRANSITION_SETTLEMENT_ORCHESTRATION	F-797	R-21G	src/modules/patient-ux/patient-ux.module.ts:191–216,271–280	Admin force-cancel can bypass legal transition and settlement orchestration.	Administrative override requires explicit domain transition policy, linked settlement orchestration, dual control/ticket, reason and immutable audit; no direct bypass.	Admin Authority + Domain Owners	NONE_FOUND_AFTER_TARGETED_SEARCH	FINAL_MAPPED	Manual admin-override root; booking/refund/payment domains retain execution ownership.
CONFIRMED_ROOT_SECURITY_DEFECT_ADMIN_FORCE_TRANSITION_PER_DOMAIN_STATE_INVARIANT	F-798	R-21G	src/modules/patient-ux/patient-ux.module.ts:218–241,281–285	Admin force transition lacks per-domain state invariant enforcement.	Override actions use domain-specific allowed transition matrix and authoritative aggregate state/version checks under dual control and audit.	Admin Authority + Domain Owners	NONE_FOUND_AFTER_TARGETED_SEARCH	FINAL_MAPPED	Manual admin-override root.
CONFIRMED_ROOT_SECURITY_DEFECT_ADMIN_IMPERSONATION_SHORT_LIVED_REVOCABLE_SUPPORT_SESSION	F-823	R-21G	src/modules/admin-authority/admin-authority.module.ts:206–239	Admin authority bypasses canonical domain/payment/slot state or lacks short-lived revocable support impersonation, target case/approval scope, provider suspension reconciliation and minimum action-log projection.	Privileged support/override actions require a time-bound revocable support session, approved target case, canonical domain command/state/version checks, dual control/reason/audit/reconciliation and minimum scoped action-log views; no direct mutation shortcut is allowed.	Admin Authority + Domain Owners + Security	NONE_FOUND_AFTER_TARGETED_SEARCH	FINAL_MAPPED	Manual mapping; underlying booking/payment/provider domain aggregates remain execution authorities.
CONFIRMED_ROOT_SECURITY_DEFECT_ADMIN_IMPERSONATION_TARGET_CASE_APPROVAL_SCOPE	F-824	R-21G	src/modules/admin-authority/admin-authority.module.ts:207–227	Admin authority bypasses canonical domain/payment/slot state or lacks short-lived revocable support impersonation, target case/approval scope, provider suspension reconciliation and minimum action-log projection.	Privileged support/override actions require a time-bound revocable support session, approved target case, canonical domain command/state/version checks, dual control/reason/audit/reconciliation and minimum scoped action-log views; no direct mutation shortcut is allowed.	Admin Authority + Domain Owners + Security	NONE_FOUND_AFTER_TARGETED_SEARCH	FINAL_MAPPED	Manual mapping; underlying booking/payment/provider domain aggregates remain execution authorities.
CONFIRMED_ROOT_SECURITY_DEFECT_ADMIN_OVERRIDE_CANONICAL_DOMAIN_IDENTIFIER_SCOPE	F-801	R-21G	src/modules/patient-ux/patient-ux.module.ts:172–189,191–267	Admin override accepts noncanonical domain identifier scope.	Override targets resolve to canonical domain identifiers with explicit scope/relationship validation before any command.	Admin Authority + Domain Owners	NONE_FOUND_AFTER_TARGETED_SEARCH	FINAL_MAPPED	Manual admin-override root.
CONFIRMED_ROOT_SECURITY_DEFECT_ADMIN_OWNER_IDENTITY_ONE_TIME_CREDENTIAL_ENROLLMENT_NO_PASSWORD_RESPONSE	F-318	R-22A	src/modules/admin/admin.controller.ts:319–324,348–375	Admin owner enrollment lacks one-time credential lifecycle without password exposure.	Privileged owner enrollment uses one-time short-lived verified credential issuance with no password response, revocation/audit and secure activation.	Identity Security	NONE_FOUND_AFTER_TARGETED_SEARCH	FINAL_MAPPED	Manual reassignment to device/credential trust root.
CONFIRMED_ROOT_SECURITY_DEFECT_ADMIN_PAYOUT_EXECUTE_REJECT_ROLE_GUARD	F-492	R-05B2	src/modules/payouts/provider-payouts.controller.ts:45–120	Payout lifecycle surface lacks explicit role/separation-of-duties enforcement evidence for execute/reject authority beyond generic JWT authentication.	Provider payout/withdrawal requires a verified provider organization and bank context, a reserved immutable ledger amount, explicit versioned approve/reject/settle/reverse transitions, separation of duties and immutable actor/reason audit. Payout request/list responses expose only a purpose-authorized, redacted projection; controller success is never settlement proof.	Finance/Payouts + Provider/Admin + Privacy	NONE_FOUND_AFTER_TARGETED_SEARCH	FINAL_MAPPED	Manual mapping from frozen backend archive. Existing idempotency/index mapping F-489 and derived F-733 remain unchanged. Runtime settlement, cross-ledger invariant and aggregation claims remain separate verification gates; no bank account, ledger, payout or runtime operation was accessed.
CONFIRMED_ROOT_SECURITY_DEFECT_ADMIN_SUBADMIN_PROVIDER_CREATION_TYPED_DTO_IDEMPOTENT_LIFECYCLE	F-319	R-21I	src/modules/admin/admin.controller.ts:348–372,423–454	Admin reports/directory/provisioning lacks purpose-bound minimum projections, anti-enumeration search controls or typed idempotent creation lifecycle.	Administrative reports/directories/provisioning use typed authorized commands, purpose/scope minimum projections, bounded anti-enumeration search, idempotency and immutable audit.	Admin Operations + Privacy/Security	NONE_FOUND_AFTER_TARGETED_SEARCH	FINAL_MAPPED	Manual admin operations root; identity and domain execution remain separate owners.
CONFIRMED_ROOT_SECURITY_DEFECT_APPROVAL_CHANGE_DATA_CONTENT_PHI_ATTACHMENT_PROVENANCE_BOUNDARY	F-2830	R-16D	src/modules/approval-workflow/approval-workflow.module.ts:29–58	Approval-workflow requests lack a consistent typed actor/owner boundary, versioned atomic allocation, immutable allowlisted change data, exhaustive service/entity routing, fail-closed unknown type, safe PHI attachment provenance, durable publication outbox and scoped queue projections.	Approval requests use typed authenticated actor and owner/admin scope, version/CAS allocation, allowlisted immutable entity change sets, exhaustive fail-closed routing, approved safe attachments, durable publication/outbox and minimum necessary cursor-paginated request views with audit.	Approval Workflow + Domain Owners + Privacy	F-2823,F-2829	FINAL_MAPPED	Manual mapping; legal consent evidence is R-24A, catalog publication business policy is R-12/R-21, and execution remains an owning-domain command.
CONFIRMED_ROOT_SECURITY_DEFECT_APPROVAL_WORKFLOW_ENTITY_PATCH_ALLOWLIST_IMMUTABLE_FIELDS	F-2825	R-16D	src/modules/approval-workflow/approval-workflow.module.ts:75–114	Approval-workflow requests lack a consistent typed actor/owner boundary, versioned atomic allocation, immutable allowlisted change data, exhaustive service/entity routing, fail-closed unknown type, safe PHI attachment provenance, durable publication outbox and scoped queue projections.	Approval requests use typed authenticated actor and owner/admin scope, version/CAS allocation, allowlisted immutable entity change sets, exhaustive fail-closed routing, approved safe attachments, durable publication/outbox and minimum necessary cursor-paginated request views with audit.	Approval Workflow + Domain Owners + Privacy	F-2823,F-2829	FINAL_MAPPED	Manual mapping; legal consent evidence is R-24A, catalog publication business policy is R-12/R-21, and execution remains an owning-domain command.
CONFIRMED_ROOT_SECURITY_DEFECT_APPROVAL_WORKFLOW_TYPED_DTO_ACTOR_VALIDATION	F-2821	R-16D	src/modules/approval-workflow/approval-workflow.module.ts:174–199	Approval-workflow requests lack a consistent typed actor/owner boundary, versioned atomic allocation, immutable allowlisted change data, exhaustive service/entity routing, fail-closed unknown type, safe PHI attachment provenance, durable publication outbox and scoped queue projections.	Approval requests use typed authenticated actor and owner/admin scope, version/CAS allocation, allowlisted immutable entity change sets, exhaustive fail-closed routing, approved safe attachments, durable publication/outbox and minimum necessary cursor-paginated request views with audit.	Approval Workflow + Domain Owners + Privacy	F-2823,F-2829	FINAL_MAPPED	Manual mapping; legal consent evidence is R-24A, catalog publication business policy is R-12/R-21, and execution remains an owning-domain command.
CONFIRMED_ROOT_SECURITY_DEFECT_AUDIT_PERSISTENCE_DURABILITY	F-844	R-22G	src/modules/security/security.module.ts:11–16,55–99	Audit/security logging lacks durable append-safe persistence, classified/redacted details, bounded regex/cursor/query budgets, purpose-safe admin/patient projections, trusted correlation normalization and URL-query redaction.	Audit data is append-durable and tamper-evident with classified/redacted fields; reads are purpose-scoped minimum projections with bounded query/cursor controls and access audit; correlation IDs and URL/query metadata are normalized/trusted/redacted before logging.	Security/Audit Platform + Privacy	NONE_FOUND_AFTER_TARGETED_SEARCH	FINAL_MAPPED	Manual mapping; no audit log, user activity or request data was accessed.
CONFIRMED_ROOT_SECURITY_DEFECT_AUDIT_SEARCH_REGEX_RESOURCE_GUARD	F-846	R-22G	src/modules/security/security.module.ts:19–39	Audit/security logging lacks durable append-safe persistence, classified/redacted details, bounded regex/cursor/query budgets, purpose-safe admin/patient projections, trusted correlation normalization and URL-query redaction.	Audit data is append-durable and tamper-evident with classified/redacted fields; reads are purpose-scoped minimum projections with bounded query/cursor controls and access audit; correlation IDs and URL/query metadata are normalized/trusted/redacted before logging.	Security/Audit Platform + Privacy	NONE_FOUND_AFTER_TARGETED_SEARCH	FINAL_MAPPED	Manual mapping; no audit log, user activity or request data was accessed.
CONFIRMED_ROOT_SECURITY_DEFECT_AUTH_TRUSTED_DEVICE_TOKEN_EXPIRY_REVOCATION_HEARTBEAT_BINDING	F-187	R-22A	src/modules/auth/device-trust.service.ts:45–115	User/device authentication and push-device binding lack verified token/credential ownership, challenge nonce/counter lifecycle, platform/attestation allowlist, expiry/revocation/transfer audit and fail-closed sensitive endpoint enforcement.	Device and social/passkey trust use verified issuer/audience/nonce/counter and owner binding, platform attestation allowlists, short-lived revocable credentials, transfer/rotation audit and fail-closed enforcement on sensitive endpoints; no client-supplied device identity becomes trust.	Identity Security + Device Trust	F-3749,F-3757	FINAL_MAPPED	Manual mapping; Redis outage behavior remains R-16A runtime-gated dependency and push delivery belongs to R-09B.
CONFIRMED_ROOT_SECURITY_DEFECT_BOOKING_OPS_ACTIVE_PROVIDER_LICENSE_FACILITY_IDENTITY	F-972	R-03C	src/modules/booking-ops/booking-ops.module.ts:58–65,123–129	Booking-ops commands permit weak domain-owner/facility/provider/license resolution, direct payment/insurance marking, weak DTO enum/payload boundaries and parallel orchestration that bypasses canonical booking authority.	Every booking operation verifies the active domain owner, facility/provider assignment and capability/license, accepts typed command payloads only, and delegates payment/insurance state to canonical R-05/R-04 contracts; parallel bypass routes are decommissioned or reconciled.	Booking Operations + Care + Identity	F-970	FINAL_MAPPED	Manual mapping; financial settlement and insurance decision retain authority in R-05/R-04, not in booking-ops commands.
CONFIRMED_ROOT_SECURITY_DEFECT_BOOKING_OPS_COMMAND_DTO_ENUM_PAYLOAD_VALIDATION	F-971	R-03C	src/modules/booking-ops/booking-ops.module.ts:180–189	Booking-ops commands permit weak domain-owner/facility/provider/license resolution, direct payment/insurance marking, weak DTO enum/payload boundaries and parallel orchestration that bypasses canonical booking authority.	Every booking operation verifies the active domain owner, facility/provider assignment and capability/license, accepts typed command payloads only, and delegates payment/insurance state to canonical R-05/R-04 contracts; parallel bypass routes are decommissioned or reconciled.	Booking Operations + Care + Identity	F-970	FINAL_MAPPED	Manual mapping; financial settlement and insurance decision retain authority in R-05/R-04, not in booking-ops commands.
CONFIRMED_ROOT_SECURITY_DEFECT_BOOKING_OPS_DIRECT_PAYMENT_INSURANCE_MARK_BYPASS	F-964	R-03C	src/modules/booking-ops/booking-ops.module.ts:123–150	Booking-ops commands permit weak domain-owner/facility/provider/license resolution, direct payment/insurance marking, weak DTO enum/payload boundaries and parallel orchestration that bypasses canonical booking authority.	Every booking operation verifies the active domain owner, facility/provider assignment and capability/license, accepts typed command payloads only, and delegates payment/insurance state to canonical R-05/R-04 contracts; parallel bypass routes are decommissioned or reconciled.	Booking Operations + Care + Identity	F-970	FINAL_MAPPED	Manual mapping; financial settlement and insurance decision retain authority in R-05/R-04, not in booking-ops commands.
CONFIRMED_ROOT_SECURITY_DEFECT_BOOKING_OPS_DOMAIN_OWNER_FACILITY_ASSIGNMENT_RESOLVER	F-960	R-03C	src/modules/booking-ops/booking-ops.module.ts:50–80	Booking-ops commands permit weak domain-owner/facility/provider/license resolution, direct payment/insurance marking, weak DTO enum/payload boundaries and parallel orchestration that bypasses canonical booking authority.	Every booking operation verifies the active domain owner, facility/provider assignment and capability/license, accepts typed command payloads only, and delegates payment/insurance state to canonical R-05/R-04 contracts; parallel bypass routes are decommissioned or reconciled.	Booking Operations + Care + Identity	F-970	FINAL_MAPPED	Manual mapping; financial settlement and insurance decision retain authority in R-05/R-04, not in booking-ops commands.
CONFIRMED_ROOT_SECURITY_DEFECT_BOOKING_OPS_PROVIDER_PAYMENT_MARK_FACILITY_ASSIGNMENT_SCOPE	F-965	R-03C	src/modules/booking-ops/booking-ops.module.ts:67–80,123–148	Booking-ops commands permit weak domain-owner/facility/provider/license resolution, direct payment/insurance marking, weak DTO enum/payload boundaries and parallel orchestration that bypasses canonical booking authority.	Every booking operation verifies the active domain owner, facility/provider assignment and capability/license, accepts typed command payloads only, and delegates payment/insurance state to canonical R-05/R-04 contracts; parallel bypass routes are decommissioned or reconciled.	Booking Operations + Care + Identity	F-970	FINAL_MAPPED	Manual mapping; financial settlement and insurance decision retain authority in R-05/R-04, not in booking-ops commands.
CONFIRMED_ROOT_SECURITY_DEFECT_BROWSER_TOKEN_TRANSPORT_DRIFT	F-185	R-22A	src/modules/auth/auth.service.ts:407–447,449–515,517–545,634–667,912–960	User/device authentication and push-device binding lack verified token/credential ownership, challenge nonce/counter lifecycle, platform/attestation allowlist, expiry/revocation/transfer audit and fail-closed sensitive endpoint enforcement.	Device and social/passkey trust use verified issuer/audience/nonce/counter and owner binding, platform attestation allowlists, short-lived revocable credentials, transfer/rotation audit and fail-closed enforcement on sensitive endpoints; no client-supplied device identity becomes trust.	Identity Security + Device Trust	F-3749,F-3757	FINAL_MAPPED	Manual mapping; Redis outage behavior remains R-16A runtime-gated dependency and push delivery belongs to R-09B.
CONFIRMED_ROOT_SECURITY_DEFECT_CALLER_CONTROLLED_DEVICE_ID	F-687	R-22A	src/modules/api-security/api-security.module.ts:72–90,101–117	API abuse controls accept a caller-controlled device identifier as trust input.	Device identifiers used for enforcement are server-issued/attested/owner-bound and never accepted as sole caller trust signal.	Identity Security + API Security	NONE_FOUND_AFTER_TARGETED_SEARCH	FINAL_MAPPED	Manual reassignment to device/credential trust root.
CONFIRMED_ROOT_SECURITY_DEFECT_COMPAT_ROLE_TENANT_POLICY	F-932	R-02A	src/modules/compat/compat.module.ts:2–8,1111–1139	Privileged provider/admin commands and reads rely on JWT or broad role context without a consistently verified role, organization/facility assignment, resource relationship, purpose, state and actor/reason audit boundary.	Every privileged provider/admin read or mutation is deny-by-default and verifies active role, organization/facility assignment, resource relationship, purpose and command state; sensitive actions carry immutable actor/reason audit and bounded projections.	Identity/Authorization + Provider Operations + Admin Governance	F-606,F-679,F-681,F-683,F-875,F-878,F-880,F-883,F-887	FINAL_MAPPED	Manual mapping; finance/legal/facility/clinical/realtime/release authorization labels remain intentionally owned by their specialized roots with R-02A dependency where applicable.
CONFIRMED_ROOT_SECURITY_DEFECT_CORRELATION_ID_UNTRUSTED_INPUT_VALIDATION	F-850	R-22G	src/modules/security/security.module.ts:101–108	Audit/security logging lacks durable append-safe persistence, classified/redacted details, bounded regex/cursor/query budgets, purpose-safe admin/patient projections, trusted correlation normalization and URL-query redaction.	Audit data is append-durable and tamper-evident with classified/redacted fields; reads are purpose-scoped minimum projections with bounded query/cursor controls and access audit; correlation IDs and URL/query metadata are normalized/trusted/redacted before logging.	Security/Audit Platform + Privacy	NONE_FOUND_AFTER_TARGETED_SEARCH	FINAL_MAPPED	Manual mapping; no audit log, user activity or request data was accessed.
CONFIRMED_ROOT_SECURITY_DEFECT_DEVICE_ATTESTATION_NONCE_REQUEST_BINDING	F-3750	R-22A	src/modules/device-trust/device-trust.module.ts:31–68	User/device authentication and push-device binding lack verified token/credential ownership, challenge nonce/counter lifecycle, platform/attestation allowlist, expiry/revocation/transfer audit and fail-closed sensitive endpoint enforcement.	Device and social/passkey trust use verified issuer/audience/nonce/counter and owner binding, platform attestation allowlists, short-lived revocable credentials, transfer/rotation audit and fail-closed enforcement on sensitive endpoints; no client-supplied device identity becomes trust.	Identity Security + Device Trust	F-3749,F-3757	FINAL_MAPPED	Manual mapping; Redis outage behavior remains R-16A runtime-gated dependency and push delivery belongs to R-09B.
CONFIRMED_ROOT_SECURITY_DEFECT_DEVICE_TRUST_CHALLENGE_OWNER_BINDING	F-3746	R-22A	src/modules/device-trust/device-trust.module.ts:40–51	User/device authentication and push-device binding lack verified token/credential ownership, challenge nonce/counter lifecycle, platform/attestation allowlist, expiry/revocation/transfer audit and fail-closed sensitive endpoint enforcement.	Device and social/passkey trust use verified issuer/audience/nonce/counter and owner binding, platform attestation allowlists, short-lived revocable credentials, transfer/rotation audit and fail-closed enforcement on sensitive endpoints; no client-supplied device identity becomes trust.	Identity Security + Device Trust	F-3749,F-3757	FINAL_MAPPED	Manual mapping; Redis outage behavior remains R-16A runtime-gated dependency and push delivery belongs to R-09B.
CONFIRMED_ROOT_SECURITY_DEFECT_DEVICE_TRUST_LIFECYCLE_REVOCATION_MODEL	F-3753	R-22A	src/modules/device-trust/device-trust.module.ts:61–66,119–124	User/device authentication and push-device binding lack verified token/credential ownership, challenge nonce/counter lifecycle, platform/attestation allowlist, expiry/revocation/transfer audit and fail-closed sensitive endpoint enforcement.	Device and social/passkey trust use verified issuer/audience/nonce/counter and owner binding, platform attestation allowlists, short-lived revocable credentials, transfer/rotation audit and fail-closed enforcement on sensitive endpoints; no client-supplied device identity becomes trust.	Identity Security + Device Trust	F-3749,F-3757	FINAL_MAPPED	Manual mapping; Redis outage behavior remains R-16A runtime-gated dependency and push delivery belongs to R-09B.
CONFIRMED_ROOT_SECURITY_DEFECT_DEVICE_TRUST_PLATFORM_RUNTIME_ALLOWLIST	F-3748	R-22A	src/modules/device-trust/device-trust.module.ts:31–42,131–146	User/device authentication and push-device binding lack verified token/credential ownership, challenge nonce/counter lifecycle, platform/attestation allowlist, expiry/revocation/transfer audit and fail-closed sensitive endpoint enforcement.	Device and social/passkey trust use verified issuer/audience/nonce/counter and owner binding, platform attestation allowlists, short-lived revocable credentials, transfer/rotation audit and fail-closed enforcement on sensitive endpoints; no client-supplied device identity becomes trust.	Identity Security + Device Trust	F-3749,F-3757	FINAL_MAPPED	Manual mapping; Redis outage behavior remains R-16A runtime-gated dependency and push delivery belongs to R-09B.
CONFIRMED_ROOT_SECURITY_DEFECT_DEVICE_TRUST_REDIS_FAIL_CLOSED	F-3747	R-22A	src/modules/device-trust/device-trust.module.ts:45–51	User/device authentication and push-device binding lack verified token/credential ownership, challenge nonce/counter lifecycle, platform/attestation allowlist, expiry/revocation/transfer audit and fail-closed sensitive endpoint enforcement.	Device and social/passkey trust use verified issuer/audience/nonce/counter and owner binding, platform attestation allowlists, short-lived revocable credentials, transfer/rotation audit and fail-closed enforcement on sensitive endpoints; no client-supplied device identity becomes trust.	Identity Security + Device Trust	F-3749,F-3757	FINAL_MAPPED	Manual mapping; Redis outage behavior remains R-16A runtime-gated dependency and push delivery belongs to R-09B.
CONFIRMED_ROOT_SECURITY_DEFECT_DEVICE_TRUST_SENSITIVE_ENDPOINT_ENFORCEMENT	F-3758	R-22A	src/modules/device-trust/device-trust.module.ts:119–124	User/device authentication and push-device binding lack verified token/credential ownership, challenge nonce/counter lifecycle, platform/attestation allowlist, expiry/revocation/transfer audit and fail-closed sensitive endpoint enforcement.	Device and social/passkey trust use verified issuer/audience/nonce/counter and owner binding, platform attestation allowlists, short-lived revocable credentials, transfer/rotation audit and fail-closed enforcement on sensitive endpoints; no client-supplied device identity becomes trust.	Identity Security + Device Trust	F-3749,F-3757	FINAL_MAPPED	Manual mapping; Redis outage behavior remains R-16A runtime-gated dependency and push delivery belongs to R-09B.
CONFIRMED_ROOT_SECURITY_DEFECT_DOCTORS_PUBLIC_SEARCH_REGEX_BOUNDS_PROJECTION	F-893	R-12B	src/modules/doctors/doctors.module.ts:56–65,246–254	Public and cross-domain discovery searches lack consistent bounded/escaped query, sensitivity, verified-publication, minimum projection and retention contracts.	Discovery/search inputs are typed, escaped and resource-bounded; results are from verified/publication-authorized entities only, return minimum public DTOs, protect sensitive terms and apply pagination/cursor/retention/audit policy.	Public Discovery/Search + Privacy	NONE_FOUND_AFTER_TARGETED_SEARCH	FINAL_MAPPED	Manual mapping; admin directory, recruitment, ratings and other vertical searches remain specialized roots.
CONFIRMED_ROOT_SECURITY_DEFECT_DOCTOR_APPOINTMENT_CHAT_PARTICIPANT_ASSIGNMENT_STATE_AUTHORIZATION	F-900	R-18B	src/modules/doctors/doctors.module.ts:182–196,262–264	Chat/family/appointment communication trusts client participant/sender state, permits arbitrary membership, lacks relationship/booking fail-closed checks, durable message/unread/replay lifecycle and bounded safe content/media policy.	Chat members are server-verified against active family/booking/appointment relationships and invitation/owner policy; commands are typed, idempotent and durable with participant/state audit, minimum PHI projection/retention, bounded media/content controls and authoritative closure/read lifecycle.	Chat/Communication + Clinical Privacy	F-070,F-312,F-729,F-1493	FINAL_MAPPED	Manual mapping; notification templates/delivery and safe media storage are shared dependencies, not merged causes.
CONFIRMED_ROOT_SECURITY_DEFECT_DOCTOR_APPOINTMENT_DOCUMENT_ADDRESS_STATE_HISTORY_TYPED_BOUNDARY	F-1491	R-03C	src/modules/doctors/doctors.schemas.ts:70–73	Doctor appointment document/address/state/history fields lack typed command boundary.	Booking commands accept typed schema-validated minimum documents/address/state transitions/history with canonical aggregate authority and audit.	Booking Operations + Privacy	NONE_FOUND_AFTER_TARGETED_SEARCH	FINAL_MAPPED	Manual booking command root; documents/media remain separate R-07B dependency.
CONFIRMED_ROOT_SECURITY_DEFECT_EVENT_REPLAY_ERROR_REDACTION	F-841	R-09A	src/modules/event-reliability/event-reliability.module.ts:124–128	The common event platform lacks a complete typed, redacted, versioned event registry and a durable idempotent delivery/replay/dead-letter/retention/observable-command contract.	Every cross-domain event uses a registered typed/versioned envelope with sensitivity classification, correlation/idempotency and a durable outbox/consumer ledger; replay, expiry, redaction, retention and operator actions are bounded and auditable.	Platform Events + Security/Privacy	F-2551,F-2552,F-2553,F-2555,F-2558,F-2560	FINAL_MAPPED	Manual mapping; domain-specific sagas remain in their aggregate roots and runtime transport durability remains separately gated.
CONFIRMED_ROOT_SECURITY_DEFECT_EXPORT_CSV_FORMULA_INJECTION	F-275	R-22H	src/modules/export/export.service.ts:18–34	ExportService reads an entire selected model and serializes caller-selected fields to CSV while escaping quotes only; it does not neutralize spreadsheet formula prefixes or establish an authorized minimum export projection.	Data exports are purpose/role-scoped, server-defined minimum projections with bounded selection and audit. CSV values that can be interpreted as formulas are safely neutralized; download content is not trusted merely because it is quoted or generated by the server.	Security/Privacy + Export/Data Governance	NONE_FOUND_AFTER_TARGETED_SEARCH	FINAL_MAPPED	Manual mapping from frozen backend baseline. F-3751 is the directly evidenced attestation nonce/request-binding derived graph for F-3752; targeted searches found none for the other two aggregates. No export, user data, ban, device attestation, Redis, security event, runtime service or production secret was accessed.
CONFIRMED_ROOT_SECURITY_DEFECT_FACILITY_ATTENDANCE_CHECKOUT_ACTOR_SHIFT_STATE_CAS	F-666	R-11B	src/modules/facility-ops/facility-ops.module.ts:194–204,314–317	Facility/home-care attendance GPS check-in/out lacks a unified shift/actor/CAS/geofence/range/accuracy/freshness/rate contract.	Attendance location evidence is accepted only for an authorized active shift/visit with bounded geofence/range/accuracy/freshness/rate validation, versioned check-in/out state, audit and consent/retention controls.	Facility Operations + Home-care + Privacy	F-081,F-880	FINAL_MAPPED	Manual mapping; clinical visit report purpose is R-07D and delivery proof media F-537 depends on R-07B.
CONFIRMED_ROOT_SECURITY_DEFECT_FACILITY_ATTENDANCE_GPS_RANGE_GEOFENCE_SHIFT_UNIQUENESS	F-665	R-11B	src/modules/facility-ops/facility-ops.module.ts:182–191,309–312	Facility/home-care attendance GPS check-in/out lacks a unified shift/actor/CAS/geofence/range/accuracy/freshness/rate contract.	Attendance location evidence is accepted only for an authorized active shift/visit with bounded geofence/range/accuracy/freshness/rate validation, versioned check-in/out state, audit and consent/retention controls.	Facility Operations + Home-care + Privacy	F-081,F-880	FINAL_MAPPED	Manual mapping; clinical visit report purpose is R-07D and delivery proof media F-537 depends on R-07B.
CONFIRMED_ROOT_SECURITY_DEFECT_FACILITY_COMMS_RESOURCES_ROLE_BRANCH_TYPE_LIFECYCLE_GOVERNANCE	F-669	R-23B	src/modules/facility-ops/facility-ops.module.ts:342–418	Facility admissions, wards/beds, shifts, surgery and communications/resources lack unified branch/role/clinical-purpose controls, bounded transactional capacity, CAS/idempotency, truthful invalid outcome and audit/retention policy.	Facility resources use typed branch/role/purpose commands, bounded transactional ward/bed/OT capacity, idempotent admission/discharge/shift transitions, validated participant consent/capability, and minimum necessary audited/retained clinical/operational projections.	Facility Operations + Clinical Governance	NONE_FOUND_AFTER_TARGETED_SEARCH	FINAL_MAPPED	Manual mapping; attendance GPS remains R-11B and generic RBAC is a shared R-02A dependency.
CONFIRMED_ROOT_SECURITY_DEFECT_FACILITY_OPS_MEMBERSHIP_ROLE_BRANCH_SCOPE_AUTHORIZATION	F-659	R-23B	src/modules/facility-ops/facility-ops.module.ts:253–339,345–418	Facility admissions, wards/beds, shifts, surgery and communications/resources lack unified branch/role/clinical-purpose controls, bounded transactional capacity, CAS/idempotency, truthful invalid outcome and audit/retention policy.	Facility resources use typed branch/role/purpose commands, bounded transactional ward/bed/OT capacity, idempotent admission/discharge/shift transitions, validated participant consent/capability, and minimum necessary audited/retained clinical/operational projections.	Facility Operations + Clinical Governance	NONE_FOUND_AFTER_TARGETED_SEARCH	FINAL_MAPPED	Manual mapping; attendance GPS remains R-11B and generic RBAC is a shared R-02A dependency.
CONFIRMED_ROOT_SECURITY_DEFECT_FACILITY_TENANCY_PHI_PROJECTION	F-945	R-23B	src/modules/compat/compat.module.ts:534–562,758–838	Facility tenant PHI projection lacks facility ownership/purpose boundary.	Facility views enforce active facility/branch relationship and clinical purpose, return minimum PHI projection and retain access audit.	Facility Operations + Clinical Privacy	NONE_FOUND_AFTER_TARGETED_SEARCH	FINAL_MAPPED	Manual reassignment to facility governance root.
CONFIRMED_ROOT_SECURITY_DEFECT_FAMILY_INVITE_CRYPTOGRAPHIC_SINGLE_USE_REDEMPTION	F-503	R-08A	src/modules/family/family.service.ts:39–41,81–87,119–147	Family invite/join membership lifecycle permits fabricated or non-atomic consent transitions and lacks cryptographic single-use redemption/replay-safe membership truth.	Family invitations are server-issued, recipient-bound, expiring and single-use; join/accept/reject is an atomic idempotent membership transition with audit and no fabricated client success.	Family Platform + Identity/Privacy	F-046,F-051	FINAL_MAPPED	Manual mapping; delegated health permissions belong to R-08B.
CONFIRMED_ROOT_SECURITY_DEFECT_FINANCE_COMMISSION_OVERRIDE_READER_SCOPE	F-1516	R-05D	src/modules/legal/legal.module.ts:199–203	Authenticated commission lookup permits arbitrary provider override lookup without explicit requester/provider/facility tenancy or purpose scope.	Commission configuration is a versioned approved commercial policy: one atomic initialized canonical record with typed allowlisted changes, effective dates, maker-checker/actor-reason audit and durable change evidence. All provider/service resolution is fail-closed for unknown scope and uses tenant/purpose-authorized minimum DTOs; derived rates feed canonical settlement/issued invoices only.	Finance/Reporting + Configuration Governance + Privacy	F-1517	FINAL_MAPPED	Manual mapping from frozen backend archive. Legal policy/acceptance labels F-1503–F-1510 remain the separate R-24A consent/policy root; F-1518 remains insufficient-evidence. No finance configuration, commission, provider, invoice or runtime operation was accessed.
CONFIRMED_ROOT_SECURITY_DEFECT_FINANCIAL_ADMIN_TYPED_RESOURCE_BOUNDARY	F-103	R-05D	src/modules/finance-engine/finance-engine.module.ts:941–970,973–1000	Financial saga/admin resource paths lack canonical exact-once ledger/reconciliation and typed resource-bound privileged authority.	Financial operations use canonical immutable exact-once ledger and reconciliation lifecycle; privileged finance access is typed resource/tenant/state-scoped with audit and cannot mutate via generic identifiers.	Finance/Settlement + Admin Authority	NONE_FOUND_AFTER_TARGETED_SEARCH	FINAL_MAPPED	Manual mapping to financial reporting/settlement root; PSP execution remains R-05A1.
CONFIRMED_ROOT_SECURITY_DEFECT_GLOBAL_BODY_LIMIT_RAW_BODY_MEMORY_AMPLIFICATION	F-1295	R-22D	src/main.ts:89–96	Security configuration and API/documentation surfaces lack controlled secret/config validation, trusted origin/CORS/CSP/body-limit policy, safe OpenAPI session contract/route parity and build-context secret exclusion.	Configuration is typed and fail-closed across environments; secrets are managed/rotated/audited, origins/CORS/CSP/body limits are allowlisted, API docs expose only safe contracts behind environment access control, and build context excludes secrets by policy.	Security Engineering + Platform	F-2442	FINAL_MAPPED	Manual mapping; release deployment execution and external secret presence are separate R-15/runtime verification matters.
CONFIRMED_ROOT_SECURITY_DEFECT_HOMECARE_GPS_RANGE_ACCURACY_FRESHNESS_RATE_GEOFENCE	F-724	R-11B	src/modules/home-care-compat/home-care-compat.module.ts:162–167	Facility/home-care attendance GPS check-in/out lacks a unified shift/actor/CAS/geofence/range/accuracy/freshness/rate contract.	Attendance location evidence is accepted only for an authorized active shift/visit with bounded geofence/range/accuracy/freshness/rate validation, versioned check-in/out state, audit and consent/retention controls.	Facility Operations + Home-care + Privacy	F-081,F-880	FINAL_MAPPED	Manual mapping; clinical visit report purpose is R-07D and delivery proof media F-537 depends on R-07B.
CONFIRMED_ROOT_SECURITY_DEFECT_HOSPITAL_ACTOR_MEMBERSHIP_BRANCH_ENTITY_SCOPE_AUTHORIZATION	F-590	R-23A	src/modules/hospital/services/hospital.service.ts:33–40 ; src/modules/hospital/controllers/hospital.controller.ts:10–62	Hospital branches, staff, affiliations, invitations and appointment ownership lack one verified membership/branch/facility relationship, typed DTO, credential review, expiry/revocation and atomic idempotent invitation lifecycle.	Hospital operations verify active actor membership and branch/facility relationship; staff/department DTOs are allowlisted, affiliations/credentials are reviewed, invitations are recipient-bound/expiring/revocable/idempotent, and appointment ownership/projections are purpose-scoped and audited.	Hospital Operations + Identity/Privacy	NONE_FOUND_AFTER_TARGETED_SEARCH	FINAL_MAPPED	Manual mapping; canonical appointment state belongs to R-03B, financial wallet ledger belongs to R-05D and generic authorization depends on R-02A.
CONFIRMED_ROOT_SECURITY_DEFECT_HOSPITAL_BRANCH_DEPARTMENT_STAFF_TYPED_ALLOWLISTED_DTO	F-591	R-23A	src/modules/hospital/services/hospital.service.ts:113–147	Hospital branches, staff, affiliations, invitations and appointment ownership lack one verified membership/branch/facility relationship, typed DTO, credential review, expiry/revocation and atomic idempotent invitation lifecycle.	Hospital operations verify active actor membership and branch/facility relationship; staff/department DTOs are allowlisted, affiliations/credentials are reviewed, invitations are recipient-bound/expiring/revocable/idempotent, and appointment ownership/projections are purpose-scoped and audited.	Hospital Operations + Identity/Privacy	NONE_FOUND_AFTER_TARGETED_SEARCH	FINAL_MAPPED	Manual mapping; canonical appointment state belongs to R-03B, financial wallet ledger belongs to R-05D and generic authorization depends on R-02A.
CONFIRMED_ROOT_SECURITY_DEFECT_HOSPITAL_DOCTOR_AFFILIATION_VERIFICATION_REVIEW_AUDIT_LIFECYCLE	F-593	R-23A	src/modules/hospital/services/hospital.service.ts:149–159	Hospital branches, staff, affiliations, invitations and appointment ownership lack one verified membership/branch/facility relationship, typed DTO, credential review, expiry/revocation and atomic idempotent invitation lifecycle.	Hospital operations verify active actor membership and branch/facility relationship; staff/department DTOs are allowlisted, affiliations/credentials are reviewed, invitations are recipient-bound/expiring/revocable/idempotent, and appointment ownership/projections are purpose-scoped and audited.	Hospital Operations + Identity/Privacy	NONE_FOUND_AFTER_TARGETED_SEARCH	FINAL_MAPPED	Manual mapping; canonical appointment state belongs to R-03B, financial wallet ledger belongs to R-05D and generic authorization depends on R-02A.
CONFIRMED_ROOT_SECURITY_DEFECT_HOSPITAL_STAFF_COMMAND_DTO_IDENTIFIER_VALIDATION	F-3804	R-23C	src/modules/hospital-staff/hospital-staff.module.ts:39–43,70–78,113–123	Hospital staff onboarding/maintenance lacks verified credential/qualification/approval, owner-account and permission invariants, fee provenance, typed commands, MFA/session/offboarding lifecycle, idempotency and purpose-safe audit projections.	Hospital staff records bind a verified qualified identity to one authoritative owner account and allowlisted permissions; credential approval, fee/currency provenance, typed commands, MFA/reset/revocation, suspension/offboarding, assignment retention, idempotency and immutable actor/reason audit are enforced.	Hospital Staff Operations + Security/Privacy	F-3800	FINAL_MAPPED	Manual mapping; payment settlement, clinical scheduling and external credential verification execution remain separate dependencies/gates.
CONFIRMED_ROOT_SECURITY_DEFECT_HOSPITAL_STAFF_PASSWORD_RESET_MFA_SESSION_REVOCATION_AUDIT	F-3805	R-23C	src/modules/hospital-staff/hospital-staff.module.ts:101–109	Hospital staff onboarding/maintenance lacks verified credential/qualification/approval, owner-account and permission invariants, fee provenance, typed commands, MFA/session/offboarding lifecycle, idempotency and purpose-safe audit projections.	Hospital staff records bind a verified qualified identity to one authoritative owner account and allowlisted permissions; credential approval, fee/currency provenance, typed commands, MFA/reset/revocation, suspension/offboarding, assignment retention, idempotency and immutable actor/reason audit are enforced.	Hospital Staff Operations + Security/Privacy	F-3800	FINAL_MAPPED	Manual mapping; payment settlement, clinical scheduling and external credential verification execution remain separate dependencies/gates.
CONFIRMED_ROOT_SECURITY_DEFECT_HOSPITAL_STAFF_PERMISSION_ALLOWLIST_APPROVAL	F-3801	R-23C	src/modules/hospital-staff/hospital-staff.module.ts:55–58,70–78	Hospital staff onboarding/maintenance lacks verified credential/qualification/approval, owner-account and permission invariants, fee provenance, typed commands, MFA/session/offboarding lifecycle, idempotency and purpose-safe audit projections.	Hospital staff records bind a verified qualified identity to one authoritative owner account and allowlisted permissions; credential approval, fee/currency provenance, typed commands, MFA/reset/revocation, suspension/offboarding, assignment retention, idempotency and immutable actor/reason audit are enforced.	Hospital Staff Operations + Security/Privacy	F-3800	FINAL_MAPPED	Manual mapping; payment settlement, clinical scheduling and external credential verification execution remain separate dependencies/gates.
CONFIRMED_ROOT_SECURITY_DEFECT_HOSPITAL_STAFF_VERIFICATION_CREDENTIAL_APPROVAL_GATE	F-3797	R-23C	src/modules/hospital-staff/hospital-staff.module.ts:39–65	Hospital staff onboarding/maintenance lacks verified credential/qualification/approval, owner-account and permission invariants, fee provenance, typed commands, MFA/session/offboarding lifecycle, idempotency and purpose-safe audit projections.	Hospital staff records bind a verified qualified identity to one authoritative owner account and allowlisted permissions; credential approval, fee/currency provenance, typed commands, MFA/reset/revocation, suspension/offboarding, assignment retention, idempotency and immutable actor/reason audit are enforced.	Hospital Staff Operations + Security/Privacy	F-3800	FINAL_MAPPED	Manual mapping; payment settlement, clinical scheduling and external credential verification execution remain separate dependencies/gates.
CONFIRMED_ROOT_SECURITY_DEFECT_KILL_SWITCH_PRIVILEGED_ROLE_APPROVAL_AUDIT	F-651	R-02A	src/modules/admin-governance/admin-governance.module.ts:244–286	Privileged provider/admin commands and reads rely on JWT or broad role context without a consistently verified role, organization/facility assignment, resource relationship, purpose, state and actor/reason audit boundary.	Every privileged provider/admin read or mutation is deny-by-default and verifies active role, organization/facility assignment, resource relationship, purpose and command state; sensitive actions carry immutable actor/reason audit and bounded projections.	Identity/Authorization + Provider Operations + Admin Governance	F-606,F-679,F-681,F-683,F-875,F-878,F-880,F-883,F-887	FINAL_MAPPED	Manual mapping; finance/legal/facility/clinical/realtime/release authorization labels remain intentionally owned by their specialized roots with R-02A dependency where applicable.
CONFIRMED_ROOT_SECURITY_DEFECT_LEGACY_SOCKET_CLIENT_CONTROLLED_PRIVATE_ROOMS	F-355	R-18A	src/modules/socket/socket.gateway.ts:27–37	Realtime/websocket transports expose query credentials or uncontrolled origin/room/payload behavior and lack authenticated bounded event authorization, audience projection, offline acknowledgement/replay and transport-abuse controls.	Realtime connections use secure handshake credential handling, normalized origin allowlist, expiry/revocation, bounded typed payloads and per-event authorization; delivery is audience-minimized, acknowledged/replayable with explicit degraded state and legacy global/client-controlled rooms are removed or hardened.	Realtime Platform + Security/Privacy	F-298,F-299,F-356,F-357,F-358,F-1130,F-1131,F-1134,F-2419,F-2421,F-2428,F-2429	FINAL_MAPPED	Manual mapping; domain SSE booking privacy remains R-03D and event-platform durability is R-09A.
CONFIRMED_ROOT_SECURITY_DEFECT_LEGACY_SOCKET_UNAUTHENTICATED_GLOBAL_BROADCAST	F-354	R-18A	src/modules/socket/socket.gateway.ts:6–23	Realtime/websocket transports expose query credentials or uncontrolled origin/room/payload behavior and lack authenticated bounded event authorization, audience projection, offline acknowledgement/replay and transport-abuse controls.	Realtime connections use secure handshake credential handling, normalized origin allowlist, expiry/revocation, bounded typed payloads and per-event authorization; delivery is audience-minimized, acknowledged/replayable with explicit degraded state and legacy global/client-controlled rooms are removed or hardened.	Realtime Platform + Security/Privacy	F-298,F-299,F-356,F-357,F-358,F-1130,F-1131,F-1134,F-2419,F-2421,F-2428,F-2429	FINAL_MAPPED	Manual mapping; domain SSE booking privacy remains R-03D and event-platform durability is R-09A.
CONFIRMED_ROOT_SECURITY_DEFECT_LEGAL_ACCEPTANCE_DEVICE_PLATFORM_EVIDENCE_PROVENANCE	F-1508	R-24A	src/modules/legal/legal.module.ts:108–118	Legal policy and acceptance handling lacks immutable typed consent value/version/artifact evidence, owner/org scope, Arabic artifact fidelity, effective/publication rules, unique idempotent archive lifecycle, device/platform provenance and bounded pending applicability.	Every consent/acceptance records an immutable typed value, policy version/effective artifact digest and authorized subject/organization scope; policy publication is allowlisted/versioned, acceptance is unique/idempotent/archive-durable with device/platform provenance and pending applicability is explicitly bounded/audited.	Legal/Compliance + Privacy	F-1509	FINAL_MAPPED	Manual mapping; family/clinical/insurance consent and generic approval workflow remain specialized roots with legal-evidence dependency where applicable.
CONFIRMED_ROOT_SECURITY_DEFECT_LEGAL_POLICY_UPSERT_FIELD_ALLOWLIST_PUBLICATION_GATE	F-1503	R-24A	src/modules/legal/legal.module.ts:68–95,180–185	Legal policy and acceptance handling lacks immutable typed consent value/version/artifact evidence, owner/org scope, Arabic artifact fidelity, effective/publication rules, unique idempotent archive lifecycle, device/platform provenance and bounded pending applicability.	Every consent/acceptance records an immutable typed value, policy version/effective artifact digest and authorized subject/organization scope; policy publication is allowlisted/versioned, acceptance is unique/idempotent/archive-durable with device/platform provenance and pending applicability is explicitly bounded/audited.	Legal/Compliance + Privacy	F-1509	FINAL_MAPPED	Manual mapping; family/clinical/insurance consent and generic approval workflow remain specialized roots with legal-evidence dependency where applicable.
CONFIRMED_ROOT_SECURITY_DEFECT_MEMORY_MONGO_URI_STRUCTURED_REDACTED_LOGGING	F-1301	R-13D	src/main.ts:33–40	Operational telemetry, Sentry/context, logs and cache responses lack a consistent sensitive-field classification, redaction/clearance, cardinality/retention and safe public DTO/key policy.	Observability and caches collect/emit only allowlisted classified fields, clear request/user context deterministically, redact secrets/PHI/identifiers, bound metric labels and retention, and use explicit public DTO/cache namespace policies with auditable failure handling.	Operations/Observability + Security/Privacy	F-1309,F-1313,F-1520,F-1526,F-2485,F-2491,F-2493,F-3759	FINAL_MAPPED	Manual mapping; cache availability/invalidation/reliability and runtime readiness remain R-16/R-26 dependencies.
CONFIRMED_ROOT_SECURITY_DEFECT_NONPRODUCTION_EXTERNAL_CORS_DEFAULT_DENY	F-1291	R-22D	src/main.ts:44–55	Security configuration and API/documentation surfaces lack controlled secret/config validation, trusted origin/CORS/CSP/body-limit policy, safe OpenAPI session contract/route parity and build-context secret exclusion.	Configuration is typed and fail-closed across environments; secrets are managed/rotated/audited, origins/CORS/CSP/body limits are allowlisted, API docs expose only safe contracts behind environment access control, and build context excludes secrets by policy.	Security Engineering + Platform	F-2442	FINAL_MAPPED	Manual mapping; release deployment execution and external secret presence are separate R-15/runtime verification matters.
CONFIRMED_ROOT_SECURITY_DEFECT_NOTIFICATION_DEEP_LINK_ROUTE_PARAM_ALLOWLIST_CAPABILITY	F-859	R-09B	src/modules/admin-notification-center/admin-notification-center.module.ts:38,67–90,194–198	Notification preferences, campaign/reminder commands and delivery/read outcomes lack a unified approved-audience/template/link, atomic claim/idempotency, provider receipt/failure and privacy-safe analytics contract.	Notification commands use consent/preference/suppression-aware authoritative audience snapshots, approved localized templates and scoped links; campaigns/reminders are idempotent leased jobs with durable attempts/receipts/read outcomes, bounded analytics and actor/reason audit.	Notifications + Admin Operations + Patient Mobile	F-032,F-154,F-167,F-871,F-906,F-1496,F-1497,F-1498	FINAL_MAPPED	Manual mapping; OTP/mail/SMS transport, chat/realtime and domain event production are deliberately excluded for separate roots.
CONFIRMED_ROOT_SECURITY_DEFECT_OTP_MAIL_JOB_DEADLINE_ATTEMPT_CANCELLATION_ENFORCEMENT	F-1123	R-01A	src/modules/notifications/processors/mail.processor.ts:9–17	OTP identity success is not bound to a verified usable delivery channel and canonical one-time challenge lifecycle.	An identity assertion may succeed only after server-verified challenge issuance, normalized destination, usable delivery/correlation, one-time verification, expiry, rate/lockout and audit.	Identity/Auth + SMS/Mail	F-455,F-1119,F-1125,F-2524,F-2525	FINAL_MAPPED	Manual mapping; deadline/cancellation must not yield identity success.
CONFIRMED_ROOT_SECURITY_DEFECT_OTP_MAIL_JOB_VERSIONED_SCHEMA_ISSUER_EXPIRY_VALIDATION	F-1118	R-01A	src/modules/notifications/processors/mail.processor.ts:9–13	OTP identity success is not bound to a verified usable delivery channel and canonical one-time challenge lifecycle.	An identity assertion may succeed only after server-verified challenge issuance, normalized destination, usable delivery/correlation, one-time verification, expiry, rate/lockout and audit.	Identity/Auth + SMS/Mail	F-455,F-1119,F-1125,F-2524,F-2525	FINAL_MAPPED	Manual mapping; async mail contract is part of challenge lifecycle.
CONFIRMED_ROOT_SECURITY_DEFECT_PASSKEY_CHALLENGE_COUNTER_CREDENTIAL_LIFECYCLE_ATOMICITY	F-186	R-22A	src/modules/auth/passkey.service.ts:117–150,175–205	User/device authentication and push-device binding lack verified token/credential ownership, challenge nonce/counter lifecycle, platform/attestation allowlist, expiry/revocation/transfer audit and fail-closed sensitive endpoint enforcement.	Device and social/passkey trust use verified issuer/audience/nonce/counter and owner binding, platform attestation allowlists, short-lived revocable credentials, transfer/rotation audit and fail-closed enforcement on sensitive endpoints; no client-supplied device identity becomes trust.	Identity Security + Device Trust	F-3749,F-3757	FINAL_MAPPED	Manual mapping; Redis outage behavior remains R-16A runtime-gated dependency and push delivery belongs to R-09B.
CONFIRMED_ROOT_SECURITY_DEFECT_PRODUCTION_CSP_UNSAFE_INLINE_UNBOUNDED_HTTPS_IMAGE	F-1293	R-22D	src/main.ts:70–81	Security configuration and API/documentation surfaces lack controlled secret/config validation, trusted origin/CORS/CSP/body-limit policy, safe OpenAPI session contract/route parity and build-context secret exclusion.	Configuration is typed and fail-closed across environments; secrets are managed/rotated/audited, origins/CORS/CSP/body limits are allowlisted, API docs expose only safe contracts behind environment access control, and build context excludes secrets by policy.	Security Engineering + Platform	F-2442	FINAL_MAPPED	Manual mapping; release deployment execution and external secret presence are separate R-15/runtime verification matters.
CONFIRMED_ROOT_SECURITY_DEFECT_PROVIDER_DRUG_INDEX_SCOPE_CONTRACT	F-953	R-06C2	src/modules/compat/compat.module.ts:923–1024	Provider drug index lacks provider/facility scope contract.	Medication indexes are provider/facility/role scoped, use authoritative catalog/stock boundaries and return minimum permitted fields.	Pharmacy Inventory/Catalog	NONE_FOUND_AFTER_TARGETED_SEARCH	FINAL_MAPPED	Manual reassignment to pharmacy inventory/shortage root.
CONFIRMED_ROOT_SECURITY_DEFECT_PROVIDER_JOB_COMMAND_DTO_IDENTIFIER_REASON_VALIDATION	F-1281	R-16G	src/modules/provider-jobs/provider-jobs.module.ts:254–267	Provider job queues can expose excess clinical/contact data, fabricate commercial defaults, use global unbounded pagination, lack actor/role provenance and accept weak command identifier/reason input.	Provider job queues use minimum necessary clinical/contact DTOs, authoritative commercial fields, bounded scoped pagination, verified actor/role provenance and typed validated idempotent command reasons with audit.	Provider Jobs + Clinical Privacy + Workflow	NONE_FOUND_AFTER_TARGETED_SEARCH	FINAL_MAPPED	Manual provider-jobs root; queue execution and runtime workers were not accessed.
CONFIRMED_ROOT_SECURITY_DEFECT_PROVIDER_JOB_RAW_INSURANCE_APPROVAL_FIELD_AUTHORITY	F-1279	R-04A1	src/modules/provider-jobs/provider-jobs.module.ts:228–245	Provider jobs treats raw insurance approval field as authoritative.	Insurance approval state is resolved from canonical policy/provider decision workflow; provider jobs only consume approved minimum derived state.	Insurance Orchestration + Provider Jobs	NONE_FOUND_AFTER_TARGETED_SEARCH	FINAL_MAPPED	Manual reassignment to insurance decision root.
CONFIRMED_ROOT_SECURITY_DEFECT_PROVIDER_LEGAL_ENDPOINT_ROLE_ORGANIZATION_SCOPE	F-500	R-24A	src/modules/legal/legal-enterprise.controller.ts:75–123	Legal policy and acceptance handling lacks immutable typed consent value/version/artifact evidence, owner/org scope, Arabic artifact fidelity, effective/publication rules, unique idempotent archive lifecycle, device/platform provenance and bounded pending applicability.	Every consent/acceptance records an immutable typed value, policy version/effective artifact digest and authorized subject/organization scope; policy publication is allowlisted/versioned, acceptance is unique/idempotent/archive-durable with device/platform provenance and pending applicability is explicitly bounded/audited.	Legal/Compliance + Privacy	F-1509	FINAL_MAPPED	Manual mapping; family/clinical/insurance consent and generic approval workflow remain specialized roots with legal-evidence dependency where applicable.
CONFIRMED_ROOT_SECURITY_DEFECT_PROVIDER_ONBOARDING_IDENTITY_VERIFICATION_CREDENTIAL_GATE	F-615	R-21D	src/modules/provider-onboarding/provider-onboarding.module.ts:45–78,432–436	Provider onboarding lacks a verified provider identity/credential and account-provenance gate, encrypted/retained typed draft and minimum progress projection, default-deny contract visibility, durable submit/moderation and immutable resubmission review-state lifecycle.	Provider onboarding binds a verified credentialed identity to a controlled account record; drafts are typed/encrypted/retention-bounded, progress and contracts are minimum/default-deny, submit/moderation is durable/idempotent/audited, and resubmission follows a versioned immutable review state machine.	Provider Onboarding + Identity/Privacy	F-626	FINAL_MAPPED	Manual mapping; contract artifact safe-media mechanics are R-07B3/R-22C and verified public search projection is R-12B.
CONFIRMED_ROOT_SECURITY_DEFECT_PROVIDER_ONBOARDING_SINGLE_IDENTITY_NO_PASSWORD_HASH_MIRROR_VERIFICATION_PROVENANCE	F-623	R-21D	src/modules/provider-onboarding/provider-onboarding.module.ts:325–379	Provider onboarding lacks a verified provider identity/credential and account-provenance gate, encrypted/retained typed draft and minimum progress projection, default-deny contract visibility, durable submit/moderation and immutable resubmission review-state lifecycle.	Provider onboarding binds a verified credentialed identity to a controlled account record; drafts are typed/encrypted/retention-bounded, progress and contracts are minimum/default-deny, submit/moderation is durable/idempotent/audited, and resubmission follows a versioned immutable review state machine.	Provider Onboarding + Identity/Privacy	F-626	FINAL_MAPPED	Manual mapping; contract artifact safe-media mechanics are R-07B3/R-22C and verified public search projection is R-12B.
CONFIRMED_ROOT_SECURITY_DEFECT_PROVIDER_PAYOUT_ROLE_ORGANIZATION_SCOPE	F-487	R-05B2	src/modules/payouts/provider-payouts.controller.ts:9–18,45–120	Payout routes rely on authentication but do not establish an explicit provider role/organization entitlement contract for withdrawal operations.	Provider payout/withdrawal requires a verified provider organization and bank context, a reserved immutable ledger amount, explicit versioned approve/reject/settle/reverse transitions, separation of duties and immutable actor/reason audit. Payout request/list responses expose only a purpose-authorized, redacted projection; controller success is never settlement proof.	Finance/Payouts + Provider/Admin + Privacy	NONE_FOUND_AFTER_TARGETED_SEARCH	FINAL_MAPPED	Manual mapping from frozen backend archive. Existing idempotency/index mapping F-489 and derived F-733 remain unchanged. Runtime settlement, cross-ledger invariant and aggregation claims remain separate verification gates; no bank account, ledger, payout or runtime operation was accessed.
CONFIRMED_ROOT_SECURITY_DEFECT_PUBLIC_SEARCH_REGEX_RESOURCE_GUARD	F-3774	R-12B	src/modules/seo-search/seo-search.module.ts:121–134	Public and cross-domain discovery searches lack consistent bounded/escaped query, sensitivity, verified-publication, minimum projection and retention contracts.	Discovery/search inputs are typed, escaped and resource-bounded; results are from verified/publication-authorized entities only, return minimum public DTOs, protect sensitive terms and apply pagination/cursor/retention/audit policy.	Public Discovery/Search + Privacy	NONE_FOUND_AFTER_TARGETED_SEARCH	FINAL_MAPPED	Manual mapping; admin directory, recruitment, ratings and other vertical searches remain specialized roots.
CONFIRMED_ROOT_SECURITY_DEFECT_PUBLIC_SSE_BOOKING_EVENT_IDOR	F-1127	R-18A	src/modules/realtime/realtime.sse.ts:27–36	Public booking SSE authorizes subscription only by client-supplied type/id, enabling identifier guessing and cross-booking event access.	Realtime/SSE subscriptions require a server-issued expiring scoped capability tied to a verified subject/booking/tenant relationship; public status, if permitted, is a separate opaque capability and minimum event DTO. Connections, heartbeats, subscriptions and buffers have per-principal budgets, bounded lifetime/backpressure and explicit degraded/replay/acknowledgement semantics. A stream is never authorization or delivery proof.	Realtime Platform + Security/Privacy	F-1129,F-1135,F-1136	FINAL_MAPPED	Manual mapping from frozen backend archive. F-1133 disconnect teardown and F-1137 global metrics/policy integration remain runtime verification gates. No realtime connection, event, booking, tenant data or runtime service was accessed.
CONFIRMED_ROOT_SECURITY_DEFECT_RATE_LIMIT_REDIS_FAIL_OPEN	F-685	R-22F	src/modules/api-security/api-security.module.ts:72–100	API abuse controls can fail open or use non-atomic counters/raw URL policy, lack degraded enforcement/reconciliation and privacy-safe security-event governance/admin projection/retention.	Abuse controls use canonical normalized route/policy keys, atomic distributed limits with fail-closed or explicit degraded enforcement/reconciliation, and security events use minimum redacted/audited retention and scoped admin projections.	API Security + Platform Reliability + Privacy	NONE_FOUND_AFTER_TARGETED_SEARCH	FINAL_MAPPED	Manual mapping; Redis availability/atomic primitive runtime behavior remains R-16A external verification gate.
CONFIRMED_ROOT_SECURITY_DEFECT_RATING_COMMAND_DTO_COMMENT_IDENTIFIER_PROVIDER_VALIDATION	F-1161	R-21F	src/modules/ratings/ratings.module.ts:5,17,60,80,91–104	Ratings lack verified completed patient-provider/entity eligibility, unique atomic command semantics, canonical provider aggregate/reconciliation, anonymous minimum public projection, bounded query/DTO validation and index verification.	Ratings are accepted only for verified completed patient-provider/entity relationships, unique/idempotent and validated commands, canonical provider identity aggregates with reconciliation, anonymous/redacted public views, bounded pagination and verified indexes.	Patient Experience + Trust/Safety + Provider Governance	NONE_FOUND_AFTER_TARGETED_SEARCH	FINAL_MAPPED	Manual mapping; booking completion and provider identity are authoritative dependencies, not rating-owned truth.
CONFIRMED_ROOT_SECURITY_DEFECT_RATING_MINE_SHARED_ENTITY_IDENTIFIER_ELIGIBILITY_VALIDATOR	F-1160	R-21F	src/modules/ratings/ratings.module.ts:80–82,101–105	Ratings lack verified completed patient-provider/entity eligibility, unique atomic command semantics, canonical provider aggregate/reconciliation, anonymous minimum public projection, bounded query/DTO validation and index verification.	Ratings are accepted only for verified completed patient-provider/entity relationships, unique/idempotent and validated commands, canonical provider identity aggregates with reconciliation, anonymous/redacted public views, bounded pagination and verified indexes.	Patient Experience + Trust/Safety + Provider Governance	NONE_FOUND_AFTER_TARGETED_SEARCH	FINAL_MAPPED	Manual mapping; booking completion and provider identity are authoritative dependencies, not rating-owned truth.
CONFIRMED_ROOT_SECURITY_DEFECT_RAW_URL_RATE_POLICY	F-689	R-22F	src/modules/api-security/api-security.module.ts:24–32,86–145	API abuse controls can fail open or use non-atomic counters/raw URL policy, lack degraded enforcement/reconciliation and privacy-safe security-event governance/admin projection/retention.	Abuse controls use canonical normalized route/policy keys, atomic distributed limits with fail-closed or explicit degraded enforcement/reconciliation, and security events use minimum redacted/audited retention and scoped admin projections.	API Security + Platform Reliability + Privacy	NONE_FOUND_AFTER_TARGETED_SEARCH	FINAL_MAPPED	Manual mapping; Redis availability/atomic primitive runtime behavior remains R-16A external verification gate.
CONFIRMED_ROOT_SECURITY_DEFECT_RECRUITMENT_CANDIDATE_DELETION_LICENSE_VERIFICATION_LIFECYCLE	F-1139	R-21B	src/modules/recruitment/recruitment.module.ts:23–34	Recruitment jobs/applications lack one authoritative candidate principal, facility/publication/legal state, credential/CV lifecycle, unique application, typed query/projection and actor/CAS/audit contract.	Recruitment commands verify candidate principal and facility authority, accept typed bounded inputs, secure/scan/retain credentials and CVs by policy, use unique idempotent applications, versioned legal-state transitions with actor audit, and expose only published minimum job/application projections through bounded queries.	Recruitment Platform + Facility Governance + Privacy	F-1151	FINAL_MAPPED	Manual mapping; safe storage is R-22C/R-07B, consent evidence is R-24A and durable event infrastructure is R-09A/R-16.
CONFIRMED_ROOT_SECURITY_DEFECT_RECRUITMENT_CANDIDATE_JOB_APPLICATION_DTO_PRINCIPAL_VALIDATION	F-1138	R-21B	src/modules/recruitment/recruitment.module.ts:1–15,18–67,220–284	Recruitment jobs/applications lack one authoritative candidate principal, facility/publication/legal state, credential/CV lifecycle, unique application, typed query/projection and actor/CAS/audit contract.	Recruitment commands verify candidate principal and facility authority, accept typed bounded inputs, secure/scan/retain credentials and CVs by policy, use unique idempotent applications, versioned legal-state transitions with actor audit, and expose only published minimum job/application projections through bounded queries.	Recruitment Platform + Facility Governance + Privacy	F-1151	FINAL_MAPPED	Manual mapping; safe storage is R-22C/R-07B, consent evidence is R-24A and durable event infrastructure is R-09A/R-16.
CONFIRMED_ROOT_SECURITY_DEFECT_RECRUITMENT_JOB_FACILITY_PUBLICATION_STATE_SERVER_AUTHORITY	F-1141	R-21B	src/modules/recruitment/recruitment.module.ts:53–68	Recruitment jobs/applications lack one authoritative candidate principal, facility/publication/legal state, credential/CV lifecycle, unique application, typed query/projection and actor/CAS/audit contract.	Recruitment commands verify candidate principal and facility authority, accept typed bounded inputs, secure/scan/retain credentials and CVs by policy, use unique idempotent applications, versioned legal-state transitions with actor audit, and expose only published minimum job/application projections through bounded queries.	Recruitment Platform + Facility Governance + Privacy	F-1151	FINAL_MAPPED	Manual mapping; safe storage is R-22C/R-07B, consent evidence is R-24A and durable event infrastructure is R-09A/R-16.
CONFIRMED_ROOT_SECURITY_DEFECT_RECRUITMENT_PUBLIC_AUTH_QUERY_CURSOR_COST_VALIDATION	F-1150	R-21B	src/modules/recruitment/recruitment.module.ts:90–111,257–262	Recruitment jobs/applications lack one authoritative candidate principal, facility/publication/legal state, credential/CV lifecycle, unique application, typed query/projection and actor/CAS/audit contract.	Recruitment commands verify candidate principal and facility authority, accept typed bounded inputs, secure/scan/retain credentials and CVs by policy, use unique idempotent applications, versioned legal-state transitions with actor audit, and expose only published minimum job/application projections through bounded queries.	Recruitment Platform + Facility Governance + Privacy	F-1151	FINAL_MAPPED	Manual mapping; safe storage is R-22C/R-07B, consent evidence is R-24A and durable event infrastructure is R-09A/R-16.
CONFIRMED_ROOT_SECURITY_DEFECT_REDIS_CACHE_COOKIE_SESSION_AUTH_AWARE_PUBLIC_OPTIN	F-2497	R-13D	src/common/redis-cache.interceptor.ts:18–20	Cache bypass checks only Authorization header, so cookie/session-authenticated or other identity-context requests can enter a shared public cache without explicit opt-in/variance policy.	Observability and caches use only explicit public-route eligibility and allowlisted public DTOs/namespaces; identity, session, cookie, purpose and location variance are fail-closed, classified/redacted and auditable.	Operations/Observability + Security/Privacy	NONE_FOUND_AFTER_TARGETED_SEARCH	FINAL_MAPPED	Manual mapping from frozen backend archive. Existing cache privacy/mechanics mappings remain unchanged; F-2507/F-2508 remain runtime integration gates. No Redis, cache value, session, response or runtime route was accessed.
CONFIRMED_ROOT_SECURITY_DEFECT_REDIS_CACHE_EXPLICIT_PUBLIC_ROUTE_RESPONSE_NAMESPACE_POISONING_POLICY	F-2505	R-13D	src/common/redis-cache.interceptor.ts:10–35	Interceptor caches every unauthenticated GET from raw original URL without explicit public-route/response DTO allowlist or namespace-poisoning policy.	Observability and caches use only explicit public-route eligibility and allowlisted public DTOs/namespaces; identity, session, cookie, purpose and location variance are fail-closed, classified/redacted and auditable.	Operations/Observability + Security/Privacy	NONE_FOUND_AFTER_TARGETED_SEARCH	FINAL_MAPPED	Manual mapping from frozen backend archive. Existing cache privacy/mechanics mappings remain unchanged; F-2507/F-2508 remain runtime integration gates. No Redis, cache value, session, response or runtime route was accessed.
CONFIRMED_ROOT_SECURITY_DEFECT_REDIS_RATE_LIMIT_NON_ATOMIC_FAILOVER_DIVERGENCE	F-441	R-16A	src/modules/redis/redis.service.ts:308–313	Redis degrades to per-process non-atomic/fake-ready primitives, has ambiguous connection health, lossy pubsub, unsafe rate-limit failover, unbounded key scanning and untyped corruption semantics.	Distributed locks, idempotency, sessions, rate limits and events fail closed or enter explicit degraded mode; Redis health is per dependency with deadlines, storage access is bounded/typed, and events use durable outbox/replay rather than silent pubsub loss.	Platform Reliability + Security	F-196,F-286,F-2568	FINAL_MAPPED	Manual mapping; runtime Redis MISCONF/connectivity behavior remains an unclosed external verification blocker.
CONFIRMED_ROOT_SECURITY_DEFECT_REFRESH_SESSION_REDIS_FAIL_OPEN	F-180	R-01B	src/modules/auth/auth.service.ts:46–70,73–105 ; src/modules/auth/auth.controller.ts:241–247	Refresh/session validity can fail open when Redis-backed revocation state is unavailable.	Authentication/session refresh must fail closed or use explicitly verified local cryptographic state; refresh/revoke/rotation/expiry are server-authoritative and auditable.	Identity/Auth + Platform Redis	F-2410	FINAL_MAPPED	Manual mapping; shared R-16 degraded dependency.
CONFIRMED_ROOT_SECURITY_DEFECT_RETURN_REFUND_FINANCE_AUTHORIZATION_AUDIT	F-480	R-05B1	src/modules/returns/returns.controller.ts:37–45 ; src/modules/returns/returns.service.ts:156–185	Return approval/refund execution has insufficient finance-specific authorization, separation-of-duties and immutable decision/audit guarantees.	Refund/return is created and settled only from an eligible server-owned order, booking and payment state. Amount, currency, return-policy version, scope and reversal are canonical and auditable; admin/provider/patient queues expose only purpose-authorized minimum projections with bounded cursor/pagination. Attachment lifecycle remains a separate safe-asset root.	Payments/Finance + Returns + Privacy	NONE_FOUND_AFTER_TARGETED_SEARCH	FINAL_MAPPED	Manual mapping from frozen backend archive. Existing F-479/F-483 settlement and F-485 derived saga mapping stay unchanged; F-486 attachment governance remains the distinct R-07B2 root. No refund, payment, order, document or runtime service was accessed.
CONFIRMED_ROOT_SECURITY_DEFECT_RULE_ERROR_REDACTION	F-918	R-21A	src/modules/business-rules/business-rules.module.ts:59–61,72–80,136–138	Business-rules policy evaluation trusts caller context, lacks persisted/versioned surge/eligibility/capability authority and fail-closed missing/invalid inputs, can issue nonauthoritative pricing/payment results, and lacks admin separation/concurrency/redacted projection enforcement.	Business policy evaluation receives authoritative typed context only, is versioned/persisted and concurrency-safe, fails closed for unknown/missing eligibility/capability/payment inputs, returns bounded/redacted explainable results, and is enforced at owning commands with separated policy administration.	Business Policy Platform + Domain Owners	NONE_FOUND_AFTER_TARGETED_SEARCH	FINAL_MAPPED	Manual mapping; insurance, payment, pricing, provider capability and booking aggregates retain authority for their own decisions and settlements.
CONFIRMED_ROOT_SECURITY_DEFECT_RULE_RESULT_PROJECTION	F-922	R-21A	src/modules/business-rules/business-rules.module.ts:29–39,142–163	Business-rules policy evaluation trusts caller context, lacks persisted/versioned surge/eligibility/capability authority and fail-closed missing/invalid inputs, can issue nonauthoritative pricing/payment results, and lacks admin separation/concurrency/redacted projection enforcement.	Business policy evaluation receives authoritative typed context only, is versioned/persisted and concurrency-safe, fails closed for unknown/missing eligibility/capability/payment inputs, returns bounded/redacted explainable results, and is enforced at owning commands with separated policy administration.	Business Policy Platform + Domain Owners	NONE_FOUND_AFTER_TARGETED_SEARCH	FINAL_MAPPED	Manual mapping; insurance, payment, pricing, provider capability and booking aggregates retain authority for their own decisions and settlements.
CONFIRMED_ROOT_SECURITY_DEFECT_SEO_PUBLIC_ENTITY_TYPE_ALLOWLIST	F-3763	R-12C	src/modules/seo-search/seo-search.module.ts:23–51,304–307	SEO/public catalog routes lack typed canonical identity, public DTO/indexability/publication gates, truthful commercial metadata, safe XML and durable catalog-publication projection semantics.	SEO/publication emits only type-allowlisted canonical entities with collision-safe identity, verified publication/indexability lifecycle, minimum public fields, truthful price/availability/LLM metadata, escaped XML and durable reconciled projection updates.	SEO/Public Discovery + Catalog Governance	F-2548,F-3773	FINAL_MAPPED	Manual mapping; IndexNow transport/release, clinical medicine recommendation and cache/runtime gates remain separate dependencies.
CONFIRMED_ROOT_SECURITY_DEFECT_SEO_XML_ESCAPING	F-3771	R-12C	src/modules/seo-search/seo-search.module.ts:109–119,352–362	SEO/public catalog routes lack typed canonical identity, public DTO/indexability/publication gates, truthful commercial metadata, safe XML and durable catalog-publication projection semantics.	SEO/publication emits only type-allowlisted canonical entities with collision-safe identity, verified publication/indexability lifecycle, minimum public fields, truthful price/availability/LLM metadata, escaped XML and durable reconciled projection updates.	SEO/Public Discovery + Catalog Governance	F-2548,F-3773	FINAL_MAPPED	Manual mapping; IndexNow transport/release, clinical medicine recommendation and cache/runtime gates remain separate dependencies.
CONFIRMED_ROOT_SECURITY_DEFECT_SERVICE_CATALOG_ACTIVE_PROVIDER_FACILITY_CAPABILITY_AUTHORIZATION	F-709	R-12G	src/modules/service-catalog/service-catalog.module.ts:63–75	Service catalog capability checks broad provider roles and ownership rows but does not establish active facility/service readiness, approved capability, professional/facility relation or state-specific authorization before exposing or changing catalog service data.	Provider service catalog commands and read capability require verified actor role, provider/facility relationship, approved service capability and current operational state. A role string, ownership map or catalog row is not proof that a provider may offer, price, schedule or fulfill a clinical service.	Service Catalog + Provider Governance + Security	NONE_FOUND_AFTER_TARGETED_SEARCH	FINAL_MAPPED	Manual mapping from frozen baseline source. Derived IDs are only those returned by targeted aggregate search; unrelated catalog/SEO keyword findings were not absorbed. No migration/backfill, price/offer, provider capability, catalog update, slug resolution against live data, runtime request or production record was accessed.
CONFIRMED_ROOT_SECURITY_DEFECT_SERVICE_CATALOG_PATCH_DELETE_ATOMIC_IMMUTABLE_FIELDS	F-708	R-12A	src/modules/service-catalog/service-catalog.module.ts:93–116	Service catalog commands lack a single typed allowlisted owner/version/approval/schedule/publication lifecycle with immutable-field and projection controls.	Catalog entries use typed entity/owner/field rules, explicit capability/approval/reason/version/idempotency, bounded schedule semantics, immutable patch/delete protections and least-data admin/public projections; publication follows a durable reconciled lifecycle.	Service Catalog + Provider Governance	F-612,F-715,F-717,F-937,F-949,F-2834	FINAL_MAPPED	Manual mapping; provider/facility authorization F-709 and slot/timezone F-713 remain in R-02/R-03 dependencies.
CONFIRMED_ROOT_SECURITY_DEFECT_SERVICE_CATALOG_PROVIDER_CREATE_FIELD_ALLOWLIST	F-706	R-12A	src/modules/service-catalog/service-catalog.module.ts:77–90	Service catalog commands lack a single typed allowlisted owner/version/approval/schedule/publication lifecycle with immutable-field and projection controls.	Catalog entries use typed entity/owner/field rules, explicit capability/approval/reason/version/idempotency, bounded schedule semantics, immutable patch/delete protections and least-data admin/public projections; publication follows a durable reconciled lifecycle.	Service Catalog + Provider Governance	F-612,F-715,F-717,F-937,F-949,F-2834	FINAL_MAPPED	Manual mapping; provider/facility authorization F-709 and slot/timezone F-713 remain in R-02/R-03 dependencies.
CONFIRMED_ROOT_SECURITY_DEFECT_SERVICE_CATALOG_RUNTIME_TYPE_ENTITY_ENUM_VALIDATION	F-716	R-12A	src/modules/service-catalog/service-catalog.module.ts:185–202	Service catalog commands lack a single typed allowlisted owner/version/approval/schedule/publication lifecycle with immutable-field and projection controls.	Catalog entries use typed entity/owner/field rules, explicit capability/approval/reason/version/idempotency, bounded schedule semantics, immutable patch/delete protections and least-data admin/public projections; publication follows a durable reconciled lifecycle.	Service Catalog + Provider Governance	F-612,F-715,F-717,F-937,F-949,F-2834	FINAL_MAPPED	Manual mapping; provider/facility authorization F-709 and slot/timezone F-713 remain in R-02/R-03 dependencies.
CONFIRMED_ROOT_SECURITY_DEFECT_SLOT_LOCK_PROVIDER_KIND_INTERVAL_CAPACITY_DTO_VALIDATION	F-672	R-03A	src/modules/slot-locks/slot-locks.module.ts:14–18	Slot creation, lock, reschedule and release lack a unified provider/facility-timezone-aware atomic capacity reservation lifecycle with truthful expiry/reconciliation.	A service slot is server-owned and must validate provider/facility/kind/interval/timezone/capacity; reserve, confirm, release, expire and reschedule via versioned idempotent transitions, then bind payment/insurance confirmation only after the applicable rule.	Booking Platform + Care/Home-care/Service Catalog	F-545,F-678,F-714,F-1490	FINAL_MAPPED	Manual mapping; payment and insurance confirmation remain dependencies, not a client slot field.
CONFIRMED_ROOT_SECURITY_DEFECT_SOCIAL_LOGIN_TOKEN_UNVERIFIED	F-184	R-22A	src/modules/auth/auth.service.ts:912–1028	User/device authentication and push-device binding lack verified token/credential ownership, challenge nonce/counter lifecycle, platform/attestation allowlist, expiry/revocation/transfer audit and fail-closed sensitive endpoint enforcement.	Device and social/passkey trust use verified issuer/audience/nonce/counter and owner binding, platform attestation allowlists, short-lived revocable credentials, transfer/rotation audit and fail-closed enforcement on sensitive endpoints; no client-supplied device identity becomes trust.	Identity Security + Device Trust	F-3749,F-3757	FINAL_MAPPED	Manual mapping; Redis outage behavior remains R-16A runtime-gated dependency and push delivery belongs to R-09B.
CONFIRMED_ROOT_SECURITY_DEFECT_SSE_CONNECTION_RESOURCE_BUDGET	F-1132	R-18A	src/modules/realtime/realtime.sse.ts:16–36	SSE endpoints expose unbounded JWT/public connections and heartbeat streams without per-principal connection/subscription/lifetime/backpressure resource limits.	Realtime/SSE subscriptions require a server-issued expiring scoped capability tied to a verified subject/booking/tenant relationship; public status, if permitted, is a separate opaque capability and minimum event DTO. Connections, heartbeats, subscriptions and buffers have per-principal budgets, bounded lifetime/backpressure and explicit degraded/replay/acknowledgement semantics. A stream is never authorization or delivery proof.	Realtime Platform + Security/Privacy	NONE_FOUND_AFTER_TARGETED_SEARCH	FINAL_MAPPED	Manual mapping from frozen backend archive. F-1133 disconnect teardown and F-1137 global metrics/policy integration remain runtime verification gates. No realtime connection, event, booking, tenant data or runtime service was accessed.
CONFIRMED_ROOT_SECURITY_DEFECT_STORAGE_CLOUDINARY_CUSTOM_KEY_OWNER_AUTHORITY	F-470	R-22C	src/modules/storage/storage.module.ts:184–216,302–313,346–358	Storage and administrative deletion trust raw keys/content without a safe asset linkage, content magic/decoded-size/scan/quarantine, owner-scoped cloud key or durable tombstone/upload lifecycle.	Storage operations reference authorized typed asset records, validate magic and decoded size, scan/quarantine before use, use owner-scoped private object keys, and retain durable upload/delete tombstone/quota/audit/reconciliation lifecycle.	Storage/Media Security + Privacy	NONE_FOUND_AFTER_TARGETED_SEARCH	FINAL_MAPPED	Manual mapping; domain media-purpose/retention and attachment lifecycle are R-07B dependencies.
CONFIRMED_ROOT_SECURITY_DEFECT_STORAGE_CONTENT_MAGIC_SCAN_QUARANTINE	F-468	R-22C	src/modules/storage/storage.module.ts:109–110,184–190,288–313,381–394	Storage and administrative deletion trust raw keys/content without a safe asset linkage, content magic/decoded-size/scan/quarantine, owner-scoped cloud key or durable tombstone/upload lifecycle.	Storage operations reference authorized typed asset records, validate magic and decoded size, scan/quarantine before use, use owner-scoped private object keys, and retain durable upload/delete tombstone/quota/audit/reconciliation lifecycle.	Storage/Media Security + Privacy	NONE_FOUND_AFTER_TARGETED_SEARCH	FINAL_MAPPED	Manual mapping; domain media-purpose/retention and attachment lifecycle are R-07B dependencies.
CONFIRMED_ROOT_SECURITY_DEFECT_SWAGGER_PRODUCTION_NONPRODUCTION_ACCESS_GUARD	F-1298	R-22D	src/main.ts:110–119	Security configuration and API/documentation surfaces lack controlled secret/config validation, trusted origin/CORS/CSP/body-limit policy, safe OpenAPI session contract/route parity and build-context secret exclusion.	Configuration is typed and fail-closed across environments; secrets are managed/rotated/audited, origins/CORS/CSP/body limits are allowlisted, API docs expose only safe contracts behind environment access control, and build context excludes secrets by policy.	Security Engineering + Platform	F-2442	FINAL_MAPPED	Manual mapping; release deployment execution and external secret presence are separate R-15/runtime verification matters.
CONFIRMED_ROOT_SECURITY_DEFECT_SYSTEM_CONFIGURATION_GOVERNANCE	F-995	R-22D	src/modules/compat/admin-spa.module.ts:1160–1213	System configuration governance lacks restricted/validated secret-safe configuration contract.	System configuration is typed, field-entitled, versioned/audited and never exposes raw secret or unsafe administrative configuration.	Security Configuration + Admin Governance	NONE_FOUND_AFTER_TARGETED_SEARCH	FINAL_MAPPED	Manual reassignment to security configuration root.
CONFIRMED_ROOT_SECURITY_DEFECT_TRACKING_ID_PREFIX_UNICODE_DELIMITER_CONTROL_LENGTH_VALIDATION	F-2515	R-22E	src/common/tracking.ts:8,14	Tracking identifier accepts control/unicode/delimiter/length ambiguity.	Tracking identifiers use canonical bounded allowlisted character and delimiter rules before storage, lookup or presentation.	Platform Security	NONE_FOUND_AFTER_TARGETED_SEARCH	FINAL_MAPPED	Manual mapping; domain delivery semantics remain R-11A.
CONFIRMED_ROOT_SECURITY_DEFECT_WEBSOCKET_ALLOWED_ORIGIN_NORMALIZATION_VALIDATION	F-2418	R-18A	src/config/websocket-cors.ts:5–10	Realtime/websocket transports expose query credentials or uncontrolled origin/room/payload behavior and lack authenticated bounded event authorization, audience projection, offline acknowledgement/replay and transport-abuse controls.	Realtime connections use secure handshake credential handling, normalized origin allowlist, expiry/revocation, bounded typed payloads and per-event authorization; delivery is audience-minimized, acknowledged/replayable with explicit degraded state and legacy global/client-controlled rooms are removed or hardened.	Realtime Platform + Security/Privacy	F-298,F-299,F-356,F-357,F-358,F-1130,F-1131,F-1134,F-2419,F-2421,F-2428,F-2429	FINAL_MAPPED	Manual mapping; domain SSE booking privacy remains R-03D and event-platform durability is R-09A.
CONFIRMED_ROOT_SECURITY_DEFECT_WEBSOCKET_PAYLOAD_SCHEMA_RATE_BACKPRESSURE	F-297	R-18A	src/modules/realtime/realtime.gateway.ts:128–139,212–301,320–377	Realtime/websocket transports expose query credentials or uncontrolled origin/room/payload behavior and lack authenticated bounded event authorization, audience projection, offline acknowledgement/replay and transport-abuse controls.	Realtime connections use secure handshake credential handling, normalized origin allowlist, expiry/revocation, bounded typed payloads and per-event authorization; delivery is audience-minimized, acknowledged/replayable with explicit degraded state and legacy global/client-controlled rooms are removed or hardened.	Realtime Platform + Security/Privacy	F-298,F-299,F-356,F-357,F-358,F-1130,F-1131,F-1134,F-2419,F-2421,F-2428,F-2429	FINAL_MAPPED	Manual mapping; domain SSE booking privacy remains R-03D and event-platform durability is R-09A.
CONFIRMED_ROOT_SECURITY_DEFECT_WEBSOCKET_QUERY_JWT_EXPOSURE	F-292	R-18A	src/modules/realtime/realtime.gateway.ts:41–46	Realtime/websocket transports expose query credentials or uncontrolled origin/room/payload behavior and lack authenticated bounded event authorization, audience projection, offline acknowledgement/replay and transport-abuse controls.	Realtime connections use secure handshake credential handling, normalized origin allowlist, expiry/revocation, bounded typed payloads and per-event authorization; delivery is audience-minimized, acknowledged/replayable with explicit degraded state and legacy global/client-controlled rooms are removed or hardened.	Realtime Platform + Security/Privacy	F-298,F-299,F-356,F-357,F-358,F-1130,F-1131,F-1134,F-2419,F-2421,F-2428,F-2429	FINAL_MAPPED	Manual mapping; domain SSE booking privacy remains R-03D and event-platform durability is R-09A.
CONFIRMED_ROOT_SECURITY_DEFECT_WORKFLOW_ERROR_REDACTION	F-766	R-16C	src/modules/workflow-engine/workflow-engine.module.ts:259–274	Workflow engine error path exposes unsafe details.	Workflow failures expose typed redacted outcomes with internal correlation/audit and no sensitive aggregate/event data leakage.	Workflow Platform + Security	NONE_FOUND_AFTER_TARGETED_SEARCH	FINAL_MAPPED	Manual mapping to workflow engine durability/safety root.
CONFIRMED_ROOT_SECURITY_RELIABILITY_DEFECT_REDIS_PROCESS_LOCAL_FALLBACK_FOR_DISTRIBUTED_PRIMITIVES	F-436	R-16A	src/modules/redis/redis.service.ts:15–23,105–159,308–313	Redis degrades to per-process non-atomic/fake-ready primitives, has ambiguous connection health, lossy pubsub, unsafe rate-limit failover, unbounded key scanning and untyped corruption semantics.	Distributed locks, idempotency, sessions, rate limits and events fail closed or enter explicit degraded mode; Redis health is per dependency with deadlines, storage access is bounded/typed, and events use durable outbox/replay rather than silent pubsub loss.	Platform Reliability + Security	F-196,F-286,F-2568	FINAL_MAPPED	Manual mapping; runtime Redis MISCONF/connectivity behavior remains an unclosed external verification blocker.
CONFIRMED_ROOT_SECURITY_STATE_DEFECT_CONSISTENCY_DESTRUCTIVE_FIX_QUERY_FLAG_NO_APPROVAL_BOUNDS_IDEMPOTENCY	F-704	R-21G	src/modules/consistency/consistency.module.ts:160–168	Destructive consistency fix is controlled by an unbounded query flag without approval/idempotency.	Destructive repair requires approved scoped case/ticket, dry-run/impact evidence, bounded target, idempotent command, dual control, immutable audit and reconciliation.	Admin Authority + Reliability	NONE_FOUND_AFTER_TARGETED_SEARCH	FINAL_MAPPED	Manual reassignment to privileged override/repair root; no repair action was executed.
CONFIRMED_ROOT_SEO_CANONICAL_IDENTITY_DEFECT_PUBLIC_RESOLVER_MULTIPLE_SLUG_ID_NAME_KEYS_NO_TYPED_UNIQUE_COLLISION_PRECEDENCE_LOCALE_CANONICAL_CONTRACT	F-561	R-12C	src/modules/articles/seo.controller.ts:14–43	SEO/public catalog routes lack typed canonical identity, public DTO/indexability/publication gates, truthful commercial metadata, safe XML and durable catalog-publication projection semantics.	SEO/publication emits only type-allowlisted canonical entities with collision-safe identity, verified publication/indexability lifecycle, minimum public fields, truthful price/availability/LLM metadata, escaped XML and durable reconciled projection updates.	SEO/Public Discovery + Catalog Governance	F-2548,F-3773	FINAL_MAPPED	Manual mapping; IndexNow transport/release, clinical medicine recommendation and cache/runtime gates remain separate dependencies.
CONFIRMED_ROOT_SEO_DATA_INTEGRITY_DEFECT_CATALOG_CANONICAL_PATH_NO_PER_TYPE_SLUG_UNIQUENESS_POLICY	F-613	R-12C	src/modules/events/catalog-publication.service.ts:51–60,77–87	SEO/public catalog routes lack typed canonical identity, public DTO/indexability/publication gates, truthful commercial metadata, safe XML and durable catalog-publication projection semantics.	SEO/publication emits only type-allowlisted canonical entities with collision-safe identity, verified publication/indexability lifecycle, minimum public fields, truthful price/availability/LLM metadata, escaped XML and durable reconciled projection updates.	SEO/Public Discovery + Catalog Governance	F-2548,F-3773	FINAL_MAPPED	Manual mapping; IndexNow transport/release, clinical medicine recommendation and cache/runtime gates remain separate dependencies.
CONFIRMED_ROOT_SEO_DATA_INTEGRITY_DEFECT_SLUG_SIX_CHAR_ID_PREFIX_NO_COLLISION_RESERVATION_DETECTION	F-2542	R-12C	src/common/slug.util.ts:35–40	SEO/public catalog routes lack typed canonical identity, public DTO/indexability/publication gates, truthful commercial metadata, safe XML and durable catalog-publication projection semantics.	SEO/publication emits only type-allowlisted canonical entities with collision-safe identity, verified publication/indexability lifecycle, minimum public fields, truthful price/availability/LLM metadata, escaped XML and durable reconciled projection updates.	SEO/Public Discovery + Catalog Governance	F-2548,F-3773	FINAL_MAPPED	Manual mapping; IndexNow transport/release, clinical medicine recommendation and cache/runtime gates remain separate dependencies.
CONFIRMED_ROOT_SSRF_MEDIA_BOUNDARY_DEFECT_PROVIDER_CONTRACT_SIGNATURE_ARBITRARY_HTTP_STORAGE_EXTERNAL_URL_FETCH_NO_ALLOWLIST_TIMEOUT_SIZE_CONTENT_GUARD	F-619	R-07B3	src/modules/provider-onboarding/contract-pdf.service.ts:79–121	Provider contract PDF flow fetches arbitrary external URL/inline PII base64 and hashes nonfinal bytes, lacking safe private artifact/version/provenance lifecycle.	Provider contract artifact uses approved source/size/type/network policy, private object reference, final-byte digest, version/evidence/retention and signed acceptance/review lifecycle.	Provider Onboarding + Legal/Privacy + Media Platform	F-626	FINAL_MAPPED	Manual mapping; legal acceptance/policy dependencies are R-24.
CONFIRMED_ROOT_STATE_GOVERNANCE_DEFECT_B2B_APPROVE_REJECT_NO_CURRENT_STATE_CAS_IDEMPOTENCY_MAKER_CHECKER_ACTOR_AUDIT	F-404	R-21K	src/modules/admin-governance/b2b.controller.ts:24–41	B2B request list/decision can bypass role/organization/request scope, versioned current-state CAS/idempotency/maker-checker/audit, bounded/redacted note/document projections and canonical organization quote/price/currency authority.	B2B requests are organization-scoped and role/purpose-authorized; approve/reject uses current-state CAS/idempotency, maker-checker and immutable actor/reason audit; notes/documents are bounded/redacted/retained by policy, lists are paginated/minimum/degraded-aware, and commercial status derives from canonical quote/price/currency authority.	B2B/Commercial Operations + Privacy	NONE_FOUND_AFTER_TARGETED_SEARCH	FINAL_MAPPED	Manual mapping; no B2B request, commercial record, note, API or runtime operation was accessed.
CONFIRMED_ROOT_STATE_GOVERNANCE_DEFECT_CUSTOM_SERVICES_STATUS_ANY_ENUM_NO_ASSIGNMENT_TRANSITION_CAS_IDEMPOTENCY_AUDIT	F-603	R-16C	src/modules/custom-services/custom-services.service.ts:58–70	Custom-service status update allows any enum transition by any caller reaching the route, without assignment/facility authority, transition graph, version/CAS/idempotency, actor/reason audit or durable outcome delivery.	Custom-service requests are typed patient-owned intent aggregates with server-generated idempotency/unique active-intent protection, approved safe assets and canonical assignment. Status changes use a valid state graph, assigned facility/provider capability and purpose, version/CAS/idempotency, immutable actor/reason audit and durable outbox/reconciliation; controller response never proves service fulfillment or notification delivery.	Workflow Platform + Custom Services Operations	F-604,F-606	FINAL_MAPPED	Manual mapping from frozen backend archive. Existing route/provider RBAC F-599/F-600 and safe PHI asset lifecycle F-601 remain unchanged. No patient request, attachment, assignment, status, event or runtime operation was accessed.
CONFIRMED_ROOT_STATE_GOVERNANCE_DEFECT_PROCUREMENT_QUOTE_FIND_BY_ID_OVERWRITE_NO_STATE_CAS_MAKER_CHECKER_ACTOR_AUDIT_IDEMPOTENCY	F-366	R-21O	src/modules/admin-web-core/controllers/admin-extended-operations.controller.ts:28–38	Administrative procurement quotes trust client items/prices/totals, overwrite state without CAS/maker-checker/audit, claim invoice/payment readiness without authoritative handoff and expose unbounded pending list.	Procurement quotes derive catalog/tax/currency/quantity/version from canonical commercial sources; state changes use CAS/idempotency/maker-checker/actor audit; invoice/payment readiness is truthful authoritative handoff state, and pending views are bounded/minimum/audited.	Procurement/Commercial Operations + Finance	NONE_FOUND_AFTER_TARGETED_SEARCH	FINAL_MAPPED	Manual mapping; no procurement quote, invoice, payment, list or runtime operation was accessed.
CONFIRMED_ROOT_STATE_INTEGRITY_DEFECT_PROVIDER_DELTA_SUCCESS_WITH_ZERO_APPLY_NO_DOWNSTREAM_PROOF	F-391	R-21L	src/modules/admin-web-core/controllers/provider-moderation.controller.ts:62–80	Provider-delta moderation lacks privileged role/permission/step-up actor boundary, minimum masked list, canonical profile target, atomic apply/status/event, durable cleanup, CAS/idempotency/reviewer audit and truthful zero-apply/downstream outcome.	Provider moderation uses a step-up authorized reviewer and canonical provider target, masked/bounded PII views, versioned CAS/idempotent review commands, atomic profile-apply/status/outbox where possible, durable cleanup/reconciliation and immutable reviewer/reason/outcome audit.	Provider Onboarding/Moderation + Privacy/Security	NONE_FOUND_AFTER_TARGETED_SEARCH	FINAL_MAPPED	Manual mapping; storage mechanics remain R-22C and provider onboarding draft lifecycle remains R-21D. No moderation or storage action was performed.
CONFIRMED_ROOT_STORAGE_INTEGRITY_DEFECT_INSURANCE_LOGO_DETERMINISTIC_OBJECT_OVERWRITE_NO_VERSION_ROLLBACK	F-1824	R-04D	scripts/publish-insurance-logo-assets.ts:39–46	Insurance-logo publication lacks approved target/operator binding, signed/versioned schema-valid manifest, source licensing/identity and asset safety validation, safe origin path policy, versioned object rollback, atomic object/catalog linkage, result assertion and immutable review/audit/release idempotency.	Insurance public assets are published only from approved target-bound signed/versioned manifests; source licence/identity and file MIME/dimensions are validated, object/catalog updates are versioned/reconcilable/rollbackable, public origin is allowlisted, and each operator/review/revision/result is immutable and auditable.	Insurance Catalog + Release/Data Governance + Media	NONE_FOUND_AFTER_TARGETED_SEARCH	FINAL_MAPPED	Manual mapping; no script, S3/object store, manifest, logo, catalog or deployment action was performed.
CONFIRMED_ROOT_STORAGE_RELIABILITY_DEFECT_PROVIDER_DELTA_CLEANUP_BEST_EFFORT_NO_DURABLE_STATUS	F-389	R-21L	src/modules/admin-web-core/controllers/provider-moderation.controller.ts:18–35,87–115	Provider-delta moderation lacks privileged role/permission/step-up actor boundary, minimum masked list, canonical profile target, atomic apply/status/event, durable cleanup, CAS/idempotency/reviewer audit and truthful zero-apply/downstream outcome.	Provider moderation uses a step-up authorized reviewer and canonical provider target, masked/bounded PII views, versioned CAS/idempotent review commands, atomic profile-apply/status/outbox where possible, durable cleanup/reconciliation and immutable reviewer/reason/outcome audit.	Provider Onboarding/Moderation + Privacy/Security	NONE_FOUND_AFTER_TARGETED_SEARCH	FINAL_MAPPED	Manual mapping; storage mechanics remain R-22C and provider onboarding draft lifecycle remains R-21D. No moderation or storage action was performed.
CONFIRMED_ROOT_SUPPLY_CHAIN_DEFECT_DOCKER_MUTABLE_NODE_BASE_TAG_NO_DIGEST_PROVENANCE	F-2076	R-15B	Dockerfile.production:1–2,12–13	Production Dockerfile uses mutable node:20-alpine tags for both builder and runtime, so the delivered base image cannot be reconstructed or verified from immutable provenance.	Release artifact provenance requires a policy-approved immutable base digest, tracked SBOM/vulnerability/rebuild evidence and an auditable promotion record. A Dockerfile base tag is not release readiness or runtime verification.	SRE/Build Platform + Security	NONE_FOUND_AFTER_TARGETED_SEARCH	FINAL_MAPPED	Manual mapping from frozen baseline build/release files. F-2170/F-2192 are the directly evidenced alias duplicate graph for F-2131; no matching derived Docker label was found after targeted search. No build, test, image, deployment, registry or runtime service was executed.
CONFIRMED_ROOT_SUPPLY_CHAIN_DEFECT_E2E_CARET_DEPENDENCIES_NO_LOCKFILE	F-4198	R-15B	e2e/package.json:1	Deployment/build artifacts lack one controlled reproducible target, supply-chain/port parity, preflight/migration/backup gate, post-deploy evidence, rollback recovery and immutable authorization record; developer lint may mutate source.	Release uses a declared authoritative artifact and non-mutating verification path, pinned dependencies, port/config parity, approved target/preflight/migration/backup gates, time-bounded acceptance evidence, tested rollback and immutable actor/audit record.	Release Engineering/SRE	F-1781,F-1785,F-1787,F-1788,F-1789,F-1790,F-2085,F-2168	FINAL_MAPPED	Manual mapping; no deployment, build, preflight or post-deploy action was run.
CONFIRMED_ROOT_SUPPLY_CHAIN_SECRET_DEFECT_DOCKER_BUILDER_FULL_CONTEXT_COPY_NO_DOCKERIGNORE_EXCLUSION	F-2077	R-22D	Dockerfile.production:4–10	Security configuration and API/documentation surfaces lack controlled secret/config validation, trusted origin/CORS/CSP/body-limit policy, safe OpenAPI session contract/route parity and build-context secret exclusion.	Configuration is typed and fail-closed across environments; secrets are managed/rotated/audited, origins/CORS/CSP/body limits are allowlisted, API docs expose only safe contracts behind environment access control, and build context excludes secrets by policy.	Security Engineering + Platform	F-2442	FINAL_MAPPED	Manual mapping; release deployment execution and external secret presence are separate R-15/runtime verification matters.
CONFIRMED_ROOT_SUPPORT_DATA_CONTRACT_DEFECT_RAW_TICKET_ATTACHMENT_THREAD_PII_NO_SAFE_MEDIA_BOUND_IDEMPOTENT_APPEND	F-188	R-07B2	src/modules/support/support.service.ts:17–54 ; src/schemas/support.schema.ts:21–38	Support/return/custom-service attachment paths accept raw PII/clinical media without a typed safe-asset reference, ownership/purpose and idempotent lifecycle.	Attachment-bearing domain commands reference approved scoped media assets only; patient/provider/operation purpose is checked, content is minimized/audited and lifecycle follows retention policy.	Support + Returns + Custom Services + Media Platform	F-232,F-605,F-566	FINAL_MAPPED	Manual mapping; generic media mechanics depend on R-07B1.
CONFIRMED_ROOT_SUPPORT_DATA_INTEGRITY_DEFECT_DUPLICATE_CREATE_ALIAS_USER_ID_CREATE_PATIENT_ID_LIST_DIVERGENCE	F-189	R-13E	src/modules/support/support.controller.ts:11–16,23–26 ; src/modules/support/support.service.ts:18–36,73–76	Support routes create tickets using user_id while the ticket-list alias queries patient_id, producing divergent user views and no canonical owner/alias contract.	Support intake uses a canonical typed owner identity and single route/DTO contract; tickets, replies, settings and feedback are bounded classified commands with idempotency, retention/purpose/audit and truthful persisted outcome.	Support Platform + Privacy	NONE_FOUND_AFTER_TARGETED_SEARCH	FINAL_MAPPED	Manual mapping from frozen backend archive. F-188 safe attachment lifecycle remains R-07B2 and F-192 settings/input privacy remains R-13E. No ticket, attachment, settings, feedback, push token or runtime operation was accessed.
CONFIRMED_ROOT_SUPPORT_STATE_GOVERNANCE_DEFECT_ADMIN_STATUS_ASSIGNMENT_NO_TRANSITION_CAS_IDEMPOTENCY_ACTOR_REASON_AUDIT	F-190	R-16C	src/modules/support/support.service.ts:57–70	Admin ticket status/assignment mutates document fields directly without transition policy, version/CAS, idempotency, assignee validation, actor/reason audit or durable notification/outbox.	Workflow commands use typed authoritative aggregate transitions with version/CAS/idempotency, valid assignee/owner scope, immutable actor/reason audit and durable outcome/outbox/reconciliation.	Workflow Platform + Support Operations	NONE_FOUND_AFTER_TARGETED_SEARCH	FINAL_MAPPED	Manual mapping from frozen backend archive. F-188 safe attachment lifecycle remains R-07B2 and F-192 settings/input privacy remains R-13E. No ticket, attachment, settings, feedback, push token or runtime operation was accessed.
CONFIRMED_ROOT_TEST_EVIDENCE_DEFECT_E2E_NO_MACHINE_READABLE_REPORT_COVERAGE_CONTRACT	F-4200	R-15F	e2e/package.json:1	E2E harness lacks canonical reproducible CI entrypoint, Node/package-manager pin, machine-readable evidence/coverage contract, exclusive Redis namespace/teardown and bounded boot/signal/timeout cleanup lifecycle.	E2E tests use pinned lockfile/runtime/package-manager, canonical CI command and machine-readable report/coverage contract; every run has exclusive namespace/resources, bounded boot/timeouts, reliable signal cleanup/teardown and cannot affect shared/runtime environments.	Release/Test Engineering + SRE	NONE_FOUND_AFTER_TARGETED_SEARCH	FINAL_MAPPED	Manual mapping; no tests, Redis, network or runtime environment was started.
CONFIRMED_ROOT_TEST_GAP_ACTIVE_SLUG_COLLISION_UNICODE_BOUNDARY_RESOLVER_MATRIX	F-2549	R-12H	src/common/slug.util.ts:21–46	Slug utility truncates/transliterates arbitrary Unicode names and reverses only a six-character hex ID prefix, but no collision, normalization, bounds or resolver test matrix proves canonical uniqueness across catalog entities.	Public slug identity uses a canonical normalized uniqueness/reservation and resolver policy across entity types/locales, with deterministic full identity verification and collision/Unicode/length test coverage. A human-readable slug prefix is not authoritative resource identity.	Catalog/Search/SEO + API Quality	F-217,F-2540	FINAL_MAPPED	Manual mapping from frozen baseline source. Derived IDs are only those returned by targeted aggregate search; unrelated catalog/SEO keyword findings were not absorbed. No migration/backfill, price/offer, provider capability, catalog update, slug resolution against live data, runtime request or production record was accessed.
CONFIRMED_ROOT_TEST_GAP_ENV_VALIDATOR_PROFILE_FAILURE_MATRIX	F-2416	R-22D	src/config/env.validation.ts:1–13	Environment validator has no source-evidenced profile/failure test matrix covering non-production, enabled/disabled integrations, invalid URI/origin and secret-safe error behavior.	Configuration validation is typed and fail-closed in every deployment profile: each enabled external integration requires complete mutually compatible credentials/endpoints/callback policy; database/cache URLs and origins use canonical secure URI/host/TLS rules; unknown/invalid values fail startup without leaking secrets. A maintained profile/failure matrix verifies validator behavior, while dependency reachability/readiness remains runtime evidence.	Platform Security + Configuration Governance	NONE_FOUND_AFTER_TARGETED_SEARCH	FINAL_MAPPED	Manual mapping from frozen backend archive. Existing env/URI/origin mappings remain unchanged; Mongo/Redis/PSP reachability is runtime verification and retention/configuration register remains a product decision. No environment, secret, dependency or runtime operation was accessed.
CONFIRMED_ROOT_TEST_GAP_EVENT_REGISTRY_SOURCE_PRODUCER_CONSUMER_COMPLETENESS	F-2559	R-09A	src/common/events.ts:1–48	The common event platform lacks a complete typed, redacted, versioned event registry and a durable idempotent delivery/replay/dead-letter/retention/observable-command contract.	Every cross-domain event uses a registered typed/versioned envelope with sensitivity classification, correlation/idempotency and a durable outbox/consumer ledger; replay, expiry, redaction, retention and operator actions are bounded and auditable.	Platform Events + Security/Privacy	F-2551,F-2552,F-2553,F-2555,F-2558,F-2560	FINAL_MAPPED	Manual mapping; domain-specific sagas remain in their aggregate roots and runtime transport durability remains separately gated.
CONFIRMED_ROOT_TEST_LIFECYCLE_DEFECT_E2E_BOOT_NO_TEARDOWN_SIGNAL_TIMEOUT_CLEANUP	F-4205	R-15F	e2e/package.json:1	E2E harness lacks canonical reproducible CI entrypoint, Node/package-manager pin, machine-readable evidence/coverage contract, exclusive Redis namespace/teardown and bounded boot/signal/timeout cleanup lifecycle.	E2E tests use pinned lockfile/runtime/package-manager, canonical CI command and machine-readable report/coverage contract; every run has exclusive namespace/resources, bounded boot/timeouts, reliable signal cleanup/teardown and cannot affect shared/runtime environments.	Release/Test Engineering + SRE	NONE_FOUND_AFTER_TARGETED_SEARCH	FINAL_MAPPED	Manual mapping; no tests, Redis, network or runtime environment was started.
CONFIRMED_ROOT_TEST_REPRODUCIBILITY_DEFECT_E2E_NO_CANONICAL_PACKAGE_SCRIPT_CI_ENTRYPOINT	F-4199	R-15F	e2e/package.json:1	E2E harness lacks canonical reproducible CI entrypoint, Node/package-manager pin, machine-readable evidence/coverage contract, exclusive Redis namespace/teardown and bounded boot/signal/timeout cleanup lifecycle.	E2E tests use pinned lockfile/runtime/package-manager, canonical CI command and machine-readable report/coverage contract; every run has exclusive namespace/resources, bounded boot/timeouts, reliable signal cleanup/teardown and cannot affect shared/runtime environments.	Release/Test Engineering + SRE	NONE_FOUND_AFTER_TARGETED_SEARCH	FINAL_MAPPED	Manual mapping; no tests, Redis, network or runtime environment was started.
CONFIRMED_ROOT_TEST_REPRODUCIBILITY_DEFECT_E2E_NO_NODE_PACKAGE_MANAGER_ENGINE_PIN	F-4201	R-15F	e2e/package.json:1	E2E harness lacks canonical reproducible CI entrypoint, Node/package-manager pin, machine-readable evidence/coverage contract, exclusive Redis namespace/teardown and bounded boot/signal/timeout cleanup lifecycle.	E2E tests use pinned lockfile/runtime/package-manager, canonical CI command and machine-readable report/coverage contract; every run has exclusive namespace/resources, bounded boot/timeouts, reliable signal cleanup/teardown and cannot affect shared/runtime environments.	Release/Test Engineering + SRE	NONE_FOUND_AFTER_TARGETED_SEARCH	FINAL_MAPPED	Manual mapping; no tests, Redis, network or runtime environment was started.
CONFIRMED_ROOT_TEST_SAFETY_DEFECT_E2E_FIXED_LOCAL_REDIS_PORT_NO_EXCLUSIVE_NAMESPACE_TEARDOWN_GUARD	F-4203	R-15F	e2e/package.json:1	E2E harness lacks canonical reproducible CI entrypoint, Node/package-manager pin, machine-readable evidence/coverage contract, exclusive Redis namespace/teardown and bounded boot/signal/timeout cleanup lifecycle.	E2E tests use pinned lockfile/runtime/package-manager, canonical CI command and machine-readable report/coverage contract; every run has exclusive namespace/resources, bounded boot/timeouts, reliable signal cleanup/teardown and cannot affect shared/runtime environments.	Release/Test Engineering + SRE	NONE_FOUND_AFTER_TARGETED_SEARCH	FINAL_MAPPED	Manual mapping; no tests, Redis, network or runtime environment was started.
CONFIRMED_ROOT_TIMELINE_MODEL_IDENTITY_PHI_REPOSITORY_BOUNDARY_DEFECT_SCHEMA_IMPORT_REGISTRATION_MISMATCH_GENERIC_WRAPPER	F-250	R-21R	src/modules/timeline/timeline.module.ts:5–25,27–44 ; src/modules/timeline/repositories/appointment.repository.ts:1–13	Timeline module registers AppointmentSchema but AppointmentRepository imports Appointment from a different extra schema and uses a generic model wrapper, creating an unverified identity/schema/repository binding for timeline data.	A patient timeline uses one owner-scoped, typed aggregate projection with registered schemas/repositories and finite validated filter/date/pagination/order inputs. Invalid or conflicting values fail explicitly; unknown source rows, identity/PHI authorization, freshness and partial-source errors are represented truthfully. Feed construction cannot be inferred from parsed query strings or a generic repository wrapper.	Timeline/Clinical Data + API Platform + Privacy/Security	NONE_FOUND_AFTER_TARGETED_SEARCH	FINAL_MAPPED	New narrow timeline-feed subroot. Derived F-073 was reviewed as a clinical-document/PHI owner/audit label and deliberately retained outside this repository/input-contract aggregate. Frozen baseline source only; no timeline, medical document, patient data or runtime request was accessed.
CONFIRMED_ROOT_TRUSTED_COMPATIBLE_RESTORE_ARCHIVE_DEFECT	F-1880	R-15D	scripts/db-backup-restore.sh:43–50	Backup/restore tooling lacks target safety, protected content-addressed retention/provenance, restore authorization/archive compatibility, verification/recovery and access audit lifecycle.	Backups are encrypted protected artifacts with provenance/retention and access audit; restore is separately authorized, target-bound, compatibility/integrity-verified, rehearsed in isolation and produces recovery evidence.	SRE + Data Protection	F-1876,F-1877,F-1881,F-1883,F-1884,F-1885,F-1887	FINAL_MAPPED	Manual mapping; no backup, restore or destructive operation was performed.
CONFIRMED_ROOT_TRUTH_OBSERVABILITY_DEFECT_ADMIN_HEATMAP_DB_FAILURE_SWALLOWED_SOURCE_LIVE_FALSE_STATUS	F-399	R-21E	src/modules/admin-web-core/controllers/analytics.controller.ts:40–59	Administrative heatmap exposes sensitive emergency/home demand without k-anonymity/suppression/audit, suppresses source failures, permits unbounded coordinate load and lacks range/precision/taxonomy contracts.	Location analytics use minimum aggregated k-anonymous/suppressed data with purpose-scoped audit, bounded server-side aggregation/query budgets, validated spatial range/precision and canonical source taxonomy; source failure is explicit rather than represented as live/empty truth.	Analytics/Data Platform + Privacy	NONE_FOUND_AFTER_TARGETED_SEARCH	FINAL_MAPPED	Manual mapping; no heatmap, location, database or runtime data was accessed.
CONFIRMED_ROOT_TRUTH_RELIABILITY_DEFECT_PRESENCE_REDIS_OUTAGE_REPORTED_AS_OFFLINE_ZERO	F-334	R-18D	src/modules/presence/presence.service.ts:56–81	Presence service has non-atomic multi-device disconnect transitions, discloses online/last-seen/device count without relationship/purpose policy, permits unbounded arbitrary bulk lookups and reports Redis outage as offline/zero truth.	Presence uses atomic device/session lifecycle, explicit relationship/purpose/consent minimum projection, bounded scoped bulk access and an explicit unavailable/degraded state when Redis cannot establish authoritative presence; it never fabricates offline/zero.	Realtime Platform + Privacy + Reliability	NONE_FOUND_AFTER_TARGETED_SEARCH	FINAL_MAPPED	Manual mapping; Redis/presence runtime behavior remains an external verification gate and no user presence data was accessed.
CONFIRMED_ROOT_TYPED_SEO_IDENTITY_DEFECT_HOME_CARE_RESOLVER_CROSS_TYPE_LABSERVICES_FALLBACK_RETURNS_FALSE_HOME_CARE_TARGET	F-560	R-12C	src/modules/articles/seo.controller.ts:32–36	SEO/public catalog routes lack typed canonical identity, public DTO/indexability/publication gates, truthful commercial metadata, safe XML and durable catalog-publication projection semantics.	SEO/publication emits only type-allowlisted canonical entities with collision-safe identity, verified publication/indexability lifecycle, minimum public fields, truthful price/availability/LLM metadata, escaped XML and durable reconciled projection updates.	SEO/Public Discovery + Catalog Governance	F-2548,F-3773	FINAL_MAPPED	Manual mapping; IndexNow transport/release, clinical medicine recommendation and cache/runtime gates remain separate dependencies.
CONFIRMED_ROOT_UNGUARDED_CLINICAL_PROVIDER_ENGINE_DEFECT_RAW_DOCTOR_APPOINTMENT_PATIENT_PRICING_INSURANCE_ENCOUNTER_UPSERT_FINALIZE	F-550	R-02A	src/modules/care/doctor-integration.controller.ts:7–55	Provider doctor-engine endpoints have no controller guard/role/entity/purpose boundary and accept raw doctor, appointment, patient, pricing, network, media, diagnosis, medication and insurance fields for profile upsert/encounter finalization; the one appointment duplicate check does not establish authoritative relationships or downstream transaction state.	Provider clinical/profile commands require verified provider role, facility and resource relationship, purpose/step-up where needed, typed bounded DTOs, canonical appointment/patient/price/insurance references, valid-state CAS/idempotency and immutable actor/reason/audit. Client payload never supplies clinical, coverage, price or encounter truth.	Provider Authorization + Care/Clinical Platform + Insurance/Pricing + Security	F-564	FINAL_MAPPED	Manual mapping from frozen baseline source and the targeted derived graph. Each row was assigned to a narrow aggregate/subroot; no product source was changed. No production/user/clinical/financial data, endpoint, integration, Sentry, PSP, Redis, database or runtime service was accessed.
CONFIRMED_ROOT_USER_ADDRESS_CRUD_ATOMICITY_VALIDATION_IDEMPOTENCY_DEFAULT_INVARIANT_DEFECT_RAW_BODY_WHOLE_ARRAY_MISSING_ROW_TRUTH	F-172	R-13A	src/modules/users/users.addresses.controller.ts:11–57	Patient privacy/security settings, addresses, deletion and export flows lack a unified typed, versioned, idempotent lifecycle with default invariants, associated-data retention/hold, purpose scope and auditable delivery.	Patient data commands use validated field-level typed changes, reauthentication/version/idempotency as needed, authoritative address/default invariants, full associated-data retention/deletion/legal-hold manifests and scoped cancellable audited exports.	Patient Data Rights + Identity/Privacy	F-030,F-276	FINAL_MAPPED	Manual mapping; payment instrument, family consent, clinical records and release backups remain separate roots.
CONFIRMED_ROOT_USER_CLINICAL_TRUTH_DEFECT_AI_PROVIDER_PARSER_FAILURE_UNKNOWN_EMPTY_OUTPUT_INSTEAD_TYPED_UNAVAILABLE_PROVENANCE	F-225	R-17A	src/modules/ai/ai.service.ts:139–149,207–216,260–277,293–325	AI feature processing lacks explicit subject/owner/purpose authorization, consented/redacted external-data policy, provider feature/class/residency safety equivalence and truthful typed unavailable/provenance outcome.	AI use is a policy-authorized purpose-bound operation with data minimization/redaction/consent/retention/residency controls; provider selection/fallback is feature/class/safety governed and results carry typed availability and provenance rather than fabricated empty success.	AI Platform + Clinical Privacy + Security	NONE_FOUND_AFTER_TARGETED_SEARCH	FINAL_MAPPED	Manual mapping; AI quota ledger is R-05E and provider secret storage/rotation is a security/configuration root.
CONFIRMED_ROOT_USER_COMMERCE_TRUTH_DEFECT_PROCUREMENT_QUOTE_RESPONSE_CLAIMS_INVOICE_HANDOFF_PAYMENT_READINESS_NOT_PERFORMED	F-367	R-21O	src/modules/admin-web-core/controllers/admin-extended-operations.controller.ts:40–42	Administrative procurement quotes trust client items/prices/totals, overwrite state without CAS/maker-checker/audit, claim invoice/payment readiness without authoritative handoff and expose unbounded pending list.	Procurement quotes derive catalog/tax/currency/quantity/version from canonical commercial sources; state changes use CAS/idempotency/maker-checker/actor audit; invoice/payment readiness is truthful authoritative handoff state, and pending views are bounded/minimum/audited.	Procurement/Commercial Operations + Finance	NONE_FOUND_AFTER_TARGETED_SEARCH	FINAL_MAPPED	Manual mapping; no procurement quote, invoice, payment, list or runtime operation was accessed.
CONFIRMED_ROOT_USER_SECURITY_TRUTH_DEFECT_MAIL_OTP_TEMPLATE_TEN_MINUTES_AUTH_TTL_FIVE_MINUTES_DRIFT	F-465	R-01A	src/modules/mail/mail.module.ts:95–106	OTP identity success is not bound to a verified usable delivery channel and canonical one-time challenge lifecycle.	An identity assertion may succeed only after server-verified challenge issuance, normalized destination, usable delivery/correlation, one-time verification, expiry, rate/lockout and audit.	Identity/Auth + SMS/Mail	F-455,F-1119,F-1125,F-2524,F-2525	FINAL_MAPPED	Manual mapping; TTL agreement required.
CONFIRMED_ROOT_USER_TRUTH_DEFECT_ADMIN_SLA_PUT_RAW_BODY_NO_PERSISTENCE_RETURNS_SUCCESS	F-393	R-22D	src/modules/admin-web-core/controllers/admin-config.controller.ts:19–27	Admin SLA configuration is hard-coded/noncanonical, reports raw-body success without durable persistence, lacks typed range/unit/cross-field validation and lacks version/CAS/idempotency/audit/outbox/maker-checker governance.	SLA configuration is a canonical typed persisted system-config contract with range/unit/cross-field compatibility validation; commands apply versioned CAS/idempotency, maker-checker/actor/reason immutable audit and durable change event, and never report success without confirmed persistence.	Security Configuration + Admin Governance	NONE_FOUND_AFTER_TARGETED_SEARCH	FINAL_MAPPED	Manual mapping; no SLA/config value, admin API or runtime operation was accessed.
CONFIRMED_ROOT_USER_TRUTH_DEFECT_MEDICINES_REQUESTED_LOCALE_HIDDEN_ENGLISH_FALLBACK	F-1054	R-06A1	src/modules/medicines/med-i18n.ts:156–179	Requested non-Arabic locale can silently fall back to English heuristic output without explicit resolved-locale/fallback/provenance disclosure.	Medication catalog localization is sourced from approved versioned per-locale clinical/commercial catalog fields and coded vocabulary. Dosage form, strength, units and category facts are never heuristic translation truth. The resolved locale/fallback and translation provenance are explicit in a stable DTO; unsupported locales are rejected or negotiated by policy. Publication completeness is a separate product decision.	Medication Catalog Governance + Clinical Safety + Localization	F-1055	FINAL_MAPPED	Manual mapping from frozen backend archive. F-1049/F-1052 remain rejected false positives; F-1050 and F-1057 publication/parity matters remain separated as classified. No catalog, medicine, translation, client or runtime operation was accessed.
CONFIRMED_ROOT_USER_TRUTH_DEFECT_NUTRITION_CLIENT_ENTERED_MACROS_EXERCISE_TOTALS_NO_SELF_REPORTED_PROVENANCE_LABEL	F-433	R-07C	src/modules/nutrition/nutrition.service.ts:114–130,167–177,204–219	Nutrition profile/log commands lack idempotency/replay/audit, expose broad allergy/restriction/measurement data and unbounded history, use inefficient unbounded daily reads and present user-entered macro/exercise values without self-reported provenance.	Nutrition data uses authorized typed idempotent profile/log commands with audit; data is minimum purpose-scoped projection, history is time-zone declared and bounded, summaries use bounded aggregate computation, and user-entered nutrition/exercise values are explicitly self-reported rather than clinical truth.	Patient Health Profile + Privacy	NONE_FOUND_AFTER_TARGETED_SEARCH	FINAL_MAPPED	Manual mapping; no nutrition, allergy, restriction, measurement or health data was accessed.
CONFIRMED_ROOT_USER_TRUTH_DEFECT_SUPPORT_FEEDBACK_SUCCESS_WITHOUT_PERSISTENCE_DISPATCH_TRACEABLE_UNAVAILABLE	F-191	R-13E	src/modules/support/support.service.ts:99–102	Feedback endpoint reports success without persistence, dispatch, traceable unavailable outcome or privacy-classified durable command.	Support intake uses a canonical typed owner identity and single route/DTO contract; tickets, replies, settings and feedback are bounded classified commands with idempotency, retention/purpose/audit and truthful persisted outcome.	Support Platform + Privacy	NONE_FOUND_AFTER_TARGETED_SEARCH	FINAL_MAPPED	Manual mapping from frozen backend archive. F-188 safe attachment lifecycle remains R-07B2 and F-192 settings/input privacy remains R-13E. No ticket, attachment, settings, feedback, push token or runtime operation was accessed.
CONFIRMED_ROOT_USER_TRUTH_DEFECT_TIMELINE_UNKNOWN_DOMAIN_STATUS_DEFAULTS_ACTIVE	F-248	R-21C	src/modules/timeline/timeline.service.ts:32–78,123–133,264–274	Patient timeline fans out unbounded per-kind raw reads/reminders, defaults unknown domain status to active and merges independent models without snapshot/materialized-event provenance.	Timeline is a minimum purpose-scoped read model with bounded canonical query/order/cursor, explicit unknown/unavailable status, and a versioned snapshot/materialized-event contract with source/freshness/partial evidence; it never becomes domain truth.	Operational Read Models + Privacy	NONE_FOUND_AFTER_TARGETED_SEARCH	FINAL_MAPPED	Manual mapping; booking/finance/clinical source aggregates remain authoritative and no timeline or patient data was accessed.
CONFIRMED_ROOT_USER_TRUTH_DEFECT_TOUR_UPDATE_RESULT_IGNORED_ALWAYS_RETURNS_OK	F-572	R-21Q	src/modules/tour/tour.service.ts:16–21	Tour service ignores the update result and always returns ok, so a missing/nonmatching user or failed zero-modification update is represented as completed progress.	Product-tour progress is a server-authoritative, versioned onboarding state. The service accepts only catalogued step identifiers for the active tour version, reports the actual owner-scoped write outcome, and supports explicit reset/migration/expiry semantics on version change. Client or caller-provided step values and an unconditional success response cannot establish completed onboarding or feature entitlement.	Product Onboarding + User Domain + Patient Mobile/Web	NONE_FOUND_AFTER_TARGETED_SEARCH	FINAL_MAPPED	New narrow tour-progress state subroot from frozen backend module/service/controller review. Targeted derived search found no matching derived candidates. No user record, tour progress, migration, endpoint or runtime operation was accessed.
CONFIRMED_ROOT_USER_TRUTH_DEFECT_USERS_INSURANCE_SUCCESS_RESPONSE_NOT_PERSISTED_DUE_PROFILE_WHITELIST_EXCLUSION	F-173	R-04A1	src/modules/users/users.insurance.controller.ts:56–80 ; src/modules/users/users.service.ts:138–157	Insurance policy, coverage verification and provider decision evidence have incompatible/non-persisted shapes or trust client/flag/snapshot state rather than a canonical versioned claim decision.	Insurance request is owner/policy/service scoped; provider records a verifiable full/partial/reject decision with evidence/version/expiry/currency/co-pay. Only after that decision may co-pay payment and booking confirmation occur; rejection offers cash/cancel, never auto-cash.	Insurance + Care/Booking + Provider Operations	F-078,F-1280	FINAL_MAPPED	Manual mapping; R-05A1 settlement dependency follows an authoritative decision.
CONFIRMED_ROOT_WAITLIST_TRUTH_DEFECT_CARE_VOLATILE_EVENT_SUCCESS_NO_DURABLE_INTENT_CAPACITY_CONSENT_DELIVERY_OUTCOME	F-546	R-09A	src/modules/care/appointments.service.ts:430–443	Appointment waitlist join emits an in-process event and returns success without persisting an owner-scoped waitlist intent, capacity/consent state, idempotency key, delivery record or reconciliation lifecycle.	A waitlist request is a durable owner-scoped command with date/provider/capacity/consent validation, idempotency and auditable pending/removed/offer/delivery outcomes. Event emission is downstream of committed intent and cannot itself prove patient enrollment, availability or notification delivery.	Booking/Care + Event Platform + Notifications	NONE_FOUND_AFTER_TARGETED_SEARCH	FINAL_MAPPED	Manual mapping from frozen backend baseline. Targeted derived search found no directly matching DERIVED_DUPLICATE labels. No clinical data, device, home-care catalog, seed execution, waitlist record, notification, event broker or runtime operation was accessed.
CONFIRMED_ROOT_WEBHOOK_SECURITY_CONFIG_DEFECT_NONPROD_MISSING_SECRET_ACCEPTS_TRUSTED_PAYMENT_SMS_EVENT_NOT_FAIL_CLOSED_EXPOSED_DEPLOYMENT	F-193	R-22B	src/modules/webhooks/webhooks.service.ts:30–63,107–117	Webhook acceptance can accept missing/non-production secret configuration or reconstructed JSON instead of exact signed provider bytes.	Every webhook is fail-closed on required configuration and verifies provider signature over exact raw bytes before typed envelope/idempotency processing; logs are redacted and invalid/replayed events are rejected/audited.	Security Platform + Integrations	F-196,F-197	FINAL_MAPPED	Manual mapping; payment/co-pay financial transition remains R-05/R-04 and LiveKit webhook controls remain R-18C.
CONFIRMED_ROOT_WEBHOOK_SIGNATURE_DEFECT_RECONSTRUCTED_JSON_FALLBACK_NOT_REQUIRED_EXACT_RAW_PROVIDER_BYTES	F-195	R-22B	src/modules/webhooks/webhooks.controller.ts:14–48	Webhook acceptance can accept missing/non-production secret configuration or reconstructed JSON instead of exact signed provider bytes.	Every webhook is fail-closed on required configuration and verifies provider signature over exact raw bytes before typed envelope/idempotency processing; logs are redacted and invalid/replayed events are rejected/audited.	Security Platform + Integrations	F-196,F-197	FINAL_MAPPED	Manual mapping; payment/co-pay financial transition remains R-05/R-04 and LiveKit webhook controls remain R-18C.
CONFIRMED_ROOT_WEBSOCKET_AUTHORIZATION_TRUTH_DEFECT_CHAT_SEND_CALL_SEEN_DIRECT_ROOM_EMIT_NO_SERVICE_PARTICIPANT_LIFECYCLE_PERSISTENCE_TRUSTS_CLIENT_STATE	F-309	R-18B	src/modules/chat/chat.gateway.ts:89–154	Chat/family/appointment communication trusts client participant/sender state, permits arbitrary membership, lacks relationship/booking fail-closed checks, durable message/unread/replay lifecycle and bounded safe content/media policy.	Chat members are server-verified against active family/booking/appointment relationships and invitation/owner policy; commands are typed, idempotent and durable with participant/state audit, minimum PHI projection/retention, bounded media/content controls and authoritative closure/read lifecycle.	Chat/Communication + Clinical Privacy	F-070,F-312,F-729,F-1493	FINAL_MAPPED	Manual mapping; notification templates/delivery and safe media storage are shared dependencies, not merged causes.
CONFIRMED_ROOT_WITHDRAWAL_FINANCIAL_STATE_MACHINE_SCHEMA_CONTROLLER_VALIDATION_RESERVATION_AUDIT_DEFECT	F-112	R-05B2	src/modules/admin-web-core/schemas/withdrawal-request.schema.ts:6–27 ; src/modules/admin-web-core/controllers/finance.controller.ts:71–147	Withdrawal/payout commands lack a coherent schema/state/reservation/idempotency boundary and cannot rely on controller success alone.	Provider payout/withdrawal requires verified owner/bank context, reserved immutable ledger amount, versioned approve/reject/settle/reverse transitions and actor/reason audit.	Finance/Payouts + Provider/Admin	F-733	FINAL_MAPPED	Manual mapping; do not merge with return request lifecycle.
CONFIRMED_ROOT_WORKFLOW_MUTATION_EVENT_DURABILITY_ATOMICITY_DEFECT	F-761	R-16C	src/modules/workflow-engine/workflow-engine.module.ts:226–277	Workflow-engine mutations and match orchestration lack atomic command/state/event persistence, concurrency/idempotency and durable outcome/reconciliation contract.	Workflow commands use typed authoritative aggregate transitions with version/CAS/idempotency, atomic state plus outbox/event persistence, durable match outcomes and reconciliation/audit for retries and failures.	Workflow Platform + Domain Owners	F-731,F-1277,F-1285	FINAL_MAPPED	Manual mapping; aggregate business policy and authorization remain with each workflow owner.
